g 0
v 0.0494911 0.00711574 -0.095
v 0.05 -6.12323e-18 -0.095
v 0.045 5.51091e-18 -0.1
v 0.0494911 -0.00711574 -0.095
v 0.0444974 -0.0067069 -0.1
v 0.0479746 -0.0140866 -0.095
v 0.0430008 -0.013264 -0.1
v 0.0454816 -0.0207708 -0.095
v 0.0405436 -0.0195248 -0.1
v 0.0420627 -0.027032 -0.095
v 0.0371807 -0.0253494 -0.1
v 0.0377875 -0.032743 -0.095
v 0.0329873 -0.0306078 -0.1
v 0.032743 -0.0377875 -0.095
v 0.028057 -0.0351824 -0.1
v 0.027032 -0.0420627 -0.095
v 0.0225 -0.0389711 -0.1
v 0.0207708 -0.0454816 -0.095
v 0.0164403 -0.0418893 -0.1
v 0.0140866 -0.0479746 -0.095
v 0.0100134 -0.0438718 -0.1
v 0.00711574 -0.0494911 -0.095
v 0.00336285 -0.0448742 -0.1
v -3.06162e-18 -0.05 -0.095
v -0.00336285 -0.0448742 -0.1
v -0.00711574 -0.0494911 -0.095
v -0.0100134 -0.0438718 -0.1
v -0.0140866 -0.0479746 -0.095
v -0.0164403 -0.0418893 -0.1
v -0.0207708 -0.0454816 -0.095
v -0.0225 -0.0389711 -0.1
v -0.027032 -0.0420627 -0.095
v -0.028057 -0.0351824 -0.1
v -0.032743 -0.0377875 -0.095
v -0.0329873 -0.0306078 -0.1
v -0.0377875 -0.032743 -0.095
v -0.0371807 -0.0253494 -0.1
v -0.0420627 -0.027032 -0.095
v -0.0405436 -0.0195248 -0.1
v -0.0454816 -0.0207708 -0.095
v -0.0430008 -0.013264 -0.1
v -0.0479746 -0.0140866 -0.095
v -0.0444974 -0.0067069 -0.1
v -0.0494911 -0.00711574 -0.095
v -0.045 0 -0.1
v -0.05 0 -0.095
v -0.0494911 0.00711574 -0.095
v -0.0444974 0.0067069 -0.1
v -0.0479746 0.0140866 -0.095
v -0.0430008 0.013264 -0.1
v -0.0454816 0.0207708 -0.095
v -0.0405436 0.0195248 -0.1
v -0.0420627 0.027032 -0.095
v -0.0371807 0.0253494 -0.1
v -0.0377875 0.032743 -0.095
v -0.0329873 0.0306078 -0.1
v -0.032743 0.0377875 -0.095
v -0.028057 0.0351824 -0.1
v -0.027032 0.0420627 -0.095
v -0.0225 0.0389711 -0.1
v -0.0207708 0.0454816 -0.095
v -0.0164403 0.0418893 -0.1
v -0.0140866 0.0479746 -0.095
v -0.0100134 0.0438718 -0.1
v -0.00711574 0.0494911 -0.095
v -0.00336285 0.0448742 -0.1
v -3.06162e-18 0.05 -0.095
v 0.00336285 0.0448742 -0.1
v 0.00711574 0.0494911 -0.095
v 0.0100134 0.0438718 -0.1
v 0.0140866 0.0479746 -0.095
v 0.0164403 0.0418893 -0.1
v 0.0207708 0.0454816 -0.095
v 0.0225 0.0389711 -0.1
v 0.027032 0.0420627 -0.095
v 0.028057 0.0351824 -0.1
v 0.032743 0.0377875 -0.095
v 0.0329873 0.0306078 -0.1
v 0.0377875 0.032743 -0.095
v 0.0371807 0.0253494 -0.1
v 0.0420627 0.027032 -0.095
v 0.0405436 0.0195248 -0.1
v 0.0454816 0.0207708 -0.095
v 0.0430008 0.013264 -0.1
v 0.0479746 0.0140866 -0.095
v 0.0444974 0.0067069 -0.1
v 0.0494911 0.00711574 -0.095
v 0.045 5.51091e-18 -0.1
v -0.0494911 0.00711574 -0.0748331
v -0.0494911 0.00711574 -0.095
v -0.05 -6.12323e-18 -0.0748331
v -0.05 0 -0.095
v -0.0494911 -0.00711574 -0.0748331
v -0.0494911 -0.00711574 -0.095
v -0.0479746 -0.0140866 -0.0748331
v -0.0479746 -0.0140866 -0.095
v -0.0454816 -0.0207708 -0.0748331
v -0.0454816 -0.0207708 -0.095
v -0.0420627 -0.027032 -0.0748331
v -0.0420627 -0.027032 -0.095
v -0.0377875 -0.032743 -0.0748331
v -0.0377875 -0.032743 -0.095
v -0.032743 -0.0377875 -0.0748331
v -0.032743 -0.0377875 -0.095
v -0.027032 -0.0420627 -0.0748331
v -0.027032 -0.0420627 -0.095
v -0.0207708 -0.0454816 -0.0748331
v -0.0207708 -0.0454816 -0.095
v -0.0140866 -0.0479746 -0.0748331
v -0.0140866 -0.0479746 -0.095
v -0.00711574 -0.0494911 -0.0748331
v -0.00711574 -0.0494911 -0.095
v 3.06162e-18 -0.05 -0.0748331
v -3.06162e-18 -0.05 -0.095
v 0.00711574 -0.0494911 -0.0748331
v 0.00711574 -0.0494911 -0.095
v 0.0140866 -0.0479746 -0.0748331
v 0.0140866 -0.0479746 -0.095
v 0.0207708 -0.0454816 -0.0748331
v 0.0207708 -0.0454816 -0.095
v 0.027032 -0.0420627 -0.0748331
v 0.027032 -0.0420627 -0.095
v 0.032743 -0.0377875 -0.0748331
v 0.032743 -0.0377875 -0.095
v 0.0377875 -0.032743 -0.0748331
v 0.0377875 -0.032743 -0.095
v 0.0420627 -0.027032 -0.0748331
v 0.0420627 -0.027032 -0.095
v 0.0454816 -0.0207708 -0.0748331
v 0.0454816 -0.0207708 -0.095
v 0.0479746 -0.0140866 -0.0748331
v 0.0479746 -0.0140866 -0.095
v 0.0494911 -0.00711574 -0.0748331
v 0.0494911 -0.00711574 -0.095
v 0.05 0 -0.0748331
v 0.05 -6.12323e-18 -0.095
v 0.0494911 0.00711574 -0.0748331
v 0.0494911 0.00711574 -0.095
v 0.0479746 0.0140866 -0.0748331
v 0.0479746 0.0140866 -0.095
v 0.0454816 0.0207708 -0.0748331
v 0.0454816 0.0207708 -0.095
v 0.0420627 0.027032 -0.0748331
v 0.0420627 0.027032 -0.095
v 0.0377875 0.032743 -0.0748331
v 0.0377875 0.032743 -0.095
v 0.032743 0.0377875 -0.0748331
v 0.032743 0.0377875 -0.095
v 0.027032 0.0420627 -0.0748331
v 0.027032 0.0420627 -0.095
v 0.0207708 0.0454816 -0.0748331
v 0.0207708 0.0454816 -0.095
v 0.0140866 0.0479746 -0.0748331
v 0.0140866 0.0479746 -0.095
v 0.00711574 0.0494911 -0.0748331
v 0.00711574 0.0494911 -0.095
v 3.06162e-18 0.05 -0.0748331
v -3.06162e-18 0.05 -0.095
v -0.00711574 0.0494911 -0.0748331
v -0.00711574 0.0494911 -0.095
v -0.0140866 0.0479746 -0.0748331
v -0.0140866 0.0479746 -0.095
v -0.0207708 0.0454816 -0.0748331
v -0.0207708 0.0454816 -0.095
v -0.027032 0.0420627 -0.0748331
v -0.027032 0.0420627 -0.095
v -0.032743 0.0377875 -0.0748331
v -0.032743 0.0377875 -0.095
v -0.0377875 0.032743 -0.0748331
v -0.0377875 0.032743 -0.095
v -0.0420627 0.027032 -0.0748331
v -0.0420627 0.027032 -0.095
v -0.0454816 0.0207708 -0.0748331
v -0.0454816 0.0207708 -0.095
v -0.0479746 0.0140866 -0.0748331
v -0.0479746 0.0140866 -0.095
v -0.0494911 0.00711574 -0.0748331
v -0.0494911 0.00711574 -0.095
v 0.0444974 -0.0067069 -0.1
v -0.0444974 -0.0067069 -0.1
v 0.045 5.51091e-18 -0.1
v -0.045 0 -0.1
v 0.0444974 0.0067069 -0.1
v -0.0444974 0.0067069 -0.1
v 0.0430008 0.013264 -0.1
v -0.0430008 0.013264 -0.1
v 0.0405436 0.0195248 -0.1
v -0.0405436 0.0195248 -0.1
v 0.0371807 0.0253494 -0.1
v -0.0371807 0.0253494 -0.1
v 0.0329873 0.0306078 -0.1
v -0.0329873 0.0306078 -0.1
v 0.028057 0.0351824 -0.1
v -0.028057 0.0351824 -0.1
v 0.0225 0.0389711 -0.1
v -0.0225 0.0389711 -0.1
v 0.0164403 0.0418893 -0.1
v -0.0164403 0.0418893 -0.1
v 0.0100134 0.0438718 -0.1
v -0.0100134 0.0438718 -0.1
v 0.00336285 0.0448742 -0.1
v -0.00336285 0.0448742 -0.1
v -0.0430008 -0.013264 -0.1
v 0.0430008 -0.013264 -0.1
v -0.0405436 -0.0195248 -0.1
v 0.0405436 -0.0195248 -0.1
v -0.0371807 -0.0253494 -0.1
v 0.0371807 -0.0253494 -0.1
v -0.0329873 -0.0306078 -0.1
v 0.0329873 -0.0306078 -0.1
v -0.028057 -0.0351824 -0.1
v 0.028057 -0.0351824 -0.1
v -0.0225 -0.0389711 -0.1
v 0.0225 -0.0389711 -0.1
v -0.0164403 -0.0418893 -0.1
v 0.0164403 -0.0418893 -0.1
v -0.0100134 -0.0438718 -0.1
v 0.0100134 -0.0438718 -0.1
v -0.00336285 -0.0448742 -0.1
v 0.00336285 -0.0448742 -0.1
v -0.0194986 -0.1 0.00445042
v -0.0194986 -0.0877496 0.00445042
v -0.02 -0.1 0
v -0.02 -0.0877496 0
v -0.0194986 -0.1 -0.00445042
v -0.0194986 -0.0877496 -0.00445042
v -0.0180194 -0.1 -0.00867767
v -0.0180194 -0.0877496 -0.00867767
v -0.0156366 -0.1 -0.0124698
v -0.0156366 -0.0877496 -0.0124698
v -0.0124698 -0.1 -0.0156366
v -0.0124698 -0.0877496 -0.0156366
v -0.00867767 -0.1 -0.0180194
v -0.00867767 -0.0877496 -0.0180194
v -0.00445042 -0.1 -0.0194986
v -0.00445042 -0.0877496 -0.0194986
v 3.67394e-18 -0.1 -0.02
v -1.22465e-18 -0.0877496 -0.02
v 0.00445042 -0.1 -0.0194986
v 0.00445042 -0.0877496 -0.0194986
v 0.00867767 -0.1 -0.0180194
v 0.00867767 -0.0877496 -0.0180194
v 0.0124698 -0.1 -0.0156366
v 0.0124698 -0.0877496 -0.0156366
v 0.0156366 -0.1 -0.0124698
v 0.0156366 -0.0877496 -0.0124698
v 0.0180194 -0.1 -0.00867767
v 0.0180194 -0.0877496 -0.00867767
v 0.0194986 -0.1 -0.00445042
v 0.0194986 -0.0877496 -0.00445042
v 0.02 -0.1 2.44929e-18
v 0.02 -0.0877496 -2.44929e-18
v 0.0194986 -0.1 0.00445042
v 0.0194986 -0.0877496 0.00445042
v 0.0180194 -0.1 0.00867767
v 0.0180194 -0.0877496 0.00867767
v 0.0156366 -0.1 0.0124698
v 0.0156366 -0.0877496 0.0124698
v 0.0124698 -0.1 0.0156366
v 0.0124698 -0.0877496 0.0156366
v 0.00867767 -0.1 0.0180194
v 0.00867767 -0.0877496 0.0180194
v 0.00445042 -0.1 0.0194986
v 0.00445042 -0.0877496 0.0194986
v -1.22465e-18 -0.1 0.02
v -1.22465e-18 -0.0877496 0.02
v -0.00445042 -0.1 0.0194986
v -0.00445042 -0.0877496 0.0194986
v -0.00867767 -0.1 0.0180194
v -0.00867767 -0.0877496 0.0180194
v -0.0124698 -0.1 0.0156366
v -0.0124698 -0.0877496 0.0156366
v -0.0156366 -0.1 0.0124698
v -0.0156366 -0.0877496 0.0124698
v -0.0180194 -0.1 0.00867767
v -0.0180194 -0.0877496 0.00867767
v -0.0194986 -0.1 0.00445042
v -0.0194986 -0.0877496 0.00445042
v -0.0194986 0.1 -0.00445042
v -0.0194986 0.0877496 -0.00445042
v -0.02 0.1 0
v -0.02 0.0877496 0
v -0.0194986 0.1 0.00445042
v -0.0194986 0.0877496 0.00445042
v -0.0180194 0.1 0.00867767
v -0.0180194 0.0877496 0.00867767
v -0.0156366 0.1 0.0124698
v -0.0156366 0.0877496 0.0124698
v -0.0124698 0.1 0.0156366
v -0.0124698 0.0877496 0.0156366
v -0.00867767 0.1 0.0180194
v -0.00867767 0.0877496 0.0180194
v -0.00445042 0.1 0.0194986
v -0.00445042 0.0877496 0.0194986
v -1.22465e-18 0.1 0.02
v -1.22465e-18 0.0877496 0.02
v 0.00445042 0.1 0.0194986
v 0.00445042 0.0877496 0.0194986
v 0.00867767 0.1 0.0180194
v 0.00867767 0.0877496 0.0180194
v 0.0124698 0.1 0.0156366
v 0.0124698 0.0877496 0.0156366
v 0.0156366 0.1 0.0124698
v 0.0156366 0.0877496 0.0124698
v 0.0180194 0.1 0.00867767
v 0.0180194 0.0877496 0.00867767
v 0.0194986 0.1 0.00445042
v 0.0194986 0.0877496 0.00445042
v 0.02 0.1 2.44929e-18
v 0.02 0.0877496 2.44929e-18
v 0.0194986 0.1 -0.00445042
v 0.0194986 0.0877496 -0.00445042
v 0.0180194 0.1 -0.00867767
v 0.0180194 0.0877496 -0.00867767
v 0.0156366 0.1 -0.0124698
v 0.0156366 0.0877496 -0.0124698
v 0.0124698 0.1 -0.0156366
v 0.0124698 0.0877496 -0.0156366
v 0.00867767 0.1 -0.0180194
v 0.00867767 0.0877496 -0.0180194
v 0.00445042 0.1 -0.0194986
v 0.00445042 0.0877496 -0.0194986
v 3.67394e-18 0.1 -0.02
v -1.22465e-18 0.0877496 -0.02
v -0.00445042 0.1 -0.0194986
v -0.00445042 0.0877496 -0.0194986
v -0.00867767 0.1 -0.0180194
v -0.00867767 0.0877496 -0.0180194
v -0.0124698 0.1 -0.0156366
v -0.0124698 0.0877496 -0.0156366
v -0.0156366 0.1 -0.0124698
v -0.0156366 0.0877496 -0.0124698
v -0.0180194 0.1 -0.00867767
v -0.0180194 0.0877496 -0.00867767
v -0.0194986 0.1 -0.00445042
v -0.0194986 0.0877496 -0.00445042
v -0.02 -0.1 0
v -0.0194986 -0.1 -0.00445042
v -0.0194986 -0.1 0.00445042
v -0.0180194 -0.1 0.00867767
v -0.0180194 -0.1 -0.00867767
v -0.0156366 -0.1 0.0124698
v -0.0156366 -0.1 -0.0124698
v -0.0124698 -0.1 0.0156366
v -0.0124698 -0.1 -0.0156366
v -0.00867767 -0.1 0.0180194
v -0.00867767 -0.1 -0.0180194
v -0.00445042 -0.1 0.0194986
v -0.00445042 -0.1 -0.0194986
v -1.22465e-18 -0.1 0.02
v 3.67394e-18 -0.1 -0.02
v 0.00445042 -0.1 0.0194986
v 0.00445042 -0.1 -0.0194986
v 0.00867767 -0.1 0.0180194
v 0.00867767 -0.1 -0.0180194
v 0.0124698 -0.1 0.0156366
v 0.0124698 -0.1 -0.0156366
v 0.0156366 -0.1 0.0124698
v 0.0156366 -0.1 -0.0124698
v 0.0180194 -0.1 0.00867767
v 0.0180194 -0.1 -0.00867767
v 0.0194986 -0.1 0.00445042
v 0.0194986 -0.1 -0.00445042
v 0.02 -0.1 2.44929e-18
v -0.02 0.1 0
v -0.0194986 0.1 0.00445042
v -0.0194986 0.1 -0.00445042
v -0.0180194 0.1 -0.00867767
v -0.0180194 0.1 0.00867767
v -0.0156366 0.1 -0.0124698
v -0.0156366 0.1 0.0124698
v -0.0124698 0.1 -0.0156366
v -0.0124698 0.1 0.0156366
v -0.00867767 0.1 -0.0180194
v -0.00867767 0.1 0.0180194
v -0.00445042 0.1 -0.0194986
v -0.00445042 0.1 0.0194986
v 3.67394e-18 0.1 -0.02
v -1.22465e-18 0.1 0.02
v 0.00445042 0.1 -0.0194986
v 0.00445042 0.1 0.0194986
v 0.00867767 0.1 -0.0180194
v 0.00867767 0.1 0.0180194
v 0.0124698 0.1 -0.0156366
v 0.0124698 0.1 0.0156366
v 0.0156366 0.1 -0.0124698
v 0.0156366 0.1 0.0124698
v 0.0180194 0.1 -0.00867767
v 0.0180194 0.1 0.00867767
v 0.0194986 0.1 -0.00445042
v 0.0194986 0.1 0.00445042
v 0.02 0.1 2.44929e-18
v -0.0494911 -0.00711574 -0.0748331
v -0.0541464 -0.00588878 -0.0716484
v -0.05 -6.12323e-18 -0.0748331
v -0.0544657 6.67012e-18 -0.0716484
v -0.0541464 0.00588878 -0.0716484
v -0.061893 7.5797e-18 -0.0653396
v -0.0615301 0.00669181 -0.0653396
v -0.0685946 8.40041e-18 -0.0582648
v -0.0681925 0.00741638 -0.0582648
v -0.074492 9.12264e-18 -0.0505068
v -0.0740553 0.008054 -0.0505068
v -0.0795161 9.73791e-18 -0.0421568
v -0.07905 0.0085972 -0.0421568
v -0.0836079 1.0239e-17 -0.0333124
v -0.0831178 0.00903961 -0.0333124
v -0.0867195 1.06201e-17 -0.0240775
v -0.0862111 0.00937603 -0.0240775
v -0.0888144 1.08766e-17 -0.0145604
v -0.0882938 0.00960252 -0.0145604
v -0.089868 1.10057e-17 -0.0048725
v -0.0893412 0.00971644 -0.0048725
v -0.089868 1.10057e-17 0.0048725
v -0.0893412 0.00971644 0.0048725
v -0.0888144 1.08766e-17 0.0145604
v -0.0882938 0.00960252 0.0145604
v -0.0867195 1.06201e-17 0.0240775
v -0.0862111 0.00937603 0.0240775
v -0.0836079 1.0239e-17 0.0333124
v -0.0831178 0.00903961 0.0333124
v -0.0795161 9.73791e-18 0.0421568
v -0.07905 0.0085972 0.0421568
v -0.074492 9.12264e-18 0.0505068
v -0.0740553 0.008054 0.0505068
v -0.0685946 8.40041e-18 0.0582648
v -0.0681925 0.00741638 0.0582648
v -0.061893 7.5797e-18 0.0653396
v -0.0615301 0.00669181 0.0653396
v -0.0544657 6.67012e-18 0.0716484
v -0.0541464 0.00588878 0.0716484
v -0.0463998 5.68234e-18 0.0771171
v -0.0461278 0.00501671 0.0771171
v -0.03779 4.62794e-18 0.0816818
v -0.0375685 0.00408582 0.0816818
v -0.0287371 3.51928e-18 0.0852888
v -0.0285687 0.00310703 0.0852888
v -0.0193473 2.36937e-18 0.0878958
v -0.0192339 0.00209182 0.0878958
v -0.00973071 1.19167e-18 0.0894724
v -0.00967367 0.00105207 0.0894724
v -5.51091e-18 6.74892e-34 0.09
v -0.0541464 -0.00588878 -0.0716484
v -0.0494911 -0.00711574 -0.0748331
v -0.0531923 -0.0117085 -0.0716484
v -0.0479746 -0.0140866 -0.0748331
v -0.0516146 -0.017391 -0.0716484
v -0.0454816 -0.0207708 -0.0748331
v -0.0494317 -0.0228695 -0.0716484
v -0.0466693 -0.02808 -0.0716484
v -0.0530334 -0.0319091 -0.0653396
v -0.0492725 -0.037456 -0.0653396
v -0.0546077 -0.0415117 -0.0582648
v -0.0497994 -0.0471725 -0.0582648
v -0.0540809 -0.0512281 -0.0505068
v -0.0482251 -0.056775 -0.0505068
v -0.0514776 -0.0606041 -0.0421568
v -0.0446234 -0.0658146 -0.0421568
v -0.0469197 -0.0692013 -0.0333124
v -0.0391626 -0.0738686 -0.0333124
v -0.0406201 -0.0766177 -0.0240775
v -0.0320982 -0.0805604 -0.0240775
v -0.0328736 -0.0825065 -0.0145604
v -0.0237604 -0.0855771 -0.0145604
v -0.0240422 -0.0865923 -0.0048725
v -0.0180194 -0.0877496 -0.00867767
v -0.0201965 -0.0875692 -0.0048725
v -0.0194986 -0.0877496 -0.00445042
v -0.02 -0.0877496 0
v -0.0420627 -0.027032 -0.0748331
v -0.0433597 -0.0329612 -0.0716484
v -0.044934 -0.0425637 -0.0653396
v -0.0444072 -0.0522802 -0.0582648
v -0.041804 -0.0616562 -0.0505068
v -0.037246 -0.0702534 -0.0421568
v -0.0309465 -0.0776698 -0.0333124
v -0.0231999 -0.0835586 -0.0240775
v -0.0203594 -0.0842957 -0.0240775
v -0.0204057 -0.0864384 -0.0145604
v -0.0140297 -0.0855771 -0.0240775
v -0.0143686 -0.0876444 -0.0145604
v -0.0124698 -0.0877496 -0.0156366
v -0.0156366 -0.0877496 -0.0124698
v -0.0377875 -0.032743 -0.0748331
v -0.0395418 -0.037456 -0.0716484
v -0.0400686 -0.0471725 -0.0653396
v -0.0384944 -0.056775 -0.0582648
v -0.0348927 -0.0658146 -0.0505068
v -0.0294319 -0.0738686 -0.0421568
v -0.0223675 -0.0805604 -0.0333124
v -0.0200477 -0.0811688 -0.0333124
v -0.0135263 -0.0825065 -0.0333124
v -0.0046949 -0.0865923 -0.0240775
v -0.00867767 -0.0877496 -0.0180194
v -0.00445042 -0.0877496 -0.0194986
v -1.22465e-18 -0.0877496 -0.02
v 0.0046949 -0.0865923 -0.0240775
v 0.00445042 -0.0877496 -0.0194986
v 0.00867767 -0.0877496 -0.0180194
v 0.0140297 -0.0855771 -0.0240775
v 0.0124698 -0.0877496 -0.0156366
v 0.0143686 -0.0876444 -0.0145604
v 0.0156366 -0.0877496 -0.0124698
v 0.0180194 -0.0877496 -0.00867767
v 0.0237604 -0.0855771 -0.0145604
v 0.0240422 -0.0865923 -0.0048725
v 0.0332636 -0.0834853 -0.0048725
v 0.0332636 -0.0834853 0.0048725
v 0.0420949 -0.0793995 0.0048725
v 0.0416014 -0.0784686 0.0145604
v 0.0498415 -0.0735107 0.0145604
v 0.0486659 -0.0717768 0.0240775
v 0.056141 -0.0660943 0.0240775
v 0.0541266 -0.0637228 0.0333124
v 0.060699 -0.0574971 0.0333124
v 0.0577283 -0.0546832 0.0421568
v 0.0633022 -0.0481211 0.0421568
v 0.0593026 -0.0450806 0.0505068
v 0.063829 -0.0384046 0.0505068
v 0.0587758 -0.0353642 0.0582648
v 0.0622548 -0.0288021 0.0582648
v 0.0561725 -0.0259882 0.0653396
v 0.0586531 -0.0197625 0.0653396
v 0.0516146 -0.017391 0.0716484
v 0.0531923 -0.0117085 0.0716484
v 0.045315 -0.0099746 0.0771171
v 0.0461278 -0.00501671 0.0771171
v 0.0375685 -0.00408582 0.0816818
v 0.03779 0 0.0816818
v 0.0287371 0 0.0852888
v 0.0285687 0.00310703 0.0852888
v 0.0192339 0.00209182 0.0878958
v 0.018895 0.00415911 0.0878958
v 0.00950321 0.00209182 0.0894724
v 0.00922134 0.00310703 0.0894724
v -5.51091e-18 6.74892e-34 0.09
v -0.0377875 -0.032743 -0.0748331
v -0.032743 -0.0377875 -0.0748331
v -0.0395418 -0.037456 -0.0716484
v -0.0352603 -0.0415117 -0.0716484
v -0.0400686 -0.0471725 -0.0653396
v -0.0347335 -0.0512281 -0.0653396
v -0.0384944 -0.056775 -0.0582648
v -0.0321303 -0.0606041 -0.0582648
v -0.0348927 -0.0658146 -0.0505068
v -0.0275723 -0.0692013 -0.0505068
v -0.0294319 -0.0738686 -0.0421568
v -0.0212728 -0.0766177 -0.0421568
v -0.0223675 -0.0805604 -0.0333124
v -0.0194644 -0.077097 -0.0421568
v -0.0200477 -0.0811688 -0.0333124
v -0.0128643 -0.0784686 -0.0421568
v -0.0135263 -0.0825065 -0.0333124
v -0.00452644 -0.0834853 -0.0333124
v -0.0046949 -0.0865923 -0.0240775
v 0.0046949 -0.0865923 -0.0240775
v -0.0305654 -0.0450806 -0.0716484
v -0.027032 -0.0420627 -0.0748331
v -0.0255122 -0.0481211 -0.0716484
v -0.0207708 -0.0454816 -0.0748331
v -0.0201598 -0.0505973 -0.0716484
v -0.0140866 -0.0479746 -0.0748331
v -0.0145711 -0.0524804 -0.0716484
v -0.0144188 -0.0525225 -0.0716484
v -0.0165581 -0.059637 -0.0653396
v -0.016077 -0.0597684 -0.0653396
v -0.018351 -0.0660943 -0.0582648
v -0.017476 -0.066331 -0.0582648
v -0.0199287 -0.0717768 -0.0505068
v -0.0186068 -0.0721308 -0.0505068
v -0.00881157 -0.0537482 -0.0716484
v -0.00711574 -0.0494911 -0.0748331
v -0.00294871 -0.0543858 -0.0716484
v 3.06162e-18 -0.05 -0.0748331
v 0.00294871 -0.0543858 -0.0716484
v 0.00711574 -0.0494911 -0.0748331
v 0.00881157 -0.0537482 -0.0716484
v 0.0140866 -0.0479746 -0.0748331
v 0.0145711 -0.0524804 -0.0716484
v 0.0201598 -0.0505973 -0.0716484
v 0.0229089 -0.0574971 -0.0653396
v 0.0289912 -0.0546832 -0.0653396
v 0.0321303 -0.0606041 -0.0582648
v 0.0384944 -0.056775 -0.0582648
v 0.041804 -0.0616562 -0.0505068
v 0.0482251 -0.056775 -0.0505068
v 0.0514776 -0.0606041 -0.0421568
v 0.0577283 -0.0546832 -0.0421568
v 0.060699 -0.0574971 -0.0333124
v 0.0665597 -0.0505973 -0.0333124
v 0.0690368 -0.0524804 -0.0240775
v 0.0743062 -0.0447086 -0.0240775
v 0.0761012 -0.0457886 -0.0145604
v 0.0806058 -0.0372922 -0.0145604
v 0.081562 -0.0377346 -0.0048725
v 0.0851637 -0.028695 -0.0048725
v 0.0851637 -0.028695 0.0048725
v 0.0877669 -0.019319 0.0048725
v 0.086738 -0.0190925 0.0145604
v 0.0882938 -0.00960252 0.0145604
v 0.0862111 -0.00937603 0.0240775
v 0.0867195 0 0.0240775
v 0.0836079 0 0.0333124
v 0.0831178 0.00903961 0.0333124
v 0.07905 0.0085972 0.0421568
v 0.077657 0.0170936 0.0421568
v 0.0727504 0.0160136 0.0505068
v 0.0705926 0.0237854 0.0505068
v 0.0650039 0.0219024 0.0582648
v 0.0622548 0.0288021 0.0582648
v 0.0561725 0.0259882 0.0653396
v 0.0530334 0.0319091 0.0653396
v 0.0466693 0.02808 0.0716484
v 0.0433597 0.0329612 0.0716484
v 0.0369386 0.02808 0.0771171
v 0.0336861 0.0319091 0.0771171
v 0.0274354 0.0259882 0.0816818
v 0.0244647 0.0288021 0.0816818
v 0.018604 0.0219024 0.0852888
v 0.0161269 0.0237854 0.0852888
v 0.0108575 0.0160136 0.0878958
v 0.00906246 0.0170936 0.0878958
v 0.00455795 0.0085972 0.0894724
v 0.00360171 0.00903961 0.0894724
v -5.51091e-18 6.74892e-34 0.09
v 0.0140866 -0.0479746 -0.0748331
v 0.0207708 -0.0454816 -0.0748331
v 0.0201598 -0.0505973 -0.0716484
v 0.0255122 -0.0481211 -0.0716484
v 0.0289912 -0.0546832 -0.0653396
v 0.0347335 -0.0512281 -0.0653396
v 0.0384944 -0.056775 -0.0582648
v 0.0444072 -0.0522802 -0.0582648
v 0.0482251 -0.056775 -0.0505068
v 0.0540809 -0.0512281 -0.0505068
v 0.0577283 -0.0546832 -0.0421568
v 0.0633022 -0.0481211 -0.0421568
v 0.0665597 -0.0505973 -0.0333124
v 0.07164 -0.0431044 -0.0333124
v 0.0743062 -0.0447086 -0.0240775
v 0.0787045 -0.0364126 -0.0240775
v 0.0806058 -0.0372922 -0.0145604
v 0.0841652 -0.0283586 -0.0145604
v 0.0851637 -0.028695 -0.0048725
v 0.0877669 -0.019319 -0.0048725
v 0.0877669 -0.019319 0.0048725
v 0.0893412 -0.00971644 0.0048725
v 0.0882938 -0.00960252 0.0145604
v 0.0888144 0 0.0145604
v 0.0867195 0 0.0240775
v 0.0862111 0.00937603 0.0240775
v 0.0831178 0.00903961 0.0333124
v 0.0816532 0.0179732 0.0333124
v 0.077657 0.0170936 0.0421568
v 0.0753537 0.0253896 0.0421568
v 0.0705926 0.0237854 0.0505068
v 0.0676071 0.0312784 0.0505068
v 0.0622548 0.0288021 0.0582648
v 0.0587758 0.0353642 0.0582648
v 0.0530334 0.0319091 0.0653396
v 0.0492725 0.037456 0.0653396
v 0.0433597 0.0329612 0.0716484
v 0.0395418 0.037456 0.0716484
v 0.0336861 0.0319091 0.0771171
v 0.0300386 0.0353642 0.0771171
v 0.0244647 0.0288021 0.0816818
v 0.0212073 0.0312784 0.0816818
v 0.0161269 0.0237854 0.0852888
v 0.0134607 0.0253896 0.0852888
v 0.00906246 0.0170936 0.0878958
v 0.00716119 0.0179732 0.0878958
v 0.00360171 0.00903961 0.0894724
v 0.00260324 0.00937603 0.0894724
v -5.51091e-18 6.74892e-34 0.09
v 0.0207708 -0.0454816 -0.0748331
v 0.027032 -0.0420627 -0.0748331
v 0.0255122 -0.0481211 -0.0716484
v 0.0305654 -0.0450806 -0.0716484
v 0.0347335 -0.0512281 -0.0653396
v 0.0400686 -0.0471725 -0.0653396
v 0.0444072 -0.0522802 -0.0582648
v 0.0497994 -0.0471725 -0.0582648
v 0.0540809 -0.0512281 -0.0505068
v 0.0593026 -0.0450806 -0.0505068
v 0.0633022 -0.0481211 -0.0421568
v 0.0681339 -0.0409948 -0.0421568
v 0.07164 -0.0431044 -0.0333124
v 0.0758805 -0.035106 -0.0333124
v 0.0787045 -0.0364126 -0.0240775
v 0.08218 -0.0276897 -0.0240775
v 0.0841652 -0.0283586 -0.0145604
v 0.086738 -0.0190925 -0.0145604
v 0.0877669 -0.019319 -0.0048725
v 0.0893412 -0.00971644 -0.0048725
v 0.0893412 -0.00971644 0.0048725
v 0.089868 0 0.0048725
v 0.0888144 0 0.0145604
v 0.0882938 0.00960252 0.0145604
v 0.0862111 0.00937603 0.0240775
v 0.084692 0.0186421 0.0240775
v 0.0816532 0.0179732 0.0333124
v 0.0792313 0.0266961 0.0333124
v 0.0753537 0.0253896 0.0421568
v 0.0721668 0.0333879 0.0421568
v 0.0676071 0.0312784 0.0505068
v 0.063829 0.0384046 0.0505068
v 0.0587758 0.0353642 0.0582648
v 0.0546077 0.0415117 0.0582648
v 0.0492725 0.037456 0.0653396
v 0.044934 0.0425637 0.0653396
v 0.0395418 0.037456 0.0716484
v 0.0352603 0.0415117 0.0716484
v 0.0300386 0.0353642 0.0771171
v 0.026039 0.0384046 0.0771171
v 0.0212073 0.0312784 0.0816818
v 0.0177012 0.0333879 0.0816818
v 0.0134607 0.0253896 0.0852888
v 0.0106367 0.0266961 0.0852888
v 0.00716119 0.0179732 0.0878958
v 0.00517596 0.0186421 0.0878958
v 0.00260324 0.00937603 0.0894724
v 0.00157425 0.00960252 0.0894724
v -5.51091e-18 6.74892e-34 0.09
v 0.027032 -0.0420627 -0.0748331
v 0.032743 -0.0377875 -0.0748331
v 0.0305654 -0.0450806 -0.0716484
v 0.0352603 -0.0415117 -0.0716484
v 0.0400686 -0.0471725 -0.0653396
v 0.044934 -0.0425637 -0.0653396
v 0.0497994 -0.0471725 -0.0582648
v 0.0546077 -0.0415117 -0.0582648
v 0.0593026 -0.0450806 -0.0505068
v 0.063829 -0.0384046 -0.0505068
v 0.0681339 -0.0409948 -0.0421568
v 0.0721668 -0.0333879 -0.0421568
v 0.0758805 -0.035106 -0.0333124
v 0.0792313 -0.0266961 -0.0333124
v 0.08218 -0.0276897 -0.0240775
v 0.084692 -0.0186421 -0.0240775
v 0.086738 -0.0190925 -0.0145604
v 0.0882938 -0.00960252 -0.0145604
v 0.0893412 -0.00971644 -0.0048725
v 0.089868 0 -0.0048725
v 0.089868 0 0.0048725
v 0.0893412 0.00971644 0.0048725
v 0.0882938 0.00960252 0.0145604
v 0.086738 0.0190925 0.0145604
v 0.084692 0.0186421 0.0240775
v 0.08218 0.0276897 0.0240775
v 0.0792313 0.0266961 0.0333124
v 0.0758805 0.035106 0.0333124
v 0.0721668 0.0333879 0.0421568
v 0.0681339 0.0409948 0.0421568
v 0.063829 0.0384046 0.0505068
v 0.0593026 0.0450806 0.0505068
v 0.0546077 0.0415117 0.0582648
v 0.0497994 0.0471725 0.0582648
v 0.044934 0.0425637 0.0653396
v 0.0400686 0.0471725 0.0653396
v 0.0352603 0.0415117 0.0716484
v 0.0305654 0.0450806 0.0716484
v 0.026039 0.0384046 0.0771171
v 0.0217341 0.0409948 0.0771171
v 0.0177012 0.0333879 0.0816818
v 0.0139875 0.035106 0.0816818
v 0.0106367 0.0266961 0.0852888
v 0.007688 0.0276897 0.0852888
v 0.00517596 0.0186421 0.0878958
v 0.00313005 0.0190925 0.0878958
v 0.00157425 0.00960252 0.0894724
v 0.00052681 0.00971644 0.0894724
v -5.51091e-18 6.74892e-34 0.09
v 0.0352603 -0.0415117 -0.0716484
v 0.032743 -0.0377875 -0.0748331
v 0.0395418 -0.037456 -0.0716484
v 0.0377875 -0.032743 -0.0748331
v 0.0433597 -0.0329612 -0.0716484
v 0.0420627 -0.027032 -0.0748331
v 0.0466693 -0.02808 -0.0716484
v 0.0454816 -0.0207708 -0.0748331
v 0.0494317 -0.0228695 -0.0716484
v 0.0516146 -0.017391 -0.0716484
v 0.0586531 -0.0197625 -0.0653396
v 0.0604459 -0.0133052 -0.0653396
v 0.0669909 -0.0147458 -0.0582648
v 0.0681925 -0.00741638 -0.0582648
v 0.0740553 -0.008054 -0.0505068
v 0.074492 0 -0.0505068
v 0.0795161 0 -0.0421568
v 0.07905 0.0085972 -0.0421568
v 0.0831178 0.00903961 -0.0333124
v 0.0816532 0.0179732 -0.0333124
v 0.084692 0.0186421 -0.0240775
v 0.08218 0.0276897 -0.0240775
v 0.0841652 0.0283586 -0.0145604
v 0.0806058 0.0372922 -0.0145604
v 0.081562 0.0377346 -0.0048725
v 0.077004 0.0463318 -0.0048725
v 0.077004 0.0463318 0.0048725
v 0.0715433 0.0543858 0.0048725
v 0.0707045 0.0537482 0.0145604
v 0.0644788 0.0610776 0.0145604
v 0.062958 0.059637 0.0240775
v 0.056141 0.0660943 0.0240775
v 0.0541266 0.0637228 0.0333124
v 0.0469197 0.0692013 0.0333124
v 0.0446234 0.0658146 0.0421568
v 0.037246 0.0702534 0.0421568
v 0.0348927 0.0658146 0.0505068
v 0.0275723 0.0692013 0.0505068
v 0.0253895 0.0637228 0.0582648
v 0.018351 0.0660943 0.0582648
v 0.0165581 0.059637 0.0653396
v 0.0100132 0.0610776 0.0653396
v 0.00881157 0.0537482 0.0716484
v 0.00294871 0.0543858 0.0716484
v 0.00251204 0.0463318 0.0771171
v -0.00251204 0.0463318 0.0771171
v -0.00204591 0.0377346 0.0816818
v -0.00611374 0.0372922 0.0816818
v -0.00464915 0.0283586 0.0852888
v -0.007688 0.0276897 0.0852888
v -0.00517596 0.0186421 0.0878958
v -0.00716119 0.0179732 0.0878958
v -0.00360171 0.00903961 0.0894724
v -0.00455795 0.0085972 0.0894724
v -5.51091e-18 6.74892e-34 0.09
v 0.0454816 -0.0207708 -0.0748331
v 0.0479746 -0.0140866 -0.0748331
v 0.0516146 -0.017391 -0.0716484
v 0.0531923 -0.0117085 -0.0716484
v 0.0604459 -0.0133052 -0.0653396
v 0.0615301 -0.00669181 -0.0653396
v 0.0681925 -0.00741638 -0.0582648
v 0.0685946 0 -0.0582648
v 0.074492 0 -0.0505068
v 0.0740553 0.008054 -0.0505068
v 0.07905 0.0085972 -0.0421568
v 0.077657 0.0170936 -0.0421568
v 0.0816532 0.0179732 -0.0333124
v 0.0792313 0.0266961 -0.0333124
v 0.08218 0.0276897 -0.0240775
v 0.0787045 0.0364126 -0.0240775
v 0.0806058 0.0372922 -0.0145604
v 0.0761012 0.0457886 -0.0145604
v 0.077004 0.0463318 -0.0048725
v 0.0715433 0.0543858 -0.0048725
v 0.0715433 0.0543858 0.0048725
v 0.0652438 0.0618022 0.0048725
v 0.0644788 0.0610776 0.0145604
v 0.0574972 0.067691 0.0145604
v 0.056141 0.0660943 0.0240775
v 0.0486659 0.0717768 0.0240775
v 0.0469197 0.0692013 0.0333124
v 0.0391626 0.0738686 0.0333124
v 0.037246 0.0702534 0.0421568
v 0.0294319 0.0738686 0.0421568
v 0.0275723 0.0692013 0.0505068
v 0.0199287 0.0717768 0.0505068
v 0.018351 0.0660943 0.0582648
v 0.0110974 0.067691 0.0582648
v 0.0100132 0.0610776 0.0653396
v 0.00335082 0.0618022 0.0653396
v 0.00294871 0.0543858 0.0716484
v -0.00294871 0.0543858 0.0716484
v -0.00251204 0.0463318 0.0771171
v -0.00750666 0.0457886 0.0771171
v -0.00611374 0.0372922 0.0816818
v -0.0101099 0.0364126 0.0816818
v -0.007688 0.0276897 0.0852888
v -0.0106367 0.0266961 0.0852888
v -0.00716119 0.0179732 0.0878958
v -0.00906246 0.0170936 0.0878958
v -0.00455795 0.0085972 0.0894724
v -0.00546075 0.008054 0.0894724
v -5.51091e-18 6.74892e-34 0.09
v 0.0479746 -0.0140866 -0.0748331
v 0.0494911 -0.00711574 -0.0748331
v 0.0531923 -0.0117085 -0.0716484
v 0.0541464 -0.00588878 -0.0716484
v 0.0615301 -0.00669181 -0.0653396
v 0.061893 0 -0.0653396
v 0.0685946 0 -0.0582648
v 0.0681925 0.00741638 -0.0582648
v 0.0740553 0.008054 -0.0505068
v 0.0727504 0.0160136 -0.0505068
v 0.077657 0.0170936 -0.0421568
v 0.0753537 0.0253896 -0.0421568
v 0.0792313 0.0266961 -0.0333124
v 0.0758805 0.035106 -0.0333124
v 0.0787045 0.0364126 -0.0240775
v 0.0743062 0.0447086 -0.0240775
v 0.0761012 0.0457886 -0.0145604
v 0.0707045 0.0537482 -0.0145604
v 0.0715433 0.0543858 -0.0048725
v 0.0652438 0.0618022 -0.0048725
v 0.0652438 0.0618022 0.0048725
v 0.0581793 0.068494 0.0048725
v 0.0574972 0.067691 0.0145604
v 0.0498415 0.0735107 0.0145604
v 0.0486659 0.0717768 0.0240775
v 0.0406201 0.0766177 0.0240775
v 0.0391626 0.0738686 0.0333124
v 0.0309465 0.0776698 0.0333124
v 0.0294319 0.0738686 0.0421568
v 0.0212728 0.0766177 0.0421568
v 0.0199287 0.0717768 0.0505068
v 0.0120515 0.0735107 0.0505068
v 0.0110974 0.067691 0.0582648
v 0.00371364 0.068494 0.0582648
v 0.00335082 0.0618022 0.0653396
v -0.00335082 0.0618022 0.0653396
v -0.00294871 0.0543858 0.0716484
v -0.00881157 0.0537482 0.0716484
v -0.00750666 0.0457886 0.0771171
v -0.0124133 0.0447086 0.0771171
v -0.0101099 0.0364126 0.0816818
v -0.0139875 0.035106 0.0816818
v -0.0106367 0.0266961 0.0852888
v -0.0134607 0.0253896 0.0852888
v -0.00906246 0.0170936 0.0878958
v -0.0108575 0.0160136 0.0878958
v -0.00546075 0.008054 0.0894724
v -0.00629953 0.00741638 0.0894724
v -5.51091e-18 6.74892e-34 0.09
v 0.0494911 -0.00711574 -0.0748331
v 0.05 0 -0.0748331
v 0.0541464 -0.00588878 -0.0716484
v 0.0544657 0 -0.0716484
v 0.061893 0 -0.0653396
v 0.0615301 0.00669181 -0.0653396
v 0.0681925 0.00741638 -0.0582648
v 0.0669909 0.0147458 -0.0582648
v 0.0727504 0.0160136 -0.0505068
v 0.0705926 0.0237854 -0.0505068
v 0.0753537 0.0253896 -0.0421568
v 0.0721668 0.0333879 -0.0421568
v 0.0758805 0.035106 -0.0333124
v 0.07164 0.0431044 -0.0333124
v 0.0743062 0.0447086 -0.0240775
v 0.0690368 0.0524804 -0.0240775
v 0.0707045 0.0537482 -0.0145604
v 0.0644788 0.0610776 -0.0145604
v 0.0652438 0.0618022 -0.0048725
v 0.0581793 0.068494 -0.0048725
v 0.0581793 0.068494 0.0048725
v 0.0504328 0.0743828 0.0048725
v 0.0498415 0.0735107 0.0145604
v 0.0416014 0.0784686 0.0145604
v 0.0406201 0.0766177 0.0240775
v 0.0320982 0.0805604 0.0240775
v 0.0309465 0.0776698 0.0333124
v 0.0223675 0.0805604 0.0333124
v 0.0212728 0.0766177 0.0421568
v 0.0128643 0.0784686 0.0421568
v 0.0120515 0.0735107 0.0505068
v 0.00403292 0.0743828 0.0505068
v 0.00371364 0.068494 0.0582648
v -0.00371364 0.068494 0.0582648
v -0.00335082 0.0618022 0.0653396
v -0.0100132 0.0610776 0.0653396
v -0.00881157 0.0537482 0.0716484
v -0.0145711 0.0524804 0.0716484
v -0.0124133 0.0447086 0.0771171
v -0.0171744 0.0431044 0.0771171
v -0.0139875 0.035106 0.0816818
v -0.0177012 0.0333879 0.0816818
v -0.0134607 0.0253896 0.0852888
v -0.0161269 0.0237854 0.0852888
v -0.0108575 0.0160136 0.0878958
v -0.0125252 0.0147458 0.0878958
v -0.00629953 0.00741638 0.0894724
v -0.00706445 0.00669181 0.0894724
v -5.51091e-18 6.74892e-34 0.09
v 0.0544657 0 -0.0716484
v 0.05 0 -0.0748331
v 0.0541464 0.00588878 -0.0716484
v 0.0494911 0.00711574 -0.0748331
v 0.0531923 0.0117085 -0.0716484
v 0.0479746 0.0140866 -0.0748331
v 0.0516146 0.017391 -0.0716484
v 0.0454816 0.0207708 -0.0748331
v 0.0494317 0.0228695 -0.0716484
v 0.0466693 0.02808 -0.0716484
v 0.0530334 0.0319091 -0.0653396
v 0.0492725 0.037456 -0.0653396
v 0.0546077 0.0415117 -0.0582648
v 0.0497994 0.0471725 -0.0582648
v 0.0540809 0.0512281 -0.0505068
v 0.0482251 0.056775 -0.0505068
v 0.0514776 0.0606041 -0.0421568
v 0.0446234 0.0658146 -0.0421568
v 0.0469197 0.0692013 -0.0333124
v 0.0391626 0.0738686 -0.0333124
v 0.0406201 0.0766177 -0.0240775
v 0.0320982 0.0805604 -0.0240775
v 0.0328736 0.0825065 -0.0145604
v 0.0237604 0.0855771 -0.0145604
v 0.0240422 0.0865923 -0.0048725
v 0.0180194 0.0877496 -0.00867767
v 0.0201965 0.0875692 -0.0048725
v 0.0194986 0.0877496 -0.00445042
v 0.02 0.0877496 2.44929e-18
v 0.0420627 0.027032 -0.0748331
v 0.0433597 0.0329612 -0.0716484
v 0.044934 0.0425637 -0.0653396
v 0.0444072 0.0522802 -0.0582648
v 0.041804 0.0616562 -0.0505068
v 0.037246 0.0702534 -0.0421568
v 0.0309465 0.0776698 -0.0333124
v 0.0231999 0.0835586 -0.0240775
v 0.0203594 0.0842957 -0.0240775
v 0.0204057 0.0864384 -0.0145604
v 0.0140297 0.0855771 -0.0240775
v 0.0143686 0.0876444 -0.0145604
v 0.0124698 0.0877496 -0.0156366
v 0.0156366 0.0877496 -0.0124698
v 0.0377875 0.032743 -0.0748331
v 0.0395418 0.037456 -0.0716484
v 0.0400686 0.0471725 -0.0653396
v 0.0384944 0.056775 -0.0582648
v 0.0348927 0.0658146 -0.0505068
v 0.0294319 0.0738686 -0.0421568
v 0.0223675 0.0805604 -0.0333124
v 0.0200477 0.0811688 -0.0333124
v 0.0135263 0.0825065 -0.0333124
v 0.0046949 0.0865923 -0.0240775
v 0.00867767 0.0877496 -0.0180194
v 0.00445042 0.0877496 -0.0194986
v -1.22465e-18 0.0877496 -0.02
v -0.0046949 0.0865923 -0.0240775
v -0.00445042 0.0877496 -0.0194986
v -0.00867767 0.0877496 -0.0180194
v -0.0140297 0.0855771 -0.0240775
v -0.0124698 0.0877496 -0.0156366
v -0.0143686 0.0876444 -0.0145604
v -0.0156366 0.0877496 -0.0124698
v -0.0180194 0.0877496 -0.00867767
v -0.0237604 0.0855771 -0.0145604
v -0.0240422 0.0865923 -0.0048725
v -0.0332636 0.0834853 -0.0048725
v -0.0332636 0.0834853 0.0048725
v -0.0420949 0.0793995 0.0048725
v -0.0416014 0.0784686 0.0145604
v -0.0498415 0.0735107 0.0145604
v -0.0486659 0.0717768 0.0240775
v -0.056141 0.0660943 0.0240775
v -0.0541266 0.0637228 0.0333124
v -0.060699 0.0574971 0.0333124
v -0.0577283 0.0546832 0.0421568
v -0.0633022 0.0481211 0.0421568
v -0.0593026 0.0450806 0.0505068
v -0.063829 0.0384046 0.0505068
v -0.0587758 0.0353642 0.0582648
v -0.0622548 0.0288021 0.0582648
v -0.0561725 0.0259882 0.0653396
v -0.0586531 0.0197625 0.0653396
v -0.0516146 0.017391 0.0716484
v -0.0531923 0.0117085 0.0716484
v -0.045315 0.0099746 0.0771171
v -0.0461278 0.00501671 0.0771171
v -0.0375685 0.00408582 0.0816818
v 0.0377875 0.032743 -0.0748331
v 0.032743 0.0377875 -0.0748331
v 0.0395418 0.037456 -0.0716484
v 0.0352603 0.0415117 -0.0716484
v 0.0400686 0.0471725 -0.0653396
v 0.0347335 0.0512281 -0.0653396
v 0.0384944 0.056775 -0.0582648
v 0.0321303 0.0606041 -0.0582648
v 0.0348927 0.0658146 -0.0505068
v 0.0275723 0.0692013 -0.0505068
v 0.0294319 0.0738686 -0.0421568
v 0.0212728 0.0766177 -0.0421568
v 0.0223675 0.0805604 -0.0333124
v 0.0194644 0.077097 -0.0421568
v 0.0200477 0.0811688 -0.0333124
v 0.0128643 0.0784686 -0.0421568
v 0.0135263 0.0825065 -0.0333124
v 0.00452644 0.0834853 -0.0333124
v 0.0046949 0.0865923 -0.0240775
v -0.0046949 0.0865923 -0.0240775
v 0.0305654 0.0450806 -0.0716484
v 0.027032 0.0420627 -0.0748331
v 0.0255122 0.0481211 -0.0716484
v 0.0207708 0.0454816 -0.0748331
v 0.0201598 0.0505973 -0.0716484
v 0.0140866 0.0479746 -0.0748331
v 0.0145711 0.0524804 -0.0716484
v 0.0144188 0.0525225 -0.0716484
v 0.0165581 0.059637 -0.0653396
v 0.016077 0.0597684 -0.0653396
v 0.018351 0.0660943 -0.0582648
v 0.017476 0.066331 -0.0582648
v 0.0199287 0.0717768 -0.0505068
v 0.0186068 0.0721308 -0.0505068
v 0.00881157 0.0537482 -0.0716484
v 0.00711574 0.0494911 -0.0748331
v 0.00294871 0.0543858 -0.0716484
v 3.06162e-18 0.05 -0.0748331
v -0.00294871 0.0543858 -0.0716484
v -0.00711574 0.0494911 -0.0748331
v -0.00881157 0.0537482 -0.0716484
v -0.0140866 0.0479746 -0.0748331
v -0.0145711 0.0524804 -0.0716484
v -0.0201598 0.0505973 -0.0716484
v -0.0229089 0.0574971 -0.0653396
v -0.0289912 0.0546832 -0.0653396
v -0.0321303 0.0606041 -0.0582648
v -0.0384944 0.056775 -0.0582648
v -0.041804 0.0616562 -0.0505068
v -0.0482251 0.056775 -0.0505068
v -0.0514776 0.0606041 -0.0421568
v -0.0577283 0.0546832 -0.0421568
v -0.060699 0.0574971 -0.0333124
v -0.0665597 0.0505973 -0.0333124
v -0.0690368 0.0524804 -0.0240775
v -0.0743062 0.0447086 -0.0240775
v -0.0761012 0.0457886 -0.0145604
v -0.0806058 0.0372922 -0.0145604
v -0.081562 0.0377346 -0.0048725
v -0.0851637 0.028695 -0.0048725
v -0.0851637 0.028695 0.0048725
v -0.0877669 0.019319 0.0048725
v -0.086738 0.0190925 0.0145604
v -0.0882938 0.00960252 0.0145604
v -0.0862111 0.00937603 0.0240775
v -0.0207708 0.0454816 -0.0748331
v -0.0255122 0.0481211 -0.0716484
v -0.0347335 0.0512281 -0.0653396
v -0.0444072 0.0522802 -0.0582648
v -0.0540809 0.0512281 -0.0505068
v -0.0633022 0.0481211 -0.0421568
v -0.07164 0.0431044 -0.0333124
v -0.0787045 0.0364126 -0.0240775
v -0.0841652 0.0283586 -0.0145604
v -0.0877669 0.019319 -0.0048725
v -0.0893412 0.00971644 0.0048725
v -0.027032 0.0420627 -0.0748331
v -0.0305654 0.0450806 -0.0716484
v -0.0400686 0.0471725 -0.0653396
v -0.0497994 0.0471725 -0.0582648
v -0.0593026 0.0450806 -0.0505068
v -0.0681339 0.0409948 -0.0421568
v -0.0758805 0.035106 -0.0333124
v -0.08218 0.0276897 -0.0240775
v -0.086738 0.0190925 -0.0145604
v -0.0893412 0.00971644 -0.0048725
v -0.032743 0.0377875 -0.0748331
v -0.0352603 0.0415117 -0.0716484
v -0.044934 0.0425637 -0.0653396
v -0.0546077 0.0415117 -0.0582648
v -0.063829 0.0384046 -0.0505068
v -0.0721668 0.0333879 -0.0421568
v -0.0792313 0.0266961 -0.0333124
v -0.084692 0.0186421 -0.0240775
v -0.0882938 0.00960252 -0.0145604
v -0.0395418 0.037456 -0.0716484
v -0.0377875 0.032743 -0.0748331
v -0.0433597 0.0329612 -0.0716484
v -0.0420627 0.027032 -0.0748331
v -0.0466693 0.02808 -0.0716484
v -0.0454816 0.0207708 -0.0748331
v -0.0494317 0.0228695 -0.0716484
v -0.0516146 0.017391 -0.0716484
v -0.0586531 0.0197625 -0.0653396
v -0.0604459 0.0133052 -0.0653396
v -0.0669909 0.0147458 -0.0582648
v -0.0681925 0.00741638 -0.0582648
v -0.0740553 0.008054 -0.0505068
v -0.0479746 0.0140866 -0.0748331
v -0.0531923 0.0117085 -0.0716484
v -0.0615301 0.00669181 -0.0653396
v -0.0494911 0.00711574 -0.0748331
v -0.0541464 0.00588878 -0.0716484
v -0.05 -6.12323e-18 -0.0748331
v 0.0194986 0.0877496 0.00445042
v 0.0240422 0.0865923 0.0048725
v 0.02 0.0877496 2.44929e-18
v 0.0240422 0.0865923 -0.0048725
v 0.0201965 0.0875692 -0.0048725
v 0.0180194 0.0877496 0.00867767
v 0.0237604 0.0855771 0.0145604
v 0.0332636 0.0834853 0.0048725
v 0.0328736 0.0825065 0.0145604
v 0.0420949 0.0793995 0.0048725
v 0.0416014 0.0784686 0.0145604
v 0.0504328 0.0743828 0.0048725
v 0.0156366 0.0877496 0.0124698
v 0.0143686 0.0876444 0.0145604
v 0.0140297 0.0855771 0.0240775
v 0.0124698 0.0877496 0.0156366
v 0.00867767 0.0877496 0.0180194
v 0.0046949 0.0865923 0.0240775
v 0.00445042 0.0877496 0.0194986
v -1.22465e-18 0.0877496 0.02
v -0.0046949 0.0865923 0.0240775
v -0.00445042 0.0877496 0.0194986
v -0.00867767 0.0877496 0.0180194
v -0.0140297 0.0855771 0.0240775
v -0.0124698 0.0877496 0.0156366
v -0.0143686 0.0876444 0.0145604
v -0.0156366 0.0877496 0.0124698
v -0.0180194 0.0877496 0.00867767
v -0.0194986 0.0877496 0.00445042
v -0.0240422 0.0865923 0.0048725
v -0.0237604 0.0855771 0.0145604
v -0.0231999 0.0835586 0.0240775
v -0.0223675 0.0805604 0.0333124
v -0.0135263 0.0825065 0.0333124
v -0.0212728 0.0766177 0.0421568
v -0.0128643 0.0784686 0.0421568
v -0.0199287 0.0717768 0.0505068
v -0.0120515 0.0735107 0.0505068
v -0.018351 0.0660943 0.0582648
v -0.0110974 0.067691 0.0582648
v -0.0165581 0.059637 0.0653396
v -0.0100132 0.0610776 0.0653396
v -0.0145711 0.0524804 0.0716484
v -0.02 0.0877496 0
v -0.0240422 0.0865923 -0.0048725
v -0.0332636 0.0834853 0.0048725
v -0.0194986 0.0877496 -0.00445042
v -0.0180194 0.0877496 -0.00867767
v 0.00867767 0.0877496 -0.0180194
v 0.0124698 0.0877496 -0.0156366
v 0.0140297 0.0855771 -0.0240775
v 0.0143686 0.0876444 -0.0145604
v 0.0156366 0.0877496 -0.0124698
v 0.0204057 0.0864384 -0.0145604
v 0.0180194 0.0877496 -0.00867767
v 0.0237604 0.0855771 -0.0145604
v 0.0194986 -0.0877496 -0.00445042
v 0.0240422 -0.0865923 -0.0048725
v 0.02 -0.0877496 -2.44929e-18
v 0.0240422 -0.0865923 0.0048725
v 0.0194986 -0.0877496 0.00445042
v 0.0180194 -0.0877496 0.00867767
v 0.0237604 -0.0855771 0.0145604
v 0.0143686 -0.0876444 0.0145604
v 0.0231999 -0.0835586 0.0240775
v 0.0140297 -0.0855771 0.0240775
v 0.0223675 -0.0805604 0.0333124
v 0.0135263 -0.0825065 0.0333124
v 0.0212728 -0.0766177 0.0421568
v 0.0128643 -0.0784686 0.0421568
v 0.0199287 -0.0717768 0.0505068
v 0.0120515 -0.0735107 0.0505068
v 0.018351 -0.0660943 0.0582648
v 0.0110974 -0.067691 0.0582648
v 0.0165581 -0.059637 0.0653396
v 0.0100132 -0.0610776 0.0653396
v 0.0145711 -0.0524804 0.0716484
v 0.00881157 -0.0537482 0.0716484
v 0.0124133 -0.0447086 0.0771171
v 0.00750666 -0.0457886 0.0771171
v 0.0101099 -0.0364126 0.0816818
v 0.00611374 -0.0372922 0.0816818
v 0.007688 -0.0276897 0.0852888
v 0.00464915 -0.0283586 0.0852888
v 0.00517596 -0.0186421 0.0878958
v 0.00313005 -0.0190925 0.0878958
v 0.00260324 -0.00937603 0.0894724
v 0.00157425 -0.00960252 0.0894724
v -5.51091e-18 6.74892e-34 0.09
v 0.0194986 -0.0877496 -0.00445042
v 0.0180194 -0.0877496 -0.00867767
v 0.0240422 -0.0865923 -0.0048725
v -0.00867767 -0.0877496 -0.0180194
v -0.0124698 -0.0877496 -0.0156366
v -0.0140297 -0.0855771 -0.0240775
v -0.0143686 -0.0876444 -0.0145604
v -0.0156366 -0.0877496 -0.0124698
v -0.0204057 -0.0864384 -0.0145604
v -0.0180194 -0.0877496 -0.00867767
v -0.0237604 -0.0855771 -0.0145604
v -0.0194986 -0.0877496 0.00445042
v -0.0240422 -0.0865923 0.0048725
v -0.02 -0.0877496 0
v -0.0240422 -0.0865923 -0.0048725
v -0.0201965 -0.0875692 -0.0048725
v -0.0180194 -0.0877496 0.00867767
v -0.0237604 -0.0855771 0.0145604
v -0.0332636 -0.0834853 0.0048725
v -0.0328736 -0.0825065 0.0145604
v -0.0420949 -0.0793995 0.0048725
v -0.0416014 -0.0784686 0.0145604
v -0.0504328 -0.0743828 0.0048725
v -0.0498415 -0.0735107 0.0145604
v -0.0581793 -0.068494 0.0048725
v -0.0574972 -0.067691 0.0145604
v -0.0652438 -0.0618022 0.0048725
v -0.0644788 -0.0610776 0.0145604
v -0.0715433 -0.0543858 0.0048725
v -0.0707045 -0.0537482 0.0145604
v -0.077004 -0.0463318 0.0048725
v -0.0761012 -0.0457886 0.0145604
v -0.081562 -0.0377346 0.0048725
v -0.0806058 -0.0372922 0.0145604
v -0.0851637 -0.028695 0.0048725
v -0.0841652 -0.0283586 0.0145604
v -0.0877669 -0.019319 0.0048725
v -0.086738 -0.0190925 0.0145604
v -0.0893412 -0.00971644 0.0048725
v -0.0882938 -0.00960252 0.0145604
v -0.089868 1.10057e-17 0.0048725
v -0.0888144 1.08766e-17 0.0145604
v -0.0156366 -0.0877496 0.0124698
v -0.0143686 -0.0876444 0.0145604
v -0.0140297 -0.0855771 0.0240775
v -0.0124698 -0.0877496 0.0156366
v -0.00867767 -0.0877496 0.0180194
v -0.0046949 -0.0865923 0.0240775
v -0.00445042 -0.0877496 0.0194986
v -1.22465e-18 -0.0877496 0.02
v 0.0046949 -0.0865923 0.0240775
v 0.00445042 -0.0877496 0.0194986
v 0.00867767 -0.0877496 0.0180194
v 0.0140297 -0.0855771 0.0240775
v 0.0124698 -0.0877496 0.0156366
v 0.0143686 -0.0876444 0.0145604
v 0.0156366 -0.0877496 0.0124698
v 0.0180194 -0.0877496 0.00867767
v -0.00967367 0.00105207 0.0894724
v -5.51091e-18 6.74892e-34 0.09
v -0.00950321 0.00209182 0.0894724
v -0.00922134 0.00310703 0.0894724
v -0.00883135 0.00408582 0.0894724
v -0.00833783 0.00501671 0.0894724
v -0.00774655 0.00588878 0.0894724
v -0.00706445 0.00669181 0.0894724
v -0.00360171 0.00903961 0.0894724
v -0.00260324 0.00937603 0.0894724
v -0.00157425 0.00960252 0.0894724
v -0.00052681 0.00971644 0.0894724
v 0.00052681 0.00971644 0.0894724
v 0.00455795 0.0085972 0.0894724
v 0.00546075 0.008054 0.0894724
v 0.00629953 0.00741638 0.0894724
v 0.00706445 0.00669181 0.0894724
v 0.00774655 0.00588878 0.0894724
v 0.00833783 0.00501671 0.0894724
v 0.00883135 0.00408582 0.0894724
v 0.00922134 0.00310703 0.0894724
v 0.00950321 0.00209182 0.0894724
v 0.00967367 0.00105207 0.0894724
v 0.00973071 0 0.0894724
v 0.00967367 -0.00105207 0.0894724
v 0.00950321 -0.00209182 0.0894724
v 0.00922134 -0.00310703 0.0894724
v 0.00883135 -0.00408582 0.0894724
v 0.00833783 -0.00501671 0.0894724
v -5.51091e-18 6.74892e-34 0.09
v 0.00774655 -0.00588878 0.0894724
v 0.00706445 -0.00669181 0.0894724
v 0.00629953 -0.00741638 0.0894724
v 0.00546075 -0.008054 0.0894724
v 0.00455795 -0.0085972 0.0894724
v 0.00360171 -0.00903961 0.0894724
v 0.00260324 -0.00937603 0.0894724
v 0.00157425 -0.00960252 0.0894724
v 0.00052681 -0.00971644 0.0894724
v -0.00052681 -0.00971644 0.0894724
v -0.00157425 -0.00960252 0.0894724
v -0.00260324 -0.00937603 0.0894724
v -0.00360171 -0.00903961 0.0894724
v -0.00455795 -0.0085972 0.0894724
v -0.00546075 -0.008054 0.0894724
v -0.00629953 -0.00741638 0.0894724
v -0.00706445 -0.00669181 0.0894724
v -0.00774655 -0.00588878 0.0894724
v -0.00833783 -0.00501671 0.0894724
v -0.00883135 -0.00408582 0.0894724
v -0.00922134 -0.00310703 0.0894724
v -0.00950321 -0.00209182 0.0894724
v -0.00967367 -0.00105207 0.0894724
v -0.00973071 1.19167e-18 0.0894724
v -0.061893 7.5797e-18 -0.0653396
v -0.0544657 6.67012e-18 -0.0716484
v -0.0615301 -0.00669181 -0.0653396
v -0.0541464 -0.00588878 -0.0716484
v -0.0604459 -0.0133052 -0.0653396
v -0.0531923 -0.0117085 -0.0716484
v -0.0586531 -0.0197625 -0.0653396
v -0.0516146 -0.017391 -0.0716484
v -0.0561725 -0.0259882 -0.0653396
v -0.0494317 -0.0228695 -0.0716484
v -0.0530334 -0.0319091 -0.0653396
v -0.0685946 8.40041e-18 -0.0582648
v -0.0681925 -0.00741638 -0.0582648
v -0.0669909 -0.0147458 -0.0582648
v -0.0650039 -0.0219024 -0.0582648
v -0.0622548 -0.0288021 -0.0582648
v -0.0587758 -0.0353642 -0.0582648
v -0.0546077 -0.0415117 -0.0582648
v -0.074492 9.12264e-18 -0.0505068
v -0.0740553 -0.008054 -0.0505068
v -0.0727504 -0.0160136 -0.0505068
v -0.0705926 -0.0237854 -0.0505068
v -0.0676071 -0.0312784 -0.0505068
v -0.063829 -0.0384046 -0.0505068
v -0.0593026 -0.0450806 -0.0505068
v -0.0540809 -0.0512281 -0.0505068
v -0.0795161 9.73791e-18 -0.0421568
v -0.07905 -0.0085972 -0.0421568
v -0.077657 -0.0170936 -0.0421568
v -0.0753537 -0.0253896 -0.0421568
v -0.0721668 -0.0333879 -0.0421568
v -0.0681339 -0.0409948 -0.0421568
v -0.0633022 -0.0481211 -0.0421568
v -0.0577283 -0.0546832 -0.0421568
v -0.0514776 -0.0606041 -0.0421568
v -0.0836079 1.0239e-17 -0.0333124
v -0.0831178 -0.00903961 -0.0333124
v -0.0816532 -0.0179732 -0.0333124
v -0.0792313 -0.0266961 -0.0333124
v -0.0758805 -0.035106 -0.0333124
v -0.07164 -0.0431044 -0.0333124
v -0.0665597 -0.0505973 -0.0333124
v -0.060699 -0.0574971 -0.0333124
v -0.0541266 -0.0637228 -0.0333124
v -0.0469197 -0.0692013 -0.0333124
v -0.0867195 1.06201e-17 -0.0240775
v -0.0862111 -0.00937603 -0.0240775
v -0.084692 -0.0186421 -0.0240775
v -0.08218 -0.0276897 -0.0240775
v -0.0787045 -0.0364126 -0.0240775
v -0.0743062 -0.0447086 -0.0240775
v -0.0690368 -0.0524804 -0.0240775
v -0.062958 -0.059637 -0.0240775
v -0.056141 -0.0660943 -0.0240775
v -0.0486659 -0.0717768 -0.0240775
v -0.0406201 -0.0766177 -0.0240775
v -0.0888144 1.08766e-17 -0.0145604
v -0.0882938 -0.00960252 -0.0145604
v -0.086738 -0.0190925 -0.0145604
v -0.0841652 -0.0283586 -0.0145604
v -0.0806058 -0.0372922 -0.0145604
v -0.0761012 -0.0457886 -0.0145604
v -0.0707045 -0.0537482 -0.0145604
v -0.0644788 -0.0610776 -0.0145604
v -0.0574972 -0.067691 -0.0145604
v -0.0498415 -0.0735107 -0.0145604
v -0.0416014 -0.0784686 -0.0145604
v -0.0328736 -0.0825065 -0.0145604
v -0.0893412 -0.00971644 0.0048725
v -0.089868 1.10057e-17 0.0048725
v -0.089868 1.10057e-17 -0.0048725
v -0.0893412 -0.00971644 -0.0048725
v -0.0877669 -0.019319 -0.0048725
v -0.0851637 -0.028695 -0.0048725
v -0.081562 -0.0377346 -0.0048725
v -0.077004 -0.0463318 -0.0048725
v -0.0715433 -0.0543858 -0.0048725
v -0.0652438 -0.0618022 -0.0048725
v -0.0581793 -0.068494 -0.0048725
v -0.0504328 -0.0743828 -0.0048725
v -0.0420949 -0.0793995 -0.0048725
v -0.0332636 -0.0834853 -0.0048725
v -0.0240422 -0.0865923 -0.0048725
v -0.0867195 1.06201e-17 0.0240775
v -0.0888144 1.08766e-17 0.0145604
v -0.0862111 -0.00937603 0.0240775
v -0.0882938 -0.00960252 0.0145604
v -0.084692 -0.0186421 0.0240775
v -0.086738 -0.0190925 0.0145604
v -0.08218 -0.0276897 0.0240775
v -0.0841652 -0.0283586 0.0145604
v -0.0787045 -0.0364126 0.0240775
v -0.0806058 -0.0372922 0.0145604
v -0.0743062 -0.0447086 0.0240775
v -0.0761012 -0.0457886 0.0145604
v -0.0690368 -0.0524804 0.0240775
v -0.0707045 -0.0537482 0.0145604
v -0.062958 -0.059637 0.0240775
v -0.0644788 -0.0610776 0.0145604
v -0.056141 -0.0660943 0.0240775
v -0.0574972 -0.067691 0.0145604
v -0.0486659 -0.0717768 0.0240775
v -0.0498415 -0.0735107 0.0145604
v -0.0406201 -0.0766177 0.0240775
v -0.0416014 -0.0784686 0.0145604
v -0.0320982 -0.0805604 0.0240775
v -0.0328736 -0.0825065 0.0145604
v -0.0231999 -0.0835586 0.0240775
v -0.0237604 -0.0855771 0.0145604
v -0.0140297 -0.0855771 0.0240775
v -0.0836079 1.0239e-17 0.0333124
v -0.0867195 1.06201e-17 0.0240775
v -0.0831178 -0.00903961 0.0333124
v -0.0862111 -0.00937603 0.0240775
v -0.0816532 -0.0179732 0.0333124
v -0.084692 -0.0186421 0.0240775
v -0.0792313 -0.0266961 0.0333124
v -0.08218 -0.0276897 0.0240775
v -0.0758805 -0.035106 0.0333124
v -0.0787045 -0.0364126 0.0240775
v -0.07164 -0.0431044 0.0333124
v -0.0743062 -0.0447086 0.0240775
v -0.0665597 -0.0505973 0.0333124
v -0.0690368 -0.0524804 0.0240775
v -0.060699 -0.0574971 0.0333124
v -0.062958 -0.059637 0.0240775
v -0.0541266 -0.0637228 0.0333124
v -0.056141 -0.0660943 0.0240775
v -0.0469197 -0.0692013 0.0333124
v -0.0486659 -0.0717768 0.0240775
v -0.0391626 -0.0738686 0.0333124
v -0.0406201 -0.0766177 0.0240775
v -0.0309465 -0.0776698 0.0333124
v -0.0320982 -0.0805604 0.0240775
v -0.0223675 -0.0805604 0.0333124
v -0.0231999 -0.0835586 0.0240775
v -0.0135263 -0.0825065 0.0333124
v -0.0140297 -0.0855771 0.0240775
v -0.00452644 -0.0834853 0.0333124
v -0.0046949 -0.0865923 0.0240775
v 0.00452644 -0.0834853 0.0333124
v 0.0046949 -0.0865923 0.0240775
v 0.0135263 -0.0825065 0.0333124
v 0.0140297 -0.0855771 0.0240775
v -0.0795161 9.73791e-18 0.0421568
v -0.0836079 1.0239e-17 0.0333124
v -0.07905 -0.0085972 0.0421568
v -0.0831178 -0.00903961 0.0333124
v -0.077657 -0.0170936 0.0421568
v -0.0816532 -0.0179732 0.0333124
v -0.0753537 -0.0253896 0.0421568
v -0.0792313 -0.0266961 0.0333124
v -0.0721668 -0.0333879 0.0421568
v -0.0758805 -0.035106 0.0333124
v -0.0681339 -0.0409948 0.0421568
v -0.07164 -0.0431044 0.0333124
v -0.0633022 -0.0481211 0.0421568
v -0.0665597 -0.0505973 0.0333124
v -0.0577283 -0.0546832 0.0421568
v -0.060699 -0.0574971 0.0333124
v -0.0514776 -0.0606041 0.0421568
v -0.0541266 -0.0637228 0.0333124
v -0.0446234 -0.0658146 0.0421568
v -0.0469197 -0.0692013 0.0333124
v -0.037246 -0.0702534 0.0421568
v -0.0391626 -0.0738686 0.0333124
v -0.0294319 -0.0738686 0.0421568
v -0.0309465 -0.0776698 0.0333124
v -0.0212728 -0.0766177 0.0421568
v -0.0223675 -0.0805604 0.0333124
v -0.0128643 -0.0784686 0.0421568
v -0.0135263 -0.0825065 0.0333124
v -0.00430491 -0.0793995 0.0421568
v -0.00452644 -0.0834853 0.0333124
v 0.00430491 -0.0793995 0.0421568
v 0.00452644 -0.0834853 0.0333124
v 0.0128643 -0.0784686 0.0421568
v 0.0135263 -0.0825065 0.0333124
v -0.074492 9.12264e-18 0.0505068
v -0.0795161 9.73791e-18 0.0421568
v -0.0740553 -0.008054 0.0505068
v -0.07905 -0.0085972 0.0421568
v -0.0727504 -0.0160136 0.0505068
v -0.077657 -0.0170936 0.0421568
v -0.0705926 -0.0237854 0.0505068
v -0.0753537 -0.0253896 0.0421568
v -0.0676071 -0.0312784 0.0505068
v -0.0721668 -0.0333879 0.0421568
v -0.063829 -0.0384046 0.0505068
v -0.0681339 -0.0409948 0.0421568
v -0.0593026 -0.0450806 0.0505068
v -0.0633022 -0.0481211 0.0421568
v -0.0540809 -0.0512281 0.0505068
v -0.0577283 -0.0546832 0.0421568
v -0.0482251 -0.056775 0.0505068
v -0.0514776 -0.0606041 0.0421568
v -0.041804 -0.0616562 0.0505068
v -0.0446234 -0.0658146 0.0421568
v -0.0348927 -0.0658146 0.0505068
v -0.037246 -0.0702534 0.0421568
v -0.0275723 -0.0692013 0.0505068
v -0.0294319 -0.0738686 0.0421568
v -0.0199287 -0.0717768 0.0505068
v -0.0212728 -0.0766177 0.0421568
v -0.0120515 -0.0735107 0.0505068
v -0.0128643 -0.0784686 0.0421568
v -0.00403292 -0.0743828 0.0505068
v -0.00430491 -0.0793995 0.0421568
v 0.00403292 -0.0743828 0.0505068
v 0.00430491 -0.0793995 0.0421568
v 0.0120515 -0.0735107 0.0505068
v 0.0128643 -0.0784686 0.0421568
v -0.0685946 8.40041e-18 0.0582648
v -0.074492 9.12264e-18 0.0505068
v -0.0681925 -0.00741638 0.0582648
v -0.0740553 -0.008054 0.0505068
v -0.0669909 -0.0147458 0.0582648
v -0.0727504 -0.0160136 0.0505068
v -0.0650039 -0.0219024 0.0582648
v -0.0705926 -0.0237854 0.0505068
v -0.0622548 -0.0288021 0.0582648
v -0.0676071 -0.0312784 0.0505068
v -0.0587758 -0.0353642 0.0582648
v -0.063829 -0.0384046 0.0505068
v -0.0546077 -0.0415117 0.0582648
v -0.0593026 -0.0450806 0.0505068
v -0.0497994 -0.0471725 0.0582648
v -0.0540809 -0.0512281 0.0505068
v -0.0444072 -0.0522802 0.0582648
v -0.0482251 -0.056775 0.0505068
v -0.0384944 -0.056775 0.0582648
v -0.041804 -0.0616562 0.0505068
v -0.0321303 -0.0606041 0.0582648
v -0.0348927 -0.0658146 0.0505068
v -0.0253895 -0.0637228 0.0582648
v -0.0275723 -0.0692013 0.0505068
v -0.018351 -0.0660943 0.0582648
v -0.0199287 -0.0717768 0.0505068
v -0.0110974 -0.067691 0.0582648
v -0.0120515 -0.0735107 0.0505068
v -0.00371364 -0.068494 0.0582648
v -0.00403292 -0.0743828 0.0505068
v 0.00371364 -0.068494 0.0582648
v 0.00403292 -0.0743828 0.0505068
v 0.0110974 -0.067691 0.0582648
v 0.0120515 -0.0735107 0.0505068
v -0.061893 7.5797e-18 0.0653396
v -0.0685946 8.40041e-18 0.0582648
v -0.0615301 -0.00669181 0.0653396
v -0.0681925 -0.00741638 0.0582648
v -0.0604459 -0.0133052 0.0653396
v -0.0669909 -0.0147458 0.0582648
v -0.0586531 -0.0197625 0.0653396
v -0.0650039 -0.0219024 0.0582648
v -0.0561725 -0.0259882 0.0653396
v -0.0622548 -0.0288021 0.0582648
v -0.0530334 -0.0319091 0.0653396
v -0.0587758 -0.0353642 0.0582648
v -0.0492725 -0.037456 0.0653396
v -0.0546077 -0.0415117 0.0582648
v -0.044934 -0.0425637 0.0653396
v -0.0497994 -0.0471725 0.0582648
v -0.0400686 -0.0471725 0.0653396
v -0.0444072 -0.0522802 0.0582648
v -0.0347335 -0.0512281 0.0653396
v -0.0384944 -0.056775 0.0582648
v -0.0289912 -0.0546832 0.0653396
v -0.0321303 -0.0606041 0.0582648
v -0.0229089 -0.0574971 0.0653396
v -0.0253895 -0.0637228 0.0582648
v -0.0165581 -0.059637 0.0653396
v -0.018351 -0.0660943 0.0582648
v -0.0100132 -0.0610776 0.0653396
v -0.0110974 -0.067691 0.0582648
v -0.00335082 -0.0618022 0.0653396
v -0.00371364 -0.068494 0.0582648
v 0.00335082 -0.0618022 0.0653396
v 0.00371364 -0.068494 0.0582648
v 0.0100132 -0.0610776 0.0653396
v 0.0110974 -0.067691 0.0582648
v -0.0544657 6.67012e-18 0.0716484
v -0.061893 7.5797e-18 0.0653396
v -0.0541464 -0.00588878 0.0716484
v -0.0615301 -0.00669181 0.0653396
v -0.0531923 -0.0117085 0.0716484
v -0.0604459 -0.0133052 0.0653396
v -0.0516146 -0.017391 0.0716484
v -0.0586531 -0.0197625 0.0653396
v -0.0494317 -0.0228695 0.0716484
v -0.0561725 -0.0259882 0.0653396
v -0.0466693 -0.02808 0.0716484
v -0.0530334 -0.0319091 0.0653396
v -0.0433597 -0.0329612 0.0716484
v -0.0492725 -0.037456 0.0653396
v -0.0395418 -0.037456 0.0716484
v -0.044934 -0.0425637 0.0653396
v -0.0352603 -0.0415117 0.0716484
v -0.0400686 -0.0471725 0.0653396
v -0.0305654 -0.0450806 0.0716484
v -0.0347335 -0.0512281 0.0653396
v -0.0255122 -0.0481211 0.0716484
v -0.0289912 -0.0546832 0.0653396
v -0.0201598 -0.0505973 0.0716484
v -0.0229089 -0.0574971 0.0653396
v -0.0145711 -0.0524804 0.0716484
v -0.0165581 -0.059637 0.0653396
v -0.00881157 -0.0537482 0.0716484
v -0.0100132 -0.0610776 0.0653396
v -0.00294871 -0.0543858 0.0716484
v -0.00335082 -0.0618022 0.0653396
v 0.00294871 -0.0543858 0.0716484
v 0.00335082 -0.0618022 0.0653396
v 0.00881157 -0.0537482 0.0716484
v 0.0100132 -0.0610776 0.0653396
v -0.0463998 5.68234e-18 0.0771171
v -0.0544657 6.67012e-18 0.0716484
v -0.0461278 -0.00501671 0.0771171
v -0.0541464 -0.00588878 0.0716484
v -0.045315 -0.0099746 0.0771171
v -0.0531923 -0.0117085 0.0716484
v -0.043971 -0.0148155 0.0771171
v -0.0516146 -0.017391 0.0716484
v -0.0421114 -0.0194828 0.0771171
v -0.0494317 -0.0228695 0.0716484
v -0.039758 -0.0239216 0.0771171
v -0.0466693 -0.02808 0.0716484
v -0.0369386 -0.02808 0.0771171
v -0.0433597 -0.0329612 0.0716484
v -0.0336861 -0.0319091 0.0771171
v -0.0395418 -0.037456 0.0716484
v -0.0300386 -0.0353642 0.0771171
v -0.0352603 -0.0415117 0.0716484
v -0.026039 -0.0384046 0.0771171
v -0.0305654 -0.0450806 0.0716484
v -0.0217341 -0.0409948 0.0771171
v -0.0255122 -0.0481211 0.0716484
v -0.0171744 -0.0431044 0.0771171
v -0.0201598 -0.0505973 0.0716484
v -0.0124133 -0.0447086 0.0771171
v -0.0145711 -0.0524804 0.0716484
v -0.00750666 -0.0457886 0.0771171
v -0.00881157 -0.0537482 0.0716484
v -0.00251204 -0.0463318 0.0771171
v -0.00294871 -0.0543858 0.0716484
v 0.00251204 -0.0463318 0.0771171
v 0.00294871 -0.0543858 0.0716484
v 0.00750666 -0.0457886 0.0771171
v 0.00881157 -0.0537482 0.0716484
v -0.03779 4.62794e-18 0.0816818
v -0.0463998 5.68234e-18 0.0771171
v -0.0375685 -0.00408582 0.0816818
v -0.0461278 -0.00501671 0.0771171
v -0.0369065 -0.00812374 0.0816818
v -0.045315 -0.0099746 0.0771171
v -0.0358118 -0.0120664 0.0816818
v -0.043971 -0.0148155 0.0771171
v -0.0342973 -0.0158676 0.0816818
v -0.0421114 -0.0194828 0.0771171
v -0.0323806 -0.0194828 0.0816818
v -0.039758 -0.0239216 0.0771171
v -0.0300844 -0.0228695 0.0816818
v -0.0369386 -0.02808 0.0771171
v -0.0274354 -0.0259882 0.0816818
v -0.0336861 -0.0319091 0.0771171
v -0.0244647 -0.0288021 0.0816818
v -0.0300386 -0.0353642 0.0771171
v -0.0212073 -0.0312784 0.0816818
v -0.026039 -0.0384046 0.0771171
v -0.0177012 -0.0333879 0.0816818
v -0.0217341 -0.0409948 0.0771171
v -0.0139875 -0.035106 0.0816818
v -0.0171744 -0.0431044 0.0771171
v -0.0101099 -0.0364126 0.0816818
v -0.0124133 -0.0447086 0.0771171
v -0.00611374 -0.0372922 0.0816818
v -0.00750666 -0.0457886 0.0771171
v -0.00204591 -0.0377346 0.0816818
v -0.00251204 -0.0463318 0.0771171
v 0.00204591 -0.0377346 0.0816818
v 0.00251204 -0.0463318 0.0771171
v 0.00611374 -0.0372922 0.0816818
v 0.00750666 -0.0457886 0.0771171
v -0.0287371 3.51928e-18 0.0852888
v -0.03779 4.62794e-18 0.0816818
v -0.0285687 -0.00310703 0.0852888
v -0.0375685 -0.00408582 0.0816818
v -0.0280653 -0.00617763 0.0852888
v -0.0369065 -0.00812374 0.0816818
v -0.0272328 -0.00917581 0.0852888
v -0.0358118 -0.0120664 0.0816818
v -0.0260811 -0.0120664 0.0852888
v -0.0342973 -0.0158676 0.0816818
v -0.0246236 -0.0148155 0.0852888
v -0.0323806 -0.0194828 0.0816818
v -0.0228774 -0.017391 0.0852888
v -0.0300844 -0.0228695 0.0816818
v -0.020863 -0.0197625 0.0852888
v -0.0274354 -0.0259882 0.0816818
v -0.018604 -0.0219024 0.0852888
v -0.0244647 -0.0288021 0.0816818
v -0.0161269 -0.0237854 0.0852888
v -0.0212073 -0.0312784 0.0816818
v -0.0134607 -0.0253896 0.0852888
v -0.0177012 -0.0333879 0.0816818
v -0.0106367 -0.0266961 0.0852888
v -0.0139875 -0.035106 0.0816818
v -0.007688 -0.0276897 0.0852888
v -0.0101099 -0.0364126 0.0816818
v -0.00464915 -0.0283586 0.0852888
v -0.00611374 -0.0372922 0.0816818
v -0.0015558 -0.028695 0.0852888
v -0.00204591 -0.0377346 0.0816818
v 0.0015558 -0.028695 0.0852888
v 0.00204591 -0.0377346 0.0816818
v 0.00464915 -0.0283586 0.0852888
v 0.00611374 -0.0372922 0.0816818
v -0.00967367 -0.00105207 0.0894724
v -0.00973071 1.19167e-18 0.0894724
v -0.0193473 2.36937e-18 0.0878958
v -0.0287371 3.51928e-18 0.0852888
v -0.0192339 -0.00209182 0.0878958
v -0.0285687 -0.00310703 0.0852888
v -0.018895 -0.00415911 0.0878958
v -0.0280653 -0.00617763 0.0852888
v -0.0183346 -0.00617763 0.0878958
v -0.0272328 -0.00917581 0.0852888
v -0.0175592 -0.00812374 0.0878958
v -0.0260811 -0.0120664 0.0852888
v -0.0165779 -0.0099746 0.0878958
v -0.0246236 -0.0148155 0.0852888
v -0.0154023 -0.0117085 0.0878958
v -0.0228774 -0.017391 0.0852888
v -0.0140461 -0.0133052 0.0878958
v -0.020863 -0.0197625 0.0852888
v -0.0125252 -0.0147458 0.0878958
v -0.018604 -0.0219024 0.0852888
v -0.0108575 -0.0160136 0.0878958
v -0.0161269 -0.0237854 0.0852888
v -0.00906246 -0.0170936 0.0878958
v -0.0134607 -0.0253896 0.0852888
v -0.00716119 -0.0179732 0.0878958
v -0.0106367 -0.0266961 0.0852888
v -0.00517596 -0.0186421 0.0878958
v -0.007688 -0.0276897 0.0852888
v -0.00313005 -0.0190925 0.0878958
v -0.00464915 -0.0283586 0.0852888
v -0.00104744 -0.019319 0.0878958
v -0.0015558 -0.028695 0.0852888
v 0.00104744 -0.019319 0.0878958
v 0.0015558 -0.028695 0.0852888
v 0.00313005 -0.0190925 0.0878958
v 0.00464915 -0.0283586 0.0852888
v -0.0877669 -0.019319 0.0048725
v -0.0893412 -0.00971644 0.0048725
v -0.0893412 -0.00971644 -0.0048725
v -0.089868 1.10057e-17 -0.0048725
v -0.0877669 -0.019319 -0.0048725
v -0.00950321 -0.00209182 0.0894724
v -0.00967367 -0.00105207 0.0894724
v -0.0192339 -0.00209182 0.0878958
v -0.0193473 2.36937e-18 0.0878958
v -0.018895 -0.00415911 0.0878958
v -0.0851637 -0.028695 0.0048725
v -0.0851637 -0.028695 -0.0048725
v -0.00922134 -0.00310703 0.0894724
v -0.0183346 -0.00617763 0.0878958
v -0.081562 -0.0377346 0.0048725
v -0.081562 -0.0377346 -0.0048725
v -0.00883135 -0.00408582 0.0894724
v -0.0175592 -0.00812374 0.0878958
v -0.077004 -0.0463318 0.0048725
v -0.077004 -0.0463318 -0.0048725
v -0.00833783 -0.00501671 0.0894724
v -0.0165779 -0.0099746 0.0878958
v -0.0715433 -0.0543858 0.0048725
v -0.0715433 -0.0543858 -0.0048725
v -0.0652438 -0.0618022 0.0048725
v -0.0652438 -0.0618022 -0.0048725
v -0.0581793 -0.068494 0.0048725
v -0.0581793 -0.068494 -0.0048725
v -0.0504328 -0.0743828 0.0048725
v -0.0504328 -0.0743828 -0.0048725
v -0.0420949 -0.0793995 0.0048725
v -0.0420949 -0.0793995 -0.0048725
v -0.0332636 -0.0834853 0.0048725
v -0.0332636 -0.0834853 -0.0048725
v -0.0240422 -0.0865923 0.0048725
v -0.0240422 -0.0865923 -0.0048725
v -0.00774655 -0.00588878 0.0894724
v -0.0154023 -0.0117085 0.0878958
v -0.00706445 -0.00669181 0.0894724
v -0.0140461 -0.0133052 0.0878958
v -0.00629953 -0.00741638 0.0894724
v -0.0125252 -0.0147458 0.0878958
v -0.00546075 -0.008054 0.0894724
v -0.0108575 -0.0160136 0.0878958
v -0.00455795 -0.0085972 0.0894724
v -0.00906246 -0.0170936 0.0878958
v -0.00360171 -0.00903961 0.0894724
v -0.00716119 -0.0179732 0.0878958
v -0.00260324 -0.00937603 0.0894724
v -0.00517596 -0.0186421 0.0878958
v -0.00157425 -0.00960252 0.0894724
v -0.00313005 -0.0190925 0.0878958
v -0.00052681 -0.00971644 0.0894724
v -0.00104744 -0.019319 0.0878958
v 0.00052681 -0.00971644 0.0894724
v 0.00104744 -0.019319 0.0878958
v 0.00157425 -0.00960252 0.0894724
v 0.00313005 -0.0190925 0.0878958
v -0.0255122 -0.0481211 -0.0716484
v -0.0289912 -0.0546832 -0.0653396
v -0.0305654 -0.0450806 -0.0716484
v -0.0347335 -0.0512281 -0.0653396
v -0.0352603 -0.0415117 -0.0716484
v -0.0321303 -0.0606041 -0.0582648
v -0.0253895 -0.0637228 -0.0582648
v -0.0275723 -0.0692013 -0.0505068
v -0.0199287 -0.0717768 -0.0505068
v -0.0212728 -0.0766177 -0.0421568
v -0.0229089 -0.0574971 -0.0653396
v -0.0201598 -0.0505973 -0.0716484
v -0.0165581 -0.059637 -0.0653396
v -0.0145711 -0.0524804 -0.0716484
v -0.018351 -0.0660943 -0.0582648
v -0.00294871 -0.0543858 -0.0716484
v -0.00335082 -0.0618022 -0.0653396
v -0.00881157 -0.0537482 -0.0716484
v -0.0100132 -0.0610776 -0.0653396
v -0.016077 -0.0597684 -0.0653396
v -0.017476 -0.066331 -0.0582648
v -0.00371364 -0.068494 -0.0582648
v -0.0110974 -0.067691 -0.0582648
v -0.0186068 -0.0721308 -0.0505068
v 0.00335082 -0.0618022 -0.0653396
v 0.00294871 -0.0543858 -0.0716484
v 0.0100132 -0.0610776 -0.0653396
v 0.00881157 -0.0537482 -0.0716484
v 0.0165581 -0.059637 -0.0653396
v 0.0145711 -0.0524804 -0.0716484
v 0.0229089 -0.0574971 -0.0653396
v -0.00403292 -0.0743828 -0.0505068
v -0.0120515 -0.0735107 -0.0505068
v -0.0194644 -0.077097 -0.0421568
v 0.00371364 -0.068494 -0.0582648
v 0.0110974 -0.067691 -0.0582648
v 0.018351 -0.0660943 -0.0582648
v 0.0253895 -0.0637228 -0.0582648
v 0.0321303 -0.0606041 -0.0582648
v -0.00430491 -0.0793995 -0.0421568
v -0.0128643 -0.0784686 -0.0421568
v 0.00403292 -0.0743828 -0.0505068
v 0.0120515 -0.0735107 -0.0505068
v 0.0199287 -0.0717768 -0.0505068
v 0.0275723 -0.0692013 -0.0505068
v 0.0348927 -0.0658146 -0.0505068
v 0.041804 -0.0616562 -0.0505068
v -0.00452644 -0.0834853 -0.0333124
v 0.00452644 -0.0834853 -0.0333124
v 0.0046949 -0.0865923 -0.0240775
v 0.0140297 -0.0855771 -0.0240775
v 0.00430491 -0.0793995 -0.0421568
v 0.0128643 -0.0784686 -0.0421568
v 0.0212728 -0.0766177 -0.0421568
v 0.0294319 -0.0738686 -0.0421568
v 0.037246 -0.0702534 -0.0421568
v 0.0446234 -0.0658146 -0.0421568
v 0.0514776 -0.0606041 -0.0421568
v -0.016077 -0.0597684 -0.0653396
v -0.0144188 -0.0525225 -0.0716484
v -0.00881157 -0.0537482 -0.0716484
v 0.0135263 -0.0825065 -0.0333124
v 0.0231999 -0.0835586 -0.0240775
v 0.0237604 -0.0855771 -0.0145604
v 0.0328736 -0.0825065 -0.0145604
v 0.0332636 -0.0834853 -0.0048725
v 0.0420949 -0.0793995 -0.0048725
v 0.0420949 -0.0793995 0.0048725
v 0.0504328 -0.0743828 0.0048725
v 0.0498415 -0.0735107 0.0145604
v 0.0574972 -0.067691 0.0145604
v 0.056141 -0.0660943 0.0240775
v 0.062958 -0.059637 0.0240775
v 0.060699 -0.0574971 0.0333124
v 0.0665597 -0.0505973 0.0333124
v 0.0633022 -0.0481211 0.0421568
v 0.0681339 -0.0409948 0.0421568
v 0.063829 -0.0384046 0.0505068
v 0.0676071 -0.0312784 0.0505068
v 0.0622548 -0.0288021 0.0582648
v 0.0650039 -0.0219024 0.0582648
v 0.0586531 -0.0197625 0.0653396
v 0.0604459 -0.0133052 0.0653396
v 0.0531923 -0.0117085 0.0716484
v 0.0541464 -0.00588878 0.0716484
v 0.0461278 -0.00501671 0.0771171
v 0.0463998 0 0.0771171
v 0.03779 0 0.0816818
v 0.0375685 0.00408582 0.0816818
v 0.0285687 0.00310703 0.0852888
v 0.0280653 0.00617763 0.0852888
v 0.018895 0.00415911 0.0878958
v 0.0183346 0.00617763 0.0878958
v 0.00922134 0.00310703 0.0894724
v 0.00883135 0.00408582 0.0894724
v 0.0135263 -0.0825065 -0.0333124
v 0.00430491 -0.0793995 -0.0421568
v 0.0128643 -0.0784686 -0.0421568
v 0.0223675 -0.0805604 -0.0333124
v 0.0212728 -0.0766177 -0.0421568
v 0.0309465 -0.0776698 -0.0333124
v 0.0294319 -0.0738686 -0.0421568
v 0.0391626 -0.0738686 -0.0333124
v 0.037246 -0.0702534 -0.0421568
v 0.0469197 -0.0692013 -0.0333124
v 0.0446234 -0.0658146 -0.0421568
v 0.0541266 -0.0637228 -0.0333124
v 0.0514776 -0.0606041 -0.0421568
v 0.060699 -0.0574971 -0.0333124
v 0.0237604 -0.0855771 -0.0145604
v 0.0143686 -0.0876444 -0.0145604
v 0.0140297 -0.0855771 -0.0240775
v 0.0320982 -0.0805604 -0.0240775
v 0.0231999 -0.0835586 -0.0240775
v 0.0328736 -0.0825065 -0.0145604
v 0.0416014 -0.0784686 -0.0145604
v 0.0420949 -0.0793995 -0.0048725
v 0.0504328 -0.0743828 -0.0048725
v 0.0504328 -0.0743828 0.0048725
v 0.0581793 -0.068494 0.0048725
v 0.0574972 -0.067691 0.0145604
v 0.0644788 -0.0610776 0.0145604
v 0.062958 -0.059637 0.0240775
v 0.0690368 -0.0524804 0.0240775
v 0.0665597 -0.0505973 0.0333124
v 0.07164 -0.0431044 0.0333124
v 0.0681339 -0.0409948 0.0421568
v 0.0721668 -0.0333879 0.0421568
v 0.0676071 -0.0312784 0.0505068
v 0.0705926 -0.0237854 0.0505068
v 0.0650039 -0.0219024 0.0582648
v 0.0669909 -0.0147458 0.0582648
v 0.0604459 -0.0133052 0.0653396
v 0.0615301 -0.00669181 0.0653396
v 0.0541464 -0.00588878 0.0716484
v 0.0544657 0 0.0716484
v 0.0463998 0 0.0771171
v 0.0461278 0.00501671 0.0771171
v 0.0375685 0.00408582 0.0816818
v 0.0369065 0.00812374 0.0816818
v 0.0280653 0.00617763 0.0852888
v 0.0272328 0.00917581 0.0852888
v 0.0183346 0.00617763 0.0878958
v 0.0175592 0.00812374 0.0878958
v 0.00883135 0.00408582 0.0894724
v 0.00833783 0.00501671 0.0894724
v 0.0320982 -0.0805604 -0.0240775
v 0.0309465 -0.0776698 -0.0333124
v 0.0406201 -0.0766177 -0.0240775
v 0.0391626 -0.0738686 -0.0333124
v 0.0486659 -0.0717768 -0.0240775
v 0.0469197 -0.0692013 -0.0333124
v 0.056141 -0.0660943 -0.0240775
v 0.0541266 -0.0637228 -0.0333124
v 0.062958 -0.059637 -0.0240775
v 0.060699 -0.0574971 -0.0333124
v 0.0690368 -0.0524804 -0.0240775
v 0.0240422 -0.0865923 0.0048725
v 0.0240422 -0.0865923 -0.0048725
v 0.0332636 -0.0834853 0.0048725
v 0.0237604 -0.0855771 0.0145604
v 0.0328736 -0.0825065 0.0145604
v 0.0416014 -0.0784686 0.0145604
v 0.0231999 -0.0835586 0.0240775
v 0.0320982 -0.0805604 0.0240775
v 0.0406201 -0.0766177 0.0240775
v 0.0486659 -0.0717768 0.0240775
v 0.0223675 -0.0805604 0.0333124
v 0.0309465 -0.0776698 0.0333124
v 0.0391626 -0.0738686 0.0333124
v 0.0469197 -0.0692013 0.0333124
v 0.0541266 -0.0637228 0.0333124
v 0.0212728 -0.0766177 0.0421568
v 0.0294319 -0.0738686 0.0421568
v 0.037246 -0.0702534 0.0421568
v 0.0446234 -0.0658146 0.0421568
v 0.0514776 -0.0606041 0.0421568
v 0.0577283 -0.0546832 0.0421568
v 0.0199287 -0.0717768 0.0505068
v 0.0275723 -0.0692013 0.0505068
v 0.0348927 -0.0658146 0.0505068
v 0.041804 -0.0616562 0.0505068
v 0.0482251 -0.056775 0.0505068
v 0.0540809 -0.0512281 0.0505068
v 0.0593026 -0.0450806 0.0505068
v 0.018351 -0.0660943 0.0582648
v 0.0253895 -0.0637228 0.0582648
v 0.0321303 -0.0606041 0.0582648
v 0.0384944 -0.056775 0.0582648
v 0.0444072 -0.0522802 0.0582648
v 0.0497994 -0.0471725 0.0582648
v 0.0546077 -0.0415117 0.0582648
v 0.0587758 -0.0353642 0.0582648
v 0.0165581 -0.059637 0.0653396
v 0.0229089 -0.0574971 0.0653396
v 0.0289912 -0.0546832 0.0653396
v 0.0347335 -0.0512281 0.0653396
v 0.0400686 -0.0471725 0.0653396
v 0.044934 -0.0425637 0.0653396
v 0.0492725 -0.037456 0.0653396
v 0.0530334 -0.0319091 0.0653396
v 0.0561725 -0.0259882 0.0653396
v 0.0145711 -0.0524804 0.0716484
v 0.0201598 -0.0505973 0.0716484
v 0.0255122 -0.0481211 0.0716484
v 0.0305654 -0.0450806 0.0716484
v 0.0352603 -0.0415117 0.0716484
v 0.0395418 -0.037456 0.0716484
v 0.0433597 -0.0329612 0.0716484
v 0.0466693 -0.02808 0.0716484
v 0.0494317 -0.0228695 0.0716484
v 0.0516146 -0.017391 0.0716484
v 0.0124133 -0.0447086 0.0771171
v 0.0171744 -0.0431044 0.0771171
v 0.0217341 -0.0409948 0.0771171
v 0.026039 -0.0384046 0.0771171
v 0.0300386 -0.0353642 0.0771171
v 0.0336861 -0.0319091 0.0771171
v 0.0369386 -0.02808 0.0771171
v 0.039758 -0.0239216 0.0771171
v 0.0421114 -0.0194828 0.0771171
v 0.043971 -0.0148155 0.0771171
v 0.045315 -0.0099746 0.0771171
v 0.0101099 -0.0364126 0.0816818
v 0.0139875 -0.035106 0.0816818
v 0.0177012 -0.0333879 0.0816818
v 0.0212073 -0.0312784 0.0816818
v 0.0244647 -0.0288021 0.0816818
v 0.0274354 -0.0259882 0.0816818
v 0.0300844 -0.0228695 0.0816818
v 0.0323806 -0.0194828 0.0816818
v 0.0342973 -0.0158676 0.0816818
v 0.0358118 -0.0120664 0.0816818
v 0.0369065 -0.00812374 0.0816818
v 0.0375685 -0.00408582 0.0816818
v 0.007688 -0.0276897 0.0852888
v 0.0106367 -0.0266961 0.0852888
v 0.0134607 -0.0253896 0.0852888
v 0.0161269 -0.0237854 0.0852888
v 0.018604 -0.0219024 0.0852888
v 0.020863 -0.0197625 0.0852888
v 0.0228774 -0.017391 0.0852888
v 0.0246236 -0.0148155 0.0852888
v 0.0260811 -0.0120664 0.0852888
v 0.0272328 -0.00917581 0.0852888
v 0.0280653 -0.00617763 0.0852888
v 0.0285687 -0.00310703 0.0852888
v 0.0287371 0 0.0852888
v 0.00517596 -0.0186421 0.0878958
v 0.00716119 -0.0179732 0.0878958
v 0.00906246 -0.0170936 0.0878958
v 0.0108575 -0.0160136 0.0878958
v 0.0125252 -0.0147458 0.0878958
v 0.0140461 -0.0133052 0.0878958
v 0.0154023 -0.0117085 0.0878958
v 0.0165779 -0.0099746 0.0878958
v 0.0175592 -0.00812374 0.0878958
v 0.0183346 -0.00617763 0.0878958
v 0.018895 -0.00415911 0.0878958
v 0.0192339 -0.00209182 0.0878958
v 0.0193473 0 0.0878958
v 0.0192339 0.00209182 0.0878958
v 0.00260324 -0.00937603 0.0894724
v 0.00360171 -0.00903961 0.0894724
v 0.00455795 -0.0085972 0.0894724
v 0.00546075 -0.008054 0.0894724
v 0.00629953 -0.00741638 0.0894724
v 0.00706445 -0.00669181 0.0894724
v 0.00774655 -0.00588878 0.0894724
v 0.00833783 -0.00501671 0.0894724
v 0.00883135 -0.00408582 0.0894724
v 0.00922134 -0.00310703 0.0894724
v 0.00950321 -0.00209182 0.0894724
v 0.00967367 -0.00105207 0.0894724
v 0.00973071 0 0.0894724
v 0.00967367 0.00105207 0.0894724
v 0.00950321 0.00209182 0.0894724
v -5.51091e-18 6.74892e-34 0.09
v 0.0320982 -0.0805604 -0.0240775
v 0.0406201 -0.0766177 -0.0240775
v 0.0416014 -0.0784686 -0.0145604
v 0.0498415 -0.0735107 -0.0145604
v 0.0504328 -0.0743828 -0.0048725
v 0.0581793 -0.068494 -0.0048725
v 0.0581793 -0.068494 0.0048725
v 0.0652438 -0.0618022 0.0048725
v 0.0644788 -0.0610776 0.0145604
v 0.0707045 -0.0537482 0.0145604
v 0.0690368 -0.0524804 0.0240775
v 0.0743062 -0.0447086 0.0240775
v 0.07164 -0.0431044 0.0333124
v 0.0758805 -0.035106 0.0333124
v 0.0721668 -0.0333879 0.0421568
v 0.0753537 -0.0253896 0.0421568
v 0.0705926 -0.0237854 0.0505068
v 0.0727504 -0.0160136 0.0505068
v 0.0669909 -0.0147458 0.0582648
v 0.0681925 -0.00741638 0.0582648
v 0.0615301 -0.00669181 0.0653396
v 0.061893 0 0.0653396
v 0.0544657 0 0.0716484
v 0.0541464 0.00588878 0.0716484
v 0.0461278 0.00501671 0.0771171
v 0.045315 0.0099746 0.0771171
v 0.0369065 0.00812374 0.0816818
v 0.0358118 0.0120664 0.0816818
v 0.0272328 0.00917581 0.0852888
v 0.0260811 0.0120664 0.0852888
v 0.0175592 0.00812374 0.0878958
v 0.0165779 0.0099746 0.0878958
v 0.00833783 0.00501671 0.0894724
v 0.00774655 0.00588878 0.0894724
v 0.0498415 -0.0735107 -0.0145604
v 0.0406201 -0.0766177 -0.0240775
v 0.0486659 -0.0717768 -0.0240775
v 0.0574972 -0.067691 -0.0145604
v 0.056141 -0.0660943 -0.0240775
v 0.0644788 -0.0610776 -0.0145604
v 0.062958 -0.059637 -0.0240775
v 0.0707045 -0.0537482 -0.0145604
v 0.0690368 -0.0524804 -0.0240775
v 0.0761012 -0.0457886 -0.0145604
v 0.0352603 -0.0415117 -0.0716484
v 0.0395418 -0.037456 -0.0716484
v 0.044934 -0.0425637 -0.0653396
v 0.0492725 -0.037456 -0.0653396
v 0.0546077 -0.0415117 -0.0582648
v 0.0587758 -0.0353642 -0.0582648
v 0.063829 -0.0384046 -0.0505068
v 0.0676071 -0.0312784 -0.0505068
v 0.0721668 -0.0333879 -0.0421568
v 0.0753537 -0.0253896 -0.0421568
v 0.0792313 -0.0266961 -0.0333124
v 0.0816532 -0.0179732 -0.0333124
v 0.084692 -0.0186421 -0.0240775
v 0.0862111 -0.00937603 -0.0240775
v 0.0882938 -0.00960252 -0.0145604
v 0.0888144 0 -0.0145604
v 0.089868 0 -0.0048725
v 0.0893412 0.00971644 -0.0048725
v 0.0893412 0.00971644 0.0048725
v 0.0877669 0.019319 0.0048725
v 0.086738 0.0190925 0.0145604
v 0.0841652 0.0283586 0.0145604
v 0.08218 0.0276897 0.0240775
v 0.0787045 0.0364126 0.0240775
v 0.0758805 0.035106 0.0333124
v 0.07164 0.0431044 0.0333124
v 0.0681339 0.0409948 0.0421568
v 0.0633022 0.0481211 0.0421568
v 0.0593026 0.0450806 0.0505068
v 0.0540809 0.0512281 0.0505068
v 0.0497994 0.0471725 0.0582648
v 0.0444072 0.0522802 0.0582648
v 0.0400686 0.0471725 0.0653396
v 0.0347335 0.0512281 0.0653396
v 0.0305654 0.0450806 0.0716484
v 0.0255122 0.0481211 0.0716484
v 0.0217341 0.0409948 0.0771171
v 0.0171744 0.0431044 0.0771171
v 0.0139875 0.035106 0.0816818
v 0.0101099 0.0364126 0.0816818
v 0.007688 0.0276897 0.0852888
v 0.00464915 0.0283586 0.0852888
v 0.00313005 0.0190925 0.0878958
v 0.00104744 0.019319 0.0878958
v 0.00052681 0.00971644 0.0894724
v -0.00052681 0.00971644 0.0894724
v 0.0644788 -0.0610776 -0.0145604
v 0.0652438 -0.0618022 -0.0048725
v 0.0574972 -0.067691 -0.0145604
v 0.0581793 -0.068494 -0.0048725
v 0.0498415 -0.0735107 -0.0145604
v 0.0652438 -0.0618022 0.0048725
v 0.0715433 -0.0543858 0.0048725
v 0.0707045 -0.0537482 0.0145604
v 0.0761012 -0.0457886 0.0145604
v 0.0743062 -0.0447086 0.0240775
v 0.0787045 -0.0364126 0.0240775
v 0.0758805 -0.035106 0.0333124
v 0.0792313 -0.0266961 0.0333124
v 0.0753537 -0.0253896 0.0421568
v 0.077657 -0.0170936 0.0421568
v 0.0727504 -0.0160136 0.0505068
v 0.0740553 -0.008054 0.0505068
v 0.0681925 -0.00741638 0.0582648
v 0.0685946 0 0.0582648
v 0.061893 0 0.0653396
v 0.0615301 0.00669181 0.0653396
v 0.0541464 0.00588878 0.0716484
v 0.0531923 0.0117085 0.0716484
v 0.045315 0.0099746 0.0771171
v 0.043971 0.0148155 0.0771171
v 0.0358118 0.0120664 0.0816818
v 0.0342973 0.0158676 0.0816818
v 0.0260811 0.0120664 0.0852888
v 0.0246236 0.0148155 0.0852888
v 0.0165779 0.0099746 0.0878958
v 0.0154023 0.0117085 0.0878958
v 0.00774655 0.00588878 0.0894724
v 0.00706445 0.00669181 0.0894724
v 0.0652438 -0.0618022 -0.0048725
v 0.0644788 -0.0610776 -0.0145604
v 0.0715433 -0.0543858 -0.0048725
v 0.0707045 -0.0537482 -0.0145604
v 0.077004 -0.0463318 -0.0048725
v 0.0761012 -0.0457886 -0.0145604
v 0.081562 -0.0377346 -0.0048725
v 0.0395418 -0.037456 -0.0716484
v 0.0433597 -0.0329612 -0.0716484
v 0.0492725 -0.037456 -0.0653396
v 0.0530334 -0.0319091 -0.0653396
v 0.0587758 -0.0353642 -0.0582648
v 0.0622548 -0.0288021 -0.0582648
v 0.0676071 -0.0312784 -0.0505068
v 0.0705926 -0.0237854 -0.0505068
v 0.0753537 -0.0253896 -0.0421568
v 0.077657 -0.0170936 -0.0421568
v 0.0816532 -0.0179732 -0.0333124
v 0.0831178 -0.00903961 -0.0333124
v 0.0862111 -0.00937603 -0.0240775
v 0.0867195 0 -0.0240775
v 0.0888144 0 -0.0145604
v 0.0882938 0.00960252 -0.0145604
v 0.0893412 0.00971644 -0.0048725
v 0.0877669 0.019319 -0.0048725
v 0.0877669 0.019319 0.0048725
v 0.0851637 0.028695 0.0048725
v 0.0841652 0.0283586 0.0145604
v 0.0806058 0.0372922 0.0145604
v 0.0787045 0.0364126 0.0240775
v 0.0743062 0.0447086 0.0240775
v 0.07164 0.0431044 0.0333124
v 0.0665597 0.0505973 0.0333124
v 0.0633022 0.0481211 0.0421568
v 0.0577283 0.0546832 0.0421568
v 0.0540809 0.0512281 0.0505068
v 0.0482251 0.056775 0.0505068
v 0.0444072 0.0522802 0.0582648
v 0.0384944 0.056775 0.0582648
v 0.0347335 0.0512281 0.0653396
v 0.0289912 0.0546832 0.0653396
v 0.0255122 0.0481211 0.0716484
v 0.0201598 0.0505973 0.0716484
v 0.0171744 0.0431044 0.0771171
v 0.0124133 0.0447086 0.0771171
v 0.0101099 0.0364126 0.0816818
v 0.00611374 0.0372922 0.0816818
v 0.00464915 0.0283586 0.0852888
v 0.0015558 0.028695 0.0852888
v 0.00104744 0.019319 0.0878958
v -0.00104744 0.019319 0.0878958
v -0.00052681 0.00971644 0.0894724
v -0.00157425 0.00960252 0.0894724
v 0.0652438 -0.0618022 -0.0048725
v 0.0715433 -0.0543858 -0.0048725
v 0.0715433 -0.0543858 0.0048725
v 0.077004 -0.0463318 0.0048725
v 0.0761012 -0.0457886 0.0145604
v 0.0806058 -0.0372922 0.0145604
v 0.0787045 -0.0364126 0.0240775
v 0.08218 -0.0276897 0.0240775
v 0.0792313 -0.0266961 0.0333124
v 0.0816532 -0.0179732 0.0333124
v 0.077657 -0.0170936 0.0421568
v 0.07905 -0.0085972 0.0421568
v 0.0740553 -0.008054 0.0505068
v 0.074492 0 0.0505068
v 0.0685946 0 0.0582648
v 0.0681925 0.00741638 0.0582648
v 0.0615301 0.00669181 0.0653396
v 0.0604459 0.0133052 0.0653396
v 0.0531923 0.0117085 0.0716484
v 0.0516146 0.017391 0.0716484
v 0.043971 0.0148155 0.0771171
v 0.0421114 0.0194828 0.0771171
v 0.0342973 0.0158676 0.0816818
v 0.0323806 0.0194828 0.0816818
v 0.0246236 0.0148155 0.0852888
v 0.0228774 0.017391 0.0852888
v 0.0154023 0.0117085 0.0878958
v 0.0140461 0.0133052 0.0878958
v 0.00706445 0.00669181 0.0894724
v 0.00629953 0.00741638 0.0894724
v 0.0715433 -0.0543858 -0.0048725
v 0.077004 -0.0463318 -0.0048725
v 0.0433597 -0.0329612 -0.0716484
v 0.0466693 -0.02808 -0.0716484
v 0.0530334 -0.0319091 -0.0653396
v 0.0561725 -0.0259882 -0.0653396
v 0.0622548 -0.0288021 -0.0582648
v 0.0650039 -0.0219024 -0.0582648
v 0.0705926 -0.0237854 -0.0505068
v 0.0727504 -0.0160136 -0.0505068
v 0.077657 -0.0170936 -0.0421568
v 0.07905 -0.0085972 -0.0421568
v 0.0831178 -0.00903961 -0.0333124
v 0.0836079 0 -0.0333124
v 0.0867195 0 -0.0240775
v 0.0862111 0.00937603 -0.0240775
v 0.0882938 0.00960252 -0.0145604
v 0.086738 0.0190925 -0.0145604
v 0.0877669 0.019319 -0.0048725
v 0.0851637 0.028695 -0.0048725
v 0.0851637 0.028695 0.0048725
v 0.081562 0.0377346 0.0048725
v 0.0806058 0.0372922 0.0145604
v 0.0761012 0.0457886 0.0145604
v 0.0743062 0.0447086 0.0240775
v 0.0690368 0.0524804 0.0240775
v 0.0665597 0.0505973 0.0333124
v 0.060699 0.0574971 0.0333124
v 0.0577283 0.0546832 0.0421568
v 0.0514776 0.0606041 0.0421568
v 0.0482251 0.056775 0.0505068
v 0.041804 0.0616562 0.0505068
v 0.0384944 0.056775 0.0582648
v 0.0321303 0.0606041 0.0582648
v 0.0289912 0.0546832 0.0653396
v 0.0229089 0.0574971 0.0653396
v 0.0201598 0.0505973 0.0716484
v 0.0145711 0.0524804 0.0716484
v 0.0124133 0.0447086 0.0771171
v 0.00750666 0.0457886 0.0771171
v 0.00611374 0.0372922 0.0816818
v 0.00204591 0.0377346 0.0816818
v 0.0015558 0.028695 0.0852888
v -0.0015558 0.028695 0.0852888
v -0.00104744 0.019319 0.0878958
v -0.00313005 0.0190925 0.0878958
v -0.00157425 0.00960252 0.0894724
v -0.00260324 0.00937603 0.0894724
v 0.077004 -0.0463318 0.0048725
v 0.077004 -0.0463318 -0.0048725
v 0.081562 -0.0377346 0.0048725
v 0.081562 -0.0377346 -0.0048725
v 0.0851637 -0.028695 0.0048725
v 0.0494317 -0.0228695 -0.0716484
v 0.0586531 -0.0197625 -0.0653396
v 0.0561725 -0.0259882 -0.0653396
v 0.0650039 -0.0219024 -0.0582648
v 0.0727504 -0.0160136 -0.0505068
v 0.0669909 -0.0147458 -0.0582648
v 0.0841652 -0.0283586 0.0145604
v 0.0806058 -0.0372922 0.0145604
v 0.08218 -0.0276897 0.0240775
v 0.084692 -0.0186421 0.0240775
v 0.0816532 -0.0179732 0.0333124
v 0.0831178 -0.00903961 0.0333124
v 0.07905 -0.0085972 0.0421568
v 0.0795161 0 0.0421568
v 0.074492 0 0.0505068
v 0.0740553 0.008054 0.0505068
v 0.0681925 0.00741638 0.0582648
v 0.0669909 0.0147458 0.0582648
v 0.0604459 0.0133052 0.0653396
v 0.0586531 0.0197625 0.0653396
v 0.0516146 0.017391 0.0716484
v 0.0494317 0.0228695 0.0716484
v 0.0421114 0.0194828 0.0771171
v 0.039758 0.0239216 0.0771171
v 0.0323806 0.0194828 0.0816818
v 0.0300844 0.0228695 0.0816818
v 0.0228774 0.017391 0.0852888
v 0.020863 0.0197625 0.0852888
v 0.0140461 0.0133052 0.0878958
v 0.0125252 0.0147458 0.0878958
v 0.00629953 0.00741638 0.0894724
v 0.00546075 0.008054 0.0894724
v -5.51091e-18 6.74892e-34 0.09
v 0.086738 -0.0190925 0.0145604
v 0.0841652 -0.0283586 0.0145604
v 0.0851637 -0.028695 0.0048725
v 0.0466693 -0.02808 -0.0716484
v 0.0494317 -0.0228695 -0.0716484
v 0.0561725 -0.0259882 -0.0653396
v 0.07905 -0.0085972 -0.0421568
v 0.0727504 -0.0160136 -0.0505068
v 0.0740553 -0.008054 -0.0505068
v 0.0669909 -0.0147458 -0.0582648
v 0.0831178 -0.00903961 0.0333124
v 0.084692 -0.0186421 0.0240775
v 0.0862111 -0.00937603 0.0240775
v 0.0836079 0 -0.0333124
v 0.0795161 0 -0.0421568
v 0.0795161 0 0.0421568
v 0.0836079 0 0.0333124
v 0.0544657 0 -0.0716484
v 0.0541464 0.00588878 -0.0716484
v 0.0615301 0.00669181 -0.0653396
v 0.0604459 0.0133052 -0.0653396
v 0.0669909 0.0147458 -0.0582648
v 0.0650039 0.0219024 -0.0582648
v 0.0705926 0.0237854 -0.0505068
v 0.0676071 0.0312784 -0.0505068
v 0.0721668 0.0333879 -0.0421568
v 0.0681339 0.0409948 -0.0421568
v 0.07164 0.0431044 -0.0333124
v 0.0665597 0.0505973 -0.0333124
v 0.0690368 0.0524804 -0.0240775
v 0.062958 0.059637 -0.0240775
v 0.0644788 0.0610776 -0.0145604
v 0.0574972 0.067691 -0.0145604
v 0.0581793 0.068494 -0.0048725
v 0.0504328 0.0743828 -0.0048725
v 0.0504328 0.0743828 0.0048725
v 0.0420949 0.0793995 0.0048725
v 0.0831178 0.00903961 -0.0333124
v 0.0862111 0.00937603 -0.0240775
v 0.084692 0.0186421 -0.0240775
v 0.086738 0.0190925 -0.0145604
v 0.0841652 0.0283586 -0.0145604
v 0.0851637 0.028695 -0.0048725
v 0.081562 0.0377346 -0.0048725
v 0.081562 0.0377346 0.0048725
v 0.077004 0.0463318 0.0048725
v 0.0761012 0.0457886 0.0145604
v 0.0707045 0.0537482 0.0145604
v 0.0690368 0.0524804 0.0240775
v 0.062958 0.059637 0.0240775
v 0.060699 0.0574971 0.0333124
v 0.0541266 0.0637228 0.0333124
v 0.0514776 0.0606041 0.0421568
v 0.0446234 0.0658146 0.0421568
v 0.041804 0.0616562 0.0505068
v 0.0348927 0.0658146 0.0505068
v 0.0321303 0.0606041 0.0582648
v 0.0253895 0.0637228 0.0582648
v 0.0229089 0.0574971 0.0653396
v 0.0165581 0.059637 0.0653396
v 0.0145711 0.0524804 0.0716484
v 0.00881157 0.0537482 0.0716484
v 0.00750666 0.0457886 0.0771171
v 0.00251204 0.0463318 0.0771171
v 0.00204591 0.0377346 0.0816818
v -0.00204591 0.0377346 0.0816818
v -0.0015558 0.028695 0.0852888
v -0.00464915 0.0283586 0.0852888
v -0.00313005 0.0190925 0.0878958
v -0.00517596 0.0186421 0.0878958
v -0.00260324 0.00937603 0.0894724
v -0.00360171 0.00903961 0.0894724
v 0.0795161 0 0.0421568
v 0.0836079 0 0.0333124
v 0.07905 0.0085972 0.0421568
v 0.0740553 0.008054 0.0505068
v 0.0727504 0.0160136 0.0505068
v 0.0669909 0.0147458 0.0582648
v 0.0650039 0.0219024 0.0582648
v 0.0586531 0.0197625 0.0653396
v 0.0561725 0.0259882 0.0653396
v 0.0494317 0.0228695 0.0716484
v 0.0466693 0.02808 0.0716484
v 0.039758 0.0239216 0.0771171
v 0.0369386 0.02808 0.0771171
v 0.0300844 0.0228695 0.0816818
v 0.0274354 0.0259882 0.0816818
v 0.020863 0.0197625 0.0852888
v 0.018604 0.0219024 0.0852888
v 0.0125252 0.0147458 0.0878958
v 0.0108575 0.0160136 0.0878958
v 0.00546075 0.008054 0.0894724
v 0.00455795 0.0085972 0.0894724
v 0.0541464 0.00588878 -0.0716484
v 0.0531923 0.0117085 -0.0716484
v 0.0604459 0.0133052 -0.0653396
v 0.0586531 0.0197625 -0.0653396
v 0.0650039 0.0219024 -0.0582648
v 0.0622548 0.0288021 -0.0582648
v 0.0676071 0.0312784 -0.0505068
v 0.063829 0.0384046 -0.0505068
v 0.0681339 0.0409948 -0.0421568
v 0.0633022 0.0481211 -0.0421568
v 0.0665597 0.0505973 -0.0333124
v 0.060699 0.0574971 -0.0333124
v 0.062958 0.059637 -0.0240775
v 0.056141 0.0660943 -0.0240775
v 0.0574972 0.067691 -0.0145604
v 0.0498415 0.0735107 -0.0145604
v 0.0504328 0.0743828 -0.0048725
v 0.0420949 0.0793995 -0.0048725
v 0.0420949 0.0793995 0.0048725
v 0.0332636 0.0834853 0.0048725
v 0.0516146 0.017391 -0.0716484
v 0.0561725 0.0259882 -0.0653396
v 0.0587758 0.0353642 -0.0582648
v 0.0593026 0.0450806 -0.0505068
v 0.0577283 0.0546832 -0.0421568
v 0.0541266 0.0637228 -0.0333124
v 0.0486659 0.0717768 -0.0240775
v 0.0416014 0.0784686 -0.0145604
v 0.0332636 0.0834853 -0.0048725
v 0.0240422 0.0865923 0.0048725
v 0.0494317 0.0228695 -0.0716484
v 0.0530334 0.0319091 -0.0653396
v 0.0546077 0.0415117 -0.0582648
v 0.0540809 0.0512281 -0.0505068
v 0.0514776 0.0606041 -0.0421568
v 0.0469197 0.0692013 -0.0333124
v 0.0406201 0.0766177 -0.0240775
v 0.0328736 0.0825065 -0.0145604
v 0.0240422 0.0865923 -0.0048725
v 0.0255122 0.0481211 -0.0716484
v 0.0289912 0.0546832 -0.0653396
v 0.0305654 0.0450806 -0.0716484
v 0.0347335 0.0512281 -0.0653396
v 0.0352603 0.0415117 -0.0716484
v 0.0321303 0.0606041 -0.0582648
v 0.0253895 0.0637228 -0.0582648
v 0.0275723 0.0692013 -0.0505068
v 0.0199287 0.0717768 -0.0505068
v 0.0212728 0.0766177 -0.0421568
v 0.0229089 0.0574971 -0.0653396
v 0.0201598 0.0505973 -0.0716484
v 0.0165581 0.059637 -0.0653396
v 0.0145711 0.0524804 -0.0716484
v 0.0320982 0.0805604 0.0240775
v 0.0416014 0.0784686 0.0145604
v 0.0328736 0.0825065 0.0145604
v 0.018351 0.0660943 -0.0582648
v 0.0231999 0.0835586 0.0240775
v 0.0237604 0.0855771 0.0145604
v 0.0140297 0.0855771 0.0240775
v 0.0223675 0.0805604 0.0333124
v 0.0135263 0.0825065 0.0333124
v 0.0128643 0.0784686 0.0421568
v 0.00430491 0.0793995 0.0421568
v 0.00403292 0.0743828 0.0505068
v -0.00403292 0.0743828 0.0505068
v -0.00371364 0.068494 0.0582648
v -0.0110974 0.067691 0.0582648
v -0.0100132 0.0610776 0.0653396
v 0.00294871 0.0543858 -0.0716484
v 0.00335082 0.0618022 -0.0653396
v 0.00881157 0.0537482 -0.0716484
v 0.0100132 0.0610776 -0.0653396
v 0.016077 0.0597684 -0.0653396
v 0.017476 0.066331 -0.0582648
v 0.00371364 0.068494 -0.0582648
v 0.0110974 0.067691 -0.0582648
v 0.0186068 0.0721308 -0.0505068
v -0.00335082 0.0618022 -0.0653396
v -0.00294871 0.0543858 -0.0716484
v -0.0100132 0.0610776 -0.0653396
v -0.00881157 0.0537482 -0.0716484
v -0.0165581 0.059637 -0.0653396
v -0.0145711 0.0524804 -0.0716484
v -0.0229089 0.0574971 -0.0653396
v 0.00403292 0.0743828 -0.0505068
v 0.0120515 0.0735107 -0.0505068
v 0.0194644 0.077097 -0.0421568
v -0.00371364 0.068494 -0.0582648
v -0.0110974 0.067691 -0.0582648
v -0.018351 0.0660943 -0.0582648
v -0.0253895 0.0637228 -0.0582648
v -0.0321303 0.0606041 -0.0582648
v 0.00430491 0.0793995 -0.0421568
v 0.0128643 0.0784686 -0.0421568
v -0.00403292 0.0743828 -0.0505068
v -0.0120515 0.0735107 -0.0505068
v -0.0199287 0.0717768 -0.0505068
v -0.0275723 0.0692013 -0.0505068
v -0.0348927 0.0658146 -0.0505068
v -0.041804 0.0616562 -0.0505068
v 0.00452644 0.0834853 -0.0333124
v -0.00452644 0.0834853 -0.0333124
v -0.0046949 0.0865923 -0.0240775
v -0.0140297 0.0855771 -0.0240775
v -0.00430491 0.0793995 -0.0421568
v -0.0128643 0.0784686 -0.0421568
v -0.0212728 0.0766177 -0.0421568
v -0.0294319 0.0738686 -0.0421568
v -0.037246 0.0702534 -0.0421568
v -0.0446234 0.0658146 -0.0421568
v -0.0514776 0.0606041 -0.0421568
v 0.016077 0.0597684 -0.0653396
v 0.0144188 0.0525225 -0.0716484
v 0.00881157 0.0537482 -0.0716484
v -0.0135263 0.0825065 -0.0333124
v -0.0231999 0.0835586 -0.0240775
v -0.0237604 0.0855771 -0.0145604
v -0.0328736 0.0825065 -0.0145604
v -0.0332636 0.0834853 -0.0048725
v -0.0420949 0.0793995 -0.0048725
v -0.0420949 0.0793995 0.0048725
v -0.0504328 0.0743828 0.0048725
v -0.0498415 0.0735107 0.0145604
v -0.0574972 0.067691 0.0145604
v -0.056141 0.0660943 0.0240775
v -0.062958 0.059637 0.0240775
v -0.060699 0.0574971 0.0333124
v -0.0665597 0.0505973 0.0333124
v -0.0633022 0.0481211 0.0421568
v -0.0681339 0.0409948 0.0421568
v -0.063829 0.0384046 0.0505068
v -0.0676071 0.0312784 0.0505068
v -0.0622548 0.0288021 0.0582648
v -0.0650039 0.0219024 0.0582648
v -0.0586531 0.0197625 0.0653396
v -0.0604459 0.0133052 0.0653396
v -0.0531923 0.0117085 0.0716484
v -0.0541464 0.00588878 0.0716484
v -0.0461278 0.00501671 0.0771171
v -0.00430491 0.0793995 -0.0421568
v -0.0128643 0.0784686 -0.0421568
v -0.0223675 0.0805604 -0.0333124
v -0.0212728 0.0766177 -0.0421568
v -0.0309465 0.0776698 -0.0333124
v -0.0294319 0.0738686 -0.0421568
v -0.0391626 0.0738686 -0.0333124
v -0.037246 0.0702534 -0.0421568
v -0.0469197 0.0692013 -0.0333124
v -0.0446234 0.0658146 -0.0421568
v -0.0541266 0.0637228 -0.0333124
v -0.0514776 0.0606041 -0.0421568
v -0.060699 0.0574971 -0.0333124
v -0.0237604 0.0855771 -0.0145604
v -0.0143686 0.0876444 -0.0145604
v -0.0140297 0.0855771 -0.0240775
v -0.0320982 0.0805604 -0.0240775
v -0.0231999 0.0835586 -0.0240775
v -0.0135263 0.0825065 -0.0333124
v -0.0328736 0.0825065 -0.0145604
v -0.0416014 0.0784686 -0.0145604
v -0.0420949 0.0793995 -0.0048725
v -0.0504328 0.0743828 -0.0048725
v -0.0504328 0.0743828 0.0048725
v -0.0581793 0.068494 0.0048725
v -0.0574972 0.067691 0.0145604
v -0.0644788 0.0610776 0.0145604
v -0.062958 0.059637 0.0240775
v -0.0690368 0.0524804 0.0240775
v -0.0665597 0.0505973 0.0333124
v -0.07164 0.0431044 0.0333124
v -0.0681339 0.0409948 0.0421568
v -0.0721668 0.0333879 0.0421568
v -0.0676071 0.0312784 0.0505068
v -0.0705926 0.0237854 0.0505068
v -0.0650039 0.0219024 0.0582648
v -0.0669909 0.0147458 0.0582648
v -0.0604459 0.0133052 0.0653396
v -0.0615301 0.00669181 0.0653396
v -0.0541464 0.00588878 0.0716484
v -0.0309465 0.0776698 -0.0333124
v -0.0406201 0.0766177 -0.0240775
v -0.0391626 0.0738686 -0.0333124
v -0.0486659 0.0717768 -0.0240775
v -0.0469197 0.0692013 -0.0333124
v -0.056141 0.0660943 -0.0240775
v -0.0541266 0.0637228 -0.0333124
v -0.062958 0.059637 -0.0240775
v -0.060699 0.0574971 -0.0333124
v -0.0690368 0.0524804 -0.0240775
v -0.0237604 0.0855771 0.0145604
v -0.0240422 0.0865923 0.0048725
v -0.0328736 0.0825065 0.0145604
v -0.0332636 0.0834853 0.0048725
v -0.0416014 0.0784686 0.0145604
v -0.0231999 0.0835586 0.0240775
v -0.0320982 0.0805604 0.0240775
v -0.0406201 0.0766177 0.0240775
v -0.0486659 0.0717768 0.0240775
v -0.0223675 0.0805604 0.0333124
v -0.0309465 0.0776698 0.0333124
v -0.0391626 0.0738686 0.0333124
v -0.0469197 0.0692013 0.0333124
v -0.0541266 0.0637228 0.0333124
v -0.0212728 0.0766177 0.0421568
v -0.0294319 0.0738686 0.0421568
v -0.037246 0.0702534 0.0421568
v -0.0446234 0.0658146 0.0421568
v -0.0514776 0.0606041 0.0421568
v -0.0577283 0.0546832 0.0421568
v -0.0199287 0.0717768 0.0505068
v -0.0275723 0.0692013 0.0505068
v -0.0348927 0.0658146 0.0505068
v -0.041804 0.0616562 0.0505068
v -0.0482251 0.056775 0.0505068
v -0.0540809 0.0512281 0.0505068
v -0.0593026 0.0450806 0.0505068
v -0.018351 0.0660943 0.0582648
v -0.0253895 0.0637228 0.0582648
v -0.0321303 0.0606041 0.0582648
v -0.0384944 0.056775 0.0582648
v -0.0444072 0.0522802 0.0582648
v -0.0497994 0.0471725 0.0582648
v -0.0546077 0.0415117 0.0582648
v -0.0587758 0.0353642 0.0582648
v -0.0165581 0.059637 0.0653396
v -0.0229089 0.0574971 0.0653396
v -0.0289912 0.0546832 0.0653396
v -0.0347335 0.0512281 0.0653396
v -0.0400686 0.0471725 0.0653396
v -0.044934 0.0425637 0.0653396
v -0.0492725 0.037456 0.0653396
v -0.0530334 0.0319091 0.0653396
v -0.0561725 0.0259882 0.0653396
v -0.0145711 0.0524804 0.0716484
v -0.0201598 0.0505973 0.0716484
v -0.0255122 0.0481211 0.0716484
v -0.0305654 0.0450806 0.0716484
v -0.0352603 0.0415117 0.0716484
v -0.0395418 0.037456 0.0716484
v -0.0433597 0.0329612 0.0716484
v -0.0466693 0.02808 0.0716484
v -0.0494317 0.0228695 0.0716484
v -0.0516146 0.017391 0.0716484
v -0.0171744 0.0431044 0.0771171
v -0.0217341 0.0409948 0.0771171
v -0.0177012 0.0333879 0.0816818
v -0.0212073 0.0312784 0.0816818
v -0.0161269 0.0237854 0.0852888
v -0.018604 0.0219024 0.0852888
v -0.0125252 0.0147458 0.0878958
v -0.0140461 0.0133052 0.0878958
v -0.00706445 0.00669181 0.0894724
v -0.00774655 0.00588878 0.0894724
v -0.0320982 0.0805604 -0.0240775
v -0.0406201 0.0766177 -0.0240775
v -0.0416014 0.0784686 -0.0145604
v -0.0498415 0.0735107 -0.0145604
v -0.0504328 0.0743828 -0.0048725
v -0.0581793 0.068494 -0.0048725
v -0.0581793 0.068494 0.0048725
v -0.0652438 0.0618022 0.0048725
v -0.0644788 0.0610776 0.0145604
v -0.0707045 0.0537482 0.0145604
v -0.0690368 0.0524804 0.0240775
v -0.0743062 0.0447086 0.0240775
v -0.07164 0.0431044 0.0333124
v -0.0758805 0.035106 0.0333124
v -0.0721668 0.0333879 0.0421568
v -0.0753537 0.0253896 0.0421568
v -0.0705926 0.0237854 0.0505068
v -0.0727504 0.0160136 0.0505068
v -0.0669909 0.0147458 0.0582648
v -0.0681925 0.00741638 0.0582648
v -0.0615301 0.00669181 0.0653396
v -0.0486659 0.0717768 -0.0240775
v -0.0217341 0.0409948 0.0771171
v -0.0255122 0.0481211 0.0716484
v -0.026039 0.0384046 0.0771171
v -0.0305654 0.0450806 0.0716484
v -0.0300386 0.0353642 0.0771171
v -0.0352603 0.0415117 0.0716484
v -0.0336861 0.0319091 0.0771171
v -0.0395418 0.037456 0.0716484
v -0.0369386 0.02808 0.0771171
v -0.0433597 0.0329612 0.0716484
v -0.039758 0.0239216 0.0771171
v -0.0466693 0.02808 0.0716484
v -0.0421114 0.0194828 0.0771171
v -0.0494317 0.0228695 0.0716484
v -0.043971 0.0148155 0.0771171
v -0.0516146 0.017391 0.0716484
v -0.045315 0.0099746 0.0771171
v -0.0498415 0.0735107 -0.0145604
v -0.0574972 0.067691 -0.0145604
v -0.056141 0.0660943 -0.0240775
v -0.0644788 0.0610776 -0.0145604
v -0.062958 0.059637 -0.0240775
v -0.0707045 0.0537482 -0.0145604
v -0.0690368 0.0524804 -0.0240775
v -0.0761012 0.0457886 -0.0145604
v -0.0212073 0.0312784 0.0816818
v -0.0244647 0.0288021 0.0816818
v -0.018604 0.0219024 0.0852888
v -0.020863 0.0197625 0.0852888
v -0.0140461 0.0133052 0.0878958
v -0.0154023 0.0117085 0.0878958
v -0.00774655 0.00588878 0.0894724
v -0.00833783 0.00501671 0.0894724
v -0.026039 0.0384046 0.0771171
v -0.0300386 0.0353642 0.0771171
v -0.0352603 0.0415117 -0.0716484
v -0.0395418 0.037456 -0.0716484
v -0.044934 0.0425637 -0.0653396
v -0.0492725 0.037456 -0.0653396
v -0.0546077 0.0415117 -0.0582648
v -0.0587758 0.0353642 -0.0582648
v -0.063829 0.0384046 -0.0505068
v -0.0676071 0.0312784 -0.0505068
v -0.0721668 0.0333879 -0.0421568
v -0.0753537 0.0253896 -0.0421568
v -0.0792313 0.0266961 -0.0333124
v -0.0816532 0.0179732 -0.0333124
v -0.084692 0.0186421 -0.0240775
v -0.0862111 0.00937603 -0.0240775
v -0.0882938 0.00960252 -0.0145604
v -0.0644788 0.0610776 -0.0145604
v -0.0652438 0.0618022 -0.0048725
v -0.0574972 0.067691 -0.0145604
v -0.0581793 0.068494 -0.0048725
v -0.0498415 0.0735107 -0.0145604
v -0.0652438 0.0618022 0.0048725
v -0.0715433 0.0543858 0.0048725
v -0.0707045 0.0537482 0.0145604
v -0.0761012 0.0457886 0.0145604
v -0.0743062 0.0447086 0.0240775
v -0.0787045 0.0364126 0.0240775
v -0.0758805 0.035106 0.0333124
v -0.0792313 0.0266961 0.0333124
v -0.0753537 0.0253896 0.0421568
v -0.077657 0.0170936 0.0421568
v -0.0727504 0.0160136 0.0505068
v -0.0740553 0.008054 0.0505068
v -0.0681925 0.00741638 0.0582648
v -0.0715433 0.0543858 -0.0048725
v -0.0707045 0.0537482 -0.0145604
v -0.077004 0.0463318 -0.0048725
v -0.0761012 0.0457886 -0.0145604
v -0.081562 0.0377346 -0.0048725
v -0.0244647 0.0288021 0.0816818
v -0.0300386 0.0353642 0.0771171
v -0.0274354 0.0259882 0.0816818
v -0.0336861 0.0319091 0.0771171
v -0.0300844 0.0228695 0.0816818
v -0.0369386 0.02808 0.0771171
v -0.0323806 0.0194828 0.0816818
v -0.039758 0.0239216 0.0771171
v -0.0342973 0.0158676 0.0816818
v -0.0421114 0.0194828 0.0771171
v -0.0358118 0.0120664 0.0816818
v -0.043971 0.0148155 0.0771171
v -0.0369065 0.00812374 0.0816818
v -0.045315 0.0099746 0.0771171
v -0.0375685 0.00408582 0.0816818
v -0.020863 0.0197625 0.0852888
v -0.0228774 0.017391 0.0852888
v -0.0154023 0.0117085 0.0878958
v -0.0165779 0.0099746 0.0878958
v -0.00833783 0.00501671 0.0894724
v -0.00883135 0.00408582 0.0894724
v -0.0395418 0.037456 -0.0716484
v -0.0433597 0.0329612 -0.0716484
v -0.0492725 0.037456 -0.0653396
v -0.0530334 0.0319091 -0.0653396
v -0.0587758 0.0353642 -0.0582648
v -0.0622548 0.0288021 -0.0582648
v -0.0676071 0.0312784 -0.0505068
v -0.0705926 0.0237854 -0.0505068
v -0.0753537 0.0253896 -0.0421568
v -0.077657 0.0170936 -0.0421568
v -0.0816532 0.0179732 -0.0333124
v -0.0831178 0.00903961 -0.0333124
v -0.0862111 0.00937603 -0.0240775
v -0.0652438 0.0618022 -0.0048725
v -0.0715433 0.0543858 -0.0048725
v -0.0715433 0.0543858 0.0048725
v -0.077004 0.0463318 0.0048725
v -0.0761012 0.0457886 0.0145604
v -0.0806058 0.0372922 0.0145604
v -0.0787045 0.0364126 0.0240775
v -0.08218 0.0276897 0.0240775
v -0.0792313 0.0266961 0.0333124
v -0.0816532 0.0179732 0.0333124
v -0.077657 0.0170936 0.0421568
v -0.07905 0.0085972 0.0421568
v -0.0740553 0.008054 0.0505068
v -0.077004 0.0463318 -0.0048725
v -0.0228774 0.017391 0.0852888
v -0.0300844 0.0228695 0.0816818
v -0.0246236 0.0148155 0.0852888
v -0.0323806 0.0194828 0.0816818
v -0.0260811 0.0120664 0.0852888
v -0.0342973 0.0158676 0.0816818
v -0.0272328 0.00917581 0.0852888
v -0.0358118 0.0120664 0.0816818
v -0.0280653 0.00617763 0.0852888
v -0.0369065 0.00812374 0.0816818
v -0.0285687 0.00310703 0.0852888
v -0.0375685 0.00408582 0.0816818
v -0.0433597 0.0329612 -0.0716484
v -0.0466693 0.02808 -0.0716484
v -0.0530334 0.0319091 -0.0653396
v -0.0561725 0.0259882 -0.0653396
v -0.0622548 0.0288021 -0.0582648
v -0.0650039 0.0219024 -0.0582648
v -0.0705926 0.0237854 -0.0505068
v -0.0727504 0.0160136 -0.0505068
v -0.077657 0.0170936 -0.0421568
v -0.07905 0.0085972 -0.0421568
v -0.0831178 0.00903961 -0.0333124
v -0.077004 0.0463318 0.0048725
v -0.081562 0.0377346 0.0048725
v -0.081562 0.0377346 -0.0048725
v -0.0851637 0.028695 0.0048725
v -0.0165779 0.0099746 0.0878958
v -0.0175592 0.00812374 0.0878958
v -0.00883135 0.00408582 0.0894724
v -0.00922134 0.00310703 0.0894724
v -0.0246236 0.0148155 0.0852888
v -0.0260811 0.0120664 0.0852888
v -0.0494317 0.0228695 -0.0716484
v -0.0586531 0.0197625 -0.0653396
v -0.0669909 0.0147458 -0.0582648
v -0.0841652 0.0283586 0.0145604
v -0.0806058 0.0372922 0.0145604
v -0.08218 0.0276897 0.0240775
v -0.084692 0.0186421 0.0240775
v -0.0816532 0.0179732 0.0333124
v -0.0831178 0.00903961 0.0333124
v -0.07905 0.0085972 0.0421568
v -0.086738 0.0190925 0.0145604
v -0.0183346 0.00617763 0.0878958
v -0.0272328 0.00917581 0.0852888
v -0.018895 0.00415911 0.0878958
v -0.0280653 0.00617763 0.0852888
v -0.0192339 0.00209182 0.0878958
v -0.0285687 0.00310703 0.0852888
v -0.00950321 0.00209182 0.0894724
v -0.0466693 0.02808 -0.0716484
v -0.0561725 0.0259882 -0.0653396
v -0.07905 0.0085972 -0.0421568
v -0.0727504 0.0160136 -0.0505068
v -0.0740553 0.008054 -0.0505068
v -0.0862111 0.00937603 0.0240775
v -0.00967367 0.00105207 0.0894724
v 0.0135263 0.0825065 0.0333124
v 0.0140297 0.0855771 0.0240775
v 0.00452644 0.0834853 0.0333124
v 0.0046949 0.0865923 0.0240775
v -0.00452644 0.0834853 0.0333124
v -0.0046949 0.0865923 0.0240775
v -0.0135263 0.0825065 0.0333124
v -0.0140297 0.0855771 0.0240775
v 0.00430491 0.0793995 0.0421568
v -0.00430491 0.0793995 0.0421568
v -0.00403292 0.0743828 0.0505068
v -0.0120515 0.0735107 0.0505068
v -0.0110974 0.067691 0.0582648
v -0.0128643 0.0784686 0.0421568
vn 0.706204 0.0505087 -0.706204
vn 0.706204 -0.0505087 -0.706204
vn 0.704405 -0.0527879 -0.707832
vn 0.693268 -0.150811 -0.704724
vn 0.68716 -0.15684 -0.709374
vn 0.665994 -0.248403 -0.703383
vn 0.654822 -0.256999 -0.710746
vn 0.624902 -0.341223 -0.702185
vn 0.60815 -0.351115 -0.711949
vn 0.570811 -0.427304 -0.701132
vn 0.548202 -0.437177 -0.712987
vn 0.504819 -0.504819 -0.700225
vn 0.476316 -0.513346 -0.713862
vn 0.428283 -0.572119 -0.699467
vn 0.394075 -0.578002 -0.714576
vn 0.342787 -0.627768 -0.698859
vn 0.303282 -0.629771 -0.715129
vn 0.250114 -0.670581 -0.698402
vn 0.205913 -0.667552 -0.715523
vn 0.152198 -0.699641 -0.698096
vn 0.104083 -0.690547 -0.71576
vn 0.0510898 -0.714328 -0.697943
vn 7.20399e-16 -0.698266 -0.715838
vn -0.0510898 -0.714328 -0.697943
vn -0.104083 -0.690547 -0.71576
vn -0.152198 -0.699641 -0.698096
vn -0.205913 -0.667552 -0.715523
vn -0.250114 -0.670581 -0.698402
vn -0.303282 -0.629771 -0.715129
vn -0.342787 -0.627768 -0.698859
vn -0.394075 -0.578002 -0.714576
vn -0.428283 -0.572119 -0.699467
vn -0.476316 -0.513346 -0.713862
vn -0.504819 -0.504819 -0.700225
vn -0.548202 -0.437177 -0.712987
vn -0.570811 -0.427304 -0.701132
vn -0.60815 -0.351115 -0.711949
vn -0.624902 -0.341223 -0.702185
vn -0.654822 -0.256999 -0.710746
vn -0.665994 -0.248403 -0.703383
vn -0.68716 -0.15684 -0.709374
vn -0.693268 -0.150811 -0.704724
vn -0.704405 -0.0527879 -0.707832
vn -0.706204 -0.0505087 -0.706204
vn -0.706204 0.0505087 -0.706204
vn -0.704405 0.0527879 -0.707832
vn -0.693268 0.150811 -0.704724
vn -0.68716 0.15684 -0.709374
vn -0.665994 0.248403 -0.703383
vn -0.654822 0.256999 -0.710746
vn -0.624902 0.341223 -0.702185
vn -0.60815 0.351115 -0.711949
vn -0.570811 0.427304 -0.701132
vn -0.548202 0.437177 -0.712987
vn -0.504819 0.504819 -0.700225
vn -0.476316 0.513346 -0.713862
vn -0.428283 0.572119 -0.699467
vn -0.394075 0.578002 -0.714576
vn -0.342787 0.627768 -0.698859
vn -0.303282 0.629771 -0.715129
vn -0.250114 0.670581 -0.698402
vn -0.205913 0.667552 -0.715523
vn -0.152198 0.699641 -0.698096
vn -0.104083 0.690547 -0.71576
vn -0.0510898 0.714328 -0.697943
vn 0 0.698266 -0.715838
vn 0.0510898 0.714328 -0.697943
vn 0.104083 0.690547 -0.71576
vn 0.152198 0.699641 -0.698096
vn 0.205913 0.667552 -0.715523
vn 0.250114 0.670581 -0.698402
vn 0.303282 0.629771 -0.715129
vn 0.342787 0.627768 -0.698859
vn 0.394075 0.578002 -0.714576
vn 0.428283 0.572119 -0.699467
vn 0.476316 0.513346 -0.713862
vn 0.504819 0.504819 -0.700225
vn 0.548202 0.437177 -0.712987
vn 0.570811 0.427304 -0.701132
vn 0.60815 0.351115 -0.711949
vn 0.624902 0.341223 -0.702185
vn 0.654822 0.256999 -0.710746
vn 0.665994 0.248403 -0.703383
vn 0.68716 0.15684 -0.709374
vn 0.693268 0.150811 -0.704724
vn 0.704405 0.0527879 -0.707832
vn -0.997452 0.0713392 6.64917e-16
vn -0.997452 -0.0713392 -2.16606e-17
vn -0.977147 -0.212565 6.08426e-16
vn -0.93695 -0.349464 1.72078e-16
vn -0.877679 -0.479249 -8.24486e-17
vn -0.800541 -0.599278 -1.03098e-16
vn -0.707107 -0.707107 -3.34668e-31
vn -0.599278 -0.800541 2.06196e-16
vn -0.479249 -0.877679 8.24486e-17
vn -0.349464 -0.93695 1.80362e-16
vn -0.212565 -0.977147 3.65691e-17
vn -0.0713392 -0.997452 -6.71054e-16
vn 0.0713392 -0.997452 -2.16606e-17
vn 0.212565 -0.977147 6.26711e-16
vn 0.349464 -0.93695 -6.01208e-17
vn 0.479249 -0.877679 -2.47346e-16
vn 0.599278 -0.800541 -1.03098e-16
vn 0.707107 -0.707107 -2.43297e-16
vn 0.800541 -0.599278 -6.92496e-17
vn 0.877679 -0.479249 8.24486e-17
vn 0.93695 -0.349464 6.01208e-17
vn 0.977147 -0.212565 -2.44788e-16
vn 0.997452 -0.0713392 -6.64917e-16
vn 0.997452 0.0713392 -2.16606e-17
vn 0.977147 0.212565 -6.08426e-16
vn 0.93695 0.349464 -1.72078e-16
vn 0.877679 0.479249 -4.94692e-16
vn 0.800541 0.599278 1.38499e-16
vn 0.707107 0.707107 -2.43297e-16
vn 0.599278 0.800541 -3.44695e-16
vn 0.479249 0.877679 2.19538e-16
vn 0.349464 0.93695 5.8464e-16
vn 0.212565 0.977147 2.26504e-16
vn 0.0713392 0.997452 6.71054e-16
vn -0.0713392 0.997452 2.16606e-17
vn -0.212565 0.977147 -6.26711e-16
vn -0.349464 0.93695 -1.42018e-16
vn -0.479249 0.877679 -5.21525e-16
vn -0.599278 0.800541 -1.72348e-16
vn -0.707107 0.707107 2.43297e-16
vn -0.800541 0.599278 1.36946e-16
vn -0.877679 0.479249 -2.74179e-16
vn -0.93695 0.349464 3.60725e-16
vn -0.977147 0.212565 2.44788e-16
vn 0 0 -1
vn -0.993712 0 0.111964
vn -0.993712 0 -0.111964
vn -0.943883 1.40308e-16 -0.330279
vn -0.846724 1.50678e-16 -0.532032
vn -0.707107 3.00392e-16 -0.707107
vn -0.532032 8.91246e-17 -0.846724
vn -0.330279 1.27011e-16 -0.943883
vn -0.111964 -3.96371e-17 -0.993712
vn 0.111964 4.47716e-17 -0.993712
vn 0.330279 1.40308e-16 -0.943883
vn 0.532032 2.26017e-16 -0.846724
vn 0.707107 1.00131e-16 -0.707107
vn 0.846724 8.91246e-17 -0.532032
vn 0.943883 -9.3539e-17 -0.330279
vn 0.993712 -3.96371e-17 -0.111964
vn 0.993712 4.47716e-17 0.111964
vn 0.943883 0 0.330279
vn 0.846724 0 0.532032
vn 0.707107 0 0.707107
vn 0.532032 0 0.846724
vn 0.330279 0 0.943883
vn 0.111964 0 0.993712
vn -0.111964 0 0.993712
vn -0.330279 0 0.943883
vn -0.532032 0 0.846724
vn -0.707107 0 0.707107
vn -0.846724 0 0.532032
vn -0.943883 0 0.330279
vn -0.993712 -4.75645e-17 -0.111964
vn -0.993712 0 0.111964
vn 0.993712 0 -0.111964
vn 0.943883 1.16924e-16 -0.330279
vn 0.846724 1.50678e-16 -0.532032
vn 0.707107 -2.19397e-31 -0.707107
vn 0.532032 1.37856e-17 -0.846724
vn 0.330279 -1.40308e-16 -0.943883
vn 0.111964 -4.75645e-17 -0.993712
vn -0.111964 4.47716e-17 -0.993712
vn -0.330279 1.16924e-16 -0.943883
vn -0.532032 -1.37856e-17 -0.846724
vn -0.707107 -2.19397e-31 -0.707107
vn -0.846724 -2.26017e-16 -0.532032
vn -0.943883 -9.3539e-17 -0.330279
vn 0 -1 0
vn 0 1 0
vn -0.571473 -0.0408726 -0.819602
vn -0.580347 -0.0314655 -0.813761
vn -0.580347 0.0314655 -0.813761
vn -0.646988 0.0350787 -0.761693
vn -0.725434 0.0393319 -0.687167
vn -0.795353 0.0431228 -0.604611
vn -0.855934 0.0464074 -0.514998
vn -0.906479 0.0491478 -0.419382
vn -0.946405 0.0513126 -0.318881
vn -0.975254 0.0528768 -0.21467
vn -0.992697 0.0538225 -0.107962
vn -0.998533 0.0541389 0
vn -0.992697 0.0538225 0.107962
vn -0.975254 0.0528768 0.21467
vn -0.946405 0.0513126 0.318881
vn -0.906479 0.0491478 0.419382
vn -0.855934 0.0464074 0.514998
vn -0.795353 0.0431228 0.604611
vn -0.725434 0.0393319 0.687167
vn -0.646988 0.0350787 0.761693
vn -0.560927 0.0304126 0.827306
vn -0.468257 0.0253882 0.883227
vn -0.370064 0.0200643 0.92879
vn -0.2675 0.0145034 0.963449
vn -0.161776 0.00877123 0.986789
vn -0.0541387 0.00293531 0.998529
vn -0.579001 -0.0949224 -0.809782
vn -0.5568 -0.121124 -0.821768
vn -0.565702 -0.157066 -0.809513
vn -0.536079 -0.199947 -0.820147
vn -0.540942 -0.215531 -0.812975
vn -0.512436 -0.271676 -0.814618
vn -0.572461 -0.3035 -0.761693
vn -0.536291 -0.363614 -0.761693
vn -0.601315 -0.407702 -0.687167
vn -0.55371 -0.470326 -0.687167
vn -0.607078 -0.515657 -0.604611
vn -0.547767 -0.57827 -0.604611
vn -0.58949 -0.622317 -0.514998
vn -0.51875 -0.682404 -0.514998
vn -0.549383 -0.722701 -0.419382
vn -0.468025 -0.777864 -0.419382
vn -0.488639 -0.812125 -0.318881
vn -0.397969 -0.860195 -0.318881
vn -0.4101 -0.886417 -0.21467
vn -0.311858 -0.92556 -0.21467
vn -0.317435 -0.942114 -0.107962
vn -0.25304 -0.961396 -0.108109
vn -0.245091 -0.964887 -0.0944661
vn -0.20816 -0.975379 -0.0728384
vn -0.235201 -0.971585 -0.0265008
vn -0.503635 -0.275006 -0.818977
vn -0.485235 -0.328998 -0.810128
vn -0.536291 -0.363614 -0.761693
vn -0.493834 -0.419466 -0.761693
vn -0.55371 -0.470326 -0.687167
vn -0.499613 -0.527435 -0.687167
vn -0.547767 -0.57827 -0.604611
vn -0.482034 -0.634105 -0.604611
vn -0.51875 -0.682404 -0.514998
vn -0.441928 -0.73449 -0.514998
vn -0.468025 -0.777864 -0.419382
vn -0.38118 -0.823906 -0.419382
vn -0.397969 -0.860195 -0.318881
vn -0.302632 -0.898181 -0.318881
vn -0.311858 -0.92556 -0.21467
vn -0.245316 -0.945315 -0.214941
vn -0.242918 -0.946104 -0.214191
vn -0.193714 -0.956898 -0.216381
vn -0.191313 -0.957726 -0.214847
vn -0.175088 -0.960805 -0.214938
vn -0.125916 -0.984017 -0.125916
vn -0.456255 -0.341548 -0.821691
vn -0.447669 -0.380254 -0.80932
vn -0.493834 -0.419466 -0.761693
vn -0.445587 -0.4704 -0.761693
vn -0.499613 -0.527435 -0.687167
vn -0.439659 -0.578361 -0.687167
vn -0.482034 -0.634105 -0.604611
vn -0.410649 -0.682504 -0.604611
vn -0.441928 -0.73449 -0.514998
vn -0.359925 -0.777966 -0.514998
vn -0.38118 -0.823906 -0.419382
vn -0.289865 -0.860289 -0.419382
vn -0.302632 -0.898181 -0.318881
vn -0.240405 -0.916663 -0.319272
vn -0.238089 -0.917469 -0.31869
vn -0.190334 -0.927892 -0.320608
vn -0.188042 -0.928878 -0.319103
vn -0.102475 -0.942239 -0.318881
vn -0.104615 -0.961915 -0.252536
vn -0.0839656 -0.967145 -0.23996
vn -0.0274439 -0.969495 -0.243571
vn 0 -0.962002 -0.273044
vn 0.0274439 -0.969495 -0.243571
vn 0.0839656 -0.967145 -0.23996
vn 0.104615 -0.961915 -0.252536
vn 0.139807 -0.964856 -0.222501
vn 0.175088 -0.960805 -0.214938
vn 0.125916 -0.984017 -0.125916
vn 0.795048 -0.344001 -0.499562
vn 0.212564 -0.96569 -0.149195
vn 0.25304 -0.961396 -0.108109
vn 0.317435 -0.942114 -0.107962
vn 0.319302 -0.947653 0
vn 0.419889 -0.907575 0
vn 0.417435 -0.902271 0.107962
vn 0.51254 -0.851849 0.107962
vn 0.503535 -0.836881 0.21467
vn 0.591066 -0.777534 0.21467
vn 0.573581 -0.754533 0.318881
vn 0.651798 -0.688095 0.318881
vn 0.6243 -0.659066 0.419382
vn 0.691898 -0.587704 0.419382
vn 0.653319 -0.554934 0.514998
vn 0.709488 -0.481045 0.514998
vn 0.659271 -0.446997 0.604611
vn 0.703736 -0.373097 0.604611
vn 0.641871 -0.340298 0.687167
vn 0.674901 -0.268905 0.687167
vn 0.601919 -0.239827 0.761693
vn 0.624321 -0.173342 0.761693
vn 0.541276 -0.150284 0.827306
vn 0.554351 -0.0908813 0.827306
vn 0.462768 -0.0758669 0.883227
vn 0.468257 -0.0253882 0.883227
vn 0.370064 -0.0200643 0.92879
vn 0.370064 0.0200643 0.92879
vn 0.2675 0.0145034 0.963449
vn 0.264364 0.0433403 0.963449
vn 0.159879 0.0262108 0.986789
vn 0.156108 0.0433432 0.986789
vn 0.0522419 0.0145049 0.998529
vn -0.404101 -0.404101 -0.820612
vn -0.401133 -0.423471 -0.812259
vn -0.445587 -0.4704 -0.761693
vn -0.392115 -0.515819 -0.761693
vn -0.439659 -0.578361 -0.687167
vn -0.374549 -0.622506 -0.687167
vn -0.410649 -0.682504 -0.604611
vn -0.33445 -0.722903 -0.604611
vn -0.359925 -0.777966 -0.514998
vn -0.273702 -0.81232 -0.514998
vn -0.289865 -0.860289 -0.419382
vn -0.232501 -0.877301 -0.419865
vn -0.230287 -0.878085 -0.419446
vn -0.184554 -0.888074 -0.421028
vn -0.182395 -0.889188 -0.419615
vn -0.0981515 -0.902488 -0.419382
vn -0.102475 -0.942239 -0.318881
vn 0 -0.947795 -0.318881
vn -0.350213 -0.460697 -0.815542
vn -0.344485 -0.460178 -0.81827
vn -0.301945 -0.501836 -0.810549
vn -0.273246 -0.500413 -0.821537
vn -0.246696 -0.533225 -0.809205
vn -0.19952 -0.534933 -0.820998
vn -0.186533 -0.553611 -0.811616
vn -0.154375 -0.559154 -0.814565
vn -0.172289 -0.62404 -0.762162
vn -0.170686 -0.624505 -0.762142
vn -0.191405 -0.700312 -0.687697
vn -0.189617 -0.700872 -0.687622
vn -0.207906 -0.768472 -0.605166
vn -0.205955 -0.769123 -0.605006
vn -0.221642 -0.827705 -0.515538
vn -0.21955 -0.828434 -0.515262
vn -0.123115 -0.563207 -0.817093
vn -0.122428 -0.562794 -0.817481
vn -0.0632478 -0.581554 -0.811045
vn -0.0406981 -0.569033 -0.821307
vn 0 -0.58758 -0.809166
vn 0.0406981 -0.569033 -0.821307
vn 0.0632478 -0.581554 -0.811045
vn 0.122428 -0.562794 -0.817481
vn 0.124102 -0.563801 -0.816534
vn 0.186533 -0.553611 -0.811616
vn 0.206888 -0.614021 -0.761693
vn 0.272062 -0.588053 -0.761693
vn 0.305049 -0.659353 -0.687167
vn 0.374549 -0.622506 -0.687167
vn 0.410649 -0.682504 -0.604611
vn 0.482034 -0.634105 -0.604611
vn 0.51875 -0.682404 -0.514998
vn 0.58949 -0.622317 -0.514998
vn 0.6243 -0.659066 -0.419382
vn 0.691898 -0.587704 -0.419382
vn 0.722373 -0.613589 -0.318881
vn 0.784479 -0.53189 -0.318881
vn 0.808393 -0.548104 -0.21467
vn 0.862914 -0.457488 -0.21467
vn 0.878348 -0.465671 -0.107962
vn 0.923547 -0.367975 -0.107962
vn 0.928977 -0.370138 0
vn 0.96355 -0.267528 0
vn 0.957918 -0.265965 0.107962
vn 0.981059 -0.160836 0.107962
vn 0.96382 -0.15801 0.21467
vn 0.975254 -0.0528768 0.21467
vn 0.946405 -0.0513126 0.318881
vn 0.946405 0.0513126 0.318881
vn 0.906479 0.0491478 0.419382
vn 0.895851 0.146867 0.419382
vn 0.845899 0.138678 0.514998
vn 0.825947 0.229323 0.514998
vn 0.767488 0.213092 0.604611
vn 0.739949 0.294823 0.604611
vn 0.674901 0.268905 0.687167
vn 0.641871 0.340298 0.687167
vn 0.572461 0.3035 0.761693
vn 0.536291 0.363614 0.761693
vn 0.464955 0.315248 0.827306
vn 0.428146 0.36367 0.827306
vn 0.357412 0.303589 0.883227
vn 0.322493 0.340452 0.883227
vn 0.254866 0.269059 0.92879
vn 0.224282 0.295038 0.92879
vn 0.162122 0.213268 0.963449
vn 0.138113 0.229546 0.963449
vn 0.0835266 0.138822 0.986789
vn 0.0680277 0.147039 0.986789
vn 0.0227656 0.0492071 0.998529
vn 0.19952 -0.534933 -0.820998
vn 0.246696 -0.533225 -0.809205
vn 0.272062 -0.588053 -0.761693
vn 0.334047 -0.55519 -0.761693
vn 0.374549 -0.622506 -0.687167
vn 0.439659 -0.578361 -0.687167
vn 0.482034 -0.634105 -0.604611
vn 0.547767 -0.57827 -0.604611
vn 0.58949 -0.622317 -0.514998
vn 0.653319 -0.554934 -0.514998
vn 0.691898 -0.587704 -0.419382
vn 0.751384 -0.509451 -0.419382
vn 0.784479 -0.53189 -0.318881
vn 0.837388 -0.443955 -0.318881
vn 0.862914 -0.457488 -0.21467
vn 0.907319 -0.361509 -0.21467
vn 0.923547 -0.367975 -0.107962
vn 0.957918 -0.265965 -0.107962
vn 0.96355 -0.267528 0
vn 0.986827 -0.161782 0
vn 0.981059 -0.160836 0.107962
vn 0.992697 -0.0538225 0.107962
vn 0.975254 -0.0528768 0.21467
vn 0.975254 0.0528768 0.21467
vn 0.946405 0.0513126 0.318881
vn 0.935309 0.153336 0.318881
vn 0.895851 0.146867 0.419382
vn 0.87472 0.242865 0.419382
vn 0.825947 0.229323 0.514998
vn 0.796311 0.317279 0.514998
vn 0.739949 0.294823 0.604611
vn 0.703736 0.373097 0.604611
vn 0.641871 0.340298 0.687167
vn 0.601315 0.407702 0.687167
vn 0.536291 0.363614 0.761693
vn 0.493834 0.419466 0.761693
vn 0.428146 0.36367 0.827306
vn 0.386316 0.407829 0.827306
vn 0.322493 0.340452 0.883227
vn 0.283794 0.373324 0.883227
vn 0.224282 0.295038 0.92879
vn 0.191068 0.317557 0.92879
vn 0.138113 0.229546 0.963449
vn 0.112485 0.243133 0.963449
vn 0.0680277 0.147039 0.986789
vn 0.0517311 0.153532 0.986789
vn 0.017312 0.05138 0.998529
vn 0.273246 -0.500413 -0.821537
vn 0.301945 -0.501836 -0.810549
vn 0.334047 -0.55519 -0.761693
vn 0.392115 -0.515819 -0.761693
vn 0.439659 -0.578361 -0.687167
vn 0.499613 -0.527435 -0.687167
vn 0.547767 -0.57827 -0.604611
vn 0.607078 -0.515657 -0.604611
vn 0.653319 -0.554934 -0.514998
vn 0.709488 -0.481045 -0.514998
vn 0.751384 -0.509451 -0.419382
vn 0.802061 -0.425226 -0.419382
vn 0.837388 -0.443955 -0.318881
vn 0.880479 -0.350815 -0.318881
vn 0.907319 -0.361509 -0.21467
vn 0.941086 -0.261291 -0.21467
vn 0.957918 -0.265965 -0.107962
vn 0.981059 -0.160836 -0.107962
vn 0.986827 -0.161782 0
vn 0.998533 -0.0541389 0
vn 0.992697 -0.0538225 0.107962
vn 0.992697 0.0538225 0.107962
vn 0.975254 0.0528768 0.21467
vn 0.96382 0.15801 0.21467
vn 0.935309 0.153336 0.318881
vn 0.913248 0.253562 0.318881
vn 0.87472 0.242865 0.419382
vn 0.843334 0.336015 0.419382
vn 0.796311 0.317279 0.514998
vn 0.757339 0.401516 0.514998
vn 0.703736 0.373097 0.604611
vn 0.659271 0.446997 0.604611
vn 0.601315 0.407702 0.687167
vn 0.55371 0.470326 0.687167
vn 0.493834 0.419466 0.761693
vn 0.445587 0.4704 0.761693
vn 0.386316 0.407829 0.827306
vn 0.339957 0.447206 0.827306
vn 0.283794 0.373324 0.883227
vn 0.241767 0.401819 0.883227
vn 0.191068 0.317557 0.92879
vn 0.155614 0.336354 0.92879
vn 0.112485 0.243133 0.963449
vn 0.0855387 0.25387 0.963449
vn 0.0517311 0.153532 0.986789
vn 0.0348281 0.158226 0.986789
vn 0.0116553 0.0529506 0.998529
vn 0.344485 -0.460178 -0.81827
vn 0.350213 -0.460697 -0.815542
vn 0.392115 -0.515819 -0.761693
vn 0.445587 -0.4704 -0.761693
vn 0.499613 -0.527435 -0.687167
vn 0.55371 -0.470326 -0.687167
vn 0.607078 -0.515657 -0.604611
vn 0.659271 -0.446997 -0.604611
vn 0.709488 -0.481045 -0.514998
vn 0.757339 -0.401516 -0.514998
vn 0.802061 -0.425226 -0.419382
vn 0.843334 -0.336015 -0.419382
vn 0.880479 -0.350815 -0.318881
vn 0.913248 -0.253562 -0.318881
vn 0.941086 -0.261291 -0.21467
vn 0.96382 -0.15801 -0.21467
vn 0.981059 -0.160836 -0.107962
vn 0.992697 -0.0538225 -0.107962
vn 0.998533 -0.0541389 0
vn 0.998533 0.0541389 0
vn 0.992697 0.0538225 0.107962
vn 0.981059 0.160836 0.107962
vn 0.96382 0.15801 0.21467
vn 0.941086 0.261291 0.21467
vn 0.913248 0.253562 0.318881
vn 0.880479 0.350815 0.318881
vn 0.843334 0.336015 0.419382
vn 0.802061 0.425226 0.419382
vn 0.757339 0.401516 0.514998
vn 0.709488 0.481045 0.514998
vn 0.659271 0.446997 0.604611
vn 0.607078 0.515657 0.604611
vn 0.55371 0.470326 0.687167
vn 0.499613 0.527435 0.687167
vn 0.445587 0.4704 0.761693
vn 0.392115 0.515819 0.761693
vn 0.339957 0.447206 0.827306
vn 0.289613 0.481341 0.827306
vn 0.241767 0.401819 0.883227
vn 0.196905 0.425603 0.883227
vn 0.155614 0.336354 0.92879
vn 0.118335 0.351207 0.92879
vn 0.0855387 0.25387 0.963449
vn 0.0575891 0.26163 0.963449
vn 0.0348281 0.158226 0.986789
vn 0.0175167 0.161064 0.986789
vn 0.00586202 0.0539004 0.998529
vn 0.401133 -0.423471 -0.812259
vn 0.404101 -0.404101 -0.820612
vn 0.447669 -0.380254 -0.80932
vn 0.456255 -0.341548 -0.821691
vn 0.485235 -0.328998 -0.810128
vn 0.503635 -0.275006 -0.818977
vn 0.512436 -0.271676 -0.814618
vn 0.540942 -0.215531 -0.812975
vn 0.601919 -0.239827 -0.761693
vn 0.624321 -0.173342 -0.761693
vn 0.700018 -0.194359 -0.687167
vn 0.716929 -0.117534 -0.687167
vn 0.786028 -0.128863 -0.604611
vn 0.795353 -0.0431228 -0.604611
vn 0.855934 -0.0464074 -0.514998
vn 0.855934 0.0464074 -0.514998
vn 0.906479 0.0491478 -0.419382
vn 0.895851 0.146867 -0.419382
vn 0.935309 0.153336 -0.318881
vn 0.913248 0.253562 -0.318881
vn 0.941086 0.261291 -0.21467
vn 0.907319 0.361509 -0.21467
vn 0.923547 0.367975 -0.107962
vn 0.878348 0.465671 -0.107962
vn 0.883512 0.468408 0
vn 0.827689 0.561187 0
vn 0.822851 0.557907 0.107962
vn 0.757707 0.643602 0.107962
vn 0.744394 0.632294 0.21467
vn 0.671667 0.70907 0.21467
vn 0.651798 0.688095 0.318881
vn 0.573581 0.754533 0.318881
vn 0.549383 0.722701 0.419382
vn 0.468025 0.777864 0.419382
vn 0.441928 0.73449 0.514998
vn 0.359925 0.777966 0.514998
vn 0.33445 0.722903 0.604611
vn 0.25433 0.754825 0.604611
vn 0.231972 0.688469 0.687167
vn 0.156176 0.709514 0.687167
vn 0.139288 0.63279 0.761693
vn 0.0700544 0.64414 0.761693
vn 0.060736 0.558458 0.827306
vn 0 0.561751 0.827306
vn 0 0.468945 0.883227
vn -0.0507019 0.466196 0.883227
vn -0.0400697 0.368435 0.92879
vn -0.0796696 0.361943 0.92879
vn -0.0575891 0.26163 0.963449
vn -0.0855387 0.25387 0.963449
vn -0.0517311 0.153532 0.986789
vn -0.0680277 0.147039 0.986789
vn -0.0227656 0.0492071 0.998529
vn 0.536079 -0.199947 -0.820147
vn 0.565702 -0.157066 -0.809513
vn 0.624321 -0.173342 -0.761693
vn 0.639403 -0.104825 -0.761693
vn 0.716929 -0.117534 -0.687167
vn 0.725434 -0.0393319 -0.687167
vn 0.795353 -0.0431228 -0.604611
vn 0.795353 0.0431228 -0.604611
vn 0.855934 0.0464074 -0.514998
vn 0.845899 0.138678 -0.514998
vn 0.895851 0.146867 -0.419382
vn 0.87472 0.242865 -0.419382
vn 0.913248 0.253562 -0.318881
vn 0.880479 0.350815 -0.318881
vn 0.907319 0.361509 -0.21467
vn 0.862914 0.457488 -0.21467
vn 0.878348 0.465671 -0.107962
vn 0.822851 0.557907 -0.107962
vn 0.827689 0.561187 0
vn 0.762162 0.647386 0
vn 0.757707 0.643602 0.107962
vn 0.68368 0.721752 0.107962
vn 0.671667 0.70907 0.21467
vn 0.591066 0.777534 0.21467
vn 0.573581 0.754533 0.318881
vn 0.488639 0.812125 0.318881
vn 0.468025 0.777864 0.419382
vn 0.38118 0.823906 0.419382
vn 0.359925 0.777966 0.514998
vn 0.273702 0.81232 0.514998
vn 0.25433 0.754825 0.604611
vn 0.171228 0.777898 0.604611
vn 0.156176 0.709514 0.687167
vn 0.0785484 0.72224 0.687167
vn 0.0700544 0.64414 0.761693
vn 0 0.647938 0.761693
vn 0 0.561751 0.827306
vn -0.060736 0.558458 0.827306
vn -0.0507019 0.466196 0.883227
vn -0.100809 0.457982 0.883227
vn -0.0796696 0.361943 0.92879
vn -0.118335 0.351207 0.92879
vn -0.0855387 0.25387 0.963449
vn -0.112485 0.243133 0.963449
vn -0.0680277 0.147039 0.986789
vn -0.0835266 0.138822 0.986789
vn -0.0279524 0.0464572 0.998529
vn 0.5568 -0.121124 -0.821768
vn 0.579001 -0.0949224 -0.809782
vn 0.639403 -0.104825 -0.761693
vn 0.646988 -0.0350787 -0.761693
vn 0.725434 -0.0393319 -0.687167
vn 0.725434 0.0393319 -0.687167
vn 0.795353 0.0431228 -0.604611
vn 0.786028 0.128863 -0.604611
vn 0.845899 0.138678 -0.514998
vn 0.825947 0.229323 -0.514998
vn 0.87472 0.242865 -0.419382
vn 0.843334 0.336015 -0.419382
vn 0.880479 0.350815 -0.318881
vn 0.837388 0.443955 -0.318881
vn 0.862914 0.457488 -0.21467
vn 0.808393 0.548104 -0.21467
vn 0.822851 0.557907 -0.107962
vn 0.757707 0.643602 -0.107962
vn 0.762162 0.647386 0
vn 0.687699 0.725995 0
vn 0.68368 0.721752 0.107962
vn 0.601637 0.79144 0.107962
vn 0.591066 0.777534 0.21467
vn 0.503535 0.836881 0.21467
vn 0.488639 0.812125 0.318881
vn 0.397969 0.860195 0.318881
vn 0.38118 0.823906 0.419382
vn 0.289865 0.860289 0.419382
vn 0.273702 0.81232 0.514998
vn 0.184271 0.837151 0.514998
vn 0.171228 0.777898 0.604611
vn 0.086119 0.791851 0.604611
vn 0.0785484 0.72224 0.687167
vn 0 0.726499 0.687167
vn 0 0.647938 0.761693
vn -0.0700544 0.64414 0.761693
vn -0.060736 0.558458 0.827306
vn -0.12076 0.548618 0.827306
vn -0.100809 0.457982 0.883227
vn -0.149735 0.444397 0.883227
vn -0.118335 0.351207 0.92879
vn -0.155614 0.336354 0.92879
vn -0.112485 0.243133 0.963449
vn -0.138113 0.229546 0.963449
vn -0.0835266 0.138822 0.986789
vn -0.0980463 0.128978 0.986789
vn -0.0328115 0.0431627 0.998529
vn 0.571473 -0.0408726 -0.819602
vn 0.580347 -0.0314655 -0.813761
vn 0.646988 -0.0350787 -0.761693
vn 0.646988 0.0350787 -0.761693
vn 0.725434 0.0393319 -0.687167
vn 0.716929 0.117534 -0.687167
vn 0.786028 0.128863 -0.604611
vn 0.767488 0.213092 -0.604611
vn 0.825947 0.229323 -0.514998
vn 0.796311 0.317279 -0.514998
vn 0.843334 0.336015 -0.419382
vn 0.802061 0.425226 -0.419382
vn 0.837388 0.443955 -0.318881
vn 0.784479 0.53189 -0.318881
vn 0.808393 0.548104 -0.21467
vn 0.744394 0.632294 -0.21467
vn 0.757707 0.643602 -0.107962
vn 0.68368 0.721752 -0.107962
vn 0.687699 0.725995 0
vn 0.605174 0.796093 0
vn 0.601637 0.79144 0.107962
vn 0.51254 0.851849 0.107962
vn 0.503535 0.836881 0.21467
vn 0.4101 0.886417 0.21467
vn 0.397969 0.860195 0.318881
vn 0.302632 0.898181 0.318881
vn 0.289865 0.860289 0.419382
vn 0.195152 0.886586 0.419382
vn 0.184271 0.837151 0.514998
vn 0.0926787 0.852166 0.514998
vn 0.086119 0.791851 0.604611
vn 0 0.796521 0.604611
vn 0 0.726499 0.687167
vn -0.0785484 0.72224 0.687167
vn -0.0700544 0.64414 0.761693
vn -0.139288 0.63279 0.761693
vn -0.12076 0.548618 0.827306
vn -0.179368 0.532345 0.827306
vn -0.149735 0.444397 0.883227
vn -0.196905 0.425603 0.883227
vn -0.155614 0.336354 0.92879
vn -0.191068 0.317557 0.92879
vn -0.138113 0.229546 0.963449
vn -0.162122 0.213268 0.963449
vn -0.0980463 0.128978 0.986789
vn -0.111417 0.117621 0.986789
vn -0.0372858 0.0393622 0.998529
vn 0.580347 0.0314655 -0.813761
vn 0.571473 0.0408726 -0.819602
vn 0.579001 0.0949224 -0.809782
vn 0.5568 0.121124 -0.821768
vn 0.565702 0.157066 -0.809513
vn 0.536079 0.199947 -0.820147
vn 0.540942 0.215531 -0.812975
vn 0.512436 0.271676 -0.814618
vn 0.572461 0.3035 -0.761693
vn 0.536291 0.363614 -0.761693
vn 0.601315 0.407702 -0.687167
vn 0.55371 0.470326 -0.687167
vn 0.607078 0.515657 -0.604611
vn 0.547767 0.57827 -0.604611
vn 0.58949 0.622317 -0.514998
vn 0.51875 0.682404 -0.514998
vn 0.549383 0.722701 -0.419382
vn 0.468025 0.777864 -0.419382
vn 0.488639 0.812125 -0.318881
vn 0.397969 0.860195 -0.318881
vn 0.4101 0.886417 -0.21467
vn 0.311858 0.92556 -0.21467
vn 0.317435 0.942114 -0.107962
vn 0.25304 0.961396 -0.108109
vn 0.245091 0.964887 -0.0944661
vn 0.20816 0.975379 -0.0728384
vn 0.235201 0.971585 -0.0265008
vn 0.503635 0.275006 -0.818977
vn 0.485235 0.328998 -0.810128
vn 0.536291 0.363614 -0.761693
vn 0.493834 0.419466 -0.761693
vn 0.55371 0.470326 -0.687167
vn 0.499613 0.527435 -0.687167
vn 0.547767 0.57827 -0.604611
vn 0.482034 0.634105 -0.604611
vn 0.51875 0.682404 -0.514998
vn 0.441928 0.73449 -0.514998
vn 0.468025 0.777864 -0.419382
vn 0.38118 0.823906 -0.419382
vn 0.397969 0.860195 -0.318881
vn 0.302632 0.898181 -0.318881
vn 0.311858 0.92556 -0.21467
vn 0.245316 0.945315 -0.214941
vn 0.242918 0.946104 -0.214191
vn 0.193714 0.956898 -0.216381
vn 0.191313 0.957726 -0.214847
vn 0.175088 0.960805 -0.214938
vn 0.125916 0.984017 -0.125916
vn 0.456255 0.341548 -0.821691
vn 0.447669 0.380254 -0.80932
vn 0.493834 0.419466 -0.761693
vn 0.445587 0.4704 -0.761693
vn 0.499613 0.527435 -0.687167
vn 0.439659 0.578361 -0.687167
vn 0.482034 0.634105 -0.604611
vn 0.410649 0.682504 -0.604611
vn 0.441928 0.73449 -0.514998
vn 0.359925 0.777966 -0.514998
vn 0.38118 0.823906 -0.419382
vn 0.289865 0.860289 -0.419382
vn 0.302632 0.898181 -0.318881
vn 0.240405 0.916663 -0.319272
vn 0.238089 0.917469 -0.31869
vn 0.190334 0.927892 -0.320608
vn 0.188042 0.928878 -0.319103
vn 0.102475 0.942239 -0.318881
vn 0.104615 0.961915 -0.252536
vn 0.0839656 0.967145 -0.23996
vn 0.0274439 0.969495 -0.243571
vn 0 0.962002 -0.273044
vn -0.0274439 0.969495 -0.243571
vn -0.0839656 0.967145 -0.23996
vn -0.104615 0.961915 -0.252536
vn -0.139807 0.964856 -0.222501
vn -0.175088 0.960805 -0.214938
vn -0.125916 0.984017 -0.125916
vn -0.795048 0.344001 -0.499562
vn -0.212564 0.96569 -0.149195
vn -0.25304 0.961396 -0.108109
vn -0.317435 0.942114 -0.107962
vn -0.319302 0.947653 0
vn -0.419889 0.907575 0
vn -0.417435 0.902271 0.107962
vn -0.51254 0.851849 0.107962
vn -0.503535 0.836881 0.21467
vn -0.591066 0.777534 0.21467
vn -0.573581 0.754533 0.318881
vn -0.651798 0.688095 0.318881
vn -0.6243 0.659066 0.419382
vn -0.691898 0.587704 0.419382
vn -0.653319 0.554934 0.514998
vn -0.709488 0.481045 0.514998
vn -0.659271 0.446997 0.604611
vn -0.703736 0.373097 0.604611
vn -0.641871 0.340298 0.687167
vn -0.674901 0.268905 0.687167
vn -0.601919 0.239827 0.761693
vn -0.624321 0.173342 0.761693
vn -0.541276 0.150284 0.827306
vn -0.554351 0.0908813 0.827306
vn -0.462768 0.0758669 0.883227
vn 0.404101 0.404101 -0.820612
vn 0.401133 0.423471 -0.812259
vn 0.445587 0.4704 -0.761693
vn 0.392115 0.515819 -0.761693
vn 0.439659 0.578361 -0.687167
vn 0.374549 0.622506 -0.687167
vn 0.410649 0.682504 -0.604611
vn 0.33445 0.722903 -0.604611
vn 0.359925 0.777966 -0.514998
vn 0.273702 0.81232 -0.514998
vn 0.289865 0.860289 -0.419382
vn 0.232501 0.877301 -0.419865
vn 0.230287 0.878085 -0.419446
vn 0.184554 0.888074 -0.421028
vn 0.182395 0.889188 -0.419615
vn 0.0981515 0.902488 -0.419382
vn 0.102475 0.942239 -0.318881
vn 0 0.947795 -0.318881
vn 0.350213 0.460697 -0.815542
vn 0.344485 0.460178 -0.81827
vn 0.301945 0.501836 -0.810549
vn 0.273246 0.500413 -0.821537
vn 0.246696 0.533225 -0.809205
vn 0.19952 0.534933 -0.820998
vn 0.186533 0.553611 -0.811616
vn 0.154375 0.559154 -0.814565
vn 0.172289 0.62404 -0.762162
vn 0.170686 0.624505 -0.762142
vn 0.191405 0.700312 -0.687697
vn 0.189617 0.700872 -0.687622
vn 0.207906 0.768472 -0.605166
vn 0.205955 0.769123 -0.605006
vn 0.221642 0.827705 -0.515538
vn 0.21955 0.828434 -0.515262
vn 0.123115 0.563207 -0.817093
vn 0.122428 0.562794 -0.817481
vn 0.0632478 0.581554 -0.811045
vn 0.0406981 0.569033 -0.821307
vn 0 0.58758 -0.809166
vn -0.0406981 0.569033 -0.821307
vn -0.0632478 0.581554 -0.811045
vn -0.122428 0.562794 -0.817481
vn -0.124102 0.563801 -0.816534
vn -0.186533 0.553611 -0.811616
vn -0.206888 0.614021 -0.761693
vn -0.272062 0.588053 -0.761693
vn -0.305049 0.659353 -0.687167
vn -0.374549 0.622506 -0.687167
vn -0.410649 0.682504 -0.604611
vn -0.482034 0.634105 -0.604611
vn -0.51875 0.682404 -0.514998
vn -0.58949 0.622317 -0.514998
vn -0.6243 0.659066 -0.419382
vn -0.691898 0.587704 -0.419382
vn -0.722373 0.613589 -0.318881
vn -0.784479 0.53189 -0.318881
vn -0.808393 0.548104 -0.21467
vn -0.862914 0.457488 -0.21467
vn -0.878348 0.465671 -0.107962
vn -0.923547 0.367975 -0.107962
vn -0.928977 0.370138 0
vn -0.96355 0.267528 0
vn -0.957918 0.265965 0.107962
vn -0.981059 0.160836 0.107962
vn -0.96382 0.15801 0.21467
vn -0.19952 0.534933 -0.820998
vn -0.246696 0.533225 -0.809205
vn -0.272062 0.588053 -0.761693
vn -0.334047 0.55519 -0.761693
vn -0.374549 0.622506 -0.687167
vn -0.439659 0.578361 -0.687167
vn -0.482034 0.634105 -0.604611
vn -0.547767 0.57827 -0.604611
vn -0.58949 0.622317 -0.514998
vn -0.653319 0.554934 -0.514998
vn -0.691898 0.587704 -0.419382
vn -0.751384 0.509451 -0.419382
vn -0.784479 0.53189 -0.318881
vn -0.837388 0.443955 -0.318881
vn -0.862914 0.457488 -0.21467
vn -0.907319 0.361509 -0.21467
vn -0.923547 0.367975 -0.107962
vn -0.957918 0.265965 -0.107962
vn -0.96355 0.267528 0
vn -0.986827 0.161782 0
vn -0.981059 0.160836 0.107962
vn -0.273246 0.500413 -0.821537
vn -0.301945 0.501836 -0.810549
vn -0.334047 0.55519 -0.761693
vn -0.392115 0.515819 -0.761693
vn -0.439659 0.578361 -0.687167
vn -0.499613 0.527435 -0.687167
vn -0.547767 0.57827 -0.604611
vn -0.607078 0.515657 -0.604611
vn -0.653319 0.554934 -0.514998
vn -0.709488 0.481045 -0.514998
vn -0.751384 0.509451 -0.419382
vn -0.802061 0.425226 -0.419382
vn -0.837388 0.443955 -0.318881
vn -0.880479 0.350815 -0.318881
vn -0.907319 0.361509 -0.21467
vn -0.941086 0.261291 -0.21467
vn -0.957918 0.265965 -0.107962
vn -0.981059 0.160836 -0.107962
vn -0.986827 0.161782 0
vn -0.344485 0.460178 -0.81827
vn -0.350213 0.460697 -0.815542
vn -0.392115 0.515819 -0.761693
vn -0.445587 0.4704 -0.761693
vn -0.499613 0.527435 -0.687167
vn -0.55371 0.470326 -0.687167
vn -0.607078 0.515657 -0.604611
vn -0.659271 0.446997 -0.604611
vn -0.709488 0.481045 -0.514998
vn -0.757339 0.401516 -0.514998
vn -0.802061 0.425226 -0.419382
vn -0.843334 0.336015 -0.419382
vn -0.880479 0.350815 -0.318881
vn -0.913248 0.253562 -0.318881
vn -0.941086 0.261291 -0.21467
vn -0.96382 0.15801 -0.21467
vn -0.981059 0.160836 -0.107962
vn -0.401133 0.423471 -0.812259
vn -0.404101 0.404101 -0.820612
vn -0.447669 0.380254 -0.80932
vn -0.456255 0.341548 -0.821691
vn -0.485235 0.328998 -0.810128
vn -0.503635 0.275006 -0.818977
vn -0.512436 0.271676 -0.814618
vn -0.540942 0.215531 -0.812975
vn -0.601919 0.239827 -0.761693
vn -0.624321 0.173342 -0.761693
vn -0.700018 0.194359 -0.687167
vn -0.716929 0.117534 -0.687167
vn -0.786028 0.128863 -0.604611
vn -0.536079 0.199947 -0.820147
vn -0.565702 0.157066 -0.809513
vn -0.639403 0.104825 -0.761693
vn -0.5568 0.121124 -0.821768
vn -0.579001 0.0949224 -0.809782
vn -0.571473 0.0408726 -0.819602
vn 0.244334 0.9693 0.0275299
vn 0.275249 0.961373 0
vn 0.246109 0.968894 -0.0259612
vn 0.238675 0.967502 0.0835161
vn 0.25304 0.961396 0.108109
vn 0.317435 0.942114 0.107962
vn 0.417435 0.902271 0.107962
vn 0.51254 0.851849 0.107962
vn 0.222143 0.964971 0.139582
vn 0.211587 0.961247 0.176734
vn 0.209959 0.953852 0.21467
vn 0.175088 0.960805 0.214938
vn 0.139807 0.964856 0.222501
vn 0.125916 0.984017 0.125916
vn 0.104615 0.961915 0.252536
vn 0.0839656 0.967145 0.23996
vn 0.0274439 0.969495 0.243571
vn 0 0.962002 0.273044
vn -0.0274439 0.969495 0.243571
vn -0.0839656 0.967145 0.23996
vn -0.104615 0.961915 0.252536
vn -0.139807 0.964856 0.222501
vn -0.175088 0.960805 0.214938
vn -0.125916 0.984017 0.125916
vn -0.795048 0.344001 0.499562
vn -0.238675 0.967502 0.0835161
vn -0.25304 0.961396 0.108109
vn -0.212564 0.96569 0.149195
vn -0.209959 0.953852 0.21467
vn -0.203748 0.925636 0.318881
vn -0.195152 0.886586 0.419382
vn -0.184271 0.837151 0.514998
vn -0.171228 0.777898 0.604611
vn -0.156176 0.709514 0.687167
vn -0.139288 0.63279 0.761693
vn -0.244334 0.9693 0.0275299
vn -0.275249 0.961373 0
vn -0.319302 0.947653 0
vn -0.244334 0.9693 -0.0275299
vn -0.238675 0.967502 -0.0835161
vn 0.139807 0.964856 -0.222501
vn 0.193174 0.967044 -0.165858
vn 0.208901 0.969088 -0.131261
vn 0.247061 0.96224 -0.114255
vn 0.244334 -0.9693 -0.0275299
vn 0.275249 -0.961373 0
vn 0.244334 -0.9693 0.0275299
vn 0.238675 -0.967502 0.0835161
vn 0.25304 -0.961396 0.108109
vn 0.212564 -0.96569 0.149195
vn 0.209959 -0.953852 0.21467
vn 0.203748 -0.925636 0.318881
vn 0.195152 -0.886586 0.419382
vn 0.184271 -0.837151 0.514998
vn 0.171228 -0.777898 0.604611
vn 0.156176 -0.709514 0.687167
vn 0.139288 -0.63279 0.761693
vn 0.12076 -0.548618 0.827306
vn 0.100809 -0.457982 0.883227
vn 0.0796696 -0.361943 0.92879
vn 0.0575891 -0.26163 0.963449
vn 0.0348281 -0.158226 0.986789
vn 0.0116553 -0.0529506 0.998529
vn 0.238675 -0.967502 -0.0835161
vn -0.139807 -0.964856 -0.222501
vn -0.193174 -0.967044 -0.165858
vn -0.208901 -0.969088 -0.131261
vn -0.247061 -0.96224 -0.114255
vn -0.244334 -0.9693 0.0275299
vn -0.275249 -0.961373 0
vn -0.246109 -0.968894 -0.0259612
vn -0.238675 -0.967502 0.0835161
vn -0.25304 -0.961396 0.108109
vn -0.317435 -0.942114 0.107962
vn -0.417435 -0.902271 0.107962
vn -0.51254 -0.851849 0.107962
vn -0.601637 -0.79144 0.107962
vn -0.68368 -0.721752 0.107962
vn -0.757707 -0.643602 0.107962
vn -0.822851 -0.557907 0.107962
vn -0.878348 -0.465671 0.107962
vn -0.923547 -0.367975 0.107962
vn -0.957918 -0.265965 0.107962
vn -0.981059 -0.160836 0.107962
vn -0.992697 -0.0538225 0.107962
vn -0.222143 -0.964971 0.139582
vn -0.211587 -0.961247 0.176734
vn -0.209959 -0.953852 0.21467
vn -0.175088 -0.960805 0.214938
vn -0.139807 -0.964856 0.222501
vn -0.125916 -0.984017 0.125916
vn -0.104615 -0.961915 0.252536
vn -0.0839656 -0.967145 0.23996
vn -0.0274439 -0.969495 0.243571
vn 0 -0.962002 0.273044
vn 0.0274439 -0.969495 0.243571
vn 0.0839656 -0.967145 0.23996
vn 0.104615 -0.961915 0.252536
vn 0.139807 -0.964856 0.222501
vn 0.175088 -0.960805 0.214938
vn 0.125916 -0.984017 0.125916
vn 0.795048 -0.344001 0.499562
vn -0.0535039 0.00877153 0.998529
vn -0.0522419 0.0145049 0.998529
vn -0.0503674 0.0200682 0.998529
vn -0.0479024 0.0253963 0.998529
vn -0.0448758 0.0304265 0.998529
vn -0.041323 0.0351001 0.998529
vn -0.017312 0.05138 0.998529
vn -0.0116553 0.0529506 0.998529
vn -0.00586202 0.0539004 0.998529
vn 0 0.0542182 0.998529
vn 0.0279524 0.0464572 0.998529
vn 0.0372858 0.0393622 0.998529
vn 0.041323 0.0351001 0.998529
vn 0.0448758 0.0304265 0.998529
vn 0.0479024 0.0253963 0.998529
vn 0.0503674 0.0200682 0.998529
vn 0.0535039 0.00877153 0.998529
vn 0.0541387 0.00293531 0.998529
vn 0.0541387 -0.00293531 0.998529
vn 0.0535039 -0.00877153 0.998529
vn 0.0522419 -0.0145049 0.998529
vn 0.0503674 -0.0200682 0.998529
vn 0.0479024 -0.0253963 0.998529
vn 0.0448758 -0.0304265 0.998529
vn 0.041323 -0.0351001 0.998529
vn 0.0372858 -0.0393622 0.998529
vn 0.0328115 -0.0431627 0.998529
vn 0.0279524 -0.0464572 0.998529
vn 0.017312 -0.05138 0.998529
vn 0.00586202 -0.0539004 0.998529
vn 0 -0.0542182 0.998529
vn -0.00586202 -0.0539004 0.998529
vn -0.0116553 -0.0529506 0.998529
vn -0.017312 -0.05138 0.998529
vn -0.0227656 -0.0492071 0.998529
vn -0.0279524 -0.0464572 0.998529
vn -0.0328115 -0.0431627 0.998529
vn -0.0372858 -0.0393622 0.998529
vn -0.041323 -0.0351001 0.998529
vn -0.0448758 -0.0304265 0.998529
vn -0.0479024 -0.0253963 0.998529
vn -0.0503674 -0.0200682 0.998529
vn -0.0522419 -0.0145049 0.998529
vn -0.0535039 -0.00877153 0.998529
vn -0.0541387 -0.00293531 0.998529
vn -0.646988 -0.0350787 -0.761693
vn -0.639403 -0.104825 -0.761693
vn -0.624321 -0.173342 -0.761693
vn -0.601919 -0.239827 -0.761693
vn -0.572461 -0.3035 -0.761693
vn -0.725434 -0.0393319 -0.687167
vn -0.716929 -0.117534 -0.687167
vn -0.700018 -0.194359 -0.687167
vn -0.674901 -0.268905 -0.687167
vn -0.641871 -0.340298 -0.687167
vn -0.601315 -0.407702 -0.687167
vn -0.795353 -0.0431228 -0.604611
vn -0.786028 -0.128863 -0.604611
vn -0.767488 -0.213092 -0.604611
vn -0.739949 -0.294823 -0.604611
vn -0.703736 -0.373097 -0.604611
vn -0.659271 -0.446997 -0.604611
vn -0.607078 -0.515657 -0.604611
vn -0.855934 -0.0464074 -0.514998
vn -0.845899 -0.138678 -0.514998
vn -0.825947 -0.229323 -0.514998
vn -0.796311 -0.317279 -0.514998
vn -0.757339 -0.401516 -0.514998
vn -0.709488 -0.481045 -0.514998
vn -0.653319 -0.554934 -0.514998
vn -0.58949 -0.622317 -0.514998
vn -0.906479 -0.0491478 -0.419382
vn -0.895851 -0.146867 -0.419382
vn -0.87472 -0.242865 -0.419382
vn -0.843334 -0.336015 -0.419382
vn -0.802061 -0.425226 -0.419382
vn -0.751384 -0.509451 -0.419382
vn -0.691898 -0.587704 -0.419382
vn -0.6243 -0.659066 -0.419382
vn -0.549383 -0.722701 -0.419382
vn -0.946405 -0.0513126 -0.318881
vn -0.935309 -0.153336 -0.318881
vn -0.913248 -0.253562 -0.318881
vn -0.880479 -0.350815 -0.318881
vn -0.837388 -0.443955 -0.318881
vn -0.784479 -0.53189 -0.318881
vn -0.722373 -0.613589 -0.318881
vn -0.651798 -0.688095 -0.318881
vn -0.573581 -0.754533 -0.318881
vn -0.488639 -0.812125 -0.318881
vn -0.975254 -0.0528768 -0.21467
vn -0.96382 -0.15801 -0.21467
vn -0.941086 -0.261291 -0.21467
vn -0.907319 -0.361509 -0.21467
vn -0.862914 -0.457488 -0.21467
vn -0.808393 -0.548104 -0.21467
vn -0.744394 -0.632294 -0.21467
vn -0.671667 -0.70907 -0.21467
vn -0.591066 -0.777534 -0.21467
vn -0.503535 -0.836881 -0.21467
vn -0.4101 -0.886417 -0.21467
vn -0.998533 -0.0541389 0
vn -0.992697 -0.0538225 -0.107962
vn -0.981059 -0.160836 -0.107962
vn -0.957918 -0.265965 -0.107962
vn -0.923547 -0.367975 -0.107962
vn -0.878348 -0.465671 -0.107962
vn -0.822851 -0.557907 -0.107962
vn -0.757707 -0.643602 -0.107962
vn -0.68368 -0.721752 -0.107962
vn -0.601637 -0.79144 -0.107962
vn -0.51254 -0.851849 -0.107962
vn -0.417435 -0.902271 -0.107962
vn -0.317435 -0.942114 -0.107962
vn -0.975254 -0.0528768 0.21467
vn -0.96382 -0.15801 0.21467
vn -0.941086 -0.261291 0.21467
vn -0.907319 -0.361509 0.21467
vn -0.862914 -0.457488 0.21467
vn -0.808393 -0.548104 0.21467
vn -0.744394 -0.632294 0.21467
vn -0.671667 -0.70907 0.21467
vn -0.591066 -0.777534 0.21467
vn -0.503535 -0.836881 0.21467
vn -0.4101 -0.886417 0.21467
vn -0.311858 -0.92556 0.21467
vn -0.209959 -0.953852 0.21467
vn -0.946405 -0.0513126 0.318881
vn -0.935309 -0.153336 0.318881
vn -0.913248 -0.253562 0.318881
vn -0.880479 -0.350815 0.318881
vn -0.837388 -0.443955 0.318881
vn -0.784479 -0.53189 0.318881
vn -0.722373 -0.613589 0.318881
vn -0.651798 -0.688095 0.318881
vn -0.573581 -0.754533 0.318881
vn -0.488639 -0.812125 0.318881
vn -0.397969 -0.860195 0.318881
vn -0.302632 -0.898181 0.318881
vn -0.203748 -0.925636 0.318881
vn -0.102475 -0.942239 0.318881
vn 0 -0.947795 0.318881
vn 0.102475 -0.942239 0.318881
vn -0.906479 -0.0491478 0.419382
vn -0.895851 -0.146867 0.419382
vn -0.87472 -0.242865 0.419382
vn -0.843334 -0.336015 0.419382
vn -0.802061 -0.425226 0.419382
vn -0.751384 -0.509451 0.419382
vn -0.691898 -0.587704 0.419382
vn -0.6243 -0.659066 0.419382
vn -0.549383 -0.722701 0.419382
vn -0.468025 -0.777864 0.419382
vn -0.38118 -0.823906 0.419382
vn -0.289865 -0.860289 0.419382
vn -0.195152 -0.886586 0.419382
vn -0.0981515 -0.902488 0.419382
vn 0 -0.90781 0.419382
vn 0.0981515 -0.902488 0.419382
vn -0.855934 -0.0464074 0.514998
vn -0.845899 -0.138678 0.514998
vn -0.825947 -0.229323 0.514998
vn -0.796311 -0.317279 0.514998
vn -0.757339 -0.401516 0.514998
vn -0.709488 -0.481045 0.514998
vn -0.653319 -0.554934 0.514998
vn -0.58949 -0.622317 0.514998
vn -0.51875 -0.682404 0.514998
vn -0.441928 -0.73449 0.514998
vn -0.359925 -0.777966 0.514998
vn -0.273702 -0.81232 0.514998
vn -0.184271 -0.837151 0.514998
vn -0.0926787 -0.852166 0.514998
vn 0 -0.857191 0.514998
vn 0.0926787 -0.852166 0.514998
vn -0.795353 -0.0431228 0.604611
vn -0.786028 -0.128863 0.604611
vn -0.767488 -0.213092 0.604611
vn -0.739949 -0.294823 0.604611
vn -0.703736 -0.373097 0.604611
vn -0.659271 -0.446997 0.604611
vn -0.607078 -0.515657 0.604611
vn -0.547767 -0.57827 0.604611
vn -0.482034 -0.634105 0.604611
vn -0.410649 -0.682504 0.604611
vn -0.33445 -0.722903 0.604611
vn -0.25433 -0.754825 0.604611
vn -0.171228 -0.777898 0.604611
vn -0.086119 -0.791851 0.604611
vn 0 -0.796521 0.604611
vn 0.086119 -0.791851 0.604611
vn -0.725434 -0.0393319 0.687167
vn -0.716929 -0.117534 0.687167
vn -0.700018 -0.194359 0.687167
vn -0.674901 -0.268905 0.687167
vn -0.641871 -0.340298 0.687167
vn -0.601315 -0.407702 0.687167
vn -0.55371 -0.470326 0.687167
vn -0.499613 -0.527435 0.687167
vn -0.439659 -0.578361 0.687167
vn -0.374549 -0.622506 0.687167
vn -0.305049 -0.659353 0.687167
vn -0.231972 -0.688469 0.687167
vn -0.156176 -0.709514 0.687167
vn -0.0785484 -0.72224 0.687167
vn 0 -0.726499 0.687167
vn 0.0785484 -0.72224 0.687167
vn -0.646988 -0.0350787 0.761693
vn -0.639403 -0.104825 0.761693
vn -0.624321 -0.173342 0.761693
vn -0.601919 -0.239827 0.761693
vn -0.572461 -0.3035 0.761693
vn -0.536291 -0.363614 0.761693
vn -0.493834 -0.419466 0.761693
vn -0.445587 -0.4704 0.761693
vn -0.392115 -0.515819 0.761693
vn -0.334047 -0.55519 0.761693
vn -0.272062 -0.588053 0.761693
vn -0.206888 -0.614021 0.761693
vn -0.139288 -0.63279 0.761693
vn -0.0700544 -0.64414 0.761693
vn 0 -0.647938 0.761693
vn 0.0700544 -0.64414 0.761693
vn -0.560927 -0.0304126 0.827306
vn -0.554351 -0.0908813 0.827306
vn -0.541276 -0.150284 0.827306
vn -0.521854 -0.207926 0.827306
vn -0.496314 -0.263129 0.827306
vn -0.464955 -0.315248 0.827306
vn -0.428146 -0.36367 0.827306
vn -0.386316 -0.407829 0.827306
vn -0.339957 -0.447206 0.827306
vn -0.289613 -0.481341 0.827306
vn -0.235873 -0.509832 0.827306
vn -0.179368 -0.532345 0.827306
vn -0.12076 -0.548618 0.827306
vn -0.060736 -0.558458 0.827306
vn 0 -0.561751 0.827306
vn 0.060736 -0.558458 0.827306
vn -0.468257 -0.0253882 0.883227
vn -0.462768 -0.0758669 0.883227
vn -0.451852 -0.125456 0.883227
vn -0.435639 -0.173575 0.883227
vn -0.414319 -0.219658 0.883227
vn -0.388141 -0.263166 0.883227
vn -0.357412 -0.303589 0.883227
vn -0.322493 -0.340452 0.883227
vn -0.283794 -0.373324 0.883227
vn -0.241767 -0.401819 0.883227
vn -0.196905 -0.425603 0.883227
vn -0.149735 -0.444397 0.883227
vn -0.100809 -0.457982 0.883227
vn -0.0507019 -0.466196 0.883227
vn 0 -0.468945 0.883227
vn 0.0507019 -0.466196 0.883227
vn -0.370064 -0.0200643 0.92879
vn -0.365725 -0.0599576 0.92879
vn -0.357099 -0.0991479 0.92879
vn -0.344285 -0.137176 0.92879
vn -0.327436 -0.173596 0.92879
vn -0.306747 -0.20798 0.92879
vn -0.282463 -0.239926 0.92879
vn -0.254866 -0.269059 0.92879
vn -0.224282 -0.295038 0.92879
vn -0.191068 -0.317557 0.92879
vn -0.155614 -0.336354 0.92879
vn -0.118335 -0.351207 0.92879
vn -0.0796696 -0.361943 0.92879
vn -0.0400697 -0.368435 0.92879
vn 0 -0.370607 0.92879
vn 0.0400697 -0.368435 0.92879
vn -0.161776 -0.00877123 0.986789
vn -0.2675 -0.0145034 0.963449
vn -0.264364 -0.0433403 0.963449
vn -0.258128 -0.071669 0.963449
vn -0.248866 -0.0991575 0.963449
vn -0.236687 -0.125483 0.963449
vn -0.221732 -0.150338 0.963449
vn -0.204178 -0.17343 0.963449
vn -0.18423 -0.194489 0.963449
vn -0.162122 -0.213268 0.963449
vn -0.138113 -0.229546 0.963449
vn -0.112485 -0.243133 0.963449
vn -0.0855387 -0.25387 0.963449
vn -0.0575891 -0.26163 0.963449
vn -0.0289643 -0.266323 0.963449
vn 0 -0.267893 0.963449
vn 0.0289643 -0.266323 0.963449
vn -0.986827 -0.161782 0
vn -0.998533 -0.0541389 0
vn -0.159879 -0.0262108 0.986789
vn -0.161776 -0.00877123 0.986789
vn -0.96355 -0.267528 0
vn -0.156108 -0.0433432 0.986789
vn -0.928977 -0.370138 0
vn -0.150507 -0.0599673 0.986789
vn -0.883512 -0.468408 0
vn -0.143141 -0.0758884 0.986789
vn -0.827689 -0.561187 -0
vn -0.762162 -0.647386 -0
vn -0.687699 -0.725995 -0
vn -0.605174 -0.796093 -0
vn -0.515554 -0.856857 -0
vn -0.419889 -0.907575 -0
vn -0.319302 -0.947653 -0
vn -0.134097 -0.0909198 0.986789
vn -0.12348 -0.104885 0.986789
vn -0.111417 -0.117621 0.986789
vn -0.0980463 -0.128978 0.986789
vn -0.0835266 -0.138822 0.986789
vn -0.0680277 -0.147039 0.986789
vn -0.0517311 -0.153532 0.986789
vn -0.0348281 -0.158226 0.986789
vn -0.0175167 -0.161064 0.986789
vn 0 -0.162013 0.986789
vn 0.0175167 -0.161064 0.986789
vn -0.334047 -0.55519 -0.761693
vn -0.392115 -0.515819 -0.761693
vn -0.374549 -0.622506 -0.687167
vn -0.305049 -0.659353 -0.687167
vn -0.33445 -0.722903 -0.604611
vn -0.25433 -0.754825 -0.604611
vn -0.273702 -0.81232 -0.514998
vn -0.272062 -0.588053 -0.761693
vn -0.206888 -0.614021 -0.761693
vn -0.231972 -0.688469 -0.687167
vn -0.0700544 -0.64414 -0.761693
vn -0.13672 -0.633268 -0.76176
vn -0.153119 -0.709225 -0.688153
vn -0.0785484 -0.72224 -0.687167
vn -0.15146 -0.710418 -0.687289
vn -0.165886 -0.778082 -0.605863
vn 0 -0.647938 -0.761693
vn 0.0700544 -0.64414 -0.761693
vn 0.139288 -0.63279 -0.761693
vn 0.206888 -0.614021 -0.761693
vn -0.086119 -0.791851 -0.604611
vn -0.164048 -0.779309 -0.604786
vn -0.176389 -0.837935 -0.51648
vn 0 -0.726499 -0.687167
vn 0.0785484 -0.72224 -0.687167
vn 0.156176 -0.709514 -0.687167
vn 0.231972 -0.688469 -0.687167
vn 0.305049 -0.659353 -0.687167
vn -0.0926787 -0.852166 -0.514998
vn -0.174383 -0.839134 -0.515214
vn 0 -0.796521 -0.604611
vn 0.086119 -0.791851 -0.604611
vn 0.171228 -0.777898 -0.604611
vn 0.25433 -0.754825 -0.604611
vn 0.33445 -0.722903 -0.604611
vn 0.410649 -0.682504 -0.604611
vn -0.0981515 -0.902488 -0.419382
vn 0 -0.90781 -0.419382
vn 0 -0.947795 -0.318881
vn 0.102475 -0.942239 -0.318881
vn 0 -0.857191 -0.514998
vn 0.0926787 -0.852166 -0.514998
vn 0.184271 -0.837151 -0.514998
vn 0.273702 -0.81232 -0.514998
vn 0.359925 -0.777966 -0.514998
vn 0.441928 -0.73449 -0.514998
vn 0.51875 -0.682404 -0.514998
vn -0.13819 -0.632171 -0.762406
vn 0.0981515 -0.902488 -0.419382
vn 0.203748 -0.925636 -0.318881
vn 0.209959 -0.953852 -0.21467
vn 0.311858 -0.92556 -0.21467
vn 0.317435 -0.942114 -0.107962
vn 0.417435 -0.902271 -0.107962
vn 0.419889 -0.907575 0
vn 0.515554 -0.856857 0
vn 0.51254 -0.851849 0.107962
vn 0.601637 -0.79144 0.107962
vn 0.591066 -0.777534 0.21467
vn 0.671667 -0.70907 0.21467
vn 0.651798 -0.688095 0.318881
vn 0.722373 -0.613589 0.318881
vn 0.691898 -0.587704 0.419382
vn 0.751384 -0.509451 0.419382
vn 0.709488 -0.481045 0.514998
vn 0.757339 -0.401516 0.514998
vn 0.703736 -0.373097 0.604611
vn 0.739949 -0.294823 0.604611
vn 0.674901 -0.268905 0.687167
vn 0.700018 -0.194359 0.687167
vn 0.624321 -0.173342 0.761693
vn 0.639403 -0.104825 0.761693
vn 0.554351 -0.0908813 0.827306
vn 0.560927 -0.0304126 0.827306
vn 0.468257 -0.0253882 0.883227
vn 0.468257 0.0253882 0.883227
vn 0.370064 0.0200643 0.92879
vn 0.365725 0.0599576 0.92879
vn 0.264364 0.0433403 0.963449
vn 0.258128 0.071669 0.963449
vn 0.156108 0.0433432 0.986789
vn 0.150507 0.0599673 0.986789
vn 0.0981515 -0.902488 -0.419382
vn 0.195152 -0.886586 -0.419382
vn 0.289865 -0.860289 -0.419382
vn 0.38118 -0.823906 -0.419382
vn 0.468025 -0.777864 -0.419382
vn 0.549383 -0.722701 -0.419382
vn 0.6243 -0.659066 -0.419382
vn 0.209959 -0.953852 -0.21467
vn 0.302632 -0.898181 -0.318881
vn 0.203748 -0.925636 -0.318881
vn 0.311858 -0.92556 -0.21467
vn 0.4101 -0.886417 -0.21467
vn 0.417435 -0.902271 -0.107962
vn 0.51254 -0.851849 -0.107962
vn 0.515554 -0.856857 0
vn 0.605174 -0.796093 0
vn 0.601637 -0.79144 0.107962
vn 0.68368 -0.721752 0.107962
vn 0.671667 -0.70907 0.21467
vn 0.744394 -0.632294 0.21467
vn 0.722373 -0.613589 0.318881
vn 0.784479 -0.53189 0.318881
vn 0.751384 -0.509451 0.419382
vn 0.802061 -0.425226 0.419382
vn 0.757339 -0.401516 0.514998
vn 0.796311 -0.317279 0.514998
vn 0.739949 -0.294823 0.604611
vn 0.767488 -0.213092 0.604611
vn 0.700018 -0.194359 0.687167
vn 0.716929 -0.117534 0.687167
vn 0.639403 -0.104825 0.761693
vn 0.646988 -0.0350787 0.761693
vn 0.560927 -0.0304126 0.827306
vn 0.560927 0.0304126 0.827306
vn 0.468257 0.0253882 0.883227
vn 0.462768 0.0758669 0.883227
vn 0.365725 0.0599576 0.92879
vn 0.357099 0.0991479 0.92879
vn 0.258128 0.071669 0.963449
vn 0.248866 0.0991575 0.963449
vn 0.150507 0.0599673 0.986789
vn 0.143141 0.0758884 0.986789
vn 0.397969 -0.860195 -0.318881
vn 0.488639 -0.812125 -0.318881
vn 0.573581 -0.754533 -0.318881
vn 0.651798 -0.688095 -0.318881
vn 0.722373 -0.613589 -0.318881
vn 0.319302 -0.947653 0
vn 0.317435 -0.942114 0.107962
vn 0.417435 -0.902271 0.107962
vn 0.311858 -0.92556 0.21467
vn 0.4101 -0.886417 0.21467
vn 0.503535 -0.836881 0.21467
vn 0.302632 -0.898181 0.318881
vn 0.397969 -0.860195 0.318881
vn 0.488639 -0.812125 0.318881
vn 0.573581 -0.754533 0.318881
vn 0.289865 -0.860289 0.419382
vn 0.38118 -0.823906 0.419382
vn 0.468025 -0.777864 0.419382
vn 0.549383 -0.722701 0.419382
vn 0.6243 -0.659066 0.419382
vn 0.273702 -0.81232 0.514998
vn 0.359925 -0.777966 0.514998
vn 0.441928 -0.73449 0.514998
vn 0.51875 -0.682404 0.514998
vn 0.58949 -0.622317 0.514998
vn 0.653319 -0.554934 0.514998
vn 0.25433 -0.754825 0.604611
vn 0.33445 -0.722903 0.604611
vn 0.410649 -0.682504 0.604611
vn 0.482034 -0.634105 0.604611
vn 0.547767 -0.57827 0.604611
vn 0.607078 -0.515657 0.604611
vn 0.659271 -0.446997 0.604611
vn 0.231972 -0.688469 0.687167
vn 0.305049 -0.659353 0.687167
vn 0.374549 -0.622506 0.687167
vn 0.439659 -0.578361 0.687167
vn 0.499613 -0.527435 0.687167
vn 0.55371 -0.470326 0.687167
vn 0.601315 -0.407702 0.687167
vn 0.641871 -0.340298 0.687167
vn 0.206888 -0.614021 0.761693
vn 0.272062 -0.588053 0.761693
vn 0.334047 -0.55519 0.761693
vn 0.392115 -0.515819 0.761693
vn 0.445587 -0.4704 0.761693
vn 0.493834 -0.419466 0.761693
vn 0.536291 -0.363614 0.761693
vn 0.572461 -0.3035 0.761693
vn 0.601919 -0.239827 0.761693
vn 0.179368 -0.532345 0.827306
vn 0.235873 -0.509832 0.827306
vn 0.289613 -0.481341 0.827306
vn 0.339957 -0.447206 0.827306
vn 0.386316 -0.407829 0.827306
vn 0.428146 -0.36367 0.827306
vn 0.464955 -0.315248 0.827306
vn 0.496314 -0.263129 0.827306
vn 0.521854 -0.207926 0.827306
vn 0.541276 -0.150284 0.827306
vn 0.149735 -0.444397 0.883227
vn 0.196905 -0.425603 0.883227
vn 0.241767 -0.401819 0.883227
vn 0.283794 -0.373324 0.883227
vn 0.322493 -0.340452 0.883227
vn 0.357412 -0.303589 0.883227
vn 0.388141 -0.263166 0.883227
vn 0.414319 -0.219658 0.883227
vn 0.435639 -0.173575 0.883227
vn 0.451852 -0.125456 0.883227
vn 0.462768 -0.0758669 0.883227
vn 0.118335 -0.351207 0.92879
vn 0.155614 -0.336354 0.92879
vn 0.191068 -0.317557 0.92879
vn 0.224282 -0.295038 0.92879
vn 0.254866 -0.269059 0.92879
vn 0.282463 -0.239926 0.92879
vn 0.306747 -0.20798 0.92879
vn 0.327436 -0.173596 0.92879
vn 0.344285 -0.137176 0.92879
vn 0.357099 -0.0991479 0.92879
vn 0.365725 -0.0599576 0.92879
vn 0.370064 -0.0200643 0.92879
vn 0.0855387 -0.25387 0.963449
vn 0.112485 -0.243133 0.963449
vn 0.138113 -0.229546 0.963449
vn 0.162122 -0.213268 0.963449
vn 0.18423 -0.194489 0.963449
vn 0.204178 -0.17343 0.963449
vn 0.221732 -0.150338 0.963449
vn 0.236687 -0.125483 0.963449
vn 0.248866 -0.0991575 0.963449
vn 0.258128 -0.071669 0.963449
vn 0.264364 -0.0433403 0.963449
vn 0.2675 -0.0145034 0.963449
vn 0.2675 0.0145034 0.963449
vn 0.0517311 -0.153532 0.986789
vn 0.0680277 -0.147039 0.986789
vn 0.0835266 -0.138822 0.986789
vn 0.0980463 -0.128978 0.986789
vn 0.111417 -0.117621 0.986789
vn 0.12348 -0.104885 0.986789
vn 0.134097 -0.0909198 0.986789
vn 0.143141 -0.0758884 0.986789
vn 0.150507 -0.0599673 0.986789
vn 0.156108 -0.0433432 0.986789
vn 0.159879 -0.0262108 0.986789
vn 0.161776 -0.00877123 0.986789
vn 0.161776 0.00877123 0.986789
vn 0.159879 0.0262108 0.986789
vn 0.0227656 -0.0492071 0.998529
vn 0.4101 -0.886417 -0.21467
vn 0.503535 -0.836881 -0.21467
vn 0.51254 -0.851849 -0.107962
vn 0.601637 -0.79144 -0.107962
vn 0.605174 -0.796093 0
vn 0.687699 -0.725995 0
vn 0.68368 -0.721752 0.107962
vn 0.757707 -0.643602 0.107962
vn 0.744394 -0.632294 0.21467
vn 0.808393 -0.548104 0.21467
vn 0.784479 -0.53189 0.318881
vn 0.837388 -0.443955 0.318881
vn 0.802061 -0.425226 0.419382
vn 0.843334 -0.336015 0.419382
vn 0.796311 -0.317279 0.514998
vn 0.825947 -0.229323 0.514998
vn 0.767488 -0.213092 0.604611
vn 0.786028 -0.128863 0.604611
vn 0.716929 -0.117534 0.687167
vn 0.725434 -0.0393319 0.687167
vn 0.646988 -0.0350787 0.761693
vn 0.646988 0.0350787 0.761693
vn 0.560927 0.0304126 0.827306
vn 0.554351 0.0908813 0.827306
vn 0.462768 0.0758669 0.883227
vn 0.451852 0.125456 0.883227
vn 0.357099 0.0991479 0.92879
vn 0.344285 0.137176 0.92879
vn 0.248866 0.0991575 0.963449
vn 0.236687 0.125483 0.963449
vn 0.143141 0.0758884 0.986789
vn 0.134097 0.0909198 0.986789
vn 0.503535 -0.836881 -0.21467
vn 0.591066 -0.777534 -0.21467
vn 0.671667 -0.70907 -0.21467
vn 0.744394 -0.632294 -0.21467
vn 0.808393 -0.548104 -0.21467
vn 0.445587 -0.4704 -0.761693
vn 0.493834 -0.419466 -0.761693
vn 0.55371 -0.470326 -0.687167
vn 0.601315 -0.407702 -0.687167
vn 0.659271 -0.446997 -0.604611
vn 0.703736 -0.373097 -0.604611
vn 0.757339 -0.401516 -0.514998
vn 0.796311 -0.317279 -0.514998
vn 0.843334 -0.336015 -0.419382
vn 0.87472 -0.242865 -0.419382
vn 0.913248 -0.253562 -0.318881
vn 0.935309 -0.153336 -0.318881
vn 0.96382 -0.15801 -0.21467
vn 0.975254 -0.0528768 -0.21467
vn 0.992697 -0.0538225 -0.107962
vn 0.992697 0.0538225 -0.107962
vn 0.998533 0.0541389 0
vn 0.986827 0.161782 0
vn 0.981059 0.160836 0.107962
vn 0.957918 0.265965 0.107962
vn 0.941086 0.261291 0.21467
vn 0.907319 0.361509 0.21467
vn 0.880479 0.350815 0.318881
vn 0.837388 0.443955 0.318881
vn 0.802061 0.425226 0.419382
vn 0.751384 0.509451 0.419382
vn 0.709488 0.481045 0.514998
vn 0.653319 0.554934 0.514998
vn 0.607078 0.515657 0.604611
vn 0.547767 0.57827 0.604611
vn 0.499613 0.527435 0.687167
vn 0.439659 0.578361 0.687167
vn 0.392115 0.515819 0.761693
vn 0.334047 0.55519 0.761693
vn 0.289613 0.481341 0.827306
vn 0.235873 0.509832 0.827306
vn 0.196905 0.425603 0.883227
vn 0.149735 0.444397 0.883227
vn 0.118335 0.351207 0.92879
vn 0.0796696 0.361943 0.92879
vn 0.0575891 0.26163 0.963449
vn 0.0289643 0.266323 0.963449
vn 0.0175167 0.161064 0.986789
vn 0 0.162013 0.986789
vn 0.68368 -0.721752 -0.107962
vn 0.601637 -0.79144 -0.107962
vn 0.687699 -0.725995 0
vn 0.762162 -0.647386 0
vn 0.757707 -0.643602 0.107962
vn 0.822851 -0.557907 0.107962
vn 0.808393 -0.548104 0.21467
vn 0.862914 -0.457488 0.21467
vn 0.837388 -0.443955 0.318881
vn 0.880479 -0.350815 0.318881
vn 0.843334 -0.336015 0.419382
vn 0.87472 -0.242865 0.419382
vn 0.825947 -0.229323 0.514998
vn 0.845899 -0.138678 0.514998
vn 0.786028 -0.128863 0.604611
vn 0.795353 -0.0431228 0.604611
vn 0.725434 -0.0393319 0.687167
vn 0.725434 0.0393319 0.687167
vn 0.646988 0.0350787 0.761693
vn 0.639403 0.104825 0.761693
vn 0.554351 0.0908813 0.827306
vn 0.541276 0.150284 0.827306
vn 0.451852 0.125456 0.883227
vn 0.435639 0.173575 0.883227
vn 0.344285 0.137176 0.92879
vn 0.327436 0.173596 0.92879
vn 0.236687 0.125483 0.963449
vn 0.221732 0.150338 0.963449
vn 0.134097 0.0909198 0.986789
vn 0.12348 0.104885 0.986789
vn 0.757707 -0.643602 -0.107962
vn 0.822851 -0.557907 -0.107962
vn 0.878348 -0.465671 -0.107962
vn 0.493834 -0.419466 -0.761693
vn 0.536291 -0.363614 -0.761693
vn 0.601315 -0.407702 -0.687167
vn 0.641871 -0.340298 -0.687167
vn 0.703736 -0.373097 -0.604611
vn 0.739949 -0.294823 -0.604611
vn 0.796311 -0.317279 -0.514998
vn 0.825947 -0.229323 -0.514998
vn 0.87472 -0.242865 -0.419382
vn 0.895851 -0.146867 -0.419382
vn 0.935309 -0.153336 -0.318881
vn 0.946405 -0.0513126 -0.318881
vn 0.975254 -0.0528768 -0.21467
vn 0.975254 0.0528768 -0.21467
vn 0.992697 0.0538225 -0.107962
vn 0.981059 0.160836 -0.107962
vn 0.986827 0.161782 0
vn 0.96355 0.267528 0
vn 0.957918 0.265965 0.107962
vn 0.923547 0.367975 0.107962
vn 0.907319 0.361509 0.21467
vn 0.862914 0.457488 0.21467
vn 0.837388 0.443955 0.318881
vn 0.784479 0.53189 0.318881
vn 0.751384 0.509451 0.419382
vn 0.691898 0.587704 0.419382
vn 0.653319 0.554934 0.514998
vn 0.58949 0.622317 0.514998
vn 0.547767 0.57827 0.604611
vn 0.482034 0.634105 0.604611
vn 0.439659 0.578361 0.687167
vn 0.374549 0.622506 0.687167
vn 0.334047 0.55519 0.761693
vn 0.272062 0.588053 0.761693
vn 0.235873 0.509832 0.827306
vn 0.179368 0.532345 0.827306
vn 0.149735 0.444397 0.883227
vn 0.100809 0.457982 0.883227
vn 0.0796696 0.361943 0.92879
vn 0.0400697 0.368435 0.92879
vn 0.0289643 0.266323 0.963449
vn 0 0.267893 0.963449
vn 0 0.162013 0.986789
vn -0.0175167 0.161064 0.986789
vn 0.762162 -0.647386 0
vn 0.827689 -0.561187 0
vn 0.822851 -0.557907 0.107962
vn 0.878348 -0.465671 0.107962
vn 0.862914 -0.457488 0.21467
vn 0.907319 -0.361509 0.21467
vn 0.880479 -0.350815 0.318881
vn 0.913248 -0.253562 0.318881
vn 0.87472 -0.242865 0.419382
vn 0.895851 -0.146867 0.419382
vn 0.845899 -0.138678 0.514998
vn 0.855934 -0.0464074 0.514998
vn 0.795353 -0.0431228 0.604611
vn 0.795353 0.0431228 0.604611
vn 0.725434 0.0393319 0.687167
vn 0.716929 0.117534 0.687167
vn 0.639403 0.104825 0.761693
vn 0.624321 0.173342 0.761693
vn 0.541276 0.150284 0.827306
vn 0.521854 0.207926 0.827306
vn 0.435639 0.173575 0.883227
vn 0.414319 0.219658 0.883227
vn 0.327436 0.173596 0.92879
vn 0.306747 0.20798 0.92879
vn 0.221732 0.150338 0.963449
vn 0.204178 0.17343 0.963449
vn 0.12348 0.104885 0.986789
vn 0.111417 0.117621 0.986789
vn 0.827689 -0.561187 0
vn 0.536291 -0.363614 -0.761693
vn 0.572461 -0.3035 -0.761693
vn 0.641871 -0.340298 -0.687167
vn 0.674901 -0.268905 -0.687167
vn 0.739949 -0.294823 -0.604611
vn 0.767488 -0.213092 -0.604611
vn 0.825947 -0.229323 -0.514998
vn 0.845899 -0.138678 -0.514998
vn 0.895851 -0.146867 -0.419382
vn 0.906479 -0.0491478 -0.419382
vn 0.946405 -0.0513126 -0.318881
vn 0.946405 0.0513126 -0.318881
vn 0.975254 0.0528768 -0.21467
vn 0.96382 0.15801 -0.21467
vn 0.981059 0.160836 -0.107962
vn 0.957918 0.265965 -0.107962
vn 0.96355 0.267528 0
vn 0.928977 0.370138 0
vn 0.923547 0.367975 0.107962
vn 0.878348 0.465671 0.107962
vn 0.862914 0.457488 0.21467
vn 0.808393 0.548104 0.21467
vn 0.784479 0.53189 0.318881
vn 0.722373 0.613589 0.318881
vn 0.691898 0.587704 0.419382
vn 0.6243 0.659066 0.419382
vn 0.58949 0.622317 0.514998
vn 0.51875 0.682404 0.514998
vn 0.482034 0.634105 0.604611
vn 0.410649 0.682504 0.604611
vn 0.374549 0.622506 0.687167
vn 0.305049 0.659353 0.687167
vn 0.272062 0.588053 0.761693
vn 0.206888 0.614021 0.761693
vn 0.179368 0.532345 0.827306
vn 0.12076 0.548618 0.827306
vn 0.100809 0.457982 0.883227
vn 0.0507019 0.466196 0.883227
vn 0.0400697 0.368435 0.92879
vn 0 0.370607 0.92879
vn 0 0.267893 0.963449
vn -0.0289643 0.266323 0.963449
vn -0.0175167 0.161064 0.986789
vn -0.0348281 0.158226 0.986789
vn 0.883512 -0.468408 0
vn 0.928977 -0.370138 0
vn 0.601919 -0.239827 -0.761693
vn 0.674901 -0.268905 -0.687167
vn 0.767488 -0.213092 -0.604611
vn 0.700018 -0.194359 -0.687167
vn 0.923547 -0.367975 0.107962
vn 0.878348 -0.465671 0.107962
vn 0.907319 -0.361509 0.21467
vn 0.941086 -0.261291 0.21467
vn 0.913248 -0.253562 0.318881
vn 0.935309 -0.153336 0.318881
vn 0.895851 -0.146867 0.419382
vn 0.906479 -0.0491478 0.419382
vn 0.855934 -0.0464074 0.514998
vn 0.855934 0.0464074 0.514998
vn 0.795353 0.0431228 0.604611
vn 0.786028 0.128863 0.604611
vn 0.716929 0.117534 0.687167
vn 0.700018 0.194359 0.687167
vn 0.624321 0.173342 0.761693
vn 0.601919 0.239827 0.761693
vn 0.521854 0.207926 0.827306
vn 0.496314 0.263129 0.827306
vn 0.414319 0.219658 0.883227
vn 0.388141 0.263166 0.883227
vn 0.306747 0.20798 0.92879
vn 0.282463 0.239926 0.92879
vn 0.204178 0.17343 0.963449
vn 0.18423 0.194489 0.963449
vn 0.111417 0.117621 0.986789
vn 0.0980463 0.128978 0.986789
vn 0.0328115 0.0431627 0.998529
vn 0.941086 -0.261291 0.21467
vn 0.957918 -0.265965 0.107962
vn 0.572461 -0.3035 -0.761693
vn 0.845899 -0.138678 -0.514998
vn 0.786028 -0.128863 -0.604611
vn 0.935309 -0.153336 0.318881
vn 0.96382 -0.15801 0.21467
vn 0.906479 -0.0491478 -0.419382
vn 0.855934 -0.0464074 -0.514998
vn 0.906479 -0.0491478 0.419382
vn 0.946405 -0.0513126 0.318881
vn 0.646988 0.0350787 -0.761693
vn 0.639403 0.104825 -0.761693
vn 0.716929 0.117534 -0.687167
vn 0.700018 0.194359 -0.687167
vn 0.767488 0.213092 -0.604611
vn 0.739949 0.294823 -0.604611
vn 0.796311 0.317279 -0.514998
vn 0.757339 0.401516 -0.514998
vn 0.802061 0.425226 -0.419382
vn 0.751384 0.509451 -0.419382
vn 0.784479 0.53189 -0.318881
vn 0.722373 0.613589 -0.318881
vn 0.744394 0.632294 -0.21467
vn 0.671667 0.70907 -0.21467
vn 0.68368 0.721752 -0.107962
vn 0.601637 0.79144 -0.107962
vn 0.605174 0.796093 0
vn 0.515554 0.856857 0
vn 0.906479 0.0491478 -0.419382
vn 0.946405 0.0513126 -0.318881
vn 0.935309 0.153336 -0.318881
vn 0.96382 0.15801 -0.21467
vn 0.941086 0.261291 -0.21467
vn 0.957918 0.265965 -0.107962
vn 0.923547 0.367975 -0.107962
vn 0.928977 0.370138 0
vn 0.883512 0.468408 0
vn 0.878348 0.465671 0.107962
vn 0.822851 0.557907 0.107962
vn 0.808393 0.548104 0.21467
vn 0.744394 0.632294 0.21467
vn 0.722373 0.613589 0.318881
vn 0.651798 0.688095 0.318881
vn 0.6243 0.659066 0.419382
vn 0.549383 0.722701 0.419382
vn 0.51875 0.682404 0.514998
vn 0.441928 0.73449 0.514998
vn 0.410649 0.682504 0.604611
vn 0.33445 0.722903 0.604611
vn 0.305049 0.659353 0.687167
vn 0.231972 0.688469 0.687167
vn 0.206888 0.614021 0.761693
vn 0.139288 0.63279 0.761693
vn 0.12076 0.548618 0.827306
vn 0.060736 0.558458 0.827306
vn 0.0507019 0.466196 0.883227
vn 0 0.468945 0.883227
vn 0 0.370607 0.92879
vn -0.0400697 0.368435 0.92879
vn -0.0289643 0.266323 0.963449
vn -0.0575891 0.26163 0.963449
vn -0.0348281 0.158226 0.986789
vn -0.0517311 0.153532 0.986789
vn 0.906479 0.0491478 0.419382
vn 0.855934 0.0464074 0.514998
vn 0.845899 0.138678 0.514998
vn 0.786028 0.128863 0.604611
vn 0.767488 0.213092 0.604611
vn 0.700018 0.194359 0.687167
vn 0.674901 0.268905 0.687167
vn 0.601919 0.239827 0.761693
vn 0.572461 0.3035 0.761693
vn 0.496314 0.263129 0.827306
vn 0.464955 0.315248 0.827306
vn 0.388141 0.263166 0.883227
vn 0.357412 0.303589 0.883227
vn 0.282463 0.239926 0.92879
vn 0.254866 0.269059 0.92879
vn 0.18423 0.194489 0.963449
vn 0.162122 0.213268 0.963449
vn 0.0980463 0.128978 0.986789
vn 0.0835266 0.138822 0.986789
vn 0.639403 0.104825 -0.761693
vn 0.624321 0.173342 -0.761693
vn 0.700018 0.194359 -0.687167
vn 0.674901 0.268905 -0.687167
vn 0.739949 0.294823 -0.604611
vn 0.703736 0.373097 -0.604611
vn 0.757339 0.401516 -0.514998
vn 0.709488 0.481045 -0.514998
vn 0.751384 0.509451 -0.419382
vn 0.691898 0.587704 -0.419382
vn 0.722373 0.613589 -0.318881
vn 0.651798 0.688095 -0.318881
vn 0.671667 0.70907 -0.21467
vn 0.591066 0.777534 -0.21467
vn 0.601637 0.79144 -0.107962
vn 0.51254 0.851849 -0.107962
vn 0.515554 0.856857 0
vn 0.419889 0.907575 0
vn 0.624321 0.173342 -0.761693
vn 0.601919 0.239827 -0.761693
vn 0.674901 0.268905 -0.687167
vn 0.641871 0.340298 -0.687167
vn 0.703736 0.373097 -0.604611
vn 0.659271 0.446997 -0.604611
vn 0.709488 0.481045 -0.514998
vn 0.653319 0.554934 -0.514998
vn 0.691898 0.587704 -0.419382
vn 0.6243 0.659066 -0.419382
vn 0.651798 0.688095 -0.318881
vn 0.573581 0.754533 -0.318881
vn 0.591066 0.777534 -0.21467
vn 0.503535 0.836881 -0.21467
vn 0.51254 0.851849 -0.107962
vn 0.417435 0.902271 -0.107962
vn 0.419889 0.907575 0
vn 0.319302 0.947653 0
vn 0.601919 0.239827 -0.761693
vn 0.572461 0.3035 -0.761693
vn 0.641871 0.340298 -0.687167
vn 0.601315 0.407702 -0.687167
vn 0.659271 0.446997 -0.604611
vn 0.607078 0.515657 -0.604611
vn 0.653319 0.554934 -0.514998
vn 0.58949 0.622317 -0.514998
vn 0.6243 0.659066 -0.419382
vn 0.549383 0.722701 -0.419382
vn 0.573581 0.754533 -0.318881
vn 0.488639 0.812125 -0.318881
vn 0.503535 0.836881 -0.21467
vn 0.4101 0.886417 -0.21467
vn 0.417435 0.902271 -0.107962
vn 0.317435 0.942114 -0.107962
vn 0.319302 0.947653 0
vn 0.334047 0.55519 -0.761693
vn 0.392115 0.515819 -0.761693
vn 0.374549 0.622506 -0.687167
vn 0.305049 0.659353 -0.687167
vn 0.33445 0.722903 -0.604611
vn 0.25433 0.754825 -0.604611
vn 0.273702 0.81232 -0.514998
vn 0.272062 0.588053 -0.761693
vn 0.206888 0.614021 -0.761693
vn 0.4101 0.886417 0.21467
vn 0.231972 0.688469 -0.687167
vn 0.311858 0.92556 0.21467
vn 0.209959 0.953852 0.21467
vn 0.302632 0.898181 0.318881
vn 0.203748 0.925636 0.318881
vn 0.195152 0.886586 0.419382
vn 0.0981515 0.902488 0.419382
vn 0.0926787 0.852166 0.514998
vn 0 0.857191 0.514998
vn 0 0.796521 0.604611
vn -0.086119 0.791851 0.604611
vn -0.0785484 0.72224 0.687167
vn 0.0700544 0.64414 -0.761693
vn 0.13672 0.633268 -0.76176
vn 0.153119 0.709225 -0.688153
vn 0.0785484 0.72224 -0.687167
vn 0.15146 0.710418 -0.687289
vn 0.165886 0.778082 -0.605863
vn 0 0.647938 -0.761693
vn -0.0700544 0.64414 -0.761693
vn -0.139288 0.63279 -0.761693
vn -0.206888 0.614021 -0.761693
vn 0.086119 0.791851 -0.604611
vn 0.164048 0.779309 -0.604786
vn 0.176389 0.837935 -0.51648
vn 0 0.726499 -0.687167
vn -0.0785484 0.72224 -0.687167
vn -0.156176 0.709514 -0.687167
vn -0.231972 0.688469 -0.687167
vn -0.305049 0.659353 -0.687167
vn 0.0926787 0.852166 -0.514998
vn 0.174383 0.839134 -0.515214
vn 0 0.796521 -0.604611
vn -0.086119 0.791851 -0.604611
vn -0.171228 0.777898 -0.604611
vn -0.25433 0.754825 -0.604611
vn -0.33445 0.722903 -0.604611
vn -0.410649 0.682504 -0.604611
vn 0.0981515 0.902488 -0.419382
vn 0 0.90781 -0.419382
vn 0 0.947795 -0.318881
vn -0.102475 0.942239 -0.318881
vn 0 0.857191 -0.514998
vn -0.0926787 0.852166 -0.514998
vn -0.184271 0.837151 -0.514998
vn -0.273702 0.81232 -0.514998
vn -0.359925 0.777966 -0.514998
vn -0.441928 0.73449 -0.514998
vn -0.51875 0.682404 -0.514998
vn 0.13819 0.632171 -0.762406
vn -0.0981515 0.902488 -0.419382
vn -0.203748 0.925636 -0.318881
vn -0.209959 0.953852 -0.21467
vn -0.311858 0.92556 -0.21467
vn -0.317435 0.942114 -0.107962
vn -0.417435 0.902271 -0.107962
vn -0.419889 0.907575 0
vn -0.515554 0.856857 0
vn -0.51254 0.851849 0.107962
vn -0.601637 0.79144 0.107962
vn -0.591066 0.777534 0.21467
vn -0.671667 0.70907 0.21467
vn -0.651798 0.688095 0.318881
vn -0.722373 0.613589 0.318881
vn -0.691898 0.587704 0.419382
vn -0.751384 0.509451 0.419382
vn -0.709488 0.481045 0.514998
vn -0.757339 0.401516 0.514998
vn -0.703736 0.373097 0.604611
vn -0.739949 0.294823 0.604611
vn -0.674901 0.268905 0.687167
vn -0.700018 0.194359 0.687167
vn -0.624321 0.173342 0.761693
vn -0.639403 0.104825 0.761693
vn -0.554351 0.0908813 0.827306
vn -0.0981515 0.902488 -0.419382
vn -0.195152 0.886586 -0.419382
vn -0.289865 0.860289 -0.419382
vn -0.38118 0.823906 -0.419382
vn -0.468025 0.777864 -0.419382
vn -0.549383 0.722701 -0.419382
vn -0.6243 0.659066 -0.419382
vn -0.209959 0.953852 -0.21467
vn -0.302632 0.898181 -0.318881
vn -0.203748 0.925636 -0.318881
vn -0.311858 0.92556 -0.21467
vn -0.4101 0.886417 -0.21467
vn -0.417435 0.902271 -0.107962
vn -0.51254 0.851849 -0.107962
vn -0.515554 0.856857 0
vn -0.605174 0.796093 0
vn -0.601637 0.79144 0.107962
vn -0.68368 0.721752 0.107962
vn -0.671667 0.70907 0.21467
vn -0.744394 0.632294 0.21467
vn -0.722373 0.613589 0.318881
vn -0.784479 0.53189 0.318881
vn -0.751384 0.509451 0.419382
vn -0.802061 0.425226 0.419382
vn -0.757339 0.401516 0.514998
vn -0.796311 0.317279 0.514998
vn -0.739949 0.294823 0.604611
vn -0.767488 0.213092 0.604611
vn -0.700018 0.194359 0.687167
vn -0.716929 0.117534 0.687167
vn -0.639403 0.104825 0.761693
vn -0.397969 0.860195 -0.318881
vn -0.488639 0.812125 -0.318881
vn -0.573581 0.754533 -0.318881
vn -0.651798 0.688095 -0.318881
vn -0.722373 0.613589 -0.318881
vn -0.317435 0.942114 0.107962
vn -0.417435 0.902271 0.107962
vn -0.311858 0.92556 0.21467
vn -0.4101 0.886417 0.21467
vn -0.503535 0.836881 0.21467
vn -0.302632 0.898181 0.318881
vn -0.397969 0.860195 0.318881
vn -0.488639 0.812125 0.318881
vn -0.573581 0.754533 0.318881
vn -0.289865 0.860289 0.419382
vn -0.38118 0.823906 0.419382
vn -0.468025 0.777864 0.419382
vn -0.549383 0.722701 0.419382
vn -0.6243 0.659066 0.419382
vn -0.273702 0.81232 0.514998
vn -0.359925 0.777966 0.514998
vn -0.441928 0.73449 0.514998
vn -0.51875 0.682404 0.514998
vn -0.58949 0.622317 0.514998
vn -0.653319 0.554934 0.514998
vn -0.25433 0.754825 0.604611
vn -0.33445 0.722903 0.604611
vn -0.410649 0.682504 0.604611
vn -0.482034 0.634105 0.604611
vn -0.547767 0.57827 0.604611
vn -0.607078 0.515657 0.604611
vn -0.659271 0.446997 0.604611
vn -0.231972 0.688469 0.687167
vn -0.305049 0.659353 0.687167
vn -0.374549 0.622506 0.687167
vn -0.439659 0.578361 0.687167
vn -0.499613 0.527435 0.687167
vn -0.55371 0.470326 0.687167
vn -0.601315 0.407702 0.687167
vn -0.641871 0.340298 0.687167
vn -0.206888 0.614021 0.761693
vn -0.272062 0.588053 0.761693
vn -0.334047 0.55519 0.761693
vn -0.392115 0.515819 0.761693
vn -0.445587 0.4704 0.761693
vn -0.493834 0.419466 0.761693
vn -0.536291 0.363614 0.761693
vn -0.572461 0.3035 0.761693
vn -0.601919 0.239827 0.761693
vn -0.179368 0.532345 0.827306
vn -0.235873 0.509832 0.827306
vn -0.196905 0.425603 0.883227
vn -0.241767 0.401819 0.883227
vn -0.191068 0.317557 0.92879
vn -0.224282 0.295038 0.92879
vn -0.162122 0.213268 0.963449
vn -0.18423 0.194489 0.963449
vn -0.111417 0.117621 0.986789
vn -0.12348 0.104885 0.986789
vn -0.4101 0.886417 -0.21467
vn -0.503535 0.836881 -0.21467
vn -0.51254 0.851849 -0.107962
vn -0.601637 0.79144 -0.107962
vn -0.605174 0.796093 0
vn -0.687699 0.725995 0
vn -0.68368 0.721752 0.107962
vn -0.757707 0.643602 0.107962
vn -0.744394 0.632294 0.21467
vn -0.808393 0.548104 0.21467
vn -0.784479 0.53189 0.318881
vn -0.837388 0.443955 0.318881
vn -0.802061 0.425226 0.419382
vn -0.843334 0.336015 0.419382
vn -0.796311 0.317279 0.514998
vn -0.825947 0.229323 0.514998
vn -0.767488 0.213092 0.604611
vn -0.786028 0.128863 0.604611
vn -0.716929 0.117534 0.687167
vn -0.503535 0.836881 -0.21467
vn -0.289613 0.481341 0.827306
vn -0.339957 0.447206 0.827306
vn -0.386316 0.407829 0.827306
vn -0.428146 0.36367 0.827306
vn -0.464955 0.315248 0.827306
vn -0.496314 0.263129 0.827306
vn -0.521854 0.207926 0.827306
vn -0.541276 0.150284 0.827306
vn -0.591066 0.777534 -0.21467
vn -0.671667 0.70907 -0.21467
vn -0.744394 0.632294 -0.21467
vn -0.808393 0.548104 -0.21467
vn -0.241767 0.401819 0.883227
vn -0.283794 0.373324 0.883227
vn -0.224282 0.295038 0.92879
vn -0.254866 0.269059 0.92879
vn -0.18423 0.194489 0.963449
vn -0.204178 0.17343 0.963449
vn -0.12348 0.104885 0.986789
vn -0.134097 0.0909198 0.986789
vn -0.445587 0.4704 -0.761693
vn -0.493834 0.419466 -0.761693
vn -0.55371 0.470326 -0.687167
vn -0.601315 0.407702 -0.687167
vn -0.659271 0.446997 -0.604611
vn -0.703736 0.373097 -0.604611
vn -0.757339 0.401516 -0.514998
vn -0.796311 0.317279 -0.514998
vn -0.843334 0.336015 -0.419382
vn -0.87472 0.242865 -0.419382
vn -0.913248 0.253562 -0.318881
vn -0.935309 0.153336 -0.318881
vn -0.96382 0.15801 -0.21467
vn -0.68368 0.721752 -0.107962
vn -0.601637 0.79144 -0.107962
vn -0.687699 0.725995 0
vn -0.762162 0.647386 0
vn -0.757707 0.643602 0.107962
vn -0.822851 0.557907 0.107962
vn -0.808393 0.548104 0.21467
vn -0.862914 0.457488 0.21467
vn -0.837388 0.443955 0.318881
vn -0.880479 0.350815 0.318881
vn -0.843334 0.336015 0.419382
vn -0.87472 0.242865 0.419382
vn -0.825947 0.229323 0.514998
vn -0.845899 0.138678 0.514998
vn -0.786028 0.128863 0.604611
vn -0.757707 0.643602 -0.107962
vn -0.822851 0.557907 -0.107962
vn -0.878348 0.465671 -0.107962
vn -0.322493 0.340452 0.883227
vn -0.357412 0.303589 0.883227
vn -0.388141 0.263166 0.883227
vn -0.414319 0.219658 0.883227
vn -0.435639 0.173575 0.883227
vn -0.451852 0.125456 0.883227
vn -0.462768 0.0758669 0.883227
vn -0.254866 0.269059 0.92879
vn -0.282463 0.239926 0.92879
vn -0.204178 0.17343 0.963449
vn -0.221732 0.150338 0.963449
vn -0.134097 0.0909198 0.986789
vn -0.143141 0.0758884 0.986789
vn -0.493834 0.419466 -0.761693
vn -0.536291 0.363614 -0.761693
vn -0.601315 0.407702 -0.687167
vn -0.641871 0.340298 -0.687167
vn -0.703736 0.373097 -0.604611
vn -0.739949 0.294823 -0.604611
vn -0.796311 0.317279 -0.514998
vn -0.825947 0.229323 -0.514998
vn -0.87472 0.242865 -0.419382
vn -0.895851 0.146867 -0.419382
vn -0.935309 0.153336 -0.318881
vn -0.762162 0.647386 0
vn -0.827689 0.561187 0
vn -0.822851 0.557907 0.107962
vn -0.878348 0.465671 0.107962
vn -0.862914 0.457488 0.21467
vn -0.907319 0.361509 0.21467
vn -0.880479 0.350815 0.318881
vn -0.913248 0.253562 0.318881
vn -0.87472 0.242865 0.419382
vn -0.895851 0.146867 0.419382
vn -0.845899 0.138678 0.514998
vn -0.306747 0.20798 0.92879
vn -0.327436 0.173596 0.92879
vn -0.344285 0.137176 0.92879
vn -0.357099 0.0991479 0.92879
vn -0.365725 0.0599576 0.92879
vn -0.536291 0.363614 -0.761693
vn -0.572461 0.3035 -0.761693
vn -0.641871 0.340298 -0.687167
vn -0.674901 0.268905 -0.687167
vn -0.739949 0.294823 -0.604611
vn -0.767488 0.213092 -0.604611
vn -0.825947 0.229323 -0.514998
vn -0.845899 0.138678 -0.514998
vn -0.895851 0.146867 -0.419382
vn -0.883512 0.468408 0
vn -0.928977 0.370138 0
vn -0.221732 0.150338 0.963449
vn -0.236687 0.125483 0.963449
vn -0.143141 0.0758884 0.986789
vn -0.150507 0.0599673 0.986789
vn -0.601919 0.239827 -0.761693
vn -0.700018 0.194359 -0.687167
vn -0.923547 0.367975 0.107962
vn -0.878348 0.465671 0.107962
vn -0.907319 0.361509 0.21467
vn -0.941086 0.261291 0.21467
vn -0.913248 0.253562 0.318881
vn -0.935309 0.153336 0.318881
vn -0.895851 0.146867 0.419382
vn -0.957918 0.265965 0.107962
vn -0.248866 0.0991575 0.963449
vn -0.258128 0.071669 0.963449
vn -0.264364 0.0433403 0.963449
vn -0.156108 0.0433432 0.986789
vn -0.572461 0.3035 -0.761693
vn -0.845899 0.138678 -0.514998
vn -0.786028 0.128863 -0.604611
vn -0.96382 0.15801 0.21467
vn -0.159879 0.0262108 0.986789
vn 0.102475 0.942239 0.318881
vn 0 0.947795 0.318881
vn -0.102475 0.942239 0.318881
vn 0.0981515 0.902488 0.419382
vn 0 0.90781 0.419382
vn 0 0.857191 0.514998
vn -0.0926787 0.852166 0.514998
vn -0.086119 0.791851 0.604611
vn -0.0981515 0.902488 0.419382
f 1//1 2//1 3//1
f 3//2 2//2 4//2
f 3//3 4//3 5//3
f 5//4 4//4 6//4
f 5//5 6//5 7//5
f 7//6 6//6 8//6
f 7//7 8//7 9//7
f 9//8 8//8 10//8
f 9//9 10//9 11//9
f 11//10 10//10 12//10
f 11//11 12//11 13//11
f 13//12 12//12 14//12
f 13//13 14//13 15//13
f 15//14 14//14 16//14
f 15//15 16//15 17//15
f 17//16 16//16 18//16
f 17//17 18//17 19//17
f 19//18 18//18 20//18
f 19//19 20//19 21//19
f 21//20 20//20 22//20
f 21//21 22//21 23//21
f 23//22 22//22 24//22
f 23//23 24//23 25//23
f 25//24 24//24 26//24
f 25//25 26//25 27//25
f 27//26 26//26 28//26
f 27//27 28//27 29//27
f 29//28 28//28 30//28
f 29//29 30//29 31//29
f 31//30 30//30 32//30
f 31//31 32//31 33//31
f 33//32 32//32 34//32
f 33//33 34//33 35//33
f 35//34 34//34 36//34
f 35//35 36//35 37//35
f 37//36 36//36 38//36
f 37//37 38//37 39//37
f 39//38 38//38 40//38
f 39//39 40//39 41//39
f 41//40 40//40 42//40
f 41//41 42//41 43//41
f 43//42 42//42 44//42
f 43//43 44//43 45//43
f 45//44 44//44 46//44
f 45//45 46//45 47//45
f 45//46 47//46 48//46
f 48//47 47//47 49//47
f 48//48 49//48 50//48
f 50//49 49//49 51//49
f 50//50 51//50 52//50
f 52//51 51//51 53//51
f 52//52 53//52 54//52
f 54//53 53//53 55//53
f 54//54 55//54 56//54
f 56//55 55//55 57//55
f 56//56 57//56 58//56
f 58//57 57//57 59//57
f 58//58 59//58 60//58
f 60//59 59//59 61//59
f 60//60 61//60 62//60
f 62//61 61//61 63//61
f 62//62 63//62 64//62
f 64//63 63//63 65//63
f 64//64 65//64 66//64
f 66//65 65//65 67//65
f 66//66 67//66 68//66
f 68//67 67//67 69//67
f 68//68 69//68 70//68
f 70//69 69//69 71//69
f 70//70 71//70 72//70
f 72//71 71//71 73//71
f 72//72 73//72 74//72
f 74//73 73//73 75//73
f 74//74 75//74 76//74
f 76//75 75//75 77//75
f 76//76 77//76 78//76
f 78//77 77//77 79//77
f 78//78 79//78 80//78
f 80//79 79//79 81//79
f 80//80 81//80 82//80
f 82//81 81//81 83//81
f 82//82 83//82 84//82
f 84//83 83//83 85//83
f 84//84 85//84 86//84
f 86//85 85//85 87//85
f 86//86 87//86 88//86
f 89//87 90//87 91//87
f 91//87 90//87 92//87
f 91//88 92//88 93//88
f 93//88 92//88 94//88
f 93//89 94//89 95//89
f 95//89 94//89 96//89
f 95//90 96//90 97//90
f 97//90 96//90 98//90
f 97//91 98//91 99//91
f 99//91 98//91 100//91
f 99//92 100//92 101//92
f 101//92 100//92 102//92
f 101//93 102//93 103//93
f 103//93 102//93 104//93
f 103//94 104//94 105//94
f 105//94 104//94 106//94
f 105//95 106//95 107//95
f 107//95 106//95 108//95
f 107//96 108//96 109//96
f 109//96 108//96 110//96
f 109//97 110//97 111//97
f 111//97 110//97 112//97
f 111//98 112//98 113//98
f 113//98 112//98 114//98
f 113//99 114//99 115//99
f 115//99 114//99 116//99
f 115//100 116//100 117//100
f 117//100 116//100 118//100
f 117//101 118//101 119//101
f 119//101 118//101 120//101
f 119//102 120//102 121//102
f 121//102 120//102 122//102
f 121//103 122//103 123//103
f 123//103 122//103 124//103
f 123//104 124//104 125//104
f 125//104 124//104 126//104
f 125//105 126//105 127//105
f 127//105 126//105 128//105
f 127//106 128//106 129//106
f 129//106 128//106 130//106
f 129//107 130//107 131//107
f 131//107 130//107 132//107
f 131//108 132//108 133//108
f 133//108 132//108 134//108
f 133//109 134//109 135//109
f 135//109 134//109 136//109
f 135//110 136//110 137//110
f 137//110 136//110 138//110
f 137//111 138//111 139//111
f 139//111 138//111 140//111
f 139//112 140//112 141//112
f 141//112 140//112 142//112
f 141//113 142//113 143//113
f 143//113 142//113 144//113
f 143//114 144//114 145//114
f 145//114 144//114 146//114
f 145//115 146//115 147//115
f 147//115 146//115 148//115
f 147//116 148//116 149//116
f 149//116 148//116 150//116
f 149//117 150//117 151//117
f 151//117 150//117 152//117
f 151//118 152//118 153//118
f 153//118 152//118 154//118
f 153//119 154//119 155//119
f 155//119 154//119 156//119
f 155//120 156//120 157//120
f 157//120 156//120 158//120
f 157//121 158//121 159//121
f 159//121 158//121 160//121
f 159//122 160//122 161//122
f 161//122 160//122 162//122
f 161//123 162//123 163//123
f 163//123 162//123 164//123
f 163//124 164//124 165//124
f 165//124 164//124 166//124
f 165//125 166//125 167//125
f 167//125 166//125 168//125
f 167//126 168//126 169//126
f 169//126 168//126 170//126
f 169//127 170//127 171//127
f 171//127 170//127 172//127
f 171//128 172//128 173//128
f 173//128 172//128 174//128
f 173//129 174//129 175//129
f 175//129 174//129 176//129
f 175//130 176//130 177//130
f 177//130 176//130 178//130
f 179//131 180//131 181//131
f 181//131 180//131 182//131
f 181//131 182//131 183//131
f 183//131 182//131 184//131
f 183//131 184//131 185//131
f 185//131 184//131 186//131
f 185//131 186//131 187//131
f 187//131 186//131 188//131
f 187//131 188//131 189//131
f 189//131 188//131 190//131
f 189//131 190//131 191//131
f 191//131 190//131 192//131
f 191//131 192//131 193//131
f 193//131 192//131 194//131
f 193//131 194//131 195//131
f 195//131 194//131 196//131
f 195//131 196//131 197//131
f 197//131 196//131 198//131
f 197//131 198//131 199//131
f 199//131 198//131 200//131
f 199//131 200//131 201//131
f 201//131 200//131 202//131
f 180//131 179//131 203//131
f 203//131 179//131 204//131
f 203//131 204//131 205//131
f 205//131 204//131 206//131
f 205//131 206//131 207//131
f 207//131 206//131 208//131
f 207//131 208//131 209//131
f 209//131 208//131 210//131
f 209//131 210//131 211//131
f 211//131 210//131 212//131
f 211//131 212//131 213//131
f 213//131 212//131 214//131
f 213//131 214//131 215//131
f 215//131 214//131 216//131
f 215//131 216//131 217//131
f 217//131 216//131 218//131
f 217//131 218//131 219//131
f 219//131 218//131 220//131
f 221//132 222//132 223//132
f 223//132 222//132 224//132
f 223//133 224//133 225//133
f 225//133 224//133 226//133
f 225//134 226//134 227//134
f 227//134 226//134 228//134
f 227//135 228//135 229//135
f 229//135 228//135 230//135
f 229//136 230//136 231//136
f 231//136 230//136 232//136
f 231//137 232//137 233//137
f 233//137 232//137 234//137
f 233//138 234//138 235//138
f 235//138 234//138 236//138
f 235//139 236//139 237//139
f 237//139 236//139 238//139
f 237//140 238//140 239//140
f 239//140 238//140 240//140
f 239//141 240//141 241//141
f 241//141 240//141 242//141
f 241//142 242//142 243//142
f 243//142 242//142 244//142
f 243//143 244//143 245//143
f 245//143 244//143 246//143
f 245//144 246//144 247//144
f 247//144 246//144 248//144
f 247//145 248//145 249//145
f 249//145 248//145 250//145
f 249//146 250//146 251//146
f 251//146 250//146 252//146
f 251//147 252//147 253//147
f 253//147 252//147 254//147
f 253//148 254//148 255//148
f 255//148 254//148 256//148
f 255//149 256//149 257//149
f 257//149 256//149 258//149
f 257//150 258//150 259//150
f 259//150 258//150 260//150
f 259//151 260//151 261//151
f 261//151 260//151 262//151
f 261//152 262//152 263//152
f 263//152 262//152 264//152
f 263//153 264//153 265//153
f 265//153 264//153 266//153
f 265//154 266//154 267//154
f 267//154 266//154 268//154
f 267//155 268//155 269//155
f 269//155 268//155 270//155
f 269//156 270//156 271//156
f 271//156 270//156 272//156
f 271//157 272//157 273//157
f 273//157 272//157 274//157
f 273//158 274//158 275//158
f 275//158 274//158 276//158
f 275//159 276//159 277//159
f 277//159 276//159 278//159
f 279//160 280//160 281//160
f 281//160 280//160 282//160
f 281//161 282//161 283//161
f 283//161 282//161 284//161
f 283//159 284//159 285//159
f 285//159 284//159 286//159
f 285//158 286//158 287//158
f 287//158 286//158 288//158
f 287//157 288//157 289//157
f 289//157 288//157 290//157
f 289//156 290//156 291//156
f 291//156 290//156 292//156
f 291//155 292//155 293//155
f 293//155 292//155 294//155
f 293//154 294//154 295//154
f 295//154 294//154 296//154
f 295//153 296//153 297//153
f 297//153 296//153 298//153
f 297//152 298//152 299//152
f 299//152 298//152 300//152
f 299//151 300//151 301//151
f 301//151 300//151 302//151
f 301//150 302//150 303//150
f 303//150 302//150 304//150
f 303//149 304//149 305//149
f 305//149 304//149 306//149
f 305//148 306//148 307//148
f 307//148 306//148 308//148
f 307//147 308//147 309//147
f 309//147 308//147 310//147
f 309//162 310//162 311//162
f 311//162 310//162 312//162
f 311//163 312//163 313//163
f 313//163 312//163 314//163
f 313//164 314//164 315//164
f 315//164 314//164 316//164
f 315//165 316//165 317//165
f 317//165 316//165 318//165
f 317//166 318//166 319//166
f 319//166 318//166 320//166
f 319//167 320//167 321//167
f 321//167 320//167 322//167
f 321//168 322//168 323//168
f 323//168 322//168 324//168
f 323//169 324//169 325//169
f 325//169 324//169 326//169
f 325//170 326//170 327//170
f 327//170 326//170 328//170
f 327//171 328//171 329//171
f 329//171 328//171 330//171
f 329//172 330//172 331//172
f 331//172 330//172 332//172
f 331//173 332//173 333//173
f 333//173 332//173 334//173
f 333//174 334//174 335//174
f 335//174 334//174 336//174
f 337//175 338//175 339//175
f 339//175 338//175 340//175
f 340//175 338//175 341//175
f 340//175 341//175 342//175
f 342//175 341//175 343//175
f 342//175 343//175 344//175
f 344//175 343//175 345//175
f 344//175 345//175 346//175
f 346//175 345//175 347//175
f 346//175 347//175 348//175
f 348//175 347//175 349//175
f 348//175 349//175 350//175
f 350//175 349//175 351//175
f 350//175 351//175 352//175
f 352//175 351//175 353//175
f 352//175 353//175 354//175
f 354//175 353//175 355//175
f 354//175 355//175 356//175
f 356//175 355//175 357//175
f 356//175 357//175 358//175
f 358//175 357//175 359//175
f 358//175 359//175 360//175
f 360//175 359//175 361//175
f 360//175 361//175 362//175
f 362//175 361//175 363//175
f 362//175 363//175 364//175
f 365//176 366//176 367//176
f 367//176 366//176 368//176
f 368//176 366//176 369//176
f 368//176 369//176 370//176
f 370//176 369//176 371//176
f 370//176 371//176 372//176
f 372//176 371//176 373//176
f 372//176 373//176 374//176
f 374//176 373//176 375//176
f 374//176 375//176 376//176
f 376//176 375//176 377//176
f 376//176 377//176 378//176
f 378//176 377//176 379//176
f 378//176 379//176 380//176
f 380//176 379//176 381//176
f 380//176 381//176 382//176
f 382//176 381//176 383//176
f 382//176 383//176 384//176
f 384//176 383//176 385//176
f 384//176 385//176 386//176
f 386//176 385//176 387//176
f 386//176 387//176 388//176
f 388//176 387//176 389//176
f 388//176 389//176 390//176
f 390//176 389//176 391//176
f 390//176 391//176 392//176
f 393//177 394//177 395//177
f 395//178 394//178 396//178
f 395//179 396//179 397//179
f 397//180 396//180 398//180
f 397//180 398//180 399//180
f 399//181 398//181 400//181
f 399//181 400//181 401//181
f 401//182 400//182 402//182
f 401//182 402//182 403//182
f 403//183 402//183 404//183
f 403//183 404//183 405//183
f 405//184 404//184 406//184
f 405//184 406//184 407//184
f 407//185 406//185 408//185
f 407//185 408//185 409//185
f 409//186 408//186 410//186
f 409//186 410//186 411//186
f 411//187 410//187 412//187
f 411//187 412//187 413//187
f 413//188 412//188 414//188
f 413//188 414//188 415//188
f 415//189 414//189 416//189
f 415//189 416//189 417//189
f 417//190 416//190 418//190
f 417//190 418//190 419//190
f 419//191 418//191 420//191
f 419//191 420//191 421//191
f 421//192 420//192 422//192
f 421//192 422//192 423//192
f 423//193 422//193 424//193
f 423//193 424//193 425//193
f 425//194 424//194 426//194
f 425//194 426//194 427//194
f 427//195 426//195 428//195
f 427//195 428//195 429//195
f 429//196 428//196 430//196
f 429//196 430//196 431//196
f 431//197 430//197 432//197
f 431//197 432//197 433//197
f 433//198 432//198 434//198
f 433//198 434//198 435//198
f 435//199 434//199 436//199
f 435//199 436//199 437//199
f 437//200 436//200 438//200
f 437//200 438//200 439//200
f 439//201 438//201 440//201
f 439//201 440//201 441//201
f 441//202 440//202 442//202
f 443//203 444//203 445//203
f 445//204 444//204 446//204
f 445//205 446//205 447//205
f 447//206 446//206 448//206
f 447//207 448//207 449//207
f 449//208 448//208 450//208
f 449//209 450//209 451//209
f 451//210 450//210 452//210
f 451//211 452//211 453//211
f 453//212 452//212 454//212
f 453//213 454//213 455//213
f 455//214 454//214 456//214
f 455//215 456//215 457//215
f 457//216 456//216 458//216
f 457//217 458//217 459//217
f 459//218 458//218 460//218
f 459//219 460//219 461//219
f 461//220 460//220 462//220
f 461//221 462//221 463//221
f 463//222 462//222 464//222
f 463//223 464//223 465//223
f 465//224 464//224 466//224
f 465//225 466//225 467//225
f 467//226 466//226 468//226
f 467//227 468//227 469//227
f 448//228 470//228 450//228
f 450//229 470//229 471//229
f 450//230 471//230 452//230
f 452//231 471//231 472//231
f 452//232 472//232 454//232
f 454//233 472//233 473//233
f 454//234 473//234 456//234
f 456//235 473//235 474//235
f 456//236 474//236 458//236
f 458//237 474//237 475//237
f 458//238 475//238 460//238
f 460//239 475//239 476//239
f 460//240 476//240 462//240
f 462//241 476//241 477//241
f 462//242 477//242 464//242
f 464//243 477//243 478//243
f 464//244 478//244 479//244
f 479//245 478//245 480//245
f 479//246 480//246 481//246
f 481//247 480//247 482//247
f 481//248 482//248 483//248
f 470//249 484//249 471//249
f 471//250 484//250 485//250
f 471//251 485//251 472//251
f 472//252 485//252 486//252
f 472//253 486//253 473//253
f 473//254 486//254 487//254
f 473//255 487//255 474//255
f 474//256 487//256 488//256
f 474//257 488//257 475//257
f 475//258 488//258 489//258
f 475//259 489//259 476//259
f 476//260 489//260 490//260
f 476//261 490//261 477//261
f 477//262 490//262 491//262
f 477//263 491//263 478//263
f 478//264 491//264 492//264
f 478//265 492//265 480//265
f 480//266 492//266 493//266
f 480//267 493//267 494//267
f 494//268 493//268 495//268
f 495//269 493//269 496//269
f 496//270 493//270 497//270
f 496//271 497//271 498//271
f 498//272 497//272 499//272
f 499//273 497//273 500//273
f 499//274 500//274 501//274
f 501//275 500//275 502//275
f 501//276 502//276 503//276
f 503//277 502//277 504//277
f 504//278 502//278 505//278
f 504//279 505//279 506//279
f 506//280 505//280 507//280
f 506//281 507//281 508//281
f 508//282 507//282 509//282
f 508//283 509//283 510//283
f 510//284 509//284 511//284
f 510//285 511//285 512//285
f 512//286 511//286 513//286
f 512//287 513//287 514//287
f 514//288 513//288 515//288
f 514//289 515//289 516//289
f 516//290 515//290 517//290
f 516//291 517//291 518//291
f 518//292 517//292 519//292
f 518//293 519//293 520//293
f 520//294 519//294 521//294
f 520//295 521//295 522//295
f 522//296 521//296 523//296
f 522//297 523//297 524//297
f 524//298 523//298 525//298
f 524//299 525//299 526//299
f 526//300 525//300 527//300
f 526//301 527//301 528//301
f 528//302 527//302 529//302
f 528//303 529//303 530//303
f 530//304 529//304 531//304
f 530//305 531//305 532//305
f 532//306 531//306 533//306
f 532//307 533//307 534//307
f 534//308 533//308 535//308
f 534//309 535//309 536//309
f 537//310 538//310 539//310
f 539//311 538//311 540//311
f 539//312 540//312 541//312
f 541//313 540//313 542//313
f 541//314 542//314 543//314
f 543//315 542//315 544//315
f 543//316 544//316 545//316
f 545//317 544//317 546//317
f 545//318 546//318 547//318
f 547//319 546//319 548//319
f 547//320 548//320 549//320
f 549//321 548//321 550//321
f 549//322 550//322 551//322
f 551//323 550//323 552//323
f 551//324 552//324 553//324
f 553//325 552//325 554//325
f 553//326 554//326 555//326
f 555//327 554//327 556//327
f 540//328 538//328 557//328
f 557//329 538//329 558//329
f 557//330 558//330 559//330
f 559//331 558//331 560//331
f 559//332 560//332 561//332
f 561//333 560//333 562//333
f 561//334 562//334 563//334
f 563//335 562//335 564//335
f 563//336 564//336 565//336
f 565//337 564//337 566//337
f 565//338 566//338 567//338
f 567//339 566//339 568//339
f 567//340 568//340 569//340
f 569//341 568//341 570//341
f 569//342 570//342 548//342
f 548//343 570//343 550//343
f 564//344 562//344 571//344
f 571//345 562//345 572//345
f 571//346 572//346 573//346
f 573//347 572//347 574//347
f 573//348 574//348 575//348
f 575//349 574//349 576//349
f 575//350 576//350 577//350
f 577//351 576//351 578//351
f 577//352 578//352 579//352
f 579//353 578//353 580//353
f 579//354 580//354 581//354
f 581//355 580//355 582//355
f 581//356 582//356 583//356
f 583//357 582//357 584//357
f 583//358 584//358 585//358
f 585//359 584//359 586//359
f 585//360 586//360 587//360
f 587//361 586//361 588//361
f 587//362 588//362 589//362
f 589//363 588//363 590//363
f 589//364 590//364 591//364
f 591//365 590//365 592//365
f 591//366 592//366 593//366
f 593//367 592//367 594//367
f 593//368 594//368 595//368
f 595//369 594//369 596//369
f 595//370 596//370 597//370
f 597//371 596//371 598//371
f 597//372 598//372 599//372
f 599//373 598//373 600//373
f 599//374 600//374 601//374
f 601//375 600//375 602//375
f 601//376 602//376 603//376
f 603//377 602//377 604//377
f 603//378 604//378 605//378
f 605//379 604//379 606//379
f 605//380 606//380 607//380
f 607//381 606//381 608//381
f 607//382 608//382 609//382
f 609//383 608//383 610//383
f 609//384 610//384 611//384
f 611//385 610//385 612//385
f 611//386 612//386 613//386
f 613//387 612//387 614//387
f 613//388 614//388 615//388
f 615//389 614//389 616//389
f 615//390 616//390 617//390
f 617//391 616//391 618//391
f 617//392 618//392 619//392
f 619//393 618//393 620//393
f 619//394 620//394 621//394
f 621//395 620//395 622//395
f 621//396 622//396 623//396
f 623//397 622//397 624//397
f 623//398 624//398 625//398
f 626//399 627//399 628//399
f 628//400 627//400 629//400
f 628//401 629//401 630//401
f 630//402 629//402 631//402
f 630//403 631//403 632//403
f 632//404 631//404 633//404
f 632//405 633//405 634//405
f 634//406 633//406 635//406
f 634//407 635//407 636//407
f 636//408 635//408 637//408
f 636//409 637//409 638//409
f 638//410 637//410 639//410
f 638//411 639//411 640//411
f 640//412 639//412 641//412
f 640//413 641//413 642//413
f 642//414 641//414 643//414
f 642//415 643//415 644//415
f 644//416 643//416 645//416
f 644//417 645//417 646//417
f 646//418 645//418 647//418
f 646//419 647//419 648//419
f 648//420 647//420 649//420
f 648//421 649//421 650//421
f 650//422 649//422 651//422
f 650//423 651//423 652//423
f 652//424 651//424 653//424
f 652//425 653//425 654//425
f 654//426 653//426 655//426
f 654//427 655//427 656//427
f 656//428 655//428 657//428
f 656//429 657//429 658//429
f 658//430 657//430 659//430
f 658//431 659//431 660//431
f 660//432 659//432 661//432
f 660//433 661//433 662//433
f 662//434 661//434 663//434
f 662//435 663//435 664//435
f 664//436 663//436 665//436
f 664//437 665//437 666//437
f 666//438 665//438 667//438
f 666//439 667//439 668//439
f 668//440 667//440 669//440
f 668//441 669//441 670//441
f 670//442 669//442 671//442
f 670//443 671//443 672//443
f 672//444 671//444 673//444
f 672//445 673//445 674//445
f 675//446 676//446 677//446
f 677//447 676//447 678//447
f 677//448 678//448 679//448
f 679//449 678//449 680//449
f 679//450 680//450 681//450
f 681//451 680//451 682//451
f 681//452 682//452 683//452
f 683//453 682//453 684//453
f 683//454 684//454 685//454
f 685//455 684//455 686//455
f 685//456 686//456 687//456
f 687//457 686//457 688//457
f 687//458 688//458 689//458
f 689//459 688//459 690//459
f 689//460 690//460 691//460
f 691//461 690//461 692//461
f 691//462 692//462 693//462
f 693//463 692//463 694//463
f 693//464 694//464 695//464
f 695//465 694//465 696//465
f 695//466 696//466 697//466
f 697//467 696//467 698//467
f 697//468 698//468 699//468
f 699//469 698//469 700//469
f 699//470 700//470 701//470
f 701//471 700//471 702//471
f 701//472 702//472 703//472
f 703//473 702//473 704//473
f 703//474 704//474 705//474
f 705//475 704//475 706//475
f 705//476 706//476 707//476
f 707//477 706//477 708//477
f 707//478 708//478 709//478
f 709//479 708//479 710//479
f 709//480 710//480 711//480
f 711//481 710//481 712//481
f 711//482 712//482 713//482
f 713//483 712//483 714//483
f 713//484 714//484 715//484
f 715//485 714//485 716//485
f 715//486 716//486 717//486
f 717//487 716//487 718//487
f 717//488 718//488 719//488
f 719//489 718//489 720//489
f 719//490 720//490 721//490
f 721//491 720//491 722//491
f 721//492 722//492 723//492
f 724//493 725//493 726//493
f 726//494 725//494 727//494
f 726//495 727//495 728//495
f 728//496 727//496 729//496
f 728//497 729//497 730//497
f 730//498 729//498 731//498
f 730//499 731//499 732//499
f 732//500 731//500 733//500
f 732//501 733//501 734//501
f 734//502 733//502 735//502
f 734//503 735//503 736//503
f 736//504 735//504 737//504
f 736//505 737//505 738//505
f 738//506 737//506 739//506
f 738//507 739//507 740//507
f 740//508 739//508 741//508
f 740//509 741//509 742//509
f 742//510 741//510 743//510
f 742//511 743//511 744//511
f 744//512 743//512 745//512
f 744//513 745//513 746//513
f 746//514 745//514 747//514
f 746//515 747//515 748//515
f 748//516 747//516 749//516
f 748//517 749//517 750//517
f 750//518 749//518 751//518
f 750//519 751//519 752//519
f 752//520 751//520 753//520
f 752//521 753//521 754//521
f 754//522 753//522 755//522
f 754//523 755//523 756//523
f 756//524 755//524 757//524
f 756//525 757//525 758//525
f 758//526 757//526 759//526
f 758//527 759//527 760//527
f 760//528 759//528 761//528
f 760//529 761//529 762//529
f 762//530 761//530 763//530
f 762//531 763//531 764//531
f 764//532 763//532 765//532
f 764//533 765//533 766//533
f 766//534 765//534 767//534
f 766//535 767//535 768//535
f 768//536 767//536 769//536
f 768//537 769//537 770//537
f 770//538 769//538 771//538
f 770//539 771//539 772//539
f 773//540 774//540 775//540
f 775//541 774//541 776//541
f 775//542 776//542 777//542
f 777//543 776//543 778//543
f 777//544 778//544 779//544
f 779//545 778//545 780//545
f 779//546 780//546 781//546
f 781//547 780//547 782//547
f 781//548 782//548 783//548
f 783//549 782//549 784//549
f 783//550 784//550 785//550
f 785//551 784//551 786//551
f 785//552 786//552 787//552
f 787//553 786//553 788//553
f 787//554 788//554 789//554
f 789//555 788//555 790//555
f 789//556 790//556 791//556
f 791//557 790//557 792//557
f 791//558 792//558 793//558
f 793//559 792//559 794//559
f 793//560 794//560 795//560
f 795//561 794//561 796//561
f 795//562 796//562 797//562
f 797//563 796//563 798//563
f 797//564 798//564 799//564
f 799//565 798//565 800//565
f 799//566 800//566 801//566
f 801//567 800//567 802//567
f 801//568 802//568 803//568
f 803//569 802//569 804//569
f 803//570 804//570 805//570
f 805//571 804//571 806//571
f 805//572 806//572 807//572
f 807//573 806//573 808//573
f 807//574 808//574 809//574
f 809//575 808//575 810//575
f 809//576 810//576 811//576
f 811//577 810//577 812//577
f 811//578 812//578 813//578
f 813//579 812//579 814//579
f 813//580 814//580 815//580
f 815//581 814//581 816//581
f 815//582 816//582 817//582
f 817//583 816//583 818//583
f 817//584 818//584 819//584
f 819//585 818//585 820//585
f 819//586 820//586 821//586
f 821//587 820//587 822//587
f 821//588 822//588 823//588
f 823//589 822//589 824//589
f 823//590 824//590 825//590
f 825//591 824//591 826//591
f 825//592 826//592 827//592
f 828//593 829//593 830//593
f 830//594 829//594 831//594
f 830//595 831//595 832//595
f 832//596 831//596 833//596
f 832//597 833//597 834//597
f 834//598 833//598 835//598
f 834//599 835//599 836//599
f 836//600 835//600 837//600
f 836//601 837//601 838//601
f 838//602 837//602 839//602
f 838//603 839//603 840//603
f 840//604 839//604 841//604
f 840//605 841//605 842//605
f 842//606 841//606 843//606
f 842//607 843//607 844//607
f 844//608 843//608 845//608
f 844//609 845//609 846//609
f 846//610 845//610 847//610
f 846//611 847//611 848//611
f 848//612 847//612 849//612
f 848//613 849//613 850//613
f 850//614 849//614 851//614
f 850//615 851//615 852//615
f 852//616 851//616 853//616
f 852//617 853//617 854//617
f 854//618 853//618 855//618
f 854//619 855//619 856//619
f 856//620 855//620 857//620
f 856//621 857//621 858//621
f 858//622 857//622 859//622
f 858//623 859//623 860//623
f 860//624 859//624 861//624
f 860//625 861//625 862//625
f 862//626 861//626 863//626
f 862//627 863//627 864//627
f 864//628 863//628 865//628
f 864//629 865//629 866//629
f 866//630 865//630 867//630
f 866//631 867//631 868//631
f 868//632 867//632 869//632
f 868//633 869//633 870//633
f 870//634 869//634 871//634
f 870//635 871//635 872//635
f 872//636 871//636 873//636
f 872//637 873//637 874//637
f 874//638 873//638 875//638
f 874//639 875//639 876//639
f 877//640 878//640 879//640
f 879//641 878//641 880//641
f 879//642 880//642 881//642
f 881//643 880//643 882//643
f 881//644 882//644 883//644
f 883//645 882//645 884//645
f 883//646 884//646 885//646
f 885//647 884//647 886//647
f 885//648 886//648 887//648
f 887//649 886//649 888//649
f 887//650 888//650 889//650
f 889//651 888//651 890//651
f 889//652 890//652 891//652
f 891//653 890//653 892//653
f 891//654 892//654 893//654
f 893//655 892//655 894//655
f 893//656 894//656 895//656
f 895//657 894//657 896//657
f 895//658 896//658 897//658
f 897//659 896//659 898//659
f 897//660 898//660 899//660
f 899//661 898//661 900//661
f 899//662 900//662 901//662
f 901//663 900//663 902//663
f 901//664 902//664 903//664
f 903//665 902//665 904//665
f 903//666 904//666 905//666
f 905//667 904//667 906//667
f 905//668 906//668 907//668
f 907//669 906//669 908//669
f 907//670 908//670 909//670
f 909//671 908//671 910//671
f 909//672 910//672 911//672
f 911//673 910//673 912//673
f 911//674 912//674 913//674
f 913//675 912//675 914//675
f 913//676 914//676 915//676
f 915//677 914//677 916//677
f 915//678 916//678 917//678
f 917//679 916//679 918//679
f 917//680 918//680 919//680
f 919//681 918//681 920//681
f 919//682 920//682 921//682
f 921//683 920//683 922//683
f 921//684 922//684 923//684
f 923//685 922//685 924//685
f 923//686 924//686 925//686
f 926//687 927//687 928//687
f 928//688 927//688 929//688
f 928//689 929//689 930//689
f 930//690 929//690 931//690
f 930//691 931//691 932//691
f 932//692 931//692 933//692
f 932//693 933//693 934//693
f 934//694 933//694 935//694
f 934//695 935//695 936//695
f 936//696 935//696 937//696
f 936//697 937//697 938//697
f 938//698 937//698 939//698
f 938//699 939//699 940//699
f 940//700 939//700 941//700
f 940//701 941//701 942//701
f 942//702 941//702 943//702
f 942//703 943//703 944//703
f 944//704 943//704 945//704
f 944//705 945//705 946//705
f 946//706 945//706 947//706
f 946//707 947//707 948//707
f 948//708 947//708 949//708
f 948//709 949//709 950//709
f 950//710 949//710 951//710
f 950//711 951//711 952//711
f 952//712 951//712 953//712
f 952//713 953//713 954//713
f 954//714 953//714 955//714
f 954//715 955//715 956//715
f 956//716 955//716 957//716
f 956//717 957//717 958//717
f 958//718 957//718 959//718
f 958//719 959//719 960//719
f 960//720 959//720 961//720
f 960//721 961//721 962//721
f 962//722 961//722 963//722
f 962//723 963//723 964//723
f 964//724 963//724 965//724
f 964//725 965//725 966//725
f 966//726 965//726 967//726
f 966//727 967//727 968//727
f 968//728 967//728 969//728
f 968//729 969//729 970//729
f 970//730 969//730 971//730
f 970//731 971//731 972//731
f 972//732 971//732 973//732
f 972//733 973//733 974//733
f 975//734 976//734 977//734
f 977//735 976//735 978//735
f 977//736 978//736 979//736
f 979//737 978//737 980//737
f 979//738 980//738 981//738
f 981//739 980//739 982//739
f 981//740 982//740 983//740
f 983//741 982//741 984//741
f 983//742 984//742 985//742
f 985//743 984//743 986//743
f 985//744 986//744 987//744
f 987//745 986//745 988//745
f 987//746 988//746 989//746
f 989//747 988//747 990//747
f 989//748 990//748 991//748
f 991//749 990//749 992//749
f 991//750 992//750 993//750
f 993//751 992//751 994//751
f 993//752 994//752 995//752
f 995//753 994//753 996//753
f 995//754 996//754 997//754
f 997//755 996//755 998//755
f 997//756 998//756 999//756
f 999//757 998//757 1000//757
f 999//758 1000//758 1001//758
f 1001//759 1000//759 1002//759
f 1001//760 1002//760 1003//760
f 982//761 1004//761 984//761
f 984//762 1004//762 1005//762
f 984//763 1005//763 986//763
f 986//764 1005//764 1006//764
f 986//765 1006//765 988//765
f 988//766 1006//766 1007//766
f 988//767 1007//767 990//767
f 990//768 1007//768 1008//768
f 990//769 1008//769 992//769
f 992//770 1008//770 1009//770
f 992//771 1009//771 994//771
f 994//772 1009//772 1010//772
f 994//773 1010//773 996//773
f 996//774 1010//774 1011//774
f 996//775 1011//775 998//775
f 998//776 1011//776 1012//776
f 998//777 1012//777 1013//777
f 1013//778 1012//778 1014//778
f 1013//779 1014//779 1015//779
f 1015//780 1014//780 1016//780
f 1015//781 1016//781 1017//781
f 1004//782 1018//782 1005//782
f 1005//783 1018//783 1019//783
f 1005//784 1019//784 1006//784
f 1006//785 1019//785 1020//785
f 1006//786 1020//786 1007//786
f 1007//787 1020//787 1021//787
f 1007//788 1021//788 1008//788
f 1008//789 1021//789 1022//789
f 1008//790 1022//790 1009//790
f 1009//791 1022//791 1023//791
f 1009//792 1023//792 1010//792
f 1010//793 1023//793 1024//793
f 1010//794 1024//794 1011//794
f 1011//795 1024//795 1025//795
f 1011//796 1025//796 1012//796
f 1012//797 1025//797 1026//797
f 1012//798 1026//798 1014//798
f 1014//799 1026//799 1027//799
f 1014//800 1027//800 1028//800
f 1028//801 1027//801 1029//801
f 1029//802 1027//802 1030//802
f 1030//803 1027//803 1031//803
f 1030//804 1031//804 1032//804
f 1032//805 1031//805 1033//805
f 1033//806 1031//806 1034//806
f 1033//807 1034//807 1035//807
f 1035//808 1034//808 1036//808
f 1035//809 1036//809 1037//809
f 1037//810 1036//810 1038//810
f 1038//811 1036//811 1039//811
f 1038//812 1039//812 1040//812
f 1040//813 1039//813 1041//813
f 1040//814 1041//814 1042//814
f 1042//815 1041//815 1043//815
f 1042//816 1043//816 1044//816
f 1044//817 1043//817 1045//817
f 1044//818 1045//818 1046//818
f 1046//819 1045//819 1047//819
f 1046//820 1047//820 1048//820
f 1048//821 1047//821 1049//821
f 1048//822 1049//822 1050//822
f 1050//823 1049//823 1051//823
f 1050//824 1051//824 1052//824
f 1052//825 1051//825 1053//825
f 1052//826 1053//826 1054//826
f 1054//827 1053//827 1055//827
f 1054//828 1055//828 1056//828
f 1056//829 1055//829 1057//829
f 1056//830 1057//830 1058//830
f 1058//831 1057//831 1059//831
f 1058//832 1059//832 1060//832
f 1060//833 1059//833 1061//833
f 1060//834 1061//834 1062//834
f 1063//835 1064//835 1065//835
f 1065//836 1064//836 1066//836
f 1065//837 1066//837 1067//837
f 1067//838 1066//838 1068//838
f 1067//839 1068//839 1069//839
f 1069//840 1068//840 1070//840
f 1069//841 1070//841 1071//841
f 1071//842 1070//842 1072//842
f 1071//843 1072//843 1073//843
f 1073//844 1072//844 1074//844
f 1073//845 1074//845 1075//845
f 1075//846 1074//846 1076//846
f 1075//847 1076//847 1077//847
f 1077//848 1076//848 1078//848
f 1077//849 1078//849 1079//849
f 1079//850 1078//850 1080//850
f 1079//851 1080//851 1081//851
f 1081//852 1080//852 1082//852
f 1066//853 1064//853 1083//853
f 1083//854 1064//854 1084//854
f 1083//855 1084//855 1085//855
f 1085//856 1084//856 1086//856
f 1085//857 1086//857 1087//857
f 1087//858 1086//858 1088//858
f 1087//859 1088//859 1089//859
f 1089//860 1088//860 1090//860
f 1089//861 1090//861 1091//861
f 1091//862 1090//862 1092//862
f 1091//863 1092//863 1093//863
f 1093//864 1092//864 1094//864
f 1093//865 1094//865 1095//865
f 1095//866 1094//866 1096//866
f 1095//867 1096//867 1074//867
f 1074//868 1096//868 1076//868
f 1090//869 1088//869 1097//869
f 1097//870 1088//870 1098//870
f 1097//871 1098//871 1099//871
f 1099//872 1098//872 1100//872
f 1099//873 1100//873 1101//873
f 1101//874 1100//874 1102//874
f 1101//875 1102//875 1103//875
f 1103//876 1102//876 1104//876
f 1103//877 1104//877 1105//877
f 1105//878 1104//878 1106//878
f 1105//879 1106//879 1107//879
f 1107//880 1106//880 1108//880
f 1107//881 1108//881 1109//881
f 1109//882 1108//882 1110//882
f 1109//883 1110//883 1111//883
f 1111//884 1110//884 1112//884
f 1111//885 1112//885 1113//885
f 1113//886 1112//886 1114//886
f 1113//887 1114//887 1115//887
f 1115//888 1114//888 1116//888
f 1115//889 1116//889 1117//889
f 1117//890 1116//890 1118//890
f 1117//891 1118//891 1119//891
f 1119//892 1118//892 1120//892
f 1119//893 1120//893 1121//893
f 1121//894 1120//894 1122//894
f 1121//895 1122//895 1123//895
f 1123//896 1122//896 1124//896
f 1123//897 1124//897 1125//897
f 1125//898 1124//898 1126//898
f 1125//899 1126//899 1127//899
f 1104//900 1128//900 1106//900
f 1106//901 1128//901 1129//901
f 1106//902 1129//902 1108//902
f 1108//903 1129//903 1130//903
f 1108//904 1130//904 1110//904
f 1110//905 1130//905 1131//905
f 1110//906 1131//906 1112//906
f 1112//907 1131//907 1132//907
f 1112//908 1132//908 1114//908
f 1114//909 1132//909 1133//909
f 1114//910 1133//910 1116//910
f 1116//911 1133//911 1134//911
f 1116//912 1134//912 1118//912
f 1118//913 1134//913 1135//913
f 1118//914 1135//914 1120//914
f 1120//915 1135//915 1136//915
f 1120//916 1136//916 1122//916
f 1122//917 1136//917 1137//917
f 1122//918 1137//918 1124//918
f 1124//919 1137//919 1138//919
f 1124//920 1138//920 1126//920
f 1128//921 1139//921 1129//921
f 1129//922 1139//922 1140//922
f 1129//923 1140//923 1130//923
f 1130//924 1140//924 1141//924
f 1130//925 1141//925 1131//925
f 1131//926 1141//926 1142//926
f 1131//927 1142//927 1132//927
f 1132//928 1142//928 1143//928
f 1132//929 1143//929 1133//929
f 1133//930 1143//930 1144//930
f 1133//931 1144//931 1134//931
f 1134//932 1144//932 1145//932
f 1134//933 1145//933 1135//933
f 1135//934 1145//934 1146//934
f 1135//935 1146//935 1136//935
f 1136//936 1146//936 1147//936
f 1136//937 1147//937 1137//937
f 1137//938 1147//938 1148//938
f 1137//939 1148//939 1138//939
f 1139//940 1149//940 1140//940
f 1140//941 1149//941 1150//941
f 1140//942 1150//942 1141//942
f 1141//943 1150//943 1151//943
f 1141//944 1151//944 1142//944
f 1142//945 1151//945 1152//945
f 1142//946 1152//946 1143//946
f 1143//947 1152//947 1153//947
f 1143//948 1153//948 1144//948
f 1144//949 1153//949 1154//949
f 1144//950 1154//950 1145//950
f 1145//951 1154//951 1155//951
f 1145//952 1155//952 1146//952
f 1146//953 1155//953 1156//953
f 1146//954 1156//954 1147//954
f 1147//955 1156//955 1157//955
f 1147//956 1157//956 1148//956
f 1150//957 1149//957 1158//957
f 1158//958 1149//958 1159//958
f 1158//959 1159//959 1160//959
f 1160//960 1159//960 1161//960
f 1160//961 1161//961 1162//961
f 1162//962 1161//962 1163//962
f 1162//963 1163//963 1164//963
f 1164//964 1163//964 1165//964
f 1164//965 1165//965 1166//965
f 1166//966 1165//966 1167//966
f 1166//967 1167//967 1168//967
f 1168//968 1167//968 1169//968
f 1168//969 1169//969 1170//969
f 1163//970 1171//970 1165//970
f 1165//971 1171//971 1172//971
f 1165//966 1172//966 1167//966
f 1167//972 1172//972 1173//972
f 1167//968 1173//968 1169//968
f 1171//973 1174//973 1172//973
f 1172//974 1174//974 1175//974
f 1172//972 1175//972 1173//972
f 1174//975 1176//975 1175//975
f 1177//976 1178//976 1179//976
f 1179//977 1178//977 1180//977
f 1179//978 1180//978 1181//978
f 1177//979 1182//979 1178//979
f 1178//980 1182//980 1183//980
f 1178//981 1183//981 1184//981
f 1184//981 1183//981 1185//981
f 1184//982 1185//982 1186//982
f 1186//982 1185//982 1187//982
f 1186//983 1187//983 1188//983
f 1182//984 1189//984 1183//984
f 1183//985 1189//985 1190//985
f 1183//986 1190//986 1191//986
f 1191//987 1190//987 1192//987
f 1191//988 1192//988 1193//988
f 1189//989 1192//989 1190//989
f 1191//990 1193//990 1194//990
f 1194//991 1193//991 1195//991
f 1194//992 1195//992 1196//992
f 1194//993 1196//993 1197//993
f 1197//994 1196//994 1198//994
f 1197//995 1198//995 1199//995
f 1197//996 1199//996 1200//996
f 1200//997 1199//997 1201//997
f 1200//998 1201//998 1202//998
f 1202//999 1201//999 1203//999
f 1202//1000 1203//1000 1204//1000
f 1205//1001 1206//1001 1204//1001
f 1204//1002 1206//1002 1207//1002
f 1204//1003 1207//1003 1202//1003
f 1202//1004 1207//1004 1208//1004
f 1202//1004 1208//1004 1200//1004
f 1200//1005 1208//1005 1209//1005
f 1200//1005 1209//1005 1210//1005
f 1210//1006 1209//1006 1211//1006
f 1210//1006 1211//1006 1212//1006
f 1212//1007 1211//1007 1213//1007
f 1212//1007 1213//1007 1214//1007
f 1214//1008 1213//1008 1215//1008
f 1214//1008 1215//1008 1216//1008
f 1216//1009 1215//1009 1217//1009
f 1216//1009 1217//1009 1218//1009
f 1218//1010 1217//1010 1219//1010
f 1205//1011 1220//1011 1206//1011
f 1206//1012 1220//1012 1221//1012
f 1206//1013 1221//1013 1222//1013
f 1220//1014 1223//1014 1221//1014
f 1221//1015 1223//1015 1224//1015
f 1225//1016 1226//1016 1227//1016
f 1228//1017 1229//1017 1230//1017
f 1230//1018 1229//1018 1231//1018
f 1230//1019 1231//1019 1232//1019
f 1233//1020 1234//1020 1235//1020
f 1235//1021 1234//1021 1236//1021
f 1235//1022 1236//1022 1237//1022
f 1237//1023 1236//1023 1238//1023
f 1238//1024 1236//1024 1239//1024
f 1238//1025 1239//1025 1240//1025
f 1240//1026 1239//1026 1241//1026
f 1240//1026 1241//1026 1242//1026
f 1242//1027 1241//1027 1243//1027
f 1242//1027 1243//1027 1244//1027
f 1244//1028 1243//1028 1245//1028
f 1244//1028 1245//1028 1246//1028
f 1246//1029 1245//1029 1247//1029
f 1246//1029 1247//1029 1248//1029
f 1248//1030 1247//1030 1249//1030
f 1248//1030 1249//1030 1250//1030
f 1250//1031 1249//1031 1251//1031
f 1250//1031 1251//1031 1252//1031
f 1252//1032 1251//1032 1253//1032
f 1252//1032 1253//1032 1254//1032
f 1254//1033 1253//1033 1255//1033
f 1254//1033 1255//1033 1256//1033
f 1256//1034 1255//1034 1257//1034
f 1256//1034 1257//1034 1258//1034
f 1258//1035 1257//1035 1259//1035
f 1258//1035 1259//1035 1260//1035
f 1260//1036 1259//1036 1261//1036
f 1260//1036 1261//1036 1262//1036
f 1262//1037 1261//1037 1263//1037
f 1262//1037 1263//1037 1264//1037
f 1264//1038 1263//1038 1265//1038
f 1266//1039 1267//1039 1268//1039
f 1269//1040 1270//1040 1271//1040
f 1272//1041 1273//1041 1274//1041
f 1274//1042 1273//1042 1275//1042
f 1274//1043 1275//1043 1276//1043
f 1277//1044 1278//1044 1279//1044
f 1279//1045 1278//1045 1280//1045
f 1279//1046 1280//1046 1281//1046
f 1277//1047 1282//1047 1278//1047
f 1278//1048 1282//1048 1283//1048
f 1278//1049 1283//1049 1284//1049
f 1284//1049 1283//1049 1285//1049
f 1284//1050 1285//1050 1286//1050
f 1286//1050 1285//1050 1287//1050
f 1286//1051 1287//1051 1288//1051
f 1288//1051 1287//1051 1289//1051
f 1288//1052 1289//1052 1290//1052
f 1290//1052 1289//1052 1291//1052
f 1290//1053 1291//1053 1292//1053
f 1292//1053 1291//1053 1293//1053
f 1292//1054 1293//1054 1294//1054
f 1294//1054 1293//1054 1295//1054
f 1294//1055 1295//1055 1296//1055
f 1296//1055 1295//1055 1297//1055
f 1296//1056 1297//1056 1298//1056
f 1298//1056 1297//1056 1299//1056
f 1298//1057 1299//1057 1300//1057
f 1300//1057 1299//1057 1301//1057
f 1300//1058 1301//1058 1302//1058
f 1302//1058 1301//1058 1303//1058
f 1302//1059 1303//1059 1304//1059
f 1304//1059 1303//1059 1305//1059
f 1304//1060 1305//1060 1306//1060
f 1306//1060 1305//1060 1307//1060
f 1282//1061 1308//1061 1283//1061
f 1283//1062 1308//1062 1309//1062
f 1283//1063 1309//1063 1310//1063
f 1310//1064 1309//1064 1311//1064
f 1310//1065 1311//1065 1312//1065
f 1308//1066 1311//1066 1309//1066
f 1310//1067 1312//1067 1313//1067
f 1313//1068 1312//1068 1314//1068
f 1313//1069 1314//1069 1315//1069
f 1313//1070 1315//1070 1316//1070
f 1316//1071 1315//1071 1317//1071
f 1316//1072 1317//1072 1318//1072
f 1316//1073 1318//1073 1319//1073
f 1319//1074 1318//1074 1320//1074
f 1319//1075 1320//1075 1321//1075
f 1321//1076 1320//1076 1322//1076
f 1321//1077 1322//1077 1323//1077
f 1324//1078 1325//1078 1326//1078
f 1326//1079 1325//1079 1327//1079
f 1327//1080 1325//1080 1328//1080
f 1328//1081 1325//1081 1329//1081
f 1329//1082 1325//1082 1330//1082
f 1330//1083 1325//1083 1331//1083
f 1332//1084 1325//1084 1333//1084
f 1333//1085 1325//1085 1334//1085
f 1334//1086 1325//1086 1335//1086
f 1335//1087 1325//1087 1336//1087
f 1337//1088 1325//1088 1338//1088
f 1339//1089 1325//1089 1340//1089
f 1340//1090 1325//1090 1341//1090
f 1341//1091 1325//1091 1342//1091
f 1342//1092 1325//1092 1343//1092
f 1343//1093 1325//1093 1344//1093
f 1345//1094 1325//1094 1346//1094
f 1346//1095 1325//1095 1347//1095
f 1347//1096 1325//1096 1348//1096
f 1348//1097 1325//1097 1349//1097
f 1349//1098 1325//1098 1350//1098
f 1350//1099 1325//1099 1351//1099
f 1351//1100 1325//1100 1352//1100
f 1352//1101 1353//1101 1354//1101
f 1354//1102 1353//1102 1355//1102
f 1355//1103 1353//1103 1356//1103
f 1356//1104 1353//1104 1357//1104
f 1357//1105 1353//1105 1358//1105
f 1359//1106 1353//1106 1360//1106
f 1361//1107 1353//1107 1362//1107
f 1362//1108 1353//1108 1363//1108
f 1363//1109 1353//1109 1364//1109
f 1364//1110 1353//1110 1365//1110
f 1365//1111 1353//1111 1366//1111
f 1366//1112 1353//1112 1367//1112
f 1367//1113 1353//1113 1368//1113
f 1368//1114 1353//1114 1369//1114
f 1369//1115 1353//1115 1370//1115
f 1370//1116 1353//1116 1371//1116
f 1371//1117 1353//1117 1372//1117
f 1372//1118 1353//1118 1373//1118
f 1373//1119 1353//1119 1374//1119
f 1374//1120 1353//1120 1375//1120
f 1375//1121 1353//1121 1376//1121
f 1376//1122 1353//1122 1377//1122
f 1378//1123 1379//1123 1380//1123
f 1380//1123 1379//1123 1381//1123
f 1380//1124 1381//1124 1382//1124
f 1382//1124 1381//1124 1383//1124
f 1382//1125 1383//1125 1384//1125
f 1384//1125 1383//1125 1385//1125
f 1384//1126 1385//1126 1386//1126
f 1386//1126 1385//1126 1387//1126
f 1386//1127 1387//1127 1388//1127
f 1389//1128 1378//1128 1390//1128
f 1390//1128 1378//1128 1380//1128
f 1390//1129 1380//1129 1391//1129
f 1391//1129 1380//1129 1382//1129
f 1391//1130 1382//1130 1392//1130
f 1392//1130 1382//1130 1384//1130
f 1392//1131 1384//1131 1393//1131
f 1393//1131 1384//1131 1386//1131
f 1393//1132 1386//1132 1394//1132
f 1394//1132 1386//1132 1388//1132
f 1394//1133 1388//1133 1395//1133
f 1396//1134 1389//1134 1397//1134
f 1397//1134 1389//1134 1390//1134
f 1397//1135 1390//1135 1398//1135
f 1398//1135 1390//1135 1391//1135
f 1398//1136 1391//1136 1399//1136
f 1399//1136 1391//1136 1392//1136
f 1399//1137 1392//1137 1400//1137
f 1400//1137 1392//1137 1393//1137
f 1400//1138 1393//1138 1401//1138
f 1401//1138 1393//1138 1394//1138
f 1401//1139 1394//1139 1402//1139
f 1402//1139 1394//1139 1395//1139
f 1402//1140 1395//1140 1403//1140
f 1404//1141 1396//1141 1405//1141
f 1405//1141 1396//1141 1397//1141
f 1405//1142 1397//1142 1406//1142
f 1406//1142 1397//1142 1398//1142
f 1406//1143 1398//1143 1407//1143
f 1407//1143 1398//1143 1399//1143
f 1407//1144 1399//1144 1408//1144
f 1408//1144 1399//1144 1400//1144
f 1408//1145 1400//1145 1409//1145
f 1409//1145 1400//1145 1401//1145
f 1409//1146 1401//1146 1410//1146
f 1410//1146 1401//1146 1402//1146
f 1410//1147 1402//1147 1411//1147
f 1411//1147 1402//1147 1403//1147
f 1411//1148 1403//1148 1412//1148
f 1413//1149 1404//1149 1414//1149
f 1414//1149 1404//1149 1405//1149
f 1414//1150 1405//1150 1415//1150
f 1415//1150 1405//1150 1406//1150
f 1415//1151 1406//1151 1416//1151
f 1416//1151 1406//1151 1407//1151
f 1416//1152 1407//1152 1417//1152
f 1417//1152 1407//1152 1408//1152
f 1417//1153 1408//1153 1418//1153
f 1418//1153 1408//1153 1409//1153
f 1418//1154 1409//1154 1419//1154
f 1419//1154 1409//1154 1410//1154
f 1419//1155 1410//1155 1420//1155
f 1420//1155 1410//1155 1411//1155
f 1420//1156 1411//1156 1421//1156
f 1421//1156 1411//1156 1412//1156
f 1421//1157 1412//1157 1422//1157
f 1423//1158 1413//1158 1424//1158
f 1424//1158 1413//1158 1414//1158
f 1424//1159 1414//1159 1425//1159
f 1425//1159 1414//1159 1415//1159
f 1425//1160 1415//1160 1426//1160
f 1426//1160 1415//1160 1416//1160
f 1426//1161 1416//1161 1427//1161
f 1427//1161 1416//1161 1417//1161
f 1427//1162 1417//1162 1428//1162
f 1428//1162 1417//1162 1418//1162
f 1428//1163 1418//1163 1429//1163
f 1429//1163 1418//1163 1419//1163
f 1429//1164 1419//1164 1430//1164
f 1430//1164 1419//1164 1420//1164
f 1430//1165 1420//1165 1431//1165
f 1431//1165 1420//1165 1421//1165
f 1431//1166 1421//1166 1432//1166
f 1432//1166 1421//1166 1422//1166
f 1432//1167 1422//1167 1433//1167
f 1434//1168 1423//1168 1435//1168
f 1435//1168 1423//1168 1424//1168
f 1435//1169 1424//1169 1436//1169
f 1436//1169 1424//1169 1425//1169
f 1436//1170 1425//1170 1437//1170
f 1437//1170 1425//1170 1426//1170
f 1437//1171 1426//1171 1438//1171
f 1438//1171 1426//1171 1427//1171
f 1438//1172 1427//1172 1439//1172
f 1439//1172 1427//1172 1428//1172
f 1439//1173 1428//1173 1440//1173
f 1440//1173 1428//1173 1429//1173
f 1440//1174 1429//1174 1441//1174
f 1441//1174 1429//1174 1430//1174
f 1441//1175 1430//1175 1442//1175
f 1442//1175 1430//1175 1431//1175
f 1442//1176 1431//1176 1443//1176
f 1443//1176 1431//1176 1432//1176
f 1443//1177 1432//1177 1444//1177
f 1444//1177 1432//1177 1433//1177
f 1444//1178 1433//1178 1445//1178
f 1446//1179 1447//1179 1448//1179
f 1448//1180 1434//1180 1449//1180
f 1449//1180 1434//1180 1435//1180
f 1449//1181 1435//1181 1450//1181
f 1450//1181 1435//1181 1436//1181
f 1450//1182 1436//1182 1451//1182
f 1451//1182 1436//1182 1437//1182
f 1451//1183 1437//1183 1452//1183
f 1452//1183 1437//1183 1438//1183
f 1452//1184 1438//1184 1453//1184
f 1453//1184 1438//1184 1439//1184
f 1453//1185 1439//1185 1454//1185
f 1454//1185 1439//1185 1440//1185
f 1454//1186 1440//1186 1455//1186
f 1455//1186 1440//1186 1441//1186
f 1455//1187 1441//1187 1456//1187
f 1456//1187 1441//1187 1442//1187
f 1456//1188 1442//1188 1457//1188
f 1457//1188 1442//1188 1443//1188
f 1457//1189 1443//1189 1458//1189
f 1458//1189 1443//1189 1444//1189
f 1458//1190 1444//1190 1459//1190
f 1459//1190 1444//1190 1445//1190
f 1459//1191 1445//1191 1460//1191
f 1461//1192 1462//1192 1463//1192
f 1463//1192 1462//1192 1464//1192
f 1463//1193 1464//1193 1465//1193
f 1465//1193 1464//1193 1466//1193
f 1465//1194 1466//1194 1467//1194
f 1467//1194 1466//1194 1468//1194
f 1467//1195 1468//1195 1469//1195
f 1469//1195 1468//1195 1470//1195
f 1469//1196 1470//1196 1471//1196
f 1471//1196 1470//1196 1472//1196
f 1471//1197 1472//1197 1473//1197
f 1473//1197 1472//1197 1474//1197
f 1473//1198 1474//1198 1475//1198
f 1475//1198 1474//1198 1476//1198
f 1475//1199 1476//1199 1477//1199
f 1477//1199 1476//1199 1478//1199
f 1477//1200 1478//1200 1479//1200
f 1479//1200 1478//1200 1480//1200
f 1479//1201 1480//1201 1481//1201
f 1481//1201 1480//1201 1482//1201
f 1481//1202 1482//1202 1483//1202
f 1483//1202 1482//1202 1484//1202
f 1483//1203 1484//1203 1485//1203
f 1485//1203 1484//1203 1486//1203
f 1485//1204 1486//1204 1487//1204
f 1488//1205 1489//1205 1490//1205
f 1490//1205 1489//1205 1491//1205
f 1490//1206 1491//1206 1492//1206
f 1492//1206 1491//1206 1493//1206
f 1492//1207 1493//1207 1494//1207
f 1494//1207 1493//1207 1495//1207
f 1494//1208 1495//1208 1496//1208
f 1496//1208 1495//1208 1497//1208
f 1496//1209 1497//1209 1498//1209
f 1498//1209 1497//1209 1499//1209
f 1498//1210 1499//1210 1500//1210
f 1500//1210 1499//1210 1501//1210
f 1500//1211 1501//1211 1502//1211
f 1502//1211 1501//1211 1503//1211
f 1502//1212 1503//1212 1504//1212
f 1504//1212 1503//1212 1505//1212
f 1504//1213 1505//1213 1506//1213
f 1506//1213 1505//1213 1507//1213
f 1506//1214 1507//1214 1508//1214
f 1508//1214 1507//1214 1509//1214
f 1508//1215 1509//1215 1510//1215
f 1510//1215 1509//1215 1511//1215
f 1510//1216 1511//1216 1512//1216
f 1512//1216 1511//1216 1513//1216
f 1512//1217 1513//1217 1514//1217
f 1514//1217 1513//1217 1515//1217
f 1514//1218 1515//1218 1516//1218
f 1516//1218 1515//1218 1517//1218
f 1516//1219 1517//1219 1518//1219
f 1518//1219 1517//1219 1519//1219
f 1518//1220 1519//1220 1520//1220
f 1520//1220 1519//1220 1521//1220
f 1522//1221 1523//1221 1524//1221
f 1524//1221 1523//1221 1525//1221
f 1524//1222 1525//1222 1526//1222
f 1526//1222 1525//1222 1527//1222
f 1526//1223 1527//1223 1528//1223
f 1528//1223 1527//1223 1529//1223
f 1528//1224 1529//1224 1530//1224
f 1530//1224 1529//1224 1531//1224
f 1530//1225 1531//1225 1532//1225
f 1532//1225 1531//1225 1533//1225
f 1532//1226 1533//1226 1534//1226
f 1534//1226 1533//1226 1535//1226
f 1534//1227 1535//1227 1536//1227
f 1536//1227 1535//1227 1537//1227
f 1536//1228 1537//1228 1538//1228
f 1538//1228 1537//1228 1539//1228
f 1538//1229 1539//1229 1540//1229
f 1540//1229 1539//1229 1541//1229
f 1540//1230 1541//1230 1542//1230
f 1542//1230 1541//1230 1543//1230
f 1542//1231 1543//1231 1544//1231
f 1544//1231 1543//1231 1545//1231
f 1544//1232 1545//1232 1546//1232
f 1546//1232 1545//1232 1547//1232
f 1546//1233 1547//1233 1548//1233
f 1548//1233 1547//1233 1549//1233
f 1548//1234 1549//1234 1550//1234
f 1550//1234 1549//1234 1551//1234
f 1550//1235 1551//1235 1552//1235
f 1552//1235 1551//1235 1553//1235
f 1552//1236 1553//1236 1554//1236
f 1554//1236 1553//1236 1555//1236
f 1556//1237 1557//1237 1558//1237
f 1558//1237 1557//1237 1559//1237
f 1558//1238 1559//1238 1560//1238
f 1560//1238 1559//1238 1561//1238
f 1560//1239 1561//1239 1562//1239
f 1562//1239 1561//1239 1563//1239
f 1562//1240 1563//1240 1564//1240
f 1564//1240 1563//1240 1565//1240
f 1564//1241 1565//1241 1566//1241
f 1566//1241 1565//1241 1567//1241
f 1566//1242 1567//1242 1568//1242
f 1568//1242 1567//1242 1569//1242
f 1568//1243 1569//1243 1570//1243
f 1570//1243 1569//1243 1571//1243
f 1570//1244 1571//1244 1572//1244
f 1572//1244 1571//1244 1573//1244
f 1572//1245 1573//1245 1574//1245
f 1574//1245 1573//1245 1575//1245
f 1574//1246 1575//1246 1576//1246
f 1576//1246 1575//1246 1577//1246
f 1576//1247 1577//1247 1578//1247
f 1578//1247 1577//1247 1579//1247
f 1578//1248 1579//1248 1580//1248
f 1580//1248 1579//1248 1581//1248
f 1580//1249 1581//1249 1582//1249
f 1582//1249 1581//1249 1583//1249
f 1582//1250 1583//1250 1584//1250
f 1584//1250 1583//1250 1585//1250
f 1584//1251 1585//1251 1586//1251
f 1586//1251 1585//1251 1587//1251
f 1586//1252 1587//1252 1588//1252
f 1588//1252 1587//1252 1589//1252
f 1590//1253 1591//1253 1592//1253
f 1592//1253 1591//1253 1593//1253
f 1592//1254 1593//1254 1594//1254
f 1594//1254 1593//1254 1595//1254
f 1594//1255 1595//1255 1596//1255
f 1596//1255 1595//1255 1597//1255
f 1596//1256 1597//1256 1598//1256
f 1598//1256 1597//1256 1599//1256
f 1598//1257 1599//1257 1600//1257
f 1600//1257 1599//1257 1601//1257
f 1600//1258 1601//1258 1602//1258
f 1602//1258 1601//1258 1603//1258
f 1602//1259 1603//1259 1604//1259
f 1604//1259 1603//1259 1605//1259
f 1604//1260 1605//1260 1606//1260
f 1606//1260 1605//1260 1607//1260
f 1606//1261 1607//1261 1608//1261
f 1608//1261 1607//1261 1609//1261
f 1608//1262 1609//1262 1610//1262
f 1610//1262 1609//1262 1611//1262
f 1610//1263 1611//1263 1612//1263
f 1612//1263 1611//1263 1613//1263
f 1612//1264 1613//1264 1614//1264
f 1614//1264 1613//1264 1615//1264
f 1614//1265 1615//1265 1616//1265
f 1616//1265 1615//1265 1617//1265
f 1616//1266 1617//1266 1618//1266
f 1618//1266 1617//1266 1619//1266
f 1618//1267 1619//1267 1620//1267
f 1620//1267 1619//1267 1621//1267
f 1620//1268 1621//1268 1622//1268
f 1622//1268 1621//1268 1623//1268
f 1624//1269 1625//1269 1626//1269
f 1626//1269 1625//1269 1627//1269
f 1626//1270 1627//1270 1628//1270
f 1628//1270 1627//1270 1629//1270
f 1628//1271 1629//1271 1630//1271
f 1630//1271 1629//1271 1631//1271
f 1630//1272 1631//1272 1632//1272
f 1632//1272 1631//1272 1633//1272
f 1632//1273 1633//1273 1634//1273
f 1634//1273 1633//1273 1635//1273
f 1634//1274 1635//1274 1636//1274
f 1636//1274 1635//1274 1637//1274
f 1636//1275 1637//1275 1638//1275
f 1638//1275 1637//1275 1639//1275
f 1638//1276 1639//1276 1640//1276
f 1640//1276 1639//1276 1641//1276
f 1640//1277 1641//1277 1642//1277
f 1642//1277 1641//1277 1643//1277
f 1642//1278 1643//1278 1644//1278
f 1644//1278 1643//1278 1645//1278
f 1644//1279 1645//1279 1646//1279
f 1646//1279 1645//1279 1647//1279
f 1646//1280 1647//1280 1648//1280
f 1648//1280 1647//1280 1649//1280
f 1648//1281 1649//1281 1650//1281
f 1650//1281 1649//1281 1651//1281
f 1650//1282 1651//1282 1652//1282
f 1652//1282 1651//1282 1653//1282
f 1652//1283 1653//1283 1654//1283
f 1654//1283 1653//1283 1655//1283
f 1654//1284 1655//1284 1656//1284
f 1656//1284 1655//1284 1657//1284
f 1658//1285 1659//1285 1660//1285
f 1660//1285 1659//1285 1661//1285
f 1660//1286 1661//1286 1662//1286
f 1662//1286 1661//1286 1663//1286
f 1662//1287 1663//1287 1664//1287
f 1664//1287 1663//1287 1665//1287
f 1664//1288 1665//1288 1666//1288
f 1666//1288 1665//1288 1667//1288
f 1666//1289 1667//1289 1668//1289
f 1668//1289 1667//1289 1669//1289
f 1668//1290 1669//1290 1670//1290
f 1670//1290 1669//1290 1671//1290
f 1670//1291 1671//1291 1672//1291
f 1672//1291 1671//1291 1673//1291
f 1672//1292 1673//1292 1674//1292
f 1674//1292 1673//1292 1675//1292
f 1674//1293 1675//1293 1676//1293
f 1676//1293 1675//1293 1677//1293
f 1676//1294 1677//1294 1678//1294
f 1678//1294 1677//1294 1679//1294
f 1678//1295 1679//1295 1680//1295
f 1680//1295 1679//1295 1681//1295
f 1680//1296 1681//1296 1682//1296
f 1682//1296 1681//1296 1683//1296
f 1682//1297 1683//1297 1684//1297
f 1684//1297 1683//1297 1685//1297
f 1684//1298 1685//1298 1686//1298
f 1686//1298 1685//1298 1687//1298
f 1686//1299 1687//1299 1688//1299
f 1688//1299 1687//1299 1689//1299
f 1688//1300 1689//1300 1690//1300
f 1690//1300 1689//1300 1691//1300
f 1692//1301 1693//1301 1694//1301
f 1694//1301 1693//1301 1695//1301
f 1694//1302 1695//1302 1696//1302
f 1696//1302 1695//1302 1697//1302
f 1696//1303 1697//1303 1698//1303
f 1698//1303 1697//1303 1699//1303
f 1698//1304 1699//1304 1700//1304
f 1700//1304 1699//1304 1701//1304
f 1700//1305 1701//1305 1702//1305
f 1702//1305 1701//1305 1703//1305
f 1702//1306 1703//1306 1704//1306
f 1704//1306 1703//1306 1705//1306
f 1704//1307 1705//1307 1706//1307
f 1706//1307 1705//1307 1707//1307
f 1706//1308 1707//1308 1708//1308
f 1708//1308 1707//1308 1709//1308
f 1708//1309 1709//1309 1710//1309
f 1710//1309 1709//1309 1711//1309
f 1710//1310 1711//1310 1712//1310
f 1712//1310 1711//1310 1713//1310
f 1712//1311 1713//1311 1714//1311
f 1714//1311 1713//1311 1715//1311
f 1714//1312 1715//1312 1716//1312
f 1716//1312 1715//1312 1717//1312
f 1716//1313 1717//1313 1718//1313
f 1718//1313 1717//1313 1719//1313
f 1718//1314 1719//1314 1720//1314
f 1720//1314 1719//1314 1721//1314
f 1720//1315 1721//1315 1722//1315
f 1722//1315 1721//1315 1723//1315
f 1722//1316 1723//1316 1724//1316
f 1724//1316 1723//1316 1725//1316
f 1726//1317 1727//1317 1728//1317
f 1728//1317 1727//1317 1729//1317
f 1728//1318 1729//1318 1730//1318
f 1730//1318 1729//1318 1731//1318
f 1730//1319 1731//1319 1732//1319
f 1732//1319 1731//1319 1733//1319
f 1732//1320 1733//1320 1734//1320
f 1734//1320 1733//1320 1735//1320
f 1734//1321 1735//1321 1736//1321
f 1736//1321 1735//1321 1737//1321
f 1736//1322 1737//1322 1738//1322
f 1738//1322 1737//1322 1739//1322
f 1738//1323 1739//1323 1740//1323
f 1740//1323 1739//1323 1741//1323
f 1740//1324 1741//1324 1742//1324
f 1742//1324 1741//1324 1743//1324
f 1742//1325 1743//1325 1744//1325
f 1744//1325 1743//1325 1745//1325
f 1744//1326 1745//1326 1746//1326
f 1746//1326 1745//1326 1747//1326
f 1746//1327 1747//1327 1748//1327
f 1748//1327 1747//1327 1749//1327
f 1748//1328 1749//1328 1750//1328
f 1750//1328 1749//1328 1751//1328
f 1750//1329 1751//1329 1752//1329
f 1752//1329 1751//1329 1753//1329
f 1752//1330 1753//1330 1754//1330
f 1754//1330 1753//1330 1755//1330
f 1754//1331 1755//1331 1756//1331
f 1756//1331 1755//1331 1757//1331
f 1756//1332 1757//1332 1758//1332
f 1758//1332 1757//1332 1759//1332
f 1760//1333 1761//1333 1762//1333
f 1762//1333 1761//1333 1763//1333
f 1762//1334 1763//1334 1764//1334
f 1764//1334 1763//1334 1765//1334
f 1764//1335 1765//1335 1766//1335
f 1766//1335 1765//1335 1767//1335
f 1766//1336 1767//1336 1768//1336
f 1768//1336 1767//1336 1769//1336
f 1768//1337 1769//1337 1770//1337
f 1770//1337 1769//1337 1771//1337
f 1770//1338 1771//1338 1772//1338
f 1772//1338 1771//1338 1773//1338
f 1772//1339 1773//1339 1774//1339
f 1774//1339 1773//1339 1775//1339
f 1774//1340 1775//1340 1776//1340
f 1776//1340 1775//1340 1777//1340
f 1776//1341 1777//1341 1778//1341
f 1778//1341 1777//1341 1779//1341
f 1778//1342 1779//1342 1780//1342
f 1780//1342 1779//1342 1781//1342
f 1780//1343 1781//1343 1782//1343
f 1782//1343 1781//1343 1783//1343
f 1782//1344 1783//1344 1784//1344
f 1784//1344 1783//1344 1785//1344
f 1784//1345 1785//1345 1786//1345
f 1786//1345 1785//1345 1787//1345
f 1786//1346 1787//1346 1788//1346
f 1788//1346 1787//1346 1789//1346
f 1788//1347 1789//1347 1790//1347
f 1790//1347 1789//1347 1791//1347
f 1790//1348 1791//1348 1792//1348
f 1792//1348 1791//1348 1793//1348
f 1794//1349 1795//1349 1796//1349
f 1796//1350 1797//1350 1798//1350
f 1798//1350 1797//1350 1799//1350
f 1798//1351 1799//1351 1800//1351
f 1800//1351 1799//1351 1801//1351
f 1800//1352 1801//1352 1802//1352
f 1802//1352 1801//1352 1803//1352
f 1802//1353 1803//1353 1804//1353
f 1804//1353 1803//1353 1805//1353
f 1804//1354 1805//1354 1806//1354
f 1806//1354 1805//1354 1807//1354
f 1806//1355 1807//1355 1808//1355
f 1808//1355 1807//1355 1809//1355
f 1808//1356 1809//1356 1810//1356
f 1810//1356 1809//1356 1811//1356
f 1810//1357 1811//1357 1812//1357
f 1812//1357 1811//1357 1813//1357
f 1812//1358 1813//1358 1814//1358
f 1814//1358 1813//1358 1815//1358
f 1814//1359 1815//1359 1816//1359
f 1816//1359 1815//1359 1817//1359
f 1816//1360 1817//1360 1818//1360
f 1818//1360 1817//1360 1819//1360
f 1818//1361 1819//1361 1820//1361
f 1820//1361 1819//1361 1821//1361
f 1820//1362 1821//1362 1822//1362
f 1822//1362 1821//1362 1823//1362
f 1822//1363 1823//1363 1824//1363
f 1824//1363 1823//1363 1825//1363
f 1824//1364 1825//1364 1826//1364
f 1826//1364 1825//1364 1827//1364
f 1826//1365 1827//1365 1828//1365
f 1828//1365 1827//1365 1829//1365
f 1830//1366 1831//1366 1832//1366
f 1832//1367 1831//1367 1833//1367
f 1830//1366 1832//1366 1834//1366
f 1835//1368 1836//1368 1837//1368
f 1837//1369 1836//1369 1838//1369
f 1835//1368 1837//1368 1839//1368
f 1840//1370 1830//1370 1834//1370
f 1840//1370 1834//1370 1841//1370
f 1842//1371 1835//1371 1839//1371
f 1842//1371 1839//1371 1843//1371
f 1844//1372 1840//1372 1841//1372
f 1844//1372 1841//1372 1845//1372
f 1846//1373 1842//1373 1843//1373
f 1846//1373 1843//1373 1847//1373
f 1848//1374 1844//1374 1845//1374
f 1848//1374 1845//1374 1849//1374
f 1850//1375 1846//1375 1847//1375
f 1850//1375 1847//1375 1851//1375
f 1848//1376 1849//1376 1852//1376
f 1852//1376 1849//1376 1853//1376
f 1852//1377 1853//1377 1854//1377
f 1854//1377 1853//1377 1855//1377
f 1854//1378 1855//1378 1856//1378
f 1856//1378 1855//1378 1857//1378
f 1856//1379 1857//1379 1858//1379
f 1858//1379 1857//1379 1859//1379
f 1858//1380 1859//1380 1860//1380
f 1860//1380 1859//1380 1861//1380
f 1860//1381 1861//1381 1862//1381
f 1862//1381 1861//1381 1863//1381
f 1862//1382 1863//1382 1864//1382
f 1864//1382 1863//1382 1865//1382
f 1850//1383 1851//1383 1866//1383
f 1866//1383 1851//1383 1867//1383
f 1866//1384 1867//1384 1868//1384
f 1868//1384 1867//1384 1869//1384
f 1868//1385 1869//1385 1870//1385
f 1870//1385 1869//1385 1871//1385
f 1870//1386 1871//1386 1872//1386
f 1872//1386 1871//1386 1873//1386
f 1872//1387 1873//1387 1874//1387
f 1874//1387 1873//1387 1875//1387
f 1874//1388 1875//1388 1876//1388
f 1876//1388 1875//1388 1877//1388
f 1876//1389 1877//1389 1878//1389
f 1878//1389 1877//1389 1879//1389
f 1878//1390 1879//1390 1880//1390
f 1880//1390 1879//1390 1881//1390
f 1880//1391 1881//1391 1882//1391
f 1882//1391 1881//1391 1883//1391
f 1882//1392 1883//1392 1884//1392
f 1884//1392 1883//1392 1885//1392
f 1884//1393 1885//1393 1886//1393
f 1886//1393 1885//1393 1887//1393
f 1888//1394 1889//1394 1890//1394
f 1890//1394 1889//1394 1891//1394
f 1890//1395 1891//1395 1892//1395
f 1891//1396 1889//1396 1893//1396
f 1893//1397 1889//1397 1894//1397
f 1893//1398 1894//1398 1895//1398
f 1895//1399 1894//1399 1896//1399
f 1895//1400 1896//1400 1897//1400
f 1889//1401 1888//1401 1898//1401
f 1898//1401 1888//1401 1899//1401
f 1898//1402 1899//1402 1900//1402
f 1900//1402 1899//1402 1901//1402
f 1889//1397 1898//1397 1894//1397
f 1894//1403 1898//1403 1902//1403
f 1894//1399 1902//1399 1896//1399
f 1902//1403 1898//1403 1900//1403
f 1903//1404 1904//1404 1905//1404
f 1905//1404 1904//1404 1906//1404
f 1905//1405 1906//1405 1907//1405
f 1907//1406 1906//1406 1908//1406
f 1904//1407 1909//1407 1906//1407
f 1906//1407 1909//1407 1910//1407
f 1906//1408 1910//1408 1908//1408
f 1908//1409 1910//1409 1911//1409
f 1904//1410 1903//1410 1912//1410
f 1912//1410 1903//1410 1913//1410
f 1912//1411 1913//1411 1914//1411
f 1914//1411 1913//1411 1915//1411
f 1914//1412 1915//1412 1916//1412
f 1916//1412 1915//1412 1917//1412
f 1916//1413 1917//1413 1918//1413
f 1909//1414 1919//1414 1910//1414
f 1910//1414 1919//1414 1920//1414
f 1910//1415 1920//1415 1911//1415
f 1911//1416 1920//1416 1921//1416
f 1909//1417 1904//1417 1922//1417
f 1922//1417 1904//1417 1912//1417
f 1922//1418 1912//1418 1923//1418
f 1923//1418 1912//1418 1914//1418
f 1923//1419 1914//1419 1924//1419
f 1924//1419 1914//1419 1916//1419
f 1924//1420 1916//1420 1925//1420
f 1925//1420 1916//1420 1918//1420
f 1925//1421 1918//1421 1926//1421
f 1919//1422 1927//1422 1920//1422
f 1920//1422 1927//1422 1928//1422
f 1920//1423 1928//1423 1921//1423
f 1919//1424 1909//1424 1929//1424
f 1929//1424 1909//1424 1922//1424
f 1929//1425 1922//1425 1930//1425
f 1930//1425 1922//1425 1923//1425
f 1930//1426 1923//1426 1931//1426
f 1931//1426 1923//1426 1924//1426
f 1931//1427 1924//1427 1932//1427
f 1932//1427 1924//1427 1925//1427
f 1932//1428 1925//1428 1933//1428
f 1933//1428 1925//1428 1926//1428
f 1933//1429 1926//1429 1934//1429
f 1928//1430 1927//1430 1935//1430
f 1935//1431 1927//1431 1936//1431
f 1935//1432 1936//1432 1937//1432
f 1937//1433 1936//1433 1938//1433
f 1927//1434 1919//1434 1939//1434
f 1939//1434 1919//1434 1929//1434
f 1939//1435 1929//1435 1940//1435
f 1940//1435 1929//1435 1930//1435
f 1940//1436 1930//1436 1941//1436
f 1941//1436 1930//1436 1931//1436
f 1941//1437 1931//1437 1942//1437
f 1942//1437 1931//1437 1932//1437
f 1942//1438 1932//1438 1943//1438
f 1943//1438 1932//1438 1933//1438
f 1943//1439 1933//1439 1944//1439
f 1944//1439 1933//1439 1934//1439
f 1944//1440 1934//1440 1945//1440
f 1946//1441 1947//1441 1948//1441
f 1927//1431 1939//1431 1936//1431
f 1936//1442 1939//1442 1949//1442
f 1936//1433 1949//1433 1938//1433
f 1938//1443 1949//1443 1950//1443
f 1938//1444 1950//1444 1951//1444
f 1951//1445 1950//1445 1952//1445
f 1951//1446 1952//1446 1953//1446
f 1953//1447 1952//1447 1954//1447
f 1953//1448 1954//1448 1955//1448
f 1955//1449 1954//1449 1956//1449
f 1955//1450 1956//1450 1957//1450
f 1957//1451 1956//1451 1958//1451
f 1957//1452 1958//1452 1959//1452
f 1959//1453 1958//1453 1960//1453
f 1959//1454 1960//1454 1961//1454
f 1961//1455 1960//1455 1962//1455
f 1961//1456 1962//1456 1963//1456
f 1963//1457 1962//1457 1964//1457
f 1963//1458 1964//1458 1965//1458
f 1965//1459 1964//1459 1966//1459
f 1965//1460 1966//1460 1967//1460
f 1967//1461 1966//1461 1968//1461
f 1967//1462 1968//1462 1969//1462
f 1969//1463 1968//1463 1970//1463
f 1969//1464 1970//1464 1971//1464
f 1971//1465 1970//1465 1972//1465
f 1971//1466 1972//1466 1973//1466
f 1973//1467 1972//1467 1974//1467
f 1973//1468 1974//1468 1975//1468
f 1975//1469 1974//1469 1976//1469
f 1975//1470 1976//1470 1977//1470
f 1977//1471 1976//1471 1978//1471
f 1977//1472 1978//1472 1979//1472
f 1979//1473 1978//1473 1980//1473
f 1979//1474 1980//1474 1981//1474
f 1981//1475 1980//1475 1982//1475
f 1983//1476 1984//1476 1985//1476
f 1983//1477 1985//1477 1986//1477
f 1986//1477 1985//1477 1987//1477
f 1986//1478 1987//1478 1988//1478
f 1988//1478 1987//1478 1989//1478
f 1988//1479 1989//1479 1990//1479
f 1990//1479 1989//1479 1991//1479
f 1990//1480 1991//1480 1992//1480
f 1992//1480 1991//1480 1993//1480
f 1992//1481 1993//1481 1994//1481
f 1994//1481 1993//1481 1995//1481
f 1994//1482 1995//1482 1996//1482
f 1997//1483 1998//1483 1999//1483
f 1988//1484 2000//1484 1986//1484
f 1986//1484 2000//1484 2001//1484
f 1986//1485 2001//1485 1983//1485
f 2001//1486 2000//1486 2002//1486
f 2002//1487 2000//1487 2003//1487
f 2002//1488 2003//1488 2004//1488
f 2004//1489 2003//1489 2005//1489
f 2004//1490 2005//1490 2006//1490
f 2006//1491 2005//1491 2007//1491
f 2006//1492 2007//1492 2008//1492
f 2008//1493 2007//1493 2009//1493
f 2008//1494 2009//1494 2010//1494
f 2010//1495 2009//1495 2011//1495
f 2010//1496 2011//1496 2012//1496
f 2012//1497 2011//1497 2013//1497
f 2012//1498 2013//1498 2014//1498
f 2014//1499 2013//1499 2015//1499
f 2014//1500 2015//1500 2016//1500
f 2016//1501 2015//1501 2017//1501
f 2016//1502 2017//1502 2018//1502
f 2018//1503 2017//1503 2019//1503
f 2018//1504 2019//1504 2020//1504
f 2020//1505 2019//1505 2021//1505
f 2020//1506 2021//1506 2022//1506
f 2022//1507 2021//1507 2023//1507
f 2022//1508 2023//1508 2024//1508
f 2024//1509 2023//1509 2025//1509
f 2024//1510 2025//1510 2026//1510
f 2026//1511 2025//1511 2027//1511
f 2026//1512 2027//1512 2028//1512
f 2028//1513 2027//1513 2029//1513
f 2028//1514 2029//1514 2030//1514
f 2030//1515 2029//1515 2031//1515
f 2030//1516 2031//1516 2032//1516
f 2032//1517 2031//1517 2033//1517
f 2034//1518 2035//1518 2036//1518
f 2036//1518 2035//1518 2037//1518
f 2036//1519 2037//1519 2038//1519
f 2038//1519 2037//1519 2039//1519
f 2038//1520 2039//1520 2040//1520
f 2040//1520 2039//1520 2041//1520
f 2040//1521 2041//1521 2042//1521
f 2042//1521 2041//1521 2043//1521
f 2042//1522 2043//1522 2044//1522
f 2045//1523 2046//1523 2047//1523
f 2048//1524 2045//1524 2049//1524
f 2049//1524 2045//1524 2047//1524
f 2049//1525 2047//1525 2050//1525
f 2051//1526 2048//1526 2052//1526
f 2052//1526 2048//1526 2049//1526
f 2052//1527 2049//1527 2053//1527
f 2053//1527 2049//1527 2050//1527
f 2053//1528 2050//1528 2054//1528
f 2055//1529 2051//1529 2056//1529
f 2056//1529 2051//1529 2052//1529
f 2056//1530 2052//1530 2057//1530
f 2057//1530 2052//1530 2053//1530
f 2057//1531 2053//1531 2058//1531
f 2058//1531 2053//1531 2054//1531
f 2058//1532 2054//1532 2059//1532
f 2060//1533 2055//1533 2061//1533
f 2061//1533 2055//1533 2056//1533
f 2061//1534 2056//1534 2062//1534
f 2062//1534 2056//1534 2057//1534
f 2062//1535 2057//1535 2063//1535
f 2063//1535 2057//1535 2058//1535
f 2063//1536 2058//1536 2064//1536
f 2064//1536 2058//1536 2059//1536
f 2064//1537 2059//1537 2065//1537
f 2066//1538 2060//1538 2067//1538
f 2067//1538 2060//1538 2061//1538
f 2067//1539 2061//1539 2068//1539
f 2068//1539 2061//1539 2062//1539
f 2068//1540 2062//1540 2069//1540
f 2069//1540 2062//1540 2063//1540
f 2069//1541 2063//1541 2070//1541
f 2070//1541 2063//1541 2064//1541
f 2070//1542 2064//1542 2071//1542
f 2071//1542 2064//1542 2065//1542
f 2071//1543 2065//1543 2072//1543
f 2073//1544 2066//1544 2074//1544
f 2074//1544 2066//1544 2067//1544
f 2074//1545 2067//1545 2075//1545
f 2075//1545 2067//1545 2068//1545
f 2075//1546 2068//1546 2076//1546
f 2076//1546 2068//1546 2069//1546
f 2076//1547 2069//1547 2077//1547
f 2077//1547 2069//1547 2070//1547
f 2077//1548 2070//1548 2078//1548
f 2078//1548 2070//1548 2071//1548
f 2078//1549 2071//1549 2079//1549
f 2079//1549 2071//1549 2072//1549
f 2079//1550 2072//1550 2080//1550
f 2081//1551 2073//1551 2082//1551
f 2082//1551 2073//1551 2074//1551
f 2082//1552 2074//1552 2083//1552
f 2083//1552 2074//1552 2075//1552
f 2083//1553 2075//1553 2084//1553
f 2084//1553 2075//1553 2076//1553
f 2084//1554 2076//1554 2085//1554
f 2085//1554 2076//1554 2077//1554
f 2085//1555 2077//1555 2086//1555
f 2086//1555 2077//1555 2078//1555
f 2086//1556 2078//1556 2087//1556
f 2087//1556 2078//1556 2079//1556
f 2087//1557 2079//1557 2088//1557
f 2088//1557 2079//1557 2080//1557
f 2088//1558 2080//1558 2089//1558
f 2090//1559 2081//1559 2091//1559
f 2091//1559 2081//1559 2082//1559
f 2091//1560 2082//1560 2092//1560
f 2092//1560 2082//1560 2083//1560
f 2092//1561 2083//1561 2093//1561
f 2093//1561 2083//1561 2084//1561
f 2093//1562 2084//1562 2094//1562
f 2094//1562 2084//1562 2085//1562
f 2094//1563 2085//1563 2095//1563
f 2095//1563 2085//1563 2086//1563
f 2095//1564 2086//1564 2096//1564
f 2096//1564 2086//1564 2087//1564
f 2096//1565 2087//1565 2097//1565
f 2097//1565 2087//1565 2088//1565
f 2097//1566 2088//1566 2098//1566
f 2098//1566 2088//1566 2089//1566
f 2098//1567 2089//1567 2099//1567
f 2100//1568 2090//1568 2101//1568
f 2101//1568 2090//1568 2091//1568
f 2101//1569 2091//1569 2102//1569
f 2102//1569 2091//1569 2092//1569
f 2102//1570 2092//1570 2103//1570
f 2103//1570 2092//1570 2093//1570
f 2103//1571 2093//1571 2104//1571
f 2104//1571 2093//1571 2094//1571
f 2104//1572 2094//1572 2105//1572
f 2105//1572 2094//1572 2095//1572
f 2105//1573 2095//1573 2106//1573
f 2106//1573 2095//1573 2096//1573
f 2106//1574 2096//1574 2107//1574
f 2107//1574 2096//1574 2097//1574
f 2107//1575 2097//1575 2108//1575
f 2108//1575 2097//1575 2098//1575
f 2108//1576 2098//1576 2109//1576
f 2109//1576 2098//1576 2099//1576
f 2109//1577 2099//1577 2110//1577
f 2111//1578 2100//1578 2112//1578
f 2112//1578 2100//1578 2101//1578
f 2112//1579 2101//1579 2113//1579
f 2113//1579 2101//1579 2102//1579
f 2113//1580 2102//1580 2114//1580
f 2114//1580 2102//1580 2103//1580
f 2114//1581 2103//1581 2115//1581
f 2115//1581 2103//1581 2104//1581
f 2115//1582 2104//1582 2116//1582
f 2116//1582 2104//1582 2105//1582
f 2116//1583 2105//1583 2117//1583
f 2117//1583 2105//1583 2106//1583
f 2117//1584 2106//1584 2118//1584
f 2118//1584 2106//1584 2107//1584
f 2118//1585 2107//1585 2119//1585
f 2119//1585 2107//1585 2108//1585
f 2119//1586 2108//1586 2120//1586
f 2120//1586 2108//1586 2109//1586
f 2120//1587 2109//1587 2121//1587
f 2121//1587 2109//1587 2110//1587
f 2121//1588 2110//1588 2122//1588
f 2123//1589 2111//1589 2124//1589
f 2124//1589 2111//1589 2112//1589
f 2124//1590 2112//1590 2125//1590
f 2125//1590 2112//1590 2113//1590
f 2125//1591 2113//1591 2126//1591
f 2126//1591 2113//1591 2114//1591
f 2126//1592 2114//1592 2127//1592
f 2127//1592 2114//1592 2115//1592
f 2127//1593 2115//1593 2128//1593
f 2128//1593 2115//1593 2116//1593
f 2128//1594 2116//1594 2129//1594
f 2129//1594 2116//1594 2117//1594
f 2129//1595 2117//1595 2130//1595
f 2130//1595 2117//1595 2118//1595
f 2130//1596 2118//1596 2131//1596
f 2131//1596 2118//1596 2119//1596
f 2131//1597 2119//1597 2132//1597
f 2132//1597 2119//1597 2120//1597
f 2132//1598 2120//1598 2133//1598
f 2133//1598 2120//1598 2121//1598
f 2133//1599 2121//1599 2134//1599
f 2134//1599 2121//1599 2122//1599
f 2134//1600 2122//1600 2135//1600
f 2136//1601 2123//1601 2137//1601
f 2137//1601 2123//1601 2124//1601
f 2137//1602 2124//1602 2138//1602
f 2138//1602 2124//1602 2125//1602
f 2138//1603 2125//1603 2139//1603
f 2139//1603 2125//1603 2126//1603
f 2139//1604 2126//1604 2140//1604
f 2140//1604 2126//1604 2127//1604
f 2140//1605 2127//1605 2141//1605
f 2141//1605 2127//1605 2128//1605
f 2141//1606 2128//1606 2142//1606
f 2142//1606 2128//1606 2129//1606
f 2142//1607 2129//1607 2143//1607
f 2143//1607 2129//1607 2130//1607
f 2143//1608 2130//1608 2144//1608
f 2144//1608 2130//1608 2131//1608
f 2144//1609 2131//1609 2145//1609
f 2145//1609 2131//1609 2132//1609
f 2145//1610 2132//1610 2146//1610
f 2146//1610 2132//1610 2133//1610
f 2146//1611 2133//1611 2147//1611
f 2147//1611 2133//1611 2134//1611
f 2147//1612 2134//1612 2148//1612
f 2148//1612 2134//1612 2135//1612
f 2148//1613 2135//1613 2149//1613
f 2150//1614 2136//1614 2151//1614
f 2151//1614 2136//1614 2137//1614
f 2151//1615 2137//1615 2152//1615
f 2152//1615 2137//1615 2138//1615
f 2152//1616 2138//1616 2153//1616
f 2153//1616 2138//1616 2139//1616
f 2153//1617 2139//1617 2154//1617
f 2154//1617 2139//1617 2140//1617
f 2154//1618 2140//1618 2155//1618
f 2155//1618 2140//1618 2141//1618
f 2155//1619 2141//1619 2156//1619
f 2156//1619 2141//1619 2142//1619
f 2156//1620 2142//1620 2157//1620
f 2157//1620 2142//1620 2143//1620
f 2157//1621 2143//1621 2158//1621
f 2158//1621 2143//1621 2144//1621
f 2158//1622 2144//1622 2159//1622
f 2159//1622 2144//1622 2145//1622
f 2159//1623 2145//1623 2160//1623
f 2160//1623 2145//1623 2146//1623
f 2160//1624 2146//1624 2161//1624
f 2161//1624 2146//1624 2147//1624
f 2161//1625 2147//1625 2162//1625
f 2162//1625 2147//1625 2148//1625
f 2162//1626 2148//1626 2163//1626
f 2163//1626 2148//1626 2149//1626
f 2163//1627 2149//1627 2164//1627
f 2165//1628 2151//1628 2152//1628
f 2166//1629 2167//1629 2168//1629
f 2168//1630 2167//1630 2169//1630
f 2168//1631 2169//1631 2170//1631
f 2170//1632 2169//1632 2171//1632
f 2170//1633 2171//1633 2172//1633
f 2172//1634 2171//1634 2173//1634
f 2172//1635 2173//1635 2174//1635
f 2174//1636 2173//1636 2175//1636
f 2174//1637 2175//1637 2176//1637
f 2176//1638 2175//1638 2177//1638
f 2176//1639 2177//1639 2178//1639
f 2178//1640 2177//1640 2179//1640
f 2178//1641 2179//1641 2180//1641
f 2180//1642 2179//1642 2181//1642
f 2180//1643 2181//1643 2182//1643
f 2182//1644 2181//1644 2183//1644
f 2182//1645 2183//1645 2184//1645
f 2184//1646 2183//1646 2185//1646
f 2184//1647 2185//1647 2186//1647
f 2186//1648 2185//1648 2187//1648
f 2186//1649 2187//1649 2188//1649
f 2188//1650 2187//1650 2189//1650
f 2188//1651 2189//1651 2190//1651
f 2190//1652 2189//1652 2191//1652
f 2190//1653 2191//1653 2192//1653
f 2192//1654 2191//1654 2193//1654
f 2192//1655 2193//1655 2194//1655
f 2194//1656 2193//1656 2195//1656
f 2194//1657 2195//1657 2196//1657
f 2196//1658 2195//1658 2197//1658
f 2196//1659 2197//1659 2198//1659
f 2198//1660 2197//1660 2199//1660
f 2200//1661 2201//1661 2202//1661
f 2200//1662 2202//1662 2203//1662
f 2203//1662 2202//1662 2204//1662
f 2203//1663 2204//1663 2205//1663
f 2205//1663 2204//1663 2206//1663
f 2205//1664 2206//1664 2207//1664
f 2207//1664 2206//1664 2208//1664
f 2207//1665 2208//1665 2209//1665
f 2210//1666 2211//1666 2212//1666
f 2212//1667 2211//1667 2213//1667
f 2212//1668 2213//1668 2214//1668
f 2214//1669 2213//1669 2215//1669
f 2214//1670 2215//1670 2216//1670
f 2216//1671 2215//1671 2217//1671
f 2216//1672 2217//1672 2218//1672
f 2218//1673 2217//1673 2219//1673
f 2218//1674 2219//1674 2220//1674
f 2220//1675 2219//1675 2221//1675
f 2220//1676 2221//1676 2222//1676
f 2222//1677 2221//1677 2223//1677
f 2222//1678 2223//1678 2224//1678
f 2224//1679 2223//1679 2225//1679
f 2224//1680 2225//1680 2226//1680
f 2226//1681 2225//1681 2227//1681
f 2226//1682 2227//1682 2228//1682
f 2228//1683 2227//1683 2229//1683
f 2228//1684 2229//1684 2230//1684
f 2230//1685 2229//1685 2231//1685
f 2230//1686 2231//1686 2232//1686
f 2232//1687 2231//1687 2233//1687
f 2232//1688 2233//1688 2234//1688
f 2234//1689 2233//1689 2235//1689
f 2234//1690 2235//1690 2236//1690
f 2236//1691 2235//1691 2237//1691
f 2236//1692 2237//1692 2238//1692
f 2238//1693 2237//1693 2239//1693
f 2238//1694 2239//1694 2240//1694
f 2240//1695 2239//1695 2241//1695
f 2240//1696 2241//1696 2242//1696
f 2242//1697 2241//1697 2243//1697
f 2242//1698 2243//1698 2244//1698
f 2244//1699 2243//1699 2245//1699
f 2244//1700 2245//1700 2246//1700
f 2246//1701 2245//1701 2247//1701
f 2246//1702 2247//1702 2248//1702
f 2248//1703 2247//1703 2249//1703
f 2248//1704 2249//1704 2250//1704
f 2250//1705 2249//1705 2251//1705
f 2250//1706 2251//1706 2252//1706
f 2252//1707 2251//1707 2253//1707
f 2252//1708 2253//1708 2254//1708
f 2254//1709 2253//1709 2255//1709
f 2256//1710 2257//1710 2258//1710
f 2258//1710 2257//1710 2259//1710
f 2258//1711 2259//1711 2260//1711
f 2259//1712 2257//1712 2261//1712
f 2261//1713 2257//1713 2262//1713
f 2261//1714 2262//1714 2263//1714
f 2263//1715 2262//1715 2264//1715
f 2263//1716 2264//1716 2265//1716
f 2265//1717 2264//1717 2266//1717
f 2265//1718 2266//1718 2267//1718
f 2267//1719 2266//1719 2268//1719
f 2267//1720 2268//1720 2269//1720
f 2269//1721 2268//1721 2270//1721
f 2269//1722 2270//1722 2271//1722
f 2271//1723 2270//1723 2272//1723
f 2271//1724 2272//1724 2273//1724
f 2273//1725 2272//1725 2274//1725
f 2273//1726 2274//1726 2275//1726
f 2275//1727 2274//1727 2276//1727
f 2275//1728 2276//1728 2277//1728
f 2277//1729 2276//1729 2278//1729
f 2277//1730 2278//1730 2279//1730
f 2279//1731 2278//1731 2280//1731
f 2279//1732 2280//1732 2281//1732
f 2281//1733 2280//1733 2282//1733
f 2281//1734 2282//1734 2283//1734
f 2283//1735 2282//1735 2284//1735
f 2283//1736 2284//1736 2285//1736
f 2285//1737 2284//1737 2286//1737
f 2285//1738 2286//1738 2287//1738
f 2287//1739 2286//1739 2288//1739
f 2289//1740 2290//1740 2291//1740
f 2291//1740 2290//1740 2292//1740
f 2291//1741 2292//1741 2293//1741
f 2293//1741 2292//1741 2294//1741
f 2293//1742 2294//1742 2295//1742
f 2296//1743 2297//1743 2298//1743
f 2298//1744 2297//1744 2299//1744
f 2298//1745 2299//1745 2300//1745
f 2300//1746 2299//1746 2301//1746
f 2300//1747 2301//1747 2302//1747
f 2302//1748 2301//1748 2303//1748
f 2302//1749 2303//1749 2304//1749
f 2304//1750 2303//1750 2305//1750
f 2304//1751 2305//1751 2306//1751
f 2306//1752 2305//1752 2307//1752
f 2306//1753 2307//1753 2308//1753
f 2308//1754 2307//1754 2309//1754
f 2308//1755 2309//1755 2310//1755
f 2310//1756 2309//1756 2311//1756
f 2310//1757 2311//1757 2312//1757
f 2312//1758 2311//1758 2313//1758
f 2312//1759 2313//1759 2314//1759
f 2314//1760 2313//1760 2315//1760
f 2314//1761 2315//1761 2316//1761
f 2316//1762 2315//1762 2317//1762
f 2316//1763 2317//1763 2318//1763
f 2318//1764 2317//1764 2319//1764
f 2318//1765 2319//1765 2320//1765
f 2320//1766 2319//1766 2321//1766
f 2320//1767 2321//1767 2322//1767
f 2322//1768 2321//1768 2323//1768
f 2322//1769 2323//1769 2324//1769
f 2324//1770 2323//1770 2325//1770
f 2324//1771 2325//1771 2326//1771
f 2326//1772 2325//1772 2327//1772
f 2326//1773 2327//1773 2328//1773
f 2328//1774 2327//1774 2329//1774
f 2328//1775 2329//1775 2330//1775
f 2330//1776 2329//1776 2331//1776
f 2330//1777 2331//1777 2332//1777
f 2332//1778 2331//1778 2333//1778
f 2332//1779 2333//1779 2334//1779
f 2334//1780 2333//1780 2335//1780
f 2334//1781 2335//1781 2336//1781
f 2336//1782 2335//1782 2337//1782
f 2336//1783 2337//1783 2338//1783
f 2338//1784 2337//1784 2339//1784
f 2338//1785 2339//1785 2340//1785
f 2340//1786 2339//1786 2341//1786
f 2342//1787 2343//1787 2344//1787
f 2344//1788 2343//1788 2345//1788
f 2344//1789 2345//1789 2346//1789
f 2346//1790 2345//1790 2347//1790
f 2346//1791 2347//1791 2348//1791
f 2348//1792 2347//1792 2349//1792
f 2348//1793 2349//1793 2350//1793
f 2350//1794 2349//1794 2351//1794
f 2350//1795 2351//1795 2352//1795
f 2352//1796 2351//1796 2353//1796
f 2352//1797 2353//1797 2354//1797
f 2354//1798 2353//1798 2355//1798
f 2354//1799 2355//1799 2356//1799
f 2356//1800 2355//1800 2357//1800
f 2356//1801 2357//1801 2358//1801
f 2358//1802 2357//1802 2359//1802
f 2358//1803 2359//1803 2360//1803
f 2360//1804 2359//1804 2361//1804
f 2360//1805 2361//1805 2362//1805
f 2362//1806 2361//1806 2363//1806
f 2362//1807 2363//1807 2364//1807
f 2364//1808 2363//1808 2365//1808
f 2364//1809 2365//1809 2366//1809
f 2366//1810 2365//1810 2367//1810
f 2366//1811 2367//1811 2368//1811
f 2368//1812 2367//1812 2369//1812
f 2368//1813 2369//1813 2370//1813
f 2370//1814 2369//1814 2371//1814
f 2345//1815 2372//1815 2373//1815
f 2374//1816 2375//1816 2376//1816
f 2376//1817 2375//1817 2377//1817
f 2376//1818 2377//1818 2378//1818
f 2378//1819 2377//1819 2379//1819
f 2378//1820 2379//1820 2380//1820
f 2380//1821 2379//1821 2381//1821
f 2380//1822 2381//1822 2382//1822
f 2382//1823 2381//1823 2383//1823
f 2382//1824 2383//1824 2384//1824
f 2384//1825 2383//1825 2385//1825
f 2384//1826 2385//1826 2386//1826
f 2386//1827 2385//1827 2387//1827
f 2386//1828 2387//1828 2388//1828
f 2388//1829 2387//1829 2389//1829
f 2388//1830 2389//1830 2390//1830
f 2390//1831 2389//1831 2391//1831
f 2390//1832 2391//1832 2392//1832
f 2392//1833 2391//1833 2393//1833
f 2392//1834 2393//1834 2394//1834
f 2394//1835 2393//1835 2395//1835
f 2394//1836 2395//1836 2396//1836
f 2396//1837 2395//1837 2397//1837
f 2396//1838 2397//1838 2398//1838
f 2398//1839 2397//1839 2399//1839
f 2398//1840 2399//1840 2400//1840
f 2400//1841 2399//1841 2401//1841
f 2400//1842 2401//1842 2402//1842
f 2402//1843 2401//1843 2403//1843
f 2402//1844 2403//1844 2404//1844
f 2404//1845 2403//1845 2405//1845
f 2404//1846 2405//1846 2406//1846
f 2406//1847 2405//1847 2407//1847
f 2406//1848 2407//1848 2408//1848
f 2408//1849 2407//1849 2409//1849
f 2408//1850 2409//1850 2410//1850
f 2410//1851 2409//1851 2411//1851
f 2410//1852 2411//1852 2412//1852
f 2412//1853 2411//1853 2413//1853
f 2412//1854 2413//1854 2414//1854
f 2414//1855 2413//1855 2415//1855
f 2414//1856 2415//1856 2416//1856
f 2416//1857 2415//1857 2417//1857
f 2416//1858 2417//1858 2418//1858
f 2418//1859 2417//1859 2419//1859
f 2420//1860 2421//1860 2422//1860
f 2422//1860 2421//1860 2423//1860
f 2422//1861 2423//1861 2424//1861
f 2425//1862 2426//1862 2427//1862
f 2427//1863 2426//1863 2428//1863
f 2429//1864 2428//1864 2430//1864
f 2430//1865 2428//1865 2426//1865
f 2424//1866 2431//1866 2422//1866
f 2422//1866 2431//1866 2432//1866
f 2422//1867 2432//1867 2420//1867
f 2432//1868 2431//1868 2433//1868
f 2433//1869 2431//1869 2434//1869
f 2433//1870 2434//1870 2435//1870
f 2435//1871 2434//1871 2436//1871
f 2435//1872 2436//1872 2437//1872
f 2437//1873 2436//1873 2438//1873
f 2437//1874 2438//1874 2439//1874
f 2439//1875 2438//1875 2440//1875
f 2439//1876 2440//1876 2441//1876
f 2441//1877 2440//1877 2442//1877
f 2441//1878 2442//1878 2443//1878
f 2443//1879 2442//1879 2444//1879
f 2443//1880 2444//1880 2445//1880
f 2445//1881 2444//1881 2446//1881
f 2445//1882 2446//1882 2447//1882
f 2447//1883 2446//1883 2448//1883
f 2447//1884 2448//1884 2449//1884
f 2449//1885 2448//1885 2450//1885
f 2449//1886 2450//1886 2451//1886
f 2451//1887 2450//1887 2452//1887
f 2451//1888 2452//1888 2453//1888
f 2453//1889 2452//1889 2454//1889
f 2453//1890 2454//1890 2455//1890
f 2455//1891 2454//1891 2456//1891
f 2455//1892 2456//1892 2457//1892
f 2434//1893 2431//1893 2458//1893
f 2458//1894 2459//1894 2460//1894
f 2461//1895 2462//1895 2463//1895
f 2464//1896 2465//1896 2466//1896
f 2466//1897 2465//1897 2467//1897
f 2468//1898 2469//1898 2470//1898
f 2470//1899 2469//1899 2458//1899
f 2471//1900 2464//1900 2472//1900
f 2472//1901 2464//1901 2466//1901
f 2473//1902 2468//1902 2474//1902
f 2474//1903 2468//1903 2470//1903
f 2475//1904 2476//1904 2477//1904
f 2477//1905 2476//1905 2478//1905
f 2477//1906 2478//1906 2479//1906
f 2479//1907 2478//1907 2480//1907
f 2479//1908 2480//1908 2481//1908
f 2481//1909 2480//1909 2482//1909
f 2481//1910 2482//1910 2483//1910
f 2483//1911 2482//1911 2484//1911
f 2483//1912 2484//1912 2485//1912
f 2485//1913 2484//1913 2486//1913
f 2485//1914 2486//1914 2487//1914
f 2487//1915 2486//1915 2488//1915
f 2487//1916 2488//1916 2489//1916
f 2489//1917 2488//1917 2490//1917
f 2489//1918 2490//1918 2491//1918
f 2491//1919 2490//1919 2492//1919
f 2491//1920 2492//1920 2493//1920
f 2493//1921 2492//1921 2494//1921
f 2471//1922 2472//1922 2495//1922
f 2471//1923 2495//1923 2496//1923
f 2496//1924 2495//1924 2497//1924
f 2496//1925 2497//1925 2498//1925
f 2498//1926 2497//1926 2499//1926
f 2498//1927 2499//1927 2500//1927
f 2500//1928 2499//1928 2501//1928
f 2500//1929 2501//1929 2502//1929
f 2502//1930 2501//1930 2503//1930
f 2502//1931 2503//1931 2504//1931
f 2504//1932 2503//1932 2505//1932
f 2504//1933 2505//1933 2506//1933
f 2506//1934 2505//1934 2507//1934
f 2506//1935 2507//1935 2508//1935
f 2508//1936 2507//1936 2509//1936
f 2508//1937 2509//1937 2510//1937
f 2510//1938 2509//1938 2511//1938
f 2510//1939 2511//1939 2512//1939
f 2512//1940 2511//1940 2513//1940
f 2512//1941 2513//1941 2514//1941
f 2514//1942 2513//1942 2515//1942
f 2514//1943 2515//1943 2516//1943
f 2516//1944 2515//1944 2517//1944
f 2516//1945 2517//1945 2518//1945
f 2518//1946 2517//1946 2519//1946
f 2518//1947 2519//1947 2520//1947
f 2520//1948 2519//1948 2521//1948
f 2520//1949 2521//1949 2522//1949
f 2522//1950 2521//1950 2523//1950
f 2522//1951 2523//1951 2524//1951
f 2524//1952 2523//1952 2525//1952
f 2524//1953 2525//1953 2526//1953
f 2526//1954 2525//1954 2527//1954
f 2526//1955 2527//1955 2528//1955
f 2528//1956 2527//1956 2529//1956
f 2530//1957 2531//1957 2532//1957
f 2530//1958 2532//1958 2533//1958
f 2533//1959 2532//1959 2534//1959
f 2533//1960 2534//1960 2535//1960
f 2535//1961 2534//1961 2536//1961
f 2535//1962 2536//1962 2537//1962
f 2537//1963 2536//1963 2538//1963
f 2537//1964 2538//1964 2539//1964
f 2539//1965 2538//1965 2540//1965
f 2539//1966 2540//1966 2541//1966
f 2541//1967 2540//1967 2542//1967
f 2541//1968 2542//1968 2543//1968
f 2543//1969 2542//1969 2544//1969
f 2543//1970 2544//1970 2545//1970
f 2545//1971 2544//1971 2546//1971
f 2545//1972 2546//1972 2547//1972
f 2547//1973 2546//1973 2548//1973
f 2547//1974 2548//1974 2549//1974
f 2549//1975 2548//1975 2550//1975
f 2551//1976 2552//1976 2553//1976
f 2553//1977 2552//1977 2554//1977
f 2553//1978 2554//1978 2555//1978
f 2555//1979 2554//1979 2556//1979
f 2555//1980 2556//1980 2557//1980
f 2557//1981 2556//1981 2558//1981
f 2557//1982 2558//1982 2559//1982
f 2559//1983 2558//1983 2560//1983
f 2559//1984 2560//1984 2561//1984
f 2561//1985 2560//1985 2562//1985
f 2561//1986 2562//1986 2563//1986
f 2563//1987 2562//1987 2564//1987
f 2563//1988 2564//1988 2565//1988
f 2565//1989 2564//1989 2566//1989
f 2565//1990 2566//1990 2567//1990
f 2567//1991 2566//1991 2568//1991
f 2567//1992 2568//1992 2569//1992
f 2569//1993 2568//1993 2570//1993
f 2552//1994 2571//1994 2554//1994
f 2554//1995 2571//1995 2572//1995
f 2554//1996 2572//1996 2556//1996
f 2556//1997 2572//1997 2573//1997
f 2556//1998 2573//1998 2558//1998
f 2558//1999 2573//1999 2574//1999
f 2558//2000 2574//2000 2560//2000
f 2560//2001 2574//2001 2575//2001
f 2560//2002 2575//2002 2562//2002
f 2562//2003 2575//2003 2576//2003
f 2562//2004 2576//2004 2564//2004
f 2564//2005 2576//2005 2577//2005
f 2564//2006 2577//2006 2566//2006
f 2566//2007 2577//2007 2578//2007
f 2566//2008 2578//2008 2568//2008
f 2568//2009 2578//2009 2579//2009
f 2568//2010 2579//2010 2570//2010
f 2570//2011 2579//2011 2580//2011
f 2571//2012 2581//2012 2572//2012
f 2572//2013 2581//2013 2582//2013
f 2572//2014 2582//2014 2573//2014
f 2573//2015 2582//2015 2583//2015
f 2573//2016 2583//2016 2574//2016
f 2574//2017 2583//2017 2584//2017
f 2574//2018 2584//2018 2575//2018
f 2575//2019 2584//2019 2585//2019
f 2575//2020 2585//2020 2576//2020
f 2576//2021 2585//2021 2586//2021
f 2576//2022 2586//2022 2577//2022
f 2577//2023 2586//2023 2587//2023
f 2577//2024 2587//2024 2578//2024
f 2578//2025 2587//2025 2588//2025
f 2578//2026 2588//2026 2579//2026
f 2579//2027 2588//2027 2589//2027
f 2579//2028 2589//2028 2580//2028
f 2590//2029 2591//2029 2592//2029
f 2592//2029 2591//2029 2593//2029
f 2592//2030 2593//2030 2594//2030
f 2593//2031 2591//2031 2595//2031
f 2595//2032 2591//2032 2596//2032
f 2595//2033 2596//2033 2597//2033
f 2597//2034 2596//2034 2598//2034
f 2597//2035 2598//2035 2599//2035
f 2591//2036 2590//2036 2600//2036
f 2600//2036 2590//2036 2601//2036
f 2600//2037 2601//2037 2602//2037
f 2602//2037 2601//2037 2603//2037
f 2604//2038 2605//2038 2606//2038
f 2591//2032 2600//2032 2596//2032
f 2596//2039 2600//2039 2607//2039
f 2596//2034 2607//2034 2598//2034
f 2607//2039 2600//2039 2602//2039
f 2604//2040 2606//2040 2608//2040
f 2608//2040 2606//2040 2609//2040
f 2608//2041 2609//2041 2610//2041
f 2604//2042 2608//2042 2611//2042
f 2611//2043 2608//2043 2612//2043
f 2611//2044 2612//2044 2613//2044
f 2613//2045 2612//2045 2614//2045
f 2613//2046 2614//2046 2615//2046
f 2615//2047 2614//2047 2616//2047
f 2615//2048 2616//2048 2617//2048
f 2617//2049 2616//2049 2618//2049
f 2617//2050 2618//2050 2619//2050
f 2612//2043 2608//2043 2610//2043
f 2620//2051 2621//2051 2622//2051
f 2622//2051 2621//2051 2623//2051
f 2622//2052 2623//2052 2624//2052
f 2624//2053 2623//2053 2625//2053
f 2621//2054 2626//2054 2623//2054
f 2623//2054 2626//2054 2627//2054
f 2623//2055 2627//2055 2625//2055
f 2625//2056 2627//2056 2628//2056
f 2621//2057 2620//2057 2629//2057
f 2629//2057 2620//2057 2630//2057
f 2629//2058 2630//2058 2631//2058
f 2631//2058 2630//2058 2632//2058
f 2631//2059 2632//2059 2633//2059
f 2633//2059 2632//2059 2634//2059
f 2633//2060 2634//2060 2635//2060
f 2626//2061 2636//2061 2627//2061
f 2627//2061 2636//2061 2637//2061
f 2627//2062 2637//2062 2628//2062
f 2628//2063 2637//2063 2638//2063
f 2626//2064 2621//2064 2639//2064
f 2639//2064 2621//2064 2629//2064
f 2639//2065 2629//2065 2640//2065
f 2640//2065 2629//2065 2631//2065
f 2640//2066 2631//2066 2641//2066
f 2641//2066 2631//2066 2633//2066
f 2641//2067 2633//2067 2642//2067
f 2642//2067 2633//2067 2635//2067
f 2642//2068 2635//2068 2643//2068
f 2636//2069 2644//2069 2637//2069
f 2637//2069 2644//2069 2645//2069
f 2637//2070 2645//2070 2638//2070
f 2636//2071 2626//2071 2646//2071
f 2646//2071 2626//2071 2639//2071
f 2646//2072 2639//2072 2647//2072
f 2647//2072 2639//2072 2640//2072
f 2647//2073 2640//2073 2648//2073
f 2648//2073 2640//2073 2641//2073
f 2648//2074 2641//2074 2649//2074
f 2649//2074 2641//2074 2642//2074
f 2649//2075 2642//2075 2650//2075
f 2650//2075 2642//2075 2643//2075
f 2650//2076 2643//2076 2651//2076
f 2645//2077 2644//2077 2652//2077
f 2652//2078 2644//2078 2653//2078
f 2652//2079 2653//2079 2654//2079
f 2654//2080 2653//2080 2655//2080
f 2644//2081 2636//2081 2656//2081
f 2656//2081 2636//2081 2646//2081
f 2656//2082 2646//2082 2657//2082
f 2657//2082 2646//2082 2647//2082
f 2657//2083 2647//2083 2658//2083
f 2658//2083 2647//2083 2648//2083
f 2658//2084 2648//2084 2659//2084
f 2659//2084 2648//2084 2649//2084
f 2659//2085 2649//2085 2660//2085
f 2660//2085 2649//2085 2650//2085
f 2660//2086 2650//2086 2661//2086
f 2661//2086 2650//2086 2651//2086
f 2661//2087 2651//2087 2662//2087
f 2663//2088 2664//2088 2665//2088
f 2644//2078 2656//2078 2653//2078
f 2653//2089 2656//2089 2666//2089
f 2653//2080 2666//2080 2655//2080
f 2655//2090 2666//2090 2667//2090
f 2655//2091 2667//2091 2668//2091
f 2668//2092 2667//2092 2669//2092
f 2668//2093 2669//2093 2670//2093
f 2670//2094 2669//2094 2671//2094
f 2670//2095 2671//2095 2672//2095
f 2672//2096 2671//2096 2673//2096
f 2672//2097 2673//2097 2674//2097
f 2674//2098 2673//2098 2675//2098
f 2674//2099 2675//2099 2676//2099
f 2676//2100 2675//2100 2677//2100
f 2676//2101 2677//2101 2678//2101
f 2678//2102 2677//2102 2679//2102
f 2678//2103 2679//2103 2680//2103
f 2680//2104 2679//2104 2681//2104
f 2680//2105 2681//2105 2682//2105
f 2682//2106 2681//2106 2683//2106
f 2682//2107 2683//2107 2684//2107
f 2684//2108 2683//2108 2685//2108
f 2684//2109 2685//2109 2686//2109
f 2686//2110 2685//2110 2687//2110
f 2686//2111 2687//2111 2688//2111
f 2688//2112 2687//2112 2689//2112
f 2688//2113 2689//2113 2690//2113
f 2666//2114 2691//2114 2692//2114
f 2666//2115 2692//2115 2693//2115
f 2693//2115 2692//2115 2694//2115
f 2693//2116 2694//2116 2695//2116
f 2695//2116 2694//2116 2696//2116
f 2695//2117 2696//2117 2697//2117
f 2697//2117 2696//2117 2698//2117
f 2697//2118 2698//2118 2699//2118
f 2699//2118 2698//2118 2700//2118
f 2699//2119 2700//2119 2701//2119
f 2701//2119 2700//2119 2702//2119
f 2701//2120 2702//2120 2703//2120
f 2704//2121 2705//2121 2706//2121
f 2695//2122 2707//2122 2693//2122
f 2693//2122 2707//2122 2708//2122
f 2693//2123 2708//2123 2709//2123
f 2708//2124 2707//2124 2710//2124
f 2710//2125 2707//2125 2711//2125
f 2710//2126 2711//2126 2712//2126
f 2712//2127 2711//2127 2713//2127
f 2712//2128 2713//2128 2714//2128
f 2714//2129 2713//2129 2715//2129
f 2714//2130 2715//2130 2716//2130
f 2716//2131 2715//2131 2717//2131
f 2716//2132 2717//2132 2718//2132
f 2718//2133 2717//2133 2719//2133
f 2718//2134 2719//2134 2720//2134
f 2720//2135 2719//2135 2721//2135
f 2720//2136 2721//2136 2722//2136
f 2722//2137 2721//2137 2723//2137
f 2722//2138 2723//2138 2724//2138
f 2724//2139 2723//2139 2725//2139
f 2724//2140 2725//2140 2726//2140
f 2726//2141 2725//2141 2727//2141
f 2726//2142 2727//2142 2728//2142
f 2728//2143 2727//2143 2729//2143
f 2728//2144 2729//2144 2730//2144
f 2707//2145 2731//2145 2732//2145
f 2732//2145 2731//2145 2733//2145
f 2732//2146 2733//2146 2734//2146
f 2734//2146 2733//2146 2735//2146
f 2734//2147 2735//2147 2736//2147
f 2736//2147 2735//2147 2737//2147
f 2736//2148 2737//2148 2738//2148
f 2738//2148 2737//2148 2739//2148
f 2738//2149 2739//2149 2740//2149
f 2741//2150 2742//2150 2743//2150
f 2743//2150 2742//2150 2744//2150
f 2743//2151 2744//2151 2745//2151
f 2746//2152 2741//2152 2747//2152
f 2747//2152 2741//2152 2743//2152
f 2747//2153 2743//2153 2748//2153
f 2748//2153 2743//2153 2745//2153
f 2748//2154 2745//2154 2749//2154
f 2750//2155 2746//2155 2751//2155
f 2751//2155 2746//2155 2747//2155
f 2751//2156 2747//2156 2752//2156
f 2752//2156 2747//2156 2748//2156
f 2752//2157 2748//2157 2753//2157
f 2753//2157 2748//2157 2749//2157
f 2753//2158 2749//2158 2754//2158
f 2755//2159 2750//2159 2756//2159
f 2756//2159 2750//2159 2751//2159
f 2756//2160 2751//2160 2757//2160
f 2757//2160 2751//2160 2752//2160
f 2757//2161 2752//2161 2758//2161
f 2758//2161 2752//2161 2753//2161
f 2758//2162 2753//2162 2759//2162
f 2759//2162 2753//2162 2754//2162
f 2759//2163 2754//2163 2760//2163
f 2761//2164 2755//2164 2762//2164
f 2762//2164 2755//2164 2756//2164
f 2762//2165 2756//2165 2763//2165
f 2763//2165 2756//2165 2757//2165
f 2763//2166 2757//2166 2764//2166
f 2764//2166 2757//2166 2758//2166
f 2764//2167 2758//2167 2765//2167
f 2765//2167 2758//2167 2759//2167
f 2765//2168 2759//2168 2766//2168
f 2766//2168 2759//2168 2760//2168
f 2766//2169 2760//2169 2767//2169
f 2768//2170 2761//2170 2769//2170
f 2769//2170 2761//2170 2762//2170
f 2769//2171 2762//2171 2770//2171
f 2770//2171 2762//2171 2763//2171
f 2770//2172 2763//2172 2771//2172
f 2771//2172 2763//2172 2764//2172
f 2771//2173 2764//2173 2772//2173
f 2772//2173 2764//2173 2765//2173
f 2772//2174 2765//2174 2773//2174
f 2773//2174 2765//2174 2766//2174
f 2773//2175 2766//2175 2774//2175
f 2774//2175 2766//2175 2767//2175
f 2774//2176 2767//2176 2775//2176
f 2776//2177 2768//2177 2777//2177
f 2777//2177 2768//2177 2769//2177
f 2777//2178 2769//2178 2778//2178
f 2778//2178 2769//2178 2770//2178
f 2778//2179 2770//2179 2779//2179
f 2779//2179 2770//2179 2771//2179
f 2779//2180 2771//2180 2780//2180
f 2780//2180 2771//2180 2772//2180
f 2780//2181 2772//2181 2781//2181
f 2781//2181 2772//2181 2773//2181
f 2781//2182 2773//2182 2782//2182
f 2782//2182 2773//2182 2774//2182
f 2782//2183 2774//2183 2783//2183
f 2783//2183 2774//2183 2775//2183
f 2783//2184 2775//2184 2784//2184
f 2785//2185 2776//2185 2786//2185
f 2786//2185 2776//2185 2777//2185
f 2786//2186 2777//2186 2787//2186
f 2787//2186 2777//2186 2778//2186
f 2787//2187 2778//2187 2788//2187
f 2788//2187 2778//2187 2779//2187
f 2788//2188 2779//2188 2789//2188
f 2789//2188 2779//2188 2780//2188
f 2789//2189 2780//2189 2790//2189
f 2790//2189 2780//2189 2781//2189
f 2790//2190 2781//2190 2791//2190
f 2791//2190 2781//2190 2782//2190
f 2791//2191 2782//2191 2792//2191
f 2792//2191 2782//2191 2783//2191
f 2792//2192 2783//2192 2793//2192
f 2793//2192 2783//2192 2784//2192
f 2793//2193 2784//2193 2794//2193
f 2785//2194 2786//2194 2795//2194
f 2795//2195 2786//2195 2796//2195
f 2795//2196 2796//2196 2797//2196
f 2797//2197 2796//2197 2798//2197
f 2797//2198 2798//2198 2799//2198
f 2799//2199 2798//2199 2800//2199
f 2799//2200 2800//2200 2801//2200
f 2801//2201 2800//2201 2802//2201
f 2801//2202 2802//2202 2803//2202
f 2803//2203 2802//2203 2804//2203
f 2796//2195 2786//2195 2787//2195
f 2805//2204 2806//2204 2807//2204
f 2807//2205 2806//2205 2808//2205
f 2807//2206 2808//2206 2809//2206
f 2809//2207 2808//2207 2810//2207
f 2809//2208 2810//2208 2811//2208
f 2811//2209 2810//2209 2812//2209
f 2811//2210 2812//2210 2813//2210
f 2813//2211 2812//2211 2814//2211
f 2813//2212 2814//2212 2815//2212
f 2815//2213 2814//2213 2816//2213
f 2815//2214 2816//2214 2817//2214
f 2817//2215 2816//2215 2818//2215
f 2817//2216 2818//2216 2819//2216
f 2819//2217 2818//2217 2820//2217
f 2819//2218 2820//2218 2821//2218
f 2821//2219 2820//2219 2822//2219
f 2821//2220 2822//2220 2823//2220
f 2823//2221 2822//2221 2824//2221
f 2823//2222 2824//2222 2825//2222
f 2808//2223 2806//2223 2826//2223
f 2827//2224 2828//2224 2829//2224
f 2829//2224 2828//2224 2830//2224
f 2829//2225 2830//2225 2831//2225
f 2831//2225 2830//2225 2832//2225
f 2831//2226 2832//2226 2833//2226
f 2833//2226 2832//2226 2834//2226
f 2833//2227 2834//2227 2835//2227
f 2835//2227 2834//2227 2836//2227
f 2835//2228 2836//2228 2837//2228
f 2837//2228 2836//2228 2838//2228
f 2837//2229 2838//2229 2839//2229
f 2839//2229 2838//2229 2840//2229
f 2839//2230 2840//2230 2841//2230
f 2841//2230 2840//2230 2842//2230
f 2841//2231 2842//2231 2843//2231
f 2844//2232 2826//2232 2845//2232
f 2845//2232 2826//2232 2846//2232
f 2845//2233 2846//2233 2847//2233
f 2847//2233 2846//2233 2848//2233
f 2847//2234 2848//2234 2849//2234
f 2849//2234 2848//2234 2850//2234
f 2849//2235 2850//2235 2851//2235
f 2827//2236 2829//2236 2852//2236
f 2852//2237 2829//2237 2853//2237
f 2852//2238 2853//2238 2854//2238
f 2854//2239 2853//2239 2855//2239
f 2854//2240 2855//2240 2856//2240
f 2856//2241 2855//2241 2857//2241
f 2856//2242 2857//2242 2858//2242
f 2858//2243 2857//2243 2859//2243
f 2853//2237 2860//2237 2861//2237
f 2862//2244 2863//2244 2864//2244
f 2864//2245 2863//2245 2865//2245
f 2864//2246 2865//2246 2866//2246
f 2866//2247 2865//2247 2867//2247
f 2866//2248 2867//2248 2868//2248
f 2868//2249 2867//2249 2869//2249
f 2868//2250 2869//2250 2870//2250
f 2870//2251 2869//2251 2871//2251
f 2870//2252 2871//2252 2872//2252
f 2872//2253 2871//2253 2873//2253
f 2872//2254 2873//2254 2874//2254
f 2874//2255 2873//2255 2875//2255
f 2874//2256 2875//2256 2876//2256
f 2877//2257 2878//2257 2879//2257
f 2879//2257 2878//2257 2880//2257
f 2879//2258 2880//2258 2881//2258
f 2880//2259 2878//2259 2882//2259
f 2882//2260 2878//2260 2883//2260
f 2882//2261 2883//2261 2884//2261
f 2884//2262 2883//2262 2885//2262
f 2884//2263 2885//2263 2886//2263
f 2886//2264 2885//2264 2887//2264
f 2886//2265 2887//2265 2888//2265
f 2888//2266 2887//2266 2889//2266
f 2888//2267 2889//2267 2890//2267
f 2890//2268 2889//2268 2891//2268
f 2890//2269 2891//2269 2892//2269
f 2892//2270 2891//2270 2893//2270
f 2892//2271 2893//2271 2894//2271
f 2878//2272 2877//2272 2895//2272
f 2895//2272 2877//2272 2896//2272
f 2895//2273 2896//2273 2897//2273
f 2897//2273 2896//2273 2898//2273
f 2897//2274 2898//2274 2899//2274
f 2900//2275 2901//2275 2902//2275
f 2902//2275 2901//2275 2903//2275
f 2902//2276 2903//2276 2904//2276
f 2904//2276 2903//2276 2905//2276
f 2904//2277 2905//2277 2906//2277
f 2906//2277 2905//2277 2907//2277
f 2906//2278 2907//2278 2908//2278
f 2908//2278 2907//2278 2909//2278
f 2908//2279 2909//2279 2910//2279
f 2910//2279 2909//2279 2911//2279
f 2910//2280 2911//2280 2912//2280
f 2912//2280 2911//2280 2913//2280
f 2912//2281 2913//2281 2914//2281
f 2900//2282 2902//2282 2915//2282
f 2915//2283 2902//2283 2916//2283
f 2915//2284 2916//2284 2917//2284
f 2917//2285 2916//2285 2918//2285
f 2917//2286 2918//2286 2919//2286
f 2919//2287 2918//2287 2920//2287
f 2916//2283 2902//2283 2904//2283
f 2921//2288 2922//2288 2923//2288
f 2923//2289 2922//2289 2924//2289
f 2923//2290 2924//2290 2925//2290
f 2925//2291 2924//2291 2926//2291
f 2925//2292 2926//2292 2927//2292
f 2927//2293 2926//2293 2928//2293
f 2927//2294 2928//2294 2929//2294
f 2929//2295 2928//2295 2930//2295
f 2929//2296 2930//2296 2931//2296
f 2931//2297 2930//2297 2932//2297
f 2931//2298 2932//2298 2933//2298
f 2934//2299 2935//2299 2936//2299
f 2936//2300 2935//2300 2937//2300
f 2936//2301 2937//2301 2938//2301
f 2938//2302 2937//2302 2939//2302
f 2938//2303 2939//2303 2940//2303
f 2940//2304 2939//2304 2941//2304
f 2940//2305 2941//2305 2942//2305
f 2942//2306 2941//2306 2943//2306
f 2942//2307 2943//2307 2944//2307
f 2944//2308 2943//2308 2945//2308
f 2944//2309 2945//2309 2946//2309
f 2937//2300 2935//2300 2947//2300
f 2948//2310 2949//2310 2950//2310
f 2950//2310 2949//2310 2951//2310
f 2950//2311 2951//2311 2952//2311
f 2952//2311 2951//2311 2953//2311
f 2952//2312 2953//2312 2954//2312
f 2954//2312 2953//2312 2955//2312
f 2954//2313 2955//2313 2956//2313
f 2956//2313 2955//2313 2957//2313
f 2956//2314 2957//2314 2958//2314
f 2958//2314 2957//2314 2959//2314
f 2960//2315 2961//2315 2962//2315
f 2962//2316 2961//2316 2963//2316
f 2962//2317 2963//2317 2964//2317
f 2964//2318 2963//2318 2965//2318
f 2964//2319 2965//2319 2966//2319
f 2966//2320 2965//2320 2967//2320
f 2966//2321 2967//2321 2968//2321
f 2968//2322 2967//2322 2969//2322
f 2968//2323 2969//2323 2970//2323
f 2971//2324 2947//2324 2972//2324
f 2972//2324 2947//2324 2973//2324
f 2972//2325 2973//2325 2974//2325
f 2948//2326 2950//2326 2975//2326
f 2975//2327 2950//2327 2976//2327
f 2975//2328 2976//2328 2977//2328
f 2977//2329 2976//2329 2978//2329
f 2976//2327 2979//2327 2980//2327
f 2981//2330 2982//2330 2963//2330
f 2963//2318 2982//2318 2965//2318
f 2967//2320 2965//2320 2983//2320
f 2983//2331 2965//2331 2982//2331
f 2974//2332 2984//2332 2972//2332
f 2972//2332 2984//2332 2985//2332
f 2972//2333 2985//2333 2971//2333
f 2985//2334 2984//2334 2986//2334
f 2986//2335 2984//2335 2987//2335
f 2986//2336 2987//2336 2988//2336
f 2988//2337 2987//2337 2989//2337
f 2988//2338 2989//2338 2990//2338
f 2987//2335 2984//2335 2991//2335
f 2991//2339 2984//2339 2974//2339
f 2976//2340 2980//2340 2992//2340
f 2992//2340 2980//2340 2993//2340
f 2992//2341 2993//2341 2994//2341
f 2994//2341 2993//2341 2995//2341
f 2994//2342 2995//2342 2996//2342
f 2996//2342 2995//2342 2997//2342
f 2998//2343 2978//2343 2992//2343
f 2992//2329 2978//2329 2976//2329
f 2998//2343 2992//2343 2994//2343
f 2999//2344 2981//2344 3000//2344
f 3001//2345 3002//2345 3003//2345
f 3003//2346 3002//2346 2983//2346
f 2989//2337 2987//2337 3004//2337
f 3004//2347 2987//2347 2991//2347
f 3005//2348 2998//2348 2994//2348
f 3005//2348 2994//2348 2996//2348
f 3006//2349 3007//2349 3008//2349
f 3008//2349 3007//2349 3009//2349
f 3008//2350 3009//2350 3010//2350
f 3010//2350 3009//2350 3011//2350
f 3010//2351 3011//2351 3012//2351
f 3012//2351 3011//2351 3013//2351
f 3006//2352 3008//2352 3014//2352
f 3014//2353 3008//2353 3015//2353
f 3014//2354 3015//2354 3016//2354
f 3016//2355 3015//2355 3017//2355
f 3016//2356 3017//2356 3018//2356
f 3015//2353 3008//2353 3010//2353
f 3012//2357 3019//2357 3010//2357
f 3010//2357 3019//2357 3015//2357
f 3019//2355 3017//2355 3015//2355
