g 0
v -0.0195156 -0.05 0.084375
v -0.00982117 -0.05 0.0860438
v -0.0223876 -0.05 0.0888737
v -0.0242392 -0.05 0.0938795
v -0.024986 -0.05 0.0991642
v 0 -0.05 0.0866025
v -0.024594 -0.05 0.104487
v -0.0230811 -0.05 0.109605
v -0.0205161 -0.05 0.114286
v -0.0170161 -0.05 0.118315
v -0.0127405 -0.05 0.12151
v -0.00788426 -0.05 0.123724
v -0.00266863 -0.05 0.124857
v 0.00266863 -0.05 0.124857
v 0.00788426 -0.05 0.123724
v 0.0127405 -0.05 0.12151
v 0.0170161 -0.05 0.118315
v 0.0205161 -0.05 0.114286
v 0.0230811 -0.05 0.109605
v 0.024594 -0.05 0.104487
v 0.024986 -0.05 0.0991642
v 0.00982117 -0.05 0.0860438
v 0.0242392 -0.05 0.0938795
v 0.0223876 -0.05 0.0888737
v 0.0195156 -0.05 0.084375
v -0.025 0 0.1
v -0.0247975 -0.00317542 0.0968246
v -0.0247462 -0.00932232 0.0964395
v -0.0246226 -0.015512 0.0956718
v -0.0243942 -0.0216776 0.0945239
v -0.0240076 -0.0277561 0.0930215
v -0.0242392 -0.05 0.0938795
v -0.0234006 -0.0336856 0.0912014
v -0.0223876 -0.05 0.0888737
v -0.0225066 -0.0394016 0.0891116
v -0.0212415 -0.0448547 0.0868149
v -0.0195156 -0.05 0.084375
v -0.024986 -0.05 0.0991642
v -0.024594 -0.05 0.104487
v -0.0245196 -0.00487726 0.104877
v -0.0230811 -0.05 0.109605
v -0.023097 -0.00956709 0.109567
v -0.0207867 -0.0138893 0.113889
v -0.0205161 -0.05 0.114286
v -0.0176777 -0.0176777 0.117678
v -0.0170161 -0.05 0.118315
v -0.0138893 -0.0207867 0.120787
v -0.0127405 -0.05 0.12151
v -0.0117849 -0.022048 0.122048
v -0.00956709 -0.023097 0.123097
v -0.00788426 -0.05 0.123724
v -0.00725712 -0.0239235 0.123924
v -0.00487726 -0.0245196 0.12452
v -0.00266863 -0.05 0.124857
v -0.00245043 -0.0248796 0.12488
v 0 -0.025 0.125
v 0.00266863 -0.05 0.124857
v 0.00245043 -0.0248796 0.12488
v 0.00487726 -0.0245196 0.12452
v 0.00788426 -0.05 0.123724
v 0.00725712 -0.0239235 0.123924
v 0.00956709 -0.023097 0.123097
v 0.0127405 -0.05 0.12151
v 0.0117849 -0.022048 0.122048
v 0.0138893 -0.0207867 0.120787
v 0.0170161 -0.05 0.118315
v 0.0176777 -0.0176777 0.117678
v 0.0205161 -0.05 0.114286
v 0.0207867 -0.0138893 0.113889
v 0.0230811 -0.05 0.109605
v 0.023097 -0.00956709 0.109567
v 0.024594 -0.05 0.104487
v 0.0245196 -0.00487726 0.104877
v 0.025 0 0.1
v 0.024986 -0.05 0.0991642
v 0.0247975 -0.00317542 0.0968246
v 0.0247462 -0.00932232 0.0964395
v 0.0246226 -0.015512 0.0956718
v 0.0242392 -0.05 0.0938795
v 0.0243942 -0.0216776 0.0945239
v 0.0240076 -0.0277561 0.0930215
v 0.0234006 -0.0336856 0.0912014
v 0.0223876 -0.05 0.0888737
v 0.0225066 -0.0394016 0.0891116
v 0.0212415 -0.0448547 0.0868149
v 0.0195156 -0.05 0.084375
v -0.0195156 0.05 0.084375
v -0.0212415 0.0448547 0.0868149
v -0.0223876 0.05 0.0888737
v -0.0225066 0.0394016 0.0891116
v -0.0234006 0.0336856 0.0912014
v -0.0242392 0.05 0.0938795
v -0.0240076 0.0277561 0.0930215
v -0.0243942 0.0216776 0.0945239
v -0.0246226 0.015512 0.0956718
v -0.0247462 0.00932232 0.0964395
v -0.024986 0.05 0.0991642
v -0.025 0 0.1
v -0.024594 0.05 0.104487
v -0.0245196 0.00487726 0.104877
v -0.023097 0.00956709 0.109567
v -0.0247975 0.00317542 0.0968246
v -0.0230811 0.05 0.109605
v -0.0207867 0.0138893 0.113889
v -0.0205161 0.05 0.114286
v -0.0176777 0.0176777 0.117678
v -0.0170161 0.05 0.118315
v -0.0138893 0.0207867 0.120787
v -0.0127405 0.05 0.12151
v -0.0117849 0.022048 0.122048
v -0.00956709 0.023097 0.123097
v -0.00788426 0.05 0.123724
v -0.00725712 0.0239235 0.123924
v -0.00487726 0.0245196 0.12452
v -0.00266863 0.05 0.124857
v -0.00245043 0.0248796 0.12488
v 0 0.025 0.125
v 0.00266863 0.05 0.124857
v 0.00245043 0.0248796 0.12488
v 0.00487726 0.0245196 0.12452
v 0.00788426 0.05 0.123724
v 0.00725712 0.0239235 0.123924
v 0.00956709 0.023097 0.123097
v 0.0127405 0.05 0.12151
v 0.0117849 0.022048 0.122048
v 0.0138893 0.0207867 0.120787
v 0.0170161 0.05 0.118315
v 0.0176777 0.0176777 0.117678
v 0.0205161 0.05 0.114286
v 0.0207867 0.0138893 0.113889
v 0.0230811 0.05 0.109605
v 0.023097 0.00956709 0.109567
v 0.0245196 0.00487726 0.104877
v 0.024594 0.05 0.104487
v 0.025 0 0.1
v 0.024986 0.05 0.0991642
v 0.0247975 0.00317542 0.0968246
v 0.0247462 0.00932232 0.0964395
v 0.0246226 0.015512 0.0956718
v 0.0243942 0.0216776 0.0945239
v 0.0242392 0.05 0.0938795
v 0.0240076 0.0277561 0.0930215
v 0.0234006 0.0336856 0.0912014
v 0.0223876 0.05 0.0888737
v 0.0225066 0.0394016 0.0891116
v 0.0212415 0.0448547 0.0868149
v 0.0195156 0.05 0.084375
v 0.00982117 0.05 0.0860438
v -1.06058e-17 0.05 0.0866025
v 0.00788426 0.05 0.123724
v 0.00266863 0.05 0.124857
v -0.00266863 0.05 0.124857
v -0.00788426 0.05 0.123724
v -0.0127405 0.05 0.12151
v -0.0170161 0.05 0.118315
v -0.0205161 0.05 0.114286
v -0.0230811 0.05 0.109605
v -0.024594 0.05 0.104487
v -0.024986 0.05 0.0991642
v -0.00982117 0.05 0.0860438
v -0.0242392 0.05 0.0938795
v -0.0223876 0.05 0.0888737
v -0.0195156 0.05 0.084375
v 0.00940304 -0.0729281 -0.0677722
v 0.00629388 -0.0759559 -0.0647386
v 9.00505e-18 -0.0735318 -0.0677722
v -0.00210009 -0.0761873 -0.0647386
v -0.00940304 -0.0729281 -0.0677722
v -0.0104686 -0.0754938 -0.0647386
v -0.0186517 -0.071127 -0.0677722
v -0.01871 -0.073884 -0.0647386
v -0.0193125 -0.0737288 -0.0647386
v -0.0209145 -0.0800829 -0.0561187
v -0.0290219 -0.077514 -0.0561187
v -0.0309792 -0.0827419 -0.0468408
v -0.0373729 -0.0738509 -0.0561187
v -0.0398935 -0.0788317 -0.0468408
v -0.0452703 -0.0692913 -0.0561187
v -0.0483235 -0.0739647 -0.0468408
v -0.0526182 -0.0638907 -0.0561187
v -0.056167 -0.0681998 -0.0468408
v -0.0593273 -0.0577145 -0.0561187
v -0.0633286 -0.061607 -0.0468408
v -0.0653163 -0.0508377 -0.0561187
v -0.0697215 -0.0542664 -0.0468408
v -0.0705124 -0.0433438 -0.0561187
v -0.0752681 -0.0462671 -0.0468408
v -0.0748526 -0.0353238 -0.0561187
v -0.079901 -0.0377062 -0.0468408
v -0.0782843 -0.026875 -0.0561187
v -0.0835641 -0.0286876 -0.0468408
v -0.0807656 -0.0181 -0.0561187
v -0.0862128 -0.0193207 -0.0468408
v -0.0822665 -0.00910526 -0.0561187
v -0.087815 -0.00971936 -0.0468408
v -0.0827689 1.01363e-17 -0.0561187
v -0.0883512 1.08199e-17 -0.0468408
v -0.0822665 0.00910526 -0.0561187
v -0.087815 0.00971936 -0.0468408
v -0.0807656 0.0181 -0.0561187
v -0.0862128 0.0193207 -0.0468408
v -0.0782843 0.026875 -0.0561187
v -0.0835641 0.0286876 -0.0468408
v -0.0748526 0.0353238 -0.0561187
v -0.079901 0.0377062 -0.0468408
v -0.0705124 0.0433438 -0.0561187
v -0.0752681 0.0462671 -0.0468408
v -0.0653163 0.0508377 -0.0561187
v -0.0697215 0.0542664 -0.0468408
v -0.0593273 0.0577145 -0.0561187
v -0.0633286 0.061607 -0.0468408
v -0.0526182 0.0638907 -0.0561187
v -0.056167 0.0681998 -0.0468408
v -0.0452703 0.0692913 -0.0561187
v -0.0483235 0.0739647 -0.0468408
v -0.0373729 0.0738509 -0.0561187
v -0.0398935 0.0788317 -0.0468408
v -0.0290219 0.077514 -0.0561187
v -0.0309792 0.0827419 -0.0468408
v -0.0203186 0.0802362 -0.0561187
v -0.0216889 0.0856477 -0.0468408
v -0.0113686 0.0819844 -0.0561187
v -0.0121354 0.0875138 -0.0468408
v -0.00228064 0.0827375 -0.0561187
v -0.00243446 0.0883177 -0.0468408
v 0.006835 0.0824862 -0.0561187
v 0.00729598 0.0880494 -0.0468408
v 0.0158337 0.0812403 -0.0561187
v 0.0169106 0.0867177 -0.0468408
v 0.0249009 0.0847696 -0.0468408
v 0.0255273 0.0893215 -0.0370138
v 0.0277313 0.088662 -0.0370138
v 0.0287634 0.0919617 -0.0267528
v 0.0373166 0.0850732 -0.0370138
v 0.0387054 0.0882393 -0.0267528
v 0.0464488 0.0804517 -0.0370138
v 0.0481775 0.0834459 -0.0267528
v 0.0550173 0.0748537 -0.0370138
v 0.0570648 0.0776395 -0.0267528
v 0.0629179 0.068347 -0.0370138
v 0.0652595 0.0708907 -0.0267528
v 0.0700547 0.0610107 -0.0370138
v 0.0726619 0.0632813 -0.0267528
v 0.0763412 0.0529338 -0.0370138
v 0.0791824 0.0549039 -0.0267528
v 0.0817011 0.0442144 -0.0370138
v 0.0847417 0.0458599 -0.0267528
v 0.0860691 0.0349583 -0.0370138
v 0.0892723 0.0362593 -0.0267528
v 0.0893925 0.0252778 -0.0370138
v 0.0927193 0.0262185 -0.0267528
v 0.0916307 0.0152905 -0.0370138
v 0.0950408 0.0158595 -0.0267528
v 0.0927566 0.00511752 -0.0370138
v 0.0962087 0.00530798 -0.0267528
v 0.0927566 -0.00511752 -0.0370138
v 0.0962087 -0.00530798 -0.0267528
v 0.0916307 -0.0152905 -0.0370138
v 0.0950408 -0.0158595 -0.0267528
v 0.0893925 -0.0252778 -0.0370138
v 0.0927193 -0.0262185 -0.0267528
v 0.0860691 -0.0349583 -0.0370138
v 0.0892723 -0.0362593 -0.0267528
v 0.0817011 -0.0442144 -0.0370138
v 0.0847417 -0.0458599 -0.0267528
v 0.0763412 -0.0529338 -0.0370138
v 0.0791824 -0.0549039 -0.0267528
v 0.0700547 -0.0610107 -0.0370138
v 0.0726619 -0.0632813 -0.0267528
v 0.0629179 -0.068347 -0.0370138
v 0.0652595 -0.0708907 -0.0267528
v 0.0550173 -0.0748537 -0.0370138
v 0.0570648 -0.0776395 -0.0267528
v 0.0464488 -0.0804517 -0.0370138
v 0.0481775 -0.0834459 -0.0267528
v 0.0373166 -0.0850732 -0.0370138
v 0.0387054 -0.0882393 -0.0267528
v 0.0277313 -0.088662 -0.0370138
v 0.0287634 -0.0919617 -0.0267528
v 0.0178095 -0.0911746 -0.0370138
v 0.0184723 -0.0945678 -0.0267528
v 0.00767143 -0.0925804 -0.0370138
v 0.00795693 -0.0960259 -0.0267528
v -0.00255973 -0.0928624 -0.0370138
v -0.002655 -0.0963184 -0.0267528
v -0.0127598 -0.0920172 -0.0370138
v -0.0132347 -0.0954418 -0.0267528
v -0.022805 -0.090055 -0.0370138
v -0.0236538 -0.0934066 -0.0267528
v -0.0241434 -0.0932812 -0.0267528
v -0.024657 -0.0955526 -0.0161782
v -0.0346018 -0.0924174 -0.0161782
v -0.0350123 -0.0935138 -0.00541389
v -0.0445585 -0.08805 -0.0161782
v -0.0450871 -0.0890946 -0.00541389
v -0.0539743 -0.0826138 -0.0161782
v -0.0546146 -0.0835939 -0.00541389
v -0.0627349 -0.0761748 -0.0161782
v -0.0634791 -0.0770785 -0.00541389
v -0.070734 -0.0688111 -0.0161782
v -0.0715731 -0.0696274 -0.00541389
v -0.0778745 -0.0606121 -0.0161782
v -0.0787983 -0.0613312 -0.00541389
v -0.0840697 -0.0516774 -0.0161782
v -0.085067 -0.0522905 -0.00541389
v -0.0892444 -0.0421154 -0.0161782
v -0.0903031 -0.0426151 -0.00541389
v -0.0933358 -0.0320422 -0.0161782
v -0.094443 -0.0324223 -0.00541389
v -0.0962942 -0.02158 -0.0161782
v -0.0974365 -0.021836 -0.00541389
v -0.0980837 -0.0108559 -0.0161782
v -0.0992473 -0.0109847 -0.00541389
v -0.0986826 1.20851e-17 -0.0161782
v -0.0998533 1.22285e-17 -0.00541389
v -0.0980837 0.0108559 -0.0161782
v -0.0992473 0.0109847 -0.00541389
v -0.0962942 0.02158 -0.0161782
v -0.0974365 0.021836 -0.00541389
v -0.0933358 0.0320422 -0.0161782
v -0.094443 0.0324223 -0.00541389
v -0.0892444 0.0421154 -0.0161782
v -0.0903031 0.0426151 -0.00541389
v -0.0840697 0.0516774 -0.0161782
v -0.085067 0.0522905 -0.00541389
v -0.0778745 0.0606121 -0.0161782
v -0.0787983 0.0613312 -0.00541389
v -0.070734 0.0688111 -0.0161782
v -0.0715731 0.0696274 -0.00541389
v -0.0627349 0.0761748 -0.0161782
v -0.0634791 0.0770785 -0.00541389
v -0.0539743 0.0826138 -0.0161782
v -0.0546146 0.0835939 -0.00541389
v -0.0445585 0.08805 -0.0161782
v -0.0450871 0.0890946 -0.00541389
v -0.0346018 0.0924174 -0.0161782
v -0.0350123 0.0935138 -0.00541389
v -0.0242252 0.095663 -0.0161782
v -0.0245125 0.0967979 -0.00541389
v -0.0236913 0.0968246 -0.00798254
v -0.0248534 0.0968246 -0.00270298
v -0.0350123 0.0935138 0.00541389
v -0.0450871 0.0890946 0.00541389
v -0.0445585 0.08805 0.0161782
v -0.0539743 0.0826138 0.0161782
v -0.0527012 0.0806652 0.0267528
v -0.0612552 0.074378 0.0267528
v -0.0590573 0.0717093 0.0370138
v -0.0665874 0.0647772 0.0370138
v -0.0633286 0.061607 0.0468408
v -0.0697215 0.0542664 0.0468408
v -0.0653163 0.0508377 0.0561187
v -0.0705124 0.0433438 0.0561187
v -0.0649301 0.0399124 0.0647386
v -0.0689267 0.0325273 0.0647386
v -0.0621926 0.0293494 0.0725996
v -0.0650438 0.0223296 0.0725996
v -0.0572384 0.01965 0.0796093
v -0.0590527 0.013234 0.0796093
v -0.0503076 0.0112742 0.0856857
v -0.0512425 0.00567152 0.0856857
v -0.0417341 0.00461913 0.0907575
v -0.0419889 5.14216e-18 0.0907575
v -0.0319302 -3.91032e-18 0.0947653
v -0.0317364 -0.00351258 0.0947653
v -0.0249775 -0.00106102 0.0968246
v -0.0247975 -0.00317542 0.0968246
v -0.0311573 -0.00698252 0.0947653
v -0.0247462 -0.00932232 0.0964395
v -0.0302001 -0.0103677 0.0947653
v -0.0288763 -0.013627 0.0947653
v -0.0397138 -0.0136338 0.0907575
v -0.037973 -0.0179199 0.0907575
v -0.048762 -0.01674 0.0856857
v -0.0466245 -0.0220026 0.0856857
v -0.0572384 -0.01965 0.0796093
v -0.0547294 -0.0258274 0.0796093
v -0.0650438 -0.0223296 0.0725996
v -0.0621926 -0.0293494 0.0725996
v -0.0720866 -0.0247474 0.0647386
v -0.0689267 -0.0325273 0.0647386
v -0.0782843 -0.026875 0.0561187
v -0.0748526 -0.0353238 0.0561187
v -0.0835641 -0.0286876 0.0468408
v -0.079901 -0.0377062 0.0468408
v -0.0878642 -0.0301638 0.0370138
v -0.0840127 -0.0396465 0.0370138
v -0.0911342 -0.0312864 0.0267528
v -0.0871393 -0.041122 0.0267528
v -0.0933358 -0.0320422 0.0161782
v -0.0892444 -0.0421154 0.0161782
v -0.094443 -0.0324223 0.00541389
v -0.0903031 -0.0426151 0.00541389
v -0.094443 -0.0324223 -0.00541389
v -0.0903031 -0.0426151 -0.00541389
v 0.00629388 -0.0759559 -0.0647386
v 0.00940304 -0.0729281 -0.0677722
v 0.0146115 -0.0748025 -0.0647386
v 0.0186517 -0.071127 -0.0677722
v 0.0227517 -0.0727411 -0.0647386
v 0.0275941 -0.0681579 -0.0677722
v 0.0306157 -0.0697968 -0.0647386
v 0.0360834 -0.0640697 -0.0677722
v 0.0381081 -0.0660052 -0.0647386
v 0.0439802 -0.0589294 -0.0677722
v 0.0451379 -0.0614124 -0.0647386
v 0.0516198 -0.0560741 -0.0647386
v 0.0560579 -0.0608951 -0.0561187
v 0.0624166 -0.0543586 -0.0561187
v 0.0666262 -0.0580248 -0.0468408
v 0.0726051 -0.0503432 -0.0468408
v 0.0763412 -0.0529338 -0.0370138
v 0.0817011 -0.0442144 -0.0370138
v 0.0511548 -0.0528215 -0.0677722
v 0.0574751 -0.0500551 -0.0647386
v 0.0680176 -0.0471624 -0.0561187
v 0.0777026 -0.0420505 -0.0468408
v 0.0860691 -0.0349583 -0.0370138
v 0.0574895 -0.0458463 -0.0677722
v 0.0626328 -0.0434286 -0.0647386
v 0.0727931 -0.0393936 -0.0561187
v 0.0818569 -0.0332474 -0.0468408
v 0.0893925 -0.0252778 -0.0370138
v 0.0628802 -0.0381184 -0.0677722
v 0.0670302 -0.0362749 -0.0647386
v 0.0766849 -0.0311467 -0.0561187
v 0.0850175 -0.0240407 -0.0468408
v 0.0916307 -0.0152905 -0.0370138
v 0.0672384 -0.0297645 -0.0677722
v 0.0706139 -0.0286809 -0.0647386
v 0.0796459 -0.0225217 -0.0561187
v 0.0871462 -0.0145421 -0.0468408
v 0.0927566 -0.00511752 -0.0370138
v 0.0704926 -0.0209218 -0.0677722
v 0.0733404 -0.0207387 -0.0647386
v 0.08164 -0.0136233 -0.0561187
v 0.088217 -0.00486707 -0.0468408
v 0.0927566 0.00511752 -0.0370138
v 0.0725893 -0.0117357 -0.0677722
v 0.0751767 -0.0125448 -0.0647386
v 0.0826432 -0.00455955 -0.0561187
v 0.088217 0.00486707 -0.0468408
v 0.0916307 0.0152905 -0.0370138
v 0.0761005 -0.00419858 -0.0647386
v 0.073494 -0.00235681 -0.0677722
v 0.0761005 0.00419858 -0.0647386
v 0.073192 0.00706075 -0.0677722
v 0.0751767 0.0125448 -0.0647386
v 0.0716882 0.0163624 -0.0677722
v 0.0733404 0.0207387 -0.0647386
v 0.0690073 0.0253953 -0.0677722
v 0.0706139 0.0286809 -0.0647386
v 0.0651933 0.0340113 -0.0677722
v 0.0670302 0.0362749 -0.0647386
v 0.0603088 0.0420688 -0.0677722
v 0.0626328 0.0434286 -0.0647386
v 0.0574751 0.0500551 -0.0647386
v 0.0624166 0.0543586 -0.0561187
v 0.0560579 0.0608951 -0.0561187
v 0.0598386 0.0650021 -0.0468408
v 0.0523247 0.0711903 -0.0468408
v 0.0550173 0.0748537 -0.0370138
v 0.0464488 0.0804517 -0.0370138
v 0.054434 0.0494355 -0.0677722
v 0.0516198 0.0560741 -0.0647386
v 0.0490187 0.0666923 -0.0561187
v 0.0441756 0.0765144 -0.0468408
v 0.0373166 0.0850732 -0.0370138
v 0.0476654 0.0559905 -0.0677722
v 0.0451379 0.0614124 -0.0647386
v 0.0413845 0.07168 -0.0561187
v 0.0354903 0.0809097 -0.0468408
v 0.0277313 0.088662 -0.0370138
v 0.0401142 0.0616261 -0.0677722
v 0.0381081 0.0660052 -0.0647386
v 0.0332479 0.0757976 -0.0561187
v 0.0263741 0.0843228 -0.0468408
v 0.0249009 0.0847696 -0.0468408
v 0.0319043 0.0662499 -0.0677722
v 0.0306157 0.0697968 -0.0647386
v 0.0247077 0.078995 -0.0561187
v 0.0239098 0.0792402 -0.0561187
v 0.0158337 0.0812403 -0.0561187
v 0.0231705 0.0697858 -0.0677722
v 0.0227517 0.0727411 -0.0647386
v 0.0225519 0.0728033 -0.0647386
v 0.0145723 0.0748101 -0.0647386
v 0.006835 0.0824862 -0.0561187
v 0.0140562 0.0721758 -0.0677722
v 0.00629388 0.0759559 -0.0647386
v -0.00228064 0.0827375 -0.0561187
v 0.0047112 0.0733807 -0.0677722
v -0.00210009 0.0761873 -0.0647386
v -0.0113686 0.0819844 -0.0561187
v -0.0047112 0.0733807 -0.0677722
v -0.0104686 0.0754938 -0.0647386
v -0.0203186 0.0802362 -0.0561187
v -0.0140562 0.0721758 -0.0677722
v -0.01871 0.073884 -0.0647386
v -0.0290219 0.077514 -0.0561187
v -0.0231705 0.0697858 -0.0677722
v -0.0267243 0.0713773 -0.0647386
v -0.0373729 0.0738509 -0.0561187
v -0.0319043 0.0662499 -0.0677722
v -0.0344142 0.0680042 -0.0647386
v -0.0452703 0.0692913 -0.0561187
v -0.0401142 0.0616261 -0.0677722
v -0.0416863 0.0638057 -0.0647386
v -0.0526182 0.0638907 -0.0561187
v -0.0484525 0.0588326 -0.0647386
v -0.0476654 0.0559905 -0.0677722
v -0.0546304 0.0531453 -0.0647386
v -0.054434 0.0494355 -0.0677722
v -0.0601453 0.046813 -0.0647386
v -0.0603088 0.0420688 -0.0677722
v -0.0649301 0.0399124 -0.0647386
v -0.0651933 0.0340113 -0.0677722
v -0.0689267 0.0325273 -0.0647386
v -0.0690073 0.0253953 -0.0677722
v -0.0720866 0.0247474 -0.0647386
v -0.0716882 0.0163624 -0.0677722
v -0.0743715 0.016667 -0.0647386
v -0.0757536 0.00838441 -0.0647386
v -0.0822665 0.00910526 -0.0561187
v -0.0827689 1.01363e-17 -0.0561187
v -0.073192 0.00706075 -0.0677722
v -0.0762162 9.33379e-18 -0.0647386
v -0.0822665 -0.00910526 -0.0561187
v -0.073494 -0.00235681 -0.0677722
v -0.0757536 -0.00838441 -0.0647386
v -0.0807656 -0.0181 -0.0561187
v -0.0725893 -0.0117357 -0.0677722
v -0.0743715 -0.016667 -0.0647386
v -0.0782843 -0.026875 -0.0561187
v -0.0704926 -0.0209218 -0.0677722
v -0.0720866 -0.0247474 -0.0647386
v -0.0748526 -0.0353238 -0.0561187
v -0.0672384 -0.0297645 -0.0677722
v -0.0689267 -0.0325273 -0.0647386
v -0.0705124 -0.0433438 -0.0561187
v -0.0628802 -0.0381184 -0.0677722
v -0.0649301 -0.0399124 -0.0647386
v -0.0653163 -0.0508377 -0.0561187
v -0.0601453 -0.046813 -0.0647386
v -0.0574895 -0.0458463 -0.0677722
v -0.0546304 -0.0531453 -0.0647386
v -0.0511548 -0.0528215 -0.0677722
v -0.0484525 -0.0588326 -0.0647386
v -0.0439802 -0.0589294 -0.0677722
v -0.0416863 -0.0638057 -0.0647386
v -0.0360834 -0.0640697 -0.0677722
v -0.0344142 -0.0680042 -0.0647386
v -0.0275941 -0.0681579 -0.0677722
v -0.0267243 -0.0713773 -0.0647386
v -0.0186517 -0.071127 -0.0677722
v -0.0193125 -0.0737288 -0.0647386
v 0.0244155 -0.0968246 -0.00537426
v 0.0298077 -0.0953005 -0.00541389
v 0.025 -0.0968246 -3.06162e-18
v 0.0298077 -0.0953005 0.00541389
v 0.0244155 -0.0968246 0.00537426
v 0.0226894 -0.0968246 0.0104972
v 0.0294582 -0.0941832 0.0161782
v 0.0199023 -0.0968246 0.0151294
v 0.0184846 -0.0945654 0.0267528
v 0.0161847 -0.0968246 0.0190541
v 0.0117102 -0.0968246 0.0220878
v 0.00795693 -0.0960259 0.0267528
v 0.00668821 -0.0968246 0.0240887
v 0.00135347 -0.0968246 0.0249633
v -0.002655 -0.0963184 0.0267528
v -0.00404455 -0.0968246 0.0246707
v -0.0132347 -0.0954418 0.0267528
v -0.00925345 -0.0968246 0.0232244
v -0.0140297 -0.0968246 0.0206922
v -0.0236538 -0.0934066 0.0267528
v -0.0181499 -0.0968246 0.0171925
v -0.0242252 -0.095663 0.0161782
v -0.0214214 -0.0968246 0.0128888
v -0.0236913 -0.0968246 0.00798254
v -0.0245125 -0.0967979 0.00541389
v -0.0248534 -0.0968246 0.00270298
v -0.0350123 -0.0935138 0.00541389
v -0.0350123 -0.0935138 -0.00541389
v -0.0450871 -0.0890946 -0.00541389
v 0.0244155 -0.0968246 -0.00537426
v 0.0226894 -0.0968246 -0.0104972
v 0.0298077 -0.0953005 -0.00541389
v 0.0294582 -0.0941832 -0.0161782
v 0.0401106 -0.091443 -0.00541389
v 0.0396404 -0.0903709 -0.0161782
v 0.0499267 -0.0864755 -0.00541389
v 0.0493413 -0.0854617 -0.0161782
v 0.0591367 -0.0804583 -0.00541389
v 0.0584433 -0.079515 -0.0161782
v 0.0676288 -0.0734645 -0.00541389
v 0.0668359 -0.0726032 -0.0161782
v 0.0753001 -0.0655789 -0.00541389
v 0.0744172 -0.06481 -0.0161782
v 0.0820573 -0.0568972 -0.00541389
v 0.0810952 -0.0562302 -0.0161782
v 0.0878184 -0.0475249 -0.00541389
v 0.0867888 -0.0469678 -0.0161782
v 0.0925135 -0.0375757 -0.00541389
v 0.0914289 -0.0371352 -0.0161782
v 0.0960857 -0.0271704 -0.00541389
v 0.0949592 -0.0268519 -0.0161782
v 0.0984915 -0.0164353 -0.00541389
v 0.0973367 -0.0162426 -0.0161782
v 0.0997017 -0.0055007 -0.00541389
v 0.0985328 -0.00543621 -0.0161782
v 0.0997017 0.0055007 -0.00541389
v 0.0985328 0.00543621 -0.0161782
v 0.0984915 0.0164353 -0.00541389
v 0.0973367 0.0162426 -0.0161782
v 0.0960857 0.0271704 -0.00541389
v 0.0949592 0.0268519 -0.0161782
v 0.0925135 0.0375757 -0.00541389
v 0.0914289 0.0371352 -0.0161782
v 0.0878184 0.0475249 -0.00541389
v 0.0867888 0.0469678 -0.0161782
v 0.0820573 0.0568972 -0.00541389
v 0.0810952 0.0562302 -0.0161782
v 0.0753001 0.0655789 -0.00541389
v 0.0744172 0.06481 -0.0161782
v 0.0676288 0.0734645 -0.00541389
v 0.0668359 0.0726032 -0.0161782
v 0.0591367 0.0804583 -0.00541389
v 0.0584433 0.079515 -0.0161782
v 0.0499267 0.0864755 -0.00541389
v 0.0493413 0.0854617 -0.0161782
v 0.0401106 0.091443 -0.00541389
v 0.0396404 0.0903709 -0.0161782
v 0.0298077 0.0953005 -0.00541389
v 0.0294582 0.0941832 -0.0161782
v 0.0257212 0.0952717 -0.0161782
v 0.0257966 0.0928376 -0.0267528
v 0.0184624 0.0945697 -0.0267528
v 0.0177904 0.0911783 -0.0370138
v 0.00795693 0.0960259 -0.0267528
v 0.00767143 0.0925804 -0.0370138
v -0.002655 0.0963184 -0.0267528
v -0.00255973 0.0928624 -0.0370138
v -0.0132347 0.0954418 -0.0267528
v -0.0127598 0.0920172 -0.0370138
v -0.0236538 0.0934066 -0.0267528
v -0.022805 0.090055 -0.0370138
v -0.0337857 0.0902375 -0.0267528
v -0.0325734 0.0869997 -0.0370138
v -0.0435075 0.0859732 -0.0267528
v -0.0419464 0.0828883 -0.0370138
v -0.0527012 0.0806652 -0.0267528
v -0.0508102 0.0777708 -0.0370138
v -0.0612552 0.074378 -0.0267528
v -0.0590573 0.0717093 -0.0370138
v -0.0690656 0.067188 -0.0267528
v -0.0665874 0.0647772 -0.0370138
v -0.0760376 0.0591825 -0.0267528
v -0.0733093 0.0570589 -0.0370138
v -0.0820867 0.0504585 -0.0267528
v -0.0791413 0.048648 -0.0370138
v -0.0871393 0.041122 -0.0267528
v -0.0840127 0.0396465 -0.0370138
v -0.0911342 0.0312864 -0.0267528
v -0.0878642 0.0301638 -0.0370138
v -0.0940229 0.021071 -0.0267528
v -0.0906492 0.020315 -0.0370138
v -0.0957702 0.0105998 -0.0267528
v -0.0923338 0.0102195 -0.0370138
v -0.096355 1.18001e-17 -0.0267528
v -0.0928977 1.13767e-17 -0.0370138
v -0.0957702 -0.0105998 -0.0267528
v -0.0923338 -0.0102195 -0.0370138
v -0.0940229 -0.021071 -0.0267528
v -0.0906492 -0.020315 -0.0370138
v -0.0911342 -0.0312864 -0.0267528
v -0.0878642 -0.0301638 -0.0370138
v -0.0871393 -0.041122 -0.0267528
v -0.0840127 -0.0396465 -0.0370138
v -0.0820867 -0.0504585 -0.0267528
v -0.0791413 -0.048648 -0.0370138
v -0.0760376 -0.0591825 -0.0267528
v -0.0733093 -0.0570589 -0.0370138
v -0.0690656 -0.067188 -0.0267528
v -0.0665874 -0.0647772 -0.0370138
v -0.0612552 -0.074378 -0.0267528
v -0.0590573 -0.0717093 -0.0370138
v -0.0527012 -0.0806652 -0.0267528
v -0.0508102 -0.0777708 -0.0370138
v -0.0435075 -0.0859732 -0.0267528
v -0.0419464 -0.0828883 -0.0370138
v -0.0337857 -0.0902375 -0.0267528
v -0.0325734 -0.0869997 -0.0370138
v -0.0233427 -0.0899172 -0.0370138
v -0.0222627 -0.0855003 -0.0468408
v -0.0216889 -0.0856477 -0.0468408
v -0.0203186 -0.0802362 -0.0561187
v -0.0121354 -0.0875138 -0.0468408
v -0.0113686 -0.0819844 -0.0561187
v -0.00243446 -0.0883177 -0.0468408
v -0.00228064 -0.0827375 -0.0561187
v 0.00729598 -0.0880494 -0.0468408
v 0.006835 -0.0824862 -0.0561187
v 0.0169379 -0.0867124 -0.0468408
v 0.0158677 -0.0812337 -0.0561187
v 0.0263741 -0.0843228 -0.0468408
v 0.0247077 -0.078995 -0.0561187
v 0.0354903 -0.0809097 -0.0468408
v 0.0332479 -0.0757976 -0.0561187
v 0.0441756 -0.0765144 -0.0468408
v 0.0413845 -0.07168 -0.0561187
v 0.0523247 -0.0711903 -0.0468408
v 0.0490187 -0.0666923 -0.0561187
v 0.0598386 -0.0650021 -0.0468408
v 0.0560579 -0.0608951 -0.0561187
v 0.0666262 -0.0580248 -0.0468408
v 0.0226894 -0.0968246 -0.0104972
v 0.0199023 -0.0968246 -0.0151294
v 0.0294582 -0.0941832 -0.0161782
v 0.0184723 -0.0945678 -0.0267528
v 0.0287634 -0.0919617 -0.0267528
v 0.0161847 -0.0968246 -0.0190541
v 0.0117102 -0.0968246 -0.0220878
v 0.00795693 -0.0960259 -0.0267528
v 0.00668821 -0.0968246 -0.0240887
v 0.00135347 -0.0968246 -0.0249633
v -0.002655 -0.0963184 -0.0267528
v -0.00404455 -0.0968246 -0.0246707
v -0.0132347 -0.0954418 -0.0267528
v -0.00925345 -0.0968246 -0.0232244
v -0.0140297 -0.0968246 -0.0206922
v -0.0236538 -0.0934066 -0.0267528
v -0.0181499 -0.0968246 -0.0171925
v -0.0242252 -0.095663 -0.0161782
v -0.0214214 -0.0968246 -0.0128888
v -0.024657 -0.0955526 -0.0161782
v -0.0236913 -0.0968246 -0.00798254
v -0.0248789 -0.0967043 -0.00541389
v -0.0245125 -0.0967979 -0.00541389
v -0.0248534 -0.0968246 -0.00270298
v -0.0248534 -0.0968246 0.00270298
v -0.0350123 -0.0935138 -0.00541389
v 0.0244155 0.0968246 0.00537426
v 0.0298077 0.0953005 0.00541389
v 0.025 0.0968246 3.06162e-18
v 0.0298077 0.0953005 -0.00541389
v 0.025318 0.0965903 -0.00541389
v 0.0226894 0.0968246 -0.0104972
v 0.0244155 0.0968246 -0.00537426
v 0.0226894 0.0968246 0.0104972
v 0.0294582 0.0941832 0.0161782
v 0.0401106 0.091443 0.00541389
v 0.0396404 0.0903709 0.0161782
v 0.0499267 0.0864755 0.00541389
v 0.0493413 0.0854617 0.0161782
v 0.0591367 0.0804583 0.00541389
v 0.0584433 0.079515 0.0161782
v 0.0676288 0.0734645 0.00541389
v 0.0668359 0.0726032 0.0161782
v 0.0753001 0.0655789 0.00541389
v 0.0744172 0.06481 0.0161782
v 0.0820573 0.0568972 0.00541389
v 0.0810952 0.0562302 0.0161782
v 0.0878184 0.0475249 0.00541389
v 0.0867888 0.0469678 0.0161782
v 0.0925135 0.0375757 0.00541389
v 0.0914289 0.0371352 0.0161782
v 0.0960857 0.0271704 0.00541389
v 0.0949592 0.0268519 0.0161782
v 0.0984915 0.0164353 0.00541389
v 0.0973367 0.0162426 0.0161782
v 0.0997017 0.0055007 0.00541389
v 0.0985328 0.00543621 0.0161782
v 0.0997017 -0.0055007 0.00541389
v 0.0985328 -0.00543621 0.0161782
v 0.0984915 -0.0164353 0.00541389
v 0.0973367 -0.0162426 0.0161782
v 0.0960857 -0.0271704 0.00541389
v 0.0949592 -0.0268519 0.0161782
v 0.0925135 -0.0375757 0.00541389
v 0.0914289 -0.0371352 0.0161782
v 0.0878184 -0.0475249 0.00541389
v 0.0867888 -0.0469678 0.0161782
v 0.0820573 -0.0568972 0.00541389
v 0.0810952 -0.0562302 0.0161782
v 0.0753001 -0.0655789 0.00541389
v 0.0744172 -0.06481 0.0161782
v 0.0676288 -0.0734645 0.00541389
v 0.0668359 -0.0726032 0.0161782
v 0.0591367 -0.0804583 0.00541389
v 0.0584433 -0.079515 0.0161782
v 0.0499267 -0.0864755 0.00541389
v 0.0493413 -0.0854617 0.0161782
v 0.0401106 -0.091443 0.00541389
v 0.0396404 -0.0903709 0.0161782
v 0.0298077 -0.0953005 0.00541389
v 0.0294582 -0.0941832 0.0161782
v 0.0226894 0.0968246 0.0104972
v 0.0199023 0.0968246 0.0151294
v 0.0294582 0.0941832 0.0161782
v 0.0184846 0.0945654 0.0267528
v 0.0287634 0.0919617 0.0267528
v 0.0178332 0.0911699 0.0370138
v 0.0277313 0.088662 0.0370138
v 0.0169717 0.0867058 0.0468408
v 0.0263741 0.0843228 0.0468408
v 0.01591 0.0812254 0.0561187
v 0.0247077 0.078995 0.0561187
v 0.0146601 0.074793 0.0647386
v 0.0227517 0.0727411 0.0647386
v 0.0132366 0.0674841 0.0725996
v 0.0205288 0.0656344 0.0725996
v 0.0116559 0.0593843 0.0796093
v 0.0180653 0.0577581 0.0796093
v 0.00993638 0.0505888 0.0856857
v 0.0195156 0.05 0.084375
v 0.00982117 0.05 0.0860438
v 0.00425741 0.0513793 0.0856857
v -1.06058e-17 0.05 0.0866025
v -0.00142057 0.0515358 0.0856857
v -0.00708132 0.0510667 0.0856857
v -0.00166752 0.0604944 0.0796093
v -0.00831228 0.0599438 0.0796093
v -0.00189491 0.0687438 0.0725996
v -0.0094458 0.0681181 0.0725996
v -0.00210009 0.0761873 0.0647386
v -0.0104686 0.0754938 0.0647386
v -0.00228064 0.0827375 0.0561187
v -0.0113686 0.0819844 0.0561187
v -0.00243446 0.0883177 0.0468408
v -0.0121354 0.0875138 0.0468408
v -0.00255973 0.0928624 0.0370138
v -0.0127598 0.0920172 0.0370138
v -0.002655 0.0963184 0.0267528
v -0.0132347 0.0954418 0.0267528
v -0.00925345 0.0968246 0.0232244
v -0.0140297 0.0968246 0.0206922
v 0.0199023 0.0968246 0.0151294
v 0.0161847 0.0968246 0.0190541
v 0.0184846 0.0945654 0.0267528
v 0.0117102 0.0968246 0.0220878
v 0.00795693 0.0960259 0.0267528
v 0.00668821 0.0968246 0.0240887
v 0.00135347 0.0968246 0.0249633
v -0.00404455 0.0968246 0.0246707
v -0.0181499 0.0968246 0.0171925
v -0.0236538 0.0934066 0.0267528
v -0.022805 0.090055 0.0370138
v -0.0325734 0.0869997 0.0370138
v -0.0309792 0.0827419 0.0468408
v -0.0398935 0.0788317 0.0468408
v -0.0373729 0.0738509 0.0561187
v -0.0452703 0.0692913 0.0561187
v -0.0416863 0.0638057 0.0647386
v -0.0484525 0.0588326 0.0647386
v -0.0437187 0.0530847 0.0725996
v -0.0492931 0.0479531 0.0725996
v -0.0433778 0.0421986 0.0796093
v -0.0477568 0.0371706 0.0796093
v -0.0406844 0.031666 0.0856857
v -0.043921 0.0269982 0.0856857
v -0.0357712 0.0219885 0.0907575
v -0.037973 0.0179199 0.0907575
v -0.0288763 0.013627 0.0947653
v -0.0302001 0.0103677 0.0947653
v -0.0247462 0.00932232 0.0964395
v -0.0311573 0.00698252 0.0947653
v -0.0247975 0.00317542 0.0968246
v -0.0317364 0.00351258 0.0947653
v -0.0249775 0.00106102 0.0968246
v -0.0319302 -3.91032e-18 0.0947653
v -0.0249775 -0.00106102 0.0968246
v -0.0242252 0.095663 0.0161782
v -0.0181499 0.0968246 0.0171925
v -0.0214214 0.0968246 0.0128888
v -0.0236913 0.0968246 0.00798254
v -0.0245125 0.0967979 0.00541389
v -0.0248534 0.0968246 0.00270298
v -0.0350123 0.0935138 0.00541389
v -0.0248534 0.0968246 -0.00270298
v -0.0236913 0.0968246 -0.00798254
v -0.0214214 0.0968246 -0.0128888
v -0.0242252 0.095663 -0.0161782
v -0.0181499 0.0968246 -0.0171925
v -0.0236538 0.0934066 -0.0267528
v -0.0132347 0.0954418 -0.0267528
v -0.0140297 0.0968246 -0.0206922
v -0.00925345 0.0968246 -0.0232244
v -0.002655 0.0963184 -0.0267528
v -0.00404455 0.0968246 -0.0246707
v 0.00135347 0.0968246 -0.0249633
v 0.00795693 0.0960259 -0.0267528
v 0.00668821 0.0968246 -0.0240887
v 0.0117102 0.0968246 -0.0220878
v 0.0184624 0.0945697 -0.0267528
v 0.0161847 0.0968246 -0.0190541
v 0.0257212 0.0952717 -0.0161782
v 0.0199023 0.0968246 -0.0151294
v 0.0226894 0.0968246 -0.0104972
v 0.0244155 0.0968246 -0.00537426
v 0.025 0.0968246 3.06162e-18
v 0.025318 0.0965903 -0.00541389
v -0.0247462 0.00932232 0.0964395
v -0.0246226 0.015512 0.0956718
v -0.0288763 0.013627 0.0947653
v -0.0272019 0.016721 0.0947653
v -0.0357712 0.0219885 0.0907575
v -0.0331351 0.0257901 0.0907575
v -0.0406844 0.031666 0.0856857
v -0.036954 0.0359494 0.0856857
v -0.0433778 0.0421986 0.0796093
v -0.0384724 0.0467144 0.0796093
v -0.0437187 0.0530847 0.0725996
v -0.0376136 0.0575719 0.0725996
v -0.0416863 0.0638057 0.0647386
v -0.0344142 0.0680042 0.0647386
v -0.0373729 0.0738509 0.0561187
v -0.0290219 0.077514 0.0561187
v -0.0309792 0.0827419 0.0468408
v -0.0216889 0.0856477 0.0468408
v -0.022805 0.090055 0.0370138
v -0.0127598 0.0920172 0.0370138
v -0.0132347 0.0954418 0.0267528
v -0.0251974 0.0196119 0.0947653
v -0.0243942 0.0216776 0.0945239
v -0.0300969 0.0292787 0.0907575
v -0.032775 0.0397965 0.0856857
v -0.0330999 0.0506632 0.0796093
v -0.0310519 0.0613603 0.0725996
v -0.0267243 0.0713773 0.0647386
v -0.0203186 0.0802362 0.0561187
v -0.0121354 0.0875138 0.0468408
v -0.0240076 0.0277561 0.0930215
v -0.0266933 0.0324119 0.0907575
v -0.0281981 0.0431604 0.0856857
v -0.0273256 0.0539969 0.0796093
v -0.0241133 0.0644038 0.0725996
v -0.01871 0.073884 0.0647386
v -0.0113686 0.0819844 0.0561187
v -0.0234006 0.0336856 0.0912014
v -0.0225066 0.0394016 0.0891116
v -0.023279 0.0460005 0.0856857
v -0.0195156 0.05 0.084375
v -0.0212197 0.0566752 0.0796093
v -0.0148561 0.0586656 0.0796093
v -0.016882 0.0666656 0.0725996
v -0.0094458 0.0681181 0.0725996
v -0.0104686 0.0754938 0.0647386
v -0.0212415 0.0448547 0.0868149
v -0.00982117 0.05 0.0860438
v -0.00831228 0.0599438 0.0796093
v -0.00708132 0.0510667 0.0856857
v -1.06058e-17 0.05 0.0866025
v 0.0212415 0.0448547 0.0868149
v 0.0207096 0.047213 0.0856857
v 0.0195156 0.05 0.084375
v 0.0243096 0.0554202 0.0796093
v 0.0180653 0.0577581 0.0796093
v 0.0276246 0.0629777 0.0725996
v 0.0205288 0.0656344 0.0725996
v 0.0306157 0.0697968 0.0647386
v 0.0227517 0.0727411 0.0647386
v 0.0332479 0.0757976 0.0561187
v 0.0247077 0.078995 0.0561187
v 0.0354903 0.0809097 0.0468408
v 0.0263741 0.0843228 0.0468408
v 0.0373166 0.0850732 0.0370138
v 0.0277313 0.088662 0.0370138
v 0.0387054 0.0882393 0.0267528
v 0.0287634 0.0919617 0.0267528
v 0.0396404 0.0903709 0.0161782
v 0.0294582 0.0941832 0.0161782
v 0.0257777 0.0446483 0.0856857
v 0.0225066 0.0394016 0.0891116
v 0.0305329 0.0415415 0.0856857
v 0.0234006 0.0336856 0.0912014
v 0.0248673 0.0338332 0.0907575
v 0.0240076 0.0277561 0.0930215
v 0.0284383 0.0308922 0.0907575
v 0.0243942 0.0216776 0.0945239
v 0.0316641 0.0275763 0.0907575
v 0.0262395 0.0181941 0.0947653
v 0.0345056 0.0239256 0.0907575
v 0.0369281 0.0199845 0.0907575
v 0.0453416 0.0245377 0.0856857
v 0.0477658 0.0194008 0.0856857
v 0.056069 0.0227733 0.0796093
v 0.058234 0.016467 0.0796093
v 0.0661751 0.0187125 0.0725996
v 0.067832 0.0113192 0.0725996
v 0.0751767 0.0125448 0.0647386
v 0.0761005 0.00419858 0.0647386
v 0.0826432 0.00455955 0.0561187
v 0.0826432 -0.00455955 0.0561187
v 0.088217 -0.00486707 0.0468408
v 0.0871462 -0.0145421 0.0468408
v 0.0916307 -0.0152905 0.0370138
v 0.0893925 -0.0252778 0.0370138
v 0.0927193 -0.0262185 0.0267528
v 0.0892723 -0.0362593 0.0267528
v 0.0914289 -0.0371352 0.0161782
v 0.0867888 -0.0469678 0.0161782
v 0.0246226 0.015512 0.0956718
v 0.0280817 0.0151971 0.0947653
v 0.0389025 0.0158008 0.0907575
v 0.0496101 0.0140284 0.0856857
v 0.059692 0.00996084 0.0796093
v 0.0686655 0.00378838 0.0725996
v 0.0761005 -0.00419858 0.0647386
v 0.08164 -0.0136233 0.0561187
v 0.0850175 -0.0240407 0.0468408
v 0.0860691 -0.0349583 0.0370138
v 0.0847417 -0.0458599 0.0267528
v 0.0810952 -0.0562302 0.0161782
v 0.0247462 0.00932232 0.0964395
v 0.0295831 0.0120156 0.0947653
v 0.0404046 0.0114253 0.0907575
v 0.0508522 0.00848574 0.0856857
v 0.0604255 0.00333377 0.0796093
v 0.0686655 -0.00378838 0.0725996
v 0.0751767 -0.0125448 0.0647386
v 0.0796459 -0.0225217 0.0561187
v 0.0818569 -0.0332474 0.0468408
v 0.0817011 -0.0442144 0.0370138
v 0.0791824 -0.0549039 0.0267528
v 0.0744172 -0.06481 0.0161782
v 0.0307254 0.00868831 0.0947653
v 0.0247975 0.00317542 0.0968246
v 0.0314947 0.00525553 0.0947653
v 0.0318817 0.00175896 0.0947653
v 0.0419252 0.00231308 0.0907575
v 0.0419252 -0.00231308 0.0907575
v 0.0514771 -0.00284007 0.0856857
v 0.0508522 -0.00848574 0.0856857
v 0.059692 -0.00996084 0.0796093
v 0.058234 -0.016467 0.0796093
v 0.0661751 -0.0187125 0.0725996
v 0.0637149 -0.0258788 0.0725996
v 0.0706139 -0.0286809 0.0647386
v 0.0670302 -0.0362749 0.0647386
v 0.0727931 -0.0393936 0.0561187
v 0.0680176 -0.0471624 0.0561187
v 0.0726051 -0.0503432 0.0468408
v 0.0666262 -0.0580248 0.0468408
v 0.0700547 -0.0610107 0.0370138
v 0.0629179 -0.068347 0.0370138
v 0.0652595 -0.0708907 0.0267528
v 0.0570648 -0.0776395 0.0267528
v 0.0584433 -0.079515 0.0161782
v 0.0493413 -0.0854617 0.0161782
v 0.0249775 0.00106102 0.0968246
v 0.0318817 -0.00175896 0.0947653
v 0.0414162 -0.00691115 0.0907575
v 0.0496101 -0.0140284 0.0856857
v 0.056069 -0.0227733 0.0796093
v 0.0604814 -0.0327309 0.0725996
v 0.0626328 -0.0434286 0.0647386
v 0.0624166 -0.0543586 0.0561187
v 0.0598386 -0.0650021 0.0468408
v 0.0550173 -0.0748537 0.0370138
v 0.0481775 -0.0834459 0.0267528
v 0.0396404 -0.0903709 0.0161782
v 0.0249775 -0.00106102 0.0968246
v 0.0247975 -0.00317542 0.0968246
v 0.0314947 -0.00525553 0.0947653
v 0.0247462 -0.00932232 0.0964395
v 0.0307254 -0.00868831 0.0947653
v 0.0295831 -0.0120156 0.0947653
v 0.0389025 -0.0158008 0.0907575
v 0.0369281 -0.0199845 0.0907575
v 0.0453416 -0.0245377 0.0856857
v 0.0423671 -0.0293767 0.0856857
v 0.0497319 -0.0344833 0.0796093
v 0.0456366 -0.0397449 0.0796093
v 0.0518599 -0.0451648 0.0725996
v 0.0465766 -0.0505957 0.0725996
v 0.0516198 -0.0560741 0.0647386
v 0.0451379 -0.0614124 0.0647386
v 0.0490187 -0.0666923 0.0561187
v 0.0413845 -0.07168 0.0561187
v 0.0441756 -0.0765144 0.0468408
v 0.0354903 -0.0809097 0.0468408
v 0.0373166 -0.0850732 0.0370138
v 0.0277313 -0.088662 0.0370138
v 0.0287634 -0.0919617 0.0267528
v 0.0178332 -0.0911699 0.0370138
v 0.0184846 -0.0945654 0.0267528
v 0.00767143 -0.0925804 0.0370138
v 0.00795693 -0.0960259 0.0267528
v -0.002655 -0.0963184 0.0267528
v 0.0246226 -0.015512 0.0956718
v 0.0280817 -0.0151971 0.0947653
v 0.0345056 -0.0239256 0.0907575
v 0.0388783 -0.0338591 0.0856857
v 0.0409873 -0.0445241 0.0796093
v 0.040728 -0.0554124 0.0725996
v 0.0381081 -0.0660052 0.0647386
v 0.0332479 -0.0757976 0.0561187
v 0.0263741 -0.0843228 0.0468408
v 0.0169717 -0.0867058 0.0468408
v 0.00729598 -0.0880494 0.0468408
v -0.00255973 -0.0928624 0.0370138
v -0.0132347 -0.0954418 0.0267528
v 0.0262395 -0.0181941 0.0947653
v 0.0243942 -0.0216776 0.0945239
v 0.0316641 -0.0275763 0.0907575
v 0.0284383 -0.0308922 0.0907575
v 0.0349175 -0.0379305 0.0856857
v 0.0305329 -0.0415415 0.0856857
v 0.0358405 -0.0487628 0.0796093
v 0.0302587 -0.0524096 0.0796093
v 0.034385 -0.0595565 0.0725996
v 0.0276246 -0.0629777 0.0725996
v 0.0306157 -0.0697968 0.0647386
v 0.0227517 -0.0727411 0.0647386
v 0.0247077 -0.078995 0.0561187
v 0.0146601 -0.074793 0.0647386
v 0.01591 -0.0812254 0.0561187
v 0.00629388 -0.0759559 0.0647386
v 0.006835 -0.0824862 0.0561187
v -0.00228064 -0.0827375 0.0561187
v -0.00243446 -0.0883177 0.0468408
v -0.0121354 -0.0875138 0.0468408
v -0.0127598 -0.0920172 0.0370138
v -0.022805 -0.090055 0.0370138
v -0.0236538 -0.0934066 0.0267528
v -0.0337857 -0.0902375 0.0267528
v -0.0346018 -0.0924174 0.0161782
v -0.0445585 -0.08805 0.0161782
v -0.0450871 -0.0890946 0.00541389
v -0.0546146 -0.0835939 0.00541389
v -0.0546146 -0.0835939 -0.00541389
v -0.0634791 -0.0770785 -0.00541389
v 0.0243942 -0.0216776 0.0945239
v 0.0240076 -0.0277561 0.0930215
v 0.0284383 -0.0308922 0.0907575
v 0.0248673 -0.0338332 0.0907575
v 0.0305329 -0.0415415 0.0856857
v 0.0225066 -0.0394016 0.0891116
v 0.0257777 -0.0446483 0.0856857
v 0.0212415 -0.0448547 0.0868149
v 0.0207096 -0.047213 0.0856857
v 0.0195156 -0.05 0.084375
v 0.0243096 -0.0554202 0.0796093
v 0.0180653 -0.0577581 0.0796093
v 0.0205288 -0.0656344 0.0725996
v 0.0116559 -0.0593843 0.0796093
v 0.0132366 -0.0674841 0.0725996
v 0.00499749 -0.0603107 0.0796093
v 0.00567898 -0.0685351 0.0725996
v -0.00189491 -0.0687438 0.0725996
v -0.00210009 -0.0761873 0.0647386
v -0.0104686 -0.0754938 0.0647386
v -0.0113686 -0.0819844 0.0561187
v -0.0203186 -0.0802362 0.0561187
v -0.0216889 -0.0856477 0.0468408
v -0.0309792 -0.0827419 0.0468408
v -0.0325734 -0.0869997 0.0370138
v -0.0419464 -0.0828883 0.0370138
v -0.0435075 -0.0859732 0.0267528
v -0.0527012 -0.0806652 0.0267528
v -0.0539743 -0.0826138 0.0161782
v -0.0627349 -0.0761748 0.0161782
v -0.0634791 -0.0770785 0.00541389
v -0.0715731 -0.0696274 0.00541389
v -0.0715731 -0.0696274 -0.00541389
v -0.0787983 -0.0613312 -0.00541389
v 0.0240076 -0.0277561 0.0930215
v 0.0234006 -0.0336856 0.0912014
v 0.0248673 -0.0338332 0.0907575
v 0.0225066 -0.0394016 0.0891116
v 0.0195156 -0.05 0.084375
v 0.00993638 -0.0505888 0.0856857
v 0.00982117 -0.05 0.0860438
v 0.00425741 -0.0513793 0.0856857
v 0 -0.05 0.0866025
v -0.00142057 -0.0515358 0.0856857
v -0.00708132 -0.0510667 0.0856857
v -0.00831228 -0.0599438 0.0796093
v -0.00982117 -0.05 0.0860438
v -0.0148561 -0.0586656 0.0796093
v -0.0195156 -0.05 0.084375
v -0.0212197 -0.0566752 0.0796093
v -0.0273256 -0.0539969 0.0796093
v -0.0310519 -0.0613603 0.0725996
v -0.0376136 -0.0575719 0.0725996
v -0.0416863 -0.0638057 0.0647386
v -0.0484525 -0.0588326 0.0647386
v -0.0526182 -0.0638907 0.0561187
v -0.0593273 -0.0577145 0.0561187
v -0.0633286 -0.061607 0.0468408
v -0.0697215 -0.0542664 0.0468408
v -0.0733093 -0.0570589 0.0370138
v -0.0791413 -0.048648 0.0370138
v -0.0820867 -0.0504585 0.0267528
v -0.0871393 -0.041122 0.0267528
v -0.0892444 -0.0421154 0.0161782
v -0.023279 -0.0460005 0.0856857
v -0.0212415 -0.0448547 0.0868149
v -0.0225066 -0.0394016 0.0891116
v -0.0281981 -0.0431604 0.0856857
v -0.0234006 -0.0336856 0.0912014
v -0.032775 -0.0397965 0.0856857
v -0.0266933 -0.0324119 0.0907575
v -0.036954 -0.0359494 0.0856857
v -0.0300969 -0.0292787 0.0907575
v -0.0406844 -0.031666 0.0856857
v -0.0331351 -0.0257901 0.0907575
v -0.043921 -0.0269982 0.0856857
v -0.0357712 -0.0219885 0.0907575
v -0.0466245 -0.0220026 0.0856857
v -0.037973 -0.0179199 0.0907575
v -0.0240076 -0.0277561 0.0930215
v -0.0243942 -0.0216776 0.0945239
v -0.0251974 -0.0196119 0.0947653
v -0.0246226 -0.015512 0.0956718
v -0.0272019 -0.016721 0.0947653
v -0.0288763 -0.013627 0.0947653
v -0.0247462 -0.00932232 0.0964395
v -0.0883512 1.08199e-17 -0.0468408
v -0.0928977 1.13767e-17 -0.0370138
v -0.087815 0.00971936 -0.0468408
v -0.0923338 0.0102195 -0.0370138
v -0.0862128 0.0193207 -0.0468408
v -0.0906492 0.020315 -0.0370138
v -0.0835641 0.0286876 -0.0468408
v -0.0878642 0.0301638 -0.0370138
v -0.079901 0.0377062 -0.0468408
v -0.0840127 0.0396465 -0.0370138
v -0.0752681 0.0462671 -0.0468408
v -0.0791413 0.048648 -0.0370138
v -0.0697215 0.0542664 -0.0468408
v -0.0733093 0.0570589 -0.0370138
v -0.0633286 0.061607 -0.0468408
v -0.0665874 0.0647772 -0.0370138
v -0.056167 0.0681998 -0.0468408
v -0.0590573 0.0717093 -0.0370138
v -0.0483235 0.0739647 -0.0468408
v -0.0508102 0.0777708 -0.0370138
v -0.0398935 0.0788317 -0.0468408
v -0.0419464 0.0828883 -0.0370138
v -0.0309792 0.0827419 -0.0468408
v -0.0325734 0.0869997 -0.0370138
v -0.0216889 0.0856477 -0.0468408
v -0.022805 0.090055 -0.0370138
v -0.0121354 0.0875138 -0.0468408
v -0.0127598 0.0920172 -0.0370138
v -0.00243446 0.0883177 -0.0468408
v -0.00255973 0.0928624 -0.0370138
v 0.00729598 0.0880494 -0.0468408
v 0.00767143 0.0925804 -0.0370138
v 0.0169106 0.0867177 -0.0468408
v 0.0177904 0.0911783 -0.0370138
v 0.0255273 0.0893215 -0.0370138
v 0.0257966 0.0928376 -0.0267528
v 0.0287634 0.0919617 -0.0267528
v 0.0294582 0.0941832 -0.0161782
v 0.0387054 0.0882393 -0.0267528
v 0.0396404 0.0903709 -0.0161782
v 0.0481775 0.0834459 -0.0267528
v 0.0493413 0.0854617 -0.0161782
v 0.0570648 0.0776395 -0.0267528
v 0.0584433 0.079515 -0.0161782
v 0.0652595 0.0708907 -0.0267528
v 0.0668359 0.0726032 -0.0161782
v 0.0726619 0.0632813 -0.0267528
v 0.0744172 0.06481 -0.0161782
v 0.0791824 0.0549039 -0.0267528
v 0.0810952 0.0562302 -0.0161782
v 0.0847417 0.0458599 -0.0267528
v 0.0867888 0.0469678 -0.0161782
v 0.0892723 0.0362593 -0.0267528
v 0.0914289 0.0371352 -0.0161782
v 0.0927193 0.0262185 -0.0267528
v 0.0949592 0.0268519 -0.0161782
v 0.0950408 0.0158595 -0.0267528
v 0.0973367 0.0162426 -0.0161782
v 0.0962087 0.00530798 -0.0267528
v 0.0985328 0.00543621 -0.0161782
v 0.0962087 -0.00530798 -0.0267528
v 0.0985328 -0.00543621 -0.0161782
v 0.0950408 -0.0158595 -0.0267528
v 0.0973367 -0.0162426 -0.0161782
v 0.0927193 -0.0262185 -0.0267528
v 0.0949592 -0.0268519 -0.0161782
v 0.0892723 -0.0362593 -0.0267528
v 0.0914289 -0.0371352 -0.0161782
v 0.0847417 -0.0458599 -0.0267528
v 0.0867888 -0.0469678 -0.0161782
v 0.0791824 -0.0549039 -0.0267528
v 0.0810952 -0.0562302 -0.0161782
v 0.0726619 -0.0632813 -0.0267528
v 0.0744172 -0.06481 -0.0161782
v 0.0652595 -0.0708907 -0.0267528
v 0.0668359 -0.0726032 -0.0161782
v 0.0570648 -0.0776395 -0.0267528
v 0.0584433 -0.079515 -0.0161782
v 0.0481775 -0.0834459 -0.0267528
v 0.0493413 -0.0854617 -0.0161782
v 0.0387054 -0.0882393 -0.0267528
v 0.0396404 -0.0903709 -0.0161782
v 0.0287634 -0.0919617 -0.0267528
v 0.0294582 -0.0941832 -0.0161782
v -0.0928977 1.13767e-17 -0.0370138
v -0.0883512 1.08199e-17 -0.0468408
v -0.0923338 -0.0102195 -0.0370138
v -0.087815 -0.00971936 -0.0468408
v -0.0906492 -0.020315 -0.0370138
v -0.0862128 -0.0193207 -0.0468408
v -0.0878642 -0.0301638 -0.0370138
v -0.0835641 -0.0286876 -0.0468408
v -0.0840127 -0.0396465 -0.0370138
v -0.079901 -0.0377062 -0.0468408
v -0.0791413 -0.048648 -0.0370138
v -0.0752681 -0.0462671 -0.0468408
v -0.0733093 -0.0570589 -0.0370138
v -0.0697215 -0.0542664 -0.0468408
v -0.0665874 -0.0647772 -0.0370138
v -0.0633286 -0.061607 -0.0468408
v -0.0590573 -0.0717093 -0.0370138
v -0.056167 -0.0681998 -0.0468408
v -0.0508102 -0.0777708 -0.0370138
v -0.0483235 -0.0739647 -0.0468408
v -0.0419464 -0.0828883 -0.0370138
v -0.0398935 -0.0788317 -0.0468408
v -0.0325734 -0.0869997 -0.0370138
v -0.0309792 -0.0827419 -0.0468408
v -0.0222627 -0.0855003 -0.0468408
v -0.0209145 -0.0800829 -0.0561187
v -0.0203186 -0.0802362 -0.0561187
v -0.01871 -0.073884 -0.0647386
v -0.0113686 -0.0819844 -0.0561187
v -0.0104686 -0.0754938 -0.0647386
v -0.00228064 -0.0827375 -0.0561187
v -0.00210009 -0.0761873 -0.0647386
v 0.006835 -0.0824862 -0.0561187
v 0.00629388 -0.0759559 -0.0647386
v 0.0158677 -0.0812337 -0.0561187
v 0.0146115 -0.0748025 -0.0647386
v 0.0247077 -0.078995 -0.0561187
v 0.0227517 -0.0727411 -0.0647386
v 0.0332479 -0.0757976 -0.0561187
v 0.0306157 -0.0697968 -0.0647386
v 0.0413845 -0.07168 -0.0561187
v 0.0381081 -0.0660052 -0.0647386
v 0.0490187 -0.0666923 -0.0561187
v 0.0451379 -0.0614124 -0.0647386
v 0.0560579 -0.0608951 -0.0561187
v -0.096355 1.18001e-17 -0.0267528
v -0.0986826 1.20851e-17 -0.0161782
v -0.0957702 0.0105998 -0.0267528
v -0.0980837 0.0108559 -0.0161782
v -0.0940229 0.021071 -0.0267528
v -0.0962942 0.02158 -0.0161782
v -0.0911342 0.0312864 -0.0267528
v -0.0933358 0.0320422 -0.0161782
v -0.0871393 0.041122 -0.0267528
v -0.0892444 0.0421154 -0.0161782
v -0.0820867 0.0504585 -0.0267528
v -0.0840697 0.0516774 -0.0161782
v -0.0760376 0.0591825 -0.0267528
v -0.0778745 0.0606121 -0.0161782
v -0.0690656 0.067188 -0.0267528
v -0.070734 0.0688111 -0.0161782
v -0.0612552 0.074378 -0.0267528
v -0.0627349 0.0761748 -0.0161782
v -0.0527012 0.0806652 -0.0267528
v -0.0539743 0.0826138 -0.0161782
v -0.0435075 0.0859732 -0.0267528
v -0.0445585 0.08805 -0.0161782
v -0.0337857 0.0902375 -0.0267528
v -0.0346018 0.0924174 -0.0161782
v -0.0236538 0.0934066 -0.0267528
v -0.0242252 0.095663 -0.0161782
v -0.0980837 -0.0108559 -0.0161782
v -0.0957702 -0.0105998 -0.0267528
v -0.0962942 -0.02158 -0.0161782
v -0.0940229 -0.021071 -0.0267528
v -0.0933358 -0.0320422 -0.0161782
v -0.0911342 -0.0312864 -0.0267528
v -0.0892444 -0.0421154 -0.0161782
v -0.0871393 -0.041122 -0.0267528
v -0.0840697 -0.0516774 -0.0161782
v -0.0820867 -0.0504585 -0.0267528
v -0.0778745 -0.0606121 -0.0161782
v -0.0760376 -0.0591825 -0.0267528
v -0.070734 -0.0688111 -0.0161782
v -0.0690656 -0.067188 -0.0267528
v -0.0627349 -0.0761748 -0.0161782
v -0.0612552 -0.074378 -0.0267528
v -0.0539743 -0.0826138 -0.0161782
v -0.0527012 -0.0806652 -0.0267528
v -0.0445585 -0.08805 -0.0161782
v -0.0435075 -0.0859732 -0.0267528
v -0.0346018 -0.0924174 -0.0161782
v -0.0337857 -0.0902375 -0.0267528
v -0.0241434 -0.0932812 -0.0267528
v -0.0233427 -0.0899172 -0.0370138
v -0.022805 -0.090055 -0.0370138
v -0.0216889 -0.0856477 -0.0468408
v -0.0127598 -0.0920172 -0.0370138
v -0.0121354 -0.0875138 -0.0468408
v -0.00255973 -0.0928624 -0.0370138
v -0.00243446 -0.0883177 -0.0468408
v 0.00767143 -0.0925804 -0.0370138
v 0.00729598 -0.0880494 -0.0468408
v 0.0178095 -0.0911746 -0.0370138
v 0.0169379 -0.0867124 -0.0468408
v 0.0277313 -0.088662 -0.0370138
v 0.0263741 -0.0843228 -0.0468408
v 0.0373166 -0.0850732 -0.0370138
v 0.0354903 -0.0809097 -0.0468408
v 0.0464488 -0.0804517 -0.0370138
v 0.0441756 -0.0765144 -0.0468408
v 0.0550173 -0.0748537 -0.0370138
v 0.0523247 -0.0711903 -0.0468408
v 0.0629179 -0.068347 -0.0370138
v 0.0598386 -0.0650021 -0.0468408
v 0.0700547 -0.0610107 -0.0370138
v 0.0666262 -0.0580248 -0.0468408
v 0.0763412 -0.0529338 -0.0370138
v -0.0998533 1.22285e-17 -0.00541389
v -0.0998533 1.22285e-17 0.00541389
v -0.0992473 0.0109847 -0.00541389
v -0.0992473 0.0109847 0.00541389
v -0.0974365 0.021836 -0.00541389
v -0.0974365 0.021836 0.00541389
v -0.094443 0.0324223 -0.00541389
v -0.094443 0.0324223 0.00541389
v -0.0903031 0.0426151 -0.00541389
v -0.0903031 0.0426151 0.00541389
v -0.085067 0.0522905 -0.00541389
v -0.085067 0.0522905 0.00541389
v -0.0787983 0.0613312 -0.00541389
v -0.0787983 0.0613312 0.00541389
v -0.0715731 0.0696274 -0.00541389
v -0.0715731 0.0696274 0.00541389
v -0.0634791 0.0770785 -0.00541389
v -0.0634791 0.0770785 0.00541389
v -0.0546146 0.0835939 -0.00541389
v -0.0546146 0.0835939 0.00541389
v -0.0450871 0.0890946 -0.00541389
v -0.0450871 0.0890946 0.00541389
v -0.0350123 0.0935138 -0.00541389
v -0.0986826 1.20851e-17 0.0161782
v -0.0980837 0.0108559 0.0161782
v -0.0962942 0.02158 0.0161782
v -0.0933358 0.0320422 0.0161782
v -0.0892444 0.0421154 0.0161782
v -0.0840697 0.0516774 0.0161782
v -0.0778745 0.0606121 0.0161782
v -0.070734 0.0688111 0.0161782
v -0.0627349 0.0761748 0.0161782
v -0.0539743 0.0826138 0.0161782
v -0.0998533 1.22285e-17 0.00541389
v -0.0998533 1.22285e-17 -0.00541389
v -0.0992473 -0.0109847 0.00541389
v -0.0992473 -0.0109847 -0.00541389
v -0.0974365 -0.021836 0.00541389
v -0.0974365 -0.021836 -0.00541389
v -0.094443 -0.0324223 0.00541389
v -0.094443 -0.0324223 -0.00541389
v -0.096355 1.18001e-17 0.0267528
v -0.0957702 0.0105998 0.0267528
v -0.0940229 0.021071 0.0267528
v -0.0911342 0.0312864 0.0267528
v -0.0871393 0.041122 0.0267528
v -0.0820867 0.0504585 0.0267528
v -0.0760376 0.0591825 0.0267528
v -0.0690656 0.067188 0.0267528
v -0.0612552 0.074378 0.0267528
v -0.0980837 -0.0108559 0.0161782
v -0.0962942 -0.02158 0.0161782
v -0.0933358 -0.0320422 0.0161782
v -0.0928977 1.13767e-17 0.0370138
v -0.0923338 0.0102195 0.0370138
v -0.0906492 0.020315 0.0370138
v -0.0878642 0.0301638 0.0370138
v -0.0840127 0.0396465 0.0370138
v -0.0791413 0.048648 0.0370138
v -0.0733093 0.0570589 0.0370138
v -0.0665874 0.0647772 0.0370138
v -0.0986826 1.20851e-17 0.0161782
v -0.0957702 -0.0105998 0.0267528
v -0.0940229 -0.021071 0.0267528
v -0.0911342 -0.0312864 0.0267528
v -0.0883512 1.08199e-17 0.0468408
v -0.087815 0.00971936 0.0468408
v -0.0862128 0.0193207 0.0468408
v -0.0835641 0.0286876 0.0468408
v -0.079901 0.0377062 0.0468408
v -0.0752681 0.0462671 0.0468408
v -0.0697215 0.0542664 0.0468408
v -0.096355 1.18001e-17 0.0267528
v -0.0923338 -0.0102195 0.0370138
v -0.0906492 -0.020315 0.0370138
v -0.0878642 -0.0301638 0.0370138
v -0.0827689 1.01363e-17 0.0561187
v -0.0822665 0.00910526 0.0561187
v -0.0807656 0.0181 0.0561187
v -0.0782843 0.026875 0.0561187
v -0.0748526 0.0353238 0.0561187
v -0.0705124 0.0433438 0.0561187
v -0.0928977 1.13767e-17 0.0370138
v -0.087815 -0.00971936 0.0468408
v -0.0862128 -0.0193207 0.0468408
v -0.0835641 -0.0286876 0.0468408
v -0.0762162 9.33379e-18 0.0647386
v -0.0757536 0.00838441 0.0647386
v -0.0743715 0.016667 0.0647386
v -0.0720866 0.0247474 0.0647386
v -0.0689267 0.0325273 0.0647386
v -0.0822665 -0.00910526 0.0561187
v -0.0807656 -0.0181 0.0561187
v -0.0782843 -0.026875 0.0561187
v -0.0687699 8.42189e-18 0.0725996
v -0.0683526 0.00756526 0.0725996
v -0.0671055 0.0150387 0.0725996
v -0.0650438 0.0223296 0.0725996
v -0.0757536 -0.00838441 0.0647386
v -0.0743715 -0.016667 0.0647386
v -0.0720866 -0.0247474 0.0647386
v -0.0605174 7.41125e-18 0.0796093
v -0.0601501 0.00665741 0.0796093
v -0.0590527 0.013234 0.0796093
v -0.0683526 -0.00756526 0.0725996
v -0.0671055 -0.0150387 0.0725996
v -0.0650438 -0.0223296 0.0725996
v -0.0515554 6.31371e-18 0.0856857
v -0.0512425 0.00567152 0.0856857
v -0.0601501 -0.00665741 0.0796093
v -0.0590527 -0.013234 0.0796093
v -0.0572384 -0.01965 0.0796093
v -0.0419889 5.14216e-18 0.0907575
v -0.0417341 -0.00461913 0.0907575
v -0.0317364 -0.00351258 0.0947653
v -0.0311573 -0.00698252 0.0947653
v -0.0512425 -0.00567152 0.0856857
v -0.0503076 -0.0112742 0.0856857
v -0.048762 -0.01674 0.0856857
v 0.0401106 -0.091443 0.00541389
v 0.0298077 -0.0953005 0.00541389
v 0.0298077 -0.0953005 -0.00541389
v 0.0401106 -0.091443 -0.00541389
v 0.0184846 -0.0945654 0.0267528
v 0.0294582 -0.0941832 0.0161782
v 0.0287634 -0.0919617 0.0267528
v 0.0387054 -0.0882393 0.0267528
v 0.0373166 -0.0850732 0.0370138
v 0.0464488 -0.0804517 0.0370138
v 0.0441756 -0.0765144 0.0468408
v 0.0523247 -0.0711903 0.0468408
v 0.0490187 -0.0666923 0.0561187
v 0.0560579 -0.0608951 0.0561187
v 0.0516198 -0.0560741 0.0647386
v 0.0574751 -0.0500551 0.0647386
v 0.0518599 -0.0451648 0.0725996
v 0.0565136 -0.0391857 0.0725996
v 0.0497319 -0.0344833 0.0796093
v 0.0532235 -0.0288031 0.0796093
v 0.0453416 -0.0245377 0.0856857
v 0.0477658 -0.0194008 0.0856857
v 0.0389025 -0.0158008 0.0907575
v 0.0404046 -0.0114253 0.0907575
v 0.0307254 -0.00868831 0.0947653
v 0.0314947 -0.00525553 0.0947653
v 0.0396404 -0.0903709 0.0161782
v 0.0169717 -0.0867058 0.0468408
v 0.0263741 -0.0843228 0.0468408
v 0.01591 -0.0812254 0.0561187
v 0.0247077 -0.078995 0.0561187
v 0.0306157 -0.0697968 0.0647386
v 0.0332479 -0.0757976 0.0561187
v 0.0146601 -0.074793 0.0647386
v 0.0227517 -0.0727411 0.0647386
v 0.0132366 -0.0674841 0.0725996
v 0.0205288 -0.0656344 0.0725996
v 0.0243096 -0.0554202 0.0796093
v 0.0276246 -0.0629777 0.0725996
v 0.0180653 -0.0577581 0.0796093
v 0.00993638 -0.0505888 0.0856857
v 0.0116559 -0.0593843 0.0796093
v 0.00425741 -0.0513793 0.0856857
v 0.00499749 -0.0603107 0.0796093
v -0.00166752 -0.0604944 0.0796093
v -0.00189491 -0.0687438 0.0725996
v -0.0094458 -0.0681181 0.0725996
v -0.0104686 -0.0754938 0.0647386
v -0.01871 -0.073884 0.0647386
v -0.0203186 -0.0802362 0.0561187
v -0.0290219 -0.077514 0.0561187
v -0.0309792 -0.0827419 0.0468408
v -0.0398935 -0.0788317 0.0468408
v -0.0419464 -0.0828883 0.0370138
v -0.0508102 -0.0777708 0.0370138
v -0.0527012 -0.0806652 0.0267528
v -0.0612552 -0.074378 0.0267528
v -0.0627349 -0.0761748 0.0161782
v -0.070734 -0.0688111 0.0161782
v -0.0715731 -0.0696274 0.00541389
v -0.0787983 -0.0613312 0.00541389
v -0.0787983 -0.0613312 -0.00541389
v -0.085067 -0.0522905 -0.00541389
v 0.00629388 -0.0759559 0.0647386
v 0.0146601 -0.074793 0.0647386
v 0.00567898 -0.0685351 0.0725996
v 0.0132366 -0.0674841 0.0725996
v 0.00729598 -0.0880494 0.0468408
v 0.0169717 -0.0867058 0.0468408
v 0.006835 -0.0824862 0.0561187
v 0.01591 -0.0812254 0.0561187
v 0.0499267 -0.0864755 0.00541389
v 0.0401106 -0.091443 0.00541389
v 0.0401106 -0.091443 -0.00541389
v 0.0499267 -0.0864755 -0.00541389
v 0.0464488 -0.0804517 0.0370138
v 0.0387054 -0.0882393 0.0267528
v 0.0481775 -0.0834459 0.0267528
v 0.0396404 -0.0903709 0.0161782
v 0.034385 -0.0595565 0.0725996
v 0.0306157 -0.0697968 0.0647386
v 0.0381081 -0.0660052 0.0647386
v 0.0332479 -0.0757976 0.0561187
v 0.0257777 -0.0446483 0.0856857
v 0.0207096 -0.047213 0.0856857
v 0.0243096 -0.0554202 0.0796093
v 0.0302587 -0.0524096 0.0796093
v 0.0276246 -0.0629777 0.0725996
v 0.0591367 -0.0804583 0.00541389
v 0.0591367 -0.0804583 -0.00541389
v 0.0523247 -0.0711903 0.0468408
v 0.0550173 -0.0748537 0.0370138
v 0.0358405 -0.0487628 0.0796093
v 0.040728 -0.0554124 0.0725996
v 0.0305329 -0.0415415 0.0856857
v 0.0676288 -0.0734645 0.00541389
v 0.0676288 -0.0734645 -0.00541389
v 0.0753001 -0.0655789 0.00541389
v 0.0753001 -0.0655789 -0.00541389
v 0.0820573 -0.0568972 0.00541389
v 0.0820573 -0.0568972 -0.00541389
v 0.0878184 -0.0475249 0.00541389
v 0.0878184 -0.0475249 -0.00541389
v 0.0925135 -0.0375757 0.00541389
v 0.0925135 -0.0375757 -0.00541389
v 0.0960857 -0.0271704 0.00541389
v 0.0960857 -0.0271704 -0.00541389
v 0.0984915 -0.0164353 0.00541389
v 0.0984915 -0.0164353 -0.00541389
v 0.0997017 -0.0055007 0.00541389
v 0.0997017 -0.0055007 -0.00541389
v 0.0997017 0.0055007 0.00541389
v 0.0997017 0.0055007 -0.00541389
v 0.0984915 0.0164353 0.00541389
v 0.0984915 0.0164353 -0.00541389
v 0.0960857 0.0271704 0.00541389
v 0.0960857 0.0271704 -0.00541389
v 0.0925135 0.0375757 0.00541389
v 0.0925135 0.0375757 -0.00541389
v 0.0878184 0.0475249 0.00541389
v 0.0878184 0.0475249 -0.00541389
v 0.0820573 0.0568972 0.00541389
v 0.0820573 0.0568972 -0.00541389
v 0.0753001 0.0655789 0.00541389
v 0.0753001 0.0655789 -0.00541389
v 0.0676288 0.0734645 0.00541389
v 0.0676288 0.0734645 -0.00541389
v 0.0591367 0.0804583 0.00541389
v 0.0591367 0.0804583 -0.00541389
v 0.0499267 0.0864755 0.00541389
v 0.0499267 0.0864755 -0.00541389
v 0.0401106 0.091443 0.00541389
v 0.0401106 0.091443 -0.00541389
v 0.0298077 0.0953005 0.00541389
v 0.0298077 0.0953005 -0.00541389
v 0.0584433 -0.079515 0.0161782
v 0.0668359 -0.0726032 0.0161782
v 0.0652595 -0.0708907 0.0267528
v 0.0726619 -0.0632813 0.0267528
v 0.0700547 -0.0610107 0.0370138
v 0.0763412 -0.0529338 0.0370138
v 0.0726051 -0.0503432 0.0468408
v 0.0777026 -0.0420505 0.0468408
v 0.0727931 -0.0393936 0.0561187
v 0.0766849 -0.0311467 0.0561187
v 0.0706139 -0.0286809 0.0647386
v 0.0733404 -0.0207387 0.0647386
v 0.0661751 -0.0187125 0.0725996
v 0.067832 -0.0113192 0.0725996
v 0.059692 -0.00996084 0.0796093
v 0.0604255 -0.00333377 0.0796093
v 0.0514771 -0.00284007 0.0856857
v 0.0514771 0.00284007 0.0856857
v 0.0419252 0.00231308 0.0907575
v 0.0414162 0.00691115 0.0907575
v 0.0314947 0.00525553 0.0947653
v 0.0307254 0.00868831 0.0947653
v 0.0744172 -0.06481 0.0161782
v 0.0523247 -0.0711903 0.0468408
v 0.0550173 -0.0748537 0.0370138
v 0.0598386 -0.0650021 0.0468408
v 0.0560579 -0.0608951 0.0561187
v 0.0624166 -0.0543586 0.0561187
v 0.0574751 -0.0500551 0.0647386
v 0.0626328 -0.0434286 0.0647386
v 0.0565136 -0.0391857 0.0725996
v 0.0604814 -0.0327309 0.0725996
v 0.0532235 -0.0288031 0.0796093
v 0.056069 -0.0227733 0.0796093
v 0.0477658 -0.0194008 0.0856857
v 0.0496101 -0.0140284 0.0856857
v 0.0404046 -0.0114253 0.0907575
v 0.0414162 -0.00691115 0.0907575
v 0.0314947 -0.00525553 0.0947653
v 0.0318817 -0.00175896 0.0947653
v 0.0358405 -0.0487628 0.0796093
v 0.040728 -0.0554124 0.0725996
v 0.0409873 -0.0445241 0.0796093
v 0.0349175 -0.0379305 0.0856857
v 0.0388783 -0.0338591 0.0856857
v 0.0316641 -0.0275763 0.0907575
v 0.0345056 -0.0239256 0.0907575
v 0.0262395 -0.0181941 0.0947653
v 0.0280817 -0.0151971 0.0947653
v 0.0763412 -0.0529338 0.0370138
v 0.0726619 -0.0632813 0.0267528
v 0.0791824 -0.0549039 0.0267528
v 0.0744172 -0.06481 0.0161782
v 0.0777026 -0.0420505 0.0468408
v 0.0817011 -0.0442144 0.0370138
v 0.0766849 -0.0311467 0.0561187
v 0.0818569 -0.0332474 0.0468408
v 0.0927193 -0.0262185 0.0267528
v 0.0914289 -0.0371352 0.0161782
v 0.0949592 -0.0268519 0.0161782
v 0.0733404 -0.0207387 0.0647386
v 0.0796459 -0.0225217 0.0561187
v 0.0950408 -0.0158595 0.0267528
v 0.0973367 -0.0162426 0.0161782
v 0.0962087 -0.00530798 0.0267528
v 0.0985328 -0.00543621 0.0161782
v 0.0962087 0.00530798 0.0267528
v 0.0985328 0.00543621 0.0161782
v 0.0950408 0.0158595 0.0267528
v 0.0973367 0.0162426 0.0161782
v 0.0927193 0.0262185 0.0267528
v 0.0949592 0.0268519 0.0161782
v 0.0892723 0.0362593 0.0267528
v 0.0914289 0.0371352 0.0161782
v 0.0847417 0.0458599 0.0267528
v 0.0867888 0.0469678 0.0161782
v 0.0791824 0.0549039 0.0267528
v 0.0810952 0.0562302 0.0161782
v 0.0726619 0.0632813 0.0267528
v 0.0744172 0.06481 0.0161782
v 0.0652595 0.0708907 0.0267528
v 0.0668359 0.0726032 0.0161782
v 0.0570648 0.0776395 0.0267528
v 0.0584433 0.079515 0.0161782
v 0.0481775 0.0834459 0.0267528
v 0.0493413 0.0854617 0.0161782
v 0.0387054 0.0882393 0.0267528
v 0.0396404 0.0903709 0.0161782
v 0.067832 -0.0113192 0.0725996
v 0.0733404 -0.0207387 0.0647386
v 0.0751767 -0.0125448 0.0647386
v 0.0796459 -0.0225217 0.0561187
v 0.0751767 -0.0125448 -0.0647386
v 0.0761005 -0.00419858 -0.0647386
v 0.0826432 -0.00455955 -0.0561187
v 0.0826432 0.00455955 -0.0561187
v 0.088217 0.00486707 -0.0468408
v 0.0871462 0.0145421 -0.0468408
v 0.0916307 0.0152905 -0.0370138
v 0.0893925 0.0252778 -0.0370138
v 0.0962087 -0.00530798 0.0267528
v 0.0927566 -0.00511752 0.0370138
v 0.0950408 -0.0158595 0.0267528
v 0.0916307 -0.0152905 0.0370138
v 0.0927193 -0.0262185 0.0267528
v 0.088217 -0.00486707 0.0468408
v 0.088217 0.00486707 0.0468408
v 0.0826432 0.00455955 0.0561187
v 0.08164 0.0136233 0.0561187
v 0.0751767 0.0125448 0.0647386
v 0.0733404 0.0207387 0.0647386
v 0.0661751 0.0187125 0.0725996
v 0.0637149 0.0258788 0.0725996
v 0.056069 0.0227733 0.0796093
v 0.0532235 0.0288031 0.0796093
v 0.0453416 0.0245377 0.0856857
v 0.0423671 0.0293767 0.0856857
v 0.0345056 0.0239256 0.0907575
v 0.0316641 0.0275763 0.0907575
v 0.0927566 0.00511752 0.0370138
v 0.0962087 0.00530798 0.0267528
v 0.0916307 0.0152905 0.0370138
v 0.0950408 0.0158595 0.0267528
v 0.0893925 0.0252778 0.0370138
v 0.0927193 0.0262185 0.0267528
v 0.0860691 0.0349583 0.0370138
v 0.0892723 0.0362593 0.0267528
v 0.0817011 0.0442144 0.0370138
v 0.0847417 0.0458599 0.0267528
v 0.0763412 0.0529338 0.0370138
v 0.0791824 0.0549039 0.0267528
v 0.0700547 0.0610107 0.0370138
v 0.0726619 0.0632813 0.0267528
v 0.0629179 0.068347 0.0370138
v 0.0652595 0.0708907 0.0267528
v 0.0550173 0.0748537 0.0370138
v 0.0570648 0.0776395 0.0267528
v 0.0464488 0.0804517 0.0370138
v 0.0481775 0.0834459 0.0267528
v 0.0373166 0.0850732 0.0370138
v 0.0387054 0.0882393 0.0267528
v 0.067832 -0.0113192 0.0725996
v 0.0751767 -0.0125448 0.0647386
v 0.0686655 -0.00378838 0.0725996
v 0.0604255 -0.00333377 0.0796093
v 0.0604255 0.00333377 0.0796093
v 0.0514771 0.00284007 0.0856857
v 0.0508522 0.00848574 0.0856857
v 0.0414162 0.00691115 0.0907575
v 0.0404046 0.0114253 0.0907575
v 0.0307254 0.00868831 0.0947653
v 0.0295831 0.0120156 0.0947653
v 0.0761005 -0.00419858 -0.0647386
v 0.0761005 0.00419858 -0.0647386
v 0.0826432 0.00455955 -0.0561187
v 0.08164 0.0136233 -0.0561187
v 0.0871462 0.0145421 -0.0468408
v 0.0850175 0.0240407 -0.0468408
v 0.0893925 0.0252778 -0.0370138
v 0.0860691 0.0349583 -0.0370138
v 0.0927566 -0.00511752 0.0370138
v 0.0927566 0.00511752 0.0370138
v 0.088217 0.00486707 0.0468408
v 0.0871462 0.0145421 0.0468408
v 0.08164 0.0136233 0.0561187
v 0.0796459 0.0225217 0.0561187
v 0.0733404 0.0207387 0.0647386
v 0.0706139 0.0286809 0.0647386
v 0.0637149 0.0258788 0.0725996
v 0.0604814 0.0327309 0.0725996
v 0.0532235 0.0288031 0.0796093
v 0.0497319 0.0344833 0.0796093
v 0.0423671 0.0293767 0.0856857
v 0.0388783 0.0338591 0.0856857
v 0.0316641 0.0275763 0.0907575
v 0.0284383 0.0308922 0.0907575
v 0.0916307 0.0152905 0.0370138
v 0.0751767 0.0125448 -0.0647386
v 0.0796459 0.0225217 -0.0561187
v 0.0818569 0.0332474 -0.0468408
v 0.0817011 0.0442144 -0.0370138
v 0.0850175 0.0240407 0.0468408
v 0.0893925 0.0252778 0.0370138
v 0.0818569 0.0332474 0.0468408
v 0.0860691 0.0349583 0.0370138
v 0.0777026 0.0420505 0.0468408
v 0.0817011 0.0442144 0.0370138
v 0.0726051 0.0503432 0.0468408
v 0.0763412 0.0529338 0.0370138
v 0.0666262 0.0580248 0.0468408
v 0.0700547 0.0610107 0.0370138
v 0.0598386 0.0650021 0.0468408
v 0.0629179 0.068347 0.0370138
v 0.0523247 0.0711903 0.0468408
v 0.0550173 0.0748537 0.0370138
v 0.0441756 0.0765144 0.0468408
v 0.0464488 0.0804517 0.0370138
v 0.0354903 0.0809097 0.0468408
v 0.0373166 0.0850732 0.0370138
v 0.0733404 0.0207387 -0.0647386
v 0.0766849 0.0311467 -0.0561187
v 0.0777026 0.0420505 -0.0468408
v 0.0763412 0.0529338 -0.0370138
v 0.0871462 0.0145421 0.0468408
v 0.0796459 0.0225217 0.0561187
v 0.0766849 0.0311467 0.0561187
v 0.0706139 0.0286809 0.0647386
v 0.0670302 0.0362749 0.0647386
v 0.0604814 0.0327309 0.0725996
v 0.0565136 0.0391857 0.0725996
v 0.0497319 0.0344833 0.0796093
v 0.0456366 0.0397449 0.0796093
v 0.0388783 0.0338591 0.0856857
v 0.0349175 0.0379305 0.0856857
v 0.0284383 0.0308922 0.0907575
v 0.0248673 0.0338332 0.0907575
v 0.0850175 0.0240407 0.0468408
v 0.0818569 0.0332474 0.0468408
v 0.0706139 0.0286809 -0.0647386
v 0.0727931 0.0393936 -0.0561187
v 0.0726051 0.0503432 -0.0468408
v 0.0700547 0.0610107 -0.0370138
v 0.0727931 0.0393936 0.0561187
v 0.0777026 0.0420505 0.0468408
v 0.0680176 0.0471624 0.0561187
v 0.0726051 0.0503432 0.0468408
v 0.0624166 0.0543586 0.0561187
v 0.0666262 0.0580248 0.0468408
v 0.0560579 0.0608951 0.0561187
v 0.0598386 0.0650021 0.0468408
v 0.0490187 0.0666923 0.0561187
v 0.0523247 0.0711903 0.0468408
v 0.0413845 0.07168 0.0561187
v 0.0441756 0.0765144 0.0468408
v 0.0332479 0.0757976 0.0561187
v 0.0354903 0.0809097 0.0468408
v 0.0670302 0.0362749 -0.0647386
v 0.0680176 0.0471624 -0.0561187
v 0.0666262 0.0580248 -0.0468408
v 0.0629179 0.068347 -0.0370138
v 0.0766849 0.0311467 0.0561187
v 0.0670302 0.0362749 0.0647386
v 0.0626328 0.0434286 0.0647386
v 0.0565136 0.0391857 0.0725996
v 0.0518599 0.0451648 0.0725996
v 0.0456366 0.0397449 0.0796093
v 0.0409873 0.0445241 0.0796093
v 0.0349175 0.0379305 0.0856857
v 0.0305329 0.0415415 0.0856857
v 0.0248673 0.0338332 0.0907575
v 0.0727931 0.0393936 0.0561187
v 0.0626328 0.0434286 -0.0647386
v 0.0624166 0.0543586 -0.0561187
v 0.0598386 0.0650021 -0.0468408
v 0.0680176 0.0471624 0.0561187
v 0.0574751 0.0500551 0.0647386
v 0.0624166 0.0543586 0.0561187
v 0.0516198 0.0560741 0.0647386
v 0.0560579 0.0608951 0.0561187
v 0.0451379 0.0614124 0.0647386
v 0.0490187 0.0666923 0.0561187
v 0.0381081 0.0660052 0.0647386
v 0.0413845 0.07168 0.0561187
v 0.0306157 0.0697968 0.0647386
v 0.0332479 0.0757976 0.0561187
v 0.0465766 0.0505957 0.0725996
v 0.0358405 0.0487628 0.0796093
v 0.0257777 0.0446483 0.0856857
v 0.0670302 0.0362749 -0.0647386
v 0.0680176 0.0471624 -0.0561187
v 0.0550173 0.0748537 -0.0370138
v 0.0629179 0.068347 -0.0370138
v 0.040728 0.0554124 0.0725996
v 0.034385 0.0595565 0.0725996
v 0.0276246 0.0629777 0.0725996
v 0.0302587 0.0524096 0.0796093
v 0.0207096 0.047213 0.0856857
v 0.0243096 0.0554202 0.0796093
v 0.0226894 0.0968246 -0.0104972
v 0.0298077 0.0953005 -0.00541389
v 0.0257212 0.0952717 -0.0161782
v -0.0242252 0.095663 0.0161782
v -0.0245125 0.0967979 0.00541389
v -0.0346018 0.0924174 0.0161782
v -0.0350123 0.0935138 0.00541389
v -0.0445585 0.08805 0.0161782
v -0.0236538 0.0934066 0.0267528
v -0.0337857 0.0902375 0.0267528
v -0.0435075 0.0859732 0.0267528
v -0.0527012 0.0806652 0.0267528
v -0.0325734 0.0869997 0.0370138
v -0.0419464 0.0828883 0.0370138
v -0.0398935 0.0788317 0.0468408
v -0.0483235 0.0739647 0.0468408
v -0.0452703 0.0692913 0.0561187
v -0.0526182 0.0638907 0.0561187
v -0.0484525 0.0588326 0.0647386
v -0.0546304 0.0531453 0.0647386
v -0.0492931 0.0479531 0.0725996
v -0.0542691 0.0422394 0.0725996
v -0.0477568 0.0371706 0.0796093
v -0.051556 0.0316913 0.0796093
v -0.043921 0.0269982 0.0856857
v -0.0466245 0.0220026 0.0856857
v -0.037973 0.0179199 0.0907575
v -0.0397138 0.0136338 0.0907575
v -0.0302001 0.0103677 0.0947653
v -0.0311573 0.00698252 0.0947653
v -0.01871 0.073884 0.0647386
v -0.0241133 0.0644038 0.0725996
v -0.016882 0.0666656 0.0725996
v -0.0212197 0.0566752 0.0796093
v -0.0273256 0.0539969 0.0796093
v -0.0113686 0.0819844 0.0561187
v -0.0104686 0.0754938 0.0647386
v -0.0508102 0.0777708 0.0370138
v -0.0435075 0.0859732 0.0267528
v -0.0527012 0.0806652 0.0267528
v -0.0590573 0.0717093 0.0370138
v -0.0419464 0.0828883 0.0370138
v -0.056167 0.0681998 0.0468408
v -0.0483235 0.0739647 0.0468408
v -0.0593273 0.0577145 0.0561187
v -0.0526182 0.0638907 0.0561187
v -0.0601453 0.046813 0.0647386
v -0.0546304 0.0531453 0.0647386
v -0.0585865 0.036013 0.0725996
v -0.0542691 0.0422394 0.0725996
v -0.0547294 0.0258274 0.0796093
v -0.051556 0.0316913 0.0796093
v -0.048762 0.01674 0.0856857
v -0.0466245 0.0220026 0.0856857
v -0.0409726 0.00918218 0.0907575
v -0.0397138 0.0136338 0.0907575
v -0.0317364 0.00351258 0.0947653
v -0.0546304 0.0531453 -0.0647386
v -0.0593273 0.0577145 -0.0561187
v -0.0484525 0.0588326 -0.0647386
v -0.0526182 0.0638907 -0.0561187
v -0.0416863 0.0638057 -0.0647386
v -0.0653163 0.0508377 -0.0561187
v -0.0601453 0.046813 -0.0647386
v -0.0705124 0.0433438 -0.0561187
v -0.0649301 0.0399124 -0.0647386
v -0.0748526 0.0353238 -0.0561187
v -0.0689267 0.0325273 -0.0647386
v -0.0782843 0.026875 -0.0561187
v -0.0720866 0.0247474 -0.0647386
v -0.0807656 0.0181 -0.0561187
v -0.0743715 0.016667 -0.0647386
v -0.0822665 0.00910526 -0.0561187
v -0.056167 0.0681998 0.0468408
v -0.0590573 0.0717093 0.0370138
v -0.0633286 0.061607 0.0468408
v -0.0593273 0.0577145 0.0561187
v -0.0653163 0.0508377 0.0561187
v -0.0601453 0.046813 0.0647386
v -0.0649301 0.0399124 0.0647386
v -0.0585865 0.036013 0.0725996
v -0.0621926 0.0293494 0.0725996
v -0.0547294 0.0258274 0.0796093
v -0.0572384 0.01965 0.0796093
v -0.048762 0.01674 0.0856857
v -0.0503076 0.0112742 0.0856857
v -0.0409726 0.00918218 0.0907575
v -0.0417341 0.00461913 0.0907575
v -0.0317364 0.00351258 0.0947653
v -0.0319302 -3.91032e-18 0.0947653
v -0.0272019 0.016721 0.0947653
v -0.0251974 0.0196119 0.0947653
v -0.0331351 0.0257901 0.0907575
v -0.0515554 6.31371e-18 0.0856857
v -0.0512425 -0.00567152 0.0856857
v -0.0417341 -0.00461913 0.0907575
v -0.0409726 -0.00918218 0.0907575
v -0.0311573 -0.00698252 0.0947653
v -0.0302001 -0.0103677 0.0947653
v -0.0503076 -0.0112742 0.0856857
v -0.048762 -0.01674 0.0856857
v -0.0397138 -0.0136338 0.0907575
v -0.0903031 -0.0426151 0.00541389
v -0.0903031 -0.0426151 -0.00541389
v -0.085067 -0.0522905 0.00541389
v -0.085067 -0.0522905 -0.00541389
v -0.0787983 -0.0613312 0.00541389
v -0.0892444 -0.0421154 0.0161782
v -0.0840697 -0.0516774 0.0161782
v -0.0778745 -0.0606121 0.0161782
v -0.070734 -0.0688111 0.0161782
v -0.0871393 -0.041122 0.0267528
v -0.0791413 -0.048648 0.0370138
v -0.0840127 -0.0396465 0.0370138
v -0.0752681 -0.0462671 0.0468408
v -0.079901 -0.0377062 0.0468408
v -0.0705124 -0.0433438 0.0561187
v -0.0748526 -0.0353238 0.0561187
v -0.0649301 -0.0399124 0.0647386
v -0.0689267 -0.0325273 0.0647386
v -0.0585865 -0.036013 0.0725996
v -0.0621926 -0.0293494 0.0725996
v -0.051556 -0.0316913 0.0796093
v -0.0547294 -0.0258274 0.0796093
v -0.043921 -0.0269982 0.0856857
v -0.0466245 -0.0220026 0.0856857
v -0.0272019 -0.016721 0.0947653
v -0.037973 -0.0179199 0.0907575
v -0.0357712 -0.0219885 0.0907575
v -0.0820867 -0.0504585 0.0267528
v -0.0760376 -0.0591825 0.0267528
v -0.0733093 -0.0570589 0.0370138
v -0.0665874 -0.0647772 0.0370138
v -0.0633286 -0.061607 0.0468408
v -0.056167 -0.0681998 0.0468408
v -0.0526182 -0.0638907 0.0561187
v -0.0452703 -0.0692913 0.0561187
v -0.0416863 -0.0638057 0.0647386
v -0.0344142 -0.0680042 0.0647386
v -0.0310519 -0.0613603 0.0725996
v -0.0241133 -0.0644038 0.0725996
v -0.0212197 -0.0566752 0.0796093
v -0.0148561 -0.0586656 0.0796093
v -0.0840697 -0.0516774 0.0161782
v -0.0778745 -0.0606121 0.0161782
v -0.0791413 -0.048648 0.0370138
v -0.0697215 -0.0542664 0.0468408
v -0.0752681 -0.0462671 0.0468408
v -0.0653163 -0.0508377 0.0561187
v -0.0705124 -0.0433438 0.0561187
v -0.0601453 -0.046813 0.0647386
v -0.0649301 -0.0399124 0.0647386
v -0.0542691 -0.0422394 0.0725996
v -0.0585865 -0.036013 0.0725996
v -0.0477568 -0.0371706 0.0796093
v -0.051556 -0.0316913 0.0796093
v -0.0406844 -0.031666 0.0856857
v -0.043921 -0.0269982 0.0856857
v -0.0251974 -0.0196119 0.0947653
v -0.0272019 -0.016721 0.0947653
v -0.0357712 -0.0219885 0.0907575
v -0.0331351 -0.0257901 0.0907575
v -0.0546304 -0.0531453 -0.0647386
v -0.0593273 -0.0577145 -0.0561187
v -0.0601453 -0.046813 -0.0647386
v -0.0653163 -0.0508377 -0.0561187
v -0.0649301 -0.0399124 -0.0647386
v -0.0526182 -0.0638907 -0.0561187
v -0.0484525 -0.0588326 -0.0647386
v -0.0452703 -0.0692913 -0.0561187
v -0.0416863 -0.0638057 -0.0647386
v -0.0373729 -0.0738509 -0.0561187
v -0.0344142 -0.0680042 -0.0647386
v -0.0290219 -0.077514 -0.0561187
v -0.0267243 -0.0713773 -0.0647386
v -0.0193125 -0.0737288 -0.0647386
v -0.0634791 -0.0770785 0.00541389
v -0.0715731 -0.0696274 -0.00541389
v -0.0634791 -0.0770785 -0.00541389
v -0.0760376 -0.0591825 0.0267528
v -0.0778745 -0.0606121 0.0161782
v -0.0690656 -0.067188 0.0267528
v -0.070734 -0.0688111 0.0161782
v -0.0612552 -0.074378 0.0267528
v -0.0665874 -0.0647772 0.0370138
v -0.0590573 -0.0717093 0.0370138
v -0.056167 -0.0681998 0.0468408
v -0.0483235 -0.0739647 0.0468408
v -0.0452703 -0.0692913 0.0561187
v -0.0373729 -0.0738509 0.0561187
v -0.0344142 -0.0680042 0.0647386
v -0.0267243 -0.0713773 0.0647386
v -0.0241133 -0.0644038 0.0725996
v -0.016882 -0.0666656 0.0725996
v -0.0148561 -0.0586656 0.0796093
v -0.00831228 -0.0599438 0.0796093
v -0.0653163 -0.0508377 0.0561187
v -0.0697215 -0.0542664 0.0468408
v -0.0593273 -0.0577145 0.0561187
v -0.0601453 -0.046813 0.0647386
v -0.0546304 -0.0531453 0.0647386
v -0.0484525 -0.0588326 0.0647386
v -0.0542691 -0.0422394 0.0725996
v -0.0492931 -0.0479531 0.0725996
v -0.0437187 -0.0530847 0.0725996
v -0.0376136 -0.0575719 0.0725996
v -0.0477568 -0.0371706 0.0796093
v -0.0433778 -0.0421986 0.0796093
v -0.0384724 -0.0467144 0.0796093
v -0.0330999 -0.0506632 0.0796093
v -0.0273256 -0.0539969 0.0796093
v -0.0406844 -0.031666 0.0856857
v -0.036954 -0.0359494 0.0856857
v -0.032775 -0.0397965 0.0856857
v -0.0281981 -0.0431604 0.0856857
v -0.023279 -0.0460005 0.0856857
v -0.0539743 -0.0826138 0.0161782
v -0.0634791 -0.0770785 0.00541389
v -0.0546146 -0.0835939 0.00541389
v -0.0634791 -0.0770785 -0.00541389
v -0.0483235 -0.0739647 0.0468408
v -0.0590573 -0.0717093 0.0370138
v -0.0508102 -0.0777708 0.0370138
v -0.0612552 -0.074378 0.0267528
v -0.0450871 -0.0890946 0.00541389
v -0.0546146 -0.0835939 -0.00541389
v -0.0450871 -0.0890946 -0.00541389
v -0.0435075 -0.0859732 0.0267528
v -0.0445585 -0.08805 0.0161782
v -0.0373729 -0.0738509 0.0561187
v -0.0398935 -0.0788317 0.0468408
v -0.0346018 -0.0924174 0.0161782
v -0.0350123 -0.0935138 0.00541389
v -0.0325734 -0.0869997 0.0370138
v -0.0337857 -0.0902375 0.0267528
v -0.0267243 -0.0713773 0.0647386
v -0.0290219 -0.077514 0.0561187
v -0.0245125 -0.0967979 0.00541389
v -0.0242252 -0.095663 0.0161782
v -0.0236538 -0.0934066 0.0267528
v -0.0216889 -0.0856477 0.0468408
v -0.022805 -0.090055 0.0370138
v -0.016882 -0.0666656 0.0725996
v -0.01871 -0.073884 0.0647386
v -0.0236538 -0.0934066 -0.0267528
v -0.0242252 -0.095663 -0.0161782
v -0.024657 -0.0955526 -0.0161782
v -0.0113686 -0.0819844 0.0561187
v -0.0121354 -0.0875138 0.0468408
v -0.00831228 -0.0599438 0.0796093
v -0.0094458 -0.0681181 0.0725996
v -0.0132347 -0.0954418 0.0267528
v -0.0127598 -0.0920172 0.0370138
v -0.00255973 -0.0928624 0.0370138
v -0.00243446 -0.0883177 0.0468408
v 0.00729598 -0.0880494 0.0468408
v 0.006835 -0.0824862 0.0561187
v -0.00210009 -0.0761873 0.0647386
v -0.00228064 -0.0827375 0.0561187
v -0.00142057 -0.0515358 0.0856857
v -0.00166752 -0.0604944 0.0796093
v 0.00567898 -0.0685351 0.0725996
v 0.00629388 -0.0759559 0.0647386
v 0.00425741 -0.0513793 0.0856857
v 0.0178332 0.0911699 0.0370138
v 0.0184846 0.0945654 0.0267528
v 0.00767143 0.0925804 0.0370138
v 0.00795693 0.0960259 0.0267528
v -0.00255973 0.0928624 0.0370138
v -0.002655 0.0963184 0.0267528
v 0.0169717 0.0867058 0.0468408
v 0.00729598 0.0880494 0.0468408
v -0.00243446 0.0883177 0.0468408
v 0.01591 0.0812254 0.0561187
v 0.006835 0.0824862 0.0561187
v -0.00228064 0.0827375 0.0561187
v 0.0146601 0.074793 0.0647386
v 0.00629388 0.0759559 0.0647386
v -0.00210009 0.0761873 0.0647386
v 0.0132366 0.0674841 0.0725996
v 0.00567898 0.0685351 0.0725996
v -0.00189491 0.0687438 0.0725996
v 0.00425741 0.0513793 0.0856857
v 0.00993638 0.0505888 0.0856857
v 0.0116559 0.0593843 0.0796093
v 0.00499749 0.0603107 0.0796093
v -0.00166752 0.0604944 0.0796093
v -0.00142057 0.0515358 0.0856857
v 0.0247975 0.00317542 0.0968246
v 0.025 0 0.1
v 0.0249775 0.00106102 0.0968246
v 0.0249775 -0.00106102 0.0968246
v 0.0247975 -0.00317542 0.0968246
v -0.0247975 0.00317542 0.0968246
v -0.0249775 0.00106102 0.0968246
v -0.025 0 0.1
v -0.0249775 -0.00106102 0.0968246
v -0.0247975 -0.00317542 0.0968246
v 0.0245196 -0.00487726 0.104877
v 0.025 0 0.2
v 0.0245196 0.00487726 0.104877
v 0.0244155 0.00537426 0.2
v 0.023097 0.00956709 0.109567
v 0.0226894 0.0104972 0.2
v 0.0207867 0.0138893 0.113889
v 0.0199023 0.0151294 0.2
v 0.0176777 0.0176777 0.117678
v 0.0161847 0.0190541 0.2
v 0.0138893 0.0207867 0.120787
v 0.0117102 0.0220878 0.2
v 0.0117849 0.022048 0.122048
v 0.00956709 0.023097 0.123097
v 0.00668821 0.0240887 0.2
v 0.00725712 0.0239235 0.123924
v 0.00487726 0.0245196 0.12452
v 0.00135347 0.0249633 0.2
v 0.00245043 0.0248796 0.12488
v 0 0.025 0.125
v -0.00245043 0.0248796 0.12488
v -0.00404455 0.0246707 0.2
v -0.00487726 0.0245196 0.12452
v -0.00725712 0.0239235 0.123924
v -0.00925345 0.0232244 0.2
v -0.00956709 0.023097 0.123097
v -0.0117849 0.022048 0.122048
v -0.0140297 0.0206922 0.2
v -0.0138893 0.0207867 0.120787
v -0.0176777 0.0176777 0.117678
v -0.0181499 0.0171925 0.2
v -0.0207867 0.0138893 0.113889
v -0.0214214 0.0128888 0.2
v -0.023097 0.00956709 0.109567
v -0.0236913 0.00798254 0.2
v -0.0245196 0.00487726 0.104877
v -0.0248534 0.00270298 0.2
v -0.025 0 0.1
v -0.0248534 -0.00270298 0.2
v -0.0245196 -0.00487726 0.104877
v -0.0236913 -0.00798254 0.2
v -0.023097 -0.00956709 0.109567
v -0.0214214 -0.0128888 0.2
v -0.0207867 -0.0138893 0.113889
v -0.0181499 -0.0171925 0.2
v -0.0176777 -0.0176777 0.117678
v -0.0140297 -0.0206922 0.2
v -0.0138893 -0.0207867 0.120787
v -0.0117849 -0.022048 0.122048
v -0.00925345 -0.0232244 0.2
v -0.00956709 -0.023097 0.123097
v -0.00725712 -0.0239235 0.123924
v -0.00404455 -0.0246707 0.2
v -0.00487726 -0.0245196 0.12452
v -0.00245043 -0.0248796 0.12488
v 0.00135347 -0.0249633 0.2
v 0 -0.025 0.125
v 0.00245043 -0.0248796 0.12488
v 0.00487726 -0.0245196 0.12452
v 0.00668821 -0.0240887 0.2
v 0.00725712 -0.0239235 0.123924
v 0.00956709 -0.023097 0.123097
v 0.0117102 -0.0220878 0.2
v 0.0117849 -0.022048 0.122048
v 0.0138893 -0.0207867 0.120787
v 0.0161847 -0.0190541 0.2
v 0.0176777 -0.0176777 0.117678
v 0.0199023 -0.0151294 0.2
v 0.0207867 -0.0138893 0.113889
v 0.0226894 -0.0104972 0.2
v 0.023097 -0.00956709 0.109567
v 0.0244155 -0.00537426 0.2
v 0.0245196 -0.00487726 0.104877
v 0.025 0 0.2
v 0.025 0 0
v 0.0245196 -0.00487726 0.00487726
v 0.0244537 -0.00519779 0
v 0.023097 -0.00956709 0.00956709
v 0.0228386 -0.0101684 0
v 0.0207867 -0.0138893 0.0138893
v 0.0202254 -0.0146946 0
v 0.0176777 -0.0176777 0.0176777
v 0.0167283 -0.0185786 0
v 0.0138893 -0.0207867 0.0207867
v 0.0125 -0.0216506 0
v 0.0117849 -0.022048 0.022048
v 0.00956709 -0.023097 0.023097
v 0.00772543 -0.0237764 0
v 0.00725712 -0.0239235 0.0239235
v 0.00487726 -0.0245196 0.0245196
v 0.00261321 -0.024863 0
v 0.00245043 -0.0248796 0.0248796
v -3.06162e-18 -0.025 0.025
v -0.00261321 -0.024863 0
v -0.00245043 -0.0248796 0.0248796
v -0.00487726 -0.0245196 0.0245196
v -0.00772543 -0.0237764 0
v -0.00725712 -0.0239235 0.0239235
v -0.00956709 -0.023097 0.023097
v -0.0125 -0.0216506 0
v -0.0117849 -0.022048 0.022048
v -0.0138893 -0.0207867 0.0207867
v -0.0167283 -0.0185786 0
v -0.0176777 -0.0176777 0.0176777
v -0.0202254 -0.0146946 0
v -0.0207867 -0.0138893 0.0138893
v -0.0228386 -0.0101684 0
v -0.023097 -0.00956709 0.00956709
v -0.0244537 -0.00519779 0
v -0.0245196 -0.00487726 0.00487726
v -0.025 0 0
v -0.0245196 0.00487726 0.00487726
v -0.0244537 0.00519779 0
v -0.023097 0.00956709 0.00956709
v -0.0228386 0.0101684 0
v -0.0207867 0.0138893 0.0138893
v -0.0202254 0.0146946 0
v -0.0176777 0.0176777 0.0176777
v -0.0167283 0.0185786 0
v -0.0138893 0.0207867 0.0207867
v -0.0125 0.0216506 0
v -0.0117849 0.022048 0.022048
v -0.00956709 0.023097 0.023097
v -0.00772543 0.0237764 0
v -0.00725712 0.0239235 0.0239235
v -0.00487726 0.0245196 0.0245196
v -0.00261321 0.024863 0
v -0.00245043 0.0248796 0.0248796
v 0 0.025 0.025
v 0.00261321 0.024863 0
v 0.00245043 0.0248796 0.0248796
v 0.00487726 0.0245196 0.0245196
v 0.00772543 0.0237764 0
v 0.00725712 0.0239235 0.0239235
v 0.00956709 0.023097 0.023097
v 0.0125 0.0216506 0
v 0.0117849 0.022048 0.022048
v 0.0138893 0.0207867 0.0207867
v 0.0167283 0.0185786 0
v 0.0176777 0.0176777 0.0176777
v 0.0202254 0.0146946 0
v 0.0207867 0.0138893 0.0138893
v 0.0228386 0.0101684 0
v 0.023097 0.00956709 0.00956709
v 0.0244537 0.00519779 0
v 0.0245196 0.00487726 0.00487726
v 0.025 0 0
v 0.0244155 0.00537426 0.2
v -0.0248534 0.00270298 0.2
v 0.025 0 0.2
v -0.0248534 -0.00270298 0.2
v 0.0244155 -0.00537426 0.2
v -0.0236913 -0.00798254 0.2
v 0.0226894 -0.0104972 0.2
v -0.0214214 -0.0128888 0.2
v 0.0199023 -0.0151294 0.2
v -0.0181499 -0.0171925 0.2
v 0.0161847 -0.0190541 0.2
v -0.0140297 -0.0206922 0.2
v 0.0117102 -0.0220878 0.2
v -0.00925345 -0.0232244 0.2
v 0.00668821 -0.0240887 0.2
v -0.00404455 -0.0246707 0.2
v 0.00135347 -0.0249633 0.2
v -0.0236913 0.00798254 0.2
v 0.0226894 0.0104972 0.2
v -0.0214214 0.0128888 0.2
v 0.0199023 0.0151294 0.2
v -0.0181499 0.0171925 0.2
v 0.0161847 0.0190541 0.2
v -0.0140297 0.0206922 0.2
v 0.0117102 0.0220878 0.2
v -0.00925345 0.0232244 0.2
v 0.00668821 0.0240887 0.2
v -0.00404455 0.0246707 0.2
v 0.00135347 0.0249633 0.2
v -0.0244537 0.00519779 0
v 0.0244537 0.00519779 0
v -0.025 0 0
v 0.025 0 0
v -0.0244537 -0.00519779 0
v 0.0244537 -0.00519779 0
v -0.0228386 -0.0101684 0
v 0.0228386 -0.0101684 0
v -0.0202254 -0.0146946 0
v 0.0202254 -0.0146946 0
v -0.0167283 -0.0185786 0
v 0.0167283 -0.0185786 0
v -0.0125 -0.0216506 0
v 0.0125 -0.0216506 0
v -0.00772543 -0.0237764 0
v 0.00772543 -0.0237764 0
v -0.00261321 -0.024863 0
v 0.00261321 -0.024863 0
v 0.0228386 0.0101684 0
v -0.0228386 0.0101684 0
v 0.0202254 0.0146946 0
v -0.0202254 0.0146946 0
v 0.0167283 0.0185786 0
v -0.0167283 0.0185786 0
v 0.0125 0.0216506 0
v -0.0125 0.0216506 0
v 0.00772543 0.0237764 0
v -0.00772543 0.0237764 0
v 0.00261321 0.024863 0
v -0.00261321 0.024863 0
v 0.0245196 0.00487726 0.00487726
v 0.025 0.0968246 3.06162e-18
v 0.025 0 0
v 0.025 -0.0968246 -3.06162e-18
v 0.0245196 -0.00487726 0.00487726
v 0.0244155 -0.0968246 0.00537426
v 0.023097 -0.00956709 0.00956709
v 0.0226894 -0.0968246 0.0104972
v 0.0207867 -0.0138893 0.0138893
v 0.0199023 -0.0968246 0.0151294
v 0.0176777 -0.0176777 0.0176777
v 0.0161847 -0.0968246 0.0190541
v 0.0138893 -0.0207867 0.0207867
v 0.0117102 -0.0968246 0.0220878
v 0.0117849 -0.022048 0.022048
v 0.00956709 -0.023097 0.023097
v 0.00668821 -0.0968246 0.0240887
v 0.00725712 -0.0239235 0.0239235
v 0.00487726 -0.0245196 0.0245196
v 0.00135347 -0.0968246 0.0249633
v 0.00245043 -0.0248796 0.0248796
v -3.06162e-18 -0.025 0.025
v -0.00245043 -0.0248796 0.0248796
v -0.00404455 -0.0968246 0.0246707
v -0.00487726 -0.0245196 0.0245196
v -0.00725712 -0.0239235 0.0239235
v -0.00925345 -0.0968246 0.0232244
v -0.00956709 -0.023097 0.023097
v -0.0117849 -0.022048 0.022048
v -0.0140297 -0.0968246 0.0206922
v -0.0138893 -0.0207867 0.0207867
v -0.0176777 -0.0176777 0.0176777
v -0.0181499 -0.0968246 0.0171925
v -0.0207867 -0.0138893 0.0138893
v -0.0214214 -0.0968246 0.0128888
v -0.023097 -0.00956709 0.00956709
v -0.0236913 -0.0968246 0.00798254
v -0.0245196 -0.00487726 0.00487726
v -0.0248534 -0.0968246 0.00270298
v -0.025 0 0
v -0.0248534 -0.0968246 -0.00270298
v -0.0248534 0 -0.00270298
v -0.0236913 0 -0.00798254
v -0.0236913 0.0968246 -0.00798254
v -0.0214214 0.0968246 -0.0128888
v -0.0214214 0 -0.0128888
v -0.0181499 0.0968246 -0.0171925
v -0.0181499 0 -0.0171925
v -0.0140297 0.0968246 -0.0206922
v -0.0140297 0 -0.0206922
v -0.00925345 0.0968246 -0.0232244
v -0.00925345 0 -0.0232244
v -0.00404455 0.0968246 -0.0246707
v -0.00404455 0 -0.0246707
v 0.00135347 0.0968246 -0.0249633
v 0.00135347 0 -0.0249633
v 0.00668821 0.0968246 -0.0240887
v 0.00668821 0 -0.0240887
v 0.0117102 0.0968246 -0.0220878
v 0.0117102 0 -0.0220878
v 0.0161847 0.0968246 -0.0190541
v 0.0161847 0 -0.0190541
v 0.0199023 0.0968246 -0.0151294
v 0.0199023 0 -0.0151294
v 0.0226894 0.0968246 -0.0104972
v 0.0226894 0 -0.0104972
v 0.0244155 0.0968246 -0.00537426
v 0.0244155 0 -0.00537426
v 0.025 0.0968246 3.06162e-18
v 0.025 0 0
v 0.025 -0.0968246 -3.06162e-18
v 0.0244155 -0.0968246 -0.00537426
v 0.0226894 -0.0968246 -0.0104972
v 0.0199023 -0.0968246 -0.0151294
v 0.0161847 -0.0968246 -0.0190541
v 0.0117102 -0.0968246 -0.0220878
v 0.00668821 -0.0968246 -0.0240887
v 0.00135347 -0.0968246 -0.0249633
v -0.00404455 -0.0968246 -0.0246707
v -0.00925345 -0.0968246 -0.0232244
v -0.00925345 0 -0.0232244
v -0.0140297 -0.0968246 -0.0206922
v -0.0140297 0 -0.0206922
v -0.0181499 -0.0968246 -0.0171925
v -0.0181499 0 -0.0171925
v -0.0214214 -0.0968246 -0.0128888
v -0.0214214 0 -0.0128888
v -0.0236913 -0.0968246 -0.00798254
v -0.0236913 0 -0.00798254
v -0.0248534 -0.0968246 -0.00270298
v 0.0245196 0.00487726 0.00487726
v 0.0244155 0.0968246 0.00537426
v 0.023097 0.00956709 0.00956709
v 0.0226894 0.0968246 0.0104972
v 0.0207867 0.0138893 0.0138893
v 0.0199023 0.0968246 0.0151294
v 0.0176777 0.0176777 0.0176777
v 0.0161847 0.0968246 0.0190541
v 0.0138893 0.0207867 0.0207867
v 0.0117102 0.0968246 0.0220878
v 0.0117849 0.022048 0.022048
v 0.00956709 0.023097 0.023097
v 0.00668821 0.0968246 0.0240887
v 0.00725712 0.0239235 0.0239235
v 0.00487726 0.0245196 0.0245196
v 0.00135347 0.0968246 0.0249633
v 0.00245043 0.0248796 0.0248796
v 0 0.025 0.025
v -0.00245043 0.0248796 0.0248796
v -0.00404455 0.0968246 0.0246707
v -0.00487726 0.0245196 0.0245196
v -0.00725712 0.0239235 0.0239235
v -0.00925345 0.0968246 0.0232244
v -0.00956709 0.023097 0.023097
v -0.0117849 0.022048 0.022048
v -0.0140297 0.0968246 0.0206922
v -0.0138893 0.0207867 0.0207867
v -0.0176777 0.0176777 0.0176777
v -0.0181499 0.0968246 0.0171925
v -0.0207867 0.0138893 0.0138893
v -0.0214214 0.0968246 0.0128888
v -0.023097 0.00956709 0.00956709
v -0.0236913 0.0968246 0.00798254
v -0.0245196 0.00487726 0.00487726
v -0.0248534 0.0968246 0.00270298
v -0.025 0 0
v -0.0248534 0.0968246 -0.00270298
v -0.0248534 0 -0.00270298
v -0.0236913 0.0968246 -0.00798254
v -0.00940304 -0.0729281 -0.0677722
v -0.0047112 0.0733807 -0.0677722
v 9.00505e-18 -0.0735318 -0.0677722
v 0.0047112 0.0733807 -0.0677722
v 0.00940304 -0.0729281 -0.0677722
v 0.0140562 0.0721758 -0.0677722
v 0.0186517 -0.071127 -0.0677722
v 0.0231705 0.0697858 -0.0677722
v 0.0275941 -0.0681579 -0.0677722
v 0.0319043 0.0662499 -0.0677722
v 0.0360834 -0.0640697 -0.0677722
v 0.0401142 0.0616261 -0.0677722
v 0.0439802 -0.0589294 -0.0677722
v 0.0476654 0.0559905 -0.0677722
v 0.0511548 -0.0528215 -0.0677722
v 0.054434 0.0494355 -0.0677722
v 0.0574895 -0.0458463 -0.0677722
v 0.0603088 0.0420688 -0.0677722
v 0.0628802 -0.0381184 -0.0677722
v 0.0651933 0.0340113 -0.0677722
v 0.0672384 -0.0297645 -0.0677722
v 0.0690073 0.0253953 -0.0677722
v 0.0704926 -0.0209218 -0.0677722
v 0.0716882 0.0163624 -0.0677722
v 0.0725893 -0.0117357 -0.0677722
v 0.073192 0.00706075 -0.0677722
v 0.073494 -0.00235681 -0.0677722
v -0.0140562 0.0721758 -0.0677722
v -0.00940304 -0.0729281 -0.0677722
v -0.0186517 -0.071127 -0.0677722
v -0.0231705 0.0697858 -0.0677722
v -0.0275941 -0.0681579 -0.0677722
v -0.0319043 0.0662499 -0.0677722
v -0.0360834 -0.0640697 -0.0677722
v -0.0401142 0.0616261 -0.0677722
v -0.0439802 -0.0589294 -0.0677722
v -0.0476654 0.0559905 -0.0677722
v -0.0511548 -0.0528215 -0.0677722
v -0.054434 0.0494355 -0.0677722
v -0.0574895 -0.0458463 -0.0677722
v -0.0603088 0.0420688 -0.0677722
v -0.0628802 -0.0381184 -0.0677722
v -0.0651933 0.0340113 -0.0677722
v -0.0672384 -0.0297645 -0.0677722
v -0.0690073 0.0253953 -0.0677722
v -0.0704926 -0.0209218 -0.0677722
v -0.0716882 0.0163624 -0.0677722
v -0.0725893 -0.0117357 -0.0677722
v -0.073192 0.00706075 -0.0677722
v -0.073494 -0.00235681 -0.0677722
vn 0 -1 0
vn -0.997922 0.00079812 -0.0644322
vn -0.994019 -0.00145439 -0.109199
vn -0.990156 -0.00353528 -0.139925
vn -0.992513 -0.00468964 -0.12205
vn -0.981857 -0.00105948 -0.189621
vn -0.968054 0.000406907 -0.250743
vn -0.950641 -0.00207092 -0.310287
vn -0.937859 -0.00873911 -0.346906
vn -0.920977 -0.00159765 -0.389613
vn -0.874847 0.00104828 -0.484399
vn -0.84256 -0.0275492 -0.537897
vn -0.997298 -0.00150643 0.0734448
vn -0.995107 0.000786391 0.0987959
vn -0.958981 -0.00087015 0.283468
vn -0.956968 -0.000101479 0.290192
vn -0.88188 9.9777e-05 0.471474
vn -0.876955 -0.00129238 0.480572
vn -0.772427 0.00118838 0.635103
vn -0.754957 -0.00251454 0.65577
vn -0.633259 0.00230748 0.773936
vn -0.598549 -0.00370391 0.801078
vn -0.513642 0.00104411 0.858004
vn -0.428612 -0.00273838 0.903485
vn -0.414862 -0.00473711 0.909872
vn -0.336605 0.00089877 0.941646
vn -0.243348 -0.00156029 0.969938
vn -0.212267 -0.00545473 0.977196
vn -0.146674 0.000389699 0.989185
vn -0.0490905 -0.000466522 0.998794
vn 0 -0.0057135 0.999984
vn 0.0490905 -0.000466522 0.998794
vn 0.146674 0.000389699 0.989185
vn 0.212267 -0.00545473 0.977196
vn 0.243348 -0.00156029 0.969938
vn 0.336605 0.00089877 0.941646
vn 0.414862 -0.00473711 0.909872
vn 0.428612 -0.00273838 0.903485
vn 0.513642 0.00104411 0.858004
vn 0.598549 -0.00370391 0.801078
vn 0.633259 0.00230748 0.773936
vn 0.754957 -0.00251454 0.65577
vn 0.772427 0.00118838 0.635103
vn 0.876955 -0.00129238 0.480572
vn 0.88188 9.9777e-05 0.471474
vn 0.958982 -0.00010864 0.283468
vn 0.957196 -0.000924713 0.289438
vn 0.995107 0.000786391 0.0987959
vn 0.997298 -0.00150643 0.0734448
vn 0.997922 0.00079812 -0.0644322
vn 0.994019 -0.00145439 -0.109199
vn 0.990946 -0.00314862 -0.134222
vn 0.990155 -0.00373446 -0.139925
vn 0.981857 -0.00105948 -0.189621
vn 0.968054 0.000406907 -0.250743
vn 0.950641 -0.00207092 -0.310287
vn 0.937859 -0.00873911 -0.346906
vn 0.920977 -0.00159765 -0.389613
vn 0.874847 0.00104828 -0.484399
vn 0.84256 -0.0275492 -0.537897
vn -0.84256 0.0275492 -0.537897
vn -0.874847 -0.00104828 -0.484399
vn -0.920977 0.00159765 -0.389613
vn -0.937859 0.00873911 -0.346906
vn -0.950641 0.00207092 -0.310287
vn -0.968054 -0.000406907 -0.250743
vn -0.981857 0.00105948 -0.189621
vn -0.992513 0.00468964 -0.12205
vn -0.990156 0.00353528 -0.139925
vn -0.997289 -0.000951109 -0.0735739
vn -0.997298 0.00150643 0.0734448
vn -0.995107 -0.000786391 0.0987959
vn -0.957196 0.000924713 0.289438
vn -0.998246 0.00463271 -0.059022
vn -0.958982 0.00010864 0.283468
vn -0.88188 -9.9777e-05 0.471474
vn -0.876955 0.00129238 0.480572
vn -0.772427 -0.00118838 0.635103
vn -0.754957 0.00251454 0.65577
vn -0.633259 -0.00230748 0.773936
vn -0.598549 0.00370391 0.801078
vn -0.513642 -0.00104411 0.858004
vn -0.428612 0.00273838 0.903485
vn -0.414862 0.00473711 0.909872
vn -0.336605 -0.00089877 0.941646
vn -0.243348 0.00156029 0.969938
vn -0.212267 0.00545473 0.977196
vn -0.146674 -0.000389699 0.989185
vn -0.0490905 0.000466522 0.998794
vn 0 0.0057135 0.999984
vn 0.0490905 0.000466522 0.998794
vn 0.146674 -0.000389699 0.989185
vn 0.212267 0.00545473 0.977196
vn 0.243348 0.00156029 0.969938
vn 0.336605 -0.00089877 0.941646
vn 0.414862 0.00473711 0.909872
vn 0.428612 0.00273838 0.903485
vn 0.513642 -0.00104411 0.858004
vn 0.598549 0.00370391 0.801078
vn 0.633259 -0.00230748 0.773936
vn 0.754957 0.00251454 0.65577
vn 0.772427 -0.00118838 0.635103
vn 0.876955 0.00129238 0.480572
vn 0.88188 -9.9777e-05 0.471474
vn 0.956968 0.000101479 0.290192
vn 0.958981 0.00087015 0.283468
vn 0.995107 -0.000786391 0.0987959
vn 0.997298 0.00150643 0.0734448
vn 0.997922 -0.00079812 -0.0644322
vn 0.994019 0.00145439 -0.109199
vn 0.990946 0.00314862 -0.134222
vn 0.98656 0.00613747 -0.163281
vn 0.990159 0.00223576 -0.139926
vn 0.968054 -0.000406907 -0.250743
vn 0.950641 0.00207092 -0.310287
vn 0.937859 0.00873911 -0.346906
vn 0.920977 0.00159765 -0.389613
vn 0.874847 -0.00104828 -0.484399
vn 0.84256 0.0275492 -0.537897
vn 0 1 0
vn 0.0469082 -0.730633 -0.681157
vn 0.0209332 -0.759418 -0.650267
vn -0.0472004 -0.735185 -0.676222
vn -0.0622432 -0.751164 -0.657175
vn -0.142277 -0.730561 -0.667861
vn -0.142804 -0.731078 -0.667182
vn -0.186802 -0.725214 -0.662699
vn -0.198576 -0.770921 -0.605184
vn -0.240622 -0.759394 -0.604501
vn -0.258913 -0.817119 -0.515054
vn -0.344335 -0.785004 -0.514979
vn -0.428601 -0.74236 -0.514979
vn -0.507666 -0.690704 -0.514979
vn -0.580568 -0.630665 -0.514979
vn -0.646422 -0.56297 -0.514979
vn -0.70443 -0.488441 -0.514979
vn -0.753887 -0.407984 -0.514979
vn -0.794193 -0.322574 -0.514979
vn -0.824859 -0.233248 -0.514979
vn -0.845512 -0.141091 -0.514979
vn -0.855901 -0.0472214 -0.514979
vn -0.855901 0.0472214 -0.514979
vn -0.845512 0.141091 -0.514979
vn -0.824859 0.233248 -0.514979
vn -0.794193 0.322574 -0.514979
vn -0.753887 0.407984 -0.514979
vn -0.70443 0.488441 -0.514979
vn -0.646422 0.56297 -0.514979
vn -0.580568 0.630665 -0.514979
vn -0.507666 0.690704 -0.514979
vn -0.428601 0.74236 -0.514979
vn -0.344335 0.785004 -0.514979
vn -0.255888 0.818119 -0.514979
vn -0.164335 0.841303 -0.514979
vn -0.0707873 0.854275 -0.514979
vn 0.0236197 0.856878 -0.514979
vn 0.117562 0.8491 -0.514983
vn 0.117609 0.849114 -0.51495
vn 0.203025 0.832694 -0.515171
vn 0.214782 0.880913 -0.421736
vn 0.260239 0.869685 -0.419433
vn 0.27167 0.907885 -0.31928
vn 0.332334 0.887625 -0.318866
vn 0.427963 0.845678 -0.318866
vn 0.518397 0.793466 -0.318866
vn 0.602539 0.731622 -0.318866
vn 0.679366 0.660898 -0.318866
vn 0.747947 0.582151 -0.318866
vn 0.807449 0.496337 -0.318866
vn 0.85715 0.404499 -0.318866
vn 0.896445 0.30775 -0.318866
vn 0.92486 0.207266 -0.318866
vn 0.942047 0.104266 -0.318866
vn 0.9478 0 -0.318866
vn 0.942047 -0.104266 -0.318866
vn 0.92486 -0.207266 -0.318866
vn 0.896445 -0.30775 -0.318866
vn 0.85715 -0.404499 -0.318866
vn 0.807449 -0.496337 -0.318866
vn 0.747947 -0.582151 -0.318866
vn 0.679366 -0.660898 -0.318866
vn 0.602539 -0.731622 -0.318866
vn 0.518397 -0.793466 -0.318866
vn 0.427963 -0.845678 -0.318866
vn 0.332334 -0.887625 -0.318866
vn 0.232671 -0.918797 -0.318866
vn 0.130184 -0.938817 -0.318866
vn 0.026116 -0.94744 -0.318866
vn -0.0782687 -0.944563 -0.318866
vn -0.181703 -0.93022 -0.318866
vn -0.235044 -0.918042 -0.319301
vn -0.242228 -0.946101 -0.214984
vn -0.29368 -0.931559 -0.214359
vn -0.298912 -0.948153 -0.10797
vn -0.399348 -0.910421 -0.107957
vn -0.497078 -0.860964 -0.107957
vn -0.588774 -0.801056 -0.107957
vn -0.673323 -0.731424 -0.107957
vn -0.749699 -0.652914 -0.107957
vn -0.816975 -0.566478 -0.107957
vn -0.874334 -0.473166 -0.107957
vn -0.921079 -0.37411 -0.107957
vn -0.956644 -0.270513 -0.107957
vn -0.980597 -0.163633 -0.107957
vn -0.992646 -0.0547658 -0.107957
vn -0.992646 0.0547658 -0.107957
vn -0.980597 0.163633 -0.107957
vn -0.956644 0.270513 -0.107957
vn -0.921079 0.37411 -0.107957
vn -0.874334 0.473166 -0.107957
vn -0.816975 0.566478 -0.107957
vn -0.749699 0.652914 -0.107957
vn -0.673323 0.731424 -0.107957
vn -0.588774 0.801056 -0.107957
vn -0.497078 0.860964 -0.107957
vn -0.399348 0.910421 -0.107957
vn -0.29677 0.948827 -0.107957
vn -0.36552 0.924605 -0.107239
vn -0.103889 0.994326 -0.0228677
vn -0.298186 0.953355 -0.046897
vn -0.309862 0.950781 0
vn -0.401695 0.915773 0
vn -0.399348 0.910421 0.107957
vn -0.497078 0.860964 0.107957
vn -0.488345 0.845838 0.214659
vn -0.57843 0.786982 0.214659
vn -0.56132 0.763704 0.318866
vn -0.641927 0.697319 0.318866
vn -0.614849 0.667904 0.419364
vn -0.684592 0.596211 0.419364
vn -0.646422 0.56297 0.514979
vn -0.70443 0.488441 0.514979
vn -0.654575 0.453873 0.604591
vn -0.700532 0.379109 0.604591
vn -0.638953 0.345784 0.687148
vn -0.673114 0.273395 0.687148
vn -0.600329 0.243833 0.761676
vn -0.623509 0.176312 0.761676
vn -0.540575 0.15286 0.827293
vn -0.55411 0.0924645 0.827293
vn -0.462568 0.077189 0.883217
vn -0.468252 0.0258342 0.883217
vn -0.370061 0.0204168 0.928783
vn -0.370061 -0.0204168 0.928783
vn -0.286168 -0.0157883 0.95805
vn -0.283349 -0.0241163 0.958714
vn -0.282091 -0.0470726 0.958232
vn -0.273439 -0.0624071 0.959863
vn -0.278714 -0.0788129 0.957135
vn -0.272235 -0.110572 0.955857
vn -0.343381 -0.139469 0.928783
vn -0.434493 -0.176476 0.883217
vn -0.520478 -0.2114 0.827293
vn -0.600329 -0.243833 0.761676
vn -0.673114 -0.273395 0.687148
vn -0.737986 -0.299744 0.604591
vn -0.794193 -0.322574 0.514979
vn -0.841088 -0.341621 0.419364
vn -0.878131 -0.356666 0.318866
vn -0.904897 -0.367537 0.214659
vn -0.921079 -0.37411 0.107957
vn -0.926494 -0.376309 0
vn 0.104766 -0.755519 -0.646695
vn 0.139653 -0.717088 -0.682848
vn 0.187266 -0.739498 -0.646587
vn 0.230644 -0.694663 -0.681356
vn 0.266478 -0.711732 -0.649944
vn 0.319479 -0.663406 -0.676628
vn 0.340545 -0.672934 -0.65665
vn 0.405726 -0.623304 -0.668489
vn 0.407766 -0.624133 -0.666472
vn 0.478565 -0.58109 -0.658263
vn 0.506377 -0.614859 -0.604591
vn 0.570943 -0.555422 -0.604591
vn 0.614428 -0.597725 -0.514979
vn 0.676454 -0.526505 -0.514979
vn 0.716396 -0.557594 -0.419364
vn 0.773388 -0.4754 -0.419364
vn 0.478055 -0.561551 -0.675369
vn 0.544124 -0.529332 -0.650951
vn 0.628579 -0.489242 -0.604591
vn 0.730268 -0.448894 -0.514979
vn 0.820992 -0.387435 -0.419364
vn 0.542286 -0.49249 -0.68072
vn 0.601743 -0.468355 -0.646954
vn 0.678584 -0.417124 -0.604591
vn 0.775218 -0.365834 -0.514979
vn 0.85863 -0.294768 -0.419364
vn 0.599214 -0.417986 -0.682811
vn 0.650007 -0.399558 -0.64641
vn 0.720353 -0.339943 -0.604591
vn 0.810757 -0.278333 -0.514979
vn 0.885846 -0.198523 -0.419364
vn 0.64865 -0.3384 -0.681718
vn 0.687764 -0.324564 -0.649337
vn 0.753377 -0.258635 -0.604591
vn 0.836456 -0.187454 -0.514979
vn 0.902308 -0.0998675 -0.419364
vn 0.690351 -0.254055 -0.677401
vn 0.714166 -0.245173 -0.655635
vn 0.777257 -0.174187 -0.604591
vn 0.852 -0.0942994 -0.514979
vn 0.907818 0 -0.419364
vn 0.724011 -0.165251 -0.669702
vn 0.728694 -0.163304 -0.665084
vn 0.791701 -0.0876255 -0.604591
vn 0.857203 0 -0.514979
vn 0.902308 0.0998675 -0.419364
vn 0.747231 -0.0827035 -0.659398
vn 0.734897 -0.0708947 -0.674462
vn 0.758487 0 -0.651688
vn 0.73262 0.0234937 -0.680232
vn 0.757637 0.0838553 -0.647267
vn 0.72131 0.116616 -0.682724
vn 0.744625 0.166874 -0.646287
vn 0.701098 0.208082 -0.682029
vn 0.719741 0.247087 -0.648784
vn 0.672048 0.297496 -0.678121
vn 0.683617 0.322607 -0.65467
vn 0.634162 0.384433 -0.670858
vn 0.637204 0.391688 -0.663741
vn 0.592451 0.461123 -0.660581
vn 0.628579 0.489242 -0.604591
vn 0.570943 0.555422 -0.604591
vn 0.614428 0.597725 -0.514979
vn 0.544944 0.661689 -0.514979
vn 0.577122 0.70076 -0.419364
vn 0.49653 0.759995 -0.419364
vn 0.577919 0.460875 -0.673502
vn 0.543184 0.528418 -0.652477
vn 0.506377 0.614859 -0.604591
vn 0.468846 0.717622 -0.514979
vn 0.40991 0.810005 -0.419364
vn 0.510281 0.526907 -0.679693
vn 0.484391 0.588164 -0.647633
vn 0.435664 0.666833 -0.604591
vn 0.387056 0.764843 -0.514979
vn 0.318315 0.850182 -0.419364
vn 0.437101 0.585676 -0.682588
vn 0.417405 0.638885 -0.646219
vn 0.359663 0.710712 -0.604591
vn 0.300568 0.80278 -0.514979
vn 0.26337 0.868528 -0.419876
vn 0.358755 0.637005 -0.68229
vn 0.343797 0.679362 -0.648283
vn 0.279295 0.745965 -0.604591
vn 0.251658 0.819071 -0.515549
vn 0.248689 0.820114 -0.515332
vn 0.205754 0.830813 -0.517122
vn 0.275571 0.680666 -0.678789
vn 0.26533 0.708664 -0.653755
vn 0.236603 0.760121 -0.605174
vn 0.233822 0.76102 -0.605124
vn 0.19394 0.771145 -0.606402
vn 0.191458 0.773089 -0.604713
vn 0.109244 0.789025 -0.60457
vn 0.222104 0.713542 -0.664475
vn 0.187562 0.715256 -0.673223
vn 0.182768 0.726724 -0.662169
vn 0.10274 0.742332 -0.662109
vn 0.1092 0.789011 -0.604597
vn 0.021948 0.796233 -0.604591
vn 0.0946432 0.734034 -0.672486
vn 0.020861 0.756798 -0.653316
vn -0.0657774 0.793815 -0.604591
vn 0 0.734043 -0.679103
vn -0.062892 0.758994 -0.648053
vn -0.152704 0.781761 -0.604591
vn -0.0934754 0.724976 -0.682401
vn -0.146307 0.749008 -0.646205
vn -0.237778 0.760218 -0.604591
vn -0.185392 0.706981 -0.682501
vn -0.227402 0.727046 -0.647836
vn -0.319965 0.729446 -0.604591
vn -0.275357 0.680138 -0.679405
vn -0.304265 0.693655 -0.65289
vn -0.398268 0.68982 -0.604591
vn -0.362955 0.644464 -0.673001
vn -0.375109 0.649708 -0.66119
vn -0.471737 0.641821 -0.604591
vn -0.443314 0.60315 -0.663086
vn -0.443249 0.593913 -0.671414
vn -0.512239 0.55644 -0.654206
vn -0.511074 0.527725 -0.678461
vn -0.57402 0.499914 -0.648527
vn -0.571674 0.455894 -0.682165
vn -0.627123 0.434837 -0.646246
vn -0.624882 0.378807 -0.682662
vn -0.670259 0.362726 -0.647443
vn -0.670485 0.296804 -0.679969
vn -0.702425 0.2853 -0.652076
vn -0.708208 0.210192 -0.673989
vn -0.722933 0.204426 -0.659984
vn -0.737178 0.123013 -0.664407
vn -0.785672 0.131105 -0.604591
vn -0.795326 0.0438794 -0.604591
vn -0.73259 0.118439 -0.670287
vn -0.754355 0.0416189 -0.655146
vn -0.795326 -0.0438794 -0.604591
vn -0.734899 0.0235668 -0.677767
vn -0.759587 -0.0419076 -0.649054
vn -0.785672 -0.131105 -0.604591
vn -0.728085 -0.0702375 -0.681879
vn -0.752641 -0.125594 -0.646341
vn -0.766481 -0.21674 -0.604591
vn -0.712312 -0.16258 -0.682774
vn -0.733635 -0.207452 -0.647103
vn -0.737986 -0.299744 -0.604591
vn -0.687676 -0.253071 -0.680482
vn -0.703032 -0.285547 -0.651313
vn -0.700532 -0.379109 -0.604591
vn -0.654212 -0.341302 -0.674922
vn -0.661625 -0.358054 -0.658824
vn -0.654575 -0.453873 -0.604591
vn -0.613173 -0.425165 -0.665773
vn -0.609527 -0.42518 -0.669103
vn -0.569081 -0.495613 -0.656136
vn -0.544818 -0.494789 -0.677021
vn -0.514901 -0.559332 -0.649634
vn -0.474359 -0.557209 -0.681543
vn -0.451829 -0.614735 -0.646491
vn -0.398553 -0.612284 -0.682836
vn -0.381322 -0.660469 -0.646818
vn -0.317748 -0.659811 -0.680945
vn -0.305055 -0.695455 -0.650602
vn -0.232261 -0.699533 -0.675802
vn -0.226639 -0.714357 -0.662064
vn 0.271666 -0.961938 -0.0295455
vn 0.302183 -0.95325 0
vn 0.271666 -0.961938 0.0295455
vn 0.270237 -0.958479 0.0910533
vn 0.281347 -0.953497 0.108105
vn 0.248175 -0.957138 0.149322
vn 0.238481 -0.947447 0.213241
vn 0.224025 -0.9512 0.212207
vn 0.1587 -0.959181 0.234065
vn 0.132324 -0.953793 0.269758
vn 0.0968981 -0.965125 0.243196
vn 0.0438809 -0.962513 0.267662
vn 0.026052 -0.945118 0.325688
vn -0.0132587 -0.969548 0.244543
vn -0.0791536 -0.955242 0.28504
vn -0.0791474 -0.955235 0.285063
vn -0.125272 -0.963574 0.236287
vn -0.186027 -0.952353 0.241697
vn -0.194525 -0.953789 0.229012
vn -0.217906 -0.952013 0.214916
vn -0.21115 -0.964184 0.160512
vn -0.257507 -0.958904 0.119135
vn -0.36552 -0.924605 0.107239
vn -0.103889 -0.994326 0.0228677
vn -0.298186 -0.953355 0.046897
vn -0.309862 -0.950781 0
vn -0.401695 -0.915773 0
vn 0.270237 -0.958479 -0.0910533
vn 0.281347 -0.953497 -0.108105
vn 0.348588 -0.931038 -0.107957
vn 0.448894 -0.88704 -0.107957
vn 0.543752 -0.832274 -0.107957
vn 0.632008 -0.767405 -0.107957
vn 0.712593 -0.693222 -0.107957
vn 0.784528 -0.610623 -0.107957
vn 0.84694 -0.520612 -0.107957
vn 0.899072 -0.424282 -0.107957
vn 0.940289 -0.322802 -0.107957
vn 0.970093 -0.217403 -0.107957
vn 0.988122 -0.109365 -0.107957
vn 0.994156 0 -0.107957
vn 0.988122 0.109365 -0.107957
vn 0.970093 0.217403 -0.107957
vn 0.940289 0.322802 -0.107957
vn 0.899072 0.424282 -0.107957
vn 0.84694 0.520612 -0.107957
vn 0.784528 0.610623 -0.107957
vn 0.712593 0.693222 -0.107957
vn 0.632008 0.767405 -0.107957
vn 0.543752 0.832274 -0.107957
vn 0.448894 0.88704 -0.107957
vn 0.348588 0.931038 -0.107957
vn 0.277996 0.954481 -0.108098
vn 0.273161 0.937879 -0.21393
vn 0.224362 0.950022 -0.217073
vn 0.217825 0.922344 -0.319114
vn 0.130137 0.938838 -0.318822
vn 0.130085 0.93883 -0.318868
vn 0.026116 0.94744 -0.318866
vn -0.0782687 0.944563 -0.318866
vn -0.181703 0.93022 -0.318866
vn -0.282932 0.904585 -0.318866
vn -0.380727 0.86797 -0.318866
vn -0.4739 0.820819 -0.318866
vn -0.56132 0.763704 -0.318866
vn -0.641927 0.697319 -0.318866
vn -0.714742 0.622469 -0.318866
vn -0.778881 0.540064 -0.318866
vn -0.833565 0.451103 -0.318866
vn -0.878131 0.356666 -0.318866
vn -0.912037 0.2579 -0.318866
vn -0.934873 0.156003 -0.318866
vn -0.946361 0.0522122 -0.318866
vn -0.946361 -0.0522122 -0.318866
vn -0.934873 -0.156003 -0.318866
vn -0.912037 -0.2579 -0.318866
vn -0.878131 -0.356666 -0.318866
vn -0.833565 -0.451103 -0.318866
vn -0.778881 -0.540064 -0.318866
vn -0.714742 -0.622469 -0.318866
vn -0.641927 -0.697319 -0.318866
vn -0.56132 -0.763704 -0.318866
vn -0.4739 -0.820819 -0.318866
vn -0.380727 -0.86797 -0.318866
vn -0.285629 -0.903721 -0.318912
vn -0.273612 -0.8657 -0.419165
vn -0.225743 -0.879046 -0.419903
vn -0.21313 -0.829929 -0.515552
vn -0.164335 -0.841303 -0.514979
vn -0.0707873 -0.854275 -0.514979
vn 0.0236197 -0.856878 -0.514979
vn 0.11774 -0.849078 -0.514979
vn 0.210431 -0.830973 -0.514979
vn 0.300568 -0.80278 -0.514979
vn 0.387056 -0.764843 -0.514979
vn 0.468846 -0.717622 -0.514979
vn 0.544944 -0.661689 -0.514979
vn 0.614428 -0.597725 -0.514979
vn 0.248175 -0.957138 -0.149322
vn 0.238472 -0.947437 -0.213295
vn 0.239763 -0.946803 -0.214659
vn 0.224069 -0.95118 -0.212249
vn 0.158676 -0.959193 -0.23403
vn 0.132263 -0.953814 -0.269713
vn 0.0968981 -0.965125 -0.243196
vn 0.0438809 -0.962513 -0.267662
vn 0.026052 -0.945118 -0.325688
vn -0.0132587 -0.969548 -0.244543
vn -0.0791536 -0.955242 -0.28504
vn -0.0791474 -0.955235 -0.285063
vn -0.125272 -0.963574 -0.236287
vn -0.186027 -0.952353 -0.241697
vn -0.194525 -0.953789 -0.229012
vn -0.217906 -0.952013 -0.214916
vn -0.21115 -0.964184 -0.160512
vn -0.245575 -0.960633 -0.129916
vn -0.256474 -0.95924 -0.118657
vn -0.326941 -0.938944 -0.107205
vn -0.246734 -0.966636 -0.0688246
vn -0.247116 -0.968134 -0.0406206
vn -0.103889 -0.994326 -0.0228677
vn -0.978258 -0.207394 0
vn -0.300295 -0.953755 -0.0131866
vn -0.298577 -0.948298 -0.107621
vn 0.271666 0.961938 0.0295455
vn 0.302183 0.95325 0
vn 0.27602 0.960817 -0.0253637
vn 0.27478 0.956499 -0.0980085
vn 0.24696 0.965446 -0.0832104
vn 0.270237 0.958479 0.0910533
vn 0.281347 0.953497 0.108105
vn 0.348588 0.931038 0.107957
vn 0.448894 0.88704 0.107957
vn 0.543752 0.832274 0.107957
vn 0.632008 0.767405 0.107957
vn 0.712593 0.693222 0.107957
vn 0.784528 0.610623 0.107957
vn 0.84694 0.520612 0.107957
vn 0.899072 0.424282 0.107957
vn 0.940289 0.322802 0.107957
vn 0.970093 0.217403 0.107957
vn 0.988122 0.109365 0.107957
vn 0.994156 0 0.107957
vn 0.988122 -0.109365 0.107957
vn 0.970093 -0.217403 0.107957
vn 0.940289 -0.322802 0.107957
vn 0.899072 -0.424282 0.107957
vn 0.84694 -0.520612 0.107957
vn 0.784528 -0.610623 0.107957
vn 0.712593 -0.693222 0.107957
vn 0.632008 -0.767405 0.107957
vn 0.543752 -0.832274 0.107957
vn 0.448894 -0.88704 0.107957
vn 0.348588 -0.931038 0.107957
vn 0.248175 0.957138 0.149322
vn 0.238481 0.947447 0.213241
vn 0.239825 0.946787 0.21466
vn 0.232735 0.9188 0.318812
vn 0.23279 0.918766 0.318868
vn 0.222976 0.880031 0.419318
vn 0.223028 0.879994 0.419367
vn 0.210598 0.830953 0.514943
vn 0.210646 0.830915 0.514984
vn 0.195744 0.77213 0.604565
vn 0.195788 0.772093 0.604598
vn 0.178583 0.704244 0.687131
vn 0.178622 0.704209 0.687156
vn 0.159312 0.628079 0.761667
vn 0.159348 0.628049 0.761684
vn 0.138156 0.544524 0.827288
vn 0.146662 0.537518 0.8304
vn 0.147626 0.492731 0.857568
vn 0.0707444 0.508227 0.858312
vn 0.0510344 0.438802 0.897134
vn 0.0143973 0.522309 0.852635
vn -0.0401488 0.484524 0.873856
vn -0.0463907 0.559853 0.827293
vn -0.0535079 0.645745 0.761676
vn -0.0599953 0.724036 0.687148
vn -0.0657774 0.793815 0.604591
vn -0.0707873 0.854275 0.514979
vn -0.074967 0.904718 0.419364
vn -0.0782687 0.944563 0.318866
vn -0.0791532 0.955237 0.285057
vn -0.125272 0.963574 0.236287
vn 0.224025 0.9512 0.212207
vn 0.1587 0.959181 0.234065
vn 0.132324 0.953793 0.269758
vn 0.0968981 0.965125 0.243196
vn 0.0438809 0.962513 0.267662
vn 0.026052 0.945118 0.325688
vn -0.0132587 0.969548 0.244543
vn -0.0791385 0.955246 0.285031
vn -0.206692 0.947663 0.243337
vn -0.186395 0.954238 0.233853
vn -0.181703 0.93022 0.318866
vn -0.282932 0.904585 0.318866
vn -0.270997 0.866426 0.419364
vn -0.364666 0.831356 0.419364
vn -0.344335 0.785004 0.514979
vn -0.428601 0.74236 0.514979
vn -0.398268 0.68982 0.604591
vn -0.471737 0.641821 0.604591
vn -0.430269 0.585402 0.687148
vn -0.492057 0.534516 0.687148
vn -0.43885 0.476718 0.761676
vn -0.488629 0.425548 0.761676
vn -0.423635 0.368944 0.827293
vn -0.461651 0.320102 0.827293
vn -0.385384 0.26722 0.883217
vn -0.412442 0.223202 0.883217
vn -0.325954 0.176397 0.928783
vn -0.343381 0.139469 0.928783
vn -0.272235 0.110572 0.955857
vn -0.278714 0.0788129 0.957135
vn -0.273439 0.0624071 0.959863
vn -0.282091 0.0470726 0.958232
vn -0.283349 0.0241163 0.958714
vn -0.286168 0.0157883 0.95805
vn -0.283989 0 0.958828
vn -0.217906 0.952013 0.214916
vn -0.21115 0.964184 0.160512
vn -0.257507 0.958904 0.119135
vn -0.36552 0.924605 0.107239
vn -0.103889 0.994326 0.0228677
vn -0.298186 0.953355 0.046897
vn -0.309862 0.950781 0
vn -0.257507 0.958904 -0.119135
vn -0.21115 0.964184 -0.160512
vn -0.217906 0.952013 -0.214916
vn -0.186395 0.954238 -0.233853
vn -0.206692 0.947663 -0.243337
vn -0.125272 0.963574 -0.236287
vn -0.0791532 0.955237 -0.285057
vn -0.0791385 0.955246 -0.285031
vn -0.0132587 0.969548 -0.244543
vn 0.026052 0.945118 -0.325688
vn 0.0438809 0.962513 -0.267662
vn 0.0968981 0.965125 -0.243196
vn 0.132215 0.953831 -0.269677
vn 0.158657 0.959204 -0.234001
vn 0.219497 0.951885 -0.213858
vn 0.217489 0.954073 -0.206016
vn 0.231791 0.962716 -0.139464
vn 0.250044 0.967853 -0.0271939
vn -0.259072 0.123983 0.957867
vn -0.267097 0.144546 0.952767
vn -0.325954 0.176397 0.928783
vn -0.30457 0.211184 0.928783
vn -0.385384 0.26722 0.883217
vn -0.353649 0.307993 0.883217
vn -0.423635 0.368944 0.827293
vn -0.380477 0.413309 0.827293
vn -0.43885 0.476718 0.761676
vn -0.383743 0.522102 0.761676
vn -0.430269 0.585402 0.687148
vn -0.363259 0.629182 0.687148
vn -0.398268 0.68982 0.604591
vn -0.319965 0.729446 0.604591
vn -0.344335 0.785004 0.514979
vn -0.255888 0.818119 0.514979
vn -0.270997 0.866426 0.419364
vn -0.174038 0.89098 0.419364
vn -0.181703 0.93022 0.318866
vn -0.252421 0.175025 0.951657
vn -0.189969 0.186491 0.963916
vn -0.295212 0.223325 0.928965
vn -0.283269 0.246699 0.926768
vn -0.353649 0.307993 0.883217
vn -0.317621 0.345028 0.883217
vn -0.380477 0.413309 0.827293
vn -0.332701 0.452656 0.827293
vn -0.383743 0.522102 0.761676
vn -0.323979 0.561148 0.761676
vn -0.363259 0.629182 0.687148
vn -0.291839 0.665325 0.687148
vn -0.319965 0.729446 0.604591
vn -0.237778 0.760218 0.604591
vn -0.255888 0.818119 0.514979
vn -0.164335 0.841303 0.514979
vn -0.174038 0.89098 0.419364
vn -0.282811 0.247063 0.92681
vn -0.268437 0.2916 0.918102
vn -0.277737 0.377875 0.883217
vn -0.280886 0.486508 0.827293
vn -0.260282 0.593382 0.761676
vn -0.216876 0.693392 0.687148
vn -0.152704 0.781761 0.604591
vn -0.242884 0.307308 0.920092
vn -0.262338 0.367271 0.892351
vn -0.28221 0.376797 0.882259
vn -0.244809 0.424021 0.871938
vn -0.247194 0.503844 0.827669
vn -0.230598 0.525711 0.818811
vn -0.169988 0.543481 0.822029
vn -0.193425 0.618414 0.761676
vn -0.12422 0.635939 0.761676
vn -0.139281 0.713041 0.687148
vn -0.244774 0.424028 0.871944
vn -0.206901 0.474992 0.855321
vn -0.143332 0.534974 0.832622
vn -0.107742 0.551579 0.827135
vn -0.106591 0.551524 0.827321
vn -0.0511802 0.433504 0.899697
vn 0.0376029 0.438432 0.897977
vn 0.257651 0.499402 0.827172
vn 0.202094 0.539768 0.817195
vn 0.227198 0.60682 0.761676
vn 0.254744 0.680391 0.687148
vn 0.279295 0.745965 0.604591
vn 0.300568 0.80278 0.514979
vn 0.318315 0.850182 0.419364
vn 0.332334 0.887625 0.318866
vn 0.342464 0.91468 0.214659
vn 0.233946 0.46229 0.855311
vn 0.23694 0.423275 0.87447
vn 0.265133 0.405817 0.874653
vn 0.280314 0.367971 0.886578
vn 0.225053 0.414706 0.881686
vn 0.247128 0.307387 0.918935
vn 0.252244 0.306283 0.917913
vn 0.296644 0.246884 0.922524
vn 0.268465 0.261167 0.92721
vn 0.299647 0.222999 0.927622
vn 0.292474 0.227642 0.928783
vn 0.315742 0.194086 0.928783
vn 0.39952 0.245584 0.883217
vn 0.424111 0.200143 0.883217
vn 0.508042 0.239751 0.827293
vn 0.531333 0.182407 0.827293
vn 0.61285 0.210392 0.761676
vn 0.632275 0.141696 0.761676
vn 0.708933 0.158876 0.687148
vn 0.722108 0.0799228 0.687148
vn 0.791701 0.0876255 0.604591
vn 0.796536 0 0.604591
vn 0.857203 0 0.514979
vn 0.852 -0.0942994 0.514979
vn 0.902308 -0.0998675 0.419364
vn 0.885846 -0.198523 0.419364
vn 0.92486 -0.207266 0.318866
vn 0.896445 -0.30775 0.318866
vn 0.923769 -0.31713 0.214659
vn 0.883276 -0.416828 0.214659
vn 0.226794 0.186371 0.955945
vn 0.263935 0.16224 0.950798
vn 0.315742 0.194086 0.928783
vn 0.335176 0.158174 0.928783
vn 0.424111 0.200143 0.883217
vn 0.443554 0.152272 0.883217
vn 0.531333 0.182407 0.827293
vn 0.548174 0.122849 0.827293
vn 0.632275 0.141696 0.761676
vn 0.644025 0.0712807 0.761676
vn 0.722108 0.0799228 0.687148
vn 0.726517 0 0.687148
vn 0.796536 0 0.604591
vn 0.791701 -0.0876255 0.604591
vn 0.852 -0.0942994 0.514979
vn 0.836456 -0.187454 0.514979
vn 0.885846 -0.198523 0.419364
vn 0.85863 -0.294768 0.419364
vn 0.896445 -0.30775 0.318866
vn 0.85715 -0.404499 0.318866
vn 0.883276 -0.416828 0.214659
vn 0.83206 -0.511466 0.214659
vn 0.262087 0.123942 0.957052
vn 0.262325 0.123794 0.957006
vn 0.335176 0.158174 0.928783
vn 0.350542 0.120341 0.928783
vn 0.443554 0.152272 0.883217
vn 0.457614 0.102554 0.883217
vn 0.548174 0.122849 0.827293
vn 0.558362 0.0617995 0.827293
vn 0.644025 0.0712807 0.761676
vn 0.647958 0 0.761676
vn 0.726517 0 0.687148
vn 0.722108 -0.0799228 0.687148
vn 0.791701 -0.0876255 0.604591
vn 0.777257 -0.174187 0.604591
vn 0.836456 -0.187454 0.514979
vn 0.810757 -0.278333 0.514979
vn 0.85863 -0.294768 0.419364
vn 0.820992 -0.387435 0.419364
vn 0.85715 -0.404499 0.318866
vn 0.807449 -0.496337 0.318866
vn 0.83206 -0.511466 0.214659
vn 0.770745 -0.599895 0.214659
vn 0.277775 0.0953603 0.955901
vn 0.275244 0.0623899 0.959348
vn 0.275756 0.0617984 0.959239
vn 0.2848 0.0315217 0.958068
vn 0.368374 0.0407717 0.928783
vn 0.370624 0 0.928783
vn 0.468964 0 0.883217
vn 0.466118 -0.0515899 0.883217
vn 0.558362 -0.0617995 0.827293
vn 0.548174 -0.122849 0.827293
vn 0.632275 -0.141696 0.761676
vn 0.61285 -0.210392 0.761676
vn 0.687152 -0.2359 0.687148
vn 0.657031 -0.31006 0.687148
vn 0.720353 -0.339943 0.604591
vn 0.678584 -0.417124 0.604591
vn 0.730268 -0.448894 0.514979
vn 0.676454 -0.526505 0.514979
vn 0.716396 -0.557594 0.419364
vn 0.650708 -0.633019 0.419364
vn 0.679366 -0.660898 0.318866
vn 0.602539 -0.731622 0.318866
vn 0.620904 -0.753923 0.214659
vn 0.534198 -0.817651 0.214659
vn 0.283497 0.0241289 0.95867
vn 0.285821 0 0.958283
vn 0.370624 0 0.928783
vn 0.368374 -0.0407717 0.928783
vn 0.466118 -0.0515899 0.883217
vn 0.457614 -0.102554 0.883217
vn 0.548174 -0.122849 0.827293
vn 0.531333 -0.182407 0.827293
vn 0.61285 -0.210392 0.761676
vn 0.585985 -0.276533 0.761676
vn 0.657031 -0.31006 0.687148
vn 0.618934 -0.380457 0.687148
vn 0.678584 -0.417124 0.604591
vn 0.628579 -0.489242 0.604591
vn 0.676454 -0.526505 0.514979
vn 0.614428 -0.597725 0.514979
vn 0.650708 -0.633019 0.419364
vn 0.577122 -0.70076 0.419364
vn 0.602539 -0.731622 0.318866
vn 0.518397 -0.793466 0.318866
vn 0.534198 -0.817651 0.214659
vn 0.441008 -0.871455 0.214659
vn 0.285821 0 0.958283
vn 0.283497 -0.0241289 0.95867
vn 0.2848 -0.0315217 0.958068
vn 0.275578 -0.0623867 0.959252
vn 0.275185 -0.0616705 0.959411
vn 0.277775 -0.0953603 0.955901
vn 0.350542 -0.120341 0.928783
vn 0.335176 -0.158174 0.928783
vn 0.424111 -0.200143 0.883217
vn 0.39952 -0.245584 0.883217
vn 0.478584 -0.294184 0.827293
vn 0.443316 -0.345047 0.827293
vn 0.51133 -0.397984 0.761676
vn 0.464445 -0.451819 0.761676
vn 0.520755 -0.506598 0.687148
vn 0.461864 -0.560811 0.687148
vn 0.506377 -0.614859 0.604591
vn 0.435664 -0.666833 0.604591
vn 0.468846 -0.717622 0.514979
vn 0.387056 -0.764843 0.514979
vn 0.40991 -0.810005 0.419364
vn 0.318315 -0.850182 0.419364
vn 0.332334 -0.887625 0.318866
vn 0.23279 -0.918766 0.318868
vn 0.232735 -0.9188 0.318812
vn 0.130303 -0.938781 0.318921
vn 0.130245 -0.938809 0.318865
vn 0.026116 -0.94744 0.318866
vn 0.262245 -0.12394 0.957009
vn 0.262073 -0.123675 0.95709
vn 0.335176 -0.158174 0.928783
vn 0.315742 -0.194086 0.928783
vn 0.39952 -0.245584 0.883217
vn 0.370079 -0.288044 0.883217
vn 0.443316 -0.345047 0.827293
vn 0.402668 -0.391721 0.827293
vn 0.464445 -0.451819 0.761676
vn 0.411922 -0.500169 0.761676
vn 0.461864 -0.560811 0.687148
vn 0.397367 -0.608216 0.687148
vn 0.435664 -0.666833 0.604591
vn 0.359663 -0.710712 0.604591
vn 0.387056 -0.764843 0.514979
vn 0.300568 -0.80278 0.514979
vn 0.318315 -0.850182 0.419364
vn 0.223028 -0.879994 0.419367
vn 0.222976 -0.880031 0.419318
vn 0.124865 -0.899168 0.419411
vn 0.124809 -0.899199 0.419361
vn 0.0250143 -0.907474 0.419364
vn 0.026116 -0.94744 0.318866
vn -0.0782687 -0.944563 0.318866
vn 0.263935 -0.16224 0.950798
vn 0.226794 -0.186371 0.955945
vn 0.299647 -0.222999 0.927622
vn 0.268465 -0.261167 0.92721
vn 0.336145 -0.327007 0.883217
vn 0.298132 -0.362001 0.883217
vn 0.357131 -0.433641 0.827293
vn 0.30726 -0.470296 0.827293
vn 0.354399 -0.542448 0.761676
vn 0.292574 -0.578143 0.761676
vn 0.328047 -0.648238 0.687148
vn 0.254744 -0.680391 0.687148
vn 0.279295 -0.745965 0.604591
vn 0.195788 -0.772093 0.604598
vn 0.195744 -0.77213 0.604565
vn 0.109661 -0.78893 0.604619
vn 0.109613 -0.788962 0.604586
vn 0.021948 -0.796233 0.604591
vn 0.0236197 -0.856878 0.514979
vn -0.0707873 -0.854275 0.514979
vn -0.074967 -0.904718 0.419364
vn -0.174038 -0.89098 0.419364
vn -0.181703 -0.93022 0.318866
vn -0.282932 -0.904585 0.318866
vn -0.291556 -0.932157 0.214659
vn -0.392332 -0.894426 0.214659
vn -0.399348 -0.910421 0.107957
vn -0.497078 -0.860964 0.107957
vn -0.5 -0.866025 0
vn -0.592235 -0.805765 0
vn 0.296644 -0.246884 0.922524
vn 0.252244 -0.306283 0.917913
vn 0.298132 -0.362001 0.883217
vn 0.276258 -0.378272 0.883511
vn 0.265133 -0.405817 0.874653
vn 0.23694 -0.423275 0.87447
vn 0.233946 -0.46229 0.855311
vn 0.0376029 -0.438432 0.897977
vn 0.257651 -0.499402 0.827172
vn 0.202094 -0.539768 0.817195
vn 0.227198 -0.60682 0.761676
vn 0.159348 -0.628049 0.761684
vn 0.159312 -0.628079 0.761667
vn 0.0892898 -0.641763 0.761688
vn 0.0892509 -0.64179 0.761669
vn 0.017854 -0.647712 0.761676
vn 0.0200187 -0.726241 0.687148
vn -0.0599953 -0.724036 0.687148
vn -0.0657774 -0.793815 0.604591
vn -0.152704 -0.781761 0.604591
vn -0.164335 -0.841303 0.514979
vn -0.255888 -0.818119 0.514979
vn -0.270997 -0.866426 0.419364
vn -0.364666 -0.831356 0.419364
vn -0.380727 -0.86797 0.318866
vn -0.4739 -0.820819 0.318866
vn -0.488345 -0.845838 0.214659
vn -0.57843 -0.786982 0.214659
vn -0.588774 -0.801056 0.107957
vn -0.673323 -0.731424 0.107957
vn -0.677282 -0.735724 0
vn -0.754107 -0.656752 0
vn 0.247128 -0.307387 0.918935
vn 0.23559 -0.365994 0.900303
vn 0.146662 -0.537518 0.8304
vn 0.147626 -0.492731 0.857568
vn 0.0707444 -0.508227 0.858312
vn 0.0510344 -0.438802 0.897134
vn 0.0143973 -0.522309 0.852635
vn -0.0401488 -0.484524 0.873856
vn -0.0463907 -0.559853 0.827293
vn -0.106591 -0.551524 0.827321
vn -0.107742 -0.551579 0.827135
vn -0.143332 -0.534974 0.832622
vn -0.169988 -0.543481 0.822029
vn -0.230598 -0.525711 0.818811
vn -0.260282 -0.593382 0.761676
vn -0.323979 -0.561148 0.761676
vn -0.363259 -0.629182 0.687148
vn -0.430269 -0.585402 0.687148
vn -0.471737 -0.641821 0.604591
vn -0.539479 -0.58603 0.604591
vn -0.580568 -0.630665 0.514979
vn -0.646422 -0.56297 0.514979
vn -0.684592 -0.596211 0.419364
vn -0.746025 -0.517282 0.419364
vn -0.778881 -0.540064 0.318866
vn -0.833565 -0.451103 0.318866
vn -0.858972 -0.464853 0.214659
vn -0.0511802 -0.433504 0.899697
vn -0.247194 -0.503844 0.827669
vn -0.206901 -0.474992 0.855321
vn -0.244774 -0.424028 0.871944
vn -0.244809 -0.424021 0.871938
vn -0.288747 -0.368256 0.883749
vn -0.275913 -0.375393 0.884846
vn -0.26813 -0.385548 0.88287
vn -0.317621 -0.345028 0.883217
vn -0.353649 -0.307993 0.883217
vn -0.385384 -0.26722 0.883217
vn -0.412442 -0.223202 0.883217
vn -0.242884 -0.307308 0.920092
vn -0.268437 -0.2916 0.918102
vn -0.282811 -0.247063 0.92681
vn -0.283269 -0.246699 0.926768
vn -0.295212 -0.223325 0.928965
vn -0.189969 -0.186491 0.963916
vn -0.252421 -0.175025 0.951657
vn -0.267097 -0.144546 0.952767
vn -0.325954 -0.176397 0.928783
vn -0.259072 -0.123983 0.957867
vn -0.90644 0.0500097 -0.419364
vn -0.895437 0.149422 -0.419364
vn -0.873564 0.247021 -0.419364
vn -0.841088 0.341621 -0.419364
vn -0.798402 0.432074 -0.419364
vn -0.746025 0.517282 -0.419364
vn -0.684592 0.596211 -0.419364
vn -0.614849 0.667904 -0.419364
vn -0.537642 0.731488 -0.419364
vn -0.453909 0.786194 -0.419364
vn -0.364666 0.831356 -0.419364
vn -0.270997 0.866426 -0.419364
vn -0.174038 0.89098 -0.419364
vn -0.074967 0.904718 -0.419364
vn 0.0250143 0.907474 -0.419364
vn 0.124551 0.899232 -0.419367
vn 0.1246 0.899244 -0.419327
vn 0.211824 0.882647 -0.419602
vn 0.220985 0.920821 -0.321333
vn 0.268404 0.909107 -0.318564
vn 0.276538 0.936657 -0.214944
vn 0.342464 0.91468 -0.214659
vn 0.441008 0.871455 -0.214659
vn 0.534198 0.817651 -0.214659
vn 0.620904 0.753923 -0.214659
vn 0.700074 0.681042 -0.214659
vn 0.770745 0.599895 -0.214659
vn 0.83206 0.511466 -0.214659
vn 0.883276 0.416828 -0.214659
vn 0.923769 0.31713 -0.214659
vn 0.95305 0.213583 -0.214659
vn 0.970761 0.107444 -0.214659
vn 0.976689 0 -0.214659
vn 0.970761 -0.107444 -0.214659
vn 0.95305 -0.213583 -0.214659
vn 0.923769 -0.31713 -0.214659
vn 0.883276 -0.416828 -0.214659
vn 0.83206 -0.511466 -0.214659
vn 0.770745 -0.599895 -0.214659
vn 0.700074 -0.681042 -0.214659
vn 0.620904 -0.753923 -0.214659
vn 0.534198 -0.817651 -0.214659
vn 0.441008 -0.871455 -0.214659
vn 0.342464 -0.91468 -0.214659
vn -0.90644 -0.0500097 -0.419364
vn -0.895437 -0.149422 -0.419364
vn -0.873564 -0.247021 -0.419364
vn -0.841088 -0.341621 -0.419364
vn -0.798402 -0.432074 -0.419364
vn -0.746025 -0.517282 -0.419364
vn -0.684592 -0.596211 -0.419364
vn -0.614849 -0.667904 -0.419364
vn -0.537642 -0.731488 -0.419364
vn -0.453909 -0.786194 -0.419364
vn -0.364666 -0.831356 -0.419364
vn -0.273892 -0.865486 -0.419426
vn -0.258655 -0.817338 -0.514836
vn -0.21343 -0.829843 -0.515566
vn -0.198297 -0.771003 -0.605172
vn -0.152704 -0.781761 -0.604591
vn -0.0657774 -0.793815 -0.604591
vn 0.021948 -0.796233 -0.604591
vn 0.109407 -0.788986 -0.604591
vn 0.195538 -0.772162 -0.604591
vn 0.279295 -0.745965 -0.604591
vn 0.359663 -0.710712 -0.604591
vn 0.435664 -0.666833 -0.604591
vn 0.506377 -0.614859 -0.604591
vn -0.975206 0.0538036 -0.214659
vn -0.963368 0.160758 -0.214659
vn -0.939837 0.26576 -0.214659
vn -0.904897 0.367537 -0.214659
vn -0.858972 0.464853 -0.214659
vn -0.802621 0.556525 -0.214659
vn -0.736528 0.641442 -0.214659
vn -0.661493 0.718574 -0.214659
vn -0.57843 0.786982 -0.214659
vn -0.488345 0.845838 -0.214659
vn -0.392332 0.894426 -0.214659
vn -0.291556 0.932157 -0.214659
vn -0.975206 -0.0538036 -0.214659
vn -0.963368 -0.160758 -0.214659
vn -0.939837 -0.26576 -0.214659
vn -0.904897 -0.367537 -0.214659
vn -0.858972 -0.464853 -0.214659
vn -0.802621 -0.556525 -0.214659
vn -0.736528 -0.641442 -0.214659
vn -0.661493 -0.718574 -0.214659
vn -0.57843 -0.786982 -0.214659
vn -0.488345 -0.845838 -0.214659
vn -0.392332 -0.894426 -0.214659
vn -0.293998 -0.931383 -0.214688
vn -0.285329 -0.903921 -0.318613
vn -0.235377 -0.917952 -0.319316
vn -0.225424 -0.879135 -0.419888
vn -0.174038 -0.89098 -0.419364
vn -0.074967 -0.904718 -0.419364
vn 0.0250143 -0.907474 -0.419364
vn 0.124692 -0.899214 -0.419364
vn 0.222856 -0.880039 -0.419364
vn 0.318315 -0.850182 -0.419364
vn 0.40991 -0.810005 -0.419364
vn 0.49653 -0.759995 -0.419364
vn 0.577122 -0.70076 -0.419364
vn 0.650708 -0.633019 -0.419364
vn 0.716396 -0.557594 -0.419364
vn -0.998482 0.0550878 0
vn -0.986361 0.164595 0
vn -0.962268 0.272103 0
vn -0.926494 0.376309 0
vn -0.879474 0.475947 0
vn -0.821778 0.569808 0
vn -0.754107 0.656752 0
vn -0.677282 0.735724 0
vn -0.592235 0.805765 0
vn -0.5 0.866025 0
vn -0.401695 0.915773 0
vn -0.992646 0.0547658 0.107957
vn -0.980597 0.163633 0.107957
vn -0.956644 0.270513 0.107957
vn -0.921079 0.37411 0.107957
vn -0.874334 0.473166 0.107957
vn -0.816975 0.566478 0.107957
vn -0.749699 0.652914 0.107957
vn -0.673323 0.731424 0.107957
vn -0.588774 0.801056 0.107957
vn -0.497078 0.860964 0.107957
vn -0.998482 -0.0550878 -0
vn -0.986361 -0.164595 -0
vn -0.962268 -0.272103 -0
vn -0.975206 0.0538036 0.214659
vn -0.963368 0.160758 0.214659
vn -0.939837 0.26576 0.214659
vn -0.904897 0.367537 0.214659
vn -0.858972 0.464853 0.214659
vn -0.802621 0.556525 0.214659
vn -0.736528 0.641442 0.214659
vn -0.661493 0.718574 0.214659
vn -0.57843 0.786982 0.214659
vn -0.992646 -0.0547658 0.107957
vn -0.980597 -0.163633 0.107957
vn -0.956644 -0.270513 0.107957
vn -0.946361 0.0522122 0.318866
vn -0.934873 0.156003 0.318866
vn -0.912037 0.2579 0.318866
vn -0.878131 0.356666 0.318866
vn -0.833565 0.451103 0.318866
vn -0.778881 0.540064 0.318866
vn -0.714742 0.622469 0.318866
vn -0.641927 0.697319 0.318866
vn -0.975206 -0.0538036 0.214659
vn -0.963368 -0.160758 0.214659
vn -0.939837 -0.26576 0.214659
vn -0.90644 0.0500097 0.419364
vn -0.895437 0.149422 0.419364
vn -0.873564 0.247021 0.419364
vn -0.841088 0.341621 0.419364
vn -0.798402 0.432074 0.419364
vn -0.746025 0.517282 0.419364
vn -0.684592 0.596211 0.419364
vn -0.946361 -0.0522122 0.318866
vn -0.934873 -0.156003 0.318866
vn -0.912037 -0.2579 0.318866
vn -0.855901 0.0472214 0.514979
vn -0.845512 0.141091 0.514979
vn -0.824859 0.233248 0.514979
vn -0.794193 0.322574 0.514979
vn -0.753887 0.407984 0.514979
vn -0.70443 0.488441 0.514979
vn -0.90644 -0.0500097 0.419364
vn -0.895437 -0.149422 0.419364
vn -0.873564 -0.247021 0.419364
vn -0.795326 0.0438794 0.604591
vn -0.785672 0.131105 0.604591
vn -0.766481 0.21674 0.604591
vn -0.737986 0.299744 0.604591
vn -0.700532 0.379109 0.604591
vn -0.855901 -0.0472214 0.514979
vn -0.845512 -0.141091 0.514979
vn -0.824859 -0.233248 0.514979
vn -0.725414 0.0400222 0.687148
vn -0.716608 0.119581 0.687148
vn -0.699104 0.197688 0.687148
vn -0.673114 0.273395 0.687148
vn -0.795326 -0.0438794 0.604591
vn -0.785672 -0.131105 0.604591
vn -0.766481 -0.21674 0.604591
vn -0.646974 0.0356945 0.761676
vn -0.63912 0.10665 0.761676
vn -0.623509 0.176312 0.761676
vn -0.725414 -0.0400222 0.687148
vn -0.716608 -0.119581 0.687148
vn -0.699104 -0.197688 0.687148
vn -0.560918 0.0309467 0.827293
vn -0.55411 0.0924645 0.827293
vn -0.646974 -0.0356945 0.761676
vn -0.63912 -0.10665 0.761676
vn -0.623509 -0.176312 0.761676
vn -0.468252 0.0258342 0.883217
vn -0.468252 -0.0258342 0.883217
vn -0.370061 -0.0204168 0.928783
vn -0.365569 -0.0610027 0.928783
vn -0.560918 -0.0309467 0.827293
vn -0.55411 -0.0924645 0.827293
vn -0.540575 -0.15286 0.827293
vn 0.350638 -0.936511 0
vn 0.239825 -0.946787 0.21466
vn 0.342464 -0.91468 0.214659
vn 0.332334 -0.887625 0.318866
vn 0.427963 -0.845678 0.318866
vn 0.40991 -0.810005 0.419364
vn 0.49653 -0.759995 0.419364
vn 0.468846 -0.717622 0.514979
vn 0.544944 -0.661689 0.514979
vn 0.506377 -0.614859 0.604591
vn 0.570943 -0.555422 0.604591
vn 0.520755 -0.506598 0.687148
vn 0.573324 -0.446236 0.687148
vn 0.51133 -0.397984 0.761676
vn 0.552008 -0.339318 0.761676
vn 0.478584 -0.294184 0.827293
vn 0.508042 -0.239751 0.827293
vn 0.424111 -0.200143 0.883217
vn 0.443554 -0.152272 0.883217
vn 0.350542 -0.120341 0.928783
vn 0.361653 -0.0810484 0.928783
vn 0.342464 -0.91468 0.214659
vn 0.210598 -0.830953 0.514943
vn 0.210646 -0.830915 0.514984
vn 0.279295 -0.745965 0.604591
vn 0.300568 -0.80278 0.514979
vn 0.178583 -0.704244 0.687131
vn 0.178622 -0.704209 0.687156
vn 0.227198 -0.60682 0.761676
vn 0.254744 -0.680391 0.687148
vn 0.138156 -0.544524 0.827288
vn 0.0774498 -0.556399 0.827298
vn 0.077416 -0.556421 0.827286
vn 0.0154792 -0.561558 0.827293
vn 0.017854 -0.647712 0.761676
vn -0.0535079 -0.645745 0.761676
vn -0.0599953 -0.724036 0.687148
vn -0.139281 -0.713041 0.687148
vn -0.152704 -0.781761 0.604591
vn -0.237778 -0.760218 0.604591
vn -0.255888 -0.818119 0.514979
vn -0.344335 -0.785004 0.514979
vn -0.364666 -0.831356 0.419364
vn -0.453909 -0.786194 0.419364
vn -0.4739 -0.820819 0.318866
vn -0.56132 -0.763704 0.318866
vn -0.57843 -0.786982 0.214659
vn -0.661493 -0.718574 0.214659
vn -0.673323 -0.731424 0.107957
vn -0.749699 -0.652914 0.107957
vn -0.754107 -0.656752 0
vn -0.821778 -0.569808 0
vn 0.100025 -0.719605 0.687142
vn 0.100068 -0.719574 0.687167
vn 0.117906 -0.849058 0.514975
vn 0.117958 -0.849025 0.515016
vn 0.451533 -0.892254 0
vn 0.427963 -0.845678 0.318866
vn 0.441008 -0.871455 0.214659
vn 0.328047 -0.648238 0.687148
vn 0.359663 -0.710712 0.604591
vn 0.253659 -0.501243 0.827293
vn 0.292574 -0.578143 0.761676
vn 0.546948 -0.837166 0
vn 0.49653 -0.759995 0.419364
vn 0.518397 -0.793466 0.318866
vn 0.354399 -0.542448 0.761676
vn 0.397367 -0.608216 0.687148
vn 0.30726 -0.470296 0.827293
vn 0.635724 -0.771917 0
vn 0.716783 -0.697297 0
vn 0.789141 -0.614213 0
vn 0.851919 -0.523673 0
vn 0.904357 -0.426776 0
vn 0.945817 -0.324699 0
vn 0.975796 -0.218681 0
vn 0.993931 -0.110008 0
vn 1 0 0
vn 0.993931 0.110008 0
vn 0.975796 0.218681 0
vn 0.945817 0.324699 0
vn 0.904357 0.426776 0
vn 0.851919 0.523673 0
vn 0.789141 0.614213 0
vn 0.716783 0.697297 0
vn 0.635724 0.771917 0
vn 0.546948 0.837166 0
vn 0.451533 0.892254 0
vn 0.350638 0.936511 0
vn 0.620904 -0.753923 0.214659
vn 0.700074 -0.681042 0.214659
vn 0.679366 -0.660898 0.318866
vn 0.747947 -0.582151 0.318866
vn 0.716396 -0.557594 0.419364
vn 0.773388 -0.4754 0.419364
vn 0.730268 -0.448894 0.514979
vn 0.775218 -0.365834 0.514979
vn 0.720353 -0.339943 0.604591
vn 0.753377 -0.258635 0.604591
vn 0.687152 -0.2359 0.687148
vn 0.708933 -0.158876 0.687148
vn 0.632275 -0.141696 0.761676
vn 0.644025 -0.0712807 0.761676
vn 0.558362 -0.0617995 0.827293
vn 0.561771 0 0.827293
vn 0.468964 0 0.883217
vn 0.466118 0.0515899 0.883217
vn 0.368374 0.0407717 0.928783
vn 0.361653 0.0810484 0.928783
vn 0.700074 -0.681042 0.214659
vn 0.577122 -0.70076 0.419364
vn 0.544944 -0.661689 0.514979
vn 0.614428 -0.597725 0.514979
vn 0.570943 -0.555422 0.604591
vn 0.628579 -0.489242 0.604591
vn 0.573324 -0.446236 0.687148
vn 0.618934 -0.380457 0.687148
vn 0.552008 -0.339318 0.761676
vn 0.585985 -0.276533 0.761676
vn 0.508042 -0.239751 0.827293
vn 0.531333 -0.182407 0.827293
vn 0.443554 -0.152272 0.883217
vn 0.457614 -0.102554 0.883217
vn 0.361653 -0.0810484 0.928783
vn 0.368374 -0.0407717 0.928783
vn 0.411922 -0.500169 0.761676
vn 0.357131 -0.433641 0.827293
vn 0.402668 -0.391721 0.827293
vn 0.336145 -0.327007 0.883217
vn 0.370079 -0.288044 0.883217
vn 0.292474 -0.227642 0.928783
vn 0.315742 -0.194086 0.928783
vn 0.747947 -0.582151 0.318866
vn 0.770745 -0.599895 0.214659
vn 0.773388 -0.4754 0.419364
vn 0.807449 -0.496337 0.318866
vn 0.775218 -0.365834 0.514979
vn 0.820992 -0.387435 0.419364
vn 0.923769 -0.31713 0.214659
vn 0.753377 -0.258635 0.604591
vn 0.810757 -0.278333 0.514979
vn 0.95305 -0.213583 0.214659
vn 0.970761 -0.107444 0.214659
vn 0.976689 0 0.214659
vn 0.970761 0.107444 0.214659
vn 0.95305 0.213583 0.214659
vn 0.923769 0.31713 0.214659
vn 0.883276 0.416828 0.214659
vn 0.83206 0.511466 0.214659
vn 0.770745 0.599895 0.214659
vn 0.700074 0.681042 0.214659
vn 0.620904 0.753923 0.214659
vn 0.534198 0.817651 0.214659
vn 0.441008 0.871455 0.214659
vn 0.708933 -0.158876 0.687148
vn 0.777257 -0.174187 0.604591
vn 0.791701 -0.0876255 -0.604591
vn 0.796536 0 -0.604591
vn 0.857203 0 -0.514979
vn 0.852 0.0942994 -0.514979
vn 0.902308 0.0998675 -0.419364
vn 0.885846 0.198523 -0.419364
vn 0.942047 -0.104266 0.318866
vn 0.92486 -0.207266 0.318866
vn 0.902308 -0.0998675 0.419364
vn 0.907818 0 0.419364
vn 0.857203 0 0.514979
vn 0.852 0.0942994 0.514979
vn 0.791701 0.0876255 0.604591
vn 0.777257 0.174187 0.604591
vn 0.708933 0.158876 0.687148
vn 0.687152 0.2359 0.687148
vn 0.61285 0.210392 0.761676
vn 0.585985 0.276533 0.761676
vn 0.508042 0.239751 0.827293
vn 0.478584 0.294184 0.827293
vn 0.39952 0.245584 0.883217
vn 0.370079 0.288044 0.883217
vn 0.9478 0 0.318866
vn 0.942047 0.104266 0.318866
vn 0.92486 0.207266 0.318866
vn 0.896445 0.30775 0.318866
vn 0.85715 0.404499 0.318866
vn 0.807449 0.496337 0.318866
vn 0.747947 0.582151 0.318866
vn 0.679366 0.660898 0.318866
vn 0.602539 0.731622 0.318866
vn 0.518397 0.793466 0.318866
vn 0.427963 0.845678 0.318866
vn 0.722108 -0.0799228 0.687148
vn 0.644025 -0.0712807 0.761676
vn 0.647958 0 0.761676
vn 0.561771 0 0.827293
vn 0.558362 0.0617995 0.827293
vn 0.466118 0.0515899 0.883217
vn 0.457614 0.102554 0.883217
vn 0.361653 0.0810484 0.928783
vn 0.350542 0.120341 0.928783
vn 0.796536 0 -0.604591
vn 0.791701 0.0876255 -0.604591
vn 0.852 0.0942994 -0.514979
vn 0.836456 0.187454 -0.514979
vn 0.885846 0.198523 -0.419364
vn 0.85863 0.294768 -0.419364
vn 0.907818 0 0.419364
vn 0.902308 0.0998675 0.419364
vn 0.852 0.0942994 0.514979
vn 0.836456 0.187454 0.514979
vn 0.777257 0.174187 0.604591
vn 0.753377 0.258635 0.604591
vn 0.687152 0.2359 0.687148
vn 0.657031 0.31006 0.687148
vn 0.585985 0.276533 0.761676
vn 0.552008 0.339318 0.761676
vn 0.478584 0.294184 0.827293
vn 0.443316 0.345047 0.827293
vn 0.370079 0.288044 0.883217
vn 0.336145 0.327007 0.883217
vn 0.791701 0.0876255 -0.604591
vn 0.777257 0.174187 -0.604591
vn 0.836456 0.187454 -0.514979
vn 0.810757 0.278333 -0.514979
vn 0.85863 0.294768 -0.419364
vn 0.820992 0.387435 -0.419364
vn 0.885846 0.198523 0.419364
vn 0.85863 0.294768 0.419364
vn 0.820992 0.387435 0.419364
vn 0.773388 0.4754 0.419364
vn 0.716396 0.557594 0.419364
vn 0.650708 0.633019 0.419364
vn 0.577122 0.70076 0.419364
vn 0.49653 0.759995 0.419364
vn 0.40991 0.810005 0.419364
vn 0.753377 0.258635 -0.604591
vn 0.775218 0.365834 -0.514979
vn 0.773388 0.4754 -0.419364
vn 0.836456 0.187454 0.514979
vn 0.810757 0.278333 0.514979
vn 0.753377 0.258635 0.604591
vn 0.720353 0.339943 0.604591
vn 0.657031 0.31006 0.687148
vn 0.618934 0.380457 0.687148
vn 0.552008 0.339318 0.761676
vn 0.51133 0.397984 0.761676
vn 0.443316 0.345047 0.827293
vn 0.402668 0.391721 0.827293
vn 0.336145 0.327007 0.883217
vn 0.298132 0.362001 0.883217
vn 0.720353 0.339943 -0.604591
vn 0.730268 0.448894 -0.514979
vn 0.716396 0.557594 -0.419364
vn 0.775218 0.365834 0.514979
vn 0.730268 0.448894 0.514979
vn 0.676454 0.526505 0.514979
vn 0.614428 0.597725 0.514979
vn 0.544944 0.661689 0.514979
vn 0.468846 0.717622 0.514979
vn 0.387056 0.764843 0.514979
vn 0.678584 0.417124 -0.604591
vn 0.676454 0.526505 -0.514979
vn 0.650708 0.633019 -0.419364
vn 0.720353 0.339943 0.604591
vn 0.678584 0.417124 0.604591
vn 0.618934 0.380457 0.687148
vn 0.573324 0.446236 0.687148
vn 0.51133 0.397984 0.761676
vn 0.464445 0.451819 0.761676
vn 0.402668 0.391721 0.827293
vn 0.357131 0.433641 0.827293
vn 0.298132 0.362001 0.883217
vn 0.628579 0.489242 -0.604591
vn 0.614428 0.597725 -0.514979
vn 0.628579 0.489242 0.604591
vn 0.570943 0.555422 0.604591
vn 0.506377 0.614859 0.604591
vn 0.435664 0.666833 0.604591
vn 0.359663 0.710712 0.604591
vn 0.520755 0.506598 0.687148
vn 0.411922 0.500169 0.761676
vn 0.30726 0.470296 0.827293
vn 0.678584 0.417124 -0.604591
vn 0.577122 0.70076 -0.419364
vn 0.461864 0.560811 0.687148
vn 0.397367 0.608216 0.687148
vn 0.328047 0.648238 0.687148
vn 0.354399 0.542448 0.761676
vn 0.253659 0.501243 0.827293
vn 0.292574 0.578143 0.761676
vn 0.282432 0.952985 -0.109779
vn -0.29677 0.948827 0.107957
vn -0.399348 0.910421 0.107957
vn -0.291556 0.932157 0.214659
vn -0.392332 0.894426 0.214659
vn -0.488345 0.845838 0.214659
vn -0.282932 0.904585 0.318866
vn -0.380727 0.86797 0.318866
vn -0.364666 0.831356 0.419364
vn -0.453909 0.786194 0.419364
vn -0.428601 0.74236 0.514979
vn -0.507666 0.690704 0.514979
vn -0.471737 0.641821 0.604591
vn -0.539479 0.58603 0.604591
vn -0.492057 0.534516 0.687148
vn -0.547871 0.477142 0.687148
vn -0.488629 0.425548 0.761676
vn -0.532477 0.369211 0.761676
vn -0.461651 0.320102 0.827293
vn -0.494063 0.267374 0.827293
vn -0.412442 0.223202 0.883217
vn -0.434493 0.176476 0.883217
vn -0.343381 0.139469 0.928783
vn -0.356639 0.100848 0.928783
vn -0.380727 0.86797 0.318866
vn -0.216876 0.693392 0.687148
vn -0.193425 0.618414 0.761676
vn -0.260282 0.593382 0.761676
vn -0.152704 0.781761 0.604591
vn -0.139281 0.713041 0.687148
vn -0.4739 0.820819 0.318866
vn -0.56132 0.763704 0.318866
vn -0.453909 0.786194 0.419364
vn -0.537642 0.731488 0.419364
vn -0.507666 0.690704 0.514979
vn -0.580568 0.630665 0.514979
vn -0.539479 0.58603 0.604591
vn -0.600673 0.523127 0.604591
vn -0.547871 0.477142 0.687148
vn -0.597036 0.413975 0.687148
vn -0.532477 0.369211 0.761676
vn -0.569862 0.308394 0.761676
vn -0.494063 0.267374 0.827293
vn -0.520478 0.2114 0.827293
vn -0.434493 0.176476 0.883217
vn -0.451269 0.127607 0.883217
vn -0.356639 0.100848 0.928783
vn -0.365569 0.0610027 0.928783
vn -0.539479 0.58603 -0.604591
vn -0.471737 0.641821 -0.604591
vn -0.600673 0.523127 -0.604591
vn -0.654575 0.453873 -0.604591
vn -0.700532 0.379109 -0.604591
vn -0.737986 0.299744 -0.604591
vn -0.766481 0.21674 -0.604591
vn -0.785672 0.131105 -0.604591
vn -0.614849 0.667904 0.419364
vn -0.580568 0.630665 0.514979
vn -0.646422 0.56297 0.514979
vn -0.600673 0.523127 0.604591
vn -0.654575 0.453873 0.604591
vn -0.597036 0.413975 0.687148
vn -0.638953 0.345784 0.687148
vn -0.569862 0.308394 0.761676
vn -0.600329 0.243833 0.761676
vn -0.520478 0.2114 0.827293
vn -0.540575 0.15286 0.827293
vn -0.451269 0.127607 0.883217
vn -0.462568 0.077189 0.883217
vn -0.365569 0.0610027 0.928783
vn -0.370061 0.0204168 0.928783
vn -0.30457 0.211184 0.928783
vn -0.468252 -0.0258342 0.883217
vn -0.462568 -0.077189 0.883217
vn -0.365569 -0.0610027 0.928783
vn -0.356639 -0.100848 0.928783
vn -0.451269 -0.127607 0.883217
vn -0.879474 -0.475947 -0
vn -0.821778 -0.569808 -0
vn -0.874334 -0.473166 0.107957
vn -0.816975 -0.566478 0.107957
vn -0.749699 -0.652914 0.107957
vn -0.833565 -0.451103 0.318866
vn -0.798402 -0.432074 0.419364
vn -0.753887 -0.407984 0.514979
vn -0.700532 -0.379109 0.604591
vn -0.638953 -0.345784 0.687148
vn -0.569862 -0.308394 0.761676
vn -0.494063 -0.267374 0.827293
vn -0.325954 -0.176397 0.928783
vn -0.858972 -0.464853 0.214659
vn -0.802621 -0.556525 0.214659
vn -0.778881 -0.540064 0.318866
vn -0.714742 -0.622469 0.318866
vn -0.684592 -0.596211 0.419364
vn -0.614849 -0.667904 0.419364
vn -0.580568 -0.630665 0.514979
vn -0.507666 -0.690704 0.514979
vn -0.471737 -0.641821 0.604591
vn -0.398268 -0.68982 0.604591
vn -0.363259 -0.629182 0.687148
vn -0.291839 -0.665325 0.687148
vn -0.260282 -0.593382 0.761676
vn -0.193425 -0.618414 0.761676
vn -0.746025 -0.517282 0.419364
vn -0.70443 -0.488441 0.514979
vn -0.654575 -0.453873 0.604591
vn -0.597036 -0.413975 0.687148
vn -0.532477 -0.369211 0.761676
vn -0.461651 -0.320102 0.827293
vn -0.30457 -0.211184 0.928783
vn -0.600673 -0.523127 -0.604591
vn -0.654575 -0.453873 -0.604591
vn -0.539479 -0.58603 -0.604591
vn -0.471737 -0.641821 -0.604591
vn -0.398268 -0.68982 -0.604591
vn -0.319965 -0.729446 -0.604591
vn -0.24086 -0.759181 -0.604675
vn -0.677282 -0.735724 -0
vn -0.736528 -0.641442 0.214659
vn -0.661493 -0.718574 0.214659
vn -0.714742 -0.622469 0.318866
vn -0.641927 -0.697319 0.318866
vn -0.614849 -0.667904 0.419364
vn -0.537642 -0.731488 0.419364
vn -0.507666 -0.690704 0.514979
vn -0.428601 -0.74236 0.514979
vn -0.398268 -0.68982 0.604591
vn -0.319965 -0.729446 0.604591
vn -0.291839 -0.665325 0.687148
vn -0.216876 -0.693392 0.687148
vn -0.193425 -0.618414 0.761676
vn -0.12422 -0.635939 0.761676
vn -0.646422 -0.56297 0.514979
vn -0.600673 -0.523127 0.604591
vn -0.539479 -0.58603 0.604591
vn -0.547871 -0.477142 0.687148
vn -0.492057 -0.534516 0.687148
vn -0.430269 -0.585402 0.687148
vn -0.488629 -0.425548 0.761676
vn -0.43885 -0.476718 0.761676
vn -0.383743 -0.522102 0.761676
vn -0.323979 -0.561148 0.761676
vn -0.423635 -0.368944 0.827293
vn -0.380477 -0.413309 0.827293
vn -0.332701 -0.452656 0.827293
vn -0.280886 -0.486508 0.827293
vn -0.588774 -0.801056 0.107957
vn -0.592235 -0.805765 0
vn -0.537642 -0.731488 0.419364
vn -0.56132 -0.763704 0.318866
vn -0.5 -0.866025 -0
vn -0.488345 -0.845838 0.214659
vn -0.497078 -0.860964 0.107957
vn -0.428601 -0.74236 0.514979
vn -0.453909 -0.786194 0.419364
vn -0.399348 -0.910421 0.107957
vn -0.401695 -0.915773 0
vn -0.380727 -0.86797 0.318866
vn -0.392332 -0.894426 0.214659
vn -0.319965 -0.729446 0.604591
vn -0.344335 -0.785004 0.514979
vn -0.29677 -0.948827 0.107957
vn -0.291556 -0.932157 0.214659
vn -0.270997 -0.866426 0.419364
vn -0.282932 -0.904585 0.318866
vn -0.216876 -0.693392 0.687148
vn -0.237778 -0.760218 0.604591
vn -0.241884 -0.946193 -0.21497
vn -0.164335 -0.841303 0.514979
vn -0.174038 -0.89098 0.419364
vn -0.12422 -0.635939 0.761676
vn -0.139281 -0.713041 0.687148
vn -0.181703 -0.93022 0.318866
vn -0.0782687 -0.944563 0.318866
vn -0.074967 -0.904718 0.419364
vn 0.0250143 -0.907474 0.419364
vn 0.0236197 -0.856878 0.514979
vn -0.0657774 -0.793815 0.604591
vn -0.0707873 -0.854275 0.514979
vn -0.0463907 -0.559853 0.827293
vn -0.0535079 -0.645745 0.761676
vn 0.0200187 -0.726241 0.687148
vn 0.021948 -0.796233 0.604591
vn 0.0154792 -0.561558 0.827293
vn 0.130303 0.938781 0.318921
vn 0.130245 0.938809 0.318865
vn 0.026116 0.94744 0.318866
vn 0.124865 0.899168 0.419411
vn 0.124809 0.899199 0.419361
vn 0.0250143 0.907474 0.419364
vn 0.117958 0.849025 0.515016
vn 0.117906 0.849058 0.514975
vn 0.0236197 0.856878 0.514979
vn 0.109661 0.78893 0.604619
vn 0.109613 0.788962 0.604586
vn 0.021948 0.796233 0.604591
vn 0.100068 0.719574 0.687167
vn 0.100025 0.719605 0.687142
vn 0.0200187 0.726241 0.687148
vn 0.0774498 0.556399 0.827298
vn 0.0892898 0.641763 0.761688
vn 0.0892509 0.64179 0.761669
vn 0.017854 0.647712 0.761676
vn 0.0154792 0.561558 0.827293
vn 0.077416 0.556421 0.827286
vn 0.996172 0.084786 0.0212635
vn 0.999975 0 -0.00709351
vn 0.996172 -0.084786 0.0212635
vn -0.996172 0.084786 0.0212635
vn -0.999975 0 -0.00709351
vn -0.996172 -0.084786 0.0212635
vn 0.995185 -0.0980171 0
vn 0.995185 0.0980171 0
vn 0.994138 0.108119 0.000523243
vn 0.956809 0.290717 -0.000471662
vn 0.947653 0.319301 0.000987145
vn 0.881554 0.472083 -0.000882199
vn 0.856856 0.515553 0.00137588
vn 0.772415 0.635118 -0.00121326
vn 0.725994 0.687698 0.00166884
vn 0.633686 0.773589 -0.00144133
vn 0.561186 0.827688 0.00184285
vn 0.514127 0.857714 5.51396e-05
vn 0.427535 0.903999 -5.14616e-05
vn 0.370138 0.928975 0.00187585
vn 0.337041 0.94149 0.00047547
vn 0.242912 0.970048 -0.000290466
vn 0.161782 0.986825 0.0017518
vn 0.146882 0.989154 0.00104251
vn 0.0490482 0.998796 -0.000396865
vn -0.049135 0.998791 0.00137498
vn -0.0541388 0.998532 0.00162865
vn -0.146678 0.989184 -0.000361121
vn -0.243155 0.969987 0.000741635
vn -0.267528 0.963548 0.0018341
vn -0.336831 0.941565 -0.000186501
vn -0.42765 0.903944 0.000246225
vn -0.468408 0.88351 0.00187818
vn -0.514152 0.857699 0.000111952
vn -0.634294 0.773092 -0.000201975
vn -0.647386 0.762162 0.000778413
vn -0.772671 0.634806 -0.000690847
vn -0.796093 0.605174 0.00116304
vn -0.8815 0.472183 -0.00101151
vn -0.907575 0.419889 0.00139247
vn -0.956611 0.291366 -0.00118175
vn -0.976619 0.21497 0.00148644
vn -0.995064 0.0992291 -0.00122386
vn -0.999999 0 0.00146551
vn -0.995064 -0.0992291 -0.00122386
vn -0.976619 -0.21497 0.00148644
vn -0.956611 -0.291366 -0.00118175
vn -0.907575 -0.419889 0.00139247
vn -0.8815 -0.472183 -0.00101151
vn -0.796093 -0.605174 0.00116304
vn -0.772671 -0.634806 -0.000690847
vn -0.647386 -0.762162 0.000778413
vn -0.634294 -0.773092 -0.000201975
vn -0.514152 -0.857699 0.000111952
vn -0.468408 -0.88351 0.00187818
vn -0.42765 -0.903944 0.000246225
vn -0.336831 -0.941565 -0.000186501
vn -0.267528 -0.963548 0.0018341
vn -0.243155 -0.969987 0.000741635
vn -0.146678 -0.989184 -0.000361121
vn -0.0541388 -0.998532 0.00162865
vn -0.049135 -0.998791 0.00137498
vn 0.0490482 -0.998796 -0.000396865
vn 0.146882 -0.989154 0.00104251
vn 0.161782 -0.986825 0.0017518
vn 0.242912 -0.970048 -0.000290466
vn 0.337041 -0.94149 0.00047547
vn 0.370138 -0.928975 0.00187585
vn 0.427535 -0.903999 -5.14616e-05
vn 0.514127 -0.857714 5.51396e-05
vn 0.561186 -0.827688 0.00184285
vn 0.633686 -0.773589 -0.00144133
vn 0.725994 -0.687698 0.00166884
vn 0.772415 -0.635118 -0.00121326
vn 0.856856 -0.515553 0.00137588
vn 0.881554 -0.472083 -0.000882199
vn 0.947653 -0.319301 0.000987145
vn 0.956809 -0.290717 -0.000471662
vn 0.994138 -0.108119 0.000523243
vn 0.9945 -0.104526 -0.00657646
vn 0.958513 -0.284991 0.0057703
vn 0.951038 -0.309011 -0.00625946
vn 0.884178 -0.467119 0.00548379
vn 0.86601 -0.499991 -0.00600638
vn 0.775572 -0.631237 0.00525888
vn 0.743132 -0.669119 -0.00580898
vn 0.636877 -0.770949 0.00508743
vn 0.587776 -0.809004 -0.00566114
vn 0.514648 -0.857401 0.00123763
vn 0.426601 -0.904437 -0.00246579
vn 0.40673 -0.913531 -0.00555846
vn 0.337147 -0.941452 0.000811141
vn 0.242694 -0.970102 -0.00121396
vn 0.207909 -0.978133 -0.00549799
vn 0.146774 -0.98917 0.000301493
vn 0.0490508 -0.998796 -0.000344306
vn -0 -0.999985 -0.00547802
vn -0.0490508 -0.998796 -0.000344306
vn -0.146774 -0.98917 0.000301493
vn -0.207909 -0.978133 -0.00549799
vn -0.242694 -0.970102 -0.00121396
vn -0.337147 -0.941452 0.000811141
vn -0.40673 -0.913531 -0.00555846
vn -0.426601 -0.904437 -0.00246579
vn -0.514648 -0.857401 0.00123763
vn -0.587776 -0.809004 -0.00566114
vn -0.636877 -0.770949 0.00508743
vn -0.743132 -0.669119 -0.00580898
vn -0.775572 -0.631237 0.00525888
vn -0.86601 -0.499991 -0.00600638
vn -0.884178 -0.467119 0.00548379
vn -0.951038 -0.309011 -0.00625946
vn -0.958513 -0.284991 0.0057703
vn -0.9945 -0.104526 -0.00657646
vn -0.9945 0.104526 -0.00657646
vn -0.958513 0.284991 0.0057703
vn -0.951038 0.309011 -0.00625946
vn -0.884178 0.467119 0.00548379
vn -0.86601 0.499991 -0.00600638
vn -0.775572 0.631237 0.00525888
vn -0.743132 0.669119 -0.00580898
vn -0.636877 0.770949 0.00508743
vn -0.587776 0.809004 -0.00566114
vn -0.514648 0.857401 0.00123763
vn -0.426601 0.904437 -0.00246579
vn -0.40673 0.913531 -0.00555846
vn -0.337147 0.941452 0.000811141
vn -0.242694 0.970102 -0.00121396
vn -0.207909 0.978133 -0.00549799
vn -0.146774 0.98917 0.000301493
vn -0.0490508 0.998796 -0.000344306
vn 0 0.999985 -0.00547802
vn 0.0490508 0.998796 -0.000344306
vn 0.146774 0.98917 0.000301493
vn 0.207909 0.978133 -0.00549799
vn 0.242694 0.970102 -0.00121396
vn 0.337147 0.941452 0.000811141
vn 0.40673 0.913531 -0.00555846
vn 0.426601 0.904437 -0.00246579
vn 0.514648 0.857401 0.00123763
vn 0.587776 0.809004 -0.00566114
vn 0.636877 0.770949 0.00508743
vn 0.743132 0.669119 -0.00580898
vn 0.775572 0.631237 0.00525888
vn 0.86601 0.499991 -0.00600638
vn 0.884178 0.467119 0.00548379
vn 0.951038 0.309011 -0.00625946
vn 0.958513 0.284991 0.0057703
vn 0.9945 0.104526 -0.00657646
vn 0 0 1
vn 0 0 -1
vn -0.995185 3.57004e-18 -0.0980171
vn 0 0 0
vn -0.994138 0.000541313 -0.108119
vn -0.956805 -0.000488037 -0.290732
vn -0.947653 0.00102307 -0.319301
vn -0.88154 -0.000914635 -0.472108
vn -0.856856 0.00142856 -0.515553
vn -0.772391 -0.00126038 -0.635146
vn -0.725994 0.0017358 -0.687698
vn -0.633657 -0.00150012 -0.773613
vn -0.561186 0.0019198 -0.827688
vn -0.514128 5.74824e-05 -0.857713
vn -0.427534 -5.3648e-05 -0.903999
vn -0.370137 0.00195664 -0.928975
vn -0.337047 0.000496238 -0.941488
vn -0.242909 -0.000303143 -0.970049
vn -0.161782 0.00182873 -0.986825
vn -0.146888 0.00108862 -0.989152
vn -0.0490474 -0.000414395 -0.998796
vn 0.049138 0.00143582 -0.998791
vn 0.0541388 0.00170053 -0.998532
vn 0.146676 -0.000377007 -0.989185
vn 0.243163 0.000774298 -0.969985
vn 0.267528 0.00191399 -0.963548
vn 0.336828 -0.000194546 -0.941566
vn 0.427654 0.000256851 -0.903942
vn 0.468408 0.00195793 -0.88351
vn 0.514154 0.000116622 -0.857698
vn 0.63429 -0.000210397 -0.773095
vn 0.647386 0.000809644 -0.762162
vn 0.772658 -0.000718382 -0.634822
vn 0.796093 0.00120757 -0.605174
vn 0.881484 -0.00104976 -0.472213
vn 0.907574 0.00144314 -0.419889
vn 0.956599 -0.00122397 -0.291405
vn 0.976619 0.00153777 -0.21497
vn 0.99506 -0.00126515 -0.09927
vn 0.999999 0.00151357 0
vn 0.998533 0 0.0541389
vn 0.976621 0 0.21497
vn 0.907575 3.00912e-17 0.419889
vn 0.796093 -1.36821e-17 0.605174
vn 0.647386 3.14227e-17 0.762162
vn 0.468408 0 0.883512
vn 0.267528 0 0.96355
vn 0.0541389 0 0.998533
vn -0.161782 0 0.986827
vn -0.370138 1.98943e-17 0.928977
vn -0.561187 0 0.827689
vn -0.725995 0 0.687699
vn -0.856857 2.44594e-17 0.515554
vn -0.947653 0 0.319302
vn -0.994138 0 0.108119
vn 0 0 0
vn -0.994138 -0.000541313 -0.108119
vn -0.956805 0.000488037 -0.290732
vn -0.947653 -0.00102307 -0.319301
vn -0.88154 0.000914635 -0.472108
vn -0.856856 -0.00142856 -0.515553
vn -0.772391 0.00126038 -0.635146
vn -0.725994 -0.0017358 -0.687698
vn -0.633657 0.00150012 -0.773613
vn -0.561186 -0.0019198 -0.827688
vn -0.514128 -5.74824e-05 -0.857713
vn -0.427534 5.3648e-05 -0.903999
vn -0.370137 -0.00195664 -0.928975
vn -0.337047 -0.000496238 -0.941488
vn -0.242909 0.000303143 -0.970049
vn -0.161782 -0.00182873 -0.986825
vn -0.146888 -0.00108862 -0.989152
vn -0.0490474 0.000414395 -0.998796
vn 0.049138 -0.00143582 -0.998791
vn 0.0541388 -0.00170053 -0.998532
vn 0.146676 0.000377007 -0.989185
vn 0.243163 -0.000774298 -0.969985
vn 0.267528 -0.00191399 -0.963548
vn 0.336828 0.000194546 -0.941566
vn 0.427654 -0.000256851 -0.903942
vn 0.468408 -0.00195793 -0.88351
vn 0.514154 -0.000116622 -0.857698
vn 0.63429 0.000210397 -0.773095
vn 0.647386 -0.000809644 -0.762162
vn 0.772658 0.000718382 -0.634822
vn 0.796093 -0.00120757 -0.605174
vn 0.881484 0.00104976 -0.472213
vn 0.907574 -0.00144314 -0.419889
vn 0.956599 0.00122397 -0.291405
vn 0.976619 -0.00153777 -0.21497
vn 0.99506 0.00126515 -0.09927
vn 0.999999 -0.00151357 0
vn 0.998533 0 0.0541389
vn 0.976621 0 0.21497
vn 0 0 -1
f 1//1 2//1 3//1
f 3//1 2//1 4//1
f 4//1 2//1 5//1
f 5//1 2//1 6//1
f 5//1 6//1 7//1
f 7//1 6//1 8//1
f 8//1 6//1 9//1
f 9//1 6//1 10//1
f 10//1 6//1 11//1
f 11//1 6//1 12//1
f 12//1 6//1 13//1
f 13//1 6//1 14//1
f 14//1 6//1 15//1
f 15//1 6//1 16//1
f 16//1 6//1 17//1
f 17//1 6//1 18//1
f 18//1 6//1 19//1
f 19//1 6//1 20//1
f 20//1 6//1 21//1
f 21//1 6//1 22//1
f 21//1 22//1 23//1
f 23//1 22//1 24//1
f 24//1 22//1 25//1
f 26//2 27//2 5//2
f 5//3 27//3 28//3
f 5//4 28//4 4//4
f 4//5 28//5 29//5
f 4//6 29//6 30//6
f 30//7 31//7 32//7
f 32//8 31//8 33//8
f 32//9 33//9 34//9
f 34//10 33//10 35//10
f 34//11 35//11 36//11
f 36//12 37//12 34//12
f 38//13 39//13 26//13
f 26//14 39//14 40//14
f 40//15 39//15 41//15
f 40//16 41//16 42//16
f 42//17 41//17 43//17
f 43//18 41//18 44//18
f 43//19 44//19 45//19
f 45//20 44//20 46//20
f 45//21 46//21 47//21
f 47//22 46//22 48//22
f 47//23 48//23 49//23
f 49//24 48//24 50//24
f 50//25 48//25 51//25
f 50//26 51//26 52//26
f 52//27 51//27 53//27
f 53//28 51//28 54//28
f 53//29 54//29 55//29
f 55//30 54//30 56//30
f 56//31 54//31 57//31
f 56//32 57//32 58//32
f 58//33 57//33 59//33
f 59//34 57//34 60//34
f 59//35 60//35 61//35
f 61//36 60//36 62//36
f 62//37 60//37 63//37
f 62//38 63//38 64//38
f 64//39 63//39 65//39
f 65//40 63//40 66//40
f 65//41 66//41 67//41
f 67//42 66//42 68//42
f 67//43 68//43 69//43
f 69//44 68//44 70//44
f 69//45 70//45 71//45
f 71//46 70//46 72//46
f 71//47 72//47 73//47
f 73//48 72//48 74//48
f 74//49 72//49 75//49
f 74//50 75//50 76//50
f 76//51 75//51 77//51
f 77//52 75//52 78//52
f 78//53 75//53 79//53
f 78//54 79//54 80//54
f 80//55 79//55 81//55
f 81//56 79//56 82//56
f 82//57 79//57 83//57
f 82//58 83//58 84//58
f 84//59 83//59 85//59
f 85//60 83//60 86//60
f 87//61 88//61 89//61
f 89//62 88//62 90//62
f 89//63 90//63 91//63
f 89//64 91//64 92//64
f 92//65 91//65 93//65
f 92//66 93//66 94//66
f 94//67 95//67 92//67
f 92//68 95//68 96//68
f 92//69 96//69 97//69
f 97//70 96//70 98//70
f 97//71 98//71 99//71
f 99//72 98//72 100//72
f 99//73 100//73 101//73
f 96//74 102//74 98//74
f 99//75 101//75 103//75
f 103//76 101//76 104//76
f 103//77 104//77 105//77
f 105//78 104//78 106//78
f 105//79 106//79 107//79
f 107//80 106//80 108//80
f 107//81 108//81 109//81
f 109//82 108//82 110//82
f 109//83 110//83 111//83
f 109//84 111//84 112//84
f 112//85 111//85 113//85
f 112//86 113//86 114//86
f 112//87 114//87 115//87
f 115//88 114//88 116//88
f 115//89 116//89 117//89
f 115//90 117//90 118//90
f 118//91 117//91 119//91
f 118//92 119//92 120//92
f 118//93 120//93 121//93
f 121//94 120//94 122//94
f 121//95 122//95 123//95
f 121//96 123//96 124//96
f 124//97 123//97 125//97
f 124//98 125//98 126//98
f 124//99 126//99 127//99
f 127//100 126//100 128//100
f 127//101 128//101 129//101
f 129//102 128//102 130//102
f 129//103 130//103 131//103
f 131//104 130//104 132//104
f 131//105 132//105 133//105
f 131//106 133//106 134//106
f 134//107 133//107 135//107
f 134//108 135//108 136//108
f 136//109 135//109 137//109
f 136//110 137//110 138//110
f 138//111 139//111 136//111
f 136//112 139//112 140//112
f 136//113 140//113 141//113
f 141//114 140//114 142//114
f 141//115 142//115 143//115
f 141//116 143//116 144//116
f 144//117 143//117 145//117
f 144//118 145//118 146//118
f 146//119 147//119 144//119
f 147//120 148//120 144//120
f 144//120 148//120 141//120
f 141//120 148//120 136//120
f 136//120 148//120 149//120
f 136//120 149//120 134//120
f 134//120 149//120 131//120
f 131//120 149//120 129//120
f 129//120 149//120 127//120
f 127//120 149//120 124//120
f 124//120 149//120 150//120
f 150//120 149//120 151//120
f 151//120 149//120 152//120
f 152//120 149//120 153//120
f 153//120 149//120 154//120
f 154//120 149//120 155//120
f 155//120 149//120 156//120
f 156//120 149//120 157//120
f 157//120 149//120 158//120
f 158//120 149//120 159//120
f 159//120 149//120 160//120
f 159//120 160//120 161//120
f 161//120 160//120 162//120
f 162//120 160//120 163//120
f 164//121 165//121 166//121
f 166//122 165//122 167//122
f 166//123 167//123 168//123
f 168//124 167//124 169//124
f 168//125 169//125 170//125
f 170//126 169//126 171//126
f 170//127 171//127 172//127
f 172//128 171//128 173//128
f 172//129 173//129 174//129
f 174//130 173//130 175//130
f 174//131 175//131 176//131
f 176//131 175//131 177//131
f 176//132 177//132 178//132
f 178//132 177//132 179//132
f 178//133 179//133 180//133
f 180//133 179//133 181//133
f 180//134 181//134 182//134
f 182//134 181//134 183//134
f 182//135 183//135 184//135
f 184//135 183//135 185//135
f 184//136 185//136 186//136
f 186//136 185//136 187//136
f 186//137 187//137 188//137
f 188//137 187//137 189//137
f 188//138 189//138 190//138
f 190//138 189//138 191//138
f 190//139 191//139 192//139
f 192//139 191//139 193//139
f 192//140 193//140 194//140
f 194//140 193//140 195//140
f 194//141 195//141 196//141
f 196//141 195//141 197//141
f 196//142 197//142 198//142
f 198//142 197//142 199//142
f 198//143 199//143 200//143
f 200//143 199//143 201//143
f 200//144 201//144 202//144
f 202//144 201//144 203//144
f 202//145 203//145 204//145
f 204//145 203//145 205//145
f 204//146 205//146 206//146
f 206//146 205//146 207//146
f 206//147 207//147 208//147
f 208//147 207//147 209//147
f 208//148 209//148 210//148
f 210//148 209//148 211//148
f 210//149 211//149 212//149
f 212//149 211//149 213//149
f 212//150 213//150 214//150
f 214//150 213//150 215//150
f 214//151 215//151 216//151
f 216//151 215//151 217//151
f 216//152 217//152 218//152
f 218//152 217//152 219//152
f 218//153 219//153 220//153
f 220//153 219//153 221//153
f 220//154 221//154 222//154
f 222//154 221//154 223//154
f 222//155 223//155 224//155
f 224//155 223//155 225//155
f 224//156 225//156 226//156
f 226//156 225//156 227//156
f 226//157 227//157 228//157
f 228//158 227//158 229//158
f 228//159 229//159 230//159
f 230//160 229//160 231//160
f 230//161 231//161 232//161
f 232//162 231//162 233//162
f 232//163 233//163 234//163
f 234//163 233//163 235//163
f 234//164 235//164 236//164
f 236//164 235//164 237//164
f 236//165 237//165 238//165
f 238//165 237//165 239//165
f 238//166 239//166 240//166
f 240//166 239//166 241//166
f 240//167 241//167 242//167
f 242//167 241//167 243//167
f 242//168 243//168 244//168
f 244//168 243//168 245//168
f 244//169 245//169 246//169
f 246//169 245//169 247//169
f 246//170 247//170 248//170
f 248//170 247//170 249//170
f 248//171 249//171 250//171
f 250//171 249//171 251//171
f 250//172 251//172 252//172
f 252//172 251//172 253//172
f 252//173 253//173 254//173
f 254//173 253//173 255//173
f 254//174 255//174 256//174
f 256//174 255//174 257//174
f 256//175 257//175 258//175
f 258//175 257//175 259//175
f 258//176 259//176 260//176
f 260//176 259//176 261//176
f 260//177 261//177 262//177
f 262//177 261//177 263//177
f 262//178 263//178 264//178
f 264//178 263//178 265//178
f 264//179 265//179 266//179
f 266//179 265//179 267//179
f 266//180 267//180 268//180
f 268//180 267//180 269//180
f 268//181 269//181 270//181
f 270//181 269//181 271//181
f 270//182 271//182 272//182
f 272//182 271//182 273//182
f 272//183 273//183 274//183
f 274//183 273//183 275//183
f 274//184 275//184 276//184
f 276//184 275//184 277//184
f 276//185 277//185 278//185
f 278//185 277//185 279//185
f 278//186 279//186 280//186
f 280//186 279//186 281//186
f 280//187 281//187 282//187
f 282//187 281//187 283//187
f 282//188 283//188 284//188
f 284//188 283//188 285//188
f 284//189 285//189 286//189
f 286//189 285//189 287//189
f 286//190 287//190 288//190
f 288//190 287//190 289//190
f 288//191 289//191 290//191
f 290//192 289//192 291//192
f 290//193 291//193 292//193
f 292//194 291//194 293//194
f 292//195 293//195 294//195
f 294//195 293//195 295//195
f 294//196 295//196 296//196
f 296//196 295//196 297//196
f 296//197 297//197 298//197
f 298//197 297//197 299//197
f 298//198 299//198 300//198
f 300//198 299//198 301//198
f 300//199 301//199 302//199
f 302//199 301//199 303//199
f 302//200 303//200 304//200
f 304//200 303//200 305//200
f 304//201 305//201 306//201
f 306//201 305//201 307//201
f 306//202 307//202 308//202
f 308//202 307//202 309//202
f 308//203 309//203 310//203
f 310//203 309//203 311//203
f 310//204 311//204 312//204
f 312//204 311//204 313//204
f 312//205 313//205 314//205
f 314//205 313//205 315//205
f 314//206 315//206 316//206
f 316//206 315//206 317//206
f 316//207 317//207 318//207
f 318//207 317//207 319//207
f 318//208 319//208 320//208
f 320//208 319//208 321//208
f 320//209 321//209 322//209
f 322//209 321//209 323//209
f 322//210 323//210 324//210
f 324//210 323//210 325//210
f 324//211 325//211 326//211
f 326//211 325//211 327//211
f 326//212 327//212 328//212
f 328//212 327//212 329//212
f 328//213 329//213 330//213
f 330//213 329//213 331//213
f 330//214 331//214 332//214
f 332//214 331//214 333//214
f 332//215 333//215 334//215
f 334//215 333//215 335//215
f 334//216 335//216 336//216
f 336//216 335//216 337//216
f 336//217 337//217 338//217
f 338//217 337//217 339//217
f 338//218 339//218 340//218
f 340//219 339//219 341//219
f 341//220 339//220 337//220
f 341//221 337//221 342//221
f 342//222 337//222 343//222
f 342//223 343//223 344//223
f 344//224 343//224 345//224
f 344//225 345//225 346//225
f 346//226 345//226 347//226
f 346//227 347//227 348//227
f 348//228 347//228 349//228
f 348//229 349//229 350//229
f 350//230 349//230 351//230
f 350//231 351//231 352//231
f 352//232 351//232 353//232
f 352//233 353//233 354//233
f 354//234 353//234 355//234
f 354//235 355//235 356//235
f 356//236 355//236 357//236
f 356//237 357//237 358//237
f 358//238 357//238 359//238
f 358//239 359//239 360//239
f 360//240 359//240 361//240
f 360//241 361//241 362//241
f 362//242 361//242 363//242
f 362//243 363//243 364//243
f 364//244 363//244 365//244
f 364//245 365//245 366//245
f 366//246 365//246 367//246
f 367//247 365//247 368//247
f 367//248 368//248 369//248
f 369//249 368//249 370//249
f 369//250 370//250 371//250
f 371//251 370//251 372//251
f 371//251 372//251 373//251
f 373//252 372//252 374//252
f 373//252 374//252 375//252
f 375//253 374//253 376//253
f 375//253 376//253 377//253
f 377//254 376//254 378//254
f 377//254 378//254 379//254
f 379//255 378//255 380//255
f 379//255 380//255 381//255
f 381//256 380//256 382//256
f 381//256 382//256 383//256
f 383//257 382//257 384//257
f 383//257 384//257 385//257
f 385//258 384//258 386//258
f 385//258 386//258 387//258
f 387//259 386//259 388//259
f 387//259 388//259 389//259
f 389//260 388//260 390//260
f 389//260 390//260 391//260
f 391//261 390//261 392//261
f 391//261 392//261 393//261
f 393//262 392//262 394//262
f 393//262 394//262 395//262
f 396//263 397//263 398//263
f 398//264 397//264 399//264
f 398//265 399//265 400//265
f 400//266 399//266 401//266
f 400//267 401//267 402//267
f 402//268 401//268 403//268
f 402//269 403//269 404//269
f 404//270 403//270 405//270
f 404//271 405//271 406//271
f 406//272 405//272 407//272
f 406//273 407//273 408//273
f 408//274 407//274 409//274
f 408//275 409//275 410//275
f 410//276 409//276 411//276
f 410//277 411//277 412//277
f 412//278 411//278 413//278
f 405//279 414//279 407//279
f 407//280 414//280 415//280
f 407//274 415//274 409//274
f 409//281 415//281 416//281
f 409//276 416//276 411//276
f 411//282 416//282 417//282
f 411//278 417//278 413//278
f 413//283 417//283 418//283
f 414//284 419//284 415//284
f 415//285 419//285 420//285
f 415//281 420//281 416//281
f 416//286 420//286 421//286
f 416//282 421//282 417//282
f 417//287 421//287 422//287
f 417//283 422//283 418//283
f 418//288 422//288 423//288
f 419//289 424//289 420//289
f 420//290 424//290 425//290
f 420//286 425//286 421//286
f 421//291 425//291 426//291
f 421//287 426//287 422//287
f 422//292 426//292 427//292
f 422//288 427//288 423//288
f 423//293 427//293 428//293
f 424//294 429//294 425//294
f 425//295 429//295 430//295
f 425//291 430//291 426//291
f 426//296 430//296 431//296
f 426//292 431//292 427//292
f 427//297 431//297 432//297
f 427//293 432//293 428//293
f 428//298 432//298 433//298
f 429//299 434//299 430//299
f 430//300 434//300 435//300
f 430//296 435//296 431//296
f 431//301 435//301 436//301
f 431//297 436//297 432//297
f 432//302 436//302 437//302
f 432//298 437//298 433//298
f 433//303 437//303 438//303
f 434//304 439//304 435//304
f 435//305 439//305 440//305
f 435//301 440//301 436//301
f 436//306 440//306 441//306
f 436//302 441//302 437//302
f 437//307 441//307 442//307
f 437//303 442//303 438//303
f 438//308 442//308 443//308
f 440//309 439//309 444//309
f 444//310 439//310 445//310
f 444//311 445//311 446//311
f 446//312 445//312 447//312
f 446//313 447//313 448//313
f 448//314 447//314 449//314
f 448//315 449//315 450//315
f 450//316 449//316 451//316
f 450//317 451//317 452//317
f 452//318 451//318 453//318
f 452//319 453//319 454//319
f 454//320 453//320 455//320
f 454//321 455//321 456//321
f 456//322 455//322 457//322
f 456//323 457//323 458//323
f 458//324 457//324 459//324
f 458//325 459//325 460//325
f 460//326 459//326 461//326
f 460//327 461//327 462//327
f 462//328 461//328 463//328
f 455//329 464//329 457//329
f 457//330 464//330 465//330
f 457//324 465//324 459//324
f 459//331 465//331 466//331
f 459//326 466//326 461//326
f 461//332 466//332 467//332
f 461//328 467//328 463//328
f 463//333 467//333 468//333
f 464//334 469//334 465//334
f 465//335 469//335 470//335
f 465//331 470//331 466//331
f 466//336 470//336 471//336
f 466//332 471//332 467//332
f 467//337 471//337 472//337
f 467//333 472//333 468//333
f 468//338 472//338 473//338
f 469//339 474//339 470//339
f 470//340 474//340 475//340
f 470//336 475//336 471//336
f 471//341 475//341 476//341
f 471//337 476//337 472//337
f 472//342 476//342 477//342
f 472//338 477//338 473//338
f 473//343 477//343 478//343
f 474//344 479//344 475//344
f 475//345 479//345 480//345
f 475//341 480//341 476//341
f 476//346 480//346 481//346
f 476//342 481//342 477//342
f 477//347 481//347 482//347
f 477//348 482//348 478//348
f 478//349 482//349 483//349
f 479//350 484//350 480//350
f 480//351 484//351 485//351
f 480//346 485//346 481//346
f 481//352 485//352 486//352
f 481//353 486//353 482//353
f 482//354 486//354 487//354
f 482//355 487//355 483//355
f 483//356 487//356 488//356
f 485//357 484//357 486//357
f 486//358 484//358 489//358
f 486//359 489//359 487//359
f 487//360 489//360 490//360
f 487//361 490//361 488//361
f 488//362 490//362 491//362
f 489//363 492//363 490//363
f 490//364 492//364 493//364
f 490//362 493//362 491//362
f 491//365 493//365 494//365
f 492//366 495//366 493//366
f 493//367 495//367 496//367
f 493//365 496//365 494//365
f 494//368 496//368 497//368
f 495//369 498//369 496//369
f 496//370 498//370 499//370
f 496//368 499//368 497//368
f 497//371 499//371 500//371
f 498//372 501//372 499//372
f 499//373 501//373 502//373
f 499//371 502//371 500//371
f 500//374 502//374 503//374
f 501//375 504//375 502//375
f 502//376 504//376 505//376
f 502//374 505//374 503//374
f 503//377 505//377 506//377
f 504//378 507//378 505//378
f 505//379 507//379 508//379
f 505//377 508//377 506//377
f 506//380 508//380 509//380
f 508//381 507//381 510//381
f 510//382 507//382 511//382
f 510//383 511//383 512//383
f 512//384 511//384 513//384
f 512//385 513//385 514//385
f 514//386 513//386 515//386
f 514//387 515//387 516//387
f 516//388 515//388 517//388
f 516//389 517//389 518//389
f 518//390 517//390 519//390
f 518//391 519//391 520//391
f 520//392 519//392 521//392
f 520//393 521//393 522//393
f 522//394 521//394 523//394
f 522//395 523//395 524//395
f 524//396 523//396 525//396
f 521//397 526//397 523//397
f 523//398 526//398 527//398
f 523//396 527//396 525//396
f 525//399 527//399 528//399
f 526//400 529//400 527//400
f 527//401 529//401 530//401
f 527//399 530//399 528//399
f 528//402 530//402 531//402
f 529//403 532//403 530//403
f 530//404 532//404 533//404
f 530//402 533//402 531//402
f 531//405 533//405 534//405
f 532//406 535//406 533//406
f 533//407 535//407 536//407
f 533//405 536//405 534//405
f 534//408 536//408 537//408
f 535//409 538//409 536//409
f 536//410 538//410 539//410
f 536//408 539//408 537//408
f 537//411 539//411 540//411
f 538//412 541//412 539//412
f 539//413 541//413 542//413
f 539//411 542//411 540//411
f 540//414 542//414 543//414
f 542//415 541//415 544//415
f 544//416 541//416 545//416
f 544//417 545//417 546//417
f 546//418 545//418 547//418
f 546//419 547//419 548//419
f 548//420 547//420 549//420
f 548//421 549//421 550//421
f 550//422 549//422 551//422
f 550//423 551//423 552//423
f 552//424 551//424 553//424
f 552//425 553//425 554//425
f 554//426 553//426 555//426
f 554//427 555//427 556//427
f 557//428 558//428 559//428
f 559//429 558//429 560//429
f 559//430 560//430 561//430
f 561//431 560//431 562//431
f 562//432 560//432 563//432
f 562//433 563//433 564//433
f 564//434 563//434 565//434
f 564//435 565//435 566//435
f 566//436 565//436 567//436
f 567//437 565//437 568//437
f 567//438 568//438 569//438
f 569//439 568//439 570//439
f 570//440 568//440 571//440
f 570//441 571//441 572//441
f 572//442 571//442 573//442
f 572//443 573//443 574//443
f 574//444 573//444 575//444
f 575//445 573//445 576//445
f 575//446 576//446 577//446
f 577//447 576//447 578//447
f 577//448 578//448 579//448
f 579//449 578//449 580//449
f 580//450 578//450 581//450
f 580//451 581//451 582//451
f 582//452 581//452 583//452
f 582//453 583//453 584//453
f 584//454 583//454 585//454
f 586//455 587//455 588//455
f 588//456 587//456 589//456
f 588//457 589//457 590//457
f 590//457 589//457 591//457
f 590//458 591//458 592//458
f 592//458 591//458 593//458
f 592//459 593//459 594//459
f 594//459 593//459 595//459
f 594//460 595//460 596//460
f 596//460 595//460 597//460
f 596//461 597//461 598//461
f 598//461 597//461 599//461
f 598//462 599//462 600//462
f 600//462 599//462 601//462
f 600//463 601//463 602//463
f 602//463 601//463 603//463
f 602//464 603//464 604//464
f 604//464 603//464 605//464
f 604//465 605//465 606//465
f 606//465 605//465 607//465
f 606//466 607//466 608//466
f 608//466 607//466 609//466
f 608//467 609//467 610//467
f 610//467 609//467 611//467
f 610//468 611//468 612//468
f 612//468 611//468 613//468
f 612//469 613//469 614//469
f 614//469 613//469 615//469
f 614//470 615//470 616//470
f 616//470 615//470 617//470
f 616//471 617//471 618//471
f 618//471 617//471 619//471
f 618//472 619//472 620//472
f 620//472 619//472 621//472
f 620//473 621//473 622//473
f 622//473 621//473 623//473
f 622//474 623//474 624//474
f 624//474 623//474 625//474
f 624//475 625//475 626//475
f 626//475 625//475 627//475
f 626//476 627//476 628//476
f 628//476 627//476 629//476
f 628//477 629//477 630//477
f 630//477 629//477 631//477
f 630//478 631//478 632//478
f 632//478 631//478 633//478
f 632//479 633//479 634//479
f 634//479 633//479 635//479
f 634//480 635//480 636//480
f 636//481 635//481 637//481
f 636//482 637//482 638//482
f 638//483 637//483 639//483
f 638//484 639//484 640//484
f 640//485 639//485 641//485
f 640//486 641//486 642//486
f 642//486 641//486 643//486
f 642//487 643//487 644//487
f 644//487 643//487 645//487
f 644//488 645//488 646//488
f 646//488 645//488 647//488
f 646//489 647//489 648//489
f 648//489 647//489 649//489
f 648//490 649//490 650//490
f 650//490 649//490 651//490
f 650//491 651//491 652//491
f 652//491 651//491 653//491
f 652//492 653//492 654//492
f 654//492 653//492 655//492
f 654//493 655//493 656//493
f 656//493 655//493 657//493
f 656//494 657//494 658//494
f 658//494 657//494 659//494
f 658//495 659//495 660//495
f 660//495 659//495 661//495
f 660//496 661//496 662//496
f 662//496 661//496 663//496
f 662//497 663//497 664//497
f 664//497 663//497 665//497
f 664//498 665//498 666//498
f 666//498 665//498 667//498
f 666//499 667//499 668//499
f 668//499 667//499 669//499
f 668//500 669//500 670//500
f 670//500 669//500 671//500
f 670//501 671//501 672//501
f 672//501 671//501 673//501
f 672//502 673//502 674//502
f 674//502 673//502 675//502
f 674//503 675//503 676//503
f 676//503 675//503 677//503
f 676//504 677//504 678//504
f 678//504 677//504 679//504
f 678//505 679//505 680//505
f 680//505 679//505 681//505
f 680//506 681//506 682//506
f 682//506 681//506 683//506
f 682//507 683//507 684//507
f 684//507 683//507 685//507
f 684//508 685//508 686//508
f 686//508 685//508 687//508
f 686//509 687//509 688//509
f 688//509 687//509 689//509
f 688//510 689//510 690//510
f 690//510 689//510 691//510
f 690//511 691//511 692//511
f 692//511 691//511 693//511
f 692//512 693//512 694//512
f 694//513 693//513 695//513
f 694//514 695//514 696//514
f 696//515 695//515 697//515
f 696//516 697//516 698//516
f 698//516 697//516 699//516
f 698//517 699//517 700//517
f 700//517 699//517 701//517
f 700//518 701//518 702//518
f 702//518 701//518 703//518
f 702//519 703//519 704//519
f 704//519 703//519 705//519
f 704//520 705//520 706//520
f 706//520 705//520 707//520
f 706//521 707//521 708//521
f 708//521 707//521 709//521
f 708//522 709//522 710//522
f 710//522 709//522 711//522
f 710//523 711//523 712//523
f 712//523 711//523 713//523
f 712//524 713//524 714//524
f 714//524 713//524 715//524
f 714//525 715//525 716//525
f 717//526 718//526 719//526
f 719//527 718//527 720//527
f 719//528 720//528 721//528
f 718//529 722//529 720//529
f 720//530 722//530 723//530
f 720//531 723//531 724//531
f 724//532 723//532 725//532
f 724//533 725//533 726//533
f 724//534 726//534 727//534
f 727//535 726//535 728//535
f 727//536 728//536 729//536
f 729//537 728//537 730//537
f 729//538 730//538 731//538
f 729//539 731//539 732//539
f 732//540 731//540 733//540
f 732//541 733//541 734//541
f 734//542 733//542 735//542
f 734//543 735//543 736//543
f 736//544 735//544 737//544
f 736//545 737//545 738//545
f 738//546 737//546 739//546
f 738//547 739//547 740//547
f 740//548 739//548 737//548
f 740//549 741//549 738//549
f 738//550 741//550 742//550
f 738//551 742//551 736//551
f 743//552 744//552 745//552
f 745//553 744//553 746//553
f 745//554 746//554 747//554
f 747//555 746//555 748//555
f 747//556 748//556 749//556
f 743//557 750//557 744//557
f 744//558 750//558 751//558
f 744//559 751//559 752//559
f 752//559 751//559 753//559
f 752//560 753//560 754//560
f 754//560 753//560 755//560
f 754//561 755//561 756//561
f 756//561 755//561 757//561
f 756//562 757//562 758//562
f 758//562 757//562 759//562
f 758//563 759//563 760//563
f 760//563 759//563 761//563
f 760//564 761//564 762//564
f 762//564 761//564 763//564
f 762//565 763//565 764//565
f 764//565 763//565 765//565
f 764//566 765//566 766//566
f 766//566 765//566 767//566
f 766//567 767//567 768//567
f 768//567 767//567 769//567
f 768//568 769//568 770//568
f 770//568 769//568 771//568
f 770//569 771//569 772//569
f 772//569 771//569 773//569
f 772//570 773//570 774//570
f 774//570 773//570 775//570
f 774//571 775//571 776//571
f 776//571 775//571 777//571
f 776//572 777//572 778//572
f 778//572 777//572 779//572
f 778//573 779//573 780//573
f 780//573 779//573 781//573
f 780//574 781//574 782//574
f 782//574 781//574 783//574
f 782//575 783//575 784//575
f 784//575 783//575 785//575
f 784//576 785//576 786//576
f 786//576 785//576 787//576
f 786//577 787//577 788//577
f 788//577 787//577 789//577
f 788//578 789//578 790//578
f 790//578 789//578 791//578
f 790//579 791//579 792//579
f 792//579 791//579 793//579
f 792//580 793//580 794//580
f 794//580 793//580 795//580
f 794//581 795//581 796//581
f 796//581 795//581 797//581
f 798//582 799//582 800//582
f 800//583 799//583 801//583
f 800//584 801//584 802//584
f 802//585 801//585 803//585
f 802//586 803//586 804//586
f 804//587 803//587 805//587
f 804//588 805//588 806//588
f 806//589 805//589 807//589
f 806//590 807//590 808//590
f 808//591 807//591 809//591
f 808//592 809//592 810//592
f 810//593 809//593 811//593
f 810//594 811//594 812//594
f 812//595 811//595 813//595
f 812//596 813//596 814//596
f 814//597 813//597 815//597
f 814//598 815//598 816//598
f 816//599 815//599 817//599
f 817//600 815//600 818//600
f 817//601 818//601 819//601
f 819//602 818//602 820//602
f 819//603 820//603 821//603
f 821//604 820//604 822//604
f 821//604 822//604 823//604
f 823//605 822//605 824//605
f 823//605 824//605 825//605
f 825//606 824//606 826//606
f 825//606 826//606 827//606
f 827//607 826//607 828//607
f 827//607 828//607 829//607
f 829//608 828//608 830//608
f 829//608 830//608 831//608
f 831//609 830//609 832//609
f 831//609 832//609 833//609
f 833//610 832//610 834//610
f 833//610 834//610 835//610
f 835//611 834//611 836//611
f 835//612 836//612 837//612
f 838//613 839//613 840//613
f 840//614 839//614 841//614
f 840//615 841//615 842//615
f 842//616 841//616 843//616
f 842//617 843//617 844//617
f 842//618 844//618 834//618
f 834//619 844//619 845//619
f 834//620 845//620 836//620
f 837//621 846//621 835//621
f 835//622 846//622 847//622
f 835//623 847//623 848//623
f 848//624 847//624 849//624
f 848//625 849//625 850//625
f 850//626 849//626 851//626
f 850//627 851//627 852//627
f 852//628 851//628 853//628
f 852//629 853//629 854//629
f 854//630 853//630 855//630
f 854//631 855//631 856//631
f 856//632 855//632 857//632
f 856//633 857//633 858//633
f 858//634 857//634 859//634
f 858//635 859//635 860//635
f 860//636 859//636 861//636
f 860//637 861//637 862//637
f 862//638 861//638 863//638
f 862//639 863//639 864//639
f 864//640 863//640 865//640
f 864//641 865//641 866//641
f 866//642 865//642 867//642
f 866//643 867//643 868//643
f 868//644 867//644 869//644
f 868//645 869//645 870//645
f 870//646 869//646 871//646
f 870//647 871//647 872//647
f 847//648 846//648 873//648
f 873//649 874//649 875//649
f 873//650 875//650 876//650
f 873//651 876//651 877//651
f 877//652 876//652 878//652
f 877//653 878//653 879//653
f 879//654 878//654 880//654
f 881//655 882//655 883//655
f 883//656 882//656 884//656
f 883//657 884//657 885//657
f 885//658 884//658 886//658
f 884//659 887//659 886//659
f 886//660 887//660 888//660
f 886//661 888//661 889//661
f 889//662 888//662 890//662
f 889//663 890//663 891//663
f 889//664 891//664 892//664
f 892//665 891//665 893//665
f 892//666 893//666 894//666
f 892//667 894//667 895//667
f 895//668 894//668 896//668
f 895//669 896//669 897//669
f 897//670 896//670 898//670
f 897//671 898//671 899//671
f 900//672 901//672 902//672
f 903//673 904//673 905//673
f 905//674 904//674 906//674
f 905//675 906//675 907//675
f 907//676 906//676 908//676
f 907//677 908//677 909//677
f 909//678 908//678 910//678
f 909//679 910//679 911//679
f 911//680 910//680 912//680
f 911//681 912//681 913//681
f 913//682 912//682 914//682
f 913//683 914//683 915//683
f 915//684 914//684 916//684
f 915//685 916//685 917//685
f 917//686 916//686 918//686
f 917//687 918//687 919//687
f 919//688 918//688 920//688
f 919//689 920//689 921//689
f 921//690 920//690 922//690
f 921//691 922//691 923//691
f 906//692 904//692 924//692
f 924//693 904//693 925//693
f 924//694 925//694 908//694
f 908//695 925//695 926//695
f 908//696 926//696 910//696
f 910//697 926//697 927//697
f 910//698 927//698 912//698
f 912//699 927//699 928//699
f 912//700 928//700 914//700
f 914//701 928//701 929//701
f 914//702 929//702 916//702
f 916//703 929//703 930//703
f 916//704 930//704 918//704
f 918//705 930//705 931//705
f 918//706 931//706 920//706
f 920//707 931//707 932//707
f 920//708 932//708 922//708
f 925//709 933//709 926//709
f 926//710 933//710 934//710
f 926//697 934//697 927//697
f 927//711 934//711 935//711
f 927//699 935//699 928//699
f 928//712 935//712 936//712
f 928//701 936//701 929//701
f 929//713 936//713 937//713
f 929//703 937//703 930//703
f 930//714 937//714 938//714
f 930//705 938//705 931//705
f 931//715 938//715 939//715
f 931//707 939//707 932//707
f 933//716 940//716 934//716
f 934//717 940//717 941//717
f 934//718 941//718 935//718
f 935//719 941//719 942//719
f 935//712 942//712 936//712
f 936//720 942//720 943//720
f 936//721 943//721 944//721
f 944//722 943//722 945//722
f 944//723 945//723 946//723
f 946//724 945//724 947//724
f 946//725 947//725 948//725
f 941//726 949//726 942//726
f 942//727 949//727 943//727
f 943//728 950//728 945//728
f 945//729 950//729 951//729
f 945//724 951//724 947//724
f 951//730 950//730 952//730
f 952//731 950//731 953//731
f 954//732 955//732 956//732
f 956//733 955//733 957//733
f 956//734 957//734 958//734
f 958//735 957//735 959//735
f 958//735 959//735 960//735
f 960//736 959//736 961//736
f 960//736 961//736 962//736
f 962//737 961//737 963//737
f 962//737 963//737 964//737
f 964//738 963//738 965//738
f 964//738 965//738 966//738
f 966//739 965//739 967//739
f 966//739 967//739 968//739
f 968//740 967//740 969//740
f 968//740 969//740 970//740
f 970//741 969//741 971//741
f 970//741 971//741 972//741
f 955//742 954//742 973//742
f 973//743 954//743 974//743
f 973//744 974//744 975//744
f 975//745 974//745 976//745
f 975//746 976//746 977//746
f 977//747 976//747 978//747
f 977//748 978//748 979//748
f 979//749 978//749 980//749
f 979//750 980//750 981//750
f 981//751 980//751 982//751
f 981//752 982//752 983//752
f 983//753 982//753 984//753
f 983//754 984//754 985//754
f 985//755 984//755 986//755
f 985//756 986//756 987//756
f 987//757 986//757 988//757
f 987//758 988//758 989//758
f 989//759 988//759 990//759
f 989//760 990//760 991//760
f 991//761 990//761 992//761
f 991//762 992//762 993//762
f 993//763 992//763 994//763
f 993//764 994//764 995//764
f 995//765 994//765 996//765
f 995//766 996//766 997//766
f 997//767 996//767 998//767
f 997//768 998//768 999//768
f 999//769 998//769 1000//769
f 999//770 1000//770 1001//770
f 1001//771 1000//771 1002//771
f 980//772 1003//772 982//772
f 982//773 1003//773 1004//773
f 982//774 1004//774 984//774
f 984//775 1004//775 1005//775
f 984//776 1005//776 986//776
f 986//777 1005//777 1006//777
f 986//778 1006//778 988//778
f 988//779 1006//779 1007//779
f 988//780 1007//780 990//780
f 990//781 1007//781 1008//781
f 990//782 1008//782 992//782
f 992//783 1008//783 1009//783
f 992//784 1009//784 994//784
f 994//785 1009//785 1010//785
f 994//786 1010//786 996//786
f 996//787 1010//787 1011//787
f 996//788 1011//788 998//788
f 998//789 1011//789 1012//789
f 998//790 1012//790 1000//790
f 1000//791 1012//791 1013//791
f 1000//792 1013//792 1002//792
f 1002//793 1013//793 1014//793
f 1003//794 1015//794 1004//794
f 1004//795 1015//795 1016//795
f 1004//796 1016//796 1005//796
f 1005//797 1016//797 1017//797
f 1005//798 1017//798 1006//798
f 1006//799 1017//799 1018//799
f 1006//800 1018//800 1007//800
f 1007//801 1018//801 1019//801
f 1007//802 1019//802 1008//802
f 1008//803 1019//803 1020//803
f 1008//804 1020//804 1009//804
f 1009//805 1020//805 1021//805
f 1009//806 1021//806 1010//806
f 1010//807 1021//807 1022//807
f 1010//808 1022//808 1011//808
f 1011//809 1022//809 1023//809
f 1011//810 1023//810 1012//810
f 1012//811 1023//811 1024//811
f 1012//812 1024//812 1013//812
f 1013//813 1024//813 1025//813
f 1013//814 1025//814 1014//814
f 1014//815 1025//815 1026//815
f 1016//816 1015//816 1027//816
f 1027//817 1015//817 1028//817
f 1027//818 1028//818 1029//818
f 1029//819 1028//819 1030//819
f 1029//820 1030//820 1031//820
f 1031//821 1030//821 1032//821
f 1031//822 1032//822 1033//822
f 1033//823 1032//823 1034//823
f 1033//824 1034//824 1035//824
f 1035//825 1034//825 1036//825
f 1035//826 1036//826 1037//826
f 1037//827 1036//827 1038//827
f 1037//828 1038//828 1039//828
f 1039//829 1038//829 1040//829
f 1039//830 1040//830 1041//830
f 1041//831 1040//831 1042//831
f 1041//832 1042//832 1043//832
f 1043//833 1042//833 1044//833
f 1043//834 1044//834 1045//834
f 1045//835 1044//835 1046//835
f 1045//836 1046//836 1047//836
f 1047//837 1046//837 1048//837
f 1047//838 1048//838 1049//838
f 1049//839 1048//839 1050//839
f 1028//840 1051//840 1030//840
f 1030//841 1051//841 1052//841
f 1030//842 1052//842 1032//842
f 1032//843 1052//843 1053//843
f 1032//844 1053//844 1034//844
f 1034//845 1053//845 1054//845
f 1034//846 1054//846 1036//846
f 1036//847 1054//847 1055//847
f 1036//848 1055//848 1038//848
f 1038//849 1055//849 1056//849
f 1038//850 1056//850 1040//850
f 1040//851 1056//851 1057//851
f 1040//852 1057//852 1042//852
f 1042//853 1057//853 1058//853
f 1042//854 1058//854 1044//854
f 1044//855 1058//855 1059//855
f 1044//856 1059//856 1046//856
f 1046//857 1059//857 1060//857
f 1046//858 1060//858 1048//858
f 1048//859 1060//859 1061//859
f 1048//860 1061//860 1050//860
f 1050//861 1061//861 1062//861
f 1051//862 1063//862 1052//862
f 1052//863 1063//863 1064//863
f 1052//864 1064//864 1065//864
f 1065//865 1064//865 1066//865
f 1065//866 1066//866 1067//866
f 1067//867 1066//867 1068//867
f 1067//868 1068//868 1069//868
f 1069//869 1068//869 1070//869
f 1069//870 1070//870 1071//870
f 1071//871 1070//871 1072//871
f 1071//872 1072//872 1073//872
f 1073//873 1072//873 1074//873
f 1073//874 1074//874 1075//874
f 1075//875 1074//875 1076//875
f 1075//876 1076//876 1077//876
f 1077//877 1076//877 1078//877
f 1077//878 1078//878 1079//878
f 1079//879 1078//879 1080//879
f 1079//880 1080//880 1081//880
f 1081//881 1080//881 1082//881
f 1081//882 1082//882 1083//882
f 1083//883 1082//883 1084//883
f 1083//884 1084//884 1085//884
f 1085//885 1084//885 1086//885
f 1085//886 1086//886 1087//886
f 1087//887 1086//887 1088//887
f 1087//888 1088//888 1089//888
f 1089//889 1088//889 1090//889
f 1066//890 1091//890 1068//890
f 1068//891 1091//891 1092//891
f 1068//892 1092//892 1070//892
f 1070//893 1092//893 1093//893
f 1070//894 1093//894 1072//894
f 1072//895 1093//895 1094//895
f 1072//896 1094//896 1074//896
f 1074//897 1094//897 1095//897
f 1074//898 1095//898 1076//898
f 1076//899 1095//899 1096//899
f 1076//900 1096//900 1078//900
f 1078//901 1096//901 1097//901
f 1078//902 1097//902 1080//902
f 1080//903 1097//903 1098//903
f 1080//904 1098//904 1082//904
f 1082//905 1098//905 1099//905
f 1082//906 1099//906 1084//906
f 1084//907 1099//907 1100//907
f 1084//908 1100//908 1086//908
f 1086//909 1100//909 1101//909
f 1086//910 1101//910 1088//910
f 1088//911 1101//911 1102//911
f 1088//912 1102//912 1090//912
f 1090//913 1102//913 1103//913
f 1092//914 1091//914 1104//914
f 1104//915 1091//915 1105//915
f 1104//916 1105//916 1106//916
f 1106//917 1105//917 1107//917
f 1106//918 1107//918 1108//918
f 1108//919 1107//919 1109//919
f 1108//920 1109//920 1110//920
f 1110//921 1109//921 1111//921
f 1110//922 1111//922 1112//922
f 1112//923 1111//923 1113//923
f 1112//924 1113//924 1114//924
f 1114//925 1113//925 1115//925
f 1114//926 1115//926 1116//926
f 1116//927 1115//927 1117//927
f 1116//928 1117//928 1118//928
f 1118//929 1117//929 1119//929
f 1118//930 1119//930 1120//930
f 1120//931 1119//931 1121//931
f 1120//932 1121//932 1122//932
f 1122//933 1121//933 1123//933
f 1122//934 1123//934 1124//934
f 1124//935 1123//935 1125//935
f 1124//936 1125//936 1126//936
f 1126//937 1125//937 1127//937
f 1126//938 1127//938 1128//938
f 1128//939 1127//939 1129//939
f 1128//940 1129//940 1130//940
f 1130//941 1129//941 1131//941
f 1130//942 1131//942 1132//942
f 1132//943 1131//943 1133//943
f 1134//944 1135//944 1136//944
f 1136//945 1135//945 1137//945
f 1136//946 1137//946 1138//946
f 1138//947 1137//947 1139//947
f 1138//948 1139//948 1140//948
f 1140//949 1139//949 1141//949
f 1140//950 1141//950 1142//950
f 1142//951 1141//951 1143//951
f 1142//952 1143//952 1144//952
f 1144//953 1143//953 1145//953
f 1144//954 1145//954 1146//954
f 1146//955 1145//955 1147//955
f 1146//956 1147//956 1148//956
f 1148//957 1147//957 1149//957
f 1148//958 1149//958 1150//958
f 1150//959 1149//959 1151//959
f 1150//960 1151//960 1152//960
f 1152//961 1151//961 1153//961
f 1152//962 1153//962 1154//962
f 1154//963 1153//963 1155//963
f 1154//964 1155//964 1156//964
f 1156//965 1155//965 1157//965
f 1156//966 1157//966 1158//966
f 1158//967 1157//967 1159//967
f 1158//968 1159//968 1160//968
f 1160//969 1159//969 1161//969
f 1160//970 1161//970 1162//970
f 1162//971 1161//971 1163//971
f 1162//972 1163//972 1164//972
f 1164//973 1163//973 1165//973
f 1164//974 1165//974 1166//974
f 1166//975 1165//975 1167//975
f 1168//976 1169//976 1170//976
f 1170//977 1169//977 1171//977
f 1145//978 1172//978 1173//978
f 1173//979 1172//979 1174//979
f 1173//980 1174//980 1175//980
f 1175//981 1174//981 1176//981
f 1175//982 1176//982 1177//982
f 1177//983 1176//983 1178//983
f 1177//984 1178//984 1179//984
f 1179//985 1178//985 1180//985
f 1179//986 1180//986 1181//986
f 1181//987 1180//987 1182//987
f 1181//988 1182//988 1183//988
f 1183//989 1182//989 1184//989
f 1183//990 1184//990 1185//990
f 1185//991 1184//991 1186//991
f 1185//992 1186//992 1187//992
f 1187//993 1186//993 1188//993
f 1187//994 1188//994 1189//994
f 1189//995 1188//995 1190//995
f 1189//996 1190//996 1191//996
f 1191//997 1190//997 1192//997
f 1191//998 1192//998 1193//998
f 1193//999 1192//999 1194//999
f 1193//1000 1194//1000 1195//1000
f 1195//1001 1194//1001 1196//1001
f 1195//1002 1196//1002 1197//1002
f 1176//1003 1180//1003 1178//1003
f 1184//1004 1182//1004 1198//1004
f 1198//1005 1182//1005 1199//1005
f 1198//1006 1199//1006 1200//1006
f 1198//1007 1200//1007 1201//1007
f 1201//1008 1200//1008 1202//1008
f 1201//1009 1202//1009 1203//1009
f 1203//1010 1202//1010 1204//1010
f 1203//1011 1204//1011 1205//1011
f 1205//1011 1204//1011 1206//1011
f 1205//1012 1206//1012 1207//1012
f 1207//1012 1206//1012 1208//1012
f 1207//1013 1208//1013 1209//1013
f 1209//1013 1208//1013 1210//1013
f 1209//1014 1210//1014 1211//1014
f 1211//1014 1210//1014 1212//1014
f 1202//1015 1213//1015 1204//1015
f 1204//1016 1213//1016 1206//1016
f 1213//1017 1214//1017 1206//1017
f 1206//1018 1214//1018 1208//1018
f 1208//1019 1214//1019 1215//1019
f 1215//1020 1214//1020 1216//1020
f 1215//1021 1216//1021 1217//1021
f 1217//1022 1216//1022 1218//1022
f 1217//1023 1218//1023 1212//1023
f 1216//1024 1219//1024 1218//1024
f 1220//1025 1221//1025 1222//1025
f 1222//1025 1221//1025 1223//1025
f 1222//1026 1223//1026 1224//1026
f 1224//1026 1223//1026 1225//1026
f 1224//1027 1225//1027 1226//1027
f 1226//1027 1225//1027 1227//1027
f 1226//1028 1227//1028 1228//1028
f 1228//1028 1227//1028 1229//1028
f 1228//1029 1229//1029 1230//1029
f 1230//1029 1229//1029 1231//1029
f 1230//1030 1231//1030 1232//1030
f 1232//1030 1231//1030 1233//1030
f 1232//1031 1233//1031 1234//1031
f 1234//1031 1233//1031 1235//1031
f 1234//1032 1235//1032 1236//1032
f 1236//1032 1235//1032 1237//1032
f 1236//1033 1237//1033 1238//1033
f 1238//1033 1237//1033 1239//1033
f 1238//1034 1239//1034 1240//1034
f 1240//1034 1239//1034 1241//1034
f 1240//1035 1241//1035 1242//1035
f 1242//1035 1241//1035 1243//1035
f 1242//1036 1243//1036 1244//1036
f 1244//1036 1243//1036 1245//1036
f 1244//1037 1245//1037 1246//1037
f 1246//1037 1245//1037 1247//1037
f 1246//1038 1247//1038 1248//1038
f 1248//1038 1247//1038 1249//1038
f 1248//1039 1249//1039 1250//1039
f 1250//1039 1249//1039 1251//1039
f 1250//1040 1251//1040 1252//1040
f 1252//1041 1251//1041 1253//1041
f 1252//1042 1253//1042 1254//1042
f 1254//1043 1253//1043 1255//1043
f 1254//1044 1255//1044 1256//1044
f 1256//1045 1255//1045 1257//1045
f 1256//1046 1257//1046 1258//1046
f 1258//1046 1257//1046 1259//1046
f 1258//1047 1259//1047 1260//1047
f 1260//1047 1259//1047 1261//1047
f 1260//1048 1261//1048 1262//1048
f 1262//1048 1261//1048 1263//1048
f 1262//1049 1263//1049 1264//1049
f 1264//1049 1263//1049 1265//1049
f 1264//1050 1265//1050 1266//1050
f 1266//1050 1265//1050 1267//1050
f 1266//1051 1267//1051 1268//1051
f 1268//1051 1267//1051 1269//1051
f 1268//1052 1269//1052 1270//1052
f 1270//1052 1269//1052 1271//1052
f 1270//1053 1271//1053 1272//1053
f 1272//1053 1271//1053 1273//1053
f 1272//1054 1273//1054 1274//1054
f 1274//1054 1273//1054 1275//1054
f 1274//1055 1275//1055 1276//1055
f 1276//1055 1275//1055 1277//1055
f 1276//1056 1277//1056 1278//1056
f 1278//1056 1277//1056 1279//1056
f 1278//1057 1279//1057 1280//1057
f 1280//1057 1279//1057 1281//1057
f 1280//1058 1281//1058 1282//1058
f 1282//1058 1281//1058 1283//1058
f 1282//1059 1283//1059 1284//1059
f 1284//1059 1283//1059 1285//1059
f 1284//1060 1285//1060 1286//1060
f 1286//1060 1285//1060 1287//1060
f 1286//1061 1287//1061 1288//1061
f 1288//1061 1287//1061 1289//1061
f 1288//1062 1289//1062 1290//1062
f 1290//1062 1289//1062 1291//1062
f 1290//1063 1291//1063 1292//1063
f 1292//1063 1291//1063 1293//1063
f 1292//1064 1293//1064 1294//1064
f 1294//1064 1293//1064 1295//1064
f 1294//1065 1295//1065 1296//1065
f 1296//1065 1295//1065 1297//1065
f 1296//1066 1297//1066 1298//1066
f 1298//1066 1297//1066 1299//1066
f 1298//1067 1299//1067 1300//1067
f 1300//1067 1299//1067 1301//1067
f 1300//1068 1301//1068 1302//1068
f 1302//1068 1301//1068 1303//1068
f 1304//1069 1305//1069 1306//1069
f 1306//1069 1305//1069 1307//1069
f 1306//1070 1307//1070 1308//1070
f 1308//1070 1307//1070 1309//1070
f 1308//1071 1309//1071 1310//1071
f 1310//1071 1309//1071 1311//1071
f 1310//1072 1311//1072 1312//1072
f 1312//1072 1311//1072 1313//1072
f 1312//1073 1313//1073 1314//1073
f 1314//1073 1313//1073 1315//1073
f 1314//1074 1315//1074 1316//1074
f 1316//1074 1315//1074 1317//1074
f 1316//1075 1317//1075 1318//1075
f 1318//1075 1317//1075 1319//1075
f 1318//1076 1319//1076 1320//1076
f 1320//1076 1319//1076 1321//1076
f 1320//1077 1321//1077 1322//1077
f 1322//1077 1321//1077 1323//1077
f 1322//1078 1323//1078 1324//1078
f 1324//1078 1323//1078 1325//1078
f 1324//1079 1325//1079 1326//1079
f 1326//1079 1325//1079 1327//1079
f 1326//1080 1327//1080 1328//1080
f 1328//1081 1327//1081 1329//1081
f 1328//1082 1329//1082 1330//1082
f 1330//1083 1329//1083 1331//1083
f 1330//1084 1331//1084 1332//1084
f 1332//1084 1331//1084 1333//1084
f 1332//1085 1333//1085 1334//1085
f 1334//1085 1333//1085 1335//1085
f 1334//1086 1335//1086 1336//1086
f 1336//1086 1335//1086 1337//1086
f 1336//1087 1337//1087 1338//1087
f 1338//1087 1337//1087 1339//1087
f 1338//1088 1339//1088 1340//1088
f 1340//1088 1339//1088 1341//1088
f 1340//1089 1341//1089 1342//1089
f 1342//1089 1341//1089 1343//1089
f 1342//1090 1343//1090 1344//1090
f 1344//1090 1343//1090 1345//1090
f 1344//1091 1345//1091 1346//1091
f 1346//1091 1345//1091 1347//1091
f 1346//1092 1347//1092 1348//1092
f 1349//1093 1350//1093 1351//1093
f 1351//1093 1350//1093 1352//1093
f 1351//1094 1352//1094 1353//1094
f 1353//1094 1352//1094 1354//1094
f 1353//1095 1354//1095 1355//1095
f 1355//1095 1354//1095 1356//1095
f 1355//1096 1356//1096 1357//1096
f 1357//1096 1356//1096 1358//1096
f 1357//1097 1358//1097 1359//1097
f 1359//1097 1358//1097 1360//1097
f 1359//1098 1360//1098 1361//1098
f 1361//1098 1360//1098 1362//1098
f 1361//1099 1362//1099 1363//1099
f 1363//1099 1362//1099 1364//1099
f 1363//1100 1364//1100 1365//1100
f 1365//1100 1364//1100 1366//1100
f 1365//1101 1366//1101 1367//1101
f 1367//1101 1366//1101 1368//1101
f 1367//1102 1368//1102 1369//1102
f 1369//1102 1368//1102 1370//1102
f 1369//1103 1370//1103 1371//1103
f 1371//1103 1370//1103 1372//1103
f 1371//1104 1372//1104 1373//1104
f 1373//1104 1372//1104 1374//1104
f 1350//1105 1349//1105 1375//1105
f 1375//1105 1349//1105 1376//1105
f 1375//1106 1376//1106 1377//1106
f 1377//1106 1376//1106 1378//1106
f 1377//1107 1378//1107 1379//1107
f 1379//1107 1378//1107 1380//1107
f 1379//1108 1380//1108 1381//1108
f 1381//1108 1380//1108 1382//1108
f 1381//1109 1382//1109 1383//1109
f 1383//1109 1382//1109 1384//1109
f 1383//1110 1384//1110 1385//1110
f 1385//1110 1384//1110 1386//1110
f 1385//1111 1386//1111 1387//1111
f 1387//1111 1386//1111 1388//1111
f 1387//1112 1388//1112 1389//1112
f 1389//1112 1388//1112 1390//1112
f 1389//1113 1390//1113 1391//1113
f 1391//1113 1390//1113 1392//1113
f 1391//1114 1392//1114 1393//1114
f 1393//1114 1392//1114 1394//1114
f 1393//1115 1394//1115 1395//1115
f 1395//1115 1394//1115 1396//1115
f 1395//1116 1396//1116 1397//1116
f 1397//1117 1396//1117 1398//1117
f 1397//1118 1398//1118 1399//1118
f 1399//1119 1398//1119 1400//1119
f 1399//1120 1400//1120 1401//1120
f 1401//1120 1400//1120 1402//1120
f 1401//1121 1402//1121 1403//1121
f 1403//1121 1402//1121 1404//1121
f 1403//1122 1404//1122 1405//1122
f 1405//1122 1404//1122 1406//1122
f 1405//1123 1406//1123 1407//1123
f 1407//1123 1406//1123 1408//1123
f 1407//1124 1408//1124 1409//1124
f 1409//1124 1408//1124 1410//1124
f 1409//1125 1410//1125 1411//1125
f 1411//1125 1410//1125 1412//1125
f 1411//1126 1412//1126 1413//1126
f 1413//1126 1412//1126 1414//1126
f 1413//1127 1414//1127 1415//1127
f 1415//1127 1414//1127 1416//1127
f 1415//1128 1416//1128 1417//1128
f 1417//1128 1416//1128 1418//1128
f 1417//1129 1418//1129 1419//1129
f 1419//1129 1418//1129 1420//1129
f 1419//1130 1420//1130 1421//1130
f 1422//1131 1423//1131 1424//1131
f 1424//1131 1423//1131 1425//1131
f 1424//1132 1425//1132 1426//1132
f 1426//1132 1425//1132 1427//1132
f 1426//1133 1427//1133 1428//1133
f 1428//1133 1427//1133 1429//1133
f 1428//1134 1429//1134 1430//1134
f 1430//1134 1429//1134 1431//1134
f 1430//1135 1431//1135 1432//1135
f 1432//1135 1431//1135 1433//1135
f 1432//1136 1433//1136 1434//1136
f 1434//1136 1433//1136 1435//1136
f 1434//1137 1435//1137 1436//1137
f 1436//1137 1435//1137 1437//1137
f 1436//1138 1437//1138 1438//1138
f 1438//1138 1437//1138 1439//1138
f 1438//1139 1439//1139 1440//1139
f 1440//1139 1439//1139 1441//1139
f 1440//1140 1441//1140 1442//1140
f 1442//1140 1441//1140 1443//1140
f 1442//1141 1443//1141 1444//1141
f 1423//1142 1445//1142 1425//1142
f 1425//1142 1445//1142 1446//1142
f 1425//1143 1446//1143 1427//1143
f 1427//1143 1446//1143 1447//1143
f 1427//1144 1447//1144 1429//1144
f 1429//1144 1447//1144 1448//1144
f 1429//1145 1448//1145 1431//1145
f 1431//1145 1448//1145 1449//1145
f 1431//1146 1449//1146 1433//1146
f 1433//1146 1449//1146 1450//1146
f 1433//1147 1450//1147 1435//1147
f 1435//1147 1450//1147 1451//1147
f 1435//1148 1451//1148 1437//1148
f 1437//1148 1451//1148 1452//1148
f 1437//1149 1452//1149 1439//1149
f 1439//1149 1452//1149 1453//1149
f 1439//1150 1453//1150 1441//1150
f 1441//1150 1453//1150 1454//1150
f 1441//1151 1454//1151 1443//1151
f 1455//1152 1456//1152 1457//1152
f 1457//1152 1456//1152 1458//1152
f 1457//1153 1458//1153 1459//1153
f 1459//1153 1458//1153 1460//1153
f 1459//1154 1460//1154 1461//1154
f 1461//1154 1460//1154 1462//1154
f 1445//1155 1463//1155 1446//1155
f 1446//1155 1463//1155 1464//1155
f 1446//1156 1464//1156 1447//1156
f 1447//1156 1464//1156 1465//1156
f 1447//1157 1465//1157 1448//1157
f 1448//1157 1465//1157 1466//1157
f 1448//1158 1466//1158 1449//1158
f 1449//1158 1466//1158 1467//1158
f 1449//1159 1467//1159 1450//1159
f 1450//1159 1467//1159 1468//1159
f 1450//1160 1468//1160 1451//1160
f 1451//1160 1468//1160 1469//1160
f 1451//1161 1469//1161 1452//1161
f 1452//1161 1469//1161 1470//1161
f 1452//1162 1470//1162 1453//1162
f 1453//1162 1470//1162 1471//1162
f 1453//1163 1471//1163 1454//1163
f 1445//1164 1455//1164 1472//1164
f 1472//1164 1455//1164 1457//1164
f 1472//1165 1457//1165 1473//1165
f 1473//1165 1457//1165 1459//1165
f 1473//1166 1459//1166 1474//1166
f 1474//1166 1459//1166 1461//1166
f 1463//1167 1475//1167 1464//1167
f 1464//1167 1475//1167 1476//1167
f 1464//1168 1476//1168 1465//1168
f 1465//1168 1476//1168 1477//1168
f 1465//1169 1477//1169 1466//1169
f 1466//1169 1477//1169 1478//1169
f 1466//1170 1478//1170 1467//1170
f 1467//1170 1478//1170 1479//1170
f 1467//1171 1479//1171 1468//1171
f 1468//1171 1479//1171 1480//1171
f 1468//1172 1480//1172 1469//1172
f 1469//1172 1480//1172 1481//1172
f 1469//1173 1481//1173 1470//1173
f 1470//1173 1481//1173 1482//1173
f 1470//1174 1482//1174 1471//1174
f 1463//1175 1483//1175 1484//1175
f 1484//1175 1483//1175 1472//1175
f 1484//1176 1472//1176 1485//1176
f 1485//1176 1472//1176 1473//1176
f 1485//1177 1473//1177 1486//1177
f 1486//1177 1473//1177 1474//1177
f 1475//1178 1487//1178 1476//1178
f 1476//1178 1487//1178 1488//1178
f 1476//1179 1488//1179 1477//1179
f 1477//1179 1488//1179 1489//1179
f 1477//1180 1489//1180 1478//1180
f 1478//1180 1489//1180 1490//1180
f 1478//1181 1490//1181 1479//1181
f 1479//1181 1490//1181 1491//1181
f 1479//1182 1491//1182 1480//1182
f 1480//1182 1491//1182 1492//1182
f 1480//1183 1492//1183 1481//1183
f 1481//1183 1492//1183 1493//1183
f 1481//1184 1493//1184 1482//1184
f 1475//1185 1494//1185 1495//1185
f 1495//1185 1494//1185 1484//1185
f 1495//1186 1484//1186 1496//1186
f 1496//1186 1484//1186 1485//1186
f 1496//1187 1485//1187 1497//1187
f 1497//1187 1485//1187 1486//1187
f 1487//1188 1498//1188 1488//1188
f 1488//1188 1498//1188 1499//1188
f 1488//1189 1499//1189 1489//1189
f 1489//1189 1499//1189 1500//1189
f 1489//1190 1500//1190 1490//1190
f 1490//1190 1500//1190 1501//1190
f 1490//1191 1501//1191 1491//1191
f 1491//1191 1501//1191 1502//1191
f 1491//1192 1502//1192 1492//1192
f 1492//1192 1502//1192 1503//1192
f 1492//1193 1503//1193 1493//1193
f 1487//1194 1504//1194 1505//1194
f 1505//1194 1504//1194 1495//1194
f 1505//1195 1495//1195 1506//1195
f 1506//1195 1495//1195 1496//1195
f 1506//1196 1496//1196 1507//1196
f 1507//1196 1496//1196 1497//1196
f 1498//1197 1508//1197 1499//1197
f 1499//1197 1508//1197 1509//1197
f 1499//1198 1509//1198 1500//1198
f 1500//1198 1509//1198 1510//1198
f 1500//1199 1510//1199 1501//1199
f 1501//1199 1510//1199 1511//1199
f 1501//1200 1511//1200 1502//1200
f 1502//1200 1511//1200 1512//1200
f 1502//1201 1512//1201 1503//1201
f 1498//1202 1487//1202 1513//1202
f 1513//1202 1487//1202 1505//1202
f 1513//1203 1505//1203 1514//1203
f 1514//1203 1505//1203 1506//1203
f 1514//1204 1506//1204 1515//1204
f 1515//1204 1506//1204 1507//1204
f 1508//1205 1516//1205 1509//1205
f 1509//1205 1516//1205 1517//1205
f 1509//1206 1517//1206 1510//1206
f 1510//1206 1517//1206 1518//1206
f 1510//1207 1518//1207 1511//1207
f 1511//1207 1518//1207 1519//1207
f 1511//1208 1519//1208 1512//1208
f 1508//1209 1498//1209 1520//1209
f 1520//1209 1498//1209 1513//1209
f 1520//1210 1513//1210 1521//1210
f 1521//1210 1513//1210 1514//1210
f 1521//1211 1514//1211 1522//1211
f 1522//1211 1514//1211 1515//1211
f 1516//1212 1523//1212 1517//1212
f 1517//1212 1523//1212 1524//1212
f 1517//1213 1524//1213 1518//1213
f 1518//1213 1524//1213 1525//1213
f 1518//1214 1525//1214 1519//1214
f 1516//1215 1508//1215 1526//1215
f 1526//1215 1508//1215 1520//1215
f 1526//1216 1520//1216 1527//1216
f 1527//1216 1520//1216 1521//1216
f 1527//1217 1521//1217 1528//1217
f 1528//1217 1521//1217 1522//1217
f 1523//1218 1529//1218 1524//1218
f 1524//1218 1529//1218 1530//1218
f 1524//1219 1530//1219 1525//1219
f 1523//1220 1516//1220 1531//1220
f 1531//1220 1516//1220 1526//1220
f 1531//1221 1526//1221 1532//1221
f 1532//1221 1526//1221 1527//1221
f 1532//1222 1527//1222 1533//1222
f 1533//1222 1527//1222 1528//1222
f 1530//1223 1529//1223 1534//1223
f 1534//1224 1529//1224 1535//1224
f 1534//1225 1535//1225 1536//1225
f 1536//1226 1535//1226 1537//1226
f 1529//1227 1523//1227 1538//1227
f 1538//1227 1523//1227 1531//1227
f 1538//1228 1531//1228 1539//1228
f 1539//1228 1531//1228 1532//1228
f 1539//1229 1532//1229 1540//1229
f 1540//1229 1532//1229 1533//1229
f 1541//1230 1542//1230 1543//1230
f 1541//1230 1543//1230 1544//1230
f 1545//1231 1546//1231 1547//1231
f 1547//1232 1546//1232 1548//1232
f 1547//1233 1548//1233 1549//1233
f 1549//1234 1548//1234 1550//1234
f 1549//1235 1550//1235 1551//1235
f 1551//1236 1550//1236 1552//1236
f 1551//1237 1552//1237 1553//1237
f 1553//1238 1552//1238 1554//1238
f 1553//1239 1554//1239 1555//1239
f 1555//1240 1554//1240 1556//1240
f 1555//1241 1556//1241 1557//1241
f 1557//1242 1556//1242 1558//1242
f 1557//1243 1558//1243 1559//1243
f 1559//1244 1558//1244 1560//1244
f 1559//1245 1560//1245 1561//1245
f 1561//1246 1560//1246 1562//1246
f 1561//1247 1562//1247 1563//1247
f 1563//1248 1562//1248 1564//1248
f 1563//1249 1564//1249 1565//1249
f 1565//1250 1564//1250 1566//1250
f 1548//1251 1546//1251 1567//1251
f 1568//1252 1569//1252 1570//1252
f 1570//1253 1569//1253 1571//1253
f 1572//1254 1571//1254 1573//1254
f 1573//1255 1571//1255 1569//1255
f 1574//1256 1575//1256 1576//1256
f 1576//1257 1575//1257 1577//1257
f 1578//1258 1577//1258 1579//1258
f 1579//1259 1577//1259 1575//1259
f 1580//1260 1581//1260 1582//1260
f 1582//1261 1581//1261 1583//1261
f 1582//1262 1583//1262 1584//1262
f 1584//1263 1583//1263 1585//1263
f 1584//1264 1585//1264 1586//1264
f 1586//1265 1585//1265 1587//1265
f 1586//1266 1587//1266 1588//1266
f 1588//1267 1587//1267 1589//1267
f 1588//1268 1589//1268 1590//1268
f 1590//1269 1589//1269 1591//1269
f 1590//1270 1591//1270 1592//1270
f 1592//1271 1591//1271 1593//1271
f 1592//1272 1593//1272 1594//1272
f 1594//1273 1593//1273 1595//1273
f 1594//1274 1595//1274 1596//1274
f 1596//1275 1595//1275 1597//1275
f 1596//1276 1597//1276 1598//1276
f 1598//1277 1597//1277 1599//1277
f 1598//1278 1599//1278 1600//1278
f 1600//1279 1599//1279 1601//1279
f 1600//1280 1601//1280 1602//1280
f 1602//1281 1601//1281 1603//1281
f 1604//1282 1605//1282 1606//1282
f 1606//1283 1605//1283 1607//1283
f 1608//1284 1609//1284 1610//1284
f 1610//1285 1609//1285 1611//1285
f 1612//1286 1613//1286 1614//1286
f 1612//1286 1614//1286 1615//1286
f 1616//1287 1617//1287 1618//1287
f 1618//1288 1617//1288 1619//1288
f 1620//1289 1621//1289 1622//1289
f 1622//1290 1621//1290 1623//1290
f 1624//1291 1625//1291 1626//1291
f 1624//1291 1626//1291 1627//1291
f 1627//1292 1626//1292 1628//1292
f 1629//1293 1612//1293 1615//1293
f 1629//1293 1615//1293 1630//1293
f 1631//1294 1616//1294 1632//1294
f 1632//1295 1616//1295 1618//1295
f 1633//1296 1620//1296 1634//1296
f 1634//1297 1620//1297 1622//1297
f 1635//1298 1624//1298 1627//1298
f 1629//1299 1630//1299 1636//1299
f 1636//1299 1630//1299 1637//1299
f 1636//1300 1637//1300 1638//1300
f 1638//1300 1637//1300 1639//1300
f 1638//1301 1639//1301 1640//1301
f 1640//1301 1639//1301 1641//1301
f 1640//1302 1641//1302 1642//1302
f 1642//1302 1641//1302 1643//1302
f 1642//1303 1643//1303 1644//1303
f 1644//1303 1643//1303 1645//1303
f 1644//1304 1645//1304 1646//1304
f 1646//1304 1645//1304 1647//1304
f 1646//1305 1647//1305 1648//1305
f 1648//1305 1647//1305 1649//1305
f 1648//1306 1649//1306 1650//1306
f 1650//1306 1649//1306 1651//1306
f 1650//1307 1651//1307 1652//1307
f 1652//1307 1651//1307 1653//1307
f 1652//1308 1653//1308 1654//1308
f 1654//1308 1653//1308 1655//1308
f 1654//1309 1655//1309 1656//1309
f 1656//1309 1655//1309 1657//1309
f 1656//1310 1657//1310 1658//1310
f 1658//1310 1657//1310 1659//1310
f 1658//1311 1659//1311 1660//1311
f 1660//1311 1659//1311 1661//1311
f 1660//1312 1661//1312 1662//1312
f 1662//1312 1661//1312 1663//1312
f 1662//1313 1663//1313 1664//1313
f 1664//1313 1663//1313 1665//1313
f 1664//1314 1665//1314 1666//1314
f 1666//1314 1665//1314 1667//1314
f 1666//1315 1667//1315 1668//1315
f 1668//1315 1667//1315 1669//1315
f 1668//1316 1669//1316 1670//1316
f 1670//1316 1669//1316 1671//1316
f 1670//1317 1671//1317 1672//1317
f 1672//1317 1671//1317 1673//1317
f 1672//1318 1673//1318 1674//1318
f 1674//1318 1673//1318 1675//1318
f 1676//1319 1677//1319 1678//1319
f 1678//1320 1677//1320 1679//1320
f 1678//1321 1679//1321 1680//1321
f 1680//1322 1679//1322 1681//1322
f 1680//1323 1681//1323 1682//1323
f 1682//1324 1681//1324 1683//1324
f 1682//1325 1683//1325 1684//1325
f 1684//1326 1683//1326 1685//1326
f 1684//1327 1685//1327 1686//1327
f 1686//1328 1685//1328 1687//1328
f 1686//1329 1687//1329 1688//1329
f 1688//1330 1687//1330 1689//1330
f 1688//1331 1689//1331 1690//1331
f 1690//1332 1689//1332 1691//1332
f 1690//1333 1691//1333 1692//1333
f 1692//1334 1691//1334 1693//1334
f 1692//1335 1693//1335 1694//1335
f 1694//1336 1693//1336 1695//1336
f 1694//1337 1695//1337 1696//1337
f 1696//1338 1695//1338 1697//1338
f 1679//1339 1677//1339 1698//1339
f 1699//1340 1700//1340 1701//1340
f 1699//1341 1701//1341 1702//1341
f 1702//1342 1701//1342 1703//1342
f 1702//1343 1703//1343 1704//1343
f 1704//1344 1703//1344 1705//1344
f 1704//1345 1705//1345 1706//1345
f 1706//1346 1705//1346 1707//1346
f 1706//1347 1707//1347 1708//1347
f 1708//1348 1707//1348 1709//1348
f 1708//1349 1709//1349 1710//1349
f 1710//1350 1709//1350 1711//1350
f 1710//1351 1711//1351 1712//1351
f 1712//1352 1711//1352 1713//1352
f 1712//1353 1713//1353 1714//1353
f 1714//1354 1713//1354 1715//1354
f 1716//1355 1717//1355 1718//1355
f 1716//1356 1718//1356 1719//1356
f 1719//1357 1718//1357 1720//1357
f 1719//1358 1720//1358 1721//1358
f 1721//1359 1720//1359 1722//1359
f 1721//1360 1722//1360 1723//1360
f 1723//1361 1722//1361 1724//1361
f 1725//1362 1726//1362 1727//1362
f 1727//1363 1726//1363 1728//1363
f 1729//1364 1725//1364 1730//1364
f 1730//1365 1725//1365 1727//1365
f 1731//1366 1729//1366 1732//1366
f 1732//1367 1729//1367 1730//1367
f 1733//1368 1734//1368 1735//1368
f 1736//1369 1731//1369 1737//1369
f 1737//1370 1731//1370 1732//1370
f 1733//1371 1735//1371 1738//1371
f 1738//1371 1735//1371 1739//1371
f 1738//1372 1739//1372 1740//1372
f 1740//1372 1739//1372 1741//1372
f 1740//1373 1741//1373 1742//1373
f 1742//1373 1741//1373 1743//1373
f 1742//1374 1743//1374 1744//1374
f 1744//1374 1743//1374 1745//1374
f 1744//1375 1745//1375 1746//1375
f 1746//1375 1745//1375 1747//1375
f 1746//1376 1747//1376 1748//1376
f 1748//1376 1747//1376 1749//1376
f 1748//1377 1749//1377 1750//1377
f 1750//1377 1749//1377 1751//1377
f 1750//1378 1751//1378 1752//1378
f 1752//1378 1751//1378 1753//1378
f 1752//1379 1753//1379 1754//1379
f 1754//1379 1753//1379 1755//1379
f 1754//1380 1755//1380 1756//1380
f 1756//1380 1755//1380 1757//1380
f 1756//1381 1757//1381 1758//1381
f 1758//1381 1757//1381 1759//1381
f 1758//1382 1759//1382 1760//1382
f 1760//1382 1759//1382 1761//1382
f 1760//1383 1761//1383 1762//1383
f 1762//1383 1761//1383 1763//1383
f 1764//1384 1765//1384 1766//1384
f 1766//1385 1765//1385 1767//1385
f 1768//1386 1769//1386 1770//1386
f 1770//1387 1769//1387 1771//1387
f 1770//1388 1771//1388 1772//1388
f 1772//1389 1771//1389 1773//1389
f 1772//1390 1773//1390 1774//1390
f 1774//1391 1773//1391 1775//1391
f 1776//1392 1777//1392 1778//1392
f 1778//1392 1777//1392 1779//1392
f 1778//1393 1779//1393 1780//1393
f 1779//1394 1777//1394 1781//1394
f 1781//1395 1777//1395 1782//1395
f 1781//1396 1782//1396 1783//1396
f 1783//1397 1782//1397 1784//1397
f 1783//1398 1784//1398 1785//1398
f 1785//1399 1784//1399 1786//1399
f 1785//1400 1786//1400 1787//1400
f 1787//1401 1786//1401 1788//1401
f 1787//1402 1788//1402 1789//1402
f 1789//1403 1788//1403 1790//1403
f 1789//1404 1790//1404 1791//1404
f 1791//1405 1790//1405 1792//1405
f 1791//1406 1792//1406 1793//1406
f 1793//1407 1792//1407 1794//1407
f 1777//1408 1776//1408 1795//1408
f 1795//1408 1776//1408 1796//1408
f 1795//1409 1796//1409 1797//1409
f 1797//1409 1796//1409 1798//1409
f 1797//1410 1798//1410 1799//1410
f 1799//1410 1798//1410 1800//1410
f 1799//1411 1800//1411 1801//1411
f 1801//1411 1800//1411 1802//1411
f 1801//1412 1802//1412 1803//1412
f 1803//1412 1802//1412 1804//1412
f 1803//1413 1804//1413 1805//1413
f 1805//1413 1804//1413 1806//1413
f 1805//1414 1806//1414 1807//1414
f 1807//1414 1806//1414 1808//1414
f 1807//1415 1808//1415 1809//1415
f 1809//1415 1808//1415 1810//1415
f 1809//1416 1810//1416 1811//1416
f 1811//1416 1810//1416 1812//1416
f 1811//1417 1812//1417 1813//1417
f 1813//1417 1812//1417 1814//1417
f 1813//1418 1814//1418 1815//1418
f 1815//1418 1814//1418 1816//1418
f 1817//1419 1818//1419 1819//1419
f 1817//1420 1819//1420 1820//1420
f 1820//1421 1819//1421 1821//1421
f 1820//1422 1821//1422 1822//1422
f 1822//1423 1821//1423 1823//1423
f 1822//1424 1823//1424 1824//1424
f 1824//1425 1823//1425 1825//1425
f 1824//1426 1825//1426 1826//1426
f 1826//1427 1825//1427 1827//1427
f 1828//1428 1829//1428 1830//1428
f 1830//1429 1829//1429 1831//1429
f 1830//1430 1831//1430 1832//1430
f 1832//1431 1831//1431 1833//1431
f 1832//1432 1833//1432 1834//1432
f 1834//1433 1833//1433 1835//1433
f 1836//1434 1837//1434 1838//1434
f 1838//1435 1837//1435 1839//1435
f 1838//1436 1839//1436 1840//1436
f 1840//1437 1839//1437 1841//1437
f 1840//1438 1841//1438 1842//1438
f 1842//1439 1841//1439 1843//1439
f 1842//1440 1843//1440 1844//1440
f 1844//1441 1843//1441 1845//1441
f 1844//1442 1845//1442 1846//1442
f 1846//1443 1845//1443 1847//1443
f 1846//1444 1847//1444 1848//1444
f 1848//1445 1847//1445 1849//1445
f 1848//1446 1849//1446 1850//1446
f 1850//1447 1849//1447 1851//1447
f 1839//1435 1837//1435 1852//1435
f 1829//1448 1853//1448 1831//1448
f 1831//1449 1853//1449 1854//1449
f 1831//1450 1854//1450 1833//1450
f 1833//1451 1854//1451 1855//1451
f 1833//1452 1855//1452 1835//1452
f 1835//1453 1855//1453 1856//1453
f 1839//1454 1852//1454 1857//1454
f 1857//1454 1852//1454 1858//1454
f 1857//1455 1858//1455 1859//1455
f 1859//1455 1858//1455 1860//1455
f 1859//1456 1860//1456 1861//1456
f 1861//1456 1860//1456 1862//1456
f 1861//1457 1862//1457 1863//1457
f 1863//1457 1862//1457 1864//1457
f 1863//1458 1864//1458 1865//1458
f 1865//1458 1864//1458 1866//1458
f 1865//1459 1866//1459 1867//1459
f 1867//1459 1866//1459 1868//1459
f 1867//1460 1868//1460 1869//1460
f 1869//1460 1868//1460 1870//1460
f 1869//1461 1870//1461 1871//1461
f 1871//1461 1870//1461 1872//1461
f 1871//1462 1872//1462 1873//1462
f 1873//1462 1872//1462 1874//1462
f 1853//1449 1875//1449 1854//1449
f 1854//1463 1875//1463 1876//1463
f 1854//1451 1876//1451 1855//1451
f 1855//1464 1876//1464 1877//1464
f 1855//1453 1877//1453 1856//1453
f 1856//1465 1877//1465 1878//1465
f 1879//1466 1857//1466 1880//1466
f 1880//1467 1857//1467 1881//1467
f 1880//1468 1881//1468 1882//1468
f 1882//1469 1881//1469 1883//1469
f 1882//1470 1883//1470 1884//1470
f 1884//1471 1883//1471 1885//1471
f 1884//1472 1885//1472 1886//1472
f 1886//1473 1885//1473 1887//1473
f 1886//1474 1887//1474 1888//1474
f 1888//1475 1887//1475 1889//1475
f 1888//1476 1889//1476 1890//1476
f 1890//1477 1889//1477 1891//1477
f 1881//1467 1892//1467 1893//1467
f 1875//1463 1894//1463 1876//1463
f 1876//1478 1894//1478 1895//1478
f 1876//1464 1895//1464 1877//1464
f 1877//1479 1895//1479 1896//1479
f 1877//1465 1896//1465 1878//1465
f 1878//1480 1896//1480 1897//1480
f 1881//1481 1893//1481 1898//1481
f 1898//1481 1893//1481 1899//1481
f 1898//1482 1899//1482 1900//1482
f 1900//1482 1899//1482 1901//1482
f 1900//1483 1901//1483 1902//1483
f 1902//1483 1901//1483 1903//1483
f 1902//1484 1903//1484 1904//1484
f 1904//1484 1903//1484 1905//1484
f 1904//1485 1905//1485 1906//1485
f 1906//1485 1905//1485 1907//1485
f 1906//1486 1907//1486 1908//1486
f 1908//1486 1907//1486 1909//1486
f 1908//1487 1909//1487 1910//1487
f 1910//1487 1909//1487 1911//1487
f 1894//1478 1912//1478 1895//1478
f 1895//1488 1912//1488 1913//1488
f 1895//1479 1913//1479 1896//1479
f 1896//1489 1913//1489 1914//1489
f 1896//1480 1914//1480 1897//1480
f 1897//1490 1914//1490 1915//1490
f 1916//1491 1898//1491 1917//1491
f 1917//1492 1898//1492 1918//1492
f 1917//1493 1918//1493 1919//1493
f 1919//1494 1918//1494 1920//1494
f 1919//1495 1920//1495 1921//1495
f 1921//1496 1920//1496 1922//1496
f 1921//1497 1922//1497 1923//1497
f 1923//1498 1922//1498 1924//1498
f 1923//1499 1924//1499 1925//1499
f 1918//1492 1926//1492 1900//1492
f 1927//1500 1928//1500 1913//1500
f 1913//1489 1928//1489 1914//1489
f 1915//1490 1914//1490 1929//1490
f 1929//1501 1914//1501 1928//1501
f 1918//1502 1930//1502 1931//1502
f 1931//1502 1930//1502 1932//1502
f 1931//1503 1932//1503 1933//1503
f 1933//1503 1932//1503 1934//1503
f 1933//1504 1934//1504 1935//1504
f 1935//1504 1934//1504 1936//1504
f 1935//1505 1936//1505 1937//1505
f 1937//1505 1936//1505 1938//1505
f 1937//1506 1938//1506 1939//1506
f 1939//1506 1938//1506 1940//1506
f 1918//1494 1931//1494 1920//1494
f 1920//1507 1931//1507 1941//1507
f 1920//1496 1941//1496 1922//1496
f 1922//1508 1941//1508 1942//1508
f 1922//1498 1942//1498 1924//1498
f 1924//1509 1942//1509 1943//1509
f 1941//1507 1931//1507 1933//1507
f 1944//1510 1927//1510 1945//1510
f 1946//1511 1947//1511 1929//1511
f 1941//1512 1933//1512 1948//1512
f 1948//1512 1933//1512 1935//1512
f 1948//1513 1935//1513 1949//1513
f 1949//1513 1935//1513 1937//1513
f 1949//1514 1937//1514 1950//1514
f 1950//1514 1937//1514 1939//1514
f 1941//1508 1948//1508 1942//1508
f 1942//1515 1948//1515 1951//1515
f 1942//1509 1951//1509 1943//1509
f 1943//1516 1951//1516 1952//1516
f 1951//1515 1948//1515 1949//1515
f 1950//1517 1953//1517 1949//1517
f 1949//1517 1953//1517 1951//1517
f 1953//1516 1952//1516 1951//1516
f 1954//1518 1955//1518 1956//1518
f 1957//1519 1958//1519 1959//1519
f 1959//1519 1958//1519 1960//1519
f 1959//1520 1960//1520 1961//1520
f 1962//1521 1957//1521 1963//1521
f 1963//1521 1957//1521 1959//1521
f 1963//1522 1959//1522 1964//1522
f 1964//1522 1959//1522 1961//1522
f 1964//1523 1961//1523 1965//1523
f 1962//1524 1963//1524 1966//1524
f 1966//1525 1963//1525 1967//1525
f 1966//1526 1967//1526 1968//1526
f 1968//1527 1967//1527 1969//1527
f 1968//1528 1969//1528 1970//1528
f 1970//1529 1969//1529 1971//1529
f 1970//1530 1971//1530 1972//1530
f 1972//1531 1971//1531 1973//1531
f 1972//1532 1973//1532 1974//1532
f 1974//1533 1973//1533 1975//1533
f 1974//1534 1975//1534 1976//1534
f 1976//1535 1975//1535 1977//1535
f 1976//1536 1977//1536 1978//1536
f 1978//1537 1977//1537 1979//1537
f 1978//1538 1979//1538 1980//1538
f 1980//1539 1979//1539 1981//1539
f 1980//1540 1981//1540 1982//1540
f 1982//1541 1981//1541 1983//1541
f 1967//1542 1963//1542 1964//1542
f 1984//1543 1985//1543 1986//1543
f 1986//1544 1985//1544 1987//1544
f 1987//1545 1985//1545 1988//1545
f 1989//1546 1984//1546 1990//1546
f 1990//1547 1984//1547 1986//1547
f 1967//1548 1964//1548 1991//1548
f 1991//1548 1992//1548 1993//1548
f 1991//1549 1993//1549 1994//1549
f 1995//1550 1991//1550 1969//1550
f 1969//1551 1991//1551 1996//1551
f 1997//1552 1996//1552 1971//1552
f 1971//1553 1996//1553 1998//1553
f 1999//1554 1998//1554 1973//1554
f 1973//1555 1998//1555 2000//1555
f 2001//1556 2000//1556 1975//1556
f 1975//1557 2000//1557 2002//1557
f 2003//1558 2002//1558 1977//1558
f 1977//1559 2002//1559 2004//1559
f 2005//1560 2004//1560 1979//1560
f 1979//1561 2004//1561 2006//1561
f 2007//1562 2006//1562 1981//1562
f 1981//1563 2006//1563 2008//1563
f 2009//1564 2008//1564 1983//1564
f 1983//1565 2008//1565 2010//1565
f 1996//1551 1991//1551 1994//1551
f 2011//1566 2012//1566 2013//1566
f 2013//1566 2012//1566 2014//1566
f 2013//1567 2014//1567 2015//1567
f 2012//1568 2011//1568 2016//1568
f 2016//1568 2011//1568 2017//1568
f 2016//1569 2017//1569 2018//1569
f 2018//1569 2017//1569 2019//1569
f 2018//1570 2019//1570 2020//1570
f 2020//1570 2019//1570 2021//1570
f 2020//1571 2021//1571 2022//1571
f 2022//1571 2021//1571 2023//1571
f 2022//1572 2023//1572 2024//1572
f 2024//1572 2023//1572 2025//1572
f 2024//1573 2025//1573 2026//1573
f 2027//1574 2028//1574 2029//1574
f 2027//1575 2029//1575 2030//1575
f 2030//1576 2029//1576 2031//1576
f 2030//1577 2031//1577 2032//1577
f 2032//1578 2031//1578 2033//1578
f 2032//1579 2033//1579 2034//1579
f 2034//1580 2033//1580 2035//1580
f 2034//1581 2035//1581 2036//1581
f 2036//1582 2035//1582 2037//1582
f 2036//1583 2037//1583 2038//1583
f 2038//1584 2037//1584 2039//1584
f 2038//1585 2039//1585 2040//1585
f 2040//1586 2039//1586 2041//1586
f 2040//1587 2041//1587 2042//1587
f 2042//1588 2041//1588 2043//1588
f 2044//1589 2045//1589 2046//1589
f 2047//1590 2048//1590 2049//1590
f 2049//1591 2048//1591 2050//1591
f 2049//1592 2050//1592 2051//1592
f 2051//1593 2050//1593 2052//1593
f 2050//1591 2048//1591 2053//1591
f 2054//1594 2055//1594 2053//1594
f 2053//1594 2055//1594 2050//1594
f 2055//1593 2052//1593 2050//1593
f 2056//1595 2057//1595 2058//1595
f 2058//1595 2057//1595 2059//1595
f 2058//1596 2059//1596 2060//1596
f 2061//1597 2056//1597 2062//1597
f 2062//1597 2056//1597 2058//1597
f 2062//1598 2058//1598 2063//1598
f 2063//1598 2058//1598 2060//1598
f 2063//1599 2060//1599 2064//1599
f 2065//1600 2066//1600 2067//1600
f 2067//1601 2066//1601 2068//1601
f 2067//1601 2068//1601 2069//1601
f 2069//1602 2068//1602 2070//1602
f 2069//1602 2070//1602 2071//1602
f 2071//1603 2070//1603 2072//1603
f 2071//1603 2072//1603 2073//1603
f 2073//1604 2072//1604 2074//1604
f 2073//1604 2074//1604 2075//1604
f 2075//1605 2074//1605 2076//1605
f 2075//1605 2076//1605 2077//1605
f 2077//1606 2076//1606 2078//1606
f 2077//1606 2078//1606 2079//1606
f 2080//1607 2081//1607 2082//1607
f 2061//1608 2062//1608 2083//1608
f 2083//1609 2062//1609 2084//1609
f 2083//1610 2084//1610 2085//1610
f 2085//1611 2084//1611 2086//1611
f 2085//1612 2086//1612 2087//1612
f 2087//1613 2086//1613 2088//1613
f 2087//1614 2088//1614 2089//1614
f 2089//1615 2088//1615 2090//1615
f 2089//1616 2090//1616 2091//1616
f 2091//1617 2090//1617 2092//1617
f 2091//1618 2092//1618 2093//1618
f 2093//1619 2092//1619 2094//1619
f 2093//1620 2094//1620 2095//1620
f 2095//1621 2094//1621 2096//1621
f 2084//1609 2097//1609 2098//1609
f 2099//1622 2100//1622 2101//1622
f 2101//1623 2100//1623 2102//1623
f 2101//1623 2102//1623 2103//1623
f 2103//1624 2102//1624 2104//1624
f 2103//1624 2104//1624 2105//1624
f 2105//1625 2104//1625 2106//1625
f 2105//1625 2106//1625 2107//1625
f 2107//1626 2106//1626 2108//1626
f 2107//1626 2108//1626 2109//1626
f 2109//1627 2108//1627 2110//1627
f 2109//1627 2110//1627 2111//1627
f 2112//1628 2113//1628 2114//1628
f 2112//1628 2114//1628 2115//1628
f 2116//1629 2117//1629 2118//1629
f 2118//1629 2117//1629 2119//1629
f 2118//1630 2119//1630 2120//1630
f 2117//1631 2116//1631 2121//1631
f 2121//1631 2116//1631 2122//1631
f 2121//1632 2122//1632 2123//1632
f 2123//1632 2122//1632 2124//1632
f 2123//1633 2124//1633 2125//1633
f 2125//1633 2124//1633 2126//1633
f 2125//1634 2126//1634 2127//1634
f 2127//1634 2126//1634 2128//1634
f 2127//1635 2128//1635 2129//1635
f 2130//1636 2131//1636 2132//1636
f 2133//1637 2134//1637 2135//1637
f 2135//1637 2134//1637 2136//1637
f 2135//1638 2136//1638 2137//1638
f 2133//1639 2135//1639 2138//1639
f 2138//1640 2135//1640 2139//1640
f 2138//1641 2139//1641 2140//1641
f 2140//1642 2139//1642 2141//1642
f 2140//1643 2141//1643 2142//1643
f 2142//1644 2141//1644 2143//1644
f 2142//1645 2143//1645 2144//1645
f 2144//1646 2143//1646 2145//1646
f 2144//1647 2145//1647 2146//1647
f 2146//1648 2145//1648 2147//1648
f 2146//1649 2147//1649 2148//1649
f 2148//1650 2147//1650 2149//1650
f 2139//1640 2135//1640 2137//1640
f 2150//1651 2151//1651 2152//1651
f 2153//1652 2150//1652 2154//1652
f 2154//1652 2150//1652 2152//1652
f 2154//1653 2152//1653 2155//1653
f 2156//1654 2153//1654 2157//1654
f 2157//1654 2153//1654 2154//1654
f 2157//1655 2154//1655 2158//1655
f 2158//1655 2154//1655 2155//1655
f 2158//1656 2155//1656 2159//1656
f 2160//1657 2156//1657 2161//1657
f 2161//1657 2156//1657 2157//1657
f 2161//1658 2157//1658 2162//1658
f 2162//1658 2157//1658 2158//1658
f 2162//1659 2158//1659 2163//1659
f 2163//1659 2158//1659 2159//1659
f 2163//1660 2159//1660 2164//1660
f 2165//1661 2160//1661 2166//1661
f 2166//1661 2160//1661 2161//1661
f 2166//1662 2161//1662 2167//1662
f 2167//1662 2161//1662 2162//1662
f 2167//1663 2162//1663 2168//1663
f 2168//1663 2162//1663 2163//1663
f 2168//1664 2163//1664 2169//1664
f 2169//1664 2163//1664 2164//1664
f 2170//1665 2171//1665 2172//1665
f 2172//1666 2171//1666 2173//1666
f 2174//1667 2175//1667 2176//1667
f 2176//1668 2175//1668 2177//1668
f 2178//1669 2179//1669 2180//1669
f 2181//1670 2170//1670 2182//1670
f 2182//1671 2170//1671 2172//1671
f 2183//1672 2174//1672 2184//1672
f 2184//1673 2174//1673 2176//1673
f 2185//1674 2178//1674 2186//1674
f 2186//1675 2178//1675 2180//1675
f 2187//1676 2181//1676 2188//1676
f 2188//1677 2181//1677 2182//1677
f 2189//1678 2183//1678 2190//1678
f 2190//1679 2183//1679 2184//1679
f 2191//1680 2192//1680 2186//1680
f 2186//1680 2192//1680 2185//1680
f 2192//1681 2193//1681 2185//1681
f 2194//1682 2187//1682 2195//1682
f 2195//1683 2187//1683 2188//1683
f 2196//1684 2189//1684 2197//1684
f 2197//1685 2189//1685 2190//1685
f 2198//1686 2199//1686 2200//1686
f 2201//1687 2194//1687 2202//1687
f 2202//1688 2194//1688 2195//1688
f 2203//1689 2196//1689 2204//1689
f 2204//1690 2196//1690 2197//1690
f 2193//1691 2205//1691 2206//1691
f 2206//1692 2205//1692 2207//1692
f 2206//1693 2207//1693 2208//1693
f 2208//1694 2207//1694 2209//1694
f 2208//1695 2209//1695 2210//1695
f 2211//1696 2201//1696 2212//1696
f 2212//1697 2201//1697 2202//1697
f 2213//1698 2203//1698 2214//1698
f 2214//1699 2203//1699 2204//1699
f 2215//1700 2211//1700 2216//1700
f 2216//1701 2211//1701 2212//1701
f 2217//1702 2213//1702 2214//1702
f 2218//1703 2219//1703 2220//1703
f 2220//1704 2219//1704 2221//1704
f 2220//1705 2221//1705 2222//1705
f 2222//1705 2221//1705 2223//1705
f 2224//1706 2218//1706 2225//1706
f 2225//1707 2218//1707 2220//1707
f 2225//1708 2220//1708 2226//1708
f 2226//1708 2220//1708 2222//1708
f 2227//1709 2224//1709 2228//1709
f 2228//1710 2224//1710 2225//1710
f 2228//1711 2225//1711 2229//1711
f 2229//1711 2225//1711 2226//1711
f 2230//1712 2227//1712 2231//1712
f 2231//1713 2227//1713 2228//1713
f 2231//1714 2228//1714 2232//1714
f 2232//1714 2228//1714 2229//1714
f 2233//1715 2230//1715 2234//1715
f 2234//1716 2230//1716 2231//1716
f 2234//1717 2231//1717 2235//1717
f 2235//1717 2231//1717 2232//1717
f 2236//1718 2237//1718 2238//1718
f 2238//1719 2233//1719 2239//1719
f 2239//1720 2233//1720 2234//1720
f 2239//1721 2234//1721 2240//1721
f 2240//1721 2234//1721 2235//1721
f 2241//1722 2236//1722 2239//1722
f 2239//1723 2236//1723 2238//1723
f 2241//1722 2239//1722 2240//1722
f 2242//1724 2243//1724 2244//1724
f 2244//1725 2243//1725 2245//1725
f 2245//1726 2243//1726 2246//1726
f 2247//1727 2248//1727 2249//1727
f 2249//1728 2248//1728 2250//1728
f 2249//1729 2250//1729 2251//1729
f 2252//1730 2243//1730 2253//1730
f 2253//1731 2243//1731 2254//1731
f 2253//1732 2254//1732 2255//1732
f 2255//1733 2254//1733 2256//1733
f 2255//1734 2256//1734 2257//1734
f 2257//1735 2256//1735 2258//1735
f 2257//1736 2258//1736 2259//1736
f 2259//1737 2258//1737 2260//1737
f 2259//1738 2260//1738 2261//1738
f 2261//1739 2260//1739 2262//1739
f 2261//1740 2262//1740 2263//1740
f 2263//1741 2262//1741 2264//1741
f 2263//1742 2264//1742 2265//1742
f 2263//1743 2265//1743 2266//1743
f 2266//1744 2265//1744 2267//1744
f 2266//1745 2267//1745 2268//1745
f 2266//1746 2268//1746 2269//1746
f 2269//1747 2268//1747 2270//1747
f 2269//1748 2270//1748 2271//1748
f 2271//1749 2272//1749 2269//1749
f 2269//1750 2272//1750 2273//1750
f 2273//1751 2272//1751 2274//1751
f 2273//1752 2274//1752 2275//1752
f 2273//1753 2275//1753 2276//1753
f 2276//1754 2275//1754 2277//1754
f 2276//1755 2277//1755 2278//1755
f 2276//1756 2278//1756 2279//1756
f 2279//1757 2278//1757 2280//1757
f 2279//1758 2280//1758 2281//1758
f 2279//1759 2281//1759 2282//1759
f 2282//1760 2281//1760 2283//1760
f 2282//1761 2283//1761 2284//1761
f 2284//1762 2283//1762 2285//1762
f 2284//1763 2285//1763 2286//1763
f 2286//1764 2285//1764 2287//1764
f 2286//1765 2287//1765 2288//1765
f 2288//1766 2287//1766 2289//1766
f 2288//1767 2289//1767 2290//1767
f 2290//1768 2289//1768 2291//1768
f 2290//1769 2291//1769 2292//1769
f 2292//1770 2291//1770 2293//1770
f 2292//1771 2293//1771 2294//1771
f 2294//1772 2293//1772 2295//1772
f 2294//1773 2295//1773 2296//1773
f 2296//1774 2295//1774 2297//1774
f 2296//1775 2297//1775 2298//1775
f 2298//1776 2297//1776 2299//1776
f 2298//1777 2299//1777 2300//1777
f 2298//1778 2300//1778 2301//1778
f 2301//1779 2300//1779 2302//1779
f 2301//1780 2302//1780 2303//1780
f 2301//1781 2303//1781 2304//1781
f 2304//1782 2303//1782 2305//1782
f 2304//1783 2305//1783 2306//1783
f 2304//1784 2306//1784 2307//1784
f 2307//1785 2306//1785 2308//1785
f 2307//1786 2308//1786 2309//1786
f 2309//1787 2310//1787 2307//1787
f 2307//1788 2310//1788 2311//1788
f 2311//1789 2310//1789 2312//1789
f 2311//1790 2312//1790 2313//1790
f 2311//1791 2313//1791 2314//1791
f 2314//1792 2313//1792 2315//1792
f 2314//1793 2315//1793 2316//1793
f 2314//1794 2316//1794 2317//1794
f 2317//1795 2316//1795 2318//1795
f 2317//1796 2318//1796 2319//1796
f 2319//1797 2318//1797 2320//1797
f 2319//1798 2320//1798 2321//1798
f 2321//1799 2320//1799 2322//1799
f 2321//1800 2322//1800 2323//1800
f 2323//1801 2322//1801 2324//1801
f 2323//1802 2324//1802 2325//1802
f 2326//1803 2327//1803 2328//1803
f 2328//1804 2327//1804 2329//1804
f 2328//1805 2329//1805 2330//1805
f 2330//1806 2329//1806 2331//1806
f 2330//1807 2331//1807 2332//1807
f 2332//1808 2331//1808 2333//1808
f 2332//1809 2333//1809 2334//1809
f 2334//1810 2333//1810 2335//1810
f 2334//1811 2335//1811 2336//1811
f 2336//1812 2335//1812 2337//1812
f 2336//1813 2337//1813 2338//1813
f 2336//1814 2338//1814 2339//1814
f 2339//1815 2338//1815 2340//1815
f 2339//1816 2340//1816 2341//1816
f 2339//1817 2341//1817 2342//1817
f 2342//1818 2341//1818 2343//1818
f 2342//1819 2343//1819 2344//1819
f 2342//1820 2344//1820 2345//1820
f 2345//1821 2344//1821 2346//1821
f 2345//1822 2346//1822 2347//1822
f 2345//1823 2347//1823 2348//1823
f 2348//1824 2347//1824 2349//1824
f 2348//1825 2349//1825 2350//1825
f 2348//1826 2350//1826 2351//1826
f 2351//1827 2350//1827 2352//1827
f 2351//1828 2352//1828 2353//1828
f 2351//1829 2353//1829 2354//1829
f 2354//1830 2353//1830 2355//1830
f 2354//1831 2355//1831 2356//1831
f 2356//1832 2355//1832 2357//1832
f 2356//1833 2357//1833 2358//1833
f 2358//1834 2357//1834 2359//1834
f 2358//1835 2359//1835 2360//1835
f 2360//1836 2359//1836 2361//1836
f 2360//1837 2361//1837 2362//1837
f 2362//1838 2363//1838 2364//1838
f 2364//1839 2363//1839 2365//1839
f 2364//1840 2365//1840 2366//1840
f 2366//1841 2365//1841 2367//1841
f 2366//1842 2367//1842 2368//1842
f 2368//1843 2367//1843 2369//1843
f 2368//1844 2369//1844 2370//1844
f 2370//1845 2369//1845 2371//1845
f 2370//1846 2371//1846 2372//1846
f 2372//1847 2371//1847 2373//1847
f 2372//1848 2373//1848 2374//1848
f 2372//1849 2374//1849 2375//1849
f 2375//1850 2374//1850 2376//1850
f 2375//1851 2376//1851 2377//1851
f 2375//1852 2377//1852 2378//1852
f 2378//1853 2377//1853 2379//1853
f 2378//1854 2379//1854 2380//1854
f 2378//1855 2380//1855 2381//1855
f 2381//1856 2380//1856 2382//1856
f 2381//1857 2382//1857 2383//1857
f 2381//1858 2383//1858 2384//1858
f 2384//1859 2383//1859 2385//1859
f 2384//1860 2385//1860 2386//1860
f 2384//1861 2386//1861 2387//1861
f 2387//1862 2386//1862 2388//1862
f 2387//1863 2388//1863 2389//1863
f 2387//1864 2389//1864 2390//1864
f 2390//1865 2389//1865 2391//1865
f 2390//1866 2391//1866 2392//1866
f 2392//1867 2391//1867 2393//1867
f 2392//1868 2393//1868 2394//1868
f 2394//1869 2393//1869 2395//1869
f 2394//1870 2395//1870 2396//1870
f 2396//1871 2395//1871 2397//1871
f 2396//1872 2397//1872 2398//1872
f 2399//1873 2400//1873 2401//1873
f 2401//1873 2400//1873 2402//1873
f 2401//1873 2402//1873 2403//1873
f 2403//1873 2402//1873 2404//1873
f 2403//1873 2404//1873 2405//1873
f 2405//1873 2404//1873 2406//1873
f 2405//1873 2406//1873 2407//1873
f 2407//1873 2406//1873 2408//1873
f 2407//1873 2408//1873 2409//1873
f 2409//1873 2408//1873 2410//1873
f 2409//1873 2410//1873 2411//1873
f 2411//1873 2410//1873 2412//1873
f 2411//1873 2412//1873 2413//1873
f 2413//1873 2412//1873 2414//1873
f 2413//1873 2414//1873 2415//1873
f 2400//1873 2399//1873 2416//1873
f 2416//1873 2399//1873 2417//1873
f 2416//1873 2417//1873 2418//1873
f 2418//1873 2417//1873 2419//1873
f 2418//1873 2419//1873 2420//1873
f 2420//1873 2419//1873 2421//1873
f 2420//1873 2421//1873 2422//1873
f 2422//1873 2421//1873 2423//1873
f 2422//1873 2423//1873 2424//1873
f 2424//1873 2423//1873 2425//1873
f 2424//1873 2425//1873 2426//1873
f 2426//1873 2425//1873 2427//1873
f 2428//1874 2429//1874 2430//1874
f 2430//1874 2429//1874 2431//1874
f 2430//1874 2431//1874 2432//1874
f 2432//1874 2431//1874 2433//1874
f 2432//1874 2433//1874 2434//1874
f 2434//1874 2433//1874 2435//1874
f 2434//1874 2435//1874 2436//1874
f 2436//1874 2435//1874 2437//1874
f 2436//1874 2437//1874 2438//1874
f 2438//1874 2437//1874 2439//1874
f 2438//1874 2439//1874 2440//1874
f 2440//1874 2439//1874 2441//1874
f 2440//1874 2441//1874 2442//1874
f 2442//1874 2441//1874 2443//1874
f 2442//1874 2443//1874 2444//1874
f 2444//1874 2443//1874 2445//1874
f 2429//1874 2428//1874 2446//1874
f 2446//1874 2428//1874 2447//1874
f 2446//1874 2447//1874 2448//1874
f 2448//1874 2447//1874 2449//1874
f 2448//1874 2449//1874 2450//1874
f 2450//1874 2449//1874 2451//1874
f 2450//1874 2451//1874 2452//1874
f 2452//1874 2451//1874 2453//1874
f 2452//1874 2453//1874 2454//1874
f 2454//1874 2453//1874 2455//1874
f 2454//1874 2455//1874 2456//1874
f 2456//1874 2455//1874 2457//1874
f 2458//1875 2459//1875 2460//1875
f 2460//1876 2459//1876 2461//1876
f 2460//1875 2461//1875 2462//1875
f 2462//1877 2461//1877 2463//1877
f 2462//1878 2463//1878 2464//1878
f 2464//1879 2463//1879 2465//1879
f 2464//1880 2465//1880 2466//1880
f 2466//1881 2465//1881 2467//1881
f 2466//1882 2467//1882 2468//1882
f 2468//1883 2467//1883 2469//1883
f 2468//1884 2469//1884 2470//1884
f 2470//1885 2469//1885 2471//1885
f 2470//1886 2471//1886 2472//1886
f 2472//1887 2471//1887 2473//1887
f 2473//1888 2471//1888 2474//1888
f 2473//1889 2474//1889 2475//1889
f 2475//1890 2474//1890 2476//1890
f 2476//1891 2474//1891 2477//1891
f 2476//1892 2477//1892 2478//1892
f 2478//1893 2477//1893 2479//1893
f 2479//1894 2477//1894 2480//1894
f 2480//1895 2477//1895 2481//1895
f 2480//1896 2481//1896 2482//1896
f 2482//1897 2481//1897 2483//1897
f 2483//1898 2481//1898 2484//1898
f 2483//1899 2484//1899 2485//1899
f 2485//1900 2484//1900 2486//1900
f 2486//1901 2484//1901 2487//1901
f 2486//1902 2487//1902 2488//1902
f 2488//1903 2487//1903 2489//1903
f 2489//1904 2487//1904 2490//1904
f 2489//1905 2490//1905 2491//1905
f 2491//1906 2490//1906 2492//1906
f 2491//1907 2492//1907 2493//1907
f 2493//1908 2492//1908 2494//1908
f 2493//1909 2494//1909 2495//1909
f 2495//1910 2494//1910 2496//1910
f 2495//1911 2496//1911 2497//1911
f 2497//1912 2496//1912 2498//1912
f 2497//1913 2498//1913 2499//1913
f 2499//1914 2498//1914 2500//1914
f 2499//1914 2500//1914 2501//1914
f 2501//1915 2500//1915 2502//1915
f 2502//1915 2500//1915 2503//1915
f 2502//1916 2503//1916 2504//1916
f 2504//1916 2503//1916 2505//1916
f 2504//1917 2505//1917 2506//1917
f 2506//1917 2505//1917 2507//1917
f 2506//1918 2507//1918 2508//1918
f 2508//1918 2507//1918 2509//1918
f 2508//1919 2509//1919 2510//1919
f 2510//1919 2509//1919 2511//1919
f 2510//1920 2511//1920 2512//1920
f 2512//1920 2511//1920 2513//1920
f 2512//1921 2513//1921 2514//1921
f 2514//1921 2513//1921 2515//1921
f 2514//1922 2515//1922 2516//1922
f 2516//1922 2515//1922 2517//1922
f 2516//1923 2517//1923 2518//1923
f 2518//1923 2517//1923 2519//1923
f 2518//1924 2519//1924 2520//1924
f 2520//1924 2519//1924 2521//1924
f 2520//1925 2521//1925 2522//1925
f 2522//1925 2521//1925 2523//1925
f 2522//1926 2523//1926 2524//1926
f 2524//1926 2523//1926 2525//1926
f 2524//1927 2525//1927 2526//1927
f 2526//1927 2525//1927 2527//1927
f 2526//1928 2527//1928 2528//1928
f 2528//1927 2527//1927 2529//1927
f 2529//1927 2527//1927 2525//1927
f 2529//1926 2525//1926 2530//1926
f 2530//1926 2525//1926 2523//1926
f 2530//1925 2523//1925 2531//1925
f 2531//1925 2523//1925 2521//1925
f 2531//1924 2521//1924 2532//1924
f 2532//1924 2521//1924 2519//1924
f 2532//1923 2519//1923 2533//1923
f 2533//1923 2519//1923 2517//1923
f 2533//1922 2517//1922 2534//1922
f 2534//1922 2517//1922 2515//1922
f 2534//1921 2515//1921 2535//1921
f 2535//1921 2515//1921 2513//1921
f 2535//1920 2513//1920 2536//1920
f 2536//1920 2513//1920 2511//1920
f 2536//1919 2511//1919 2537//1919
f 2537//1919 2511//1919 2538//1919
f 2537//1918 2538//1918 2539//1918
f 2539//1918 2538//1918 2540//1918
f 2539//1917 2540//1917 2541//1917
f 2541//1917 2540//1917 2542//1917
f 2541//1916 2542//1916 2543//1916
f 2543//1916 2542//1916 2544//1916
f 2543//1915 2544//1915 2545//1915
f 2545//1915 2544//1915 2546//1915
f 2545//1914 2546//1914 2547//1914
f 2526//1929 2548//1929 2549//1929
f 2549//1930 2548//1930 2550//1930
f 2549//1931 2550//1931 2551//1931
f 2551//1932 2550//1932 2552//1932
f 2551//1933 2552//1933 2553//1933
f 2553//1934 2552//1934 2554//1934
f 2553//1935 2554//1935 2555//1935
f 2555//1936 2554//1936 2556//1936
f 2555//1937 2556//1937 2557//1937
f 2557//1938 2556//1938 2558//1938
f 2557//1939 2558//1939 2559//1939
f 2557//1940 2559//1940 2560//1940
f 2560//1941 2559//1941 2561//1941
f 2560//1942 2561//1942 2562//1942
f 2560//1943 2562//1943 2563//1943
f 2563//1944 2562//1944 2564//1944
f 2563//1945 2564//1945 2565//1945
f 2565//1946 2566//1946 2563//1946
f 2563//1947 2566//1947 2567//1947
f 2567//1948 2566//1948 2568//1948
f 2567//1949 2568//1949 2569//1949
f 2567//1950 2569//1950 2570//1950
f 2570//1951 2569//1951 2571//1951
f 2570//1952 2571//1952 2572//1952
f 2570//1953 2572//1953 2573//1953
f 2573//1954 2572//1954 2574//1954
f 2573//1955 2574//1955 2575//1955
f 2573//1956 2575//1956 2576//1956
f 2576//1957 2575//1957 2577//1957
f 2576//1958 2577//1958 2578//1958
f 2578//1959 2577//1959 2579//1959
f 2578//1960 2579//1960 2580//1960
f 2580//1961 2579//1961 2581//1961
f 2580//1962 2581//1962 2582//1962
f 2582//1963 2581//1963 2583//1963
f 2582//1964 2583//1964 2584//1964
f 2584//1965 2583//1965 2585//1965
f 2584//1966 2585//1966 2586//1966
f 2587//1967 2588//1967 2589//1967
f 2589//1967 2588//1967 2590//1967
f 2589//1967 2590//1967 2591//1967
f 2591//1967 2590//1967 2592//1967
f 2591//1967 2592//1967 2593//1967
f 2593//1967 2592//1967 2594//1967
f 2593//1967 2594//1967 2595//1967
f 2595//1967 2594//1967 2596//1967
f 2595//1967 2596//1967 2597//1967
f 2597//1967 2596//1967 2598//1967
f 2597//1967 2598//1967 2599//1967
f 2599//1967 2598//1967 2600//1967
f 2599//1967 2600//1967 2601//1967
f 2601//1967 2600//1967 2602//1967
f 2601//1967 2602//1967 2603//1967
f 2603//1967 2602//1967 2604//1967
f 2603//1967 2604//1967 2605//1967
f 2605//1967 2604//1967 2606//1967
f 2605//1967 2606//1967 2607//1967
f 2607//1967 2606//1967 2608//1967
f 2607//1967 2608//1967 2609//1967
f 2609//1967 2608//1967 2610//1967
f 2609//1967 2610//1967 2611//1967
f 2611//1967 2610//1967 2612//1967
f 2611//1967 2612//1967 2613//1967
f 2588//1967 2587//1967 2614//1967
f 2614//1967 2615//1967 2616//1967
f 2614//1967 2616//1967 2617//1967
f 2617//1967 2616//1967 2618//1967
f 2617//1967 2618//1967 2619//1967
f 2619//1967 2618//1967 2620//1967
f 2619//1967 2620//1967 2621//1967
f 2621//1967 2620//1967 2622//1967
f 2621//1967 2622//1967 2623//1967
f 2623//1967 2622//1967 2624//1967
f 2623//1967 2624//1967 2625//1967
f 2625//1967 2624//1967 2626//1967
f 2625//1967 2626//1967 2627//1967
f 2627//1967 2626//1967 2628//1967
f 2627//1967 2628//1967 2629//1967
f 2629//1967 2628//1967 2630//1967
f 2629//1967 2630//1967 2631//1967
f 2631//1967 2630//1967 2632//1967
f 2631//1967 2632//1967 2633//1967
f 2633//1967 2632//1967 2634//1967
f 2633//1967 2634//1967 2635//1967
f 2635//1967 2634//1967 2636//1967
