g 0
v 0.0198137 0.0287228 -0.00272333
v 0.0198137 -0.0287228 -0.00272333
v 0.02 0.0287228 2.44929e-18
v 0.02 -0.0287228 -2.44929e-18
v 0.0198137 0.0287228 0.00272333
v 0.0198137 -0.0287228 0.00272333
v 0.0192583 0.0287228 0.00539594
v 0.0192583 -0.0287228 0.00539594
v 0.0183442 0.0287228 0.00796802
v 0.0183442 -0.0287228 0.00796802
v 0.0170884 0.0287228 0.0103917
v 0.0170884 -0.0287228 0.0103917
v 0.0155142 0.0287228 0.0126218
v 0.0155142 -0.0287228 0.0126218
v 0.0136511 0.0287228 0.0146167
v 0.0136511 -0.0287228 0.0146167
v 0.0115336 0.0287228 0.0163394
v 0.0115336 -0.0287228 0.0163394
v 0.0092013 0.0287228 0.0177577
v 0.0092013 -0.0287228 0.0177577
v 0.00669759 0.0287228 0.0188452
v 0.00669759 -0.0287228 0.0188452
v 0.00406912 0.0287228 0.0195817
v 0.00406912 -0.0287228 0.0195817
v 0.00136485 0.0287228 0.0199534
v 0.00136485 -0.0287228 0.0199534
v -0.00136485 0.0287228 0.0199534
v -0.00136485 -0.0287228 0.0199534
v -0.00406912 0.0287228 0.0195817
v -0.00406912 -0.0287228 0.0195817
v -0.00669759 0.0287228 0.0188452
v -0.00669759 -0.0287228 0.0188452
v -0.0092013 0.0287228 0.0177577
v -0.0092013 -0.0287228 0.0177577
v -0.0115336 0.0287228 0.0163394
v -0.0115336 -0.0287228 0.0163394
v -0.0136511 0.0287228 0.0146167
v -0.0136511 -0.0287228 0.0146167
v -0.0155142 0.0287228 0.0126218
v -0.0155142 -0.0287228 0.0126218
v -0.0170884 0.0287228 0.0103917
v -0.0170884 -0.0287228 0.0103917
v -0.0183442 0.0287228 0.00796802
v -0.0183442 -0.0287228 0.00796802
v -0.0192583 0.0287228 0.00539594
v -0.0192583 -0.0287228 0.00539594
v -0.0198137 0.0287228 0.00272333
v -0.0198137 -0.0287228 0.00272333
v -0.02 0.0287228 0
v -0.02 -0.0287228 0
v -0.0198137 0.0287228 -0.00272333
v -0.0198137 -0.0287228 -0.00272333
v -0.0192583 0.0287228 -0.00539594
v -0.0192583 -0.0287228 -0.00539594
v -0.0183442 0.0287228 -0.00796802
v -0.0183442 -0.0287228 -0.00796802
v -0.0170884 0.0287228 -0.0103917
v -0.0170884 -0.0287228 -0.0103917
v -0.0155142 0.0287228 -0.0126218
v -0.0155142 -0.0287228 -0.0126218
v -0.0136511 0.0287228 -0.0146167
v -0.0136511 -0.0287228 -0.0146167
v -0.0115336 0.0287228 -0.0163394
v -0.0115336 -0.0287228 -0.0163394
v -0.0092013 0.0287228 -0.0177577
v -0.0092013 -0.0287228 -0.0177577
v -0.00669759 0.0287228 -0.0188452
v -0.00669759 -0.0287228 -0.0188452
v -0.00406912 0.0287228 -0.0195817
v -0.00406912 -0.0287228 -0.0195817
v -0.00136485 0.0287228 -0.0199534
v -0.00136485 -0.0287228 -0.0199534
v 0.00136485 0.0287228 -0.0199534
v 0.00136485 -0.0287228 -0.0199534
v 0.00406912 0.0287228 -0.0195817
v 0.00406912 -0.0287228 -0.0195817
v 0.00669759 0.0287228 -0.0188452
v 0.00669759 -0.0287228 -0.0188452
v 0.0092013 0.0287228 -0.0177577
v 0.0092013 -0.0287228 -0.0177577
v 0.0115336 0.0287228 -0.0163394
v 0.0115336 -0.0287228 -0.0163394
v 0.0136511 0.0287228 -0.0146167
v 0.0136511 -0.0287228 -0.0146167
v 0.0155142 0.0287228 -0.0126218
v 0.0155142 -0.0287228 -0.0126218
v 0.0170884 0.0287228 -0.0103917
v 0.0170884 -0.0287228 -0.0103917
v 0.0183442 0.0287228 -0.00796802
v 0.0183442 -0.0287228 -0.00796802
v 0.0192583 0.0287228 -0.00539594
v 0.0192583 -0.0287228 -0.00539594
v 0.0198137 0.0287228 -0.00272333
v 0.0198137 -0.0287228 -0.00272333
v -0.0375 0.0148153 0.00234652
v -0.0316228 0.0148153 0.00234652
v -0.0375 0.015 0
v -0.0316228 0.015 0
v -0.0375 0.0148153 -0.00234652
v -0.0316228 0.0148153 -0.00234652
v -0.0375 0.0142658 -0.00463525
v -0.0316228 0.0142658 -0.00463525
v -0.0375 0.0133651 -0.00680986
v -0.0316228 0.0133651 -0.00680986
v -0.0375 0.0121353 -0.00881678
v -0.0316228 0.0121353 -0.00881678
v -0.0375 0.0106066 -0.0106066
v -0.0316228 0.0106066 -0.0106066
v -0.0375 0.00881678 -0.0121353
v -0.0316228 0.00881678 -0.0121353
v -0.0375 0.00680986 -0.0133651
v -0.0316228 0.00680986 -0.0133651
v -0.0375 0.00463525 -0.0142658
v -0.0316228 0.00463525 -0.0142658
v -0.0375 0.00234652 -0.0148153
v -0.0316228 0.00234652 -0.0148153
v -0.0375 -2.75546e-18 -0.015
v -0.0316228 9.18485e-19 -0.015
v -0.0375 -0.00234652 -0.0148153
v -0.0316228 -0.00234652 -0.0148153
v -0.0375 -0.00463525 -0.0142658
v -0.0316228 -0.00463525 -0.0142658
v -0.0375 -0.00680986 -0.0133651
v -0.0316228 -0.00680986 -0.0133651
v -0.0375 -0.00881678 -0.0121353
v -0.0316228 -0.00881678 -0.0121353
v -0.0375 -0.0106066 -0.0106066
v -0.0316228 -0.0106066 -0.0106066
v -0.0375 -0.0121353 -0.00881678
v -0.0316228 -0.0121353 -0.00881678
v -0.0375 -0.0133651 -0.00680986
v -0.0316228 -0.0133651 -0.00680986
v -0.0375 -0.0142658 -0.00463525
v -0.0316228 -0.0142658 -0.00463525
v -0.0375 -0.0148153 -0.00234652
v -0.0316228 -0.0148153 -0.00234652
v -0.0375 -0.015 1.83697e-18
v -0.0316228 -0.015 -1.83697e-18
v -0.0375 -0.0148153 0.00234652
v -0.0316228 -0.0148153 0.00234652
v -0.0375 -0.0142658 0.00463525
v -0.0316228 -0.0142658 0.00463525
v -0.0375 -0.0133651 0.00680986
v -0.0316228 -0.0133651 0.00680986
v -0.0375 -0.0121353 0.00881678
v -0.0316228 -0.0121353 0.00881678
v -0.0375 -0.0106066 0.0106066
v -0.0316228 -0.0106066 0.0106066
v -0.0375 -0.00881678 0.0121353
v -0.0316228 -0.00881678 0.0121353
v -0.0375 -0.00680986 0.0133651
v -0.0316228 -0.00680986 0.0133651
v -0.0375 -0.00463525 0.0142658
v -0.0316228 -0.00463525 0.0142658
v -0.0375 -0.00234652 0.0148153
v -0.0316228 -0.00234652 0.0148153
v -0.0375 9.18485e-19 0.015
v -0.0316228 9.18485e-19 0.015
v -0.0375 0.00234652 0.0148153
v -0.0316228 0.00234652 0.0148153
v -0.0375 0.00463525 0.0142658
v -0.0316228 0.00463525 0.0142658
v -0.0375 0.00680986 0.0133651
v -0.0316228 0.00680986 0.0133651
v -0.0375 0.00881678 0.0121353
v -0.0316228 0.00881678 0.0121353
v -0.0375 0.0106066 0.0106066
v -0.0316228 0.0106066 0.0106066
v -0.0375 0.0121353 0.00881678
v -0.0316228 0.0121353 0.00881678
v -0.0375 0.0133651 0.00680986
v -0.0316228 0.0133651 0.00680986
v -0.0375 0.0142658 0.00463525
v -0.0316228 0.0142658 0.00463525
v -0.0375 0.0148153 0.00234652
v -0.0316228 0.0148153 0.00234652
v 0.0375 0.0148153 -0.00234652
v 0.0316228 0.0148153 -0.00234652
v 0.0375 0.015 0
v 0.0316228 0.015 0
v 0.0375 0.0148153 0.00234652
v 0.0316228 0.0148153 0.00234652
v 0.0375 0.0142658 0.00463525
v 0.0316228 0.0142658 0.00463525
v 0.0375 0.0133651 0.00680986
v 0.0316228 0.0133651 0.00680986
v 0.0375 0.0121353 0.00881678
v 0.0316228 0.0121353 0.00881678
v 0.0375 0.0106066 0.0106066
v 0.0316228 0.0106066 0.0106066
v 0.0375 0.00881678 0.0121353
v 0.0316228 0.00881678 0.0121353
v 0.0375 0.00680986 0.0133651
v 0.0316228 0.00680986 0.0133651
v 0.0375 0.00463525 0.0142658
v 0.0316228 0.00463525 0.0142658
v 0.0375 0.00234652 0.0148153
v 0.0316228 0.00234652 0.0148153
v 0.0375 9.18485e-19 0.015
v 0.0316228 9.18485e-19 0.015
v 0.0375 -0.00234652 0.0148153
v 0.0316228 -0.00234652 0.0148153
v 0.0375 -0.00463525 0.0142658
v 0.0316228 -0.00463525 0.0142658
v 0.0375 -0.00680986 0.0133651
v 0.0316228 -0.00680986 0.0133651
v 0.0375 -0.00881678 0.0121353
v 0.0316228 -0.00881678 0.0121353
v 0.0375 -0.0106066 0.0106066
v 0.0316228 -0.0106066 0.0106066
v 0.0375 -0.0121353 0.00881678
v 0.0316228 -0.0121353 0.00881678
v 0.0375 -0.0133651 0.00680986
v 0.0316228 -0.0133651 0.00680986
v 0.0375 -0.0142658 0.00463525
v 0.0316228 -0.0142658 0.00463525
v 0.0375 -0.0148153 0.00234652
v 0.0316228 -0.0148153 0.00234652
v 0.0375 -0.015 1.83697e-18
v 0.0316228 -0.015 1.83697e-18
v 0.0375 -0.0148153 -0.00234652
v 0.0316228 -0.0148153 -0.00234652
v 0.0375 -0.0142658 -0.00463525
v 0.0316228 -0.0142658 -0.00463525
v 0.0375 -0.0133651 -0.00680986
v 0.0316228 -0.0133651 -0.00680986
v 0.0375 -0.0121353 -0.00881678
v 0.0316228 -0.0121353 -0.00881678
v 0.0375 -0.0106066 -0.0106066
v 0.0316228 -0.0106066 -0.0106066
v 0.0375 -0.00881678 -0.0121353
v 0.0316228 -0.00881678 -0.0121353
v 0.0375 -0.00680986 -0.0133651
v 0.0316228 -0.00680986 -0.0133651
v 0.0375 -0.00463525 -0.0142658
v 0.0316228 -0.00463525 -0.0142658
v 0.0375 -0.00234652 -0.0148153
v 0.0316228 -0.00234652 -0.0148153
v 0.0375 -2.75546e-18 -0.015
v 0.0316228 9.18485e-19 -0.015
v 0.0375 0.00234652 -0.0148153
v 0.0316228 0.00234652 -0.0148153
v 0.0375 0.00463525 -0.0142658
v 0.0316228 0.00463525 -0.0142658
v 0.0375 0.00680986 -0.0133651
v 0.0316228 0.00680986 -0.0133651
v 0.0375 0.00881678 -0.0121353
v 0.0316228 0.00881678 -0.0121353
v 0.0375 0.0106066 -0.0106066
v 0.0316228 0.0106066 -0.0106066
v 0.0375 0.0121353 -0.00881678
v 0.0316228 0.0121353 -0.00881678
v 0.0375 0.0133651 -0.00680986
v 0.0316228 0.0133651 -0.00680986
v 0.0375 0.0142658 -0.00463525
v 0.0316228 0.0142658 -0.00463525
v 0.0375 0.0148153 -0.00234652
v 0.0316228 0.0148153 -0.00234652
v -0.0375 0.015 0
v -0.0375 0.0148153 -0.00234652
v -0.0375 0.0148153 0.00234652
v -0.0375 0.0142658 0.00463525
v -0.0375 0.0142658 -0.00463525
v -0.0375 0.0133651 0.00680986
v -0.0375 0.0133651 -0.00680986
v -0.0375 0.0121353 0.00881678
v -0.0375 0.0121353 -0.00881678
v -0.0375 0.0106066 0.0106066
v -0.0375 0.0106066 -0.0106066
v -0.0375 0.00881678 0.0121353
v -0.0375 0.00881678 -0.0121353
v -0.0375 0.00680986 0.0133651
v -0.0375 0.00680986 -0.0133651
v -0.0375 0.00463525 0.0142658
v -0.0375 0.00463525 -0.0142658
v -0.0375 0.00234652 0.0148153
v -0.0375 0.00234652 -0.0148153
v -0.0375 9.18485e-19 0.015
v -0.0375 -2.75546e-18 -0.015
v -0.0375 -0.00234652 0.0148153
v -0.0375 -0.00234652 -0.0148153
v -0.0375 -0.00463525 0.0142658
v -0.0375 -0.00463525 -0.0142658
v -0.0375 -0.00680986 0.0133651
v -0.0375 -0.00680986 -0.0133651
v -0.0375 -0.00881678 0.0121353
v -0.0375 -0.00881678 -0.0121353
v -0.0375 -0.0106066 0.0106066
v -0.0375 -0.0106066 -0.0106066
v -0.0375 -0.0121353 0.00881678
v -0.0375 -0.0121353 -0.00881678
v -0.0375 -0.0133651 0.00680986
v -0.0375 -0.0133651 -0.00680986
v -0.0375 -0.0142658 0.00463525
v -0.0375 -0.0142658 -0.00463525
v -0.0375 -0.0148153 0.00234652
v -0.0375 -0.0148153 -0.00234652
v -0.0375 -0.015 1.83697e-18
v 0.0375 0.015 0
v 0.0375 0.0148153 0.00234652
v 0.0375 0.0148153 -0.00234652
v 0.0375 0.0142658 -0.00463525
v 0.0375 0.0142658 0.00463525
v 0.0375 0.0133651 -0.00680986
v 0.0375 0.0133651 0.00680986
v 0.0375 0.0121353 -0.00881678
v 0.0375 0.0121353 0.00881678
v 0.0375 0.0106066 -0.0106066
v 0.0375 0.0106066 0.0106066
v 0.0375 0.00881678 -0.0121353
v 0.0375 0.00881678 0.0121353
v 0.0375 0.00680986 -0.0133651
v 0.0375 0.00680986 0.0133651
v 0.0375 0.00463525 -0.0142658
v 0.0375 0.00463525 0.0142658
v 0.0375 0.00234652 -0.0148153
v 0.0375 0.00234652 0.0148153
v 0.0375 -2.75546e-18 -0.015
v 0.0375 9.18485e-19 0.015
v 0.0375 -0.00234652 -0.0148153
v 0.0375 -0.00234652 0.0148153
v 0.0375 -0.00463525 -0.0142658
v 0.0375 -0.00463525 0.0142658
v 0.0375 -0.00680986 -0.0133651
v 0.0375 -0.00680986 0.0133651
v 0.0375 -0.00881678 -0.0121353
v 0.0375 -0.00881678 0.0121353
v 0.0375 -0.0106066 -0.0106066
v 0.0375 -0.0106066 0.0106066
v 0.0375 -0.0121353 -0.00881678
v 0.0375 -0.0121353 0.00881678
v 0.0375 -0.0133651 -0.00680986
v 0.0375 -0.0133651 0.00680986
v 0.0375 -0.0142658 -0.00463525
v 0.0375 -0.0142658 0.00463525
v 0.0375 -0.0148153 -0.00234652
v 0.0375 -0.0148153 0.00234652
v 0.0375 -0.015 1.83697e-18
v 0.0198137 0.0287228 0.00272333
v 0.022392 0.0268413 0.00177272
v 0.02 0.0287228 2.44929e-18
v 0.022392 0.0268413 -0.00177272
v 0.0200548 0.0286298 -0.00177272
v 0.0198137 0.0287228 -0.00272333
v 0.0192583 0.0287228 0.00539594
v 0.0193132 0.0287038 0.00529997
v 0.0221622 0.0265659 0.00529997
v 0.0250332 0.0243967 0.00177272
v 0.0250332 0.0243967 -0.00177272
v 0.027409 0.0216935 -0.00177272
v 0.0271277 0.0214708 -0.00529997
v 0.0291916 0.0185678 -0.00529997
v 0.0285894 0.0181847 -0.00877284
v 0.0303076 0.0151487 -0.00877284
v 0.0293583 0.0146742 -0.0121557
v 0.0316228 0.0121353 -0.00881678
v 0.0307115 0.0115778 -0.0121557
v 0.0316228 0.0106066 -0.0106066
v 0.0316228 0.00881678 -0.0121353
v 0.0189148 0.0281117 0.00877284
v 0.0183442 0.0287228 0.00796802
v 0.0170884 0.0287228 0.0103917
v 0.0183223 0.0272311 0.0121557
v 0.0155142 0.0287228 0.0126218
v 0.0175418 0.0260711 0.0154138
v 0.0147682 0.0277366 0.0154138
v 0.0139595 0.0262178 0.0185137
v 0.0115336 0.0287228 0.0163394
v 0.0111898 0.0275142 0.0185137
v 0.0092013 0.0287228 0.0177577
v 0.00830144 0.0285189 0.0185137
v 0.00669759 0.0287228 0.0188452
v 0.00773537 0.0265742 0.0214237
v 0.00496198 0.0272287 0.0214237
v 0.00454795 0.0249567 0.0241138
v 0.00195777 0.0252921 0.0241138
v 0.00175945 0.02273 0.0265565
v -0.000587002 0.0227905 0.0265565
v -0.000514814 0.0199878 0.0287267
v -0.00256725 0.0198289 0.0287267
v -0.00218092 0.016845 0.0306021
v -0.00390138 0.0165314 0.0306021
v -0.00317025 0.0134334 0.0321635
v -0.00453469 0.0130363 0.0321635
v -0.00344237 0.00989608 0.0333949
v -0.00444165 0.00948969 0.0333949
v -0.00298667 0.00638108 0.0342835
v -0.00362695 0.00604017 0.0342835
v -0.00182283 0.00303566 0.0348204
v -0.00212529 0.00283214 0.0348204
v -2.14313e-18 2.62458e-34 0.035
v 0.0155142 0.0287228 0.0126218
v 0.0136511 0.0287228 0.0146167
v 0.0147682 0.0277366 0.0154138
v 0.00406912 0.0287228 0.0195817
v 0.002136 0.0275946 0.0214237
v -0.000653167 0.0253593 0.0241138
v -0.00292723 0.0226093 0.0265565
v -0.00459247 0.0194598 0.0287267
v -0.00558048 0.0160427 0.0306021
v -0.00585106 0.0125009 0.0321635
v -0.00539385 0.00898269 0.0333949
v -0.00422878 0.00563523 0.0342835
v -0.00240523 0.00259861 0.0348204
v 0.00136485 0.0287228 0.0199534
v -0.000712629 0.027668 0.0214237
v -0.00325718 0.0251578 0.0241138
v -0.00523643 0.0221885 0.0265565
v -0.006569 0.0188845 0.0287267
v -0.00720043 0.0153839 0.0306021
v -0.0071054 0.011833 0.0321635
v -0.00628887 0.00838048 0.0333949
v -0.00478578 0.00517055 0.0342835
v -0.00265968 0.00233753 0.0348204
v -0.00136485 0.0287228 0.0199534
v -0.0035537 0.0274481 0.0214237
v -0.00582666 0.0246895 0.0241138
v -0.00749012 0.0215325 0.0265565
v -0.00847591 0.018109 0.0287267
v -0.00874405 0.014562 0.0306021
v -0.00828443 0.0110397 0.0321635
v -0.00711723 0.00768944 0.0333949
v -0.00529206 0.00465107 0.0342835
v -0.00288593 0.00205167 0.0348204
v -2.14313e-18 2.62458e-34 0.035
v -0.00406912 0.0287228 0.0195817
v -0.0063571 0.0269372 0.0214237
v -0.00833438 0.0239596 0.0241138
v -0.00966442 0.0206482 0.0265565
v -0.010293 0.0171415 0.0287267
v -0.010195 0.0135857 0.0306021
v -0.00937564 0.0101294 0.0321635
v -0.00787014 0.00691688 0.0333949
v -0.00574224 0.00408228 0.0342835
v -0.00308159 0.00174406 0.0348204
v -0.00669759 0.0287228 0.0188452
v -0.00909312 0.0261408 0.0214237
v -0.0107538 0.0229756 0.0241138
v -0.0117363 0.0195451 0.0265565
v -0.0120009 0.0159923 0.0287267
v -0.0115378 0.0124655 0.0306021
v -0.0103675 0.00911172 0.0321635
v -0.00853963 0.00607101 0.0333949
v -0.00613155 0.00347022 0.0342835
v -0.00324458 0.00141796 0.0348204
v -0.00975855 0.0280537 0.0185137
v -0.0092013 0.0287228 0.0177577
v -0.0115336 0.0287228 0.0163394
v -0.0136511 0.0287228 0.0146167
v -0.0133207 0.02846 0.0154138
v -0.0125913 0.0269017 0.0185137
v -0.0117327 0.0250673 0.0214237
v -0.0161764 0.0269395 0.0154138
v -0.0155142 0.0287228 0.0126218
v -0.0168962 0.0281382 0.0121557
v -0.0170884 0.0287228 0.0103917
v -0.0196998 0.0262518 0.0121557
v -0.0203369 0.0271007 0.00877284
v -0.0222946 0.0240871 0.0121557
v -0.0230156 0.024866 0.00877284
v -0.0246531 0.0216671 0.0121557
v -0.0254504 0.0223677 0.00877284
v -0.0267503 0.0190174 0.0121557
v -0.0276154 0.0196324 0.00877284
v -0.0285639 0.0161661 0.0121557
v -0.0294876 0.0166889 0.00877284
v -0.0300747 0.0131434 0.0121557
v -0.0310473 0.0135685 0.00877284
v -0.0316228 0.0121353 0.00881678
v -0.0316228 0.0133651 0.00680986
v -0.0301087 0.0170404 0.00529997
v -0.028197 0.0200459 0.00529997
v -0.0284894 0.0202537 0.00177272
v -0.0262559 0.0230757 0.00177272
v -0.0262559 0.0230757 -0.00177272
v -0.0237441 0.025653 -0.00177272
v -0.0235004 0.0253898 -0.00529997
v -0.0207652 0.0276716 -0.00529997
v -0.0203369 0.0271007 -0.00877284
v -0.0183442 0.0287228 -0.00796802
v -0.0170884 0.0287228 -0.0103917
v -0.0183442 0.0287228 0.00796802
v -0.0192583 0.0287228 0.00539594
v -0.0207652 0.0276716 0.00529997
v -0.0198137 0.0287228 0.00272333
v -0.0209805 0.0279584 0.00177272
v -0.02 0.0287228 0
v -0.0209805 0.0279584 -0.00177272
v -0.0198137 0.0287228 -0.00272333
v -0.0192583 0.0287228 -0.00539594
v -0.0155142 0.0287228 -0.0126218
v -0.0168962 0.0281382 -0.0121557
v -0.0196998 0.0262518 -0.0121557
v -0.0230156 0.024866 -0.00877284
v -0.0259865 0.0228389 -0.00529997
v -0.0284894 0.0202537 -0.00177272
v -0.0304209 0.0172171 0.00177272
v -0.0316228 0.0148153 0.00234652
v -0.0301087 0.0170404 0.00529997
v -0.0316228 0.0142658 0.00463525
v -0.0161764 0.0269395 -0.0154138
v -0.0136511 0.0287228 -0.0146167
v -0.0133207 0.02846 -0.0154138
v -0.0115336 0.0287228 -0.0163394
v -0.0125913 0.0269017 -0.0185137
v -0.00975855 0.0280537 -0.0185137
v -0.00909312 0.0261408 -0.0214237
v -0.00669759 0.0287228 -0.0188452
v -0.0063571 0.0269372 -0.0214237
v -0.00406912 0.0287228 -0.0195817
v -0.0035537 0.0274481 -0.0214237
v -0.00136485 0.0287228 -0.0199534
v -0.000712629 0.027668 -0.0214237
v 0.00136485 0.0287228 -0.0199534
v 0.002136 0.0275946 -0.0214237
v 0.00406912 0.0287228 -0.0195817
v 0.00496198 0.0272287 -0.0214237
v 0.00669759 0.0287228 -0.0188452
v 0.00773537 0.0265742 -0.0214237
v 0.00830144 0.0285189 -0.0185137
v 0.0104268 0.025638 -0.0214237
v 0.0111898 0.0275142 -0.0185137
v 0.0130076 0.02443 -0.0214237
v 0.0139595 0.0262178 -0.0185137
v 0.0154506 0.0229631 -0.0214237
v 0.0165813 0.0246435 -0.0185137
v 0.0177174 0.0238398 -0.0185137
v 0.0186018 0.0253256 -0.0154138
v 0.0201295 0.0241292 -0.0154138
v 0.0210251 0.0252029 -0.0121557
v 0.0225038 0.0219316 -0.0154138
v 0.0235051 0.0229075 -0.0121557
v 0.0246395 0.0195015 -0.0154138
v 0.0257359 0.0203692 -0.0121557
v 0.0265141 0.0168647 -0.0154138
v 0.0276938 0.0176151 -0.0121557
v 0.0281076 0.0140491 -0.0154138
v 0.0293583 0.0146742 -0.0121557
v 0.0294032 0.0110846 -0.0154138
v 0.0307115 0.0115778 -0.0121557
v 0.0316228 0.00881678 -0.0121353
v -0.0115336 0.0287228 -0.0163394
v -0.0092013 0.0287228 -0.0177577
v -0.00975855 0.0280537 -0.0185137
v -0.00669759 0.0287228 -0.0188452
v 0.00669759 0.0287228 -0.0188452
v 0.0092013 0.0287228 -0.0177577
v 0.00830144 0.0285189 -0.0185137
v 0.0115336 0.0287228 -0.0163394
v 0.0111898 0.0275142 -0.0185137
v 0.0147682 0.0277366 -0.0154138
v 0.0136511 0.0287228 -0.0146167
v 0.0155142 0.0287228 -0.0126218
v 0.0170884 0.0287228 -0.0103917
v 0.0183223 0.0272311 -0.0121557
v 0.0175418 0.0260711 -0.0154138
v 0.0165813 0.0246435 -0.0185137
v 0.0139595 0.0262178 -0.0185137
v 0.0189148 0.0281117 -0.00877284
v 0.0183442 0.0287228 -0.00796802
v 0.0192583 0.0287228 -0.00539594
v 0.0198137 0.0287228 -0.00272333
v 0.0193132 0.0287038 -0.00529997
v 0.0200078 0.0282241 -0.00529997
v 0.0197499 0.0275314 -0.00877284
v 0.0221622 0.0265659 -0.00529997
v 0.021705 0.0260179 -0.00877284
v 0.0242652 0.0236482 -0.00877284
v 0.0235051 0.0229075 -0.0121557
v 0.0257359 0.0203692 -0.0121557
v 0.0198137 -0.0287228 -0.00272333
v 0.022392 -0.0268413 -0.00177272
v 0.02 -0.0287228 -2.44929e-18
v 0.022392 -0.0268413 0.00177272
v 0.0198137 -0.0287228 0.00272333
v 0.0221622 -0.0265659 0.00529997
v 0.0193132 -0.0287038 0.00529997
v 0.021705 -0.0260179 0.00877284
v 0.0189148 -0.0281117 0.00877284
v 0.0210251 -0.0252029 0.0121557
v 0.0183223 -0.0272311 0.0121557
v 0.0201295 -0.0241292 0.0154138
v 0.0175418 -0.0260711 0.0154138
v 0.0190272 -0.022808 0.0185137
v 0.0165813 -0.0246435 0.0185137
v 0.0177298 -0.0212527 0.0214237
v 0.0154506 -0.0229631 0.0214237
v 0.0162504 -0.0194794 0.0241138
v 0.0141614 -0.021047 0.0241138
v 0.0146043 -0.0175062 0.0265565
v 0.0127269 -0.018915 0.0265565
v 0.0128083 -0.0153533 0.0287267
v 0.0111617 -0.0165889 0.0287267
v 0.0108808 -0.0130429 0.0306021
v 0.00948209 -0.0140925 0.0306021
v 0.00884176 -0.0105986 0.0321635
v 0.00770513 -0.0114516 0.0321635
v 0.00671195 -0.00804563 0.0333949
v 0.00584912 -0.00869311 0.0333949
v 0.00451327 -0.00541006 0.0342835
v 0.00393308 -0.00584545 0.0342835
v 0.00226827 -0.00271898 0.0348204
v 0.00197668 -0.0029378 0.0348204
v -2.14313e-18 2.62458e-34 0.035
v 0.0192583 -0.0287228 -0.00539594
v 0.0193132 -0.0287038 -0.00529997
v 0.0198137 -0.0287228 -0.00272333
v 0.0221622 -0.0265659 -0.00529997
v 0.022392 -0.0268413 -0.00177272
v 0.0250332 -0.0243967 -0.00177272
v 0.0250332 -0.0243967 0.00177272
v 0.027409 -0.0216935 0.00177272
v 0.0271277 -0.0214708 0.00529997
v 0.0291916 -0.0185678 0.00529997
v 0.0285894 -0.0181847 0.00877284
v 0.0303076 -0.0151487 0.00877284
v 0.0293583 -0.0146742 0.0121557
v 0.0316228 -0.0121353 0.00881678
v 0.0307115 -0.0115778 0.0121557
v 0.0316228 -0.0106066 0.0106066
v 0.0316228 -0.00881678 0.0121353
v 0.0183442 -0.0287228 -0.00796802
v 0.0189148 -0.0281117 -0.00877284
v 0.021705 -0.0260179 -0.00877284
v 0.0247763 -0.0241463 -0.00529997
v 0.0242652 -0.0236482 -0.00877284
v 0.0271277 -0.0214708 -0.00529997
v 0.0265681 -0.0210279 -0.00877284
v 0.0291916 -0.0185678 -0.00529997
v 0.0285894 -0.0181847 -0.00877284
v 0.030946 -0.0154678 -0.00529997
v 0.0303076 -0.0151487 -0.00877284
v 0.0305649 -0.0146228 -0.00877284
v 0.0295886 -0.0142041 -0.0121557
v 0.0316228 -0.0121353 -0.00881678
v 0.0307115 -0.0115778 -0.0121557
v 0.0316228 -0.0106066 -0.0106066
v 0.0316228 -0.00881678 -0.0121353
v 0.0294032 -0.0110846 -0.0154138
v 0.0303871 -0.00800257 -0.0154138
v 0.0277932 -0.0104776 -0.0185137
v 0.0287232 -0.00756438 -0.0185137
v 0.025898 -0.00976317 -0.0214237
v 0.0267646 -0.00704857 -0.0214237
v 0.023737 -0.00894853 -0.0241138
v 0.0245313 -0.00646043 -0.0241138
v 0.0213325 -0.00804206 -0.0265565
v 0.0220463 -0.005806 -0.0265565
v 0.0187091 -0.00705306 -0.0287267
v 0.0193351 -0.00509199 -0.0287267
v 0.0158937 -0.00599169 -0.0306021
v 0.0164255 -0.00432573 -0.0306021
v 0.0129152 -0.00486884 -0.0321635
v 0.0133474 -0.00351509 -0.0321635
v 0.00980417 -0.00369603 -0.0333949
v 0.0101322 -0.00266837 -0.0333949
v 0.00659254 -0.0024853 -0.0342835
v 0.00681314 -0.00179427 -0.0342835
v 0.00331327 -0.00124906 -0.0348204
v 0.00342414 -0.000901763 -0.0348204
v -2.14313e-18 -2.62458e-34 -0.035
v 0.0183442 -0.0287228 -0.00796802
v 0.0170884 -0.0287228 -0.0103917
v 0.0189148 -0.0281117 -0.00877284
v 0.0183223 -0.0272311 -0.0121557
v 0.021705 -0.0260179 -0.00877284
v 0.0210251 -0.0252029 -0.0121557
v 0.0242652 -0.0236482 -0.00877284
v 0.0235051 -0.0229075 -0.0121557
v 0.0265681 -0.0210279 -0.00877284
v 0.0257359 -0.0203692 -0.0121557
v 0.0285894 -0.0181847 -0.00877284
v 0.0276938 -0.0176151 -0.0121557
v 0.0303076 -0.0151487 -0.00877284
v 0.0293583 -0.0146742 -0.0121557
v 0.0295886 -0.0142041 -0.0121557
v 0.02831 -0.0136366 -0.0154138
v 0.0294032 -0.0110846 -0.0154138
v 0.0277932 -0.0104776 -0.0185137
v 0.0155142 -0.0287228 -0.0126218
v 0.0175418 -0.0260711 -0.0154138
v 0.0201295 -0.0241292 -0.0154138
v 0.0225038 -0.0219316 -0.0154138
v 0.0246395 -0.0195015 -0.0154138
v 0.0265141 -0.0168647 -0.0154138
v 0.0281076 -0.0140491 -0.0154138
v 0.0267427 -0.0129255 -0.0185137
v 0.025898 -0.00976317 -0.0214237
v 0.0147682 -0.0277366 -0.0154138
v 0.0136511 -0.0287228 -0.0146167
v 0.0115336 -0.0287228 -0.0163394
v 0.0092013 -0.0287228 -0.0177577
v 0.0111898 -0.0275142 -0.0185137
v 0.0139595 -0.0262178 -0.0185137
v 0.00830144 -0.0285189 -0.0185137
v 0.00669759 -0.0287228 -0.0188452
v 0.00773537 -0.0265742 -0.0214237
v 0.00496198 -0.0272287 -0.0214237
v 0.00454795 -0.0249567 -0.0241138
v 0.00195777 -0.0252921 -0.0241138
v 0.00175945 -0.02273 -0.0265565
v -0.000587002 -0.0227905 -0.0265565
v -0.000514814 -0.0199878 -0.0287267
v -0.00256725 -0.0198289 -0.0287267
v -0.00218092 -0.016845 -0.0306021
v -0.00390138 -0.0165314 -0.0306021
v -0.00317025 -0.0134334 -0.0321635
v -0.00453469 -0.0130363 -0.0321635
v -0.00344237 -0.00989608 -0.0333949
v -0.00444165 -0.00948969 -0.0333949
v -0.00298667 -0.00638108 -0.0342835
v -0.00362695 -0.00604017 -0.0342835
v -0.00182283 -0.00303566 -0.0348204
v -0.0042029 -0.00565455 -0.0342835
v -0.0021188 -0.00283701 -0.0348204
v -0.00422878 -0.00563523 -0.0342835
v -0.00240523 -0.00259861 -0.0348204
v -2.14313e-18 -2.62458e-34 -0.035
v 0.00406912 -0.0287228 -0.0195817
v 0.002136 -0.0275946 -0.0214237
v -0.000653167 -0.0253593 -0.0241138
v -0.00292723 -0.0226093 -0.0265565
v -0.00459247 -0.0194598 -0.0287267
v -0.00558048 -0.0160427 -0.0306021
v -0.00585106 -0.0125009 -0.0321635
v -0.00539385 -0.00898269 -0.0333949
v -0.0062311 -0.00842352 -0.0333949
v -0.00628887 -0.00838048 -0.0333949
v -0.00478578 -0.00517055 -0.0342835
v -0.00265968 -0.00233753 -0.0348204
v 0.00136485 -0.0287228 -0.0199534
v -0.000712629 -0.027668 -0.0214237
v -0.00325718 -0.0251578 -0.0241138
v -0.00523643 -0.0221885 -0.0265565
v -0.006569 -0.0188845 -0.0287267
v -0.00720043 -0.0153839 -0.0306021
v -0.0071054 -0.011833 -0.0321635
v -0.00818288 -0.0111152 -0.0321635
v -0.00828443 -0.0110397 -0.0321635
v -0.00711723 -0.00768944 -0.0333949
v -0.00529206 -0.00465107 -0.0342835
v -0.00288593 -0.00205167 -0.0348204
v -0.00136485 -0.0287228 -0.0199534
v -0.0035537 -0.0274481 -0.0214237
v -0.00582666 -0.0246895 -0.0241138
v -0.00749012 -0.0215325 -0.0265565
v -0.00847591 -0.018109 -0.0287267
v -0.00874405 -0.014562 -0.0306021
v -0.0100386 -0.0137017 -0.0306021
v -0.010195 -0.0135857 -0.0306021
v -0.00937564 -0.0101294 -0.0321635
v -0.00787014 -0.00691688 -0.0333949
v -0.00574224 -0.00408228 -0.0342835
v -0.00308159 -0.00174406 -0.0348204
v -2.14313e-18 -2.62458e-34 -0.035
v -0.00406912 -0.0287228 -0.0195817
v -0.0063571 -0.0269372 -0.0214237
v -0.00833438 -0.0239596 -0.0241138
v -0.00966442 -0.0206482 -0.0265565
v -0.010293 -0.0171415 -0.0287267
v -0.0117799 -0.0161558 -0.0287267
v -0.0120009 -0.0159923 -0.0287267
v -0.0115378 -0.0124655 -0.0306021
v -0.0103675 -0.00911172 -0.0321635
v -0.00853963 -0.00607101 -0.0333949
v -0.00613155 -0.00347022 -0.0342835
v -0.00324458 -0.00141796 -0.0348204
v -0.00669759 -0.0287228 -0.0188452
v -0.00909312 -0.0261408 -0.0214237
v -0.0107538 -0.0229756 -0.0241138
v -0.0117363 -0.0195451 -0.0265565
v -0.0133894 -0.0184519 -0.0265565
v -0.0136837 -0.0182348 -0.0265565
v -0.0135817 -0.0146736 -0.0287267
v -0.0127584 -0.0112131 -0.0306021
v -0.0112494 -0.00799743 -0.0321635
v -0.0091186 -0.00516078 -0.0333949
v -0.00645586 -0.00282138 -0.0342835
v -0.00337318 -0.00107684 -0.0348204
v -0.00975855 -0.0280537 -0.0185137
v -0.0092013 -0.0287228 -0.0177577
v -0.0115336 -0.0287228 -0.0163394
v -0.0136511 -0.0287228 -0.0146167
v -0.0133207 -0.02846 -0.0154138
v -0.0125913 -0.0269017 -0.0185137
v -0.0117327 -0.0250673 -0.0214237
v -0.0161764 -0.0269395 -0.0154138
v -0.0155142 -0.0287228 -0.0126218
v -0.0168962 -0.0281382 -0.0121557
v -0.0170884 -0.0287228 -0.0103917
v -0.0189705 -0.0267836 -0.0121557
v -0.0195205 -0.0276945 -0.00877284
v -0.0203369 -0.0271007 -0.00877284
v -0.0207652 -0.0276716 -0.00529997
v -0.0230156 -0.024866 -0.00877284
v -0.0235004 -0.0253898 -0.00529997
v -0.0254504 -0.0223677 -0.00877284
v -0.0259865 -0.0228389 -0.00529997
v -0.0276154 -0.0196324 -0.00877284
v -0.028197 -0.0200459 -0.00529997
v -0.0294876 -0.0166889 -0.00877284
v -0.0301087 -0.0170404 -0.00529997
v -0.0316228 -0.0133651 -0.00680986
v -0.0316228 -0.0142658 -0.00463525
v -0.0316228 -0.0148153 -0.00234652
v -0.0304209 -0.0172171 -0.00177272
v -0.0316228 -0.015 -1.83697e-18
v -0.0304209 -0.0172171 0.00177272
v -0.0316228 -0.0148153 0.00234652
v -0.0301087 -0.0170404 0.00529997
v -0.0316228 -0.0142658 0.00463525
v -0.0310473 -0.0135685 0.00877284
v -0.0316228 -0.0133651 0.00680986
v -0.0316228 -0.0121353 0.00881678
v -0.0300747 -0.0131434 0.0121557
v -0.0316228 -0.0106066 0.0106066
v -0.0312668 -0.00998145 0.0121557
v -0.0316228 -0.00881678 0.0121353
v -0.0299348 -0.00955625 0.0154138
v -0.0316228 -0.00680986 0.0133651
v -0.0307587 -0.00642767 0.0154138
v -0.0316228 -0.00463525 0.0142658
v -0.0312566 -0.00323096 0.0154138
v -0.0316228 -0.00234652 0.0148153
v -0.0314232 3.84823e-18 0.0154138
v -0.0316228 9.18485e-19 0.015
v -0.0316228 0.00234652 0.0148153
v -0.0312566 0.00323096 0.0154138
v -0.0316228 0.00463525 0.0142658
v -0.0307587 0.00642767 0.0154138
v -0.0316228 0.00680986 0.0133651
v -0.0299348 0.00955625 0.0154138
v -0.0316228 0.00881678 0.0121353
v -0.0312668 0.00998145 0.0121557
v -0.0316228 0.0106066 0.0106066
v -0.0300747 0.0131434 0.0121557
v -0.0316228 0.0121353 0.00881678
v -0.0170884 -0.0287228 -0.0103917
v -0.0183442 -0.0287228 -0.00796802
v -0.0195205 -0.0276945 -0.00877284
v -0.0198669 -0.0283235 -0.00529997
v -0.0207652 -0.0276716 -0.00529997
v -0.0198137 -0.0287228 -0.00272333
v -0.0209805 -0.0279584 -0.00177272
v -0.0200072 -0.028663 -0.00177272
v -0.02 -0.0287228 0
v -0.0192583 -0.0287228 -0.00539594
v -0.0209805 -0.0279584 0.00177272
v -0.0198137 -0.0287228 0.00272333
v -0.0207652 -0.0276716 0.00529997
v -0.0192583 -0.0287228 0.00539594
v -0.0203369 -0.0271007 0.00877284
v -0.0183442 -0.0287228 0.00796802
v -0.0170884 -0.0287228 0.0103917
v -0.0155142 -0.0287228 0.0126218
v -0.0168962 -0.0281382 0.0121557
v -0.0196998 -0.0262518 0.0121557
v -0.0230156 -0.024866 0.00877284
v -0.0235004 -0.0253898 0.00529997
v -0.0259865 -0.0228389 0.00529997
v -0.0262559 -0.0230757 0.00177272
v -0.0284894 -0.0202537 0.00177272
v -0.0284894 -0.0202537 -0.00177272
v -0.0304209 -0.0172171 -0.00177272
v -0.0301087 -0.0170404 -0.00529997
v -0.0161764 -0.0269395 0.0154138
v -0.0136511 -0.0287228 0.0146167
v -0.0133207 -0.02846 0.0154138
v -0.0115336 -0.0287228 0.0163394
v -0.0125913 -0.0269017 0.0185137
v -0.00975855 -0.0280537 0.0185137
v -0.00909312 -0.0261408 0.0214237
v -0.00669759 -0.0287228 0.0188452
v -0.0063571 -0.0269372 0.0214237
v -0.00406912 -0.0287228 0.0195817
v -0.0035537 -0.0274481 0.0214237
v -0.00136485 -0.0287228 0.0199534
v -0.000712629 -0.027668 0.0214237
v 0.00136485 -0.0287228 0.0199534
v 0.002136 -0.0275946 0.0214237
v 0.00406912 -0.0287228 0.0195817
v 0.00496198 -0.0272287 0.0214237
v 0.00669759 -0.0287228 0.0188452
v 0.00773537 -0.0265742 0.0214237
v 0.00830144 -0.0285189 0.0185137
v 0.0104268 -0.025638 0.0214237
v 0.0111898 -0.0275142 0.0185137
v 0.0130076 -0.02443 0.0214237
v 0.0139595 -0.0262178 0.0185137
v 0.0154506 -0.0229631 0.0214237
v 0.0165813 -0.0246435 0.0185137
v -0.0092013 -0.0287228 0.0177577
v 0.0092013 -0.0287228 0.0177577
v 0.0115336 -0.0287228 0.0163394
v 0.0147682 -0.0277366 0.0154138
v 0.0136511 -0.0287228 0.0146167
v 0.0155142 -0.0287228 0.0126218
v 0.0170884 -0.0287228 0.0103917
v 0.0183223 -0.0272311 0.0121557
v 0.0175418 -0.0260711 0.0154138
v 0.0189148 -0.0281117 0.00877284
v 0.0183442 -0.0287228 0.00796802
v 0.0192583 -0.0287228 0.00539594
v 0.0193132 -0.0287038 0.00529997
v 0.0198137 -0.0287228 0.00272333
v 0.0316228 -0.0148153 0.00234652
v 0.0312669 -0.0156282 0.00177272
v 0.0316228 -0.015 1.83697e-18
v 0.0312669 -0.0156282 -0.00177272
v 0.0315722 -0.0150017 -0.00177272
v 0.0316228 -0.0148153 -0.00234652
v 0.030946 -0.0154678 0.00529997
v 0.0316228 -0.0142658 0.00463525
v 0.0316228 -0.0133651 0.00680986
v 0.0303076 -0.0151487 0.00877284
v 0.0316228 -0.0121353 0.00881678
v 0.0316228 -0.00680986 0.0133651
v 0.0303871 -0.00800257 0.0154138
v 0.0316228 -0.00881678 0.0121353
v 0.0294032 -0.0110846 0.0154138
v 0.0307115 -0.0115778 0.0121557
v 0.0293583 -0.0146742 0.0121557
v 0.0310488 -0.00483573 0.0154138
v 0.0316228 -0.00463525 0.0142658
v 0.0316228 -0.00234652 0.0148153
v 0.0313815 -0.00161763 0.0154138
v 0.0316228 9.18485e-19 0.015
v 0.0313815 0.00161763 0.0154138
v 0.0316228 0.00234652 0.0148153
v 0.0310488 0.00483573 0.0154138
v 0.0316228 0.00463525 0.0142658
v 0.0316228 0.00680986 0.0133651
v 0.0303871 0.00800257 0.0154138
v 0.0316228 0.00881678 0.0121353
v 0.0294032 0.0110846 0.0154138
v 0.0307115 0.0115778 0.0121557
v 0.0281076 0.0140491 0.0154138
v 0.0293583 0.0146742 0.0121557
v 0.0265141 0.0168647 0.0154138
v 0.0276938 0.0176151 0.0121557
v 0.0246395 0.0195015 0.0154138
v 0.0257359 0.0203692 0.0121557
v 0.0225038 0.0219316 0.0154138
v 0.0235051 0.0229075 0.0121557
v 0.0201295 0.0241292 0.0154138
v 0.0210251 0.0252029 0.0121557
v 0.0175418 0.0260711 0.0154138
v 0.0183223 0.0272311 0.0121557
v 0.0316228 0.0106066 0.0106066
v 0.0316228 0.0121353 0.00881678
v 0.0303076 0.0151487 0.00877284
v 0.0285894 0.0181847 0.00877284
v 0.0265681 0.0210279 0.00877284
v 0.0242652 0.0236482 0.00877284
v 0.021705 0.0260179 0.00877284
v 0.0189148 0.0281117 0.00877284
v 0.0316228 0.0133651 0.00680986
v 0.030946 0.0154678 0.00529997
v 0.0291916 0.0185678 0.00529997
v 0.0271277 0.0214708 0.00529997
v 0.0247763 0.0241463 0.00529997
v 0.0221622 0.0265659 0.00529997
v 0.0193132 0.0287038 0.00529997
v 0.0316228 0.0142658 0.00463525
v 0.0316228 0.0148153 0.00234652
v 0.0312669 0.0156282 0.00177272
v 0.0316228 0.015 0
v 0.0312669 0.0156282 -0.00177272
v 0.0316228 0.0148153 -0.00234652
v 0.030946 0.0154678 -0.00529997
v 0.0316228 0.0142658 -0.00463525
v 0.0316228 0.0133651 -0.00680986
v 0.0303076 0.0151487 -0.00877284
v 0.0316228 0.0121353 -0.00881678
v 0.0294032 0.0110846 -0.0154138
v 0.0316228 0.00881678 -0.0121353
v 0.0303871 0.00800257 -0.0154138
v 0.0316228 0.00680986 -0.0133651
v 0.0310488 0.00483573 -0.0154138
v 0.0316228 0.00463525 -0.0142658
v 0.0316228 0.00234652 -0.0148153
v 0.0313815 0.00161763 -0.0154138
v 0.0316228 9.18485e-19 -0.015
v 0.0313815 -0.00161763 -0.0154138
v 0.0316228 -0.00234652 -0.0148153
v 0.0310488 -0.00483573 -0.0154138
v 0.0316228 -0.00463525 -0.0142658
v 0.0316228 -0.00680986 -0.0133651
v 0.0303871 -0.00800257 -0.0154138
v 0.0316228 -0.00881678 -0.0121353
v 0.0316228 -0.0121353 -0.00881678
v 0.0316228 -0.0133651 -0.00680986
v 0.0305649 -0.0146228 -0.00877284
v 0.0312285 -0.0148893 -0.00529997
v 0.030946 -0.0154678 -0.00529997
v 0.0316228 -0.0142658 -0.00463525
v 0.0316228 -0.0148153 -0.00234652
v -0.0294876 -0.0166889 -0.00877284
v -0.0316228 -0.0133651 -0.00680986
v -0.0310473 -0.0135685 -0.00877284
v -0.0316228 -0.0121353 -0.00881678
v -0.0300747 -0.0131434 -0.0121557
v -0.0316228 -0.0106066 -0.0106066
v -0.0312668 -0.00998145 -0.0121557
v -0.0316228 -0.00881678 -0.0121353
v -0.0299348 -0.00955625 -0.0154138
v -0.0316228 -0.00680986 -0.0133651
v -0.0307587 -0.00642767 -0.0154138
v -0.0316228 -0.00463525 -0.0142658
v -0.0312566 -0.00323096 -0.0154138
v -0.0316228 -0.00234652 -0.0148153
v -0.0314232 3.84823e-18 -0.0154138
v -0.0316228 9.18485e-19 -0.015
v -0.0316228 0.00234652 -0.0148153
v -0.0312566 0.00323096 -0.0154138
v -0.0316228 0.00463525 -0.0142658
v -0.0307587 0.00642767 -0.0154138
v -0.0316228 0.00680986 -0.0133651
v -0.0299348 0.00955625 -0.0154138
v -0.0316228 0.00881678 -0.0121353
v -0.0312668 0.00998145 -0.0121557
v -0.0316228 0.0106066 -0.0106066
v -0.0300747 0.0131434 -0.0121557
v -0.0316228 0.0121353 -0.00881678
v -0.0310473 0.0135685 -0.00877284
v -0.0316228 0.0133651 -0.00680986
v -0.0304423 0.0148762 -0.00877284
v -0.0311539 0.0150448 -0.00529997
v -0.0301087 0.0170404 -0.00529997
v -0.0304209 0.0172171 -0.00177272
v -0.028197 0.0200459 -0.00529997
v -0.0284894 0.0202537 -0.00177272
v -0.0259865 0.0228389 -0.00529997
v -0.0316228 0.0142658 -0.00463525
v -0.0316228 0.0148153 -0.00234652
v -0.0315473 0.0150542 -0.00177272
v -0.0316228 0.015 0
v -0.0304209 0.0172171 0.00177272
v -0.0316228 0.0148153 0.00234652
v -0.0316228 0.0142658 0.00463525
v -0.0316228 0.0133651 0.00680986
v -0.0301087 0.0170404 0.00529997
v -0.00354089 4.33634e-19 -0.0348204
v -2.14313e-18 -2.62458e-34 -0.035
v -0.00352212 -0.000364078 -0.0348204
v -0.00354089 4.33634e-19 0.0348204
v -2.14313e-18 2.62458e-34 0.035
v -0.00352212 0.000364078 0.0348204
v -0.00346602 -0.000724297 -0.0348204
v -0.00337318 -0.00107684 -0.0348204
v -0.00182283 -0.00303566 -0.0348204
v -0.00150103 -0.00320699 -0.0348204
v -0.00116333 -0.00334433 -0.0348204
v -0.000813299 -0.00344622 -0.0348204
v -0.000454645 -0.00351158 -0.0348204
v -9.11706e-05 -0.00353972 -0.0348204
v 0.00027327 -0.00353033 -0.0348204
v 0.000634814 -0.00348352 -0.0348204
v 0.000989628 -0.00339979 -0.0348204
v 0.00133395 -0.00328001 -0.0348204
v 0.00166414 -0.00312547 -0.0348204
v 0.00197668 -0.0029378 -0.0348204
v 0.00226827 -0.00271898 -0.0348204
v 0.00253582 -0.00247134 -0.0348204
v 0.00277648 -0.00219751 -0.0348204
v 0.00298772 -0.00190038 -0.0348204
v 0.00316728 -0.00158311 -0.0348204
v 0.00342414 -0.000901763 -0.0348204
v 0.00349871 -0.00054491 -0.0348204
v 0.0035362 -0.000182281 -0.0348204
v 0.0035362 0.000182281 -0.0348204
v -2.14313e-18 -2.62458e-34 -0.035
v 0.00349871 0.00054491 -0.0348204
v 0.00342414 0.000901763 -0.0348204
v 0.00331327 0.00124906 -0.0348204
v 0.00316728 0.00158311 -0.0348204
v 0.00298772 0.00190038 -0.0348204
v 0.00277648 0.00219751 -0.0348204
v 0.00253582 0.00247134 -0.0348204
v 0.00226827 0.00271898 -0.0348204
v 0.00166414 0.00312547 -0.0348204
v 0.00133395 0.00328001 -0.0348204
v 0.000989628 0.00339979 -0.0348204
v 0.000634814 0.00348352 -0.0348204
v 0.00027327 0.00353033 -0.0348204
v -9.11706e-05 0.00353972 -0.0348204
v -0.000454645 0.00351158 -0.0348204
v -0.000813299 0.00344622 -0.0348204
v -0.00116333 0.00334433 -0.0348204
v -0.00150103 0.00320699 -0.0348204
v -0.00182283 0.00303566 -0.0348204
v -0.00212529 0.00283214 -0.0348204
v -0.00240523 0.00259861 -0.0348204
v -0.00265968 0.00233753 -0.0348204
v -0.00288593 0.00205167 -0.0348204
v -0.00308159 0.00174406 -0.0348204
v -0.00324458 0.00141796 -0.0348204
v -0.00337318 0.00107684 -0.0348204
v -0.00346602 0.000724297 -0.0348204
v -2.14313e-18 -2.62458e-34 -0.035
v -0.00352212 0.000364078 -0.0348204
v -0.00354089 4.33634e-19 -0.0348204
v -0.00352212 0.000364078 0.0348204
v -2.14313e-18 2.62458e-34 0.035
v -0.00346602 0.000724297 0.0348204
v -0.00337318 0.00107684 0.0348204
v -0.00324458 0.00141796 0.0348204
v -0.00182283 0.00303566 0.0348204
v -0.00150103 0.00320699 0.0348204
v -0.00116333 0.00334433 0.0348204
v -0.000813299 0.00344622 0.0348204
v -0.000454645 0.00351158 0.0348204
v -9.11706e-05 0.00353972 0.0348204
v 0.00027327 0.00353033 0.0348204
v 0.000634814 0.00348352 0.0348204
v 0.000989628 0.00339979 0.0348204
v 0.00133395 0.00328001 0.0348204
v 0.00166414 0.00312547 0.0348204
v 0.00197668 0.0029378 0.0348204
v 0.00226827 0.00271898 0.0348204
v 0.00253582 0.00247134 0.0348204
v 0.00277648 0.00219751 0.0348204
v 0.00298772 0.00190038 0.0348204
v 0.00316728 0.00158311 0.0348204
v 0.00331327 0.00124906 0.0348204
v 0.00342414 0.000901763 0.0348204
v 0.00349871 0.00054491 0.0348204
v 0.0035362 0.000182281 0.0348204
v 0.0035362 -0.000182281 0.0348204
v 0.00349871 -0.00054491 0.0348204
v 0.00342414 -0.000901763 0.0348204
v -2.14313e-18 2.62458e-34 0.035
v 0.00331327 -0.00124906 0.0348204
v 0.00316728 -0.00158311 0.0348204
v 0.00298772 -0.00190038 0.0348204
v 0.00277648 -0.00219751 0.0348204
v 0.00253582 -0.00247134 0.0348204
v 0.00226827 -0.00271898 0.0348204
v 0.00197668 -0.0029378 0.0348204
v 0.00166414 -0.00312547 0.0348204
v 0.00133395 -0.00328001 0.0348204
v 0.000989628 -0.00339979 0.0348204
v 0.000634814 -0.00348352 0.0348204
v 0.00027327 -0.00353033 0.0348204
v -9.11706e-05 -0.00353972 0.0348204
v -0.000454645 -0.00351158 0.0348204
v -0.000813299 -0.00344622 0.0348204
v -0.00116333 -0.00334433 0.0348204
v -0.00150103 -0.00320699 0.0348204
v -0.00182283 -0.00303566 0.0348204
v -0.00212529 -0.00283214 0.0348204
v -0.00240523 -0.00259861 0.0348204
v -0.00265968 -0.00233753 0.0348204
v -0.00288593 -0.00205167 0.0348204
v -0.00308159 -0.00174406 0.0348204
v -0.00324458 -0.00141796 0.0348204
v -0.00337318 -0.00107684 0.0348204
v -0.00346602 -0.000724297 0.0348204
v -0.00352212 -0.000364078 0.0348204
v -2.14313e-18 2.62458e-34 0.035
v -0.00354089 4.33634e-19 0.0348204
v -0.00354089 4.33634e-19 -0.0348204
v -0.00704545 8.62819e-19 -0.0342835
v -0.00352212 0.000364078 -0.0348204
v -0.00700811 0.00072442 -0.0342835
v -0.00346602 0.000724297 -0.0348204
v -0.00689648 0.00144116 -0.0342835
v -0.00337318 0.00107684 -0.0348204
v -0.00671174 0.00214263 -0.0342835
v -0.00324458 0.00141796 -0.0348204
v -0.00645586 0.00282138 -0.0342835
v -0.00616357 0.00341303 -0.0342835
v -0.00918973 0.00503302 -0.0333949
v -0.0091186 0.00516078 -0.0333949
v -0.0120121 0.00679837 -0.0321635
v -0.00853963 0.00607101 -0.0333949
v -0.0112494 0.00799743 -0.0321635
v -0.00787014 0.00691688 -0.0333949
v -0.0103675 0.00911172 -0.0321635
v -0.00711723 0.00768944 -0.0333949
v -0.00937564 0.0101294 -0.0321635
v -0.00628887 0.00838048 -0.0333949
v -0.00828443 0.0110397 -0.0321635
v -0.00539385 0.00898269 -0.0333949
v -0.0071054 0.011833 -0.0321635
v -0.00444165 0.00948969 -0.0333949
v -0.00585106 0.0125009 -0.0321635
v -0.00344237 0.00989608 -0.0333949
v -0.00453469 0.0130363 -0.0321635
v -0.0024066 0.0101976 -0.0333949
v -0.00317025 0.0134334 -0.0321635
v -0.00134532 0.010391 -0.0333949
v -0.00177221 0.0136882 -0.0321635
v -0.000269779 0.0104742 -0.0333949
v -0.000355384 0.0137979 -0.0321635
v 0.000808622 0.0104465 -0.0333949
v 0.00106521 0.0137613 -0.0321635
v 0.00187845 0.0103079 -0.0333949
v 0.00247451 0.0135788 -0.0321635
v 0.00292837 0.0100602 -0.0333949
v 0.00385759 0.0132524 -0.0321635
v 0.00394725 0.00970575 -0.0333949
v 0.00519977 0.0127855 -0.0321635
v 0.00492428 0.00924845 -0.0333949
v 0.00648683 0.0121831 -0.0321635
v 0.00584912 0.00869311 -0.0333949
v 0.00770513 0.0114516 -0.0321635
v 0.00860152 0.0107945 -0.0321635
v 0.0105105 0.0133432 -0.0306021
v 0.0108808 0.0130429 -0.0306021
v 0.0128083 0.0153533 -0.0287267
v 0.0121643 0.011855 -0.0306021
v 0.014319 0.013955 -0.0287267
v 0.0133187 0.0105414 -0.0306021
v 0.015678 0.0124087 -0.0287267
v 0.014332 0.00911609 -0.0306021
v 0.0168708 0.0107309 -0.0287267
v 0.0151934 0.00759414 -0.0306021
v 0.0178847 0.00893937 -0.0287267
v 0.0158937 0.00599169 -0.0306021
v 0.0187091 0.00705306 -0.0287267
v 0.0164255 0.00432573 -0.0306021
v 0.0193351 0.00509199 -0.0287267
v 0.0167832 0.00261392 -0.0306021
v 0.0197562 0.00307695 -0.0287267
v 0.016963 0.000874396 -0.0306021
v 0.0199679 0.00102929 -0.0287267
v 0.016963 -0.000874396 -0.0306021
v 0.0199679 -0.00102929 -0.0287267
v 0.0167832 -0.00261392 -0.0306021
v 0.0197562 -0.00307695 -0.0287267
v 0.0164255 -0.00432573 -0.0306021
v 0.0193351 -0.00509199 -0.0287267
v -0.00704545 8.62819e-19 -0.0342835
v -0.0104777 1.28315e-18 -0.0333949
v -0.00700811 0.00072442 -0.0342835
v -0.0104222 0.00107733 -0.0333949
v -0.00689648 0.00144116 -0.0342835
v -0.0102562 0.00214324 -0.0333949
v -0.00671174 0.00214263 -0.0342835
v -0.00998144 0.00318643 -0.0333949
v -0.00645586 0.00282138 -0.0342835
v -0.0096009 0.00419584 -0.0333949
v -0.00918973 0.00503302 -0.0333949
v -0.0121365 0.00657369 -0.0321635
v -0.0120121 0.00679837 -0.0321635
v -0.0147823 0.00836621 -0.0306021
v -0.0112494 0.00799743 -0.0321635
v -0.0138437 0.0098418 -0.0306021
v -0.0103675 0.00911172 -0.0321635
v -0.0127584 0.0112131 -0.0306021
v -0.00937564 0.0101294 -0.0321635
v -0.0115378 0.0124655 -0.0306021
v -0.00828443 0.0110397 -0.0321635
v -0.010195 0.0135857 -0.0306021
v -0.0071054 0.011833 -0.0321635
v -0.00874405 0.014562 -0.0306021
v -0.00585106 0.0125009 -0.0321635
v -0.00720043 0.0153839 -0.0306021
v -0.00453469 0.0130363 -0.0321635
v -0.00558048 0.0160427 -0.0306021
v -0.00317025 0.0134334 -0.0321635
v -0.00390138 0.0165314 -0.0306021
v -0.00177221 0.0136882 -0.0321635
v -0.00218092 0.016845 -0.0306021
v -0.000355384 0.0137979 -0.0321635
v -0.000437343 0.0169799 -0.0306021
v 0.00106521 0.0137613 -0.0321635
v 0.00131087 0.0169349 -0.0306021
v 0.00247451 0.0135788 -0.0321635
v 0.00304519 0.0167104 -0.0306021
v 0.00385759 0.0132524 -0.0321635
v 0.00474722 0.0163087 -0.0306021
v 0.00519977 0.0127855 -0.0321635
v 0.00639894 0.0157341 -0.0306021
v 0.00648683 0.0121831 -0.0321635
v 0.00798282 0.0149928 -0.0306021
v 0.00770513 0.0114516 -0.0321635
v 0.00948209 0.0140925 -0.0306021
v 0.0105105 0.0133432 -0.0306021
v 0.0122839 0.015776 -0.0287267
v 0.0128083 0.0153533 -0.0287267
v 0.0146043 0.0175062 -0.0265565
v 0.014319 0.013955 -0.0287267
v 0.0163269 0.0159118 -0.0265565
v 0.015678 0.0124087 -0.0287267
v 0.0178764 0.0141487 -0.0265565
v 0.0168708 0.0107309 -0.0287267
v 0.0192364 0.0122356 -0.0265565
v 0.0178847 0.00893937 -0.0287267
v 0.0203926 0.0101929 -0.0265565
v 0.0187091 0.00705306 -0.0287267
v 0.0213325 0.00804206 -0.0265565
v 0.0193351 0.00509199 -0.0287267
v 0.0220463 0.005806 -0.0265565
v 0.0197562 0.00307695 -0.0287267
v 0.0225265 0.0035084 -0.0265565
v 0.0199679 0.00102929 -0.0287267
v 0.0227678 0.00117361 -0.0265565
v 0.0199679 -0.00102929 -0.0287267
v 0.0227678 -0.00117361 -0.0265565
v 0.0197562 -0.00307695 -0.0287267
v 0.0225265 -0.0035084 -0.0265565
v 0.0193351 -0.00509199 -0.0287267
v 0.0220463 -0.005806 -0.0265565
v -0.00704545 8.62819e-19 -0.0342835
v -0.00354089 4.33634e-19 -0.0348204
v -0.00700811 -0.00072442 -0.0342835
v -0.00352212 -0.000364078 -0.0348204
v -0.00689648 -0.00144116 -0.0342835
v -0.00346602 -0.000724297 -0.0348204
v -0.00671174 -0.00214263 -0.0342835
v -0.00337318 -0.00107684 -0.0348204
v -0.00645586 -0.00282138 -0.0342835
v -0.0104777 1.28315e-18 -0.0333949
v -0.0138025 1.69031e-18 -0.0321635
v -0.0104222 0.00107733 -0.0333949
v -0.0137293 0.00141918 -0.0321635
v -0.0102562 0.00214324 -0.0333949
v -0.0135106 0.00282332 -0.0321635
v -0.00998144 0.00318643 -0.0333949
v -0.0131487 0.00419753 -0.0321635
v -0.0096009 0.00419584 -0.0333949
v -0.0126474 0.00552725 -0.0321635
v -0.0121365 0.00657369 -0.0321635
v -0.0149729 0.00802015 -0.0306021
v -0.0147823 0.00836621 -0.0306021
v -0.0174008 0.0098482 -0.0287267
v -0.0138437 0.0098418 -0.0306021
v -0.016296 0.0115852 -0.0287267
v -0.0127584 0.0112131 -0.0306021
v -0.0150184 0.0131993 -0.0287267
v -0.0115378 0.0124655 -0.0306021
v -0.0135817 0.0146736 -0.0287267
v -0.010195 0.0135857 -0.0306021
v -0.0120009 0.0159923 -0.0287267
v -0.00874405 0.014562 -0.0306021
v -0.010293 0.0171415 -0.0287267
v -0.00720043 0.0153839 -0.0306021
v -0.00847591 0.018109 -0.0287267
v -0.00558048 0.0160427 -0.0306021
v -0.006569 0.0188845 -0.0287267
v -0.00390138 0.0165314 -0.0306021
v -0.00459247 0.0194598 -0.0287267
v -0.00218092 0.016845 -0.0306021
v -0.00256725 0.0198289 -0.0287267
v -0.000437343 0.0169799 -0.0306021
v -0.000514814 0.0199878 -0.0287267
v 0.00131087 0.0169349 -0.0306021
v 0.00154308 0.0199348 -0.0287267
v 0.00304519 0.0167104 -0.0306021
v 0.00358461 0.0196704 -0.0287267
v 0.00474722 0.0163087 -0.0306021
v 0.00558814 0.0191976 -0.0287267
v 0.00639894 0.0157341 -0.0306021
v 0.00753244 0.0185213 -0.0287267
v 0.00798282 0.0149928 -0.0306021
v 0.0093969 0.0176486 -0.0287267
v 0.00948209 0.0140925 -0.0306021
v 0.0111617 0.0165889 -0.0287267
v 0.0122839 0.015776 -0.0287267
v 0.0139051 0.0180665 -0.0265565
v 0.0146043 0.0175062 -0.0265565
v 0.0162504 0.0194794 -0.0241138
v 0.0163269 0.0159118 -0.0265565
v 0.0181672 0.0177053 -0.0241138
v 0.0178764 0.0141487 -0.0265565
v 0.0198914 0.0157435 -0.0241138
v 0.0192364 0.0122356 -0.0265565
v 0.0214047 0.0136148 -0.0241138
v 0.0203926 0.0101929 -0.0265565
v 0.0226911 0.0113418 -0.0241138
v 0.0213325 0.00804206 -0.0265565
v 0.023737 0.00894853 -0.0241138
v 0.0220463 0.005806 -0.0265565
v 0.0245313 0.00646043 -0.0241138
v 0.0225265 0.0035084 -0.0265565
v 0.0250656 0.00390386 -0.0241138
v 0.0227678 0.00117361 -0.0265565
v 0.0253341 0.0013059 -0.0241138
v 0.0227678 -0.00117361 -0.0265565
v 0.0253341 -0.0013059 -0.0241138
v 0.0225265 -0.0035084 -0.0265565
v 0.0250656 -0.00390386 -0.0241138
v 0.0220463 -0.005806 -0.0265565
v 0.0245313 -0.00646043 -0.0241138
v -0.0104777 1.28315e-18 -0.0333949
v -0.00704545 8.62819e-19 -0.0342835
v -0.0104222 -0.00107733 -0.0333949
v -0.00700811 -0.00072442 -0.0342835
v -0.0102562 -0.00214324 -0.0333949
v -0.00689648 -0.00144116 -0.0342835
v -0.00998144 -0.00318643 -0.0333949
v -0.00671174 -0.00214263 -0.0342835
v -0.0096009 -0.00419584 -0.0333949
v -0.00645586 -0.00282138 -0.0342835
v -0.0091186 -0.00516078 -0.0333949
v -0.0138025 1.69031e-18 -0.0321635
v -0.0169856 2.08013e-18 -0.0306021
v -0.0137293 0.00141918 -0.0321635
v -0.0168955 0.00174647 -0.0306021
v -0.0135106 0.00282332 -0.0321635
v -0.0166264 0.00347443 -0.0306021
v -0.0131487 0.00419753 -0.0321635
v -0.0161811 0.00516556 -0.0306021
v -0.0126474 0.00552725 -0.0321635
v -0.0155642 0.00680194 -0.0306021
v -0.0149729 0.00802015 -0.0306021
v -0.0176689 0.00935875 -0.0287267
v -0.0174008 0.0098482 -0.0287267
v -0.0198408 0.0112291 -0.0265565
v -0.016296 0.0115852 -0.0287267
v -0.018581 0.0132097 -0.0265565
v -0.0150184 0.0131993 -0.0287267
v -0.0171243 0.0150502 -0.0265565
v -0.0135817 0.0146736 -0.0287267
v -0.0154861 0.0167311 -0.0265565
v -0.0120009 0.0159923 -0.0287267
v -0.0136837 0.0182348 -0.0265565
v -0.010293 0.0171415 -0.0287267
v -0.0117363 0.0195451 -0.0265565
v -0.00847591 0.018109 -0.0287267
v -0.00966442 0.0206482 -0.0265565
v -0.006569 0.0188845 -0.0287267
v -0.00749012 0.0215325 -0.0265565
v -0.00459247 0.0194598 -0.0287267
v -0.00523643 0.0221885 -0.0265565
v -0.00256725 0.0198289 -0.0287267
v -0.00292723 0.0226093 -0.0265565
v -0.000514814 0.0199878 -0.0287267
v -0.000587002 0.0227905 -0.0265565
v 0.00154308 0.0199348 -0.0287267
v 0.00175945 0.02273 -0.0265565
v 0.00358461 0.0196704 -0.0287267
v 0.00408725 0.0224287 -0.0265565
v 0.00558814 0.0191976 -0.0287267
v 0.00637172 0.0218895 -0.0265565
v 0.00753244 0.0185213 -0.0287267
v 0.00858866 0.0211184 -0.0265565
v 0.0093969 0.0176486 -0.0287267
v 0.0107145 0.0201233 -0.0265565
v 0.0111617 0.0165889 -0.0287267
v 0.0127269 0.018915 -0.0265565
v 0.0139051 0.0180665 -0.0265565
v 0.0153594 0.0201894 -0.0241138
v 0.0162504 0.0194794 -0.0241138
v 0.0177298 0.0212527 -0.0214237
v 0.0181672 0.0177053 -0.0241138
v 0.0198211 0.0193171 -0.0214237
v 0.0198914 0.0157435 -0.0241138
v 0.0217022 0.0171767 -0.0214237
v 0.0214047 0.0136148 -0.0241138
v 0.0233533 0.0148542 -0.0214237
v 0.0226911 0.0113418 -0.0241138
v 0.0247569 0.0123743 -0.0214237
v 0.023737 0.00894853 -0.0241138
v 0.025898 0.00976317 -0.0214237
v 0.0245313 0.00646043 -0.0241138
v 0.0267646 0.00704857 -0.0214237
v 0.0250656 0.00390386 -0.0241138
v 0.0273475 0.00425925 -0.0214237
v 0.0253341 0.0013059 -0.0241138
v 0.0276405 0.00142479 -0.0214237
v 0.0253341 -0.0013059 -0.0241138
v 0.0276405 -0.00142479 -0.0214237
v 0.0250656 -0.00390386 -0.0241138
v 0.0273475 -0.00425925 -0.0214237
v 0.0245313 -0.00646043 -0.0241138
v 0.0267646 -0.00704857 -0.0214237
v -0.0138025 1.69031e-18 -0.0321635
v -0.0104777 1.28315e-18 -0.0333949
v -0.0137293 -0.00141918 -0.0321635
v -0.0104222 -0.00107733 -0.0333949
v -0.0135106 -0.00282332 -0.0321635
v -0.0102562 -0.00214324 -0.0333949
v -0.0131487 -0.00419753 -0.0321635
v -0.00998144 -0.00318643 -0.0333949
v -0.0126474 -0.00552725 -0.0321635
v -0.0096009 -0.00419584 -0.0333949
v -0.0120121 -0.00679837 -0.0321635
v -0.0091186 -0.00516078 -0.0333949
v -0.0112494 -0.00799743 -0.0321635
v -0.0169856 2.08013e-18 -0.0306021
v -0.0199944 2.44861e-18 -0.0287267
v -0.0168955 0.00174647 -0.0306021
v -0.0198884 0.00205584 -0.0287267
v -0.0166264 0.00347443 -0.0306021
v -0.0195716 0.00408989 -0.0287267
v -0.0161811 0.00516556 -0.0306021
v -0.0190474 0.00608059 -0.0287267
v -0.0155642 0.00680194 -0.0306021
v -0.0183212 0.00800683 -0.0287267
v -0.0176689 0.00935875 -0.0287267
v -0.0201959 0.0105772 -0.0265565
v -0.0198408 0.0112291 -0.0265565
v -0.0220772 0.0124948 -0.0241138
v -0.018581 0.0132097 -0.0265565
v -0.0206754 0.0146986 -0.0241138
v -0.0171243 0.0150502 -0.0265565
v -0.0190545 0.0167466 -0.0241138
v -0.0154861 0.0167311 -0.0265565
v -0.0172316 0.018617 -0.0241138
v -0.0136837 0.0182348 -0.0265565
v -0.0152261 0.0202901 -0.0241138
v -0.0117363 0.0195451 -0.0265565
v -0.0130591 0.0217481 -0.0241138
v -0.00966442 0.0206482 -0.0265565
v -0.0107538 0.0229756 -0.0241138
v -0.00749012 0.0215325 -0.0265565
v -0.00833438 0.0239596 -0.0241138
v -0.00523643 0.0221885 -0.0265565
v -0.00582666 0.0246895 -0.0241138
v -0.00292723 0.0226093 -0.0265565
v -0.00325718 0.0251578 -0.0241138
v -0.000587002 0.0227905 -0.0265565
v -0.000653167 0.0253593 -0.0241138
v 0.00175945 0.02273 -0.0265565
v 0.00195777 0.0252921 -0.0241138
v 0.00408725 0.0224287 -0.0265565
v 0.00454795 0.0249567 -0.0241138
v 0.00637172 0.0218895 -0.0265565
v 0.00708992 0.0243568 -0.0241138
v 0.00858866 0.0211184 -0.0265565
v 0.00955674 0.0234988 -0.0241138
v 0.0107145 0.0201233 -0.0265565
v 0.0119223 0.0223916 -0.0241138
v 0.0127269 0.018915 -0.0265565
v 0.0141614 0.021047 -0.0241138
v 0.0153594 0.0201894 -0.0241138
v 0.0166337 0.0221211 -0.0214237
v 0.0177298 0.0212527 -0.0214237
v 0.0190272 0.022808 -0.0185137
v 0.0198211 0.0193171 -0.0214237
v 0.0212715 0.0207307 -0.0185137
v 0.0217022 0.0171767 -0.0214237
v 0.0232904 0.0184337 -0.0185137
v 0.0233533 0.0148542 -0.0214237
v 0.0250623 0.0159412 -0.0185137
v 0.0247569 0.0123743 -0.0214237
v 0.0265685 0.0132798 -0.0185137
v 0.025898 0.00976317 -0.0214237
v 0.0277932 0.0104776 -0.0185137
v 0.0267646 0.00704857 -0.0214237
v 0.0287232 0.00756438 -0.0185137
v 0.0273475 0.00425925 -0.0214237
v 0.0293487 0.00457094 -0.0185137
v 0.0276405 0.00142479 -0.0214237
v 0.0296632 0.00152905 -0.0185137
v 0.0276405 -0.00142479 -0.0214237
v 0.0296632 -0.00152905 -0.0185137
v 0.0273475 -0.00425925 -0.0214237
v 0.0293487 -0.00457094 -0.0185137
v 0.0267646 -0.00704857 -0.0214237
v 0.0287232 -0.00756438 -0.0185137
v -0.0169856 2.08013e-18 -0.0306021
v -0.0138025 1.69031e-18 -0.0321635
v -0.0168955 -0.00174647 -0.0306021
v -0.0137293 -0.00141918 -0.0321635
v -0.0166264 -0.00347443 -0.0306021
v -0.0135106 -0.00282332 -0.0321635
v -0.0161811 -0.00516556 -0.0306021
v -0.0131487 -0.00419753 -0.0321635
v -0.0155642 -0.00680194 -0.0306021
v -0.0126474 -0.00552725 -0.0321635
v -0.0147823 -0.00836621 -0.0306021
v -0.0120121 -0.00679837 -0.0321635
v -0.0138437 -0.0098418 -0.0306021
v -0.0112494 -0.00799743 -0.0321635
v -0.0127584 -0.0112131 -0.0306021
v -0.0199944 2.44861e-18 -0.0287267
v -0.022798 2.79195e-18 -0.0265565
v -0.0198884 0.00205584 -0.0287267
v -0.0226772 0.00234412 -0.0265565
v -0.0195716 0.00408989 -0.0287267
v -0.022316 0.00466339 -0.0265565
v -0.0190474 0.00608059 -0.0287267
v -0.0217182 0.00693322 -0.0265565
v -0.0183212 0.00800683 -0.0287267
v -0.0208902 0.00912956 -0.0265565
v -0.0201959 0.0105772 -0.0265565
v -0.0225268 0.0116648 -0.0241138
v -0.0220772 0.0124948 -0.0241138
v -0.024087 0.0136323 -0.0214237
v -0.0206754 0.0146986 -0.0241138
v -0.0225577 0.0160367 -0.0214237
v -0.0190545 0.0167466 -0.0241138
v -0.0207892 0.0182711 -0.0214237
v -0.0172316 0.018617 -0.0241138
v -0.0188003 0.0203119 -0.0214237
v -0.0152261 0.0202901 -0.0241138
v -0.0166122 0.0221373 -0.0214237
v -0.0130591 0.0217481 -0.0241138
v -0.014248 0.023728 -0.0214237
v -0.0107538 0.0229756 -0.0241138
v -0.0117327 0.0250673 -0.0214237
v -0.00833438 0.0239596 -0.0241138
v -0.00909312 0.0261408 -0.0214237
v -0.00582666 0.0246895 -0.0241138
v -0.0063571 0.0269372 -0.0214237
v -0.00325718 0.0251578 -0.0241138
v -0.0035537 0.0274481 -0.0214237
v -0.000653167 0.0253593 -0.0241138
v -0.000712629 0.027668 -0.0214237
v 0.00195777 0.0252921 -0.0241138
v 0.002136 0.0275946 -0.0214237
v 0.00454795 0.0249567 -0.0241138
v 0.00496198 0.0272287 -0.0214237
v 0.00708992 0.0243568 -0.0241138
v 0.00773537 0.0265742 -0.0214237
v 0.00955674 0.0234988 -0.0241138
v 0.0104268 0.025638 -0.0214237
v 0.0119223 0.0223916 -0.0241138
v 0.0130076 0.02443 -0.0214237
v 0.0141614 0.021047 -0.0241138
v 0.0154506 0.0229631 -0.0214237
v 0.0166337 0.0221211 -0.0214237
v 0.0177174 0.0238398 -0.0185137
v 0.0190272 0.022808 -0.0185137
v 0.0201295 0.0241292 -0.0154138
v 0.0212715 0.0207307 -0.0185137
v 0.0225038 0.0219316 -0.0154138
v 0.0232904 0.0184337 -0.0185137
v 0.0246395 0.0195015 -0.0154138
v 0.0250623 0.0159412 -0.0185137
v 0.0265141 0.0168647 -0.0154138
v 0.0265685 0.0132798 -0.0185137
v 0.0281076 0.0140491 -0.0154138
v 0.0277932 0.0104776 -0.0185137
v 0.0294032 0.0110846 -0.0154138
v 0.0287232 0.00756438 -0.0185137
v 0.0303871 0.00800257 -0.0154138
v 0.0293487 0.00457094 -0.0185137
v 0.0310488 0.00483573 -0.0154138
v 0.0296632 0.00152905 -0.0185137
v 0.0313815 0.00161763 -0.0154138
v 0.0296632 -0.00152905 -0.0185137
v 0.0313815 -0.00161763 -0.0154138
v 0.0293487 -0.00457094 -0.0185137
v 0.0310488 -0.00483573 -0.0154138
v 0.0287232 -0.00756438 -0.0185137
v 0.0303871 -0.00800257 -0.0154138
v -0.0199944 2.44861e-18 -0.0287267
v -0.0169856 2.08013e-18 -0.0306021
v -0.0198884 -0.00205584 -0.0287267
v -0.0168955 -0.00174647 -0.0306021
v -0.0195716 -0.00408989 -0.0287267
v -0.0166264 -0.00347443 -0.0306021
v -0.0190474 -0.00608059 -0.0287267
v -0.0161811 -0.00516556 -0.0306021
v -0.0183212 -0.00800683 -0.0287267
v -0.0155642 -0.00680194 -0.0306021
v -0.0174008 -0.0098482 -0.0287267
v -0.0147823 -0.00836621 -0.0306021
v -0.016296 -0.0115852 -0.0287267
v -0.0138437 -0.0098418 -0.0306021
v -0.0150184 -0.0131993 -0.0287267
v -0.0127584 -0.0112131 -0.0306021
v -0.0135817 -0.0146736 -0.0287267
v -0.022798 2.79195e-18 -0.0265565
v -0.0253677 3.10665e-18 -0.0241138
v -0.0226772 0.00234412 -0.0265565
v -0.0252333 0.00260834 -0.0241138
v -0.022316 0.00466339 -0.0265565
v -0.0248314 0.00518903 -0.0241138
v -0.0217182 0.00693322 -0.0265565
v -0.0241662 0.00771471 -0.0241138
v -0.0208902 0.00912956 -0.0265565
v -0.0232449 0.0101586 -0.0241138
v -0.0225268 0.0116648 -0.0241138
v -0.0246365 0.0126122 -0.0214237
v -0.024087 0.0136323 -0.0214237
v -0.0258497 0.0146299 -0.0185137
v -0.0225577 0.0160367 -0.0214237
v -0.0242084 0.0172103 -0.0185137
v -0.0207892 0.0182711 -0.0214237
v -0.0223105 0.0196082 -0.0185137
v -0.0188003 0.0203119 -0.0214237
v -0.0201761 0.0217983 -0.0185137
v -0.0166122 0.0221373 -0.0214237
v -0.0178279 0.0237573 -0.0185137
v -0.014248 0.023728 -0.0214237
v -0.0152907 0.0254644 -0.0185137
v -0.0117327 0.0250673 -0.0214237
v -0.0125913 0.0269017 -0.0185137
v -0.00909312 0.0261408 -0.0214237
v -0.0199944 2.44861e-18 -0.0287267
v -0.0226772 -0.00234412 -0.0265565
v -0.0198884 -0.00205584 -0.0287267
v -0.022316 -0.00466339 -0.0265565
v -0.0195716 -0.00408989 -0.0287267
v -0.0217182 -0.00693322 -0.0265565
v -0.0190474 -0.00608059 -0.0287267
v -0.0208902 -0.00912956 -0.0265565
v -0.0183212 -0.00800683 -0.0287267
v -0.0198408 -0.0112291 -0.0265565
v -0.0174008 -0.0098482 -0.0287267
v -0.018581 -0.0132097 -0.0265565
v -0.016296 -0.0115852 -0.0287267
v -0.0171243 -0.0150502 -0.0265565
v -0.0150184 -0.0131993 -0.0287267
v -0.0154861 -0.0167311 -0.0265565
v -0.0135817 -0.0146736 -0.0287267
v -0.0136837 -0.0182348 -0.0265565
v -0.0253677 3.10665e-18 -0.0241138
v -0.0276772 3.38947e-18 -0.0214237
v -0.0252333 0.00260834 -0.0241138
v -0.0275305 0.00284579 -0.0214237
v -0.0248314 0.00518903 -0.0241138
v -0.0270919 0.00566142 -0.0214237
v -0.0241662 0.00771471 -0.0241138
v -0.0263662 0.00841703 -0.0214237
v -0.0232449 0.0101586 -0.0241138
v -0.025361 0.0110834 -0.0214237
v -0.0246365 0.0126122 -0.0214237
v -0.026502 0.013412 -0.0185137
v -0.0258497 0.0146299 -0.0185137
v -0.0273471 0.0154774 -0.0154138
v -0.0242084 0.0172103 -0.0185137
v -0.0256108 0.0182072 -0.0154138
v -0.0223105 0.0196082 -0.0185137
v -0.0236029 0.0207441 -0.0154138
v -0.0201761 0.0217983 -0.0185137
v -0.0213449 0.023061 -0.0154138
v -0.0178279 0.0237573 -0.0185137
v -0.0188606 0.0251335 -0.0154138
v -0.0152907 0.0254644 -0.0185137
v -0.0161764 0.0269395 -0.0154138
v -0.0125913 0.0269017 -0.0185137
v -0.0133207 0.02846 -0.0154138
v -0.022798 2.79195e-18 -0.0265565
v -0.0252333 -0.00260834 -0.0241138
v -0.0226772 -0.00234412 -0.0265565
v -0.0248314 -0.00518903 -0.0241138
v -0.022316 -0.00466339 -0.0265565
v -0.0241662 -0.00771471 -0.0241138
v -0.0217182 -0.00693322 -0.0265565
v -0.0232449 -0.0101586 -0.0241138
v -0.0208902 -0.00912956 -0.0265565
v -0.0220772 -0.0124948 -0.0241138
v -0.0198408 -0.0112291 -0.0265565
v -0.0206754 -0.0146986 -0.0241138
v -0.018581 -0.0132097 -0.0265565
v -0.0190545 -0.0167466 -0.0241138
v -0.0171243 -0.0150502 -0.0265565
v -0.0172316 -0.018617 -0.0241138
v -0.0154861 -0.0167311 -0.0265565
v -0.0152261 -0.0202901 -0.0241138
v -0.0136837 -0.0182348 -0.0265565
v -0.0133894 -0.0184519 -0.0265565
v -0.0276772 3.38947e-18 -0.0214237
v -0.0297025 3.63751e-18 -0.0185137
v -0.0275305 0.00284579 -0.0214237
v -0.0295451 0.00305405 -0.0185137
v -0.0270919 0.00566142 -0.0214237
v -0.0290745 0.00607572 -0.0185137
v -0.0263662 0.00841703 -0.0214237
v -0.0282957 0.00903299 -0.0185137
v -0.025361 0.0110834 -0.0214237
v -0.0272169 0.0118945 -0.0185137
v -0.026502 0.013412 -0.0185137
v -0.028103 0.0140584 -0.0154138
v -0.0273471 0.0154774 -0.0154138
v -0.0285639 0.0161661 -0.0121557
v -0.0256108 0.0182072 -0.0154138
v -0.0267503 0.0190174 -0.0121557
v -0.0236029 0.0207441 -0.0154138
v -0.0246531 0.0216671 -0.0121557
v -0.0213449 0.023061 -0.0154138
v -0.0222946 0.0240871 -0.0121557
v -0.0188606 0.0251335 -0.0154138
v -0.0196998 0.0262518 -0.0121557
v -0.0161764 0.0269395 -0.0154138
v -0.0168962 0.0281382 -0.0121557
v -0.0253677 3.10665e-18 -0.0241138
v -0.0275305 -0.00284579 -0.0214237
v -0.0252333 -0.00260834 -0.0241138
v -0.0270919 -0.00566142 -0.0214237
v -0.0248314 -0.00518903 -0.0241138
v -0.0263662 -0.00841703 -0.0214237
v -0.0241662 -0.00771471 -0.0241138
v -0.025361 -0.0110834 -0.0214237
v -0.0232449 -0.0101586 -0.0241138
v -0.024087 -0.0136323 -0.0214237
v -0.0220772 -0.0124948 -0.0241138
v -0.0225577 -0.0160367 -0.0214237
v -0.0206754 -0.0146986 -0.0241138
v -0.0207892 -0.0182711 -0.0214237
v -0.0190545 -0.0167466 -0.0241138
v -0.0188003 -0.0203119 -0.0214237
v -0.0172316 -0.018617 -0.0241138
v -0.0166122 -0.0221373 -0.0214237
v -0.0152261 -0.0202901 -0.0241138
v -0.0148515 -0.0205659 -0.0241138
v -0.0133894 -0.0184519 -0.0265565
v -0.0117363 -0.0195451 -0.0265565
v -0.0297025 3.63751e-18 -0.0185137
v -0.0314232 3.84823e-18 -0.0154138
v -0.0295451 0.00305405 -0.0185137
v -0.0312566 0.00323096 -0.0154138
v -0.0290745 0.00607572 -0.0185137
v -0.0307587 0.00642767 -0.0154138
v -0.0282957 0.00903299 -0.0185137
v -0.0299348 0.00955625 -0.0154138
v -0.0272169 0.0118945 -0.0185137
v -0.0287936 0.0125835 -0.0154138
v -0.028103 0.0140584 -0.0154138
v -0.0294214 0.0145472 -0.0121557
v -0.0285639 0.0161661 -0.0121557
v -0.0294876 0.0166889 -0.00877284
v -0.0267503 0.0190174 -0.0121557
v -0.0276154 0.0196324 -0.00877284
v -0.0246531 0.0216671 -0.0121557
v -0.0254504 0.0223677 -0.00877284
v -0.0222946 0.0240871 -0.0121557
v -0.0230156 0.024866 -0.00877284
v -0.0196998 0.0262518 -0.0121557
v -0.0276772 3.38947e-18 -0.0214237
v -0.0295451 -0.00305405 -0.0185137
v -0.0275305 -0.00284579 -0.0214237
v -0.0290745 -0.00607572 -0.0185137
v -0.0270919 -0.00566142 -0.0214237
v -0.0282957 -0.00903299 -0.0185137
v -0.0263662 -0.00841703 -0.0214237
v -0.0272169 -0.0118945 -0.0185137
v -0.025361 -0.0110834 -0.0214237
v -0.0258497 -0.0146299 -0.0185137
v -0.024087 -0.0136323 -0.0214237
v -0.0242084 -0.0172103 -0.0185137
v -0.0225577 -0.0160367 -0.0214237
v -0.0223105 -0.0196082 -0.0185137
v -0.0207892 -0.0182711 -0.0214237
v -0.0201761 -0.0217983 -0.0185137
v -0.0188003 -0.0203119 -0.0214237
v -0.0178279 -0.0237573 -0.0185137
v -0.0166122 -0.0221373 -0.0214237
v -0.0161521 -0.0224752 -0.0214237
v -0.0148515 -0.0205659 -0.0241138
v -0.0130591 -0.0217481 -0.0241138
v -0.0117363 -0.0195451 -0.0265565
v -0.0107538 -0.0229756 -0.0241138
v -0.0314232 3.84823e-18 -0.0154138
v -0.0297025 3.63751e-18 -0.0185137
v -0.0312566 -0.00323096 -0.0154138
v -0.0307587 -0.00642767 -0.0154138
v -0.0299348 -0.00955625 -0.0154138
v -0.0287936 -0.0125835 -0.0154138
v -0.0273471 -0.0154774 -0.0154138
v -0.0256108 -0.0182072 -0.0154138
v -0.0236029 -0.0207441 -0.0154138
v -0.0213449 -0.023061 -0.0154138
v -0.0188606 -0.0251335 -0.0154138
v -0.0172788 -0.0241596 -0.0185137
v -0.014248 -0.023728 -0.0214237
v -0.0117327 -0.0250673 -0.0214237
v -0.0314232 3.84823e-18 0.0154138
v -0.0297025 3.63751e-18 0.0185137
v -0.0312566 0.00323096 0.0154138
v -0.0295451 0.00305405 0.0185137
v -0.0307587 0.00642767 0.0154138
v -0.0290745 0.00607572 0.0185137
v -0.0299348 0.00955625 0.0154138
v -0.0282957 0.00903299 0.0185137
v -0.0287936 0.0125835 0.0154138
v -0.0272169 0.0118945 0.0185137
v -0.0273471 0.0154774 0.0154138
v -0.0258497 0.0146299 0.0185137
v -0.0256108 0.0182072 0.0154138
v -0.0242084 0.0172103 0.0185137
v -0.0236029 0.0207441 0.0154138
v -0.0223105 0.0196082 0.0185137
v -0.0213449 0.023061 0.0154138
v -0.0201761 0.0217983 0.0185137
v -0.0188606 0.0251335 0.0154138
v -0.0178279 0.0237573 0.0185137
v -0.0161764 0.0269395 0.0154138
v -0.0152907 0.0254644 0.0185137
v -0.0133207 0.02846 0.0154138
v -0.0125913 0.0269017 0.0185137
v -0.0276772 3.38947e-18 0.0214237
v -0.0275305 0.00284579 0.0214237
v -0.0270919 0.00566142 0.0214237
v -0.0263662 0.00841703 0.0214237
v -0.025361 0.0110834 0.0214237
v -0.024087 0.0136323 0.0214237
v -0.0225577 0.0160367 0.0214237
v -0.0207892 0.0182711 0.0214237
v -0.0188003 0.0203119 0.0214237
v -0.0166122 0.0221373 0.0214237
v -0.014248 0.023728 0.0214237
v -0.0117327 0.0250673 0.0214237
v -0.0297025 3.63751e-18 0.0185137
v -0.0314232 3.84823e-18 0.0154138
v -0.0295451 -0.00305405 0.0185137
v -0.0312566 -0.00323096 0.0154138
v -0.0290745 -0.00607572 0.0185137
v -0.0307587 -0.00642767 0.0154138
v -0.0282957 -0.00903299 0.0185137
v -0.0299348 -0.00955625 0.0154138
v -0.0272169 -0.0118945 0.0185137
v -0.0287936 -0.0125835 0.0154138
v -0.0258497 -0.0146299 0.0185137
v -0.0273471 -0.0154774 0.0154138
v -0.0242084 -0.0172103 0.0185137
v -0.0256108 -0.0182072 0.0154138
v -0.0223105 -0.0196082 0.0185137
v -0.0236029 -0.0207441 0.0154138
v -0.0201761 -0.0217983 0.0185137
v -0.0213449 -0.023061 0.0154138
v -0.0178279 -0.0237573 0.0185137
v -0.0188606 -0.0251335 0.0154138
v -0.0152907 -0.0254644 0.0185137
v -0.0161764 -0.0269395 0.0154138
v -0.0125913 -0.0269017 0.0185137
v -0.0133207 -0.02846 0.0154138
v -0.0276772 3.38947e-18 0.0214237
v -0.0253677 3.10665e-18 0.0241138
v -0.0275305 0.00284579 0.0214237
v -0.0252333 0.00260834 0.0241138
v -0.0270919 0.00566142 0.0214237
v -0.0248314 0.00518903 0.0241138
v -0.0263662 0.00841703 0.0214237
v -0.0241662 0.00771471 0.0241138
v -0.025361 0.0110834 0.0214237
v -0.0232449 0.0101586 0.0241138
v -0.024087 0.0136323 0.0214237
v -0.0220772 0.0124948 0.0241138
v -0.0225577 0.0160367 0.0214237
v -0.0206754 0.0146986 0.0241138
v -0.0207892 0.0182711 0.0214237
v -0.0190545 0.0167466 0.0241138
v -0.0188003 0.0203119 0.0214237
v -0.0172316 0.018617 0.0241138
v -0.0166122 0.0221373 0.0214237
v -0.0152261 0.0202901 0.0241138
v -0.014248 0.023728 0.0214237
v -0.0130591 0.0217481 0.0241138
v -0.0117327 0.0250673 0.0214237
v -0.0107538 0.0229756 0.0241138
v -0.0297025 3.63751e-18 0.0185137
v -0.0275305 -0.00284579 0.0214237
v -0.0295451 -0.00305405 0.0185137
v -0.0270919 -0.00566142 0.0214237
v -0.0290745 -0.00607572 0.0185137
v -0.0263662 -0.00841703 0.0214237
v -0.0282957 -0.00903299 0.0185137
v -0.025361 -0.0110834 0.0214237
v -0.0272169 -0.0118945 0.0185137
v -0.024087 -0.0136323 0.0214237
v -0.0258497 -0.0146299 0.0185137
v -0.0225577 -0.0160367 0.0214237
v -0.0242084 -0.0172103 0.0185137
v -0.0207892 -0.0182711 0.0214237
v -0.0223105 -0.0196082 0.0185137
v -0.0188003 -0.0203119 0.0214237
v -0.0201761 -0.0217983 0.0185137
v -0.0166122 -0.0221373 0.0214237
v -0.0178279 -0.0237573 0.0185137
v -0.014248 -0.023728 0.0214237
v -0.0152907 -0.0254644 0.0185137
v -0.0117327 -0.0250673 0.0214237
v -0.0125913 -0.0269017 0.0185137
v -0.00909312 -0.0261408 0.0214237
v -0.0253677 3.10665e-18 0.0241138
v -0.022798 2.79195e-18 0.0265565
v -0.0252333 0.00260834 0.0241138
v -0.0226772 0.00234412 0.0265565
v -0.0248314 0.00518903 0.0241138
v -0.022316 0.00466339 0.0265565
v -0.0241662 0.00771471 0.0241138
v -0.0217182 0.00693322 0.0265565
v -0.0232449 0.0101586 0.0241138
v -0.0208902 0.00912956 0.0265565
v -0.0220772 0.0124948 0.0241138
v -0.0198408 0.0112291 0.0265565
v -0.0206754 0.0146986 0.0241138
v -0.018581 0.0132097 0.0265565
v -0.0190545 0.0167466 0.0241138
v -0.0171243 0.0150502 0.0265565
v -0.0172316 0.018617 0.0241138
v -0.0154861 0.0167311 0.0265565
v -0.0152261 0.0202901 0.0241138
v -0.0136837 0.0182348 0.0265565
v -0.0130591 0.0217481 0.0241138
v -0.0117363 0.0195451 0.0265565
v -0.0107538 0.0229756 0.0241138
v -0.0276772 3.38947e-18 0.0214237
v -0.0252333 -0.00260834 0.0241138
v -0.0275305 -0.00284579 0.0214237
v -0.0248314 -0.00518903 0.0241138
v -0.0270919 -0.00566142 0.0214237
v -0.0241662 -0.00771471 0.0241138
v -0.0263662 -0.00841703 0.0214237
v -0.0232449 -0.0101586 0.0241138
v -0.025361 -0.0110834 0.0214237
v -0.0220772 -0.0124948 0.0241138
v -0.024087 -0.0136323 0.0214237
v -0.0206754 -0.0146986 0.0241138
v -0.0225577 -0.0160367 0.0214237
v -0.0190545 -0.0167466 0.0241138
v -0.0207892 -0.0182711 0.0214237
v -0.0172316 -0.018617 0.0241138
v -0.0188003 -0.0203119 0.0214237
v -0.0152261 -0.0202901 0.0241138
v -0.0166122 -0.0221373 0.0214237
v -0.0130591 -0.0217481 0.0241138
v -0.014248 -0.023728 0.0214237
v -0.0107538 -0.0229756 0.0241138
v -0.0117327 -0.0250673 0.0214237
v -0.00833438 -0.0239596 0.0241138
v -0.00909312 -0.0261408 0.0214237
v -0.00582666 -0.0246895 0.0241138
v -0.0063571 -0.0269372 0.0214237
v -0.00325718 -0.0251578 0.0241138
v -0.0035537 -0.0274481 0.0214237
v -0.000653167 -0.0253593 0.0241138
v -0.000712629 -0.027668 0.0214237
v 0.00195777 -0.0252921 0.0241138
v 0.002136 -0.0275946 0.0214237
v 0.00454795 -0.0249567 0.0241138
v 0.00496198 -0.0272287 0.0214237
v 0.00708992 -0.0243568 0.0241138
v 0.00773537 -0.0265742 0.0214237
v 0.00955674 -0.0234988 0.0241138
v 0.0104268 -0.025638 0.0214237
v 0.0119223 -0.0223916 0.0241138
v 0.0130076 -0.02443 0.0214237
v 0.0141614 -0.021047 0.0241138
v 0.0154506 -0.0229631 0.0214237
v -0.022798 2.79195e-18 0.0265565
v -0.0199944 2.44861e-18 0.0287267
v -0.0226772 0.00234412 0.0265565
v -0.0198884 0.00205584 0.0287267
v -0.022316 0.00466339 0.0265565
v -0.0195716 0.00408989 0.0287267
v -0.0217182 0.00693322 0.0265565
v -0.0190474 0.00608059 0.0287267
v -0.0208902 0.00912956 0.0265565
v -0.0183212 0.00800683 0.0287267
v -0.0198408 0.0112291 0.0265565
v -0.0174008 0.0098482 0.0287267
v -0.018581 0.0132097 0.0265565
v -0.016296 0.0115852 0.0287267
v -0.0171243 0.0150502 0.0265565
v -0.0150184 0.0131993 0.0287267
v -0.0154861 0.0167311 0.0265565
v -0.0135817 0.0146736 0.0287267
v -0.0136837 0.0182348 0.0265565
v -0.0120009 0.0159923 0.0287267
v -0.0117363 0.0195451 0.0265565
v -0.0253677 3.10665e-18 0.0241138
v -0.0226772 -0.00234412 0.0265565
v -0.0252333 -0.00260834 0.0241138
v -0.022316 -0.00466339 0.0265565
v -0.0248314 -0.00518903 0.0241138
v -0.0217182 -0.00693322 0.0265565
v -0.0241662 -0.00771471 0.0241138
v -0.0208902 -0.00912956 0.0265565
v -0.0232449 -0.0101586 0.0241138
v -0.0198408 -0.0112291 0.0265565
v -0.0220772 -0.0124948 0.0241138
v -0.018581 -0.0132097 0.0265565
v -0.0206754 -0.0146986 0.0241138
v -0.0171243 -0.0150502 0.0265565
v -0.0190545 -0.0167466 0.0241138
v -0.0154861 -0.0167311 0.0265565
v -0.0172316 -0.018617 0.0241138
v -0.0136837 -0.0182348 0.0265565
v -0.0152261 -0.0202901 0.0241138
v -0.0117363 -0.0195451 0.0265565
v -0.0130591 -0.0217481 0.0241138
v -0.00966442 -0.0206482 0.0265565
v -0.0107538 -0.0229756 0.0241138
v -0.00749012 -0.0215325 0.0265565
v -0.00833438 -0.0239596 0.0241138
v -0.00523643 -0.0221885 0.0265565
v -0.00582666 -0.0246895 0.0241138
v -0.00292723 -0.0226093 0.0265565
v -0.00325718 -0.0251578 0.0241138
v -0.000587002 -0.0227905 0.0265565
v -0.000653167 -0.0253593 0.0241138
v 0.00175945 -0.02273 0.0265565
v 0.00195777 -0.0252921 0.0241138
v 0.00408725 -0.0224287 0.0265565
v 0.00454795 -0.0249567 0.0241138
v 0.00637172 -0.0218895 0.0265565
v 0.00708992 -0.0243568 0.0241138
v 0.00858866 -0.0211184 0.0265565
v 0.00955674 -0.0234988 0.0241138
v 0.0107145 -0.0201233 0.0265565
v 0.0119223 -0.0223916 0.0241138
v 0.0127269 -0.018915 0.0265565
v 0.0141614 -0.021047 0.0241138
v -0.0199944 2.44861e-18 0.0287267
v -0.0169856 2.08013e-18 0.0306021
v -0.0198884 0.00205584 0.0287267
v -0.0168955 0.00174647 0.0306021
v -0.0195716 0.00408989 0.0287267
v -0.0166264 0.00347443 0.0306021
v -0.0190474 0.00608059 0.0287267
v -0.0161811 0.00516556 0.0306021
v -0.0183212 0.00800683 0.0287267
v -0.0155642 0.00680194 0.0306021
v -0.0174008 0.0098482 0.0287267
v -0.0147823 0.00836621 0.0306021
v -0.016296 0.0115852 0.0287267
v -0.0138437 0.0098418 0.0306021
v -0.0150184 0.0131993 0.0287267
v -0.0127584 0.0112131 0.0306021
v -0.0135817 0.0146736 0.0287267
v -0.0115378 0.0124655 0.0306021
v -0.0120009 0.0159923 0.0287267
v -0.022798 2.79195e-18 0.0265565
v -0.0198884 -0.00205584 0.0287267
v -0.0226772 -0.00234412 0.0265565
v -0.0195716 -0.00408989 0.0287267
v -0.022316 -0.00466339 0.0265565
v -0.0190474 -0.00608059 0.0287267
v -0.0217182 -0.00693322 0.0265565
v -0.0183212 -0.00800683 0.0287267
v -0.0208902 -0.00912956 0.0265565
v -0.0174008 -0.0098482 0.0287267
v -0.0198408 -0.0112291 0.0265565
v -0.016296 -0.0115852 0.0287267
v -0.018581 -0.0132097 0.0265565
v -0.0150184 -0.0131993 0.0287267
v -0.0171243 -0.0150502 0.0265565
v -0.0135817 -0.0146736 0.0287267
v -0.0154861 -0.0167311 0.0265565
v -0.0120009 -0.0159923 0.0287267
v -0.0136837 -0.0182348 0.0265565
v -0.010293 -0.0171415 0.0287267
v -0.0117363 -0.0195451 0.0265565
v -0.00847591 -0.018109 0.0287267
v -0.00966442 -0.0206482 0.0265565
v -0.006569 -0.0188845 0.0287267
v -0.00749012 -0.0215325 0.0265565
v -0.00459247 -0.0194598 0.0287267
v -0.00523643 -0.0221885 0.0265565
v -0.00256725 -0.0198289 0.0287267
v -0.00292723 -0.0226093 0.0265565
v -0.000514814 -0.0199878 0.0287267
v -0.000587002 -0.0227905 0.0265565
v 0.00154308 -0.0199348 0.0287267
v 0.00175945 -0.02273 0.0265565
v 0.00358461 -0.0196704 0.0287267
v 0.00408725 -0.0224287 0.0265565
v 0.00558814 -0.0191976 0.0287267
v 0.00637172 -0.0218895 0.0265565
v 0.00753244 -0.0185213 0.0287267
v 0.00858866 -0.0211184 0.0265565
v 0.0093969 -0.0176486 0.0287267
v 0.0107145 -0.0201233 0.0265565
v 0.0111617 -0.0165889 0.0287267
v 0.0127269 -0.018915 0.0265565
v -0.0169856 2.08013e-18 0.0306021
v -0.0138025 1.69031e-18 0.0321635
v -0.0168955 0.00174647 0.0306021
v -0.0137293 0.00141918 0.0321635
v -0.0166264 0.00347443 0.0306021
v -0.0135106 0.00282332 0.0321635
v -0.0161811 0.00516556 0.0306021
v -0.0131487 0.00419753 0.0321635
v -0.0155642 0.00680194 0.0306021
v -0.0126474 0.00552725 0.0321635
v -0.0147823 0.00836621 0.0306021
v -0.0120121 0.00679837 0.0321635
v -0.0138437 0.0098418 0.0306021
v -0.0112494 0.00799743 0.0321635
v -0.0127584 0.0112131 0.0306021
v -0.0103675 0.00911172 0.0321635
v -0.0115378 0.0124655 0.0306021
v -0.0199944 2.44861e-18 0.0287267
v -0.0168955 -0.00174647 0.0306021
v -0.0198884 -0.00205584 0.0287267
v -0.0166264 -0.00347443 0.0306021
v -0.0195716 -0.00408989 0.0287267
v -0.0161811 -0.00516556 0.0306021
v -0.0190474 -0.00608059 0.0287267
v -0.0155642 -0.00680194 0.0306021
v -0.0183212 -0.00800683 0.0287267
v -0.0147823 -0.00836621 0.0306021
v -0.0174008 -0.0098482 0.0287267
v -0.0138437 -0.0098418 0.0306021
v -0.016296 -0.0115852 0.0287267
v -0.0127584 -0.0112131 0.0306021
v -0.0150184 -0.0131993 0.0287267
v -0.0115378 -0.0124655 0.0306021
v -0.0135817 -0.0146736 0.0287267
v -0.010195 -0.0135857 0.0306021
v -0.0120009 -0.0159923 0.0287267
v -0.00874405 -0.014562 0.0306021
v -0.010293 -0.0171415 0.0287267
v -0.00720043 -0.0153839 0.0306021
v -0.00847591 -0.018109 0.0287267
v -0.00558048 -0.0160427 0.0306021
v -0.006569 -0.0188845 0.0287267
v -0.00390138 -0.0165314 0.0306021
v -0.00459247 -0.0194598 0.0287267
v -0.00218092 -0.016845 0.0306021
v -0.00256725 -0.0198289 0.0287267
v -0.000437343 -0.0169799 0.0306021
v -0.000514814 -0.0199878 0.0287267
v 0.00131087 -0.0169349 0.0306021
v 0.00154308 -0.0199348 0.0287267
v 0.00304519 -0.0167104 0.0306021
v 0.00358461 -0.0196704 0.0287267
v 0.00474722 -0.0163087 0.0306021
v 0.00558814 -0.0191976 0.0287267
v 0.00639894 -0.0157341 0.0306021
v 0.00753244 -0.0185213 0.0287267
v 0.00798282 -0.0149928 0.0306021
v 0.0093969 -0.0176486 0.0287267
v 0.00948209 -0.0140925 0.0306021
v 0.0111617 -0.0165889 0.0287267
v -0.0138025 1.69031e-18 0.0321635
v -0.0104777 1.28315e-18 0.0333949
v -0.0137293 0.00141918 0.0321635
v -0.0104222 0.00107733 0.0333949
v -0.0135106 0.00282332 0.0321635
v -0.0102562 0.00214324 0.0333949
v -0.0131487 0.00419753 0.0321635
v -0.00998144 0.00318643 0.0333949
v -0.0126474 0.00552725 0.0321635
v -0.0096009 0.00419584 0.0333949
v -0.0120121 0.00679837 0.0321635
v -0.0091186 0.00516078 0.0333949
v -0.0112494 0.00799743 0.0321635
v -0.00853963 0.00607101 0.0333949
v -0.0103675 0.00911172 0.0321635
v -0.0169856 2.08013e-18 0.0306021
v -0.0137293 -0.00141918 0.0321635
v -0.0168955 -0.00174647 0.0306021
v -0.0135106 -0.00282332 0.0321635
v -0.0166264 -0.00347443 0.0306021
v -0.0131487 -0.00419753 0.0321635
v -0.0161811 -0.00516556 0.0306021
v -0.0126474 -0.00552725 0.0321635
v -0.0155642 -0.00680194 0.0306021
v -0.0120121 -0.00679837 0.0321635
v -0.0147823 -0.00836621 0.0306021
v -0.0112494 -0.00799743 0.0321635
v -0.0138437 -0.0098418 0.0306021
v -0.0103675 -0.00911172 0.0321635
v -0.0127584 -0.0112131 0.0306021
v -0.00937564 -0.0101294 0.0321635
v -0.0115378 -0.0124655 0.0306021
v -0.00828443 -0.0110397 0.0321635
v -0.010195 -0.0135857 0.0306021
v -0.0071054 -0.011833 0.0321635
v -0.00874405 -0.014562 0.0306021
v -0.00585106 -0.0125009 0.0321635
v -0.00720043 -0.0153839 0.0306021
v -0.00453469 -0.0130363 0.0321635
v -0.00558048 -0.0160427 0.0306021
v -0.00317025 -0.0134334 0.0321635
v -0.00390138 -0.0165314 0.0306021
v -0.00177221 -0.0136882 0.0321635
v -0.00218092 -0.016845 0.0306021
v -0.000355384 -0.0137979 0.0321635
v -0.000437343 -0.0169799 0.0306021
v 0.00106521 -0.0137613 0.0321635
v 0.00131087 -0.0169349 0.0306021
v 0.00247451 -0.0135788 0.0321635
v 0.00304519 -0.0167104 0.0306021
v 0.00385759 -0.0132524 0.0321635
v 0.00474722 -0.0163087 0.0306021
v 0.00519977 -0.0127855 0.0321635
v 0.00639894 -0.0157341 0.0306021
v 0.00648683 -0.0121831 0.0321635
v 0.00798282 -0.0149928 0.0306021
v 0.00770513 -0.0114516 0.0321635
v 0.00948209 -0.0140925 0.0306021
v -0.0104777 1.28315e-18 0.0333949
v -0.00704545 8.62819e-19 0.0342835
v -0.0104222 0.00107733 0.0333949
v -0.00700811 0.00072442 0.0342835
v -0.0102562 0.00214324 0.0333949
v -0.00689648 0.00144116 0.0342835
v -0.00998144 0.00318643 0.0333949
v -0.00671174 0.00214263 0.0342835
v -0.0096009 0.00419584 0.0333949
v -0.00645586 0.00282138 0.0342835
v -0.0091186 0.00516078 0.0333949
v -0.00613155 0.00347022 0.0342835
v -0.00853963 0.00607101 0.0333949
v -0.0138025 1.69031e-18 0.0321635
v -0.0104222 -0.00107733 0.0333949
v -0.0137293 -0.00141918 0.0321635
v -0.0102562 -0.00214324 0.0333949
v -0.0135106 -0.00282332 0.0321635
v -0.00998144 -0.00318643 0.0333949
v -0.0131487 -0.00419753 0.0321635
v -0.0096009 -0.00419584 0.0333949
v -0.0126474 -0.00552725 0.0321635
v -0.0091186 -0.00516078 0.0333949
v -0.0120121 -0.00679837 0.0321635
v -0.00853963 -0.00607101 0.0333949
v -0.0112494 -0.00799743 0.0321635
v -0.00787014 -0.00691688 0.0333949
v -0.0103675 -0.00911172 0.0321635
v -0.00711723 -0.00768944 0.0333949
v -0.00937564 -0.0101294 0.0321635
v -0.00628887 -0.00838048 0.0333949
v -0.00828443 -0.0110397 0.0321635
v -0.00539385 -0.00898269 0.0333949
v -0.0071054 -0.011833 0.0321635
v -0.00444165 -0.00948969 0.0333949
v -0.00585106 -0.0125009 0.0321635
v -0.00344237 -0.00989608 0.0333949
v -0.00453469 -0.0130363 0.0321635
v -0.0024066 -0.0101976 0.0333949
v -0.00317025 -0.0134334 0.0321635
v -0.00134532 -0.010391 0.0333949
v -0.00177221 -0.0136882 0.0321635
v -0.000269779 -0.0104742 0.0333949
v -0.000355384 -0.0137979 0.0321635
v 0.000808622 -0.0104465 0.0333949
v 0.00106521 -0.0137613 0.0321635
v 0.00187845 -0.0103079 0.0333949
v 0.00247451 -0.0135788 0.0321635
v 0.00292837 -0.0100602 0.0333949
v 0.00385759 -0.0132524 0.0321635
v 0.00394725 -0.00970575 0.0333949
v 0.00519977 -0.0127855 0.0321635
v 0.00492428 -0.00924845 0.0333949
v 0.00648683 -0.0121831 0.0321635
v 0.00584912 -0.00869311 0.0333949
v 0.00770513 -0.0114516 0.0321635
v -0.00704545 8.62819e-19 0.0342835
v -0.00354089 4.33634e-19 0.0348204
v -0.00700811 0.00072442 0.0342835
v -0.00352212 0.000364078 0.0348204
v -0.00689648 0.00144116 0.0342835
v -0.00346602 0.000724297 0.0348204
v -0.00671174 0.00214263 0.0342835
v -0.00337318 0.00107684 0.0348204
v -0.00645586 0.00282138 0.0342835
v -0.00324458 0.00141796 0.0348204
v -0.00613155 0.00347022 0.0342835
v -0.0104777 1.28315e-18 0.0333949
v -0.00700811 -0.00072442 0.0342835
v -0.0104222 -0.00107733 0.0333949
v -0.00689648 -0.00144116 0.0342835
v -0.0102562 -0.00214324 0.0333949
v -0.00671174 -0.00214263 0.0342835
v -0.00998144 -0.00318643 0.0333949
v -0.00645586 -0.00282138 0.0342835
v -0.0096009 -0.00419584 0.0333949
v -0.00613155 -0.00347022 0.0342835
v -0.0091186 -0.00516078 0.0333949
v -0.00574224 -0.00408228 0.0342835
v -0.00853963 -0.00607101 0.0333949
v -0.00529206 -0.00465107 0.0342835
v -0.00787014 -0.00691688 0.0333949
v -0.00478578 -0.00517055 0.0342835
v -0.00711723 -0.00768944 0.0333949
v -0.00422878 -0.00563523 0.0342835
v -0.00628887 -0.00838048 0.0333949
v -0.00362695 -0.00604017 0.0342835
v -0.00539385 -0.00898269 0.0333949
v -0.00298667 -0.00638108 0.0342835
v -0.00444165 -0.00948969 0.0333949
v -0.00231473 -0.00665435 0.0342835
v -0.00344237 -0.00989608 0.0333949
v -0.00161825 -0.00685708 0.0342835
v -0.0024066 -0.0101976 0.0333949
v -0.000904624 -0.00698713 0.0342835
v -0.00134532 -0.010391 0.0333949
v -0.000181406 -0.00704311 0.0342835
v -0.000269779 -0.0104742 0.0333949
v 0.000543736 -0.00702444 0.0342835
v 0.000808622 -0.0104465 0.0333949
v 0.00126311 -0.0069313 0.0342835
v 0.00187845 -0.0103079 0.0333949
v 0.0019691 -0.00676469 0.0342835
v 0.00292837 -0.0100602 0.0333949
v 0.00265422 -0.00652637 0.0342835
v 0.00394725 -0.00970575 0.0333949
v 0.0033112 -0.00621887 0.0342835
v 0.00492428 -0.00924845 0.0333949
v 0.00393308 -0.00584545 0.0342835
v 0.00584912 -0.00869311 0.0333949
v -0.00354089 4.33634e-19 0.0348204
v -0.00704545 8.62819e-19 0.0342835
v -0.00352212 -0.000364078 0.0348204
v -0.00700811 -0.00072442 0.0342835
v -0.00346602 -0.000724297 0.0348204
v -0.00689648 -0.00144116 0.0342835
v -0.00337318 -0.00107684 0.0348204
v -0.00671174 -0.00214263 0.0342835
v -0.00324458 -0.00141796 0.0348204
v -0.00645586 -0.00282138 0.0342835
v -0.00308159 -0.00174406 0.0348204
v -0.00613155 -0.00347022 0.0342835
v -0.00288593 -0.00205167 0.0348204
v -0.00574224 -0.00408228 0.0342835
v -0.00265968 -0.00233753 0.0348204
v -0.00529206 -0.00465107 0.0342835
v -0.00240523 -0.00259861 0.0348204
v -0.00478578 -0.00517055 0.0342835
v -0.00212529 -0.00283214 0.0348204
v -0.00422878 -0.00563523 0.0342835
v -0.00182283 -0.00303566 0.0348204
v -0.00362695 -0.00604017 0.0342835
v -0.00150103 -0.00320699 0.0348204
v -0.00298667 -0.00638108 0.0342835
v -0.00116333 -0.00334433 0.0348204
v -0.00231473 -0.00665435 0.0342835
v -0.000813299 -0.00344622 0.0348204
v -0.00161825 -0.00685708 0.0342835
v -0.000454645 -0.00351158 0.0348204
v -0.000904624 -0.00698713 0.0342835
v -9.11706e-05 -0.00353972 0.0348204
v -0.000181406 -0.00704311 0.0342835
v 0.00027327 -0.00353033 0.0348204
v 0.000543736 -0.00702444 0.0342835
v 0.000634814 -0.00348352 0.0348204
v 0.00126311 -0.0069313 0.0342835
v 0.000989628 -0.00339979 0.0348204
v 0.0019691 -0.00676469 0.0342835
v 0.00133395 -0.00328001 0.0348204
v 0.00265422 -0.00652637 0.0342835
v 0.00166414 -0.00312547 0.0348204
v 0.0033112 -0.00621887 0.0342835
v 0.00197668 -0.0029378 0.0348204
v 0.00393308 -0.00584545 0.0342835
v -0.00182283 -0.00303566 -0.0348204
v -0.0021188 -0.00283701 -0.0348204
v -2.14313e-18 -2.62458e-34 -0.035
v 0.00316938 -0.0015789 -0.0348204
v 0.00630206 -0.00314998 -0.0342835
v 0.00298772 -0.00190038 -0.0348204
v 0.00594478 -0.00378127 -0.0342835
v 0.00277648 -0.00219751 -0.0348204
v 0.00552448 -0.00437247 -0.0342835
v 0.00253582 -0.00247134 -0.0348204
v 0.00504561 -0.00491733 -0.0342835
v 0.00226827 -0.00271898 -0.0348204
v 0.00451327 -0.00541006 -0.0342835
v 0.00197668 -0.0029378 -0.0348204
v 0.00393308 -0.00584545 -0.0342835
v 0.00166414 -0.00312547 -0.0348204
v 0.0033112 -0.00621887 -0.0342835
v 0.00133395 -0.00328001 -0.0348204
v 0.00265422 -0.00652637 -0.0342835
v 0.000989628 -0.00339979 -0.0348204
v 0.0019691 -0.00676469 -0.0342835
v 0.000634814 -0.00348352 -0.0348204
v 0.00126311 -0.0069313 -0.0342835
v 0.00027327 -0.00353033 -0.0348204
v 0.000543736 -0.00702444 -0.0342835
v -9.11706e-05 -0.00353972 -0.0348204
v -0.000181406 -0.00704311 -0.0342835
v -0.000454645 -0.00351158 -0.0348204
v -0.000904624 -0.00698713 -0.0342835
v -0.000813299 -0.00344622 -0.0348204
v -0.00161825 -0.00685708 -0.0342835
v -0.00116333 -0.00334433 -0.0348204
v -0.00231473 -0.00665435 -0.0342835
v -0.00150103 -0.00320699 -0.0348204
v -0.00298667 -0.00638108 -0.0342835
v -0.00182283 -0.00303566 -0.0348204
v -2.14313e-18 -2.62458e-34 -0.035
v 0.00225297 0.00273167 -0.0348204
v 0.00226827 0.00271898 -0.0348204
v 0.00451327 0.00541006 -0.0342835
v 0.00253582 0.00247134 -0.0348204
v 0.00504561 0.00491733 -0.0342835
v 0.00277648 0.00219751 -0.0348204
v 0.00552448 0.00437247 -0.0342835
v 0.00298772 0.00190038 -0.0348204
v 0.00594478 0.00378127 -0.0342835
v 0.00316728 0.00158311 -0.0348204
v 0.00630206 0.00314998 -0.0342835
v 0.00331327 0.00124906 -0.0348204
v 0.00659254 0.0024853 -0.0342835
v 0.00342414 0.000901763 -0.0348204
v 0.00681314 0.00179427 -0.0342835
v 0.00349871 0.00054491 -0.0348204
v 0.00696152 0.00108423 -0.0342835
v 0.0035362 0.000182281 -0.0348204
v 0.00703611 0.000362691 -0.0342835
v 0.0035362 -0.000182281 -0.0348204
v 0.00703611 -0.000362691 -0.0342835
v 0.00349871 -0.00054491 -0.0348204
v 0.00696152 -0.00108423 -0.0342835
v 0.00342414 -0.000901763 -0.0348204
v 0.00681314 -0.00179427 -0.0342835
v -0.00308967 0.00172971 -0.0348204
v -0.00308159 0.00174406 -0.0348204
v -0.00613155 0.00347022 -0.0342835
v -0.00288593 0.00205167 -0.0348204
v -0.00574224 0.00408228 -0.0342835
v -0.00265968 0.00233753 -0.0348204
v -0.00529206 0.00465107 -0.0342835
v -0.00240523 0.00259861 -0.0348204
v -0.00478578 0.00517055 -0.0342835
v -0.00212529 0.00283214 -0.0348204
v -0.00422878 0.00563523 -0.0342835
v -0.00182283 0.00303566 -0.0348204
v -0.00362695 0.00604017 -0.0342835
v -0.00150103 0.00320699 -0.0348204
v -0.00298667 0.00638108 -0.0342835
v -0.00116333 0.00334433 -0.0348204
v -0.00231473 0.00665435 -0.0342835
v -0.000813299 0.00344622 -0.0348204
v -0.00161825 0.00685708 -0.0342835
v -0.000454645 0.00351158 -0.0348204
v -0.000904624 0.00698713 -0.0342835
v -9.11706e-05 0.00353972 -0.0348204
v -0.000181406 0.00704311 -0.0342835
v 0.00027327 0.00353033 -0.0348204
v 0.000543736 0.00702444 -0.0342835
v 0.000634814 0.00348352 -0.0348204
v 0.00126311 0.0069313 -0.0342835
v 0.000989628 0.00339979 -0.0348204
v 0.0019691 0.00676469 -0.0342835
v 0.00133395 0.00328001 -0.0348204
v 0.00265422 0.00652637 -0.0342835
v 0.00166414 0.00312547 -0.0348204
v 0.0033112 0.00621887 -0.0342835
v 0.00197668 0.0029378 -0.0348204
v 0.00393308 0.00584545 -0.0342835
v 0.00445223 0.0054604 -0.0342835
v 0.00657549 0.00815753 -0.0333949
v 0.00671195 0.00804563 -0.0333949
v 0.00884176 0.0105986 -0.0321635
v 0.00750363 0.00731286 -0.0333949
v 0.00988466 0.00963334 -0.0321635
v 0.00821578 0.00650257 -0.0333949
v 0.0108228 0.00856593 -0.0321635
v 0.00884083 0.00562335 -0.0333949
v 0.0116462 0.00740772 -0.0321635
v 0.00937218 0.00468452 -0.0333949
v 0.0123461 0.00617099 -0.0321635
v 0.00980417 0.00369603 -0.0333949
v 0.0129152 0.00486884 -0.0321635
v 0.0101322 0.00266837 -0.0333949
v 0.0133474 0.00351509 -0.0321635
v 0.0103529 0.00161242 -0.0333949
v 0.013638 0.00212407 -0.0321635
v 0.0104638 0.000539379 -0.0333949
v 0.0137842 0.000710533 -0.0321635
v 0.0104638 -0.000539379 -0.0333949
v 0.0137842 -0.000710533 -0.0321635
v 0.0103529 -0.00161242 -0.0333949
v 0.013638 -0.00212407 -0.0321635
v 0.0101322 -0.00266837 -0.0333949
v 0.0133474 -0.00351509 -0.0321635
v 0.00166414 -0.00312547 -0.0348204
v -2.14313e-18 -2.62458e-34 -0.035
v 0.00197668 -0.0029378 -0.0348204
v 0.00316938 -0.0015789 -0.0348204
v 0.00331327 -0.00124906 -0.0348204
v 0.00225297 0.00273167 -0.0348204
v 0.00197668 0.0029378 -0.0348204
v 0.00166414 0.00312547 -0.0348204
v -0.00308967 0.00172971 -0.0348204
v -0.00324458 0.00141796 -0.0348204
v 0.00226827 0.00271898 0.0348204
v 0.00451327 0.00541006 0.0342835
v 0.00197668 0.0029378 0.0348204
v 0.00393308 0.00584545 0.0342835
v 0.00166414 0.00312547 0.0348204
v 0.0033112 0.00621887 0.0342835
v 0.00133395 0.00328001 0.0348204
v 0.00265422 0.00652637 0.0342835
v 0.000989628 0.00339979 0.0348204
v 0.0019691 0.00676469 0.0342835
v 0.000634814 0.00348352 0.0348204
v 0.00126311 0.0069313 0.0342835
v 0.00027327 0.00353033 0.0348204
v 0.000543736 0.00702444 0.0342835
v -9.11706e-05 0.00353972 0.0348204
v -0.000181406 0.00704311 0.0342835
v -0.000454645 0.00351158 0.0348204
v -0.000904624 0.00698713 0.0342835
v -0.000813299 0.00344622 0.0348204
v -0.00161825 0.00685708 0.0342835
v -0.00116333 0.00334433 0.0348204
v -0.00231473 0.00665435 0.0342835
v -0.00150103 0.00320699 0.0348204
v -0.00298667 0.00638108 0.0342835
v -0.00182283 0.00303566 0.0348204
v 0.00671195 0.00804563 0.0333949
v 0.00584912 0.00869311 0.0333949
v 0.00492428 0.00924845 0.0333949
v 0.00394725 0.00970575 0.0333949
v 0.00292837 0.0100602 0.0333949
v 0.00187845 0.0103079 0.0333949
v 0.000808622 0.0104465 0.0333949
v -0.000269779 0.0104742 0.0333949
v -0.00134532 0.010391 0.0333949
v -0.0024066 0.0101976 0.0333949
v -0.00344237 0.00989608 0.0333949
v 0.00451327 0.00541006 0.0342835
v 0.00226827 0.00271898 0.0348204
v 0.00504561 0.00491733 0.0342835
v 0.00253582 0.00247134 0.0348204
v 0.00552448 0.00437247 0.0342835
v 0.00277648 0.00219751 0.0348204
v 0.00594478 0.00378127 0.0342835
v 0.00298772 0.00190038 0.0348204
v 0.00630206 0.00314998 0.0342835
v 0.00316728 0.00158311 0.0348204
v 0.00659254 0.0024853 0.0342835
v 0.00331327 0.00124906 0.0348204
v 0.00681314 0.00179427 0.0342835
v 0.00342414 0.000901763 0.0348204
v 0.00696152 0.00108423 0.0342835
v 0.00349871 0.00054491 0.0348204
v 0.00703611 0.000362691 0.0342835
v 0.0035362 0.000182281 0.0348204
v 0.00703611 -0.000362691 0.0342835
v 0.0035362 -0.000182281 0.0348204
v 0.00696152 -0.00108423 0.0342835
v 0.00349871 -0.00054491 0.0348204
v 0.00681314 -0.00179427 0.0342835
v 0.00342414 -0.000901763 0.0348204
v 0.00659254 -0.0024853 0.0342835
v 0.00331327 -0.00124906 0.0348204
v 0.00630206 -0.00314998 0.0342835
v 0.00316728 -0.00158311 0.0348204
v 0.00594478 -0.00378127 0.0342835
v 0.00298772 -0.00190038 0.0348204
v 0.00552448 -0.00437247 0.0342835
v 0.00277648 -0.00219751 0.0348204
v 0.00504561 -0.00491733 0.0342835
v 0.00253582 -0.00247134 0.0348204
v 0.00451327 -0.00541006 0.0342835
v 0.00226827 -0.00271898 0.0348204
v 0.00671195 0.00804563 0.0333949
v 0.00884176 0.0105986 0.0321635
v 0.00584912 0.00869311 0.0333949
v 0.00770513 0.0114516 0.0321635
v 0.00492428 0.00924845 0.0333949
v 0.00648683 0.0121831 0.0321635
v 0.00394725 0.00970575 0.0333949
v 0.00519977 0.0127855 0.0321635
v 0.00292837 0.0100602 0.0333949
v 0.00385759 0.0132524 0.0321635
v 0.00187845 0.0103079 0.0333949
v 0.00247451 0.0135788 0.0321635
v 0.000808622 0.0104465 0.0333949
v 0.00106521 0.0137613 0.0321635
v -0.000269779 0.0104742 0.0333949
v -0.000355384 0.0137979 0.0321635
v -0.00134532 0.010391 0.0333949
v -0.00177221 0.0136882 0.0321635
v -0.0024066 0.0101976 0.0333949
v -0.00317025 0.0134334 0.0321635
v -0.00344237 0.00989608 0.0333949
v 0.00451327 0.00541006 0.0342835
v 0.00750363 0.00731286 0.0333949
v 0.00504561 0.00491733 0.0342835
v 0.00821578 0.00650257 0.0333949
v 0.00552448 0.00437247 0.0342835
v 0.00884083 0.00562335 0.0333949
v 0.00594478 0.00378127 0.0342835
v 0.00937218 0.00468452 0.0333949
v 0.00630206 0.00314998 0.0342835
v 0.00980417 0.00369603 0.0333949
v 0.00659254 0.0024853 0.0342835
v 0.0101322 0.00266837 0.0333949
v 0.00681314 0.00179427 0.0342835
v 0.0103529 0.00161242 0.0333949
v 0.00696152 0.00108423 0.0342835
v 0.0104638 0.000539379 0.0333949
v 0.00703611 0.000362691 0.0342835
v 0.0104638 -0.000539379 0.0333949
v 0.00703611 -0.000362691 0.0342835
v 0.0103529 -0.00161242 0.0333949
v 0.00696152 -0.00108423 0.0342835
v 0.0101322 -0.00266837 0.0333949
v 0.00681314 -0.00179427 0.0342835
v 0.00980417 -0.00369603 0.0333949
v 0.00659254 -0.0024853 0.0342835
v 0.00937218 -0.00468452 0.0333949
v 0.00630206 -0.00314998 0.0342835
v 0.00884083 -0.00562335 0.0333949
v 0.00594478 -0.00378127 0.0342835
v 0.00821578 -0.00650257 0.0333949
v 0.00552448 -0.00437247 0.0342835
v 0.00750363 -0.00731286 0.0333949
v 0.00504561 -0.00491733 0.0342835
v 0.00671195 -0.00804563 0.0333949
v 0.00451327 -0.00541006 0.0342835
v 0.00884176 0.0105986 0.0321635
v 0.0108808 0.0130429 0.0306021
v 0.00770513 0.0114516 0.0321635
v 0.00948209 0.0140925 0.0306021
v 0.00648683 0.0121831 0.0321635
v 0.00798282 0.0149928 0.0306021
v 0.00519977 0.0127855 0.0321635
v 0.00639894 0.0157341 0.0306021
v 0.00385759 0.0132524 0.0321635
v 0.00474722 0.0163087 0.0306021
v 0.00247451 0.0135788 0.0321635
v 0.00304519 0.0167104 0.0306021
v 0.00106521 0.0137613 0.0321635
v 0.00131087 0.0169349 0.0306021
v -0.000355384 0.0137979 0.0321635
v -0.000437343 0.0169799 0.0306021
v -0.00177221 0.0136882 0.0321635
v -0.00218092 0.016845 0.0306021
v -0.00317025 0.0134334 0.0321635
v 0.00671195 0.00804563 0.0333949
v 0.00988466 0.00963334 0.0321635
v 0.00750363 0.00731286 0.0333949
v 0.0108228 0.00856593 0.0321635
v 0.00821578 0.00650257 0.0333949
v 0.0116462 0.00740772 0.0321635
v 0.00884083 0.00562335 0.0333949
v 0.0123461 0.00617099 0.0321635
v 0.00937218 0.00468452 0.0333949
v 0.0129152 0.00486884 0.0321635
v 0.00980417 0.00369603 0.0333949
v 0.0133474 0.00351509 0.0321635
v 0.0101322 0.00266837 0.0333949
v 0.013638 0.00212407 0.0321635
v 0.0103529 0.00161242 0.0333949
v 0.0137842 0.000710533 0.0321635
v 0.0104638 0.000539379 0.0333949
v 0.0137842 -0.000710533 0.0321635
v 0.0104638 -0.000539379 0.0333949
v 0.013638 -0.00212407 0.0321635
v 0.0103529 -0.00161242 0.0333949
v 0.0133474 -0.00351509 0.0321635
v 0.0101322 -0.00266837 0.0333949
v 0.0129152 -0.00486884 0.0321635
v 0.00980417 -0.00369603 0.0333949
v 0.0123461 -0.00617099 0.0321635
v 0.00937218 -0.00468452 0.0333949
v 0.0116462 -0.00740772 0.0321635
v 0.00884083 -0.00562335 0.0333949
v 0.0108228 -0.00856593 0.0321635
v 0.00821578 -0.00650257 0.0333949
v 0.00988466 -0.00963334 0.0321635
v 0.00750363 -0.00731286 0.0333949
v 0.00884176 -0.0105986 0.0321635
v 0.00671195 -0.00804563 0.0333949
v 0.0108808 0.0130429 0.0306021
v 0.0128083 0.0153533 0.0287267
v 0.00948209 0.0140925 0.0306021
v 0.0111617 0.0165889 0.0287267
v 0.00798282 0.0149928 0.0306021
v 0.0093969 0.0176486 0.0287267
v 0.00639894 0.0157341 0.0306021
v 0.00753244 0.0185213 0.0287267
v 0.00474722 0.0163087 0.0306021
v 0.00558814 0.0191976 0.0287267
v 0.00304519 0.0167104 0.0306021
v 0.00358461 0.0196704 0.0287267
v 0.00131087 0.0169349 0.0306021
v 0.00154308 0.0199348 0.0287267
v -0.000437343 0.0169799 0.0306021
v -0.000514814 0.0199878 0.0287267
v -0.00218092 0.016845 0.0306021
v 0.00884176 0.0105986 0.0321635
v 0.0121643 0.011855 0.0306021
v 0.00988466 0.00963334 0.0321635
v 0.0133187 0.0105414 0.0306021
v 0.0108228 0.00856593 0.0321635
v 0.014332 0.00911609 0.0306021
v 0.0116462 0.00740772 0.0321635
v 0.0151934 0.00759414 0.0306021
v 0.0123461 0.00617099 0.0321635
v 0.0158937 0.00599169 0.0306021
v 0.0129152 0.00486884 0.0321635
v 0.0164255 0.00432573 0.0306021
v 0.0133474 0.00351509 0.0321635
v 0.0167832 0.00261392 0.0306021
v 0.013638 0.00212407 0.0321635
v 0.016963 0.000874396 0.0306021
v 0.0137842 0.000710533 0.0321635
v 0.016963 -0.000874396 0.0306021
v 0.0137842 -0.000710533 0.0321635
v 0.0167832 -0.00261392 0.0306021
v 0.013638 -0.00212407 0.0321635
v 0.0164255 -0.00432573 0.0306021
v 0.0133474 -0.00351509 0.0321635
v 0.0158937 -0.00599169 0.0306021
v 0.0129152 -0.00486884 0.0321635
v 0.0151934 -0.00759414 0.0306021
v 0.0123461 -0.00617099 0.0321635
v 0.014332 -0.00911609 0.0306021
v 0.0116462 -0.00740772 0.0321635
v 0.0133187 -0.0105414 0.0306021
v 0.0108228 -0.00856593 0.0321635
v 0.0121643 -0.011855 0.0306021
v 0.00988466 -0.00963334 0.0321635
v 0.0108808 -0.0130429 0.0306021
v 0.00884176 -0.0105986 0.0321635
v 0.0128083 0.0153533 0.0287267
v 0.0146043 0.0175062 0.0265565
v 0.0111617 0.0165889 0.0287267
v 0.0127269 0.018915 0.0265565
v 0.0093969 0.0176486 0.0287267
v 0.0107145 0.0201233 0.0265565
v 0.00753244 0.0185213 0.0287267
v 0.00858866 0.0211184 0.0265565
v 0.00558814 0.0191976 0.0287267
v 0.00637172 0.0218895 0.0265565
v 0.00358461 0.0196704 0.0287267
v 0.00408725 0.0224287 0.0265565
v 0.00154308 0.0199348 0.0287267
v 0.00175945 0.02273 0.0265565
v -0.000514814 0.0199878 0.0287267
v 0.0108808 0.0130429 0.0306021
v 0.014319 0.013955 0.0287267
v 0.0121643 0.011855 0.0306021
v 0.015678 0.0124087 0.0287267
v 0.0133187 0.0105414 0.0306021
v 0.0168708 0.0107309 0.0287267
v 0.014332 0.00911609 0.0306021
v 0.0178847 0.00893937 0.0287267
v 0.0151934 0.00759414 0.0306021
v 0.0187091 0.00705306 0.0287267
v 0.0158937 0.00599169 0.0306021
v 0.0193351 0.00509199 0.0287267
v 0.0164255 0.00432573 0.0306021
v 0.0197562 0.00307695 0.0287267
v 0.0167832 0.00261392 0.0306021
v 0.0199679 0.00102929 0.0287267
v 0.016963 0.000874396 0.0306021
v 0.0199679 -0.00102929 0.0287267
v 0.016963 -0.000874396 0.0306021
v 0.0197562 -0.00307695 0.0287267
v 0.0167832 -0.00261392 0.0306021
v 0.0193351 -0.00509199 0.0287267
v 0.0164255 -0.00432573 0.0306021
v 0.0187091 -0.00705306 0.0287267
v 0.0158937 -0.00599169 0.0306021
v 0.0178847 -0.00893937 0.0287267
v 0.0151934 -0.00759414 0.0306021
v 0.0168708 -0.0107309 0.0287267
v 0.014332 -0.00911609 0.0306021
v 0.015678 -0.0124087 0.0287267
v 0.0133187 -0.0105414 0.0306021
v 0.014319 -0.013955 0.0287267
v 0.0121643 -0.011855 0.0306021
v 0.0128083 -0.0153533 0.0287267
v 0.0108808 -0.0130429 0.0306021
v 0.0146043 0.0175062 0.0265565
v 0.0162504 0.0194794 0.0241138
v 0.0127269 0.018915 0.0265565
v 0.0141614 0.021047 0.0241138
v 0.0107145 0.0201233 0.0265565
v 0.0119223 0.0223916 0.0241138
v 0.00858866 0.0211184 0.0265565
v 0.00955674 0.0234988 0.0241138
v 0.00637172 0.0218895 0.0265565
v 0.00708992 0.0243568 0.0241138
v 0.00408725 0.0224287 0.0265565
v 0.00454795 0.0249567 0.0241138
v 0.00175945 0.02273 0.0265565
v 0.0128083 0.0153533 0.0287267
v 0.0163269 0.0159118 0.0265565
v 0.014319 0.013955 0.0287267
v 0.0178764 0.0141487 0.0265565
v 0.015678 0.0124087 0.0287267
v 0.0192364 0.0122356 0.0265565
v 0.0168708 0.0107309 0.0287267
v 0.0203926 0.0101929 0.0265565
v 0.0178847 0.00893937 0.0287267
v 0.0213325 0.00804206 0.0265565
v 0.0187091 0.00705306 0.0287267
v 0.0220463 0.005806 0.0265565
v 0.0193351 0.00509199 0.0287267
v 0.0225265 0.0035084 0.0265565
v 0.0197562 0.00307695 0.0287267
v 0.0227678 0.00117361 0.0265565
v 0.0199679 0.00102929 0.0287267
v 0.0227678 -0.00117361 0.0265565
v 0.0199679 -0.00102929 0.0287267
v 0.0225265 -0.0035084 0.0265565
v 0.0197562 -0.00307695 0.0287267
v 0.0220463 -0.005806 0.0265565
v 0.0193351 -0.00509199 0.0287267
v 0.0213325 -0.00804206 0.0265565
v 0.0187091 -0.00705306 0.0287267
v 0.0203926 -0.0101929 0.0265565
v 0.0178847 -0.00893937 0.0287267
v 0.0192364 -0.0122356 0.0265565
v 0.0168708 -0.0107309 0.0287267
v 0.0178764 -0.0141487 0.0265565
v 0.015678 -0.0124087 0.0287267
v 0.0163269 -0.0159118 0.0265565
v 0.014319 -0.013955 0.0287267
v 0.0146043 -0.0175062 0.0265565
v 0.0128083 -0.0153533 0.0287267
v 0.0162504 0.0194794 0.0241138
v 0.0177298 0.0212527 0.0214237
v 0.0141614 0.021047 0.0241138
v 0.0154506 0.0229631 0.0214237
v 0.0119223 0.0223916 0.0241138
v 0.0130076 0.02443 0.0214237
v 0.00955674 0.0234988 0.0241138
v 0.0104268 0.025638 0.0214237
v 0.00708992 0.0243568 0.0241138
v 0.00773537 0.0265742 0.0214237
v 0.00454795 0.0249567 0.0241138
v 0.0146043 0.0175062 0.0265565
v 0.0181672 0.0177053 0.0241138
v 0.0163269 0.0159118 0.0265565
v 0.0198914 0.0157435 0.0241138
v 0.0178764 0.0141487 0.0265565
v 0.0214047 0.0136148 0.0241138
v 0.0192364 0.0122356 0.0265565
v 0.0226911 0.0113418 0.0241138
v 0.0203926 0.0101929 0.0265565
v 0.023737 0.00894853 0.0241138
v 0.0213325 0.00804206 0.0265565
v 0.0245313 0.00646043 0.0241138
v 0.0220463 0.005806 0.0265565
v 0.0250656 0.00390386 0.0241138
v 0.0225265 0.0035084 0.0265565
v 0.0253341 0.0013059 0.0241138
v 0.0227678 0.00117361 0.0265565
v 0.0253341 -0.0013059 0.0241138
v 0.0227678 -0.00117361 0.0265565
v 0.0250656 -0.00390386 0.0241138
v 0.0225265 -0.0035084 0.0265565
v 0.0245313 -0.00646043 0.0241138
v 0.0220463 -0.005806 0.0265565
v 0.023737 -0.00894853 0.0241138
v 0.0213325 -0.00804206 0.0265565
v 0.0226911 -0.0113418 0.0241138
v 0.0203926 -0.0101929 0.0265565
v 0.0214047 -0.0136148 0.0241138
v 0.0192364 -0.0122356 0.0265565
v 0.0198914 -0.0157435 0.0241138
v 0.0178764 -0.0141487 0.0265565
v 0.0181672 -0.0177053 0.0241138
v 0.0163269 -0.0159118 0.0265565
v 0.0162504 -0.0194794 0.0241138
v 0.0146043 -0.0175062 0.0265565
v 0.0177298 0.0212527 0.0214237
v 0.0190272 0.022808 0.0185137
v 0.0154506 0.0229631 0.0214237
v 0.0165813 0.0246435 0.0185137
v 0.0130076 0.02443 0.0214237
v 0.0139595 0.0262178 0.0185137
v 0.0104268 0.025638 0.0214237
v 0.0111898 0.0275142 0.0185137
v 0.00773537 0.0265742 0.0214237
v 0.00830144 0.0285189 0.0185137
v 0.0162504 0.0194794 0.0241138
v 0.0198211 0.0193171 0.0214237
v 0.0181672 0.0177053 0.0241138
v 0.0217022 0.0171767 0.0214237
v 0.0198914 0.0157435 0.0241138
v 0.0233533 0.0148542 0.0214237
v 0.0214047 0.0136148 0.0241138
v 0.0247569 0.0123743 0.0214237
v 0.0226911 0.0113418 0.0241138
v 0.025898 0.00976317 0.0214237
v 0.023737 0.00894853 0.0241138
v 0.0267646 0.00704857 0.0214237
v 0.0245313 0.00646043 0.0241138
v 0.0273475 0.00425925 0.0214237
v 0.0250656 0.00390386 0.0241138
v 0.0276405 0.00142479 0.0214237
v 0.0253341 0.0013059 0.0241138
v 0.0276405 -0.00142479 0.0214237
v 0.0253341 -0.0013059 0.0241138
v 0.0273475 -0.00425925 0.0214237
v 0.0250656 -0.00390386 0.0241138
v 0.0267646 -0.00704857 0.0214237
v 0.0245313 -0.00646043 0.0241138
v 0.025898 -0.00976317 0.0214237
v 0.023737 -0.00894853 0.0241138
v 0.0247569 -0.0123743 0.0214237
v 0.0226911 -0.0113418 0.0241138
v 0.0233533 -0.0148542 0.0214237
v 0.0214047 -0.0136148 0.0241138
v 0.0217022 -0.0171767 0.0214237
v 0.0198914 -0.0157435 0.0241138
v 0.0198211 -0.0193171 0.0214237
v 0.0181672 -0.0177053 0.0241138
v 0.0177298 -0.0212527 0.0214237
v 0.0162504 -0.0194794 0.0241138
v 0.0190272 0.022808 0.0185137
v 0.0201295 0.0241292 0.0154138
v 0.0165813 0.0246435 0.0185137
v 0.0175418 0.0260711 0.0154138
v 0.0139595 0.0262178 0.0185137
v 0.0177298 0.0212527 0.0214237
v 0.0212715 0.0207307 0.0185137
v 0.0198211 0.0193171 0.0214237
v 0.0232904 0.0184337 0.0185137
v 0.0217022 0.0171767 0.0214237
v 0.0250623 0.0159412 0.0185137
v 0.0233533 0.0148542 0.0214237
v 0.0265685 0.0132798 0.0185137
v 0.0247569 0.0123743 0.0214237
v 0.0277932 0.0104776 0.0185137
v 0.025898 0.00976317 0.0214237
v 0.0287232 0.00756438 0.0185137
v 0.0267646 0.00704857 0.0214237
v 0.0293487 0.00457094 0.0185137
v 0.0273475 0.00425925 0.0214237
v 0.0296632 0.00152905 0.0185137
v 0.0276405 0.00142479 0.0214237
v 0.0296632 -0.00152905 0.0185137
v 0.0276405 -0.00142479 0.0214237
v 0.0293487 -0.00457094 0.0185137
v 0.0273475 -0.00425925 0.0214237
v 0.0287232 -0.00756438 0.0185137
v 0.0267646 -0.00704857 0.0214237
v 0.0277932 -0.0104776 0.0185137
v 0.025898 -0.00976317 0.0214237
v 0.0265685 -0.0132798 0.0185137
v 0.0247569 -0.0123743 0.0214237
v 0.0250623 -0.0159412 0.0185137
v 0.0233533 -0.0148542 0.0214237
v 0.0232904 -0.0184337 0.0185137
v 0.0217022 -0.0171767 0.0214237
v 0.0212715 -0.0207307 0.0185137
v 0.0198211 -0.0193171 0.0214237
v 0.0190272 -0.022808 0.0185137
v 0.0177298 -0.0212527 0.0214237
v 0.0201295 0.0241292 0.0154138
v 0.0190272 0.022808 0.0185137
v 0.0225038 0.0219316 0.0154138
v 0.0212715 0.0207307 0.0185137
v 0.0246395 0.0195015 0.0154138
v 0.0232904 0.0184337 0.0185137
v 0.0265141 0.0168647 0.0154138
v 0.0250623 0.0159412 0.0185137
v 0.0281076 0.0140491 0.0154138
v 0.0265685 0.0132798 0.0185137
v 0.0294032 0.0110846 0.0154138
v 0.0277932 0.0104776 0.0185137
v 0.0303871 0.00800257 0.0154138
v 0.0287232 0.00756438 0.0185137
v 0.0310488 0.00483573 0.0154138
v 0.0293487 0.00457094 0.0185137
v 0.0313815 0.00161763 0.0154138
v 0.0296632 0.00152905 0.0185137
v 0.0313815 -0.00161763 0.0154138
v 0.0296632 -0.00152905 0.0185137
v 0.0310488 -0.00483573 0.0154138
v 0.0293487 -0.00457094 0.0185137
v 0.0303871 -0.00800257 0.0154138
v 0.0287232 -0.00756438 0.0185137
v 0.0294032 -0.0110846 0.0154138
v 0.0277932 -0.0104776 0.0185137
v 0.0281076 -0.0140491 0.0154138
v 0.0265685 -0.0132798 0.0185137
v 0.0265141 -0.0168647 0.0154138
v 0.0250623 -0.0159412 0.0185137
v 0.0246395 -0.0195015 0.0154138
v 0.0232904 -0.0184337 0.0185137
v 0.0225038 -0.0219316 0.0154138
v 0.0212715 -0.0207307 0.0185137
v 0.0201295 -0.0241292 0.0154138
v 0.0190272 -0.022808 0.0185137
v 0.0250332 0.0243967 0.00177272
v 0.0221622 0.0265659 0.00529997
v 0.0247763 0.0241463 0.00529997
v 0.0198137 0.0287228 -0.00272333
v 0.022392 0.0268413 -0.00177272
v 0.0200078 0.0282241 -0.00529997
v 0.0221622 0.0265659 -0.00529997
v 0.022392 0.0268413 0.00177272
v 0.0250332 0.0243967 -0.00177272
v 0.0247763 0.0241463 -0.00529997
v 0.0242652 0.0236482 -0.00877284
v 0.021705 0.0260179 -0.00877284
v 0.0210251 0.0252029 -0.0121557
v 0.0192807 0.0265612 -0.0121557
v 0.0186018 0.0253256 -0.0154138
v 0.0175418 0.0260711 -0.0154138
v 0.0165813 0.0246435 -0.0185137
v 0.0235051 0.0229075 -0.0121557
v 0.0108808 0.0130429 -0.0306021
v 0.00884176 0.0105986 -0.0321635
v 0.00860152 0.0107945 -0.0321635
v 0.00657549 0.00815753 -0.0333949
v 0.00584912 0.00869311 -0.0333949
v 0.00393308 0.00584545 -0.0342835
v 0.00492428 0.00924845 -0.0333949
v 0.0033112 0.00621887 -0.0342835
v 0.00394725 0.00970575 -0.0333949
v 0.00265422 0.00652637 -0.0342835
v 0.00292837 0.0100602 -0.0333949
v 0.0019691 0.00676469 -0.0342835
v 0.00187845 0.0103079 -0.0333949
v 0.00126311 0.0069313 -0.0342835
v 0.000808622 0.0104465 -0.0333949
v 0.000543736 0.00702444 -0.0342835
v -0.000269779 0.0104742 -0.0333949
v -0.000181406 0.00704311 -0.0342835
v -0.00134532 0.010391 -0.0333949
v -0.000904624 0.00698713 -0.0342835
v -0.0024066 0.0101976 -0.0333949
v -0.00161825 0.00685708 -0.0342835
v -0.00344237 0.00989608 -0.0333949
v -0.00231473 0.00665435 -0.0342835
v -0.00444165 0.00948969 -0.0333949
v -0.00298667 0.00638108 -0.0342835
v -0.00539385 0.00898269 -0.0333949
v -0.00362695 0.00604017 -0.0342835
v -0.00628887 0.00838048 -0.0333949
v -0.00422878 0.00563523 -0.0342835
v -0.00711723 0.00768944 -0.0333949
v -0.00478578 0.00517055 -0.0342835
v -0.00787014 0.00691688 -0.0333949
v -0.00529206 0.00465107 -0.0342835
v -0.00853963 0.00607101 -0.0333949
v -0.00574224 0.00408228 -0.0342835
v -0.0091186 0.00516078 -0.0333949
v -0.00613155 0.00347022 -0.0342835
v -0.00616357 0.00341303 -0.0342835
v -0.00308967 0.00172971 -0.0348204
v -0.00324458 0.00141796 -0.0348204
v 0.00884176 0.0105986 -0.0321635
v 0.0108808 0.0130429 -0.0306021
v 0.00988466 0.00963334 -0.0321635
v 0.0121643 0.011855 -0.0306021
v 0.0108228 0.00856593 -0.0321635
v 0.0133187 0.0105414 -0.0306021
v 0.0116462 0.00740772 -0.0321635
v 0.014332 0.00911609 -0.0306021
v 0.0123461 0.00617099 -0.0321635
v 0.0151934 0.00759414 -0.0306021
v 0.0129152 0.00486884 -0.0321635
v 0.0158937 0.00599169 -0.0306021
v 0.0133474 0.00351509 -0.0321635
v 0.0164255 0.00432573 -0.0306021
v 0.013638 0.00212407 -0.0321635
v 0.0167832 0.00261392 -0.0306021
v 0.0137842 0.000710533 -0.0321635
v 0.016963 0.000874396 -0.0306021
v 0.0137842 -0.000710533 -0.0321635
v 0.016963 -0.000874396 -0.0306021
v 0.013638 -0.00212407 -0.0321635
v 0.0167832 -0.00261392 -0.0306021
v 0.0133474 -0.00351509 -0.0321635
v 0.0164255 -0.00432573 -0.0306021
v 0.00671195 0.00804563 -0.0333949
v 0.00451327 0.00541006 -0.0342835
v 0.00445223 0.0054604 -0.0342835
v 0.00225297 0.00273167 -0.0348204
v 0.00197668 0.0029378 -0.0348204
v 0.00504561 0.00491733 -0.0342835
v 0.00750363 0.00731286 -0.0333949
v 0.00552448 0.00437247 -0.0342835
v 0.00821578 0.00650257 -0.0333949
v 0.00594478 0.00378127 -0.0342835
v 0.00884083 0.00562335 -0.0333949
v 0.00630206 0.00314998 -0.0342835
v 0.00937218 0.00468452 -0.0333949
v 0.00659254 0.0024853 -0.0342835
v 0.00980417 0.00369603 -0.0333949
v 0.00681314 0.00179427 -0.0342835
v 0.0101322 0.00266837 -0.0333949
v 0.00696152 0.00108423 -0.0342835
v 0.0103529 0.00161242 -0.0333949
v 0.00703611 0.000362691 -0.0342835
v 0.0104638 0.000539379 -0.0333949
v 0.00703611 -0.000362691 -0.0342835
v 0.0104638 -0.000539379 -0.0333949
v 0.00696152 -0.00108423 -0.0342835
v 0.0103529 -0.00161242 -0.0333949
v 0.00681314 -0.00179427 -0.0342835
v 0.0101322 -0.00266837 -0.0333949
v 0.021705 0.0260179 -0.00877284
v 0.0192807 0.0265612 -0.0121557
v 0.0197499 0.0275314 -0.00877284
v 0.0183223 0.0272311 -0.0121557
v 0.0189148 0.0281117 -0.00877284
v 0.0175418 0.0260711 -0.0154138
v 0.0192583 0.0287228 -0.00539594
v 0.0193132 0.0287038 -0.00529997
v 0.0198137 0.0287228 -0.00272333
v 0.0200078 0.0282241 -0.00529997
v 0.00197668 0.0029378 0.0348204
v -2.14313e-18 2.62458e-34 0.035
v 0.00226827 0.00271898 0.0348204
v -0.0188606 0.0251335 0.0154138
v -0.0161764 0.0269395 0.0154138
v -0.0168962 0.0281382 0.0121557
v -0.0207652 0.0276716 -0.00529997
v -0.0237441 0.025653 -0.00177272
v -0.0209805 0.0279584 -0.00177272
v -0.0237441 0.025653 0.00177272
v -0.0209805 0.0279584 0.00177272
v -0.0235004 0.0253898 0.00529997
v -0.0207652 0.0276716 0.00529997
v -0.0230156 0.024866 0.00877284
v -0.0203369 0.0271007 0.00877284
v -0.0213449 0.023061 0.0154138
v -0.0196998 0.0262518 0.0121557
v -0.0222946 0.0240871 0.0121557
v 0.00451327 -0.00541006 -0.0342835
v 0.00671195 -0.00804563 -0.0333949
v 0.00393308 -0.00584545 -0.0342835
v 0.00584912 -0.00869311 -0.0333949
v 0.0033112 -0.00621887 -0.0342835
v 0.00492428 -0.00924845 -0.0333949
v 0.00265422 -0.00652637 -0.0342835
v 0.00394725 -0.00970575 -0.0333949
v 0.0019691 -0.00676469 -0.0342835
v 0.00292837 -0.0100602 -0.0333949
v 0.00126311 -0.0069313 -0.0342835
v 0.00187845 -0.0103079 -0.0333949
v 0.000543736 -0.00702444 -0.0342835
v 0.000808622 -0.0104465 -0.0333949
v -0.000181406 -0.00704311 -0.0342835
v -0.000269779 -0.0104742 -0.0333949
v -0.000904624 -0.00698713 -0.0342835
v -0.00134532 -0.010391 -0.0333949
v -0.00161825 -0.00685708 -0.0342835
v -0.0024066 -0.0101976 -0.0333949
v -0.00231473 -0.00665435 -0.0342835
v -0.00344237 -0.00989608 -0.0333949
v -0.00298667 -0.00638108 -0.0342835
v 0.00884176 -0.0105986 -0.0321635
v 0.00770513 -0.0114516 -0.0321635
v 0.00648683 -0.0121831 -0.0321635
v 0.00519977 -0.0127855 -0.0321635
v 0.00385759 -0.0132524 -0.0321635
v 0.00247451 -0.0135788 -0.0321635
v 0.00106521 -0.0137613 -0.0321635
v -0.000355384 -0.0137979 -0.0321635
v -0.00177221 -0.0136882 -0.0321635
v -0.00317025 -0.0134334 -0.0321635
v 0.00671195 -0.00804563 -0.0333949
v 0.00451327 -0.00541006 -0.0342835
v 0.00750363 -0.00731286 -0.0333949
v 0.00504561 -0.00491733 -0.0342835
v 0.00821578 -0.00650257 -0.0333949
v 0.00552448 -0.00437247 -0.0342835
v 0.00884083 -0.00562335 -0.0333949
v 0.00594478 -0.00378127 -0.0342835
v 0.00937218 -0.00468452 -0.0333949
v 0.00630206 -0.00314998 -0.0342835
v 0.00631041 -0.00313321 -0.0342835
v 0.00316938 -0.0015789 -0.0348204
v 0.00331327 -0.00124906 -0.0348204
v 0.0108808 -0.0130429 -0.0306021
v 0.00948209 -0.0140925 -0.0306021
v 0.00798282 -0.0149928 -0.0306021
v 0.00639894 -0.0157341 -0.0306021
v 0.00474722 -0.0163087 -0.0306021
v 0.00304519 -0.0167104 -0.0306021
v 0.00131087 -0.0169349 -0.0306021
v -0.000437343 -0.0169799 -0.0306021
v -0.00218092 -0.016845 -0.0306021
v 0.00884176 -0.0105986 -0.0321635
v 0.00988466 -0.00963334 -0.0321635
v 0.0108228 -0.00856593 -0.0321635
v 0.0116462 -0.00740772 -0.0321635
v 0.0123461 -0.00617099 -0.0321635
v 0.00939078 -0.00464711 -0.0333949
v 0.00659254 -0.0024853 -0.0342835
v 0.0128083 -0.0153533 -0.0287267
v 0.0111617 -0.0165889 -0.0287267
v 0.0093969 -0.0176486 -0.0287267
v 0.00753244 -0.0185213 -0.0287267
v 0.00558814 -0.0191976 -0.0287267
v 0.00358461 -0.0196704 -0.0287267
v 0.00154308 -0.0199348 -0.0287267
v -0.000514814 -0.0199878 -0.0287267
v 0.0121643 -0.011855 -0.0306021
v 0.0133187 -0.0105414 -0.0306021
v 0.014332 -0.00911609 -0.0306021
v 0.0151934 -0.00759414 -0.0306021
v 0.0123788 -0.00610526 -0.0321635
v 0.00980417 -0.00369603 -0.0333949
v 0.0146043 -0.0175062 -0.0265565
v 0.0127269 -0.018915 -0.0265565
v 0.0107145 -0.0201233 -0.0265565
v 0.00858866 -0.0211184 -0.0265565
v 0.00637172 -0.0218895 -0.0265565
v 0.00408725 -0.0224287 -0.0265565
v 0.00175945 -0.02273 -0.0265565
v 0.0108808 -0.0130429 -0.0306021
v 0.014319 -0.013955 -0.0287267
v 0.015678 -0.0124087 -0.0287267
v 0.0168708 -0.0107309 -0.0287267
v 0.0178847 -0.00893937 -0.0287267
v 0.0152435 -0.007493 -0.0306021
v 0.0129152 -0.00486884 -0.0321635
v 0.0162504 -0.0194794 -0.0241138
v 0.0141614 -0.021047 -0.0241138
v 0.0119223 -0.0223916 -0.0241138
v 0.00955674 -0.0234988 -0.0241138
v 0.00708992 -0.0243568 -0.0241138
v 0.00454795 -0.0249567 -0.0241138
v 0.0128083 -0.0153533 -0.0287267
v 0.0163269 -0.0159118 -0.0265565
v 0.0178764 -0.0141487 -0.0265565
v 0.0192364 -0.0122356 -0.0265565
v 0.0203926 -0.0101929 -0.0265565
v 0.0179554 -0.00879645 -0.0287267
v 0.0158937 -0.00599169 -0.0306021
v 0.0177298 -0.0212527 -0.0214237
v 0.0154506 -0.0229631 -0.0214237
v 0.0130076 -0.02443 -0.0214237
v 0.0104268 -0.025638 -0.0214237
v 0.00773537 -0.0265742 -0.0214237
v 0.0146043 -0.0175062 -0.0265565
v 0.0181672 -0.0177053 -0.0241138
v 0.0198914 -0.0157435 -0.0241138
v 0.0214047 -0.0136148 -0.0241138
v 0.0226911 -0.0113418 -0.0241138
v 0.0204865 -0.0100027 -0.0265565
v 0.0187091 -0.00705306 -0.0287267
v 0.0190272 -0.022808 -0.0185137
v 0.0165813 -0.0246435 -0.0185137
v 0.0139595 -0.0262178 -0.0185137
v 0.0111898 -0.0275142 -0.0185137
v 0.00830144 -0.0285189 -0.0185137
v 0.0162504 -0.0194794 -0.0241138
v 0.0198211 -0.0193171 -0.0214237
v 0.0217022 -0.0171767 -0.0214237
v 0.0233533 -0.0148542 -0.0214237
v 0.0247569 -0.0123743 -0.0214237
v 0.0228104 -0.0110998 -0.0241138
v 0.0213325 -0.00804206 -0.0265565
v 0.0201295 -0.0241292 -0.0154138
v 0.0175418 -0.0260711 -0.0154138
v 0.0212715 -0.0207307 -0.0185137
v 0.0232904 -0.0184337 -0.0185137
v 0.0250623 -0.0159412 -0.0185137
v 0.0265685 -0.0132798 -0.0185137
v 0.0249031 -0.0120772 -0.0214237
v 0.023737 -0.00894853 -0.0241138
v 0.0225038 -0.0219316 -0.0154138
v 0.0246395 -0.0195015 -0.0154138
v 0.0265141 -0.0168647 -0.0154138
v 0.0281076 -0.0140491 -0.0154138
v 0.0267427 -0.0129255 -0.0185137
v 0.025898 -0.00976317 -0.0214237
v 0.0250332 -0.0243967 -0.00177272
v 0.0221622 -0.0265659 -0.00529997
v 0.0247763 -0.0241463 -0.00529997
v 0.022392 -0.0268413 -0.00177272
v 0.0250332 -0.0243967 0.00177272
v 0.022392 -0.0268413 0.00177272
v 0.0247763 -0.0241463 0.00529997
v 0.0221622 -0.0265659 0.00529997
v 0.0242652 -0.0236482 0.00877284
v 0.021705 -0.0260179 0.00877284
v 0.0235051 -0.0229075 0.0121557
v 0.0210251 -0.0252029 0.0121557
v 0.0225038 -0.0219316 0.0154138
v 0.0201295 -0.0241292 0.0154138
v -0.014248 -0.023728 -0.0214237
v -0.0117327 -0.0250673 -0.0214237
v -0.0125913 -0.0269017 -0.0185137
v -0.0133207 -0.02846 -0.0154138
v -0.0152907 -0.0254644 -0.0185137
v -0.0161764 -0.0269395 -0.0154138
v -0.0182211 -0.0256009 -0.0154138
v -0.0189705 -0.0267836 -0.0121557
v -0.0196998 -0.0262518 -0.0121557
v -0.0203369 -0.0271007 -0.00877284
v -0.0222946 -0.0240871 -0.0121557
v -0.0230156 -0.024866 -0.00877284
v -0.0246531 -0.0216671 -0.0121557
v -0.0254504 -0.0223677 -0.00877284
v -0.0267503 -0.0190174 -0.0121557
v -0.0276154 -0.0196324 -0.00877284
v -0.0285639 -0.0161661 -0.0121557
v -0.0294876 -0.0166889 -0.00877284
v -0.0300747 -0.0131434 -0.0121557
v -0.0310473 -0.0135685 -0.00877284
v -0.0168962 -0.0281382 -0.0121557
v -0.0172788 -0.0241596 -0.0185137
v -0.0235004 -0.0253898 -0.00529997
v -0.0207652 -0.0276716 -0.00529997
v -0.0209805 -0.0279584 -0.00177272
v -0.0188606 -0.0251335 -0.0154138
v -0.0168962 -0.0281382 0.0121557
v -0.0161764 -0.0269395 0.0154138
v -0.0196998 -0.0262518 0.0121557
v -0.0188606 -0.0251335 0.0154138
v -0.0222946 -0.0240871 0.0121557
v -0.0213449 -0.023061 0.0154138
v -0.0246531 -0.0216671 0.0121557
v -0.0236029 -0.0207441 0.0154138
v -0.0267503 -0.0190174 0.0121557
v -0.0256108 -0.0182072 0.0154138
v -0.0285639 -0.0161661 0.0121557
v -0.0273471 -0.0154774 0.0154138
v -0.0300747 -0.0131434 0.0121557
v -0.0287936 -0.0125835 0.0154138
v -0.0312668 -0.00998145 0.0121557
v -0.0299348 -0.00955625 0.0154138
v -0.0230156 -0.024866 0.00877284
v -0.0203369 -0.0271007 0.00877284
v -0.0235004 -0.0253898 0.00529997
v -0.0207652 -0.0276716 0.00529997
v -0.0237441 -0.025653 0.00177272
v -0.0209805 -0.0279584 0.00177272
v -0.0237441 -0.025653 -0.00177272
v -0.0213449 -0.023061 -0.0154138
v -0.0196998 -0.0262518 -0.0121557
v -0.0222946 -0.0240871 -0.0121557
v -2.14313e-18 2.62458e-34 0.035
v 0.00133395 -0.00328001 0.0348204
v 0.00166414 -0.00312547 0.0348204
v 0.0294032 -0.0110846 0.0154138
v 0.0281076 -0.0140491 0.0154138
v 0.0293583 -0.0146742 0.0121557
v 0.0276938 -0.0176151 0.0121557
v 0.0285894 -0.0181847 0.00877284
v 0.0265681 -0.0210279 0.00877284
v 0.0271277 -0.0214708 0.00529997
v 0.0247763 -0.0241463 0.00529997
v 0.0250332 -0.0243967 0.00177272
v 0.0265141 -0.0168647 0.0154138
v 0.0303076 -0.0151487 0.00877284
v 0.0291916 -0.0185678 0.00529997
v 0.030946 -0.0154678 0.00529997
v 0.0294942 -0.0187603 0.00177272
v 0.0312669 -0.0156282 0.00177272
v 0.0294942 -0.0187603 -0.00177272
v 0.0312669 -0.0156282 -0.00177272
v 0.0291916 -0.0185678 -0.00529997
v 0.030946 -0.0154678 -0.00529997
v 0.0316228 -0.0148153 -0.00234652
v 0.0307115 -0.0115778 -0.0121557
v 0.0295886 -0.0142041 -0.0121557
v 0.0294032 -0.0110846 -0.0154138
v 0.0285894 0.0181847 -0.00877284
v 0.0293583 0.0146742 -0.0121557
v 0.0276938 0.0176151 -0.0121557
v 0.0303076 0.0151487 -0.00877284
v 0.0291916 0.0185678 -0.00529997
v 0.030946 0.0154678 -0.00529997
v 0.0294942 0.0187603 -0.00177272
v 0.0312669 0.0156282 -0.00177272
v 0.0294942 0.0187603 0.00177272
v 0.0312669 0.0156282 0.00177272
v 0.0291916 0.0185678 0.00529997
v 0.030946 0.0154678 0.00529997
v -0.0273471 -0.0154774 -0.0154138
v -0.0285639 -0.0161661 -0.0121557
v -0.0287936 -0.0125835 -0.0154138
v -0.0300747 -0.0131434 -0.0121557
v -0.0299348 -0.00955625 -0.0154138
v -0.0312668 -0.00998145 -0.0121557
v -0.0267503 -0.0190174 -0.0121557
v -0.0256108 -0.0182072 -0.0154138
v -0.0246531 -0.0216671 -0.0121557
v -0.0236029 -0.0207441 -0.0154138
v -0.0222946 -0.0240871 -0.0121557
v -0.0213449 -0.023061 -0.0154138
v -0.0284894 -0.0202537 -0.00177272
v -0.0301087 -0.0170404 -0.00529997
v -0.028197 -0.0200459 -0.00529997
v -0.0304209 -0.0172171 -0.00177272
v -0.0284894 -0.0202537 0.00177272
v -0.0304209 -0.0172171 0.00177272
v -0.028197 -0.0200459 0.00529997
v -0.0301087 -0.0170404 0.00529997
v -0.0276154 -0.0196324 0.00877284
v -0.0294876 -0.0166889 0.00877284
v -0.0267503 -0.0190174 0.0121557
v -0.0285639 -0.0161661 0.0121557
v -0.0310473 -0.0135685 0.00877284
v -0.0300747 -0.0131434 0.0121557
v -0.0287936 0.0125835 -0.0154138
v -0.0299348 0.00955625 -0.0154138
v -0.0312668 0.00998145 -0.0121557
v -0.0294214 0.0145472 -0.0121557
v -0.0300747 0.0131434 -0.0121557
v -0.0304423 0.0148762 -0.00877284
v -0.0310473 0.0135685 -0.00877284
v -0.0294876 0.0166889 -0.00877284
v -0.0301087 0.0170404 -0.00529997
v -0.0273471 0.0154774 0.0154138
v -0.0285639 0.0161661 0.0121557
v -0.0287936 0.0125835 0.0154138
v -0.0300747 0.0131434 0.0121557
v -0.0299348 0.00955625 0.0154138
v -0.0312668 0.00998145 0.0121557
v -0.0267503 0.0190174 0.0121557
v -0.0256108 0.0182072 0.0154138
v -0.0246531 0.0216671 0.0121557
v -0.0236029 0.0207441 0.0154138
v -0.0222946 0.0240871 0.0121557
v -0.0213449 0.023061 0.0154138
v -0.028197 0.0200459 0.00529997
v -0.0294876 0.0166889 0.00877284
v -0.0276154 0.0196324 0.00877284
v -0.0284894 0.0202537 -0.00177272
v -0.0304209 0.0172171 -0.00177272
v -0.0304209 0.0172171 0.00177272
v -0.0276154 0.0196324 -0.00877284
v -0.028197 0.0200459 -0.00529997
v -0.0284894 -0.0202537 -0.00177272
v -0.028197 -0.0200459 -0.00529997
v -0.0262559 -0.0230757 -0.00177272
v -0.0259865 -0.0228389 -0.00529997
v -0.0237441 -0.025653 -0.00177272
v -0.0235004 -0.0253898 -0.00529997
v -0.0284894 -0.0202537 0.00177272
v -0.0259865 -0.0228389 0.00529997
v -0.028197 -0.0200459 0.00529997
v -0.0254504 -0.0223677 0.00877284
v -0.0276154 -0.0196324 0.00877284
v -0.0246531 -0.0216671 0.0121557
v -0.0267503 -0.0190174 0.0121557
v -0.0262559 -0.0230757 0.00177272
v -0.0237441 -0.025653 0.00177272
v -0.0235004 -0.0253898 0.00529997
v -0.0222946 -0.0240871 0.0121557
v -0.0230156 -0.024866 0.00877284
v 0.0250332 -0.0243967 -0.00177272
v 0.0247763 -0.0241463 -0.00529997
v 0.027409 -0.0216935 -0.00177272
v 0.0271277 -0.0214708 -0.00529997
v 0.0294942 -0.0187603 -0.00177272
v 0.0291916 -0.0185678 -0.00529997
v 0.0247763 -0.0241463 0.00529997
v 0.0265681 -0.0210279 0.00877284
v 0.0242652 -0.0236482 0.00877284
v 0.0257359 -0.0203692 0.0121557
v 0.0235051 -0.0229075 0.0121557
v 0.0246395 -0.0195015 0.0154138
v 0.0225038 -0.0219316 0.0154138
v 0.027409 -0.0216935 0.00177272
v 0.0294942 -0.0187603 0.00177272
v 0.0291916 -0.0185678 0.00529997
v 0.0265141 -0.0168647 0.0154138
v 0.0276938 -0.0176151 0.0121557
v 0.0285894 0.0181847 -0.00877284
v 0.0276938 0.0176151 -0.0121557
v 0.0265681 0.0210279 -0.00877284
v 0.0257359 0.0203692 -0.0121557
v 0.0242652 0.0236482 -0.00877284
v 0.0291916 0.0185678 -0.00529997
v 0.027409 0.0216935 -0.00177272
v 0.0294942 0.0187603 -0.00177272
v 0.027409 0.0216935 0.00177272
v 0.0294942 0.0187603 0.00177272
v 0.0271277 0.0214708 0.00529997
v 0.0291916 0.0185678 0.00529997
v 0.0271277 0.0214708 -0.00529997
v 0.0247763 0.0241463 -0.00529997
v 0.0250332 0.0243967 -0.00177272
v 0.0247763 0.0241463 0.00529997
v 0.0250332 0.0243967 0.00177272
v -0.0259865 0.0228389 -0.00529997
v -0.0230156 0.024866 -0.00877284
v -0.0254504 0.0223677 -0.00877284
v -0.0237441 0.025653 -0.00177272
v -0.0262559 0.0230757 0.00177272
v -0.0237441 0.025653 0.00177272
v -0.0259865 0.0228389 0.00529997
v -0.0235004 0.0253898 0.00529997
v -0.0254504 0.0223677 0.00877284
v -0.0230156 0.024866 0.00877284
v -0.028197 0.0200459 -0.00529997
v -0.0276154 0.0196324 -0.00877284
v -0.0276154 0.0196324 0.00877284
v -0.028197 0.0200459 0.00529997
vn -0.997669 -4.99507e-17 0.0682424
vn -0.997669 5.81927e-18 -0.0682424
vn -0.979084 2.84126e-17 -0.203456
vn -0.942261 -0 -0.33488
vn -0.887885 -1.94744e-18 -0.460065
vn -0.81697 -0 -0.57668
vn -0.730836 -0 -0.682553
vn -0.631088 -1.74691e-17 -0.775711
vn -0.519584 -0 -0.854419
vn -0.398401 -6.26674e-17 -0.917211
vn -0.269797 -0 -0.962917
vn -0.136167 2.05596e-17 -0.990686
vn -0 -0 -1
vn 0.136167 -1.02798e-17 -0.990686
vn 0.269797 2.03681e-17 -0.962917
vn 0.398401 0 -0.917211
vn 0.519584 -1.11579e-17 -0.854419
vn 0.631088 0 -0.775711
vn 0.730836 0 -0.682553
vn 0.81697 0 -0.57668
vn 0.887885 1.58403e-17 -0.460065
vn 0.942261 -1.64578e-17 -0.33488
vn 0.979084 0 -0.203456
vn 0.997669 0 -0.0682424
vn 0.997669 0 0.0682424
vn 0.979084 0 0.203456
vn 0.942261 0 0.33488
vn 0.887885 -1.94744e-18 0.460065
vn 0.81697 -3.77308e-17 0.57668
vn 0.730836 0 0.682553
vn 0.631088 0 0.775711
vn 0.519584 0 0.854419
vn 0.398401 -7.27215e-18 0.917211
vn 0.269797 0 0.962917
vn 0.136167 -1.02798e-17 0.990686
vn 0 0 1
vn -0.136167 1.02798e-17 0.990686
vn -0.269797 -4.07362e-17 0.962917
vn -0.398401 0 0.917211
vn -0.519584 4.0445e-17 0.854419
vn -0.631088 0 0.775711
vn -0.730836 -5.83211e-18 0.682553
vn -0.81697 0 0.57668
vn -0.887885 0 0.460065
vn -0.942261 -1.64578e-17 0.33488
vn -0.979084 0 0.203456
vn 0 0.996917 0.0784591
vn 0 0.996917 -0.0784591
vn -1.66423e-16 0.97237 -0.233445
vn 2.82382e-16 0.92388 -0.382683
vn 5.67762e-17 0.85264 -0.522499
vn 1.58941e-16 0.760406 -0.649448
vn -5.75074e-16 0.649448 -0.760406
vn -5.67762e-17 0.522499 -0.85264
vn 4.67867e-17 0.382683 -0.92388
vn 1.49197e-16 0.233445 -0.97237
vn -4.6316e-17 0.0784591 -0.996917
vn 4.9046e-17 -0.0784591 -0.996917
vn -1.49197e-16 -0.233445 -0.97237
vn -4.67867e-17 -0.382683 -0.92388
vn -2.03343e-17 -0.522499 -0.85264
vn -3.27504e-17 -0.649448 -0.760406
vn 6.55008e-17 -0.760406 -0.649448
vn 9.74447e-17 -0.85264 -0.522499
vn -9.68983e-18 -0.92388 -0.382683
vn 1.49197e-16 -0.97237 -0.233445
vn 2.42145e-16 -0.996917 -0.0784591
vn 4.9046e-17 -0.996917 0.0784591
vn 0 -0.97237 0.233445
vn 0 -0.92388 0.382683
vn 0 -0.85264 0.522499
vn 0 -0.760406 0.649448
vn 0 -0.649448 0.760406
vn 0 -0.522499 0.85264
vn 0 -0.382683 0.92388
vn 0 -0.233445 0.97237
vn 0 -0.0784591 0.996917
vn 0 0.0784591 0.996917
vn 0 0.233445 0.97237
vn 0 0.382683 0.92388
vn 0 0.522499 0.85264
vn 0 0.649448 0.760406
vn 0 0.760406 0.649448
vn 0 0.85264 0.522499
vn 0 0.92388 0.382683
vn 0 0.97237 0.233445
vn 2.53724e-16 0.996917 -0.0784591
vn 0 0.996917 0.0784591
vn 0 -0.649448 0.760406
vn 0 -0.760406 0.649448
vn 0 -0.85264 0.522499
vn 0 -0.92388 0.382683
vn 0 -0.97237 0.233445
vn 0 -0.996917 0.0784591
vn -0 -0.996917 -0.0784591
vn -1.31971e-16 -0.97237 -0.233445
vn -4.67867e-17 -0.92388 -0.382683
vn 1.33887e-16 -0.85264 -0.522499
vn -3.27504e-17 -0.760406 -0.649448
vn 6.55008e-17 -0.649448 -0.760406
vn 9.74447e-17 -0.522499 -0.85264
vn 1.03263e-16 -0.382683 -0.92388
vn 1.49197e-16 -0.233445 -0.97237
vn 2.47934e-16 -0.0784591 -0.996917
vn 4.9046e-17 0.0784591 -0.996917
vn 1.37808e-16 0.233445 -0.97237
vn -4.67867e-17 0.382683 -0.92388
vn 5.67762e-17 0.522499 -0.85264
vn 1.58941e-16 0.649448 -0.760406
vn 6.73325e-16 0.760406 -0.649448
vn -5.67762e-17 0.85264 -0.522499
vn 4.67867e-17 0.92388 -0.382683
vn -1.7226e-16 0.97237 -0.233445
vn -1 0 0
vn 1 0 0
vn 0.598796 0.799854 0.0409588
vn 0.618243 0.785987 0
vn 0.607541 0.793958 -0.0229014
vn 0.605936 0.791861 -0.0761444
vn 0.467081 0.883637 -0.0319492
vn 0.475146 0.874349 0.0987365
vn 0.595762 0.793906 0.121573
vn 0.610516 0.785524 0.101108
vn 0.675797 0.73013 0.101036
vn 0.679273 0.733885 0
vn 0.751132 0.660152 0
vn 0.747288 0.656774 -0.101036
vn 0.810858 0.576456 -0.101036
vn 0.798388 0.567591 -0.201042
vn 0.852516 0.482491 -0.201042
vn 0.830472 0.470015 -0.299002
vn 0.872972 0.385341 -0.299051
vn 0.873491 0.381738 -0.302143
vn 0.886353 0.352076 -0.300701
vn 0.893045 0.29223 -0.342158
vn 0.614687 0.762841 0.200585
vn 0.568778 0.797264 0.202144
vn 0.507664 0.820415 0.26305
vn 0.530662 0.792957 0.299362
vn 0.484492 0.805177 0.341992
vn 0.481333 0.782958 0.394075
vn 0.471129 0.784598 0.403043
vn 0.450248 0.749824 0.48481
vn 0.379084 0.788086 0.484991
vn 0.368212 0.786692 0.495516
vn 0.303536 0.811617 0.499143
vn 0.275994 0.793425 0.542498
vn 0.207177 0.854154 0.476969
vn 0.218646 0.79113 0.571233
vn 0.186527 0.790378 0.583533
vn 0.174376 0.738888 0.650875
vn 0.0974781 0.752901 0.650875
vn 0.0885239 0.68374 0.724336
vn 0.0177518 0.689218 0.724336
vn 0.0157735 0.612411 0.790382
vn -0.0472788 0.610787 0.790382
vn -0.0408621 0.52789 0.848329
vn -0.0949237 0.520891 0.848329
vn -0.0790387 0.433722 0.897573
vn -0.123216 0.423297 0.897573
vn -0.0971801 0.333854 0.937602
vn -0.130992 0.322093 0.937602
vn -0.0945453 0.232474 0.967996
vn -0.117947 0.221521 0.967996
vn -0.0712598 0.133835 0.988438
vn -0.0846433 0.125799 0.988438
vn -0.028312 0.0420781 0.998713
vn 0.428956 0.809631 0.400617
vn 0.377132 0.801801 0.463558
vn 0.160714 0.803217 0.573597
vn 0.103105 0.796365 0.595963
vn 0.0974781 0.752901 0.650875
vn 0.0195474 0.758933 0.650875
vn 0.0177518 0.689218 0.724336
vn -0.0532084 0.687391 0.724336
vn -0.0472788 0.610787 0.790382
vn -0.10983 0.602688 0.790382
vn -0.0949237 0.520891 0.848329
vn -0.147979 0.50837 0.848329
vn -0.123216 0.423297 0.897573
vn -0.166086 0.408384 0.897573
vn -0.130992 0.322093 0.937602
vn -0.163416 0.306917 0.937602
vn -0.117947 0.221521 0.967996
vn -0.140099 0.208219 0.967996
vn -0.0846433 0.125799 0.988438
vn -0.0971294 0.116429 0.988438
vn -0.0324885 0.038944 0.998713
vn 0.0797408 0.810592 0.580157
vn 0.0205632 0.79837 0.601816
vn 0.0195474 0.758933 0.650875
vn -0.0585905 0.756921 0.650875
vn -0.0532084 0.687391 0.724336
vn -0.123605 0.678277 0.724336
vn -0.10983 0.602688 0.790382
vn -0.171217 0.588201 0.790382
vn -0.147979 0.50837 0.848329
vn -0.199466 0.49046 0.848329
vn -0.166086 0.408384 0.897573
vn -0.207196 0.389142 0.897573
vn -0.163416 0.306917 0.937602
vn -0.194107 0.288488 0.937602
vn -0.140099 0.208219 0.967996
vn -0.160766 0.192711 0.967996
vn -0.0971294 0.116429 0.988438
vn -0.108586 0.105825 0.988438
vn -0.0363205 0.0353971 0.998713
vn 0 0.81253 0.58292
vn -0.0617549 0.797802 0.599748
vn -0.0585905 0.756921 0.650875
vn -0.136107 0.746885 0.650875
vn -0.123605 0.678277 0.724336
vn -0.192691 0.661972 0.724336
vn -0.171217 0.588201 0.790382
vn -0.230789 0.567479 0.790382
vn -0.199466 0.49046 0.848329
vn -0.248838 0.467352 0.848329
vn -0.207196 0.389142 0.897573
vn -0.24611 0.365776 0.897573
vn -0.194107 0.288488 0.937602
vn -0.222741 0.267 0.937602
vn -0.160766 0.192711 0.967996
vn -0.179729 0.175159 0.967996
vn -0.108586 0.105825 0.988438
vn -0.118892 0.0940994 0.988438
vn -0.0397676 0.031475 0.998713
vn -0.0800326 0.809039 0.582281
vn -0.144734 0.794226 0.590134
vn -0.136107 0.746885 0.650875
vn -0.212181 0.728931 0.650875
vn -0.192691 0.661972 0.724336
vn -0.259734 0.638651 0.724336
vn -0.230789 0.567479 0.790382
vn -0.287914 0.540741 0.790382
vn -0.248838 0.467352 0.848329
vn -0.295573 0.439289 0.848329
vn -0.24611 0.365776 0.897573
vn -0.282415 0.338532 0.897573
vn -0.222741 0.267 0.937602
vn -0.249014 0.242683 0.937602
vn -0.179729 0.175159 0.967996
vn -0.196786 0.155751 0.967996
vn -0.118892 0.0940994 0.988438
vn -0.127937 0.0813761 0.988438
vn -0.0427931 0.0272192 0.998713
vn -0.161436 0.801225 0.576174
vn -0.228768 0.785913 0.574461
vn -0.212181 0.728931 0.650875
vn -0.286006 0.703251 0.650875
vn -0.259734 0.638651 0.724336
vn -0.324024 0.60856 0.724336
vn -0.287914 0.540741 0.790382
vn -0.341988 0.508272 0.790382
vn -0.295573 0.439289 0.848329
vn -0.339175 0.406569 0.848329
vn -0.282415 0.338532 0.897573
vn -0.315727 0.307699 0.897573
vn -0.249014 0.242683 0.937602
vn -0.272647 0.215793 0.937602
vn -0.196786 0.155751 0.967996
vn -0.211758 0.134692 0.967996
vn -0.127937 0.0813761 0.988438
vn -0.135626 0.0677902 0.988438
vn -0.045365 0.0226749 0.998713
vn -0.233854 0.787038 0.570862
vn -0.235084 0.807353 0.541218
vn -0.302258 0.813381 0.497042
vn -0.340645 0.841809 0.418709
vn -0.367978 0.793143 0.4853
vn -0.324096 0.796909 0.509801
vn -0.309338 0.760622 0.570758
vn -0.286006 0.703251 0.650875
vn -0.422737 0.793955 0.436954
vn -0.437093 0.801442 0.408217
vn -0.467646 0.791073 0.394348
vn -0.459201 0.827084 0.32414
vn -0.529205 0.786519 0.318324
vn -0.541421 0.785734 0.29914
vn -0.611288 0.732752 0.299002
vn -0.68339 0.666015 0.299002
vn -0.748248 0.592218 0.299002
vn -0.805175 0.512144 0.299002
vn -0.853567 0.42664 0.299002
vn -0.882235 0.363428 0.299302
vn -0.90154 0.368934 0.226083
vn -0.874338 0.437023 0.211055
vn -0.873876 0.442609 0.201093
vn -0.826548 0.525738 0.201042
vn -0.839458 0.53395 0.101036
vn -0.780107 0.617434 0.101036
vn -0.78412 0.620609 0
vn -0.716152 0.697944 0
vn -0.712488 0.694373 -0.101036
vn -0.637315 0.763951 -0.101036
vn -0.627514 0.752202 -0.201042
vn -0.56823 0.797883 -0.201239
vn -0.53642 0.796867 -0.27795
vn -0.53642 0.796867 0.27795
vn -0.567989 0.797897 0.201863
vn -0.56904 0.797305 0.201243
vn -0.573175 0.81073 0.119107
vn -0.601527 0.79242 0.101167
vn -0.569578 0.821013 0.0389602
vn -0.614807 0.788677 0
vn -0.569578 0.821013 -0.0389602
vn -0.601527 0.79242 -0.101167
vn -0.573175 0.81073 -0.119107
vn -0.568967 0.797112 -0.202211
vn -0.459201 0.827084 -0.32414
vn -0.529205 0.786519 -0.318324
vn -0.541421 0.785734 -0.29914
vn -0.611288 0.732752 -0.299002
vn -0.627514 0.752202 -0.201042
vn -0.70153 0.683694 -0.201042
vn -0.712488 0.694373 -0.101036
vn -0.780107 0.617434 -0.101036
vn -0.78412 0.620609 0
vn -0.843776 0.536696 0
vn -0.839458 0.53395 0.101036
vn -0.879812 0.46444 0.101125
vn -0.883326 0.455808 0.10943
vn -0.467646 0.791073 -0.394348
vn -0.437093 0.801442 -0.408217
vn -0.422737 0.793955 -0.436954
vn -0.340645 0.841809 -0.418709
vn -0.367978 0.793143 -0.4853
vn -0.324096 0.796909 -0.509801
vn -0.309338 0.760622 -0.570758
vn -0.233854 0.787038 -0.570862
vn -0.228768 0.785913 -0.574461
vn -0.161436 0.801225 -0.576174
vn -0.144734 0.794226 -0.590134
vn -0.0800326 0.809039 -0.582281
vn -0.0617549 0.797802 -0.599748
vn 0 0.81253 -0.58292
vn 0.0205632 0.79837 -0.601816
vn 0.0797408 0.810592 -0.580157
vn 0.103105 0.796365 -0.595963
vn 0.160714 0.803217 -0.573597
vn 0.186527 0.790378 -0.583533
vn 0.218646 0.79113 -0.571233
vn 0.269772 0.775538 -0.570758
vn 0.348084 0.743689 -0.570758
vn 0.422706 0.703957 -0.570758
vn 0.474056 0.670108 -0.571163
vn 0.50474 0.713482 -0.485984
vn 0.53951 0.688885 -0.484114
vn 0.566653 0.723542 -0.394197
vn 0.624352 0.674549 -0.393914
vn 0.690401 0.606777 -0.393914
vn 0.749131 0.532573 -0.393914
vn 0.79992 0.452724 -0.393914
vn 0.84223 0.368076 -0.393914
vn 0.873651 0.285446 -0.394023
vn -0.302258 0.813381 -0.497042
vn -0.235084 0.807353 -0.541218
vn 0.207177 0.854154 -0.476969
vn 0.275994 0.793425 -0.542498
vn 0.303536 0.811617 -0.499143
vn 0.368212 0.786692 -0.495516
vn 0.379084 0.788086 -0.484991
vn 0.377132 0.801801 -0.463558
vn 0.428956 0.809631 -0.400617
vn 0.484492 0.805177 -0.341992
vn 0.481333 0.782958 -0.394075
vn 0.471129 0.784598 -0.403043
vn 0.450248 0.749824 -0.48481
vn 0.530662 0.792957 -0.299362
vn 0.507664 0.820415 -0.26305
vn 0.568778 0.797264 -0.202144
vn 0.475146 0.874349 -0.0987365
vn 0.560991 0.812189 -0.160119
vn 0.560391 0.803261 -0.201825
vn 0.597695 0.776564 -0.19927
vn 0.599635 0.774576 -0.20117
vn 0.665404 0.718901 -0.201042
vn 0.648198 0.700312 -0.299002
vn 0.71677 0.629952 -0.299002
vn 0.598796 -0.799854 -0.0409588
vn 0.618243 -0.785987 0
vn 0.598796 -0.799854 0.0409588
vn 0.610516 -0.785524 0.101108
vn 0.595762 -0.793906 0.121573
vn 0.587959 -0.783509 0.201042
vn 0.572756 -0.763249 0.299002
vn 0.551685 -0.73517 0.393914
vn 0.524959 -0.699555 0.48481
vn 0.492847 -0.656763 0.570758
vn 0.455674 -0.607226 0.650875
vn 0.413816 -0.551447 0.724336
vn 0.3677 -0.489993 0.790382
vn 0.317795 -0.42349 0.848329
vn 0.264614 -0.352621 0.897573
vn 0.208701 -0.278113 0.937602
vn 0.150632 -0.200731 0.967996
vn 0.091007 -0.121275 0.988438
vn 0.0304406 -0.0405648 0.998713
vn 0.475146 -0.874349 -0.0987365
vn 0.595762 -0.793906 -0.121573
vn 0.610516 -0.785524 -0.101108
vn 0.675797 -0.73013 -0.101036
vn 0.679273 -0.733885 0
vn 0.751132 -0.660152 0
vn 0.747288 -0.656774 0.101036
vn 0.810858 -0.576456 0.101036
vn 0.798388 -0.567591 0.201042
vn 0.852516 -0.482491 0.201042
vn 0.830472 -0.470015 0.299002
vn 0.872972 -0.385341 0.299051
vn 0.873491 -0.381738 0.302143
vn 0.886353 -0.352076 0.300701
vn 0.893045 -0.29223 0.342158
vn 0.656083 -0.717764 -0.233172
vn 0.569658 -0.796869 -0.201221
vn 0.587959 -0.783509 -0.201042
vn 0.665404 -0.718901 -0.201042
vn 0.735796 -0.646674 -0.201042
vn 0.798388 -0.567591 -0.201042
vn 0.852516 -0.482491 -0.201042
vn 0.879929 -0.430356 -0.201291
vn 0.857147 -0.419214 -0.299264
vn 0.876049 -0.377861 -0.2996
vn 0.876598 -0.374798 -0.301832
vn 0.886353 -0.352076 -0.300701
vn 0.893045 -0.29223 -0.342158
vn 0.873651 -0.285446 -0.394023
vn 0.873697 -0.278915 -0.398571
vn 0.833194 -0.265985 -0.48481
vn 0.782227 -0.249714 -0.570758
vn 0.723227 -0.230879 -0.650875
vn 0.656792 -0.209671 -0.724336
vn 0.583598 -0.186305 -0.790382
vn 0.504391 -0.16102 -0.848329
vn 0.419984 -0.134074 -0.897573
vn 0.331241 -0.105744 -0.937602
vn 0.239078 -0.076322 -0.967996
vn 0.144443 -0.0461112 -0.988438
vn 0.0483141 -0.0154236 -0.998713
vn 0.507664 -0.820415 -0.26305
vn 0.530662 -0.792957 -0.299362
vn 0.572756 -0.763249 -0.299002
vn 0.648198 -0.700312 -0.299002
vn 0.71677 -0.629952 -0.299002
vn 0.777743 -0.552914 -0.299002
vn 0.830472 -0.470015 -0.299002
vn 0.856843 -0.419771 -0.299354
vn 0.825279 -0.404307 -0.394273
vn 0.844674 -0.361813 -0.394483
vn 0.803902 -0.344348 -0.48494
vn 0.484492 -0.805177 -0.341992
vn 0.481333 -0.782958 -0.394075
vn 0.551685 -0.73517 -0.393914
vn 0.624352 -0.674549 -0.393914
vn 0.690401 -0.606777 -0.393914
vn 0.749131 -0.532573 -0.393914
vn 0.79992 -0.452724 -0.393914
vn 0.824981 -0.404842 -0.394347
vn 0.784962 -0.385203 -0.485235
vn 0.803475 -0.344798 -0.485327
vn 0.754495 -0.323779 -0.570881
vn 0.471129 -0.784598 -0.403043
vn 0.428956 -0.809631 -0.400617
vn 0.377132 -0.801801 -0.463558
vn 0.303536 -0.811617 -0.499143
vn 0.368212 -0.786692 -0.495516
vn 0.379084 -0.788086 -0.484991
vn 0.450248 -0.749824 -0.48481
vn 0.275994 -0.793425 -0.542498
vn 0.207177 -0.854154 -0.476969
vn 0.218646 -0.79113 -0.571233
vn 0.186527 -0.790378 -0.583533
vn 0.174376 -0.738888 -0.650875
vn 0.0974781 -0.752901 -0.650875
vn 0.0885239 -0.68374 -0.724336
vn 0.0177518 -0.689218 -0.724336
vn 0.0157735 -0.612411 -0.790382
vn -0.0472788 -0.610787 -0.790382
vn -0.0408621 -0.52789 -0.848329
vn -0.0949237 -0.520891 -0.848329
vn -0.0790387 -0.433722 -0.897573
vn -0.123216 -0.423297 -0.897573
vn -0.0971801 -0.333854 -0.937602
vn -0.130992 -0.322093 -0.937602
vn -0.0945453 -0.232474 -0.967996
vn -0.117947 -0.221521 -0.967996
vn -0.0712598 -0.133835 -0.988438
vn -0.0843452 -0.125979 -0.988441
vn -0.0844755 -0.125861 -0.988445
vn -0.0906118 -0.121326 -0.988468
vn -0.0907503 -0.121222 -0.988468
vn -0.0971294 -0.116429 -0.988438
vn -0.0324885 -0.038944 -0.998713
vn 0.160714 -0.803217 -0.573597
vn 0.103105 -0.796365 -0.595963
vn 0.0974781 -0.752901 -0.650875
vn 0.0195474 -0.758933 -0.650875
vn 0.0177518 -0.689218 -0.724336
vn -0.0532084 -0.687391 -0.724336
vn -0.0472788 -0.610787 -0.790382
vn -0.10983 -0.602688 -0.790382
vn -0.0949237 -0.520891 -0.848329
vn -0.147979 -0.50837 -0.848329
vn -0.123216 -0.423297 -0.897573
vn -0.166086 -0.408384 -0.897573
vn -0.130992 -0.322093 -0.937602
vn -0.163416 -0.306917 -0.937602
vn -0.117947 -0.221521 -0.967996
vn -0.13936 -0.208666 -0.968007
vn -0.139563 -0.208452 -0.968024
vn -0.149757 -0.201001 -0.968076
vn -0.149986 -0.200826 -0.968077
vn -0.160766 -0.192711 -0.967996
vn -0.0971294 -0.116429 -0.988438
vn -0.108586 -0.105825 -0.988438
vn -0.0363205 -0.0353971 -0.998713
vn 0.0797408 -0.810592 -0.580157
vn 0.0205632 -0.79837 -0.601816
vn 0.0195474 -0.758933 -0.650875
vn -0.0585905 -0.756921 -0.650875
vn -0.0532084 -0.687391 -0.724336
vn -0.123605 -0.678277 -0.724336
vn -0.10983 -0.602688 -0.790382
vn -0.171217 -0.588201 -0.790382
vn -0.147979 -0.50837 -0.848329
vn -0.199466 -0.49046 -0.848329
vn -0.166086 -0.408384 -0.897573
vn -0.207196 -0.389142 -0.897573
vn -0.163416 -0.306917 -0.937602
vn -0.192745 -0.289317 -0.937627
vn -0.19301 -0.288996 -0.937672
vn -0.207189 -0.27875 -0.937748
vn -0.207502 -0.278505 -0.937751
vn -0.222741 -0.267 -0.937602
vn -0.160766 -0.192711 -0.967996
vn -0.179729 -0.175159 -0.967996
vn -0.108586 -0.105825 -0.988438
vn -0.118892 -0.0940994 -0.988438
vn -0.0397676 -0.031475 -0.998713
vn -0 -0.81253 -0.58292
vn -0.0617549 -0.797802 -0.599748
vn -0.0585905 -0.756921 -0.650875
vn -0.136107 -0.746885 -0.650875
vn -0.123605 -0.678277 -0.724336
vn -0.192691 -0.661972 -0.724336
vn -0.171217 -0.588201 -0.790382
vn -0.230789 -0.567479 -0.790382
vn -0.199466 -0.49046 -0.848329
vn -0.248838 -0.467352 -0.848329
vn -0.207196 -0.389142 -0.897573
vn -0.243956 -0.367097 -0.897622
vn -0.244276 -0.366668 -0.89771
vn -0.262321 -0.353771 -0.897794
vn -0.262716 -0.353455 -0.897803
vn -0.282415 -0.338532 -0.897573
vn -0.222741 -0.267 -0.937602
vn -0.249014 -0.242683 -0.937602
vn -0.179729 -0.175159 -0.967996
vn -0.196786 -0.155751 -0.967996
vn -0.118892 -0.0940994 -0.988438
vn -0.127937 -0.0813761 -0.988438
vn -0.0427931 -0.0272192 -0.998713
vn -0.0800326 -0.809039 -0.582281
vn -0.144734 -0.794226 -0.590134
vn -0.136107 -0.746885 -0.650875
vn -0.212181 -0.728931 -0.650875
vn -0.192691 -0.661972 -0.724336
vn -0.259734 -0.638651 -0.724336
vn -0.230789 -0.567479 -0.790382
vn -0.287914 -0.540741 -0.790382
vn -0.248838 -0.467352 -0.848329
vn -0.292476 -0.441205 -0.848408
vn -0.292849 -0.440671 -0.848557
vn -0.314597 -0.425289 -0.848621
vn -0.315066 -0.424903 -0.84864
vn -0.339175 -0.406569 -0.848329
vn -0.282415 -0.338532 -0.897573
vn -0.315727 -0.307699 -0.897573
vn -0.249014 -0.242683 -0.937602
vn -0.272647 -0.215793 -0.937602
vn -0.196786 -0.155751 -0.967996
vn -0.211758 -0.134692 -0.967996
vn -0.127937 -0.0813761 -0.988438
vn -0.135626 -0.0677902 -0.988438
vn -0.045365 -0.0226749 -0.998713
vn -0.161436 -0.801225 -0.576174
vn -0.228768 -0.785913 -0.574461
vn -0.212181 -0.728931 -0.650875
vn -0.286006 -0.703251 -0.650875
vn -0.259734 -0.638651 -0.724336
vn -0.324024 -0.60856 -0.724336
vn -0.287914 -0.540741 -0.790382
vn -0.337819 -0.510877 -0.790495
vn -0.338244 -0.510247 -0.790721
vn -0.363489 -0.492562 -0.790733
vn -0.364025 -0.492108 -0.790769
vn -0.392436 -0.470414 -0.790382
vn -0.339175 -0.406569 -0.848329
vn -0.379181 -0.36954 -0.848329
vn -0.315727 -0.307699 -0.897573
vn -0.345691 -0.273605 -0.897573
vn -0.272647 -0.215793 -0.937602
vn -0.29339 -0.186615 -0.937602
vn -0.211758 -0.134692 -0.967996
vn -0.224484 -0.112205 -0.967996
vn -0.135626 -0.0677902 -0.988438
vn -0.141877 -0.0534858 -0.988438
vn -0.047456 -0.0178903 -0.998713
vn -0.233854 -0.787038 -0.570862
vn -0.235084 -0.807353 -0.541218
vn -0.302258 -0.813381 -0.497042
vn -0.340645 -0.841809 -0.418709
vn -0.367978 -0.793143 -0.4853
vn -0.324096 -0.796909 -0.509801
vn -0.309338 -0.760622 -0.570758
vn -0.286006 -0.703251 -0.650875
vn -0.422737 -0.793955 -0.436954
vn -0.437093 -0.801442 -0.408217
vn -0.467646 -0.791073 -0.394348
vn -0.459201 -0.827084 -0.32414
vn -0.518141 -0.793417 -0.319404
vn -0.533803 -0.790711 -0.299719
vn -0.561311 -0.771679 -0.299067
vn -0.576194 -0.792141 -0.201277
vn -0.627514 -0.752202 -0.201042
vn -0.70153 -0.683694 -0.201042
vn -0.76811 -0.607938 -0.201042
vn -0.826548 -0.525738 -0.201042
vn -0.873876 -0.442609 -0.201093
vn -0.880886 -0.437298 -0.181135
vn -0.883326 -0.455808 -0.10943
vn -0.879812 -0.46444 -0.101125
vn -0.890261 -0.454047 -0.0357343
vn -0.879129 -0.476584 0
vn -0.890261 -0.454047 0.0357343
vn -0.879812 -0.46444 0.101125
vn -0.883326 -0.455808 0.10943
vn -0.879814 -0.433295 0.195403
vn -0.852633 -0.482736 0.199956
vn -0.90154 -0.368934 0.226083
vn -0.882235 -0.363428 0.299302
vn -0.884512 -0.354743 0.302979
vn -0.881129 -0.332173 0.33656
vn -0.908073 -0.271997 0.318468
vn -0.880752 -0.262315 0.394292
vn -0.883387 -0.244866 0.399585
vn -0.880082 -0.231773 0.414412
vn -0.896309 -0.169693 0.409675
vn -0.882559 -0.137455 0.449662
vn -0.906956 -0.0983329 0.409586
vn -0.880593 -0.045392 0.471694
vn -0.900149 -0.0341753 0.434238
vn -0.900149 0.0341753 0.434238
vn -0.880593 0.045392 0.471694
vn -0.906956 0.0983329 0.409586
vn -0.882559 0.137455 0.449662
vn -0.896309 0.169693 0.409675
vn -0.880082 0.231773 0.414412
vn -0.883387 0.244866 0.399585
vn -0.880752 0.262315 0.394292
vn -0.908073 0.271997 0.318468
vn -0.881129 0.332173 0.33656
vn -0.884512 0.354743 0.302979
vn -0.52204 -0.808891 -0.270499
vn -0.562984 -0.801575 -0.20131
vn -0.575324 -0.792853 -0.200961
vn -0.58357 -0.804217 -0.112611
vn -0.601527 -0.79242 -0.101167
vn -0.585011 -0.808149 -0.0682468
vn -0.586196 -0.809786 -0.0249275
vn -0.421734 -0.90626 -0.0288474
vn -0.559444 -0.804668 -0.198827
vn -0.557688 -0.821921 -0.115889
vn -0.614807 -0.788677 0
vn -0.569578 -0.821013 0.0389602
vn -0.601527 -0.79242 0.101167
vn -0.573175 -0.81073 0.119107
vn -0.56904 -0.797305 0.201243
vn -0.567989 -0.797897 0.201863
vn -0.53642 -0.796867 0.27795
vn -0.459201 -0.827084 0.32414
vn -0.529205 -0.786519 0.318324
vn -0.541421 -0.785734 0.29914
vn -0.611288 -0.732752 0.299002
vn -0.627514 -0.752202 0.201042
vn -0.70153 -0.683694 0.201042
vn -0.712488 -0.694373 0.101036
vn -0.780107 -0.617434 0.101036
vn -0.78412 -0.620609 0
vn -0.843776 -0.536696 0
vn -0.839458 -0.53395 -0.101036
vn -0.467646 -0.791073 0.394348
vn -0.437093 -0.801442 0.408217
vn -0.422737 -0.793955 0.436954
vn -0.340645 -0.841809 0.418709
vn -0.367978 -0.793143 0.4853
vn -0.324096 -0.796909 0.509801
vn -0.309338 -0.760622 0.570758
vn -0.233854 -0.787038 0.570862
vn -0.228768 -0.785913 0.574461
vn -0.161436 -0.801225 0.576174
vn -0.144734 -0.794226 0.590134
vn -0.0800326 -0.809039 0.582281
vn -0.0617549 -0.797802 0.599748
vn 0 -0.81253 0.58292
vn 0.0205632 -0.79837 0.601816
vn 0.0797408 -0.810592 0.580157
vn 0.103105 -0.796365 0.595963
vn 0.160714 -0.803217 0.573597
vn 0.186527 -0.790378 0.583533
vn 0.218646 -0.79113 0.571233
vn 0.269772 -0.775538 0.570758
vn 0.348084 -0.743689 0.570758
vn 0.422706 -0.703957 0.570758
vn -0.302258 -0.813381 0.497042
vn -0.235084 -0.807353 0.541218
vn 0.207177 -0.854154 0.476969
vn 0.275994 -0.793425 0.542498
vn 0.303536 -0.811617 0.499143
vn 0.368212 -0.786692 0.495516
vn 0.379084 -0.788086 0.484991
vn 0.377132 -0.801801 0.463558
vn 0.428956 -0.809631 0.400617
vn 0.484492 -0.805177 0.341992
vn 0.481333 -0.782958 0.394075
vn 0.471129 -0.784598 0.403043
vn 0.450248 -0.749824 0.48481
vn 0.530662 -0.792957 0.299362
vn 0.507664 -0.820415 0.26305
vn 0.568778 -0.797264 0.202144
vn 0.614687 -0.762841 0.200585
vn 0.475146 -0.874349 0.0987365
vn 0.90675 -0.420368 0.0330837
vn 0.870063 -0.492941 0
vn 0.898614 -0.438015 -0.0251964
vn 0.897113 -0.437283 -0.0630254
vn 0.94119 -0.336835 -0.0265095
vn 0.883136 -0.458081 0.101157
vn 0.890417 -0.442571 0.106252
vn 0.895914 -0.410413 0.169999
vn 0.881035 -0.428091 0.201286
vn 0.888502 -0.391254 0.239761
vn 0.886709 -0.241566 0.3942
vn 0.873697 -0.278915 0.398571
vn 0.873651 -0.285446 0.394023
vn 0.84223 -0.368076 0.393914
vn 0.885434 -0.18503 0.426346
vn 0.892759 -0.172412 0.416239
vn 0.896753 -0.103307 0.430304
vn 0.88025 -0.0909904 0.465705
vn 0.912847 -0.032035 0.407044
vn 0.863868 0 0.503717
vn 0.912847 0.032035 0.407044
vn 0.88025 0.0909904 0.465705
vn 0.896753 0.103307 0.430304
vn 0.892759 0.172412 0.416239
vn 0.885434 0.18503 0.426346
vn 0.886709 0.241566 0.3942
vn 0.873697 0.278915 0.398571
vn 0.873651 0.285446 0.394023
vn 0.84223 0.368076 0.393914
vn 0.79992 0.452724 0.393914
vn 0.749131 0.532573 0.393914
vn 0.690401 0.606777 0.393914
vn 0.624352 0.674549 0.393914
vn 0.551685 0.73517 0.393914
vn 0.893045 0.29223 0.342158
vn 0.886353 0.352076 0.300701
vn 0.873491 0.381738 0.302143
vn 0.872972 0.385341 0.299051
vn 0.830472 0.470015 0.299002
vn 0.777743 0.552914 0.299002
vn 0.71677 0.629952 0.299002
vn 0.648198 0.700312 0.299002
vn 0.572756 0.763249 0.299002
vn 0.888502 0.391254 0.239761
vn 0.881035 0.428091 0.201286
vn 0.852516 0.482491 0.201042
vn 0.798388 0.567591 0.201042
vn 0.735796 0.646674 0.201042
vn 0.665404 0.718901 0.201042
vn 0.587959 0.783509 0.201042
vn 0.895914 0.410413 0.169999
vn 0.890417 0.442571 0.106252
vn 0.883136 0.458081 0.101157
vn 0.90675 0.420368 0.0330837
vn 0.870063 0.492941 0
vn 0.90675 0.420368 -0.0330837
vn 0.883136 0.458081 -0.101157
vn 0.890417 0.442571 -0.106252
vn 0.895914 0.410413 -0.169999
vn 0.881035 0.428091 -0.201286
vn 0.888502 0.391254 -0.239761
vn 0.873697 0.278915 -0.398571
vn 0.886709 0.241566 -0.3942
vn 0.885434 0.18503 -0.426346
vn 0.892759 0.172412 -0.416239
vn 0.896753 0.103307 -0.430304
vn 0.88025 0.0909904 -0.465705
vn 0.912847 0.032035 -0.407044
vn 0.863868 0 -0.503717
vn 0.912847 -0.032035 -0.407044
vn 0.88025 -0.0909904 -0.465705
vn 0.896753 -0.103307 -0.430304
vn 0.892759 -0.172412 -0.416239
vn 0.885434 -0.18503 -0.426346
vn 0.886709 -0.241566 -0.3942
vn 0.892907 -0.383894 -0.23525
vn 0.881415 -0.427336 -0.201223
vn 0.880235 -0.429781 -0.201185
vn 0.892048 -0.435549 -0.120611
vn 0.890417 -0.442571 -0.106252
vn 0.903339 -0.396277 -0.164143
vn -0.874338 -0.437023 -0.211055
vn -0.90154 -0.368934 -0.226083
vn -0.882235 -0.363428 -0.299302
vn -0.884512 -0.354743 -0.302979
vn -0.881129 -0.332173 -0.33656
vn -0.908073 -0.271997 -0.318468
vn -0.880752 -0.262315 -0.394292
vn -0.883387 -0.244866 -0.399585
vn -0.880082 -0.231773 -0.414412
vn -0.896309 -0.169693 -0.409675
vn -0.882559 -0.137455 -0.449662
vn -0.906956 -0.0983329 -0.409586
vn -0.880593 -0.045392 -0.471694
vn -0.900149 -0.0341753 -0.434238
vn -0.900149 0.0341753 -0.434238
vn -0.880593 0.045392 -0.471694
vn -0.906956 0.0983329 -0.409586
vn -0.882559 0.137455 -0.449662
vn -0.896309 0.169693 -0.409675
vn -0.880082 0.231773 -0.414412
vn -0.883387 0.244866 -0.399585
vn -0.880752 0.262315 -0.394292
vn -0.908073 0.271997 -0.318468
vn -0.881129 0.332173 -0.33656
vn -0.884512 0.354743 -0.302979
vn -0.882235 0.363428 -0.299302
vn -0.90154 0.368934 -0.226083
vn -0.885915 0.409818 -0.217267
vn -0.881518 0.427068 -0.201344
vn -0.867979 0.454588 -0.199906
vn -0.88132 0.461575 -0.101115
vn -0.839458 0.53395 -0.101036
vn -0.780107 0.617434 -0.101036
vn -0.901032 0.400735 -0.16599
vn -0.889464 0.444379 -0.106686
vn -0.879357 0.464779 -0.103497
vn -0.884418 0.460579 -0.0753159
vn -0.886688 0.461762 -0.0236636
vn -0.931304 0.36312 -0.0285782
vn -0.879129 0.476584 0
vn -0.890261 0.454047 0.0357343
vn -0.880886 0.437298 0.181135
vn -0.050649 -0.00261081 -0.998713
vn -0.050649 0.00261081 0.998713
vn -0.0501121 -0.00780475 -0.998713
vn -0.049044 -0.012916 -0.998713
vn -0.0238355 -0.0447662 -0.998713
vn -0.0191062 -0.0469797 -0.998713
vn -0.0141745 -0.0486952 -0.998713
vn -0.00909245 -0.0498945 -0.998713
vn -0.00391405 -0.050565 -0.998713
vn 0.00130584 -0.0506994 -0.998713
vn 0.00651188 -0.0502964 -0.998713
vn 0.0116489 -0.0493603 -0.998713
vn 0.0166624 -0.0479009 -0.998713
vn 0.0214993 -0.0459338 -0.998713
vn 0.0304406 -0.0405648 -0.998713
vn 0.0344502 -0.0372199 -0.998713
vn 0.0380946 -0.0334804 -0.998713
vn 0.0413352 -0.0293861 -0.998713
vn 0.0441376 -0.0249802 -0.998713
vn 0.0496439 -0.0103741 -0.998713
vn 0.0504474 -0.00521469 -0.998713
vn 0.0507162 0 -0.998713
vn 0.0504474 0.00521469 -0.998713
vn 0.0496439 0.0103741 -0.998713
vn 0.0483141 0.0154236 -0.998713
vn 0.0464722 0.0203095 -0.998713
vn 0.0441376 0.0249802 -0.998713
vn 0.0413352 0.0293861 -0.998713
vn 0.0380946 0.0334804 -0.998713
vn 0.0344502 0.0372199 -0.998713
vn 0.0214993 0.0459338 -0.998713
vn 0.0166624 0.0479009 -0.998713
vn 0.0116489 0.0493603 -0.998713
vn 0.00651188 0.0502964 -0.998713
vn 0.00130584 0.0506994 -0.998713
vn -0.00391405 0.050565 -0.998713
vn -0.00909245 0.0498945 -0.998713
vn -0.0141745 0.0486952 -0.998713
vn -0.0191062 0.0469797 -0.998713
vn -0.0238355 0.0447662 -0.998713
vn -0.028312 0.0420781 -0.998713
vn -0.0324885 0.038944 -0.998713
vn -0.0363205 0.0353971 -0.998713
vn -0.0397676 0.031475 -0.998713
vn -0.0427931 0.0272192 -0.998713
vn -0.047456 0.0178903 -0.998713
vn -0.049044 0.012916 -0.998713
vn -0.0501121 0.00780475 -0.998713
vn -0.050649 0.00261081 -0.998713
vn -0.0501121 0.00780475 0.998713
vn -0.049044 0.012916 0.998713
vn -0.047456 0.0178903 0.998713
vn -0.0238355 0.0447662 0.998713
vn -0.0191062 0.0469797 0.998713
vn -0.0141745 0.0486952 0.998713
vn -0.00909245 0.0498945 0.998713
vn -0.00391405 0.050565 0.998713
vn 0.00130584 0.0506994 0.998713
vn 0.00651188 0.0502964 0.998713
vn 0.0116489 0.0493603 0.998713
vn 0.0166624 0.0479009 0.998713
vn 0.0214993 0.0459338 0.998713
vn 0.0261084 0.0434798 0.998713
vn 0.0344502 0.0372199 0.998713
vn 0.0380946 0.0334804 0.998713
vn 0.0413352 0.0293861 0.998713
vn 0.0441376 0.0249802 0.998713
vn 0.0464722 0.0203095 0.998713
vn 0.0483141 0.0154236 0.998713
vn 0.0496439 0.0103741 0.998713
vn 0.0504474 0.00521469 0.998713
vn 0.0507162 0 0.998713
vn 0.0504474 -0.00521469 0.998713
vn 0.0496439 -0.0103741 0.998713
vn 0.0483141 -0.0154236 0.998713
vn 0.0464722 -0.0203095 0.998713
vn 0.0441376 -0.0249802 0.998713
vn 0.0413352 -0.0293861 0.998713
vn 0.0380946 -0.0334804 0.998713
vn 0.0344502 -0.0372199 0.998713
vn 0.0261084 -0.0434798 0.998713
vn 0.0166624 -0.0479009 0.998713
vn 0.0116489 -0.0493603 0.998713
vn 0.00651188 -0.0502964 0.998713
vn 0.00130584 -0.0506994 0.998713
vn -0.00391405 -0.050565 0.998713
vn -0.00909245 -0.0498945 0.998713
vn -0.0141745 -0.0486952 0.998713
vn -0.0191062 -0.0469797 0.998713
vn -0.0238355 -0.0447662 0.998713
vn -0.028312 -0.0420781 0.998713
vn -0.0324885 -0.038944 0.998713
vn -0.0363205 -0.0353971 0.998713
vn -0.0397676 -0.031475 0.998713
vn -0.0427931 -0.0272192 0.998713
vn -0.045365 -0.0226749 0.998713
vn -0.047456 -0.0178903 0.998713
vn -0.049044 -0.012916 0.998713
vn -0.0501121 -0.00780475 0.998713
vn -0.050649 -0.00261081 0.998713
vn -0.151423 0.00780543 -0.988438
vn -0.149818 0.0233335 -0.988438
vn -0.146625 0.0386143 -0.988438
vn -0.141877 0.0534858 -0.988438
vn -0.135909 0.0671436 -0.988443
vn -0.224822 0.111069 -0.968049
vn -0.219009 0.121941 -0.968073
vn -0.303447 0.168955 -0.937749
vn -0.29339 0.186615 -0.937602
vn -0.272647 0.215793 -0.937602
vn -0.249014 0.242683 -0.937602
vn -0.222741 0.267 -0.937602
vn -0.194107 0.288488 -0.937602
vn -0.163416 0.306917 -0.937602
vn -0.130992 0.322093 -0.937602
vn -0.0971801 0.333854 -0.937602
vn -0.0623378 0.342077 -0.937602
vn -0.0268347 0.346674 -0.937602
vn 0.00895282 0.347595 -0.937602
vn 0.0446455 0.344833 -0.937602
vn 0.0798649 0.338414 -0.937602
vn 0.114238 0.328409 -0.937602
vn 0.1474 0.314922 -0.937602
vn 0.178999 0.298097 -0.937602
vn 0.205472 0.280311 -0.93766
vn 0.260294 0.355101 -0.897859
vn 0.277422 0.342199 -0.89774
vn 0.33314 0.410926 -0.848621
vn 0.359655 0.38857 -0.848329
vn 0.397701 0.34953 -0.848329
vn 0.431533 0.306786 -0.848329
vn 0.46079 0.260789 -0.848329
vn 0.485162 0.212028 -0.848329
vn 0.504391 0.16102 -0.848329
vn 0.518274 0.108304 -0.848329
vn 0.526663 0.0544406 -0.848329
vn 0.529469 0 -0.848329
vn 0.526663 -0.0544406 -0.848329
vn 0.518274 -0.108304 -0.848329
vn -0.250632 0.0129193 -0.967996
vn -0.247975 0.0386211 -0.967996
vn -0.24269 0.0639134 -0.967996
vn -0.234832 0.0885282 -0.967996
vn -0.225191 0.110601 -0.968017
vn -0.311784 0.15313 -0.937732
vn -0.303872 0.168267 -0.937736
vn -0.385283 0.213348 -0.897797
vn -0.371991 0.236611 -0.897573
vn -0.345691 0.273605 -0.897573
vn -0.315727 0.307699 -0.897573
vn -0.282415 0.338532 -0.897573
vn -0.24611 0.365776 -0.897573
vn -0.207196 0.389142 -0.897573
vn -0.166086 0.408384 -0.897573
vn -0.123216 0.423297 -0.897573
vn -0.0790387 0.433722 -0.897573
vn -0.034024 0.43955 -0.897573
vn 0.0113514 0.440719 -0.897573
vn 0.0566064 0.437216 -0.897573
vn 0.101261 0.429078 -0.897573
vn 0.144843 0.416393 -0.897573
vn 0.186889 0.399293 -0.897573
vn 0.226954 0.37796 -0.897573
vn 0.259508 0.356121 -0.897682
vn 0.31139 0.427319 -0.848785
vn 0.332102 0.412005 -0.848505
vn 0.384173 0.476604 -0.790734
vn 0.416132 0.449588 -0.790382
vn 0.460154 0.404418 -0.790382
vn 0.499298 0.354961 -0.790382
vn 0.533149 0.301742 -0.790382
vn 0.561348 0.245324 -0.790382
vn 0.583598 0.186305 -0.790382
vn 0.599661 0.125311 -0.790382
vn 0.609367 0.0629896 -0.790382
vn 0.612614 0 -0.790382
vn 0.609367 -0.0629896 -0.790382
vn 0.599661 -0.125311 -0.790382
vn -0.151423 -0.00780543 -0.988438
vn -0.149818 -0.0233335 -0.988438
vn -0.146625 -0.0386143 -0.988438
vn -0.141877 -0.0534858 -0.988438
vn -0.34725 0.0178997 -0.937602
vn -0.343569 0.0535094 -0.937602
vn -0.336246 0.0885519 -0.937602
vn -0.325359 0.122656 -0.937602
vn -0.312336 0.1525 -0.937651
vn -0.39571 0.193209 -0.897822
vn -0.385845 0.212487 -0.89776
vn -0.463371 0.255181 -0.848628
vn -0.446753 0.284164 -0.848329
vn -0.415168 0.328594 -0.848329
vn -0.379181 0.36954 -0.848329
vn -0.339175 0.406569 -0.848329
vn -0.295573 0.439289 -0.848329
vn -0.248838 0.467352 -0.848329
vn -0.199466 0.49046 -0.848329
vn -0.147979 0.50837 -0.848329
vn -0.0949237 0.520891 -0.848329
vn -0.0408621 0.52789 -0.848329
vn 0.0136327 0.529294 -0.848329
vn 0.067983 0.525087 -0.848329
vn 0.121613 0.515314 -0.848329
vn 0.173953 0.500078 -0.848329
vn 0.22445 0.479542 -0.848329
vn 0.272567 0.453922 -0.848329
vn 0.310455 0.428559 -0.848502
vn 0.358905 0.49544 -0.791028
vn 0.383007 0.477897 -0.790519
vn 0.430911 0.537669 -0.724726
vn 0.468323 0.505975 -0.724336
vn 0.517866 0.45514 -0.724336
vn 0.561919 0.39948 -0.724336
vn 0.600016 0.339586 -0.724336
vn 0.631752 0.276092 -0.724336
vn 0.656792 0.209671 -0.724336
vn 0.674869 0.141028 -0.724336
vn 0.685793 0.0708896 -0.724336
vn 0.689447 0 -0.724336
vn 0.685793 -0.0708896 -0.724336
vn 0.674869 -0.141028 -0.724336
vn -0.250632 -0.0129193 -0.967996
vn -0.247975 -0.0386211 -0.967996
vn -0.24269 -0.0639134 -0.967996
vn -0.234832 -0.0885282 -0.967996
vn -0.224484 -0.112205 -0.967996
vn -0.440281 0.0226952 -0.897573
vn -0.435614 0.067845 -0.897573
vn -0.426329 0.112276 -0.897573
vn -0.412525 0.155516 -0.897573
vn -0.396444 0.192426 -0.897666
vn -0.475745 0.230917 -0.848731
vn -0.464075 0.254164 -0.848549
vn -0.536895 0.294046 -0.790747
vn -0.516909 0.328787 -0.790382
vn -0.480363 0.380194 -0.790382
vn -0.438725 0.42757 -0.790382
vn -0.392436 0.470414 -0.790382
vn -0.341988 0.508272 -0.790382
vn -0.287914 0.540741 -0.790382
vn -0.230789 0.567479 -0.790382
vn -0.171217 0.588201 -0.790382
vn -0.10983 0.602688 -0.790382
vn -0.0472788 0.610787 -0.790382
vn 0.0157735 0.612411 -0.790382
vn 0.0786586 0.607543 -0.790382
vn 0.14071 0.596235 -0.790382
vn 0.20127 0.578607 -0.790382
vn 0.259696 0.554846 -0.790382
vn 0.315369 0.525203 -0.790382
vn 0.357817 0.496869 -0.790625
vn 0.402387 0.558758 -0.725172
vn 0.429634 0.53917 -0.724369
vn 0.4729 0.593467 -0.651278
vn 0.515694 0.557155 -0.650875
vn 0.570248 0.501178 -0.650875
vn 0.618757 0.439888 -0.650875
vn 0.660708 0.373935 -0.650875
vn 0.695654 0.304019 -0.650875
vn 0.723227 0.230879 -0.650875
vn 0.743133 0.155293 -0.650875
vn 0.755161 0.0780602 -0.650875
vn 0.759185 0 -0.650875
vn 0.755161 -0.0780602 -0.650875
vn 0.743133 -0.155293 -0.650875
vn -0.34725 -0.0178997 -0.937602
vn -0.343569 -0.0535094 -0.937602
vn -0.336246 -0.0885519 -0.937602
vn -0.325359 -0.122656 -0.937602
vn -0.311023 -0.155459 -0.937602
vn -0.29339 -0.186615 -0.937602
vn -0.528767 0.0272564 -0.848329
vn -0.523162 0.0814804 -0.848329
vn -0.512012 0.134841 -0.848329
vn -0.495434 0.186771 -0.848329
vn -0.476648 0.229987 -0.848477
vn -0.551071 0.265897 -0.790961
vn -0.537745 0.292888 -0.790599
vn -0.605085 0.329565 -0.724747
vn -0.581739 0.370024 -0.724336
vn -0.540609 0.427877 -0.724336
vn -0.493749 0.481196 -0.724336
vn -0.441655 0.529413 -0.724336
vn -0.384879 0.572018 -0.724336
vn -0.324024 0.60856 -0.724336
vn -0.259734 0.638651 -0.724336
vn -0.192691 0.661972 -0.724336
vn -0.123605 0.678277 -0.724336
vn -0.0532084 0.687391 -0.724336
vn 0.0177518 0.689218 -0.724336
vn 0.0885239 0.68374 -0.724336
vn 0.158358 0.671014 -0.724336
vn 0.226513 0.651175 -0.724336
vn 0.292266 0.624434 -0.724336
vn 0.354922 0.591073 -0.724336
vn 0.401138 0.560334 -0.724648
vn 0.441423 0.616607 -0.651876
vn 0.471522 0.595159 -0.650733
vn 0.509739 0.643396 -0.571145
vn 0.557764 0.602607 -0.570758
vn 0.616768 0.542063 -0.570758
vn 0.669235 0.475773 -0.570758
vn 0.714607 0.40444 -0.570758
vn 0.752405 0.32882 -0.570758
vn 0.782227 0.249714 -0.570758
vn 0.803757 0.167962 -0.570758
vn 0.816767 0.0844282 -0.570758
vn 0.821119 0 -0.570758
vn 0.816767 -0.0844282 -0.570758
vn 0.803757 -0.167962 -0.570758
vn -0.440281 -0.0226952 -0.897573
vn -0.435614 -0.067845 -0.897573
vn -0.426329 -0.112276 -0.897573
vn -0.412525 -0.155516 -0.897573
vn -0.394348 -0.197108 -0.897573
vn -0.371991 -0.236611 -0.897573
vn -0.345691 -0.273605 -0.897573
vn -0.611802 0.0315366 -0.790382
vn -0.605316 0.0942755 -0.790382
vn -0.592414 0.156015 -0.790382
vn -0.573233 0.216101 -0.790382
vn -0.552118 0.264821 -0.790592
vn -0.620915 0.297819 -0.725099
vn -0.606077 0.32828 -0.724502
vn -0.667224 0.3614 -0.651308
vn -0.640582 0.407452 -0.650875
vn -0.595292 0.471157 -0.650875
vn -0.543692 0.529869 -0.650875
vn -0.486329 0.582963 -0.650875
vn -0.42381 0.629878 -0.650875
vn -0.356799 0.670117 -0.650875
vn -0.286006 0.703251 -0.650875
vn -0.212181 0.728931 -0.650875
vn -0.136107 0.746885 -0.650875
vn -0.0585905 0.756921 -0.650875
vn 0.0195474 0.758933 -0.650875
vn 0.0974781 0.752901 -0.650875
vn 0.174376 0.738888 -0.650875
vn 0.249424 0.717042 -0.650875
vn 0.321829 0.687596 -0.650875
vn 0.390823 0.65086 -0.650875
vn 0.440005 0.618286 -0.651243
vn 0.475646 0.668369 -0.571878
vn 0.508264 0.645249 -0.57037
vn 0.541085 0.686914 -0.485156
vn 0.594106 0.64187 -0.48481
vn 0.656955 0.577382 -0.48481
vn 0.71284 0.506773 -0.48481
vn 0.761169 0.430792 -0.48481
vn 0.801429 0.350245 -0.48481
vn 0.833194 0.265985 -0.48481
vn 0.856126 0.178905 -0.48481
vn 0.869984 0.0899293 -0.48481
vn 0.87462 0 -0.48481
vn 0.869984 -0.0899293 -0.48481
vn 0.856126 -0.178905 -0.48481
vn -0.528767 -0.0272564 -0.848329
vn -0.523162 -0.0814804 -0.848329
vn -0.512012 -0.134841 -0.848329
vn -0.495434 -0.186771 -0.848329
vn -0.473604 -0.236723 -0.848329
vn -0.446753 -0.284164 -0.848329
vn -0.415168 -0.328594 -0.848329
vn -0.379181 -0.36954 -0.848329
vn -0.688533 0.0354919 -0.724336
vn -0.681234 0.106099 -0.724336
vn -0.666714 0.175582 -0.724336
vn -0.645127 0.243204 -0.724336
vn -0.622073 0.296597 -0.724607
vn -0.684556 0.326388 -0.651808
vn -0.668346 0.359999 -0.650933
vn -0.722656 0.389253 -0.571184
vn -0.69284 0.440691 -0.570758
vn -0.643855 0.509594 -0.570758
vn -0.588046 0.573095 -0.570758
vn -0.526003 0.630521 -0.570758
vn -0.458384 0.681263 -0.570758
vn -0.385907 0.724784 -0.570758
vn -0.309338 0.760622 -0.570758
vn -0.611802 -0.0315366 -0.790382
vn -0.605316 -0.0942755 -0.790382
vn -0.592414 -0.156015 -0.790382
vn -0.573233 -0.216101 -0.790382
vn -0.547975 -0.273896 -0.790382
vn -0.516909 -0.328787 -0.790382
vn -0.480363 -0.380194 -0.790382
vn -0.438725 -0.42757 -0.790382
vn -0.392436 -0.470414 -0.790382
vn -0.758178 0.0390819 -0.650875
vn -0.750142 0.116831 -0.650875
vn -0.734153 0.193343 -0.650875
vn -0.710382 0.267804 -0.650875
vn -0.685787 0.32502 -0.651197
vn -0.741329 0.351343 -0.571829
vn -0.723885 0.387746 -0.570652
vn -0.77079 0.41287 -0.485202
vn -0.737983 0.469405 -0.48481
vn -0.685807 0.542797 -0.48481
vn -0.626361 0.610436 -0.48481
vn -0.560275 0.671603 -0.48481
vn -0.488251 0.725652 -0.48481
vn -0.411051 0.772008 -0.48481
vn -0.688533 -0.0354919 -0.724336
vn -0.681234 -0.106099 -0.724336
vn -0.666714 -0.175582 -0.724336
vn -0.645127 -0.243204 -0.724336
vn -0.616701 -0.308247 -0.724336
vn -0.581739 -0.370024 -0.724336
vn -0.540609 -0.427877 -0.724336
vn -0.493749 -0.481196 -0.724336
vn -0.441655 -0.529413 -0.724336
vn -0.409101 -0.554371 -0.724782
vn -0.82003 0.0422702 -0.570758
vn -0.811337 0.126362 -0.570758
vn -0.794044 0.209115 -0.570758
vn -0.768334 0.289651 -0.570758
vn -0.742595 0.34983 -0.571115
vn -0.790636 0.372462 -0.48597
vn -0.772098 0.411263 -0.484487
vn -0.811114 0.432045 -0.394247
vn -0.775554 0.493303 -0.393914
vn -0.720722 0.570431 -0.393914
vn -0.658249 0.641513 -0.393914
vn -0.588799 0.705795 -0.393914
vn -0.513108 0.762595 -0.393914
vn -0.758178 -0.0390819 -0.650875
vn -0.750142 -0.116831 -0.650875
vn -0.734153 -0.193343 -0.650875
vn -0.710382 -0.267804 -0.650875
vn -0.679081 -0.339427 -0.650875
vn -0.640582 -0.407452 -0.650875
vn -0.595292 -0.471157 -0.650875
vn -0.543692 -0.529869 -0.650875
vn -0.486329 -0.582963 -0.650875
vn -0.449843 -0.611045 -0.651357
vn -0.408503 -0.55489 -0.724722
vn -0.380011 -0.574683 -0.724797
vn -0.87346 0.0450243 -0.48481
vn -0.864201 0.134596 -0.48481
vn -0.845781 0.22274 -0.48481
vn -0.818396 0.308524 -0.48481
vn -0.791899 0.370808 -0.485177
vn -0.831948 0.389561 -0.395101
vn -0.812462 0.43034 -0.393335
vn -0.843195 0.446618 -0.299257
vn -0.805175 0.512144 -0.299002
vn -0.748248 0.592218 -0.299002
vn -0.68339 0.666015 -0.299002
vn -0.611288 0.732752 -0.299002
vn -0.82003 -0.0422702 -0.570758
vn -0.811337 -0.126362 -0.570758
vn -0.794044 -0.209115 -0.570758
vn -0.768334 -0.289651 -0.570758
vn -0.73448 -0.367117 -0.570758
vn -0.69284 -0.440691 -0.570758
vn -0.643855 -0.509594 -0.570758
vn -0.588046 -0.573095 -0.570758
vn -0.526003 -0.630521 -0.570758
vn -0.485846 -0.661536 -0.571248
vn -0.449189 -0.611623 -0.651266
vn -0.417742 -0.633318 -0.651461
vn -0.379534 -0.575393 -0.724484
vn -0.324024 -0.60856 -0.724336
vn -0.87346 -0.0450243 -0.48481
vn -0.864201 -0.134596 -0.48481
vn -0.845781 -0.22274 -0.48481
vn -0.818396 -0.308524 -0.48481
vn -0.782336 -0.391037 -0.48481
vn -0.737983 -0.469405 -0.48481
vn -0.685807 -0.542797 -0.48481
vn -0.626361 -0.610436 -0.48481
vn -0.560275 -0.671603 -0.48481
vn -0.516755 -0.705315 -0.485278
vn -0.485141 -0.662165 -0.571119
vn -0.451066 -0.685546 -0.57146
vn -0.417207 -0.634087 -0.651054
vn -0.356799 -0.670117 -0.650875
vn -0.87346 0.0450243 0.48481
vn -0.864201 0.134596 0.48481
vn -0.845781 0.22274 0.48481
vn -0.818396 0.308524 0.48481
vn -0.782336 0.391037 0.48481
vn -0.737983 0.469405 0.48481
vn -0.685807 0.542797 0.48481
vn -0.626361 0.610436 0.48481
vn -0.560275 0.671603 0.48481
vn -0.488251 0.725652 0.48481
vn -0.411051 0.772008 0.48481
vn -0.82003 0.0422702 0.570758
vn -0.811337 0.126362 0.570758
vn -0.794044 0.209115 0.570758
vn -0.768334 0.289651 0.570758
vn -0.73448 0.367117 0.570758
vn -0.69284 0.440691 0.570758
vn -0.643855 0.509594 0.570758
vn -0.588046 0.573095 0.570758
vn -0.526003 0.630521 0.570758
vn -0.458384 0.681263 0.570758
vn -0.385907 0.724784 0.570758
vn -0.87346 -0.0450243 0.48481
vn -0.864201 -0.134596 0.48481
vn -0.845781 -0.22274 0.48481
vn -0.818396 -0.308524 0.48481
vn -0.782336 -0.391037 0.48481
vn -0.737983 -0.469405 0.48481
vn -0.685807 -0.542797 0.48481
vn -0.626361 -0.610436 0.48481
vn -0.560275 -0.671603 0.48481
vn -0.488251 -0.725652 0.48481
vn -0.411051 -0.772008 0.48481
vn -0.758178 0.0390819 0.650875
vn -0.750142 0.116831 0.650875
vn -0.734153 0.193343 0.650875
vn -0.710382 0.267804 0.650875
vn -0.679081 0.339427 0.650875
vn -0.640582 0.407452 0.650875
vn -0.595292 0.471157 0.650875
vn -0.543692 0.529869 0.650875
vn -0.486329 0.582963 0.650875
vn -0.42381 0.629878 0.650875
vn -0.356799 0.670117 0.650875
vn -0.82003 -0.0422702 0.570758
vn -0.811337 -0.126362 0.570758
vn -0.794044 -0.209115 0.570758
vn -0.768334 -0.289651 0.570758
vn -0.73448 -0.367117 0.570758
vn -0.69284 -0.440691 0.570758
vn -0.643855 -0.509594 0.570758
vn -0.588046 -0.573095 0.570758
vn -0.526003 -0.630521 0.570758
vn -0.458384 -0.681263 0.570758
vn -0.385907 -0.724784 0.570758
vn -0.309338 -0.760622 0.570758
vn -0.688533 0.0354919 0.724336
vn -0.681234 0.106099 0.724336
vn -0.666714 0.175582 0.724336
vn -0.645127 0.243204 0.724336
vn -0.616701 0.308247 0.724336
vn -0.581739 0.370024 0.724336
vn -0.540609 0.427877 0.724336
vn -0.493749 0.481196 0.724336
vn -0.441655 0.529413 0.724336
vn -0.384879 0.572018 0.724336
vn -0.324024 0.60856 0.724336
vn -0.758178 -0.0390819 0.650875
vn -0.750142 -0.116831 0.650875
vn -0.734153 -0.193343 0.650875
vn -0.710382 -0.267804 0.650875
vn -0.679081 -0.339427 0.650875
vn -0.640582 -0.407452 0.650875
vn -0.595292 -0.471157 0.650875
vn -0.543692 -0.529869 0.650875
vn -0.486329 -0.582963 0.650875
vn -0.42381 -0.629878 0.650875
vn -0.356799 -0.670117 0.650875
vn -0.286006 -0.703251 0.650875
vn -0.212181 -0.728931 0.650875
vn -0.136107 -0.746885 0.650875
vn -0.0585905 -0.756921 0.650875
vn 0.0195474 -0.758933 0.650875
vn 0.0974781 -0.752901 0.650875
vn 0.174376 -0.738888 0.650875
vn 0.249424 -0.717042 0.650875
vn 0.321829 -0.687596 0.650875
vn 0.390823 -0.65086 0.650875
vn -0.611802 0.0315366 0.790382
vn -0.605316 0.0942755 0.790382
vn -0.592414 0.156015 0.790382
vn -0.573233 0.216101 0.790382
vn -0.547975 0.273896 0.790382
vn -0.516909 0.328787 0.790382
vn -0.480363 0.380194 0.790382
vn -0.438725 0.42757 0.790382
vn -0.392436 0.470414 0.790382
vn -0.341988 0.508272 0.790382
vn -0.688533 -0.0354919 0.724336
vn -0.681234 -0.106099 0.724336
vn -0.666714 -0.175582 0.724336
vn -0.645127 -0.243204 0.724336
vn -0.616701 -0.308247 0.724336
vn -0.581739 -0.370024 0.724336
vn -0.540609 -0.427877 0.724336
vn -0.493749 -0.481196 0.724336
vn -0.441655 -0.529413 0.724336
vn -0.384879 -0.572018 0.724336
vn -0.324024 -0.60856 0.724336
vn -0.259734 -0.638651 0.724336
vn -0.192691 -0.661972 0.724336
vn -0.123605 -0.678277 0.724336
vn -0.0532084 -0.687391 0.724336
vn 0.0177518 -0.689218 0.724336
vn 0.0885239 -0.68374 0.724336
vn 0.158358 -0.671014 0.724336
vn 0.226513 -0.651175 0.724336
vn 0.292266 -0.624434 0.724336
vn 0.354922 -0.591073 0.724336
vn -0.528767 0.0272564 0.848329
vn -0.523162 0.0814804 0.848329
vn -0.512012 0.134841 0.848329
vn -0.495434 0.186771 0.848329
vn -0.473604 0.236723 0.848329
vn -0.446753 0.284164 0.848329
vn -0.415168 0.328594 0.848329
vn -0.379181 0.36954 0.848329
vn -0.339175 0.406569 0.848329
vn -0.611802 -0.0315366 0.790382
vn -0.605316 -0.0942755 0.790382
vn -0.592414 -0.156015 0.790382
vn -0.573233 -0.216101 0.790382
vn -0.547975 -0.273896 0.790382
vn -0.516909 -0.328787 0.790382
vn -0.480363 -0.380194 0.790382
vn -0.438725 -0.42757 0.790382
vn -0.392436 -0.470414 0.790382
vn -0.341988 -0.508272 0.790382
vn -0.287914 -0.540741 0.790382
vn -0.230789 -0.567479 0.790382
vn -0.171217 -0.588201 0.790382
vn -0.10983 -0.602688 0.790382
vn -0.0472788 -0.610787 0.790382
vn 0.0157735 -0.612411 0.790382
vn 0.0786586 -0.607543 0.790382
vn 0.14071 -0.596235 0.790382
vn 0.20127 -0.578607 0.790382
vn 0.259696 -0.554846 0.790382
vn 0.315369 -0.525203 0.790382
vn -0.440281 0.0226952 0.897573
vn -0.435614 0.067845 0.897573
vn -0.426329 0.112276 0.897573
vn -0.412525 0.155516 0.897573
vn -0.394348 0.197108 0.897573
vn -0.371991 0.236611 0.897573
vn -0.345691 0.273605 0.897573
vn -0.315727 0.307699 0.897573
vn -0.528767 -0.0272564 0.848329
vn -0.523162 -0.0814804 0.848329
vn -0.512012 -0.134841 0.848329
vn -0.495434 -0.186771 0.848329
vn -0.473604 -0.236723 0.848329
vn -0.446753 -0.284164 0.848329
vn -0.415168 -0.328594 0.848329
vn -0.379181 -0.36954 0.848329
vn -0.339175 -0.406569 0.848329
vn -0.295573 -0.439289 0.848329
vn -0.248838 -0.467352 0.848329
vn -0.199466 -0.49046 0.848329
vn -0.147979 -0.50837 0.848329
vn -0.0949237 -0.520891 0.848329
vn -0.0408621 -0.52789 0.848329
vn 0.0136327 -0.529294 0.848329
vn 0.067983 -0.525087 0.848329
vn 0.121613 -0.515314 0.848329
vn 0.173953 -0.500078 0.848329
vn 0.22445 -0.479542 0.848329
vn 0.272567 -0.453922 0.848329
vn -0.34725 0.0178997 0.937602
vn -0.343569 0.0535094 0.937602
vn -0.336246 0.0885519 0.937602
vn -0.325359 0.122656 0.937602
vn -0.311023 0.155459 0.937602
vn -0.29339 0.186615 0.937602
vn -0.272647 0.215793 0.937602
vn -0.440281 -0.0226952 0.897573
vn -0.435614 -0.067845 0.897573
vn -0.426329 -0.112276 0.897573
vn -0.412525 -0.155516 0.897573
vn -0.394348 -0.197108 0.897573
vn -0.371991 -0.236611 0.897573
vn -0.345691 -0.273605 0.897573
vn -0.315727 -0.307699 0.897573
vn -0.282415 -0.338532 0.897573
vn -0.24611 -0.365776 0.897573
vn -0.207196 -0.389142 0.897573
vn -0.166086 -0.408384 0.897573
vn -0.123216 -0.423297 0.897573
vn -0.0790387 -0.433722 0.897573
vn -0.034024 -0.43955 0.897573
vn 0.0113514 -0.440719 0.897573
vn 0.0566064 -0.437216 0.897573
vn 0.101261 -0.429078 0.897573
vn 0.144843 -0.416393 0.897573
vn 0.186889 -0.399293 0.897573
vn 0.226954 -0.37796 0.897573
vn -0.250632 0.0129193 0.967996
vn -0.247975 0.0386211 0.967996
vn -0.24269 0.0639134 0.967996
vn -0.234832 0.0885282 0.967996
vn -0.224484 0.112205 0.967996
vn -0.211758 0.134692 0.967996
vn -0.34725 -0.0178997 0.937602
vn -0.343569 -0.0535094 0.937602
vn -0.336246 -0.0885519 0.937602
vn -0.325359 -0.122656 0.937602
vn -0.311023 -0.155459 0.937602
vn -0.29339 -0.186615 0.937602
vn -0.272647 -0.215793 0.937602
vn -0.249014 -0.242683 0.937602
vn -0.222741 -0.267 0.937602
vn -0.194107 -0.288488 0.937602
vn -0.163416 -0.306917 0.937602
vn -0.130992 -0.322093 0.937602
vn -0.0971801 -0.333854 0.937602
vn -0.0623378 -0.342077 0.937602
vn -0.0268347 -0.346674 0.937602
vn 0.00895282 -0.347595 0.937602
vn 0.0446455 -0.344833 0.937602
vn 0.0798649 -0.338414 0.937602
vn 0.114238 -0.328409 0.937602
vn 0.1474 -0.314922 0.937602
vn 0.178999 -0.298097 0.937602
vn -0.151423 0.00780543 0.988438
vn -0.149818 0.0233335 0.988438
vn -0.146625 0.0386143 0.988438
vn -0.141877 0.0534858 0.988438
vn -0.135626 0.0677902 0.988438
vn -0.250632 -0.0129193 0.967996
vn -0.247975 -0.0386211 0.967996
vn -0.24269 -0.0639134 0.967996
vn -0.234832 -0.0885282 0.967996
vn -0.224484 -0.112205 0.967996
vn -0.211758 -0.134692 0.967996
vn -0.196786 -0.155751 0.967996
vn -0.179729 -0.175159 0.967996
vn -0.160766 -0.192711 0.967996
vn -0.140099 -0.208219 0.967996
vn -0.117947 -0.221521 0.967996
vn -0.0945453 -0.232474 0.967996
vn -0.0701409 -0.240963 0.967996
vn -0.0449931 -0.246898 0.967996
vn -0.0193683 -0.250216 0.967996
vn 0.00646181 -0.250881 0.967996
vn 0.0322234 -0.248887 0.967996
vn 0.0576434 -0.244255 0.967996
vn 0.0824524 -0.237033 0.967996
vn 0.106387 -0.227299 0.967996
vn 0.129195 -0.215155 0.967996
vn -0.151423 -0.00780543 0.988438
vn -0.149818 -0.0233335 0.988438
vn -0.146625 -0.0386143 0.988438
vn -0.141877 -0.0534858 0.988438
vn -0.135626 -0.0677902 0.988438
vn -0.127937 -0.0813761 0.988438
vn -0.118892 -0.0940994 0.988438
vn -0.108586 -0.105825 0.988438
vn -0.0971294 -0.116429 0.988438
vn -0.0846433 -0.125799 0.988438
vn -0.0712598 -0.133835 0.988438
vn -0.0571211 -0.140453 0.988438
vn -0.0423768 -0.145582 0.988438
vn -0.0271833 -0.149168 0.988438
vn -0.0117017 -0.151172 0.988438
vn 0.00390401 -0.151574 0.988438
vn 0.0194683 -0.150369 0.988438
vn 0.0348262 -0.14757 0.988438
vn 0.049815 -0.143207 0.988438
vn 0.0642757 -0.137326 0.988438
vn 0.078055 -0.12999 0.988438
vn -0.0282621 -0.0421081 -0.998713
vn -0.0303539 -0.040546 -0.998717
vn 0.0453201 -0.0226148 -0.998717
vn 0.135495 -0.0676124 -0.988468
vn 0.131956 -0.0746822 -0.988438
vn 0.123578 -0.0878543 -0.988438
vn 0.11389 -0.100095 -0.988438
vn 0.102994 -0.111275 -0.988438
vn 0.091007 -0.121275 -0.988438
vn 0.078055 -0.12999 -0.988438
vn 0.0642757 -0.137326 -0.988438
vn 0.049815 -0.143207 -0.988438
vn 0.0348262 -0.14757 -0.988438
vn 0.0194683 -0.150369 -0.988438
vn 0.00390401 -0.151574 -0.988438
vn -0.0117017 -0.151172 -0.988438
vn -0.0271833 -0.149168 -0.988438
vn -0.0423768 -0.145582 -0.988438
vn -0.0571211 -0.140453 -0.988438
vn -0.0712598 -0.133835 -0.988438
vn 0.0323363 0.0389836 -0.998716
vn 0.0966772 0.116551 -0.988468
vn 0.102994 0.111275 -0.988438
vn 0.11389 0.100095 -0.988438
vn 0.123578 0.0878543 -0.988438
vn 0.131956 0.0746822 -0.988438
vn 0.138936 0.0607185 -0.988438
vn 0.144443 0.0461112 -0.988438
vn 0.148418 0.031015 -0.988438
vn 0.150821 0.0155902 -0.988438
vn 0.151624 0 -0.988438
vn 0.150821 -0.0155902 -0.988438
vn 0.148418 -0.031015 -0.988438
vn -0.0441373 0.0248446 -0.998716
vn -0.131959 0.0742789 -0.988468
vn -0.127937 0.0813761 -0.988438
vn -0.118892 0.0940994 -0.988438
vn -0.108586 0.105825 -0.988438
vn -0.0971294 0.116429 -0.988438
vn -0.0846433 0.125799 -0.988438
vn -0.0712598 0.133835 -0.988438
vn -0.0571211 0.140453 -0.988438
vn -0.0423768 0.145582 -0.988438
vn -0.0271833 0.149168 -0.988438
vn -0.0117017 0.151172 -0.988438
vn 0.00390401 0.151574 -0.988438
vn 0.0194683 0.150369 -0.988438
vn 0.0348262 0.14757 -0.988438
vn 0.049815 0.143207 -0.988438
vn 0.0642757 0.137326 -0.988438
vn 0.078055 0.12999 -0.988438
vn 0.0903005 0.121751 -0.988444
vn 0.149361 0.201383 -0.968058
vn 0.158955 0.193835 -0.968071
vn 0.220234 0.268561 -0.937748
vn 0.236191 0.25518 -0.937602
vn 0.261177 0.229542 -0.937602
vn 0.283394 0.201471 -0.937602
vn 0.302607 0.171264 -0.937602
vn 0.318613 0.139242 -0.937602
vn 0.331241 0.105744 -0.937602
vn 0.340359 0.0711249 -0.937602
vn 0.345868 0.035752 -0.937602
vn 0.347711 0 -0.937602
vn 0.345868 -0.035752 -0.937602
vn 0.340359 -0.0711249 -0.937602
vn 0.0261084 -0.0434798 -0.998713
vn 0.0464841 -0.0202779 -0.998713
vn 0.0303224 0.0406444 -0.998713
vn 0.0261084 0.0434798 -0.998713
vn -0.0454123 0.0225667 -0.998713
vn 0.091007 0.121275 0.988438
vn 0.078055 0.12999 0.988438
vn 0.0642757 0.137326 0.988438
vn 0.049815 0.143207 0.988438
vn 0.0348262 0.14757 0.988438
vn 0.0194683 0.150369 0.988438
vn 0.00390401 0.151574 0.988438
vn -0.0117017 0.151172 0.988438
vn -0.0271833 0.149168 0.988438
vn -0.0423768 0.145582 0.988438
vn -0.0571211 0.140453 0.988438
vn -0.0712598 0.133835 0.988438
vn 0.150632 0.200731 0.967996
vn 0.129195 0.215155 0.967996
vn 0.106387 0.227299 0.967996
vn 0.0824524 0.237033 0.967996
vn 0.0576434 0.244255 0.967996
vn 0.0322234 0.248887 0.967996
vn 0.00646181 0.250881 0.967996
vn -0.0193683 0.250216 0.967996
vn -0.0449931 0.246898 0.967996
vn -0.0701409 0.240963 0.967996
vn -0.0945453 0.232474 0.967996
vn 0.102994 0.111275 0.988438
vn 0.11389 0.100095 0.988438
vn 0.123578 0.0878543 0.988438
vn 0.131956 0.0746822 0.988438
vn 0.138936 0.0607185 0.988438
vn 0.144443 0.0461112 0.988438
vn 0.148418 0.031015 0.988438
vn 0.150821 0.0155902 0.988438
vn 0.151624 0 0.988438
vn 0.150821 -0.0155902 0.988438
vn 0.148418 -0.031015 0.988438
vn 0.144443 -0.0461112 0.988438
vn 0.138936 -0.0607185 0.988438
vn 0.131956 -0.0746822 0.988438
vn 0.123578 -0.0878543 0.988438
vn 0.11389 -0.100095 0.988438
vn 0.102994 -0.111275 0.988438
vn 0.208701 0.278113 0.937602
vn 0.178999 0.298097 0.937602
vn 0.1474 0.314922 0.937602
vn 0.114238 0.328409 0.937602
vn 0.0798649 0.338414 0.937602
vn 0.0446455 0.344833 0.937602
vn 0.00895282 0.347595 0.937602
vn -0.0268347 0.346674 0.937602
vn -0.0623378 0.342077 0.937602
vn -0.0971801 0.333854 0.937602
vn 0.170473 0.184179 0.967996
vn 0.188507 0.165675 0.967996
vn 0.204543 0.145414 0.967996
vn 0.218411 0.123612 0.967996
vn 0.229963 0.1005 0.967996
vn 0.239078 0.076322 0.967996
vn 0.245658 0.0513353 0.967996
vn 0.249634 0.0258044 0.967996
vn 0.250964 0 0.967996
vn 0.249634 -0.0258044 0.967996
vn 0.245658 -0.0513353 0.967996
vn 0.239078 -0.076322 0.967996
vn 0.229963 -0.1005 0.967996
vn 0.218411 -0.123612 0.967996
vn 0.204543 -0.145414 0.967996
vn 0.188507 -0.165675 0.967996
vn 0.170473 -0.184179 0.967996
vn 0.264614 0.352621 0.897573
vn 0.226954 0.37796 0.897573
vn 0.186889 0.399293 0.897573
vn 0.144843 0.416393 0.897573
vn 0.101261 0.429078 0.897573
vn 0.0566064 0.437216 0.897573
vn 0.0113514 0.440719 0.897573
vn -0.034024 0.43955 0.897573
vn -0.0790387 0.433722 0.897573
vn 0.236191 0.25518 0.937602
vn 0.261177 0.229542 0.937602
vn 0.283394 0.201471 0.937602
vn 0.302607 0.171264 0.937602
vn 0.318613 0.139242 0.937602
vn 0.331241 0.105744 0.937602
vn 0.340359 0.0711249 0.937602
vn 0.345868 0.035752 0.937602
vn 0.347711 0 0.937602
vn 0.345868 -0.035752 0.937602
vn 0.340359 -0.0711249 0.937602
vn 0.331241 -0.105744 0.937602
vn 0.318613 -0.139242 0.937602
vn 0.302607 -0.171264 0.937602
vn 0.283394 -0.201471 0.937602
vn 0.261177 -0.229542 0.937602
vn 0.236191 -0.25518 0.937602
vn 0.317795 0.42349 0.848329
vn 0.272567 0.453922 0.848329
vn 0.22445 0.479542 0.848329
vn 0.173953 0.500078 0.848329
vn 0.121613 0.515314 0.848329
vn 0.067983 0.525087 0.848329
vn 0.0136327 0.529294 0.848329
vn -0.0408621 0.52789 0.848329
vn 0.299468 0.323545 0.897573
vn 0.331148 0.291038 0.897573
vn 0.359318 0.255447 0.897573
vn 0.383679 0.217147 0.897573
vn 0.403972 0.176546 0.897573
vn 0.419984 0.134074 0.897573
vn 0.431543 0.0901799 0.897573
vn 0.438529 0.0453302 0.897573
vn 0.440865 0 0.897573
vn 0.438529 -0.0453302 0.897573
vn 0.431543 -0.0901799 0.897573
vn 0.419984 -0.134074 0.897573
vn 0.403972 -0.176546 0.897573
vn 0.383679 -0.217147 0.897573
vn 0.359318 -0.255447 0.897573
vn 0.331148 -0.291038 0.897573
vn 0.299468 -0.323545 0.897573
vn 0.3677 0.489993 0.790382
vn 0.315369 0.525203 0.790382
vn 0.259696 0.554846 0.790382
vn 0.20127 0.578607 0.790382
vn 0.14071 0.596235 0.790382
vn 0.0786586 0.607543 0.790382
vn 0.0157735 0.612411 0.790382
vn 0.359655 0.38857 0.848329
vn 0.397701 0.34953 0.848329
vn 0.431533 0.306786 0.848329
vn 0.46079 0.260789 0.848329
vn 0.485162 0.212028 0.848329
vn 0.504391 0.16102 0.848329
vn 0.518274 0.108304 0.848329
vn 0.526663 0.0544406 0.848329
vn 0.529469 0 0.848329
vn 0.526663 -0.0544406 0.848329
vn 0.518274 -0.108304 0.848329
vn 0.504391 -0.16102 0.848329
vn 0.485162 -0.212028 0.848329
vn 0.46079 -0.260789 0.848329
vn 0.431533 -0.306786 0.848329
vn 0.397701 -0.34953 0.848329
vn 0.359655 -0.38857 0.848329
vn 0.413816 0.551447 0.724336
vn 0.354922 0.591073 0.724336
vn 0.292266 0.624434 0.724336
vn 0.226513 0.651175 0.724336
vn 0.158358 0.671014 0.724336
vn 0.0885239 0.68374 0.724336
vn 0.416132 0.449588 0.790382
vn 0.460154 0.404418 0.790382
vn 0.499298 0.354961 0.790382
vn 0.533149 0.301742 0.790382
vn 0.561348 0.245324 0.790382
vn 0.583598 0.186305 0.790382
vn 0.599661 0.125311 0.790382
vn 0.609367 0.0629896 0.790382
vn 0.612614 0 0.790382
vn 0.609367 -0.0629896 0.790382
vn 0.599661 -0.125311 0.790382
vn 0.583598 -0.186305 0.790382
vn 0.561348 -0.245324 0.790382
vn 0.533149 -0.301742 0.790382
vn 0.499298 -0.354961 0.790382
vn 0.460154 -0.404418 0.790382
vn 0.416132 -0.449588 0.790382
vn 0.455674 0.607226 0.650875
vn 0.390823 0.65086 0.650875
vn 0.321829 0.687596 0.650875
vn 0.249424 0.717042 0.650875
vn 0.174376 0.738888 0.650875
vn 0.468323 0.505975 0.724336
vn 0.517866 0.45514 0.724336
vn 0.561919 0.39948 0.724336
vn 0.600016 0.339586 0.724336
vn 0.631752 0.276092 0.724336
vn 0.656792 0.209671 0.724336
vn 0.674869 0.141028 0.724336
vn 0.685793 0.0708896 0.724336
vn 0.689447 0 0.724336
vn 0.685793 -0.0708896 0.724336
vn 0.674869 -0.141028 0.724336
vn 0.656792 -0.209671 0.724336
vn 0.631752 -0.276092 0.724336
vn 0.600016 -0.339586 0.724336
vn 0.561919 -0.39948 0.724336
vn 0.517866 -0.45514 0.724336
vn 0.468323 -0.505975 0.724336
vn 0.492847 0.656763 0.570758
vn 0.422706 0.703957 0.570758
vn 0.348084 0.743689 0.570758
vn 0.269772 0.775538 0.570758
vn 0.515694 0.557155 0.650875
vn 0.570248 0.501178 0.650875
vn 0.618757 0.439888 0.650875
vn 0.660708 0.373935 0.650875
vn 0.695654 0.304019 0.650875
vn 0.723227 0.230879 0.650875
vn 0.743133 0.155293 0.650875
vn 0.755161 0.0780602 0.650875
vn 0.759185 0 0.650875
vn 0.755161 -0.0780602 0.650875
vn 0.743133 -0.155293 0.650875
vn 0.723227 -0.230879 0.650875
vn 0.695654 -0.304019 0.650875
vn 0.660708 -0.373935 0.650875
vn 0.618757 -0.439888 0.650875
vn 0.570248 -0.501178 0.650875
vn 0.515694 -0.557155 0.650875
vn 0.524959 0.699555 0.48481
vn 0.450248 0.749824 0.48481
vn 0.557764 0.602607 0.570758
vn 0.616768 0.542063 0.570758
vn 0.669235 0.475773 0.570758
vn 0.714607 0.40444 0.570758
vn 0.752405 0.32882 0.570758
vn 0.782227 0.249714 0.570758
vn 0.803757 0.167962 0.570758
vn 0.816767 0.0844282 0.570758
vn 0.821119 0 0.570758
vn 0.816767 -0.0844282 0.570758
vn 0.803757 -0.167962 0.570758
vn 0.782227 -0.249714 0.570758
vn 0.752405 -0.32882 0.570758
vn 0.714607 -0.40444 0.570758
vn 0.669235 -0.475773 0.570758
vn 0.616768 -0.542063 0.570758
vn 0.557764 -0.602607 0.570758
vn 0.594106 0.64187 0.48481
vn 0.656955 0.577382 0.48481
vn 0.71284 0.506773 0.48481
vn 0.761169 0.430792 0.48481
vn 0.801429 0.350245 0.48481
vn 0.833194 0.265985 0.48481
vn 0.856126 0.178905 0.48481
vn 0.869984 0.0899293 0.48481
vn 0.87462 0 0.48481
vn 0.869984 -0.0899293 0.48481
vn 0.856126 -0.178905 0.48481
vn 0.833194 -0.265985 0.48481
vn 0.801429 -0.350245 0.48481
vn 0.761169 -0.430792 0.48481
vn 0.71284 -0.506773 0.48481
vn 0.656955 -0.577382 0.48481
vn 0.594106 -0.64187 0.48481
vn 0.675797 0.73013 0.101036
vn 0.611325 0.784281 -0.105761
vn 0.606803 0.788398 -0.101091
vn 0.679273 0.733885 0
vn 0.675797 0.73013 -0.101036
vn 0.665404 0.718901 -0.201042
vn 0.586221 0.752874 -0.299208
vn 0.564969 0.725579 -0.392868
vn 0.528439 0.751448 -0.395067
vn 0.502978 0.715242 -0.485223
vn 0.648198 0.700312 -0.299002
vn 0.278313 0.341334 -0.897794
vn 0.219514 0.269221 -0.937728
vn 0.206109 0.279531 -0.937753
vn 0.148881 0.201917 -0.968021
vn 0.129195 0.215155 -0.967996
vn 0.106387 0.227299 -0.967996
vn 0.0824524 0.237033 -0.967996
vn 0.0576434 0.244255 -0.967996
vn 0.0322234 0.248887 -0.967996
vn 0.00646181 0.250881 -0.967996
vn -0.0193683 0.250216 -0.967996
vn -0.0449931 0.246898 -0.967996
vn -0.0701409 0.240963 -0.967996
vn -0.0945453 0.232474 -0.967996
vn -0.117947 0.221521 -0.967996
vn -0.140099 0.208219 -0.967996
vn -0.160766 0.192711 -0.967996
vn -0.179729 0.175159 -0.967996
vn -0.196786 0.155751 -0.967996
vn -0.211758 0.134692 -0.967996
vn -0.218713 0.122444 -0.968076
vn -0.132134 0.0739732 -0.988468
vn -0.13571 0.067438 -0.988451
vn 0.299468 0.323545 -0.897573
vn 0.331148 0.291038 -0.897573
vn 0.359318 0.255447 -0.897573
vn 0.383679 0.217147 -0.897573
vn 0.403972 0.176546 -0.897573
vn 0.419984 0.134074 -0.897573
vn 0.431543 0.0901799 -0.897573
vn 0.438529 0.0453302 -0.897573
vn 0.440865 0 -0.897573
vn 0.438529 -0.0453302 -0.897573
vn 0.431543 -0.0901799 -0.897573
vn 0.159486 0.193373 -0.968076
vn 0.0963522 0.116825 -0.988468
vn 0.0906079 0.121452 -0.988453
vn 0.170473 0.184179 -0.967996
vn 0.188507 0.165675 -0.967996
vn 0.204543 0.145414 -0.967996
vn 0.218411 0.123612 -0.967996
vn 0.229963 0.1005 -0.967996
vn 0.239078 0.076322 -0.967996
vn 0.245658 0.0513353 -0.967996
vn 0.249634 0.0258044 -0.967996
vn 0.250964 0 -0.967996
vn 0.249634 -0.0258044 -0.967996
vn 0.245658 -0.0513353 -0.967996
vn 0.584416 0.754917 -0.297586
vn 0.546535 0.781836 -0.300053
vn 0.544467 0.783553 -0.299332
vn 0.526516 0.753197 -0.394303
vn 0.558823 0.804212 -0.202388
vn 0.564509 0.817282 -0.115674
vn 0.0304406 0.0405648 0.998713
vn -0.513108 0.762595 0.393914
vn -0.637315 0.763951 -0.101036
vn -0.640593 0.76788 0
vn -0.637315 0.763951 0.101036
vn -0.627514 0.752202 0.201042
vn -0.588799 0.705795 0.393914
vn 0.150632 -0.200731 -0.967996
vn 0.129195 -0.215155 -0.967996
vn 0.106387 -0.227299 -0.967996
vn 0.0824524 -0.237033 -0.967996
vn 0.0576434 -0.244255 -0.967996
vn 0.0322234 -0.248887 -0.967996
vn 0.00646181 -0.250881 -0.967996
vn -0.0193683 -0.250216 -0.967996
vn -0.0449931 -0.246898 -0.967996
vn -0.0701409 -0.240963 -0.967996
vn -0.0945453 -0.232474 -0.967996
vn 0.208701 -0.278113 -0.937602
vn 0.178999 -0.298097 -0.937602
vn 0.1474 -0.314922 -0.937602
vn 0.114238 -0.328409 -0.937602
vn 0.0798649 -0.338414 -0.937602
vn 0.0446455 -0.344833 -0.937602
vn 0.00895282 -0.347595 -0.937602
vn -0.0268347 -0.346674 -0.937602
vn -0.0623378 -0.342077 -0.937602
vn -0.0971801 -0.333854 -0.937602
vn 0.170473 -0.184179 -0.967996
vn 0.188507 -0.165675 -0.967996
vn 0.204543 -0.145414 -0.967996
vn 0.218411 -0.123612 -0.967996
vn 0.224354 -0.111767 -0.968077
vn 0.13554 -0.0675224 -0.988468
vn 0.138953 -0.0606162 -0.988442
vn 0.264614 -0.352621 -0.897573
vn 0.226954 -0.37796 -0.897573
vn 0.186889 -0.399293 -0.897573
vn 0.144843 -0.416393 -0.897573
vn 0.101261 -0.429078 -0.897573
vn 0.0566064 -0.437216 -0.897573
vn 0.0113514 -0.440719 -0.897573
vn -0.034024 -0.43955 -0.897573
vn -0.0790387 -0.433722 -0.897573
vn 0.236191 -0.25518 -0.937602
vn 0.261177 -0.229542 -0.937602
vn 0.283394 -0.201471 -0.937602
vn 0.302607 -0.171264 -0.937602
vn 0.31097 -0.154659 -0.937752
vn 0.22443 -0.111619 -0.968077
vn 0.230038 -0.100169 -0.968013
vn 0.139007 -0.0605298 -0.98844
vn 0.317795 -0.42349 -0.848329
vn 0.272567 -0.453922 -0.848329
vn 0.22445 -0.479542 -0.848329
vn 0.173953 -0.500078 -0.848329
vn 0.121613 -0.515314 -0.848329
vn 0.067983 -0.525087 -0.848329
vn 0.0136327 -0.529294 -0.848329
vn -0.0408621 -0.52789 -0.848329
vn 0.299468 -0.323545 -0.897573
vn 0.331148 -0.291038 -0.897573
vn 0.359318 -0.255447 -0.897573
vn 0.383679 -0.217147 -0.897573
vn 0.39445 -0.19585 -0.897804
vn 0.311075 -0.154453 -0.937751
vn 0.318786 -0.138561 -0.937644
vn 0.230141 -0.100032 -0.968002
vn 0.3677 -0.489993 -0.790382
vn 0.315369 -0.525203 -0.790382
vn 0.259696 -0.554846 -0.790382
vn 0.20127 -0.578607 -0.790382
vn 0.14071 -0.596235 -0.790382
vn 0.0786586 -0.607543 -0.790382
vn 0.0157735 -0.612411 -0.790382
vn 0.359655 -0.38857 -0.848329
vn 0.397701 -0.34953 -0.848329
vn 0.431533 -0.306786 -0.848329
vn 0.46079 -0.260789 -0.848329
vn 0.473937 -0.234924 -0.848643
vn 0.394586 -0.195591 -0.897801
vn 0.404285 -0.175404 -0.897656
vn 0.318945 -0.138378 -0.937617
vn 0.413816 -0.551447 -0.724336
vn 0.354922 -0.591073 -0.724336
vn 0.292266 -0.624434 -0.724336
vn 0.226513 -0.651175 -0.724336
vn 0.158358 -0.671014 -0.724336
vn 0.0885239 -0.68374 -0.724336
vn 0.416132 -0.449588 -0.790382
vn 0.460154 -0.404418 -0.790382
vn 0.499298 -0.354961 -0.790382
vn 0.533149 -0.301742 -0.790382
vn 0.548611 -0.271485 -0.790773
vn 0.474102 -0.234613 -0.848636
vn 0.485659 -0.210326 -0.848468
vn 0.404503 -0.175179 -0.897602
vn 0.455674 -0.607226 -0.650875
vn 0.390823 -0.65086 -0.650875
vn 0.321829 -0.687596 -0.650875
vn 0.249424 -0.717042 -0.650875
vn 0.174376 -0.738888 -0.650875
vn 0.468323 -0.505975 -0.724336
vn 0.517866 -0.45514 -0.724336
vn 0.561919 -0.39948 -0.724336
vn 0.600016 -0.339586 -0.724336
vn 0.617702 -0.305164 -0.724789
vn 0.548805 -0.271127 -0.790761
vn 0.562075 -0.242976 -0.790591
vn 0.485934 -0.210062 -0.848376
vn 0.492847 -0.656763 -0.570758
vn 0.422706 -0.703957 -0.570758
vn 0.348084 -0.743689 -0.570758
vn 0.269772 -0.775538 -0.570758
vn 0.515694 -0.557155 -0.650875
vn 0.570248 -0.501178 -0.650875
vn 0.618757 -0.439888 -0.650875
vn 0.660708 -0.373935 -0.650875
vn 0.680497 -0.335625 -0.651367
vn 0.617923 -0.304763 -0.724769
vn 0.632752 -0.27303 -0.724624
vn 0.562403 -0.242675 -0.79045
vn 0.524959 -0.699555 -0.48481
vn 0.450248 -0.749824 -0.48481
vn 0.557764 -0.602607 -0.570758
vn 0.616768 -0.542063 -0.570758
vn 0.669235 -0.475773 -0.570758
vn 0.714607 -0.40444 -0.570758
vn 0.736348 -0.362563 -0.571261
vn 0.680744 -0.335184 -0.651337
vn 0.69697 -0.30019 -0.651244
vn 0.633125 -0.272692 -0.724426
vn 0.594106 -0.64187 -0.48481
vn 0.656955 -0.577382 -0.48481
vn 0.71284 -0.506773 -0.48481
vn 0.761169 -0.430792 -0.48481
vn 0.784677 -0.385711 -0.485294
vn 0.736616 -0.362086 -0.571218
vn 0.754072 -0.324191 -0.571206
vn 0.697374 -0.299815 -0.650984
vn 0.675797 -0.73013 -0.101036
vn 0.679273 -0.733885 0
vn 0.675797 -0.73013 0.101036
vn 0.665404 -0.718901 0.201042
vn 0.648198 -0.700312 0.299002
vn 0.624352 -0.674549 0.393914
vn -0.385907 -0.724784 -0.570758
vn -0.411051 -0.772008 -0.48481
vn -0.479001 -0.73165 -0.485021
vn -0.503252 -0.768691 -0.39478
vn -0.541475 -0.742619 -0.394108
vn -0.562145 -0.770967 -0.299337
vn -0.611288 -0.732752 -0.299002
vn -0.68339 -0.666015 -0.299002
vn -0.748248 -0.592218 -0.299002
vn -0.805175 -0.512144 -0.299002
vn -0.853567 -0.42664 -0.299002
vn -0.502526 -0.769505 -0.394119
vn -0.450471 -0.686354 -0.57096
vn -0.479661 -0.730829 -0.485608
vn -0.637315 -0.763951 -0.101036
vn -0.516003 -0.705985 -0.485104
vn -0.54227 -0.741922 -0.394329
vn -0.513108 -0.762595 0.393914
vn -0.588799 -0.705795 0.393914
vn -0.658249 -0.641513 0.393914
vn -0.720722 -0.570431 0.393914
vn -0.775554 -0.493303 0.393914
vn -0.822165 -0.410945 0.393914
vn -0.860062 -0.324231 0.393914
vn -0.611288 -0.732752 0.299002
vn -0.627514 -0.752202 0.201042
vn -0.637315 -0.763951 0.101036
vn -0.640593 -0.76788 0
vn -0.588799 -0.705795 -0.393914
vn 0.0214993 -0.0459338 0.998713
vn 0.84223 -0.368076 0.393914
vn 0.79992 -0.452724 0.393914
vn 0.830472 -0.470015 0.299002
vn 0.777743 -0.552914 0.299002
vn 0.798388 -0.567591 0.201042
vn 0.735796 -0.646674 0.201042
vn 0.747288 -0.656774 0.101036
vn 0.852516 -0.482491 0.201042
vn 0.865832 -0.490028 0.101036
vn 0.870285 -0.492548 0
vn 0.865832 -0.490028 -0.101036
vn 0.883136 -0.458081 -0.101157
vn 0.845089 -0.361326 -0.39404
vn 0.830472 0.470015 -0.299002
vn 0.852516 0.482491 -0.201042
vn 0.865832 0.490028 -0.101036
vn 0.870285 0.492548 0
vn 0.865832 0.490028 0.101036
vn -0.822165 -0.410945 -0.393914
vn -0.860062 -0.324231 -0.393914
vn -0.775554 -0.493303 -0.393914
vn -0.720722 -0.570431 -0.393914
vn -0.658249 -0.641513 -0.393914
vn -0.839458 -0.53395 -0.101036
vn -0.843776 -0.536696 0
vn -0.839458 -0.53395 0.101036
vn -0.826548 -0.525738 0.201042
vn -0.805175 -0.512144 0.299002
vn -0.876224 -0.437965 0.201042
vn -0.853567 -0.42664 0.299002
vn -0.860062 0.324231 -0.393914
vn -0.833178 0.387777 -0.394263
vn -0.864814 0.402501 -0.300148
vn -0.86599 0.4006 -0.299302
vn -0.84454 0.444818 -0.298144
vn -0.866683 0.456481 -0.20121
vn -0.822165 0.410945 0.393914
vn -0.860062 0.324231 0.393914
vn -0.775554 0.493303 0.393914
vn -0.720722 0.570431 0.393914
vn -0.658249 0.641513 0.393914
vn -0.826548 0.525738 0.201042
vn -0.843776 0.536696 0
vn -0.826548 0.525738 -0.201042
vn -0.780107 -0.617434 -0.101036
vn -0.712488 -0.694373 -0.101036
vn -0.780107 -0.617434 0.101036
vn -0.76811 -0.607938 0.201042
vn -0.748248 -0.592218 0.299002
vn -0.78412 -0.620609 0
vn -0.716152 -0.697944 -0
vn -0.712488 -0.694373 0.101036
vn -0.68339 -0.666015 0.299002
vn -0.70153 -0.683694 0.201042
vn 0.747288 -0.656774 -0.101036
vn 0.810858 -0.576456 -0.101036
vn 0.735796 -0.646674 0.201042
vn 0.71677 -0.629952 0.299002
vn 0.690401 -0.606777 0.393914
vn 0.751132 -0.660152 0
vn 0.815028 -0.579421 0
vn 0.810858 -0.576456 0.101036
vn 0.749131 -0.532573 0.393914
vn 0.777743 -0.552914 0.299002
vn 0.777743 0.552914 -0.299002
vn 0.71677 0.629952 -0.299002
vn 0.810858 0.576456 -0.101036
vn 0.815028 0.579421 0
vn 0.810858 0.576456 0.101036
vn 0.798388 0.567591 -0.201042
vn 0.735796 0.646674 -0.201042
vn 0.747288 0.656774 -0.101036
vn 0.747288 0.656774 0.101036
vn 0.751132 0.660152 0
vn -0.70153 0.683694 -0.201042
vn -0.716152 0.697944 0
vn -0.712488 0.694373 0.101036
vn -0.70153 0.683694 0.201042
vn -0.76811 0.607938 -0.201042
vn -0.76811 0.607938 0.201042
vn -0.780107 0.617434 0.101036
f 1//1 2//1 3//1
f 3//1 2//1 4//1
f 3//2 4//2 5//2
f 5//2 4//2 6//2
f 5//3 6//3 7//3
f 7//3 6//3 8//3
f 7//4 8//4 9//4
f 9//4 8//4 10//4
f 9//5 10//5 11//5
f 11//5 10//5 12//5
f 11//6 12//6 13//6
f 13//6 12//6 14//6
f 13//7 14//7 15//7
f 15//7 14//7 16//7
f 15//8 16//8 17//8
f 17//8 16//8 18//8
f 17//9 18//9 19//9
f 19//9 18//9 20//9
f 19//10 20//10 21//10
f 21//10 20//10 22//10
f 21//11 22//11 23//11
f 23//11 22//11 24//11
f 23//12 24//12 25//12
f 25//12 24//12 26//12
f 25//13 26//13 27//13
f 27//13 26//13 28//13
f 27//14 28//14 29//14
f 29//14 28//14 30//14
f 29//15 30//15 31//15
f 31//15 30//15 32//15
f 31//16 32//16 33//16
f 33//16 32//16 34//16
f 33//17 34//17 35//17
f 35//17 34//17 36//17
f 35//18 36//18 37//18
f 37//18 36//18 38//18
f 37//19 38//19 39//19
f 39//19 38//19 40//19
f 39//20 40//20 41//20
f 41//20 40//20 42//20
f 41//21 42//21 43//21
f 43//21 42//21 44//21
f 43//22 44//22 45//22
f 45//22 44//22 46//22
f 45//23 46//23 47//23
f 47//23 46//23 48//23
f 47//24 48//24 49//24
f 49//24 48//24 50//24
f 49//25 50//25 51//25
f 51//25 50//25 52//25
f 51//26 52//26 53//26
f 53//26 52//26 54//26
f 53//27 54//27 55//27
f 55//27 54//27 56//27
f 55//28 56//28 57//28
f 57//28 56//28 58//28
f 57//29 58//29 59//29
f 59//29 58//29 60//29
f 59//30 60//30 61//30
f 61//30 60//30 62//30
f 61//31 62//31 63//31
f 63//31 62//31 64//31
f 63//32 64//32 65//32
f 65//32 64//32 66//32
f 65//33 66//33 67//33
f 67//33 66//33 68//33
f 67//34 68//34 69//34
f 69//34 68//34 70//34
f 69//35 70//35 71//35
f 71//35 70//35 72//35
f 71//36 72//36 73//36
f 73//36 72//36 74//36
f 73//37 74//37 75//37
f 75//37 74//37 76//37
f 75//38 76//38 77//38
f 77//38 76//38 78//38
f 77//39 78//39 79//39
f 79//39 78//39 80//39
f 79//40 80//40 81//40
f 81//40 80//40 82//40
f 81//41 82//41 83//41
f 83//41 82//41 84//41
f 83//42 84//42 85//42
f 85//42 84//42 86//42
f 85//43 86//43 87//43
f 87//43 86//43 88//43
f 87//44 88//44 89//44
f 89//44 88//44 90//44
f 89//45 90//45 91//45
f 91//45 90//45 92//45
f 91//46 92//46 93//46
f 93//46 92//46 94//46
f 95//47 96//47 97//47
f 97//47 96//47 98//47
f 97//48 98//48 99//48
f 99//48 98//48 100//48
f 99//49 100//49 101//49
f 101//49 100//49 102//49
f 101//50 102//50 103//50
f 103//50 102//50 104//50
f 103//51 104//51 105//51
f 105//51 104//51 106//51
f 105//52 106//52 107//52
f 107//52 106//52 108//52
f 107//53 108//53 109//53
f 109//53 108//53 110//53
f 109//54 110//54 111//54
f 111//54 110//54 112//54
f 111//55 112//55 113//55
f 113//55 112//55 114//55
f 113//56 114//56 115//56
f 115//56 114//56 116//56
f 115//57 116//57 117//57
f 117//57 116//57 118//57
f 117//58 118//58 119//58
f 119//58 118//58 120//58
f 119//59 120//59 121//59
f 121//59 120//59 122//59
f 121//60 122//60 123//60
f 123//60 122//60 124//60
f 123//61 124//61 125//61
f 125//61 124//61 126//61
f 125//62 126//62 127//62
f 127//62 126//62 128//62
f 127//63 128//63 129//63
f 129//63 128//63 130//63
f 129//64 130//64 131//64
f 131//64 130//64 132//64
f 131//65 132//65 133//65
f 133//65 132//65 134//65
f 133//66 134//66 135//66
f 135//66 134//66 136//66
f 135//67 136//67 137//67
f 137//67 136//67 138//67
f 137//68 138//68 139//68
f 139//68 138//68 140//68
f 139//69 140//69 141//69
f 141//69 140//69 142//69
f 141//70 142//70 143//70
f 143//70 142//70 144//70
f 143//71 144//71 145//71
f 145//71 144//71 146//71
f 145//72 146//72 147//72
f 147//72 146//72 148//72
f 147//73 148//73 149//73
f 149//73 148//73 150//73
f 149//74 150//74 151//74
f 151//74 150//74 152//74
f 151//75 152//75 153//75
f 153//75 152//75 154//75
f 153//76 154//76 155//76
f 155//76 154//76 156//76
f 155//77 156//77 157//77
f 157//77 156//77 158//77
f 157//78 158//78 159//78
f 159//78 158//78 160//78
f 159//79 160//79 161//79
f 161//79 160//79 162//79
f 161//80 162//80 163//80
f 163//80 162//80 164//80
f 163//81 164//81 165//81
f 165//81 164//81 166//81
f 165//82 166//82 167//82
f 167//82 166//82 168//82
f 167//83 168//83 169//83
f 169//83 168//83 170//83
f 169//84 170//84 171//84
f 171//84 170//84 172//84
f 171//85 172//85 173//85
f 173//85 172//85 174//85
f 173//86 174//86 175//86
f 175//86 174//86 176//86
f 177//87 178//87 179//87
f 179//87 178//87 180//87
f 179//88 180//88 181//88
f 181//88 180//88 182//88
f 181//86 182//86 183//86
f 183//86 182//86 184//86
f 183//85 184//85 185//85
f 185//85 184//85 186//85
f 185//84 186//84 187//84
f 187//84 186//84 188//84
f 187//83 188//83 189//83
f 189//83 188//83 190//83
f 189//82 190//82 191//82
f 191//82 190//82 192//82
f 191//81 192//81 193//81
f 193//81 192//81 194//81
f 193//80 194//80 195//80
f 195//80 194//80 196//80
f 195//79 196//79 197//79
f 197//79 196//79 198//79
f 197//78 198//78 199//78
f 199//78 198//78 200//78
f 199//77 200//77 201//77
f 201//77 200//77 202//77
f 201//76 202//76 203//76
f 203//76 202//76 204//76
f 203//75 204//75 205//75
f 205//75 204//75 206//75
f 205//74 206//74 207//74
f 207//74 206//74 208//74
f 207//89 208//89 209//89
f 209//89 208//89 210//89
f 209//90 210//90 211//90
f 211//90 210//90 212//90
f 211//91 212//91 213//91
f 213//91 212//91 214//91
f 213//92 214//92 215//92
f 215//92 214//92 216//92
f 215//93 216//93 217//93
f 217//93 216//93 218//93
f 217//94 218//94 219//94
f 219//94 218//94 220//94
f 219//95 220//95 221//95
f 221//95 220//95 222//95
f 221//96 222//96 223//96
f 223//96 222//96 224//96
f 223//97 224//97 225//97
f 225//97 224//97 226//97
f 225//98 226//98 227//98
f 227//98 226//98 228//98
f 227//99 228//99 229//99
f 229//99 228//99 230//99
f 229//100 230//100 231//100
f 231//100 230//100 232//100
f 231//101 232//101 233//101
f 233//101 232//101 234//101
f 233//102 234//102 235//102
f 235//102 234//102 236//102
f 235//103 236//103 237//103
f 237//103 236//103 238//103
f 237//104 238//104 239//104
f 239//104 238//104 240//104
f 239//105 240//105 241//105
f 241//105 240//105 242//105
f 241//106 242//106 243//106
f 243//106 242//106 244//106
f 243//107 244//107 245//107
f 245//107 244//107 246//107
f 245//108 246//108 247//108
f 247//108 246//108 248//108
f 247//109 248//109 249//109
f 249//109 248//109 250//109
f 249//110 250//110 251//110
f 251//110 250//110 252//110
f 251//111 252//111 253//111
f 253//111 252//111 254//111
f 253//112 254//112 255//112
f 255//112 254//112 256//112
f 255//113 256//113 257//113
f 257//113 256//113 258//113
f 259//114 260//114 261//114
f 261//114 260//114 262//114
f 262//114 260//114 263//114
f 262//114 263//114 264//114
f 264//114 263//114 265//114
f 264//114 265//114 266//114
f 266//114 265//114 267//114
f 266//114 267//114 268//114
f 268//114 267//114 269//114
f 268//114 269//114 270//114
f 270//114 269//114 271//114
f 270//114 271//114 272//114
f 272//114 271//114 273//114
f 272//114 273//114 274//114
f 274//114 273//114 275//114
f 274//114 275//114 276//114
f 276//114 275//114 277//114
f 276//114 277//114 278//114
f 278//114 277//114 279//114
f 278//114 279//114 280//114
f 280//114 279//114 281//114
f 280//114 281//114 282//114
f 282//114 281//114 283//114
f 282//114 283//114 284//114
f 284//114 283//114 285//114
f 284//114 285//114 286//114
f 286//114 285//114 287//114
f 286//114 287//114 288//114
f 288//114 287//114 289//114
f 288//114 289//114 290//114
f 290//114 289//114 291//114
f 290//114 291//114 292//114
f 292//114 291//114 293//114
f 292//114 293//114 294//114
f 294//114 293//114 295//114
f 294//114 295//114 296//114
f 296//114 295//114 297//114
f 296//114 297//114 298//114
f 299//115 300//115 301//115
f 301//115 300//115 302//115
f 302//115 300//115 303//115
f 302//115 303//115 304//115
f 304//115 303//115 305//115
f 304//115 305//115 306//115
f 306//115 305//115 307//115
f 306//115 307//115 308//115
f 308//115 307//115 309//115
f 308//115 309//115 310//115
f 310//115 309//115 311//115
f 310//115 311//115 312//115
f 312//115 311//115 313//115
f 312//115 313//115 314//115
f 314//115 313//115 315//115
f 314//115 315//115 316//115
f 316//115 315//115 317//115
f 316//115 317//115 318//115
f 318//115 317//115 319//115
f 318//115 319//115 320//115
f 320//115 319//115 321//115
f 320//115 321//115 322//115
f 322//115 321//115 323//115
f 322//115 323//115 324//115
f 324//115 323//115 325//115
f 324//115 325//115 326//115
f 326//115 325//115 327//115
f 326//115 327//115 328//115
f 328//115 327//115 329//115
f 328//115 329//115 330//115
f 330//115 329//115 331//115
f 330//115 331//115 332//115
f 332//115 331//115 333//115
f 332//115 333//115 334//115
f 334//115 333//115 335//115
f 334//115 335//115 336//115
f 336//115 335//115 337//115
f 336//115 337//115 338//115
f 339//116 340//116 341//116
f 341//117 340//117 342//117
f 341//118 342//118 343//118
f 343//119 342//119 344//119
f 343//120 344//120 341//120
f 345//121 346//121 339//121
f 339//122 346//122 347//122
f 339//123 347//123 340//123
f 340//124 347//124 348//124
f 340//125 348//125 349//125
f 349//126 348//126 350//126
f 349//127 350//127 351//127
f 351//128 350//128 352//128
f 351//129 352//129 353//129
f 353//130 352//130 354//130
f 353//131 354//131 355//131
f 355//132 354//132 356//132
f 355//133 356//133 357//133
f 357//134 356//134 358//134
f 357//135 358//135 359//135
f 346//136 345//136 360//136
f 360//137 345//137 361//137
f 360//138 361//138 362//138
f 360//139 362//139 363//139
f 363//140 362//140 364//140
f 363//141 364//141 365//141
f 365//142 364//142 366//142
f 365//143 366//143 367//143
f 367//144 366//144 368//144
f 367//145 368//145 369//145
f 369//146 368//146 370//146
f 369//147 370//147 371//147
f 371//148 370//148 372//148
f 371//149 372//149 373//149
f 373//150 372//150 374//150
f 373//151 374//151 375//151
f 375//152 374//152 376//152
f 375//153 376//153 377//153
f 377//154 376//154 378//154
f 377//155 378//155 379//155
f 379//156 378//156 380//156
f 379//157 380//157 381//157
f 381//158 380//158 382//158
f 381//159 382//159 383//159
f 383//160 382//160 384//160
f 383//161 384//161 385//161
f 385//162 384//162 386//162
f 385//163 386//163 387//163
f 387//164 386//164 388//164
f 387//165 388//165 389//165
f 389//166 388//166 390//166
f 389//167 390//167 391//167
f 392//168 393//168 394//168
f 394//169 393//169 368//169
f 372//170 395//170 374//170
f 374//171 395//171 396//171
f 374//172 396//172 376//172
f 376//173 396//173 397//173
f 376//174 397//174 378//174
f 378//175 397//175 398//175
f 378//176 398//176 380//176
f 380//177 398//177 399//177
f 380//178 399//178 382//178
f 382//179 399//179 400//179
f 382//180 400//180 384//180
f 384//181 400//181 401//181
f 384//182 401//182 386//182
f 386//183 401//183 402//183
f 386//184 402//184 388//184
f 388//185 402//185 403//185
f 388//186 403//186 390//186
f 390//187 403//187 404//187
f 390//188 404//188 391//188
f 395//189 405//189 396//189
f 396//190 405//190 406//190
f 396//191 406//191 397//191
f 397//192 406//192 407//192
f 397//193 407//193 398//193
f 398//194 407//194 408//194
f 398//195 408//195 399//195
f 399//196 408//196 409//196
f 399//197 409//197 400//197
f 400//198 409//198 410//198
f 400//199 410//199 401//199
f 401//200 410//200 411//200
f 401//201 411//201 402//201
f 402//202 411//202 412//202
f 402//203 412//203 403//203
f 403//204 412//204 413//204
f 403//205 413//205 404//205
f 404//206 413//206 414//206
f 404//207 414//207 391//207
f 405//208 415//208 406//208
f 406//209 415//209 416//209
f 406//210 416//210 407//210
f 407//211 416//211 417//211
f 407//212 417//212 408//212
f 408//213 417//213 418//213
f 408//214 418//214 409//214
f 409//215 418//215 419//215
f 409//216 419//216 410//216
f 410//217 419//217 420//217
f 410//218 420//218 411//218
f 411//219 420//219 421//219
f 411//220 421//220 412//220
f 412//221 421//221 422//221
f 412//222 422//222 413//222
f 413//223 422//223 423//223
f 413//224 423//224 414//224
f 414//225 423//225 424//225
f 414//226 424//226 425//226
f 415//227 426//227 416//227
f 416//228 426//228 427//228
f 416//229 427//229 417//229
f 417//230 427//230 428//230
f 417//231 428//231 418//231
f 418//232 428//232 429//232
f 418//233 429//233 419//233
f 419//234 429//234 430//234
f 419//235 430//235 420//235
f 420//236 430//236 431//236
f 420//237 431//237 421//237
f 421//238 431//238 432//238
f 421//239 432//239 422//239
f 422//240 432//240 433//240
f 422//241 433//241 423//241
f 423//242 433//242 434//242
f 423//243 434//243 424//243
f 424//244 434//244 435//244
f 424//245 435//245 425//245
f 426//246 436//246 427//246
f 427//247 436//247 437//247
f 427//248 437//248 428//248
f 428//249 437//249 438//249
f 428//250 438//250 429//250
f 429//251 438//251 439//251
f 429//252 439//252 430//252
f 430//253 439//253 440//253
f 430//254 440//254 431//254
f 431//255 440//255 441//255
f 431//256 441//256 432//256
f 432//257 441//257 442//257
f 432//258 442//258 433//258
f 433//259 442//259 443//259
f 433//260 443//260 434//260
f 434//261 443//261 444//261
f 434//262 444//262 435//262
f 435//263 444//263 445//263
f 435//264 445//264 425//264
f 437//265 436//265 446//265
f 446//266 436//266 447//266
f 446//267 447//267 448//267
f 449//268 450//268 448//268
f 448//269 450//269 451//269
f 448//270 451//270 446//270
f 446//271 451//271 452//271
f 446//271 452//271 437//271
f 437//272 452//272 438//272
f 450//273 449//273 453//273
f 453//274 449//274 454//274
f 453//275 454//275 455//275
f 455//276 454//276 456//276
f 455//277 456//277 457//277
f 457//278 456//278 458//278
f 457//279 458//279 459//279
f 459//279 458//279 460//279
f 459//280 460//280 461//280
f 461//280 460//280 462//280
f 461//281 462//281 463//281
f 463//281 462//281 464//281
f 463//282 464//282 465//282
f 465//282 464//282 466//282
f 465//283 466//283 467//283
f 467//283 466//283 468//283
f 467//284 468//284 469//284
f 469//285 468//285 470//285
f 470//286 468//286 466//286
f 470//287 466//287 471//287
f 471//288 466//288 472//288
f 471//289 472//289 473//289
f 473//290 472//290 474//290
f 473//291 474//291 475//291
f 475//292 474//292 476//292
f 475//293 476//293 477//293
f 477//294 476//294 478//294
f 477//295 478//295 479//295
f 479//296 478//296 480//296
f 479//297 480//297 481//297
f 456//298 482//298 458//298
f 458//299 482//299 483//299
f 458//300 483//300 484//300
f 484//301 483//301 485//301
f 484//302 485//302 486//302
f 486//303 485//303 487//303
f 486//304 487//304 488//304
f 488//305 487//305 489//305
f 488//306 489//306 478//306
f 478//307 489//307 490//307
f 478//308 490//308 480//308
f 491//309 492//309 481//309
f 481//310 492//310 493//310
f 481//311 493//311 479//311
f 479//312 493//312 494//312
f 479//313 494//313 477//313
f 477//314 494//314 495//314
f 477//315 495//315 475//315
f 475//316 495//316 496//316
f 475//317 496//317 473//317
f 473//318 496//318 497//318
f 473//319 497//319 471//319
f 471//320 497//320 498//320
f 499//321 498//321 500//321
f 492//322 491//322 501//322
f 501//323 491//323 502//323
f 501//324 502//324 503//324
f 503//325 502//325 504//325
f 503//326 504//326 505//326
f 505//327 504//327 506//327
f 505//328 506//328 507//328
f 507//329 506//329 508//329
f 507//330 508//330 509//330
f 509//331 508//331 510//331
f 509//332 510//332 511//332
f 511//333 510//333 512//333
f 511//334 512//334 513//334
f 513//335 512//335 514//335
f 513//336 514//336 515//336
f 515//337 514//337 516//337
f 515//338 516//338 517//338
f 517//339 516//339 518//339
f 517//340 518//340 519//340
f 519//341 518//341 520//341
f 519//342 520//342 521//342
f 521//342 520//342 522//342
f 521//343 522//343 523//343
f 523//343 522//343 524//343
f 523//344 524//344 525//344
f 525//344 524//344 526//344
f 525//345 526//345 527//345
f 527//346 526//346 528//346
f 527//347 528//347 529//347
f 529//348 528//348 530//348
f 529//349 530//349 531//349
f 531//349 530//349 532//349
f 531//350 532//350 533//350
f 533//350 532//350 534//350
f 533//351 534//351 535//351
f 535//351 534//351 536//351
f 535//352 536//352 537//352
f 537//352 536//352 538//352
f 537//353 538//353 539//353
f 539//353 538//353 540//353
f 539//354 540//354 541//354
f 542//355 543//355 544//355
f 544//356 543//356 545//356
f 546//357 547//357 548//357
f 548//358 547//358 522//358
f 547//359 549//359 550//359
f 550//360 549//360 524//360
f 524//361 549//361 551//361
f 551//362 549//362 552//362
f 551//363 552//363 553//363
f 554//364 555//364 553//364
f 553//365 555//365 556//365
f 553//366 556//366 551//366
f 551//367 556//367 557//367
f 551//367 557//367 558//367
f 555//368 554//368 559//368
f 559//369 554//369 560//369
f 559//370 560//370 561//370
f 562//371 563//371 561//371
f 561//372 563//372 564//372
f 561//373 564//373 565//373
f 565//374 564//374 566//374
f 565//375 566//375 567//375
f 567//376 566//376 568//376
f 567//377 568//377 569//377
f 569//378 568//378 570//378
f 571//379 572//379 573//379
f 573//380 572//380 574//380
f 573//381 574//381 575//381
f 575//382 574//382 576//382
f 575//383 576//383 577//383
f 577//384 576//384 578//384
f 577//384 578//384 579//384
f 579//385 578//385 580//385
f 579//385 580//385 581//385
f 581//386 580//386 582//386
f 581//386 582//386 583//386
f 583//387 582//387 584//387
f 583//387 584//387 585//387
f 585//388 584//388 586//388
f 585//388 586//388 587//388
f 587//389 586//389 588//389
f 587//389 588//389 589//389
f 589//390 588//390 590//390
f 589//390 590//390 591//390
f 591//391 590//391 592//391
f 591//391 592//391 593//391
f 593//392 592//392 594//392
f 593//392 594//392 595//392
f 595//393 594//393 596//393
f 595//393 596//393 597//393
f 597//394 596//394 598//394
f 597//394 598//394 599//394
f 599//395 598//395 600//395
f 599//395 600//395 601//395
f 601//396 600//396 602//396
f 601//396 602//396 603//396
f 603//397 602//397 604//397
f 605//398 606//398 607//398
f 607//399 606//399 608//399
f 607//400 608//400 609//400
f 609//401 608//401 610//401
f 609//402 610//402 611//402
f 611//403 610//403 612//403
f 611//404 612//404 613//404
f 613//405 612//405 614//405
f 613//406 614//406 615//406
f 615//407 614//407 616//407
f 615//408 616//408 617//408
f 617//409 616//409 618//409
f 617//410 618//410 619//410
f 619//411 618//411 620//411
f 619//412 620//412 621//412
f 605//413 622//413 606//413
f 606//414 622//414 623//414
f 606//415 623//415 608//415
f 608//415 623//415 624//415
f 608//416 624//416 625//416
f 625//416 624//416 626//416
f 625//417 626//417 627//417
f 627//417 626//417 628//417
f 627//418 628//418 629//418
f 629//418 628//418 630//418
f 629//419 630//419 631//419
f 631//419 630//419 632//419
f 631//420 632//420 633//420
f 633//421 632//421 634//421
f 633//422 634//422 635//422
f 635//423 634//423 636//423
f 635//424 636//424 637//424
f 637//425 636//425 638//425
f 638//426 636//426 639//426
f 638//427 639//427 640//427
f 640//428 639//428 641//428
f 640//428 641//428 642//428
f 642//429 641//429 643//429
f 642//429 643//429 644//429
f 644//430 643//430 645//430
f 644//430 645//430 646//430
f 646//431 645//431 647//431
f 646//431 647//431 648//431
f 648//432 647//432 649//432
f 648//432 649//432 650//432
f 650//433 649//433 651//433
f 650//433 651//433 652//433
f 652//434 651//434 653//434
f 652//434 653//434 654//434
f 654//435 653//435 655//435
f 654//435 655//435 656//435
f 656//436 655//436 657//436
f 656//436 657//436 658//436
f 658//437 657//437 659//437
f 658//437 659//437 660//437
f 660//438 659//438 661//438
f 662//439 663//439 664//439
f 664//440 663//440 665//440
f 664//441 665//441 666//441
f 666//441 665//441 667//441
f 666//442 667//442 668//442
f 668//442 667//442 669//442
f 668//443 669//443 670//443
f 670//443 669//443 671//443
f 670//444 671//444 672//444
f 672//444 671//444 673//444
f 672//445 673//445 674//445
f 674//445 673//445 675//445
f 674//446 675//446 676//446
f 676//447 675//447 677//447
f 676//448 677//448 678//448
f 678//449 677//449 679//449
f 663//450 680//450 665//450
f 665//451 680//451 681//451
f 665//452 681//452 667//452
f 667//452 681//452 682//452
f 667//453 682//453 669//453
f 669//453 682//453 683//453
f 669//454 683//454 671//454
f 671//454 683//454 684//454
f 671//455 684//455 673//455
f 673//455 684//455 685//455
f 673//456 685//456 675//456
f 675//456 685//456 686//456
f 675//457 686//457 677//457
f 677//458 686//458 687//458
f 677//459 687//459 679//459
f 679//460 687//460 688//460
f 681//461 680//461 689//461
f 689//462 680//462 690//462
f 689//463 690//463 691//463
f 692//464 693//464 691//464
f 691//465 693//465 694//465
f 691//466 694//466 689//466
f 689//467 694//467 681//467
f 693//468 692//468 695//468
f 695//469 692//469 696//469
f 695//470 696//470 697//470
f 697//471 696//471 698//471
f 697//472 698//472 699//472
f 699//473 698//473 700//473
f 699//474 700//474 701//474
f 701//475 700//475 702//475
f 701//476 702//476 703//476
f 703//477 702//477 704//477
f 703//478 704//478 705//478
f 705//479 704//479 706//479
f 705//480 706//480 707//480
f 707//481 706//481 708//481
f 707//482 708//482 709//482
f 709//483 708//483 710//483
f 709//484 710//484 711//484
f 711//485 710//485 712//485
f 711//486 712//486 713//486
f 713//487 712//487 714//487
f 713//488 714//488 715//488
f 715//489 714//489 716//489
f 715//490 716//490 715//490
f 715//491 716//491 717//491
f 715//492 717//492 718//492
f 696//493 719//493 698//493
f 698//494 719//494 720//494
f 698//495 720//495 700//495
f 700//496 720//496 721//496
f 700//497 721//497 702//497
f 702//498 721//498 722//498
f 702//499 722//499 704//499
f 704//500 722//500 723//500
f 704//501 723//501 706//501
f 706//502 723//502 724//502
f 706//503 724//503 708//503
f 708//504 724//504 725//504
f 708//505 725//505 710//505
f 710//506 725//506 726//506
f 710//507 726//507 712//507
f 712//508 726//508 727//508
f 712//509 727//509 714//509
f 714//510 727//510 728//510
f 714//511 728//511 716//511
f 716//512 728//512 729//512
f 716//513 729//513 717//513
f 717//514 729//514 730//514
f 717//515 730//515 718//515
f 719//516 731//516 720//516
f 720//517 731//517 732//517
f 720//518 732//518 721//518
f 721//519 732//519 733//519
f 721//520 733//520 722//520
f 722//521 733//521 734//521
f 722//522 734//522 723//522
f 723//523 734//523 735//523
f 723//524 735//524 724//524
f 724//525 735//525 736//525
f 724//526 736//526 725//526
f 725//527 736//527 737//527
f 725//528 737//528 726//528
f 726//529 737//529 738//529
f 726//530 738//530 727//530
f 727//531 738//531 739//531
f 727//532 739//532 728//532
f 728//533 739//533 740//533
f 728//534 740//534 729//534
f 729//535 740//535 741//535
f 729//536 741//536 730//536
f 730//537 741//537 742//537
f 730//538 742//538 718//538
f 731//539 743//539 732//539
f 732//540 743//540 744//540
f 732//541 744//541 733//541
f 733//542 744//542 745//542
f 733//543 745//543 734//543
f 734//544 745//544 746//544
f 734//545 746//545 735//545
f 735//546 746//546 747//546
f 735//547 747//547 736//547
f 736//548 747//548 748//548
f 736//549 748//549 737//549
f 737//550 748//550 749//550
f 737//551 749//551 738//551
f 738//552 749//552 750//552
f 738//553 750//553 739//553
f 739//554 750//554 751//554
f 739//555 751//555 740//555
f 740//556 751//556 752//556
f 740//557 752//557 741//557
f 741//558 752//558 753//558
f 741//559 753//559 742//559
f 742//560 753//560 754//560
f 742//561 754//561 755//561
f 743//562 756//562 744//562
f 744//563 756//563 757//563
f 744//564 757//564 745//564
f 745//565 757//565 758//565
f 745//566 758//566 746//566
f 746//567 758//567 759//567
f 746//568 759//568 747//568
f 747//569 759//569 760//569
f 747//570 760//570 748//570
f 748//571 760//571 761//571
f 748//572 761//572 749//572
f 749//573 761//573 762//573
f 749//574 762//574 750//574
f 750//575 762//575 763//575
f 750//576 763//576 751//576
f 751//577 763//577 764//577
f 751//578 764//578 752//578
f 752//579 764//579 765//579
f 752//580 765//580 753//580
f 753//581 765//581 766//581
f 753//582 766//582 754//582
f 754//583 766//583 767//583
f 754//584 767//584 755//584
f 756//585 768//585 757//585
f 757//586 768//586 769//586
f 757//587 769//587 758//587
f 758//588 769//588 770//588
f 758//589 770//589 759//589
f 759//590 770//590 771//590
f 759//591 771//591 760//591
f 760//592 771//592 772//592
f 760//593 772//593 761//593
f 761//594 772//594 773//594
f 761//595 773//595 762//595
f 762//596 773//596 774//596
f 762//597 774//597 763//597
f 763//598 774//598 775//598
f 763//599 775//599 764//599
f 764//600 775//600 776//600
f 764//601 776//601 765//601
f 765//602 776//602 777//602
f 765//603 777//603 766//603
f 766//604 777//604 778//604
f 766//605 778//605 767//605
f 767//606 778//606 779//606
f 767//607 779//607 755//607
f 769//608 768//608 780//608
f 780//609 768//609 781//609
f 780//610 781//610 782//610
f 783//611 784//611 782//611
f 782//612 784//612 785//612
f 782//613 785//613 780//613
f 780//614 785//614 786//614
f 780//614 786//614 769//614
f 769//615 786//615 770//615
f 784//616 783//616 787//616
f 787//617 783//617 788//617
f 787//618 788//618 789//618
f 789//619 788//619 790//619
f 789//620 790//620 791//620
f 791//621 790//621 792//621
f 791//622 792//622 793//622
f 793//623 792//623 794//623
f 793//624 794//624 795//624
f 795//624 794//624 796//624
f 795//625 796//625 797//625
f 797//625 796//625 798//625
f 797//626 798//626 799//626
f 799//626 798//626 800//626
f 799//627 800//627 801//627
f 801//627 800//627 802//627
f 801//628 802//628 803//628
f 803//629 802//629 804//629
f 804//630 802//630 805//630
f 805//631 802//631 806//631
f 805//632 806//632 807//632
f 807//633 806//633 808//633
f 807//634 808//634 809//634
f 809//635 808//635 810//635
f 809//636 810//636 811//636
f 811//637 810//637 812//637
f 811//638 812//638 813//638
f 813//639 812//639 814//639
f 814//640 812//640 815//640
f 814//641 815//641 816//641
f 816//642 815//642 817//642
f 816//643 817//643 818//643
f 818//644 817//644 819//644
f 818//645 819//645 820//645
f 820//646 819//646 821//646
f 820//647 821//647 822//647
f 822//648 821//648 823//648
f 822//649 823//649 824//649
f 824//650 823//650 825//650
f 824//651 825//651 826//651
f 826//652 825//652 827//652
f 827//653 825//653 828//653
f 827//654 828//654 829//654
f 829//655 828//655 830//655
f 829//656 830//656 831//656
f 831//657 830//657 832//657
f 831//658 832//658 833//658
f 833//659 832//659 834//659
f 833//660 834//660 835//660
f 835//661 834//661 836//661
f 835//662 836//662 837//662
f 838//663 839//663 840//663
f 840//664 839//664 841//664
f 840//665 841//665 842//665
f 842//666 841//666 843//666
f 842//667 843//667 844//667
f 844//668 843//668 845//668
f 844//669 845//669 846//669
f 846//670 845//670 843//670
f 839//671 847//671 841//671
f 841//672 847//672 843//672
f 844//673 846//673 848//673
f 848//674 846//674 849//674
f 848//675 849//675 850//675
f 850//676 849//676 851//676
f 850//677 851//677 852//677
f 852//678 851//678 853//678
f 852//679 853//679 854//679
f 855//680 856//680 854//680
f 854//681 856//681 857//681
f 854//682 857//682 852//682
f 852//683 857//683 858//683
f 852//684 858//684 859//684
f 859//685 858//685 860//685
f 859//686 860//686 861//686
f 861//687 860//687 862//687
f 861//688 862//688 863//688
f 863//689 862//689 864//689
f 863//690 864//690 865//690
f 856//691 855//691 866//691
f 866//692 855//692 867//692
f 866//693 867//693 868//693
f 868//694 867//694 869//694
f 868//695 869//695 870//695
f 870//696 869//696 871//696
f 870//697 871//697 872//697
f 872//698 871//698 873//698
f 872//699 873//699 874//699
f 874//700 873//700 875//700
f 874//701 875//701 876//701
f 876//702 875//702 877//702
f 876//703 877//703 878//703
f 878//704 877//704 879//704
f 878//705 879//705 880//705
f 880//706 879//706 881//706
f 880//707 881//707 882//707
f 882//708 881//708 883//708
f 882//709 883//709 884//709
f 884//710 883//710 885//710
f 884//711 885//711 886//711
f 886//711 885//711 887//711
f 886//712 887//712 888//712
f 888//712 887//712 889//712
f 888//713 889//713 890//713
f 890//713 889//713 891//713
f 869//714 892//714 871//714
f 871//715 892//715 873//715
f 883//716 893//716 885//716
f 885//717 893//717 887//717
f 893//718 894//718 887//718
f 887//719 894//719 889//719
f 889//720 894//720 895//720
f 895//721 894//721 896//721
f 895//722 896//722 897//722
f 898//723 899//723 897//723
f 897//724 899//724 900//724
f 897//725 900//725 895//725
f 895//726 900//726 891//726
f 895//726 891//726 889//726
f 899//727 898//727 901//727
f 901//728 898//728 902//728
f 901//729 902//729 903//729
f 901//730 903//730 904//730
f 904//731 903//731 905//731
f 906//732 907//732 908//732
f 908//733 907//733 909//733
f 908//734 909//734 910//734
f 910//735 909//735 911//735
f 910//736 911//736 908//736
f 907//737 906//737 912//737
f 912//738 906//738 913//738
f 912//739 913//739 914//739
f 912//740 914//740 915//740
f 915//741 914//741 916//741
f 917//742 918//742 919//742
f 919//743 918//743 920//743
f 919//744 920//744 921//744
f 921//745 920//745 922//745
f 918//746 917//746 923//746
f 923//747 917//747 924//747
f 923//748 924//748 925//748
f 923//749 925//749 926//749
f 926//750 925//750 927//750
f 926//751 927//751 928//751
f 928//752 927//752 929//752
f 928//753 929//753 930//753
f 930//754 929//754 931//754
f 930//755 931//755 932//755
f 930//756 932//756 933//756
f 933//757 932//757 934//757
f 933//758 934//758 935//758
f 935//759 934//759 936//759
f 935//760 936//760 937//760
f 937//760 936//760 938//760
f 937//761 938//761 939//761
f 939//761 938//761 940//761
f 939//762 940//762 941//762
f 941//762 940//762 942//762
f 941//763 942//763 943//763
f 943//763 942//763 944//763
f 943//764 944//764 945//764
f 945//764 944//764 946//764
f 945//765 946//765 947//765
f 947//765 946//765 948//765
f 934//766 949//766 936//766
f 936//767 949//767 950//767
f 936//768 950//768 938//768
f 938//769 950//769 951//769
f 938//770 951//770 940//770
f 940//770 951//770 952//770
f 940//771 952//771 942//771
f 942//771 952//771 953//771
f 942//772 953//772 944//772
f 944//772 953//772 954//772
f 944//773 954//773 946//773
f 946//773 954//773 955//773
f 946//774 955//774 948//774
f 948//774 955//774 956//774
f 950//775 957//775 951//775
f 951//776 957//776 958//776
f 951//777 958//777 952//777
f 952//777 958//777 959//777
f 952//778 959//778 953//778
f 953//778 959//778 960//778
f 953//779 960//779 954//779
f 954//779 960//779 961//779
f 954//780 961//780 955//780
f 955//780 961//780 962//780
f 955//781 962//781 956//781
f 956//781 962//781 963//781
f 957//782 964//782 958//782
f 958//783 964//783 965//783
f 958//784 965//784 966//784
f 966//785 965//785 967//785
f 966//786 967//786 968//786
f 968//787 967//787 969//787
f 968//788 969//788 970//788
f 970//789 969//789 971//789
f 970//790 971//790 972//790
f 970//791 972//791 973//791
f 973//792 972//792 974//792
f 975//793 976//793 977//793
f 977//794 976//794 978//794
f 977//795 978//795 979//795
f 979//796 978//796 980//796
f 979//797 980//797 981//797
f 979//798 981//798 982//798
f 982//799 981//799 983//799
f 982//800 983//800 984//800
f 984//801 983//801 985//801
f 984//802 985//802 986//802
f 986//803 985//803 987//803
f 986//804 987//804 988//804
f 986//805 988//805 989//805
f 989//806 988//806 990//806
f 991//807 992//807 993//807
f 993//808 992//808 994//808
f 993//809 994//809 995//809
f 995//810 994//810 996//810
f 995//811 996//811 997//811
f 992//812 996//812 994//812
f 998//813 999//813 1000//813
f 1000//814 999//814 1001//814
f 1000//815 1001//815 1002//815
f 1002//816 1001//816 1003//816
f 1002//817 1003//817 1004//817
f 1004//818 1003//818 1005//818
f 1004//819 1005//819 1006//819
f 1006//820 1005//820 1007//820
f 1006//821 1007//821 1008//821
f 1008//822 1007//822 1009//822
f 1008//823 1009//823 1010//823
f 1010//824 1009//824 1011//824
f 1010//825 1011//825 1012//825
f 1012//826 1011//826 1013//826
f 1012//827 1013//827 1014//827
f 1012//828 1014//828 1015//828
f 1015//829 1014//829 1016//829
f 1015//830 1016//830 1017//830
f 1017//831 1016//831 1018//831
f 1017//832 1018//832 1019//832
f 1019//833 1018//833 1020//833
f 1019//834 1020//834 1021//834
f 1021//835 1020//835 1022//835
f 1021//836 1022//836 1023//836
f 1023//837 1022//837 1024//837
f 1023//838 1024//838 1025//838
f 1025//839 1024//839 1026//839
f 1025//840 1026//840 1027//840
f 1027//841 1026//841 1028//841
f 1027//842 1028//842 1029//842
f 1029//843 1028//843 1030//843
f 1029//844 1030//844 1031//844
f 1031//844 1030//844 1032//844
f 1031//845 1032//845 1033//845
f 1026//846 1034//846 1028//846
f 1028//847 1034//847 1035//847
f 1028//848 1035//848 1030//848
f 1030//849 1035//849 1036//849
f 1030//850 1036//850 1037//850
f 1037//851 1036//851 1035//851
f 1030//852 1037//852 1038//852
f 1038//853 1037//853 1039//853
f 1040//854 1041//854 1042//854
f 1043//855 1044//855 1045//855
f 1046//856 1047//856 1048//856
f 1045//857 1044//857 1049//857
f 1049//858 1044//858 1050//858
f 1051//859 1044//859 1052//859
f 1052//860 1044//860 1053//860
f 1053//861 1044//861 1054//861
f 1054//862 1044//862 1055//862
f 1055//863 1044//863 1056//863
f 1056//864 1044//864 1057//864
f 1057//865 1044//865 1058//865
f 1058//866 1044//866 1059//866
f 1059//867 1044//867 1060//867
f 1060//868 1044//868 1061//868
f 1062//869 1044//869 1063//869
f 1063//870 1044//870 1064//870
f 1064//871 1044//871 1065//871
f 1065//872 1044//872 1066//872
f 1066//873 1044//873 1067//873
f 1068//874 1044//874 1069//874
f 1069//875 1044//875 1070//875
f 1070//876 1044//876 1071//876
f 1071//877 1072//877 1073//877
f 1073//878 1072//878 1074//878
f 1074//879 1072//879 1075//879
f 1075//880 1072//880 1076//880
f 1076//881 1072//881 1077//881
f 1077//882 1072//882 1078//882
f 1078//883 1072//883 1079//883
f 1079//884 1072//884 1080//884
f 1081//885 1072//885 1082//885
f 1082//886 1072//886 1083//886
f 1083//887 1072//887 1084//887
f 1084//888 1072//888 1085//888
f 1085//889 1072//889 1086//889
f 1086//890 1072//890 1087//890
f 1087//891 1072//891 1088//891
f 1088//892 1072//892 1089//892
f 1089//893 1072//893 1090//893
f 1090//894 1072//894 1091//894
f 1091//895 1072//895 1092//895
f 1092//896 1072//896 1093//896
f 1093//897 1072//897 1094//897
f 1094//898 1072//898 1095//898
f 1095//899 1072//899 1096//899
f 1097//900 1072//900 1098//900
f 1098//901 1072//901 1099//901
f 1099//902 1100//902 1101//902
f 1101//903 1100//903 1102//903
f 1103//904 1104//904 1105//904
f 1105//905 1104//905 1106//905
f 1106//906 1104//906 1107//906
f 1108//907 1104//907 1109//907
f 1109//908 1104//908 1110//908
f 1110//909 1104//909 1111//909
f 1111//910 1104//910 1112//910
f 1112//911 1104//911 1113//911
f 1113//912 1104//912 1114//912
f 1114//913 1104//913 1115//913
f 1115//914 1104//914 1116//914
f 1116//915 1104//915 1117//915
f 1117//916 1104//916 1118//916
f 1118//917 1104//917 1119//917
f 1120//918 1104//918 1121//918
f 1121//919 1104//919 1122//919
f 1122//920 1104//920 1123//920
f 1123//921 1104//921 1124//921
f 1124//922 1104//922 1125//922
f 1125//923 1104//923 1126//923
f 1126//924 1104//924 1127//924
f 1127//925 1104//925 1128//925
f 1128//926 1104//926 1129//926
f 1129//927 1104//927 1130//927
f 1130//928 1104//928 1131//928
f 1131//929 1132//929 1133//929
f 1133//930 1132//930 1134//930
f 1134//931 1132//931 1135//931
f 1135//932 1132//932 1136//932
f 1136//933 1132//933 1137//933
f 1137//934 1132//934 1138//934
f 1139//935 1132//935 1140//935
f 1141//936 1132//936 1142//936
f 1142//937 1132//937 1143//937
f 1143//938 1132//938 1144//938
f 1144//939 1132//939 1145//939
f 1145//940 1132//940 1146//940
f 1146//941 1132//941 1147//941
f 1147//942 1132//942 1148//942
f 1148//943 1132//943 1149//943
f 1149//944 1132//944 1150//944
f 1150//945 1132//945 1151//945
f 1151//946 1132//946 1152//946
f 1152//947 1132//947 1153//947
f 1153//948 1132//948 1154//948
f 1154//949 1132//949 1155//949
f 1155//950 1132//950 1156//950
f 1156//951 1132//951 1157//951
f 1157//952 1132//952 1158//952
f 1158//953 1132//953 1159//953
f 1159//954 1160//954 1161//954
f 1162//955 1163//955 1164//955
f 1164//955 1163//955 1165//955
f 1164//956 1165//956 1166//956
f 1166//956 1165//956 1167//956
f 1166//957 1167//957 1168//957
f 1168//957 1167//957 1169//957
f 1168//958 1169//958 1170//958
f 1170//958 1169//958 1171//958
f 1170//959 1171//959 1172//959
f 1172//960 1171//960 1173//960
f 1172//961 1173//961 1174//961
f 1174//962 1173//962 1175//962
f 1174//963 1175//963 1176//963
f 1176//963 1175//963 1177//963
f 1176//964 1177//964 1178//964
f 1178//964 1177//964 1179//964
f 1178//965 1179//965 1180//965
f 1180//965 1179//965 1181//965
f 1180//966 1181//966 1182//966
f 1182//966 1181//966 1183//966
f 1182//967 1183//967 1184//967
f 1184//967 1183//967 1185//967
f 1184//968 1185//968 1186//968
f 1186//968 1185//968 1187//968
f 1186//969 1187//969 1188//969
f 1188//969 1187//969 1189//969
f 1188//970 1189//970 1190//970
f 1190//970 1189//970 1191//970
f 1190//971 1191//971 1192//971
f 1192//971 1191//971 1193//971
f 1192//972 1193//972 1194//972
f 1194//972 1193//972 1195//972
f 1194//973 1195//973 1196//973
f 1196//973 1195//973 1197//973
f 1196//974 1197//974 1198//974
f 1198//974 1197//974 1199//974
f 1198//975 1199//975 1200//975
f 1200//975 1199//975 1201//975
f 1200//976 1201//976 1202//976
f 1202//976 1201//976 1203//976
f 1202//977 1203//977 1204//977
f 1204//977 1203//977 1205//977
f 1204//978 1205//978 1206//978
f 1206//978 1205//978 1207//978
f 1206//979 1207//979 1208//979
f 1208//980 1207//980 1209//980
f 1208//981 1209//981 1210//981
f 1210//982 1209//982 1211//982
f 1210//983 1211//983 1212//983
f 1212//983 1211//983 1213//983
f 1212//984 1213//984 1214//984
f 1214//984 1213//984 1215//984
f 1214//985 1215//985 1216//985
f 1216//985 1215//985 1217//985
f 1216//986 1217//986 1218//986
f 1218//986 1217//986 1219//986
f 1218//987 1219//987 1220//987
f 1220//987 1219//987 1221//987
f 1220//988 1221//988 1222//988
f 1222//988 1221//988 1223//988
f 1222//989 1223//989 1224//989
f 1224//989 1223//989 1225//989
f 1224//990 1225//990 1226//990
f 1226//990 1225//990 1227//990
f 1226//991 1227//991 1228//991
f 1228//991 1227//991 1229//991
f 1228//992 1229//992 1230//992
f 1230//992 1229//992 1231//992
f 1230//993 1231//993 1232//993
f 1232//993 1231//993 1233//993
f 1234//994 1235//994 1236//994
f 1236//994 1235//994 1237//994
f 1236//995 1237//995 1238//995
f 1238//995 1237//995 1239//995
f 1238//996 1239//996 1240//996
f 1240//996 1239//996 1241//996
f 1240//997 1241//997 1242//997
f 1242//997 1241//997 1243//997
f 1242//998 1243//998 1244//998
f 1244//999 1243//999 1245//999
f 1244//1000 1245//1000 1246//1000
f 1246//1001 1245//1001 1247//1001
f 1246//1002 1247//1002 1248//1002
f 1248//1002 1247//1002 1249//1002
f 1248//1003 1249//1003 1250//1003
f 1250//1003 1249//1003 1251//1003
f 1250//1004 1251//1004 1252//1004
f 1252//1004 1251//1004 1253//1004
f 1252//1005 1253//1005 1254//1005
f 1254//1005 1253//1005 1255//1005
f 1254//1006 1255//1006 1256//1006
f 1256//1006 1255//1006 1257//1006
f 1256//1007 1257//1007 1258//1007
f 1258//1007 1257//1007 1259//1007
f 1258//1008 1259//1008 1260//1008
f 1260//1008 1259//1008 1261//1008
f 1260//1009 1261//1009 1262//1009
f 1262//1009 1261//1009 1263//1009
f 1262//1010 1263//1010 1264//1010
f 1264//1010 1263//1010 1265//1010
f 1264//1011 1265//1011 1266//1011
f 1266//1011 1265//1011 1267//1011
f 1266//1012 1267//1012 1268//1012
f 1268//1012 1267//1012 1269//1012
f 1268//1013 1269//1013 1270//1013
f 1270//1013 1269//1013 1271//1013
f 1270//1014 1271//1014 1272//1014
f 1272//1014 1271//1014 1273//1014
f 1272//1015 1273//1015 1274//1015
f 1274//1015 1273//1015 1275//1015
f 1274//1016 1275//1016 1276//1016
f 1276//1016 1275//1016 1277//1016
f 1276//1017 1277//1017 1278//1017
f 1278//1017 1277//1017 1279//1017
f 1278//1018 1279//1018 1280//1018
f 1280//1019 1279//1019 1281//1019
f 1280//1020 1281//1020 1282//1020
f 1282//1021 1281//1021 1283//1021
f 1282//1022 1283//1022 1284//1022
f 1284//1022 1283//1022 1285//1022
f 1284//1023 1285//1023 1286//1023
f 1286//1023 1285//1023 1287//1023
f 1286//1024 1287//1024 1288//1024
f 1288//1024 1287//1024 1289//1024
f 1288//1025 1289//1025 1290//1025
f 1290//1025 1289//1025 1291//1025
f 1290//1026 1291//1026 1292//1026
f 1292//1026 1291//1026 1293//1026
f 1292//1027 1293//1027 1294//1027
f 1294//1027 1293//1027 1295//1027
f 1294//1028 1295//1028 1296//1028
f 1296//1028 1295//1028 1297//1028
f 1296//1029 1297//1029 1298//1029
f 1298//1029 1297//1029 1299//1029
f 1298//1030 1299//1030 1300//1030
f 1300//1030 1299//1030 1301//1030
f 1300//1031 1301//1031 1302//1031
f 1302//1031 1301//1031 1303//1031
f 1302//1032 1303//1032 1304//1032
f 1304//1032 1303//1032 1305//1032
f 1306//1033 1307//1033 1308//1033
f 1308//1033 1307//1033 1309//1033
f 1308//1034 1309//1034 1310//1034
f 1310//1034 1309//1034 1311//1034
f 1310//1035 1311//1035 1312//1035
f 1312//1035 1311//1035 1313//1035
f 1312//1036 1313//1036 1314//1036
f 1315//1037 1316//1037 1317//1037
f 1317//1037 1316//1037 1318//1037
f 1317//1038 1318//1038 1319//1038
f 1319//1038 1318//1038 1320//1038
f 1319//1039 1320//1039 1321//1039
f 1321//1039 1320//1039 1322//1039
f 1321//1040 1322//1040 1323//1040
f 1323//1040 1322//1040 1324//1040
f 1323//1041 1324//1041 1325//1041
f 1325//1042 1324//1042 1326//1042
f 1325//1043 1326//1043 1327//1043
f 1327//1044 1326//1044 1328//1044
f 1327//1045 1328//1045 1329//1045
f 1329//1045 1328//1045 1330//1045
f 1329//1046 1330//1046 1331//1046
f 1331//1046 1330//1046 1332//1046
f 1331//1047 1332//1047 1333//1047
f 1333//1047 1332//1047 1334//1047
f 1333//1048 1334//1048 1335//1048
f 1335//1048 1334//1048 1336//1048
f 1335//1049 1336//1049 1337//1049
f 1337//1049 1336//1049 1338//1049
f 1337//1050 1338//1050 1339//1050
f 1339//1050 1338//1050 1340//1050
f 1339//1051 1340//1051 1341//1051
f 1341//1051 1340//1051 1342//1051
f 1341//1052 1342//1052 1343//1052
f 1343//1052 1342//1052 1344//1052
f 1343//1053 1344//1053 1345//1053
f 1345//1053 1344//1053 1346//1053
f 1345//1054 1346//1054 1347//1054
f 1347//1054 1346//1054 1348//1054
f 1347//1055 1348//1055 1349//1055
f 1349//1055 1348//1055 1350//1055
f 1349//1056 1350//1056 1351//1056
f 1351//1056 1350//1056 1352//1056
f 1351//1057 1352//1057 1353//1057
f 1353//1057 1352//1057 1354//1057
f 1353//1058 1354//1058 1355//1058
f 1355//1058 1354//1058 1356//1058
f 1355//1059 1356//1059 1357//1059
f 1357//1059 1356//1059 1358//1059
f 1357//1060 1358//1060 1359//1060
f 1359//1060 1358//1060 1360//1060
f 1359//1061 1360//1061 1361//1061
f 1361//1062 1360//1062 1362//1062
f 1361//1063 1362//1063 1363//1063
f 1363//1064 1362//1064 1364//1064
f 1363//1065 1364//1065 1365//1065
f 1365//1065 1364//1065 1366//1065
f 1365//1066 1366//1066 1367//1066
f 1367//1066 1366//1066 1368//1066
f 1367//1067 1368//1067 1369//1067
f 1369//1067 1368//1067 1370//1067
f 1369//1068 1370//1068 1371//1068
f 1371//1068 1370//1068 1372//1068
f 1371//1069 1372//1069 1373//1069
f 1373//1069 1372//1069 1374//1069
f 1373//1070 1374//1070 1375//1070
f 1375//1070 1374//1070 1376//1070
f 1375//1071 1376//1071 1377//1071
f 1377//1071 1376//1071 1378//1071
f 1377//1072 1378//1072 1379//1072
f 1379//1072 1378//1072 1380//1072
f 1379//1073 1380//1073 1381//1073
f 1381//1073 1380//1073 1382//1073
f 1381//1074 1382//1074 1383//1074
f 1383//1074 1382//1074 1384//1074
f 1383//1075 1384//1075 1385//1075
f 1385//1075 1384//1075 1386//1075
f 1387//1076 1388//1076 1389//1076
f 1389//1076 1388//1076 1390//1076
f 1389//1077 1390//1077 1391//1077
f 1391//1077 1390//1077 1392//1077
f 1391//1078 1392//1078 1393//1078
f 1393//1078 1392//1078 1394//1078
f 1393//1079 1394//1079 1395//1079
f 1395//1079 1394//1079 1396//1079
f 1395//1080 1396//1080 1397//1080
f 1398//1081 1399//1081 1400//1081
f 1400//1081 1399//1081 1401//1081
f 1400//1082 1401//1082 1402//1082
f 1402//1082 1401//1082 1403//1082
f 1402//1083 1403//1083 1404//1083
f 1404//1083 1403//1083 1405//1083
f 1404//1084 1405//1084 1406//1084
f 1406//1084 1405//1084 1407//1084
f 1406//1085 1407//1085 1408//1085
f 1408//1086 1407//1086 1409//1086
f 1408//1087 1409//1087 1410//1087
f 1410//1088 1409//1088 1411//1088
f 1410//1089 1411//1089 1412//1089
f 1412//1089 1411//1089 1413//1089
f 1412//1090 1413//1090 1414//1090
f 1414//1090 1413//1090 1415//1090
f 1414//1091 1415//1091 1416//1091
f 1416//1091 1415//1091 1417//1091
f 1416//1092 1417//1092 1418//1092
f 1418//1092 1417//1092 1419//1092
f 1418//1093 1419//1093 1420//1093
f 1420//1093 1419//1093 1421//1093
f 1420//1094 1421//1094 1422//1094
f 1422//1094 1421//1094 1423//1094
f 1422//1095 1423//1095 1424//1095
f 1424//1095 1423//1095 1425//1095
f 1424//1096 1425//1096 1426//1096
f 1426//1096 1425//1096 1427//1096
f 1426//1097 1427//1097 1428//1097
f 1428//1097 1427//1097 1429//1097
f 1428//1098 1429//1098 1430//1098
f 1430//1098 1429//1098 1431//1098
f 1430//1099 1431//1099 1432//1099
f 1432//1099 1431//1099 1433//1099
f 1432//1100 1433//1100 1434//1100
f 1434//1100 1433//1100 1435//1100
f 1434//1101 1435//1101 1436//1101
f 1436//1101 1435//1101 1437//1101
f 1436//1102 1437//1102 1438//1102
f 1438//1102 1437//1102 1439//1102
f 1438//1103 1439//1103 1440//1103
f 1440//1103 1439//1103 1441//1103
f 1440//1104 1441//1104 1442//1104
f 1442//1104 1441//1104 1443//1104
f 1442//1105 1443//1105 1444//1105
f 1444//1106 1443//1106 1445//1106
f 1444//1107 1445//1107 1446//1107
f 1446//1108 1445//1108 1447//1108
f 1446//1109 1447//1109 1448//1109
f 1448//1109 1447//1109 1449//1109
f 1448//1110 1449//1110 1450//1110
f 1450//1110 1449//1110 1451//1110
f 1450//1111 1451//1111 1452//1111
f 1452//1111 1451//1111 1453//1111
f 1452//1112 1453//1112 1454//1112
f 1454//1112 1453//1112 1455//1112
f 1454//1113 1455//1113 1456//1113
f 1456//1113 1455//1113 1457//1113
f 1456//1114 1457//1114 1458//1114
f 1458//1114 1457//1114 1459//1114
f 1458//1115 1459//1115 1460//1115
f 1460//1115 1459//1115 1461//1115
f 1460//1116 1461//1116 1462//1116
f 1462//1116 1461//1116 1463//1116
f 1462//1117 1463//1117 1464//1117
f 1464//1117 1463//1117 1465//1117
f 1464//1118 1465//1118 1466//1118
f 1466//1118 1465//1118 1467//1118
f 1466//1119 1467//1119 1468//1119
f 1468//1119 1467//1119 1469//1119
f 1470//1120 1471//1120 1472//1120
f 1472//1120 1471//1120 1473//1120
f 1472//1121 1473//1121 1474//1121
f 1474//1121 1473//1121 1475//1121
f 1474//1122 1475//1122 1476//1122
f 1476//1122 1475//1122 1477//1122
f 1476//1123 1477//1123 1478//1123
f 1478//1123 1477//1123 1479//1123
f 1478//1124 1479//1124 1480//1124
f 1480//1124 1479//1124 1481//1124
f 1480//1125 1481//1125 1482//1125
f 1483//1126 1484//1126 1485//1126
f 1485//1126 1484//1126 1486//1126
f 1485//1127 1486//1127 1487//1127
f 1487//1127 1486//1127 1488//1127
f 1487//1128 1488//1128 1489//1128
f 1489//1128 1488//1128 1490//1128
f 1489//1129 1490//1129 1491//1129
f 1491//1129 1490//1129 1492//1129
f 1491//1130 1492//1130 1493//1130
f 1493//1131 1492//1131 1494//1131
f 1493//1132 1494//1132 1495//1132
f 1495//1133 1494//1133 1496//1133
f 1495//1134 1496//1134 1497//1134
f 1497//1134 1496//1134 1498//1134
f 1497//1135 1498//1135 1499//1135
f 1499//1135 1498//1135 1500//1135
f 1499//1136 1500//1136 1501//1136
f 1501//1136 1500//1136 1502//1136
f 1501//1137 1502//1137 1503//1137
f 1503//1137 1502//1137 1504//1137
f 1503//1138 1504//1138 1505//1138
f 1505//1138 1504//1138 1506//1138
f 1505//1139 1506//1139 1507//1139
f 1507//1139 1506//1139 1508//1139
f 1507//1140 1508//1140 1509//1140
f 1509//1140 1508//1140 1510//1140
f 1509//1141 1510//1141 1511//1141
f 1511//1141 1510//1141 1512//1141
f 1511//1142 1512//1142 1513//1142
f 1513//1142 1512//1142 1514//1142
f 1513//1143 1514//1143 1515//1143
f 1515//1143 1514//1143 1516//1143
f 1515//1144 1516//1144 1517//1144
f 1517//1144 1516//1144 1518//1144
f 1517//1145 1518//1145 1519//1145
f 1519//1145 1518//1145 1520//1145
f 1519//1146 1520//1146 1521//1146
f 1521//1146 1520//1146 1522//1146
f 1521//1147 1522//1147 1523//1147
f 1523//1147 1522//1147 1524//1147
f 1523//1148 1524//1148 1525//1148
f 1525//1148 1524//1148 1526//1148
f 1525//1149 1526//1149 1527//1149
f 1527//1149 1526//1149 1528//1149
f 1527//1150 1528//1150 1529//1150
f 1529//1151 1528//1151 1530//1151
f 1529//1152 1530//1152 1531//1152
f 1531//1153 1530//1153 1532//1153
f 1531//1154 1532//1154 1533//1154
f 1533//1154 1532//1154 1534//1154
f 1533//1155 1534//1155 1535//1155
f 1535//1155 1534//1155 1536//1155
f 1535//1156 1536//1156 1537//1156
f 1537//1156 1536//1156 1538//1156
f 1537//1157 1538//1157 1539//1157
f 1539//1157 1538//1157 1540//1157
f 1539//1158 1540//1158 1541//1158
f 1541//1158 1540//1158 1542//1158
f 1541//1159 1542//1159 1543//1159
f 1543//1159 1542//1159 1544//1159
f 1543//1160 1544//1160 1545//1160
f 1545//1160 1544//1160 1546//1160
f 1545//1161 1546//1161 1547//1161
f 1547//1161 1546//1161 1548//1161
f 1547//1162 1548//1162 1549//1162
f 1549//1162 1548//1162 1550//1162
f 1549//1163 1550//1163 1551//1163
f 1551//1163 1550//1163 1552//1163
f 1551//1164 1552//1164 1553//1164
f 1553//1164 1552//1164 1554//1164
f 1555//1165 1556//1165 1557//1165
f 1557//1165 1556//1165 1558//1165
f 1557//1166 1558//1166 1559//1166
f 1559//1166 1558//1166 1560//1166
f 1559//1167 1560//1167 1561//1167
f 1561//1167 1560//1167 1562//1167
f 1561//1168 1562//1168 1563//1168
f 1563//1168 1562//1168 1564//1168
f 1563//1169 1564//1169 1565//1169
f 1565//1169 1564//1169 1566//1169
f 1565//1170 1566//1170 1567//1170
f 1567//1170 1566//1170 1568//1170
f 1567//1171 1568//1171 1569//1171
f 1570//1172 1571//1172 1572//1172
f 1572//1172 1571//1172 1573//1172
f 1572//1173 1573//1173 1574//1173
f 1574//1173 1573//1173 1575//1173
f 1574//1174 1575//1174 1576//1174
f 1576//1174 1575//1174 1577//1174
f 1576//1175 1577//1175 1578//1175
f 1578//1175 1577//1175 1579//1175
f 1578//1176 1579//1176 1580//1176
f 1580//1177 1579//1177 1581//1177
f 1580//1178 1581//1178 1582//1178
f 1582//1179 1581//1179 1583//1179
f 1582//1180 1583//1180 1584//1180
f 1584//1180 1583//1180 1585//1180
f 1584//1181 1585//1181 1586//1181
f 1586//1181 1585//1181 1587//1181
f 1586//1182 1587//1182 1588//1182
f 1588//1182 1587//1182 1589//1182
f 1588//1183 1589//1183 1590//1183
f 1590//1183 1589//1183 1591//1183
f 1590//1184 1591//1184 1592//1184
f 1592//1184 1591//1184 1593//1184
f 1592//1185 1593//1185 1594//1185
f 1594//1185 1593//1185 1595//1185
f 1594//1186 1595//1186 1596//1186
f 1596//1186 1595//1186 1597//1186
f 1596//1187 1597//1187 1598//1187
f 1598//1187 1597//1187 1599//1187
f 1598//1188 1599//1188 1600//1188
f 1600//1188 1599//1188 1601//1188
f 1600//1189 1601//1189 1602//1189
f 1602//1189 1601//1189 1603//1189
f 1602//1190 1603//1190 1604//1190
f 1604//1190 1603//1190 1605//1190
f 1604//1191 1605//1191 1606//1191
f 1606//1191 1605//1191 1607//1191
f 1606//1192 1607//1192 1608//1192
f 1608//1192 1607//1192 1609//1192
f 1608//1193 1609//1193 1610//1193
f 1610//1193 1609//1193 1611//1193
f 1610//1194 1611//1194 1612//1194
f 1612//1194 1611//1194 1613//1194
f 1612//1195 1613//1195 1614//1195
f 1614//1195 1613//1195 1615//1195
f 1614//1196 1615//1196 1616//1196
f 1616//1197 1615//1197 1617//1197
f 1616//1198 1617//1198 1618//1198
f 1618//1199 1617//1199 1619//1199
f 1618//1200 1619//1200 1620//1200
f 1620//1200 1619//1200 1621//1200
f 1620//1201 1621//1201 1622//1201
f 1622//1201 1621//1201 1623//1201
f 1622//1202 1623//1202 1624//1202
f 1624//1202 1623//1202 1625//1202
f 1624//1203 1625//1203 1626//1203
f 1626//1203 1625//1203 1627//1203
f 1626//1204 1627//1204 1628//1204
f 1628//1204 1627//1204 1629//1204
f 1628//1205 1629//1205 1630//1205
f 1630//1205 1629//1205 1631//1205
f 1630//1206 1631//1206 1632//1206
f 1632//1206 1631//1206 1633//1206
f 1632//1207 1633//1207 1634//1207
f 1634//1207 1633//1207 1635//1207
f 1634//1208 1635//1208 1636//1208
f 1636//1208 1635//1208 1637//1208
f 1636//1209 1637//1209 1638//1209
f 1638//1209 1637//1209 1639//1209
f 1638//1210 1639//1210 1640//1210
f 1640//1210 1639//1210 1641//1210
f 1642//1211 1643//1211 1644//1211
f 1644//1211 1643//1211 1645//1211
f 1644//1212 1645//1212 1646//1212
f 1646//1212 1645//1212 1647//1212
f 1646//1213 1647//1213 1648//1213
f 1648//1213 1647//1213 1649//1213
f 1648//1214 1649//1214 1650//1214
f 1650//1214 1649//1214 1651//1214
f 1650//1215 1651//1215 1652//1215
f 1652//1215 1651//1215 1653//1215
f 1652//1216 1653//1216 1654//1216
f 1654//1216 1653//1216 1655//1216
f 1654//1217 1655//1217 1656//1217
f 1656//1217 1655//1217 1657//1217
f 1656//1218 1657//1218 1658//1218
f 1659//1219 1660//1219 1661//1219
f 1661//1219 1660//1219 1662//1219
f 1661//1220 1662//1220 1663//1220
f 1663//1220 1662//1220 1664//1220
f 1663//1221 1664//1221 1665//1221
f 1665//1221 1664//1221 1666//1221
f 1665//1222 1666//1222 1667//1222
f 1667//1222 1666//1222 1668//1222
f 1667//1223 1668//1223 1669//1223
f 1669//1224 1668//1224 1670//1224
f 1669//1225 1670//1225 1671//1225
f 1671//1226 1670//1226 1672//1226
f 1671//1227 1672//1227 1673//1227
f 1673//1227 1672//1227 1674//1227
f 1673//1228 1674//1228 1675//1228
f 1675//1228 1674//1228 1676//1228
f 1675//1229 1676//1229 1677//1229
f 1677//1229 1676//1229 1678//1229
f 1677//1230 1678//1230 1679//1230
f 1679//1230 1678//1230 1680//1230
f 1679//1231 1680//1231 1681//1231
f 1681//1231 1680//1231 1682//1231
f 1681//1232 1682//1232 1683//1232
f 1683//1232 1682//1232 1684//1232
f 1683//1233 1684//1233 1685//1233
f 1659//1234 1686//1234 1687//1234
f 1687//1234 1686//1234 1688//1234
f 1687//1235 1688//1235 1689//1235
f 1689//1235 1688//1235 1690//1235
f 1689//1236 1690//1236 1691//1236
f 1691//1236 1690//1236 1692//1236
f 1691//1237 1692//1237 1693//1237
f 1693//1237 1692//1237 1694//1237
f 1693//1238 1694//1238 1695//1238
f 1695//1238 1694//1238 1696//1238
f 1695//1239 1696//1239 1697//1239
f 1697//1239 1696//1239 1698//1239
f 1697//1240 1698//1240 1699//1240
f 1699//1240 1698//1240 1700//1240
f 1699//1241 1700//1241 1701//1241
f 1701//1241 1700//1241 1702//1241
f 1701//1242 1702//1242 1703//1242
f 1704//1243 1705//1243 1706//1243
f 1706//1243 1705//1243 1707//1243
f 1706//1244 1707//1244 1708//1244
f 1708//1244 1707//1244 1709//1244
f 1708//1245 1709//1245 1710//1245
f 1710//1245 1709//1245 1711//1245
f 1710//1246 1711//1246 1712//1246
f 1712//1246 1711//1246 1713//1246
f 1712//1247 1713//1247 1714//1247
f 1714//1248 1713//1248 1715//1248
f 1714//1249 1715//1249 1716//1249
f 1716//1250 1715//1250 1717//1250
f 1716//1251 1717//1251 1718//1251
f 1718//1251 1717//1251 1719//1251
f 1718//1252 1719//1252 1720//1252
f 1720//1252 1719//1252 1721//1252
f 1720//1253 1721//1253 1722//1253
f 1722//1253 1721//1253 1723//1253
f 1722//1254 1723//1254 1724//1254
f 1724//1254 1723//1254 1725//1254
f 1724//1255 1725//1255 1726//1255
f 1726//1255 1725//1255 1727//1255
f 1726//1256 1727//1256 1728//1256
f 1728//1256 1727//1256 1729//1256
f 1704//1257 1730//1257 1731//1257
f 1731//1257 1730//1257 1732//1257
f 1731//1258 1732//1258 1733//1258
f 1733//1258 1732//1258 1734//1258
f 1733//1259 1734//1259 1735//1259
f 1735//1259 1734//1259 1736//1259
f 1735//1260 1736//1260 1737//1260
f 1737//1260 1736//1260 1738//1260
f 1737//1261 1738//1261 1739//1261
f 1739//1261 1738//1261 1740//1261
f 1739//1262 1740//1262 1741//1262
f 1741//1262 1740//1262 1742//1262
f 1741//1263 1742//1263 1743//1263
f 1743//1263 1742//1263 1744//1263
f 1743//1264 1744//1264 1745//1264
f 1745//1264 1744//1264 1746//1264
f 1745//1265 1746//1265 1747//1265
f 1747//1265 1746//1265 1748//1265
f 1747//1266 1748//1266 1749//1266
f 1750//1267 1751//1267 1752//1267
f 1752//1267 1751//1267 1753//1267
f 1752//1268 1753//1268 1754//1268
f 1754//1268 1753//1268 1755//1268
f 1754//1269 1755//1269 1756//1269
f 1756//1269 1755//1269 1757//1269
f 1756//1270 1757//1270 1758//1270
f 1758//1270 1757//1270 1759//1270
f 1758//1271 1759//1271 1760//1271
f 1760//1272 1759//1272 1761//1272
f 1760//1273 1761//1273 1762//1273
f 1762//1274 1761//1274 1763//1274
f 1762//1275 1763//1275 1764//1275
f 1764//1275 1763//1275 1765//1275
f 1764//1276 1765//1276 1766//1276
f 1766//1276 1765//1276 1767//1276
f 1766//1277 1767//1277 1768//1277
f 1768//1277 1767//1277 1769//1277
f 1768//1278 1769//1278 1770//1278
f 1770//1278 1769//1278 1771//1278
f 1770//1279 1771//1279 1772//1279
f 1772//1279 1771//1279 1773//1279
f 1750//1280 1774//1280 1775//1280
f 1775//1280 1774//1280 1776//1280
f 1775//1281 1776//1281 1777//1281
f 1777//1281 1776//1281 1778//1281
f 1777//1282 1778//1282 1779//1282
f 1779//1282 1778//1282 1780//1282
f 1779//1283 1780//1283 1781//1283
f 1781//1283 1780//1283 1782//1283
f 1781//1284 1782//1284 1783//1284
f 1783//1284 1782//1284 1784//1284
f 1783//1285 1784//1285 1785//1285
f 1785//1285 1784//1285 1786//1285
f 1785//1286 1786//1286 1787//1286
f 1787//1286 1786//1286 1788//1286
f 1787//1287 1788//1287 1789//1287
f 1789//1287 1788//1287 1790//1287
f 1789//1288 1790//1288 1791//1288
f 1791//1288 1790//1288 1792//1288
f 1791//1289 1792//1289 1793//1289
f 1793//1290 1792//1290 1794//1290
f 1793//1291 1794//1291 1795//1291
f 1796//1292 1797//1292 1798//1292
f 1798//1292 1797//1292 1799//1292
f 1798//1293 1799//1293 1800//1293
f 1800//1293 1799//1293 1801//1293
f 1800//1294 1801//1294 1802//1294
f 1802//1294 1801//1294 1803//1294
f 1802//1295 1803//1295 1804//1295
f 1804//1295 1803//1295 1805//1295
f 1804//1296 1805//1296 1806//1296
f 1806//1297 1805//1297 1807//1297
f 1806//1298 1807//1298 1808//1298
f 1808//1299 1807//1299 1809//1299
f 1808//1300 1809//1300 1810//1300
f 1810//1300 1809//1300 1811//1300
f 1810//1301 1811//1301 1812//1301
f 1812//1301 1811//1301 1813//1301
f 1812//1302 1813//1302 1814//1302
f 1814//1302 1813//1302 1815//1302
f 1814//1303 1815//1303 1816//1303
f 1796//1304 1817//1304 1818//1304
f 1818//1304 1817//1304 1819//1304
f 1818//1305 1819//1305 1820//1305
f 1820//1305 1819//1305 1821//1305
f 1820//1306 1821//1306 1822//1306
f 1822//1306 1821//1306 1823//1306
f 1822//1307 1823//1307 1824//1307
f 1824//1307 1823//1307 1825//1307
f 1824//1308 1825//1308 1826//1308
f 1826//1308 1825//1308 1827//1308
f 1826//1309 1827//1309 1828//1309
f 1828//1309 1827//1309 1829//1309
f 1828//1310 1829//1310 1830//1310
f 1830//1310 1829//1310 1831//1310
f 1830//1311 1831//1311 1832//1311
f 1832//1311 1831//1311 1833//1311
f 1832//1312 1833//1312 1834//1312
f 1834//1312 1833//1312 1835//1312
f 1834//1313 1835//1313 1836//1313
f 1836//1314 1835//1314 1837//1314
f 1836//1315 1837//1315 1838//1315
f 1838//1316 1837//1316 1839//1316
f 1838//1317 1839//1317 1840//1317
f 1841//1318 1842//1318 1843//1318
f 1843//1318 1842//1318 1818//1318
f 1843//1319 1818//1319 1844//1319
f 1844//1319 1818//1319 1820//1319
f 1844//1320 1820//1320 1845//1320
f 1845//1320 1820//1320 1822//1320
f 1845//1321 1822//1321 1846//1321
f 1846//1321 1822//1321 1824//1321
f 1846//1322 1824//1322 1847//1322
f 1847//1322 1824//1322 1826//1322
f 1847//1323 1826//1323 1848//1323
f 1848//1323 1826//1323 1828//1323
f 1848//1324 1828//1324 1849//1324
f 1849//1324 1828//1324 1830//1324
f 1849//1325 1830//1325 1850//1325
f 1850//1325 1830//1325 1832//1325
f 1850//1326 1832//1326 1851//1326
f 1851//1326 1832//1326 1834//1326
f 1851//1327 1834//1327 1852//1327
f 1852//1328 1834//1328 1836//1328
f 1852//1329 1836//1329 1853//1329
f 1853//1330 1836//1330 1838//1330
f 1853//1331 1838//1331 1854//1331
f 1854//1331 1838//1331 1840//1331
f 1855//1332 1856//1332 1857//1332
f 1857//1332 1856//1332 1858//1332
f 1857//1333 1858//1333 1859//1333
f 1859//1333 1858//1333 1860//1333
f 1859//1334 1860//1334 1861//1334
f 1861//1334 1860//1334 1862//1334
f 1861//1335 1862//1335 1863//1335
f 1863//1335 1862//1335 1864//1335
f 1863//1336 1864//1336 1865//1336
f 1865//1336 1864//1336 1866//1336
f 1865//1337 1866//1337 1867//1337
f 1867//1337 1866//1337 1868//1337
f 1867//1338 1868//1338 1869//1338
f 1869//1338 1868//1338 1870//1338
f 1869//1339 1870//1339 1871//1339
f 1871//1339 1870//1339 1872//1339
f 1871//1340 1872//1340 1873//1340
f 1873//1340 1872//1340 1874//1340
f 1873//1341 1874//1341 1875//1341
f 1875//1341 1874//1341 1876//1341
f 1875//1342 1876//1342 1877//1342
f 1877//1342 1876//1342 1878//1342
f 1856//1343 1879//1343 1858//1343
f 1858//1343 1879//1343 1880//1343
f 1858//1344 1880//1344 1860//1344
f 1860//1344 1880//1344 1881//1344
f 1860//1345 1881//1345 1862//1345
f 1862//1345 1881//1345 1882//1345
f 1862//1346 1882//1346 1864//1346
f 1864//1346 1882//1346 1883//1346
f 1864//1347 1883//1347 1866//1347
f 1866//1347 1883//1347 1884//1347
f 1866//1348 1884//1348 1868//1348
f 1868//1348 1884//1348 1885//1348
f 1868//1349 1885//1349 1870//1349
f 1870//1349 1885//1349 1886//1349
f 1870//1350 1886//1350 1872//1350
f 1872//1350 1886//1350 1887//1350
f 1872//1351 1887//1351 1874//1351
f 1874//1351 1887//1351 1888//1351
f 1874//1352 1888//1352 1876//1352
f 1876//1352 1888//1352 1889//1352
f 1876//1353 1889//1353 1878//1353
f 1878//1353 1889//1353 1890//1353
f 1891//1354 1892//1354 1893//1354
f 1893//1354 1892//1354 1894//1354
f 1893//1355 1894//1355 1895//1355
f 1895//1355 1894//1355 1896//1355
f 1895//1356 1896//1356 1897//1356
f 1897//1356 1896//1356 1898//1356
f 1897//1357 1898//1357 1899//1357
f 1899//1357 1898//1357 1900//1357
f 1899//1358 1900//1358 1901//1358
f 1901//1358 1900//1358 1902//1358
f 1901//1359 1902//1359 1903//1359
f 1903//1359 1902//1359 1904//1359
f 1903//1360 1904//1360 1905//1360
f 1905//1360 1904//1360 1906//1360
f 1905//1361 1906//1361 1907//1361
f 1907//1361 1906//1361 1908//1361
f 1907//1362 1908//1362 1909//1362
f 1909//1362 1908//1362 1910//1362
f 1909//1363 1910//1363 1911//1363
f 1911//1363 1910//1363 1912//1363
f 1911//1364 1912//1364 1913//1364
f 1913//1364 1912//1364 1914//1364
f 1915//1365 1916//1365 1917//1365
f 1917//1365 1916//1365 1918//1365
f 1917//1366 1918//1366 1919//1366
f 1919//1366 1918//1366 1920//1366
f 1919//1367 1920//1367 1921//1367
f 1921//1367 1920//1367 1922//1367
f 1921//1368 1922//1368 1923//1368
f 1923//1368 1922//1368 1924//1368
f 1923//1369 1924//1369 1925//1369
f 1925//1369 1924//1369 1926//1369
f 1925//1370 1926//1370 1927//1370
f 1927//1370 1926//1370 1928//1370
f 1927//1371 1928//1371 1929//1371
f 1929//1371 1928//1371 1930//1371
f 1929//1372 1930//1372 1931//1372
f 1931//1372 1930//1372 1932//1372
f 1931//1373 1932//1373 1933//1373
f 1933//1373 1932//1373 1934//1373
f 1933//1374 1934//1374 1935//1374
f 1935//1374 1934//1374 1936//1374
f 1935//1375 1936//1375 1937//1375
f 1937//1375 1936//1375 1938//1375
f 1915//1376 1939//1376 1940//1376
f 1940//1376 1939//1376 1941//1376
f 1940//1377 1941//1377 1942//1377
f 1942//1377 1941//1377 1943//1377
f 1942//1378 1943//1378 1944//1378
f 1944//1378 1943//1378 1945//1378
f 1944//1379 1945//1379 1946//1379
f 1946//1379 1945//1379 1947//1379
f 1946//1380 1947//1380 1948//1380
f 1948//1380 1947//1380 1949//1380
f 1948//1381 1949//1381 1950//1381
f 1950//1381 1949//1381 1951//1381
f 1950//1382 1951//1382 1952//1382
f 1952//1382 1951//1382 1953//1382
f 1952//1383 1953//1383 1954//1383
f 1954//1383 1953//1383 1955//1383
f 1954//1384 1955//1384 1956//1384
f 1956//1384 1955//1384 1957//1384
f 1956//1385 1957//1385 1958//1385
f 1958//1385 1957//1385 1959//1385
f 1958//1386 1959//1386 1960//1386
f 1960//1386 1959//1386 1961//1386
f 1960//1387 1961//1387 1962//1387
f 1963//1388 1964//1388 1965//1388
f 1965//1388 1964//1388 1966//1388
f 1965//1389 1966//1389 1967//1389
f 1967//1389 1966//1389 1968//1389
f 1967//1390 1968//1390 1969//1390
f 1969//1390 1968//1390 1970//1390
f 1969//1391 1970//1391 1971//1391
f 1971//1391 1970//1391 1972//1391
f 1971//1392 1972//1392 1973//1392
f 1973//1392 1972//1392 1974//1392
f 1973//1393 1974//1393 1975//1393
f 1975//1393 1974//1393 1976//1393
f 1975//1394 1976//1394 1977//1394
f 1977//1394 1976//1394 1978//1394
f 1977//1395 1978//1395 1979//1395
f 1979//1395 1978//1395 1980//1395
f 1979//1396 1980//1396 1981//1396
f 1981//1396 1980//1396 1982//1396
f 1981//1397 1982//1397 1983//1397
f 1983//1397 1982//1397 1984//1397
f 1983//1398 1984//1398 1985//1398
f 1963//1399 1986//1399 1987//1399
f 1987//1399 1986//1399 1988//1399
f 1987//1400 1988//1400 1989//1400
f 1989//1400 1988//1400 1990//1400
f 1989//1401 1990//1401 1991//1401
f 1991//1401 1990//1401 1992//1401
f 1991//1402 1992//1402 1993//1402
f 1993//1402 1992//1402 1994//1402
f 1993//1403 1994//1403 1995//1403
f 1995//1403 1994//1403 1996//1403
f 1995//1404 1996//1404 1997//1404
f 1997//1404 1996//1404 1998//1404
f 1997//1405 1998//1405 1999//1405
f 1999//1405 1998//1405 2000//1405
f 1999//1406 2000//1406 2001//1406
f 2001//1406 2000//1406 2002//1406
f 2001//1407 2002//1407 2003//1407
f 2003//1407 2002//1407 2004//1407
f 2003//1408 2004//1408 2005//1408
f 2005//1408 2004//1408 2006//1408
f 2005//1409 2006//1409 2007//1409
f 2007//1409 2006//1409 2008//1409
f 2007//1410 2008//1410 2009//1410
f 2009//1410 2008//1410 2010//1410
f 2009//1411 2010//1411 2011//1411
f 2011//1411 2010//1411 2012//1411
f 2011//1412 2012//1412 2013//1412
f 2013//1412 2012//1412 2014//1412
f 2013//1413 2014//1413 2015//1413
f 2015//1413 2014//1413 2016//1413
f 2015//1414 2016//1414 2017//1414
f 2017//1414 2016//1414 2018//1414
f 2017//1415 2018//1415 2019//1415
f 2019//1415 2018//1415 2020//1415
f 2019//1416 2020//1416 2021//1416
f 2021//1416 2020//1416 2022//1416
f 2021//1417 2022//1417 2023//1417
f 2023//1417 2022//1417 2024//1417
f 2023//1418 2024//1418 2025//1418
f 2025//1418 2024//1418 2026//1418
f 2025//1419 2026//1419 2027//1419
f 2027//1419 2026//1419 2028//1419
f 2029//1420 2030//1420 2031//1420
f 2031//1420 2030//1420 2032//1420
f 2031//1421 2032//1421 2033//1421
f 2033//1421 2032//1421 2034//1421
f 2033//1422 2034//1422 2035//1422
f 2035//1422 2034//1422 2036//1422
f 2035//1423 2036//1423 2037//1423
f 2037//1423 2036//1423 2038//1423
f 2037//1424 2038//1424 2039//1424
f 2039//1424 2038//1424 2040//1424
f 2039//1425 2040//1425 2041//1425
f 2041//1425 2040//1425 2042//1425
f 2041//1426 2042//1426 2043//1426
f 2043//1426 2042//1426 2044//1426
f 2043//1427 2044//1427 2045//1427
f 2045//1427 2044//1427 2046//1427
f 2045//1428 2046//1428 2047//1428
f 2047//1428 2046//1428 2048//1428
f 2047//1429 2048//1429 2049//1429
f 2029//1430 2050//1430 2051//1430
f 2051//1430 2050//1430 2052//1430
f 2051//1431 2052//1431 2053//1431
f 2053//1431 2052//1431 2054//1431
f 2053//1432 2054//1432 2055//1432
f 2055//1432 2054//1432 2056//1432
f 2055//1433 2056//1433 2057//1433
f 2057//1433 2056//1433 2058//1433
f 2057//1434 2058//1434 2059//1434
f 2059//1434 2058//1434 2060//1434
f 2059//1435 2060//1435 2061//1435
f 2061//1435 2060//1435 2062//1435
f 2061//1436 2062//1436 2063//1436
f 2063//1436 2062//1436 2064//1436
f 2063//1437 2064//1437 2065//1437
f 2065//1437 2064//1437 2066//1437
f 2065//1438 2066//1438 2067//1438
f 2067//1438 2066//1438 2068//1438
f 2067//1439 2068//1439 2069//1439
f 2069//1439 2068//1439 2070//1439
f 2069//1440 2070//1440 2071//1440
f 2071//1440 2070//1440 2072//1440
f 2071//1441 2072//1441 2073//1441
f 2073//1441 2072//1441 2074//1441
f 2073//1442 2074//1442 2075//1442
f 2075//1442 2074//1442 2076//1442
f 2075//1443 2076//1443 2077//1443
f 2077//1443 2076//1443 2078//1443
f 2077//1444 2078//1444 2079//1444
f 2079//1444 2078//1444 2080//1444
f 2079//1445 2080//1445 2081//1445
f 2081//1445 2080//1445 2082//1445
f 2081//1446 2082//1446 2083//1446
f 2083//1446 2082//1446 2084//1446
f 2083//1447 2084//1447 2085//1447
f 2085//1447 2084//1447 2086//1447
f 2085//1448 2086//1448 2087//1448
f 2087//1448 2086//1448 2088//1448
f 2087//1449 2088//1449 2089//1449
f 2089//1449 2088//1449 2090//1449
f 2089//1450 2090//1450 2091//1450
f 2091//1450 2090//1450 2092//1450
f 2093//1451 2094//1451 2095//1451
f 2095//1451 2094//1451 2096//1451
f 2095//1452 2096//1452 2097//1452
f 2097//1452 2096//1452 2098//1452
f 2097//1453 2098//1453 2099//1453
f 2099//1453 2098//1453 2100//1453
f 2099//1454 2100//1454 2101//1454
f 2101//1454 2100//1454 2102//1454
f 2101//1455 2102//1455 2103//1455
f 2103//1455 2102//1455 2104//1455
f 2103//1456 2104//1456 2105//1456
f 2105//1456 2104//1456 2106//1456
f 2105//1457 2106//1457 2107//1457
f 2107//1457 2106//1457 2108//1457
f 2107//1458 2108//1458 2109//1458
f 2109//1458 2108//1458 2110//1458
f 2109//1459 2110//1459 2111//1459
f 2093//1460 2112//1460 2113//1460
f 2113//1460 2112//1460 2114//1460
f 2113//1461 2114//1461 2115//1461
f 2115//1461 2114//1461 2116//1461
f 2115//1462 2116//1462 2117//1462
f 2117//1462 2116//1462 2118//1462
f 2117//1463 2118//1463 2119//1463
f 2119//1463 2118//1463 2120//1463
f 2119//1464 2120//1464 2121//1464
f 2121//1464 2120//1464 2122//1464
f 2121//1465 2122//1465 2123//1465
f 2123//1465 2122//1465 2124//1465
f 2123//1466 2124//1466 2125//1466
f 2125//1466 2124//1466 2126//1466
f 2125//1467 2126//1467 2127//1467
f 2127//1467 2126//1467 2128//1467
f 2127//1468 2128//1468 2129//1468
f 2129//1468 2128//1468 2130//1468
f 2129//1469 2130//1469 2131//1469
f 2131//1469 2130//1469 2132//1469
f 2131//1470 2132//1470 2133//1470
f 2133//1470 2132//1470 2134//1470
f 2133//1471 2134//1471 2135//1471
f 2135//1471 2134//1471 2136//1471
f 2135//1472 2136//1472 2137//1472
f 2137//1472 2136//1472 2138//1472
f 2137//1473 2138//1473 2139//1473
f 2139//1473 2138//1473 2140//1473
f 2139//1474 2140//1474 2141//1474
f 2141//1474 2140//1474 2142//1474
f 2141//1475 2142//1475 2143//1475
f 2143//1475 2142//1475 2144//1475
f 2143//1476 2144//1476 2145//1476
f 2145//1476 2144//1476 2146//1476
f 2145//1477 2146//1477 2147//1477
f 2147//1477 2146//1477 2148//1477
f 2147//1478 2148//1478 2149//1478
f 2149//1478 2148//1478 2150//1478
f 2149//1479 2150//1479 2151//1479
f 2151//1479 2150//1479 2152//1479
f 2151//1480 2152//1480 2153//1480
f 2153//1480 2152//1480 2154//1480
f 2155//1481 2156//1481 2157//1481
f 2157//1481 2156//1481 2158//1481
f 2157//1482 2158//1482 2159//1482
f 2159//1482 2158//1482 2160//1482
f 2159//1483 2160//1483 2161//1483
f 2161//1483 2160//1483 2162//1483
f 2161//1484 2162//1484 2163//1484
f 2163//1484 2162//1484 2164//1484
f 2163//1485 2164//1485 2165//1485
f 2165//1485 2164//1485 2166//1485
f 2165//1486 2166//1486 2167//1486
f 2167//1486 2166//1486 2168//1486
f 2167//1487 2168//1487 2169//1487
f 2169//1487 2168//1487 2170//1487
f 2169//1488 2170//1488 2171//1488
f 2155//1489 2172//1489 2173//1489
f 2173//1489 2172//1489 2174//1489
f 2173//1490 2174//1490 2175//1490
f 2175//1490 2174//1490 2176//1490
f 2175//1491 2176//1491 2177//1491
f 2177//1491 2176//1491 2178//1491
f 2177//1492 2178//1492 2179//1492
f 2179//1492 2178//1492 2180//1492
f 2179//1493 2180//1493 2181//1493
f 2181//1493 2180//1493 2182//1493
f 2181//1494 2182//1494 2183//1494
f 2183//1494 2182//1494 2184//1494
f 2183//1495 2184//1495 2185//1495
f 2185//1495 2184//1495 2186//1495
f 2185//1496 2186//1496 2187//1496
f 2187//1496 2186//1496 2188//1496
f 2187//1497 2188//1497 2189//1497
f 2189//1497 2188//1497 2190//1497
f 2189//1498 2190//1498 2191//1498
f 2191//1498 2190//1498 2192//1498
f 2191//1499 2192//1499 2193//1499
f 2193//1499 2192//1499 2194//1499
f 2193//1500 2194//1500 2195//1500
f 2195//1500 2194//1500 2196//1500
f 2195//1501 2196//1501 2197//1501
f 2197//1501 2196//1501 2198//1501
f 2197//1502 2198//1502 2199//1502
f 2199//1502 2198//1502 2200//1502
f 2199//1503 2200//1503 2201//1503
f 2201//1503 2200//1503 2202//1503
f 2201//1504 2202//1504 2203//1504
f 2203//1504 2202//1504 2204//1504
f 2203//1505 2204//1505 2205//1505
f 2205//1505 2204//1505 2206//1505
f 2205//1506 2206//1506 2207//1506
f 2207//1506 2206//1506 2208//1506
f 2207//1507 2208//1507 2209//1507
f 2209//1507 2208//1507 2210//1507
f 2209//1508 2210//1508 2211//1508
f 2211//1508 2210//1508 2212//1508
f 2211//1509 2212//1509 2213//1509
f 2213//1509 2212//1509 2214//1509
f 2215//1510 2216//1510 2217//1510
f 2217//1510 2216//1510 2218//1510
f 2217//1511 2218//1511 2219//1511
f 2219//1511 2218//1511 2220//1511
f 2219//1512 2220//1512 2221//1512
f 2221//1512 2220//1512 2222//1512
f 2221//1513 2222//1513 2223//1513
f 2223//1513 2222//1513 2224//1513
f 2223//1514 2224//1514 2225//1514
f 2225//1514 2224//1514 2226//1514
f 2225//1515 2226//1515 2227//1515
f 2227//1515 2226//1515 2228//1515
f 2227//1516 2228//1516 2229//1516
f 2215//1517 2230//1517 2231//1517
f 2231//1517 2230//1517 2232//1517
f 2231//1518 2232//1518 2233//1518
f 2233//1518 2232//1518 2234//1518
f 2233//1519 2234//1519 2235//1519
f 2235//1519 2234//1519 2236//1519
f 2235//1520 2236//1520 2237//1520
f 2237//1520 2236//1520 2238//1520
f 2237//1521 2238//1521 2239//1521
f 2239//1521 2238//1521 2240//1521
f 2239//1522 2240//1522 2241//1522
f 2241//1522 2240//1522 2242//1522
f 2241//1523 2242//1523 2243//1523
f 2243//1523 2242//1523 2244//1523
f 2243//1524 2244//1524 2245//1524
f 2245//1524 2244//1524 2246//1524
f 2245//1525 2246//1525 2247//1525
f 2247//1525 2246//1525 2248//1525
f 2247//1526 2248//1526 2249//1526
f 2249//1526 2248//1526 2250//1526
f 2249//1527 2250//1527 2251//1527
f 2251//1527 2250//1527 2252//1527
f 2251//1528 2252//1528 2253//1528
f 2253//1528 2252//1528 2254//1528
f 2253//1529 2254//1529 2255//1529
f 2255//1529 2254//1529 2256//1529
f 2255//1530 2256//1530 2257//1530
f 2257//1530 2256//1530 2258//1530
f 2257//1531 2258//1531 2259//1531
f 2259//1531 2258//1531 2260//1531
f 2259//1532 2260//1532 2261//1532
f 2261//1532 2260//1532 2262//1532
f 2261//1533 2262//1533 2263//1533
f 2263//1533 2262//1533 2264//1533
f 2263//1534 2264//1534 2265//1534
f 2265//1534 2264//1534 2266//1534
f 2265//1535 2266//1535 2267//1535
f 2267//1535 2266//1535 2268//1535
f 2267//1536 2268//1536 2269//1536
f 2269//1536 2268//1536 2270//1536
f 2269//1537 2270//1537 2271//1537
f 2271//1537 2270//1537 2272//1537
f 2273//1538 2274//1538 2275//1538
f 2275//1538 2274//1538 2276//1538
f 2275//1539 2276//1539 2277//1539
f 2277//1539 2276//1539 2278//1539
f 2277//1540 2278//1540 2279//1540
f 2279//1540 2278//1540 2280//1540
f 2279//1541 2280//1541 2281//1541
f 2281//1541 2280//1541 2282//1541
f 2281//1542 2282//1542 2283//1542
f 2283//1542 2282//1542 2284//1542
f 2283//1543 2284//1543 2285//1543
f 2273//1544 2286//1544 2287//1544
f 2287//1544 2286//1544 2288//1544
f 2287//1545 2288//1545 2289//1545
f 2289//1545 2288//1545 2290//1545
f 2289//1546 2290//1546 2291//1546
f 2291//1546 2290//1546 2292//1546
f 2291//1547 2292//1547 2293//1547
f 2293//1547 2292//1547 2294//1547
f 2293//1548 2294//1548 2295//1548
f 2295//1548 2294//1548 2296//1548
f 2295//1549 2296//1549 2297//1549
f 2297//1549 2296//1549 2298//1549
f 2297//1550 2298//1550 2299//1550
f 2299//1550 2298//1550 2300//1550
f 2299//1551 2300//1551 2301//1551
f 2301//1551 2300//1551 2302//1551
f 2301//1552 2302//1552 2303//1552
f 2303//1552 2302//1552 2304//1552
f 2303//1553 2304//1553 2305//1553
f 2305//1553 2304//1553 2306//1553
f 2305//1554 2306//1554 2307//1554
f 2307//1554 2306//1554 2308//1554
f 2307//1555 2308//1555 2309//1555
f 2309//1555 2308//1555 2310//1555
f 2309//1556 2310//1556 2311//1556
f 2311//1556 2310//1556 2312//1556
f 2311//1557 2312//1557 2313//1557
f 2313//1557 2312//1557 2314//1557
f 2313//1558 2314//1558 2315//1558
f 2315//1558 2314//1558 2316//1558
f 2315//1559 2316//1559 2317//1559
f 2317//1559 2316//1559 2318//1559
f 2317//1560 2318//1560 2319//1560
f 2319//1560 2318//1560 2320//1560
f 2319//1561 2320//1561 2321//1561
f 2321//1561 2320//1561 2322//1561
f 2321//1562 2322//1562 2323//1562
f 2323//1562 2322//1562 2324//1562
f 2323//1563 2324//1563 2325//1563
f 2325//1563 2324//1563 2326//1563
f 2325//1564 2326//1564 2327//1564
f 2327//1564 2326//1564 2328//1564
f 2329//1565 2330//1565 2331//1565
f 2331//1565 2330//1565 2332//1565
f 2331//1566 2332//1566 2333//1566
f 2333//1566 2332//1566 2334//1566
f 2333//1567 2334//1567 2335//1567
f 2335//1567 2334//1567 2336//1567
f 2335//1568 2336//1568 2337//1568
f 2337//1568 2336//1568 2338//1568
f 2337//1569 2338//1569 2339//1569
f 2329//1570 2340//1570 2341//1570
f 2341//1570 2340//1570 2342//1570
f 2341//1571 2342//1571 2343//1571
f 2343//1571 2342//1571 2344//1571
f 2343//1572 2344//1572 2345//1572
f 2345//1572 2344//1572 2346//1572
f 2345//1573 2346//1573 2347//1573
f 2347//1573 2346//1573 2348//1573
f 2347//1574 2348//1574 2349//1574
f 2349//1574 2348//1574 2350//1574
f 2349//1575 2350//1575 2351//1575
f 2351//1575 2350//1575 2352//1575
f 2351//1576 2352//1576 2353//1576
f 2353//1576 2352//1576 2354//1576
f 2353//1577 2354//1577 2355//1577
f 2355//1577 2354//1577 2356//1577
f 2355//1578 2356//1578 2357//1578
f 2357//1578 2356//1578 2358//1578
f 2357//1579 2358//1579 2359//1579
f 2359//1579 2358//1579 2360//1579
f 2359//1580 2360//1580 2361//1580
f 2361//1580 2360//1580 2362//1580
f 2361//1581 2362//1581 2363//1581
f 2363//1581 2362//1581 2364//1581
f 2363//1582 2364//1582 2365//1582
f 2365//1582 2364//1582 2366//1582
f 2365//1583 2366//1583 2367//1583
f 2367//1583 2366//1583 2368//1583
f 2367//1584 2368//1584 2369//1584
f 2369//1584 2368//1584 2370//1584
f 2369//1585 2370//1585 2371//1585
f 2371//1585 2370//1585 2372//1585
f 2371//1586 2372//1586 2373//1586
f 2373//1586 2372//1586 2374//1586
f 2373//1587 2374//1587 2375//1587
f 2375//1587 2374//1587 2376//1587
f 2375//1588 2376//1588 2377//1588
f 2377//1588 2376//1588 2378//1588
f 2377//1589 2378//1589 2379//1589
f 2379//1589 2378//1589 2380//1589
f 2379//1590 2380//1590 2381//1590
f 2381//1590 2380//1590 2382//1590
f 2383//1591 2384//1591 2385//1591
f 2385//1591 2384//1591 2386//1591
f 2385//1592 2386//1592 2387//1592
f 2387//1592 2386//1592 2388//1592
f 2387//1593 2388//1593 2389//1593
f 2389//1593 2388//1593 2390//1593
f 2389//1594 2390//1594 2391//1594
f 2391//1594 2390//1594 2392//1594
f 2391//1595 2392//1595 2393//1595
f 2393//1595 2392//1595 2394//1595
f 2393//1596 2394//1596 2395//1596
f 2395//1596 2394//1596 2396//1596
f 2395//1597 2396//1597 2397//1597
f 2397//1597 2396//1597 2398//1597
f 2397//1598 2398//1598 2399//1598
f 2399//1598 2398//1598 2400//1598
f 2399//1599 2400//1599 2401//1599
f 2401//1599 2400//1599 2402//1599
f 2401//1600 2402//1600 2403//1600
f 2403//1600 2402//1600 2404//1600
f 2403//1601 2404//1601 2405//1601
f 2405//1601 2404//1601 2406//1601
f 2405//1602 2406//1602 2407//1602
f 2407//1602 2406//1602 2408//1602
f 2407//1603 2408//1603 2409//1603
f 2409//1603 2408//1603 2410//1603
f 2409//1604 2410//1604 2411//1604
f 2411//1604 2410//1604 2412//1604
f 2411//1605 2412//1605 2413//1605
f 2413//1605 2412//1605 2414//1605
f 2413//1606 2414//1606 2415//1606
f 2415//1606 2414//1606 2416//1606
f 2415//1607 2416//1607 2417//1607
f 2417//1607 2416//1607 2418//1607
f 2417//1608 2418//1608 2419//1608
f 2419//1608 2418//1608 2420//1608
f 2419//1609 2420//1609 2421//1609
f 2421//1609 2420//1609 2422//1609
f 2421//1610 2422//1610 2423//1610
f 2423//1610 2422//1610 2424//1610
f 2423//1611 2424//1611 2425//1611
f 2425//1611 2424//1611 2426//1611
f 2427//1612 2428//1612 2429//1612
f 2429//1613 2428//1613 2428//1613
f 2429//1614 2430//1614 2430//1614
f 2430//1615 2430//1615 2431//1615
f 2430//1616 2431//1616 2432//1616
f 2432//1616 2431//1616 2433//1616
f 2432//1617 2433//1617 2434//1617
f 2434//1617 2433//1617 2435//1617
f 2434//1618 2435//1618 2436//1618
f 2436//1618 2435//1618 2437//1618
f 2436//1619 2437//1619 2438//1619
f 2438//1619 2437//1619 2439//1619
f 2438//1620 2439//1620 2440//1620
f 2440//1620 2439//1620 2441//1620
f 2440//1621 2441//1621 2442//1621
f 2442//1621 2441//1621 2443//1621
f 2442//1622 2443//1622 2444//1622
f 2444//1622 2443//1622 2445//1622
f 2444//1623 2445//1623 2446//1623
f 2446//1623 2445//1623 2447//1623
f 2446//1624 2447//1624 2448//1624
f 2448//1624 2447//1624 2449//1624
f 2448//1625 2449//1625 2450//1625
f 2450//1625 2449//1625 2451//1625
f 2450//1626 2451//1626 2452//1626
f 2452//1626 2451//1626 2453//1626
f 2452//1627 2453//1627 2454//1627
f 2454//1627 2453//1627 2455//1627
f 2454//1628 2455//1628 2456//1628
f 2456//1628 2455//1628 2457//1628
f 2456//1629 2457//1629 2458//1629
f 2458//1629 2457//1629 2459//1629
f 2458//1630 2459//1630 2460//1630
f 2460//1630 2459//1630 2461//1630
f 2460//1631 2461//1631 2462//1631
f 2463//1632 2464//1632 2465//1632
f 2465//1633 2464//1633 2466//1633
f 2465//1634 2466//1634 2467//1634
f 2467//1634 2466//1634 2468//1634
f 2467//1635 2468//1635 2469//1635
f 2469//1635 2468//1635 2470//1635
f 2469//1636 2470//1636 2471//1636
f 2471//1636 2470//1636 2472//1636
f 2471//1637 2472//1637 2473//1637
f 2473//1637 2472//1637 2474//1637
f 2473//1638 2474//1638 2475//1638
f 2475//1638 2474//1638 2476//1638
f 2475//1639 2476//1639 2477//1639
f 2477//1639 2476//1639 2478//1639
f 2477//1640 2478//1640 2479//1640
f 2479//1640 2478//1640 2480//1640
f 2479//1641 2480//1641 2481//1641
f 2481//1641 2480//1641 2482//1641
f 2481//1642 2482//1642 2483//1642
f 2483//1642 2482//1642 2484//1642
f 2483//1643 2484//1643 2485//1643
f 2485//1643 2484//1643 2486//1643
f 2485//1644 2486//1644 2487//1644
f 2487//1644 2486//1644 2488//1644
f 2463//1645 2489//1645 2490//1645
f 2490//1646 2489//1646 2491//1646
f 2490//1647 2491//1647 2492//1647
f 2492//1647 2491//1647 2493//1647
f 2492//1648 2493//1648 2494//1648
f 2494//1648 2493//1648 2495//1648
f 2494//1649 2495//1649 2496//1649
f 2496//1649 2495//1649 2497//1649
f 2496//1650 2497//1650 2498//1650
f 2498//1650 2497//1650 2499//1650
f 2498//1651 2499//1651 2500//1651
f 2500//1651 2499//1651 2501//1651
f 2500//1652 2501//1652 2502//1652
f 2502//1652 2501//1652 2503//1652
f 2502//1653 2503//1653 2504//1653
f 2504//1653 2503//1653 2505//1653
f 2504//1654 2505//1654 2506//1654
f 2506//1654 2505//1654 2507//1654
f 2506//1655 2507//1655 2508//1655
f 2508//1655 2507//1655 2509//1655
f 2508//1656 2509//1656 2510//1656
f 2510//1656 2509//1656 2511//1656
f 2510//1657 2511//1657 2512//1657
f 2512//1657 2511//1657 2513//1657
f 2512//1658 2513//1658 2514//1658
f 2514//1658 2513//1658 2515//1658
f 2514//1659 2515//1659 2516//1659
f 2516//1659 2515//1659 2517//1659
f 2516//1660 2517//1660 2518//1660
f 2518//1660 2517//1660 2519//1660
f 2518//1661 2519//1661 2520//1661
f 2520//1661 2519//1661 2521//1661
f 2520//1662 2521//1662 2522//1662
f 2522//1662 2521//1662 2523//1662
f 2522//1663 2523//1663 2524//1663
f 2524//1664 2523//1664 2525//1664
f 2524//1665 2525//1665 2526//1665
f 2526//1666 2525//1666 2527//1666
f 2526//1667 2527//1667 2528//1667
f 2528//1667 2527//1667 2529//1667
f 2528//1668 2529//1668 2530//1668
f 2530//1668 2529//1668 2531//1668
f 2530//1669 2531//1669 2532//1669
f 2532//1669 2531//1669 2533//1669
f 2532//1670 2533//1670 2534//1670
f 2534//1670 2533//1670 2535//1670
f 2534//1671 2535//1671 2536//1671
f 2536//1671 2535//1671 2537//1671
f 2536//1672 2537//1672 2538//1672
f 2538//1672 2537//1672 2539//1672
f 2538//1673 2539//1673 2540//1673
f 2540//1673 2539//1673 2541//1673
f 2540//1674 2541//1674 2542//1674
f 2542//1674 2541//1674 2543//1674
f 2542//1675 2543//1675 2544//1675
f 2544//1675 2543//1675 2545//1675
f 2544//1676 2545//1676 2546//1676
f 2546//1676 2545//1676 2547//1676
f 2546//1677 2547//1677 2548//1677
f 2548//1677 2547//1677 2549//1677
f 2550//1678 2551//1678 2552//1678
f 2553//1679 2551//1679 2554//1679
f 2555//1680 2551//1680 2556//1680
f 2556//1681 2551//1681 2557//1681
f 2558//1682 2551//1682 2559//1682
f 2560//1683 2561//1683 2562//1683
f 2562//1683 2561//1683 2563//1683
f 2562//1684 2563//1684 2564//1684
f 2564//1684 2563//1684 2565//1684
f 2564//1685 2565//1685 2566//1685
f 2566//1685 2565//1685 2567//1685
f 2566//1686 2567//1686 2568//1686
f 2568//1686 2567//1686 2569//1686
f 2568//1687 2569//1687 2570//1687
f 2570//1687 2569//1687 2571//1687
f 2570//1688 2571//1688 2572//1688
f 2572//1688 2571//1688 2573//1688
f 2572//1689 2573//1689 2574//1689
f 2574//1689 2573//1689 2575//1689
f 2574//1690 2575//1690 2576//1690
f 2576//1690 2575//1690 2577//1690
f 2576//1691 2577//1691 2578//1691
f 2578//1691 2577//1691 2579//1691
f 2578//1692 2579//1692 2580//1692
f 2580//1692 2579//1692 2581//1692
f 2580//1693 2581//1693 2582//1693
f 2582//1693 2581//1693 2583//1693
f 2582//1694 2583//1694 2584//1694
f 2561//1695 2585//1695 2563//1695
f 2563//1695 2585//1695 2586//1695
f 2563//1696 2586//1696 2565//1696
f 2565//1696 2586//1696 2587//1696
f 2565//1697 2587//1697 2567//1697
f 2567//1697 2587//1697 2588//1697
f 2567//1698 2588//1698 2569//1698
f 2569//1698 2588//1698 2589//1698
f 2569//1699 2589//1699 2571//1699
f 2571//1699 2589//1699 2590//1699
f 2571//1700 2590//1700 2573//1700
f 2573//1700 2590//1700 2591//1700
f 2573//1701 2591//1701 2575//1701
f 2575//1701 2591//1701 2592//1701
f 2575//1702 2592//1702 2577//1702
f 2577//1702 2592//1702 2593//1702
f 2577//1703 2593//1703 2579//1703
f 2579//1703 2593//1703 2594//1703
f 2579//1704 2594//1704 2581//1704
f 2581//1704 2594//1704 2595//1704
f 2581//1705 2595//1705 2583//1705
f 2596//1706 2597//1706 2598//1706
f 2598//1706 2597//1706 2599//1706
f 2598//1707 2599//1707 2600//1707
f 2600//1707 2599//1707 2601//1707
f 2600//1708 2601//1708 2602//1708
f 2602//1708 2601//1708 2603//1708
f 2602//1709 2603//1709 2604//1709
f 2604//1709 2603//1709 2605//1709
f 2604//1710 2605//1710 2606//1710
f 2606//1710 2605//1710 2607//1710
f 2606//1711 2607//1711 2608//1711
f 2608//1711 2607//1711 2609//1711
f 2608//1712 2609//1712 2610//1712
f 2610//1712 2609//1712 2611//1712
f 2610//1713 2611//1713 2612//1713
f 2612//1713 2611//1713 2613//1713
f 2612//1714 2613//1714 2614//1714
f 2614//1714 2613//1714 2615//1714
f 2614//1715 2615//1715 2616//1715
f 2616//1715 2615//1715 2617//1715
f 2616//1716 2617//1716 2618//1716
f 2618//1716 2617//1716 2619//1716
f 2618//1717 2619//1717 2620//1717
f 2620//1717 2619//1717 2621//1717
f 2620//1718 2621//1718 2622//1718
f 2622//1718 2621//1718 2623//1718
f 2622//1719 2623//1719 2624//1719
f 2624//1719 2623//1719 2625//1719
f 2624//1720 2625//1720 2626//1720
f 2626//1720 2625//1720 2627//1720
f 2626//1721 2627//1721 2628//1721
f 2628//1721 2627//1721 2629//1721
f 2628//1722 2629//1722 2630//1722
f 2630//1722 2629//1722 2631//1722
f 2632//1723 2633//1723 2634//1723
f 2634//1723 2633//1723 2635//1723
f 2634//1724 2635//1724 2636//1724
f 2636//1724 2635//1724 2637//1724
f 2636//1725 2637//1725 2638//1725
f 2638//1725 2637//1725 2639//1725
f 2638//1726 2639//1726 2640//1726
f 2640//1726 2639//1726 2641//1726
f 2640//1727 2641//1727 2642//1727
f 2642//1727 2641//1727 2643//1727
f 2642//1728 2643//1728 2644//1728
f 2644//1728 2643//1728 2645//1728
f 2644//1729 2645//1729 2646//1729
f 2646//1729 2645//1729 2647//1729
f 2646//1730 2647//1730 2648//1730
f 2648//1730 2647//1730 2649//1730
f 2648//1731 2649//1731 2650//1731
f 2650//1731 2649//1731 2651//1731
f 2650//1732 2651//1732 2652//1732
f 2632//1733 2653//1733 2654//1733
f 2654//1733 2653//1733 2655//1733
f 2654//1734 2655//1734 2656//1734
f 2656//1734 2655//1734 2657//1734
f 2656//1735 2657//1735 2658//1735
f 2658//1735 2657//1735 2659//1735
f 2658//1736 2659//1736 2660//1736
f 2660//1736 2659//1736 2661//1736
f 2660//1737 2661//1737 2662//1737
f 2662//1737 2661//1737 2663//1737
f 2662//1738 2663//1738 2664//1738
f 2664//1738 2663//1738 2665//1738
f 2664//1739 2665//1739 2666//1739
f 2666//1739 2665//1739 2667//1739
f 2666//1740 2667//1740 2668//1740
f 2668//1740 2667//1740 2669//1740
f 2668//1741 2669//1741 2670//1741
f 2670//1741 2669//1741 2671//1741
f 2670//1742 2671//1742 2672//1742
f 2672//1742 2671//1742 2673//1742
f 2672//1743 2673//1743 2674//1743
f 2674//1743 2673//1743 2675//1743
f 2674//1744 2675//1744 2676//1744
f 2676//1744 2675//1744 2677//1744
f 2676//1745 2677//1745 2678//1745
f 2678//1745 2677//1745 2679//1745
f 2678//1746 2679//1746 2680//1746
f 2680//1746 2679//1746 2681//1746
f 2680//1747 2681//1747 2682//1747
f 2682//1747 2681//1747 2683//1747
f 2682//1748 2683//1748 2684//1748
f 2684//1748 2683//1748 2685//1748
f 2684//1749 2685//1749 2686//1749
f 2686//1749 2685//1749 2687//1749
f 2688//1750 2689//1750 2690//1750
f 2690//1750 2689//1750 2691//1750
f 2690//1751 2691//1751 2692//1751
f 2692//1751 2691//1751 2693//1751
f 2692//1752 2693//1752 2694//1752
f 2694//1752 2693//1752 2695//1752
f 2694//1753 2695//1753 2696//1753
f 2696//1753 2695//1753 2697//1753
f 2696//1754 2697//1754 2698//1754
f 2698//1754 2697//1754 2699//1754
f 2698//1755 2699//1755 2700//1755
f 2700//1755 2699//1755 2701//1755
f 2700//1756 2701//1756 2702//1756
f 2702//1756 2701//1756 2703//1756
f 2702//1757 2703//1757 2704//1757
f 2704//1757 2703//1757 2705//1757
f 2704//1758 2705//1758 2706//1758
f 2688//1759 2707//1759 2708//1759
f 2708//1759 2707//1759 2709//1759
f 2708//1760 2709//1760 2710//1760
f 2710//1760 2709//1760 2711//1760
f 2710//1761 2711//1761 2712//1761
f 2712//1761 2711//1761 2713//1761
f 2712//1762 2713//1762 2714//1762
f 2714//1762 2713//1762 2715//1762
f 2714//1763 2715//1763 2716//1763
f 2716//1763 2715//1763 2717//1763
f 2716//1764 2717//1764 2718//1764
f 2718//1764 2717//1764 2719//1764
f 2718//1765 2719//1765 2720//1765
f 2720//1765 2719//1765 2721//1765
f 2720//1766 2721//1766 2722//1766
f 2722//1766 2721//1766 2723//1766
f 2722//1767 2723//1767 2724//1767
f 2724//1767 2723//1767 2725//1767
f 2724//1768 2725//1768 2726//1768
f 2726//1768 2725//1768 2727//1768
f 2726//1769 2727//1769 2728//1769
f 2728//1769 2727//1769 2729//1769
f 2728//1770 2729//1770 2730//1770
f 2730//1770 2729//1770 2731//1770
f 2730//1771 2731//1771 2732//1771
f 2732//1771 2731//1771 2733//1771
f 2732//1772 2733//1772 2734//1772
f 2734//1772 2733//1772 2735//1772
f 2734//1773 2735//1773 2736//1773
f 2736//1773 2735//1773 2737//1773
f 2736//1774 2737//1774 2738//1774
f 2738//1774 2737//1774 2739//1774
f 2738//1775 2739//1775 2740//1775
f 2740//1775 2739//1775 2741//1775
f 2742//1776 2743//1776 2744//1776
f 2744//1776 2743//1776 2745//1776
f 2744//1777 2745//1777 2746//1777
f 2746//1777 2745//1777 2747//1777
f 2746//1778 2747//1778 2748//1778
f 2748//1778 2747//1778 2749//1778
f 2748//1779 2749//1779 2750//1779
f 2750//1779 2749//1779 2751//1779
f 2750//1780 2751//1780 2752//1780
f 2752//1780 2751//1780 2753//1780
f 2752//1781 2753//1781 2754//1781
f 2754//1781 2753//1781 2755//1781
f 2754//1782 2755//1782 2756//1782
f 2756//1782 2755//1782 2757//1782
f 2756//1783 2757//1783 2758//1783
f 2742//1784 2759//1784 2760//1784
f 2760//1784 2759//1784 2761//1784
f 2760//1785 2761//1785 2762//1785
f 2762//1785 2761//1785 2763//1785
f 2762//1786 2763//1786 2764//1786
f 2764//1786 2763//1786 2765//1786
f 2764//1787 2765//1787 2766//1787
f 2766//1787 2765//1787 2767//1787
f 2766//1788 2767//1788 2768//1788
f 2768//1788 2767//1788 2769//1788
f 2768//1789 2769//1789 2770//1789
f 2770//1789 2769//1789 2771//1789
f 2770//1790 2771//1790 2772//1790
f 2772//1790 2771//1790 2773//1790
f 2772//1791 2773//1791 2774//1791
f 2774//1791 2773//1791 2775//1791
f 2774//1792 2775//1792 2776//1792
f 2776//1792 2775//1792 2777//1792
f 2776//1793 2777//1793 2778//1793
f 2778//1793 2777//1793 2779//1793
f 2778//1794 2779//1794 2780//1794
f 2780//1794 2779//1794 2781//1794
f 2780//1795 2781//1795 2782//1795
f 2782//1795 2781//1795 2783//1795
f 2782//1796 2783//1796 2784//1796
f 2784//1796 2783//1796 2785//1796
f 2784//1797 2785//1797 2786//1797
f 2786//1797 2785//1797 2787//1797
f 2786//1798 2787//1798 2788//1798
f 2788//1798 2787//1798 2789//1798
f 2788//1799 2789//1799 2790//1799
f 2790//1799 2789//1799 2791//1799
f 2790//1800 2791//1800 2792//1800
f 2792//1800 2791//1800 2793//1800
f 2794//1801 2795//1801 2796//1801
f 2796//1801 2795//1801 2797//1801
f 2796//1802 2797//1802 2798//1802
f 2798//1802 2797//1802 2799//1802
f 2798//1803 2799//1803 2800//1803
f 2800//1803 2799//1803 2801//1803
f 2800//1804 2801//1804 2802//1804
f 2802//1804 2801//1804 2803//1804
f 2802//1805 2803//1805 2804//1805
f 2804//1805 2803//1805 2805//1805
f 2804//1806 2805//1806 2806//1806
f 2806//1806 2805//1806 2807//1806
f 2806//1807 2807//1807 2808//1807
f 2794//1808 2809//1808 2810//1808
f 2810//1808 2809//1808 2811//1808
f 2810//1809 2811//1809 2812//1809
f 2812//1809 2811//1809 2813//1809
f 2812//1810 2813//1810 2814//1810
f 2814//1810 2813//1810 2815//1810
f 2814//1811 2815//1811 2816//1811
f 2816//1811 2815//1811 2817//1811
f 2816//1812 2817//1812 2818//1812
f 2818//1812 2817//1812 2819//1812
f 2818//1813 2819//1813 2820//1813
f 2820//1813 2819//1813 2821//1813
f 2820//1814 2821//1814 2822//1814
f 2822//1814 2821//1814 2823//1814
f 2822//1815 2823//1815 2824//1815
f 2824//1815 2823//1815 2825//1815
f 2824//1816 2825//1816 2826//1816
f 2826//1816 2825//1816 2827//1816
f 2826//1817 2827//1817 2828//1817
f 2828//1817 2827//1817 2829//1817
f 2828//1818 2829//1818 2830//1818
f 2830//1818 2829//1818 2831//1818
f 2830//1819 2831//1819 2832//1819
f 2832//1819 2831//1819 2833//1819
f 2832//1820 2833//1820 2834//1820
f 2834//1820 2833//1820 2835//1820
f 2834//1821 2835//1821 2836//1821
f 2836//1821 2835//1821 2837//1821
f 2836//1822 2837//1822 2838//1822
f 2838//1822 2837//1822 2839//1822
f 2838//1823 2839//1823 2840//1823
f 2840//1823 2839//1823 2841//1823
f 2840//1824 2841//1824 2842//1824
f 2842//1824 2841//1824 2843//1824
f 2844//1825 2845//1825 2846//1825
f 2846//1825 2845//1825 2847//1825
f 2846//1826 2847//1826 2848//1826
f 2848//1826 2847//1826 2849//1826
f 2848//1827 2849//1827 2850//1827
f 2850//1827 2849//1827 2851//1827
f 2850//1828 2851//1828 2852//1828
f 2852//1828 2851//1828 2853//1828
f 2852//1829 2853//1829 2854//1829
f 2854//1829 2853//1829 2855//1829
f 2854//1830 2855//1830 2856//1830
f 2844//1831 2857//1831 2858//1831
f 2858//1831 2857//1831 2859//1831
f 2858//1832 2859//1832 2860//1832
f 2860//1832 2859//1832 2861//1832
f 2860//1833 2861//1833 2862//1833
f 2862//1833 2861//1833 2863//1833
f 2862//1834 2863//1834 2864//1834
f 2864//1834 2863//1834 2865//1834
f 2864//1835 2865//1835 2866//1835
f 2866//1835 2865//1835 2867//1835
f 2866//1836 2867//1836 2868//1836
f 2868//1836 2867//1836 2869//1836
f 2868//1837 2869//1837 2870//1837
f 2870//1837 2869//1837 2871//1837
f 2870//1838 2871//1838 2872//1838
f 2872//1838 2871//1838 2873//1838
f 2872//1839 2873//1839 2874//1839
f 2874//1839 2873//1839 2875//1839
f 2874//1840 2875//1840 2876//1840
f 2876//1840 2875//1840 2877//1840
f 2876//1841 2877//1841 2878//1841
f 2878//1841 2877//1841 2879//1841
f 2878//1842 2879//1842 2880//1842
f 2880//1842 2879//1842 2881//1842
f 2880//1843 2881//1843 2882//1843
f 2882//1843 2881//1843 2883//1843
f 2882//1844 2883//1844 2884//1844
f 2884//1844 2883//1844 2885//1844
f 2884//1845 2885//1845 2886//1845
f 2886//1845 2885//1845 2887//1845
f 2886//1846 2887//1846 2888//1846
f 2888//1846 2887//1846 2889//1846
f 2888//1847 2889//1847 2890//1847
f 2890//1847 2889//1847 2891//1847
f 2892//1848 2893//1848 2894//1848
f 2894//1848 2893//1848 2895//1848
f 2894//1849 2895//1849 2896//1849
f 2896//1849 2895//1849 2897//1849
f 2896//1850 2897//1850 2898//1850
f 2898//1850 2897//1850 2899//1850
f 2898//1851 2899//1851 2900//1851
f 2900//1851 2899//1851 2901//1851
f 2900//1852 2901//1852 2902//1852
f 2892//1853 2903//1853 2904//1853
f 2904//1853 2903//1853 2905//1853
f 2904//1854 2905//1854 2906//1854
f 2906//1854 2905//1854 2907//1854
f 2906//1855 2907//1855 2908//1855
f 2908//1855 2907//1855 2909//1855
f 2908//1856 2909//1856 2910//1856
f 2910//1856 2909//1856 2911//1856
f 2910//1857 2911//1857 2912//1857
f 2912//1857 2911//1857 2913//1857
f 2912//1858 2913//1858 2914//1858
f 2914//1858 2913//1858 2915//1858
f 2914//1859 2915//1859 2916//1859
f 2916//1859 2915//1859 2917//1859
f 2916//1860 2917//1860 2918//1860
f 2918//1860 2917//1860 2919//1860
f 2918//1861 2919//1861 2920//1861
f 2920//1861 2919//1861 2921//1861
f 2920//1862 2921//1862 2922//1862
f 2922//1862 2921//1862 2923//1862
f 2922//1863 2923//1863 2924//1863
f 2924//1863 2923//1863 2925//1863
f 2924//1864 2925//1864 2926//1864
f 2926//1864 2925//1864 2927//1864
f 2926//1865 2927//1865 2928//1865
f 2928//1865 2927//1865 2929//1865
f 2928//1866 2929//1866 2930//1866
f 2930//1866 2929//1866 2931//1866
f 2930//1867 2931//1867 2932//1867
f 2932//1867 2931//1867 2933//1867
f 2932//1868 2933//1868 2934//1868
f 2934//1868 2933//1868 2935//1868
f 2934//1869 2935//1869 2936//1869
f 2936//1869 2935//1869 2937//1869
f 2938//1870 2939//1870 2940//1870
f 2940//1870 2939//1870 2941//1870
f 2940//1871 2941//1871 2942//1871
f 2942//1871 2941//1871 2943//1871
f 2942//1872 2943//1872 2944//1872
f 2944//1872 2943//1872 2945//1872
f 2944//1873 2945//1873 2946//1873
f 2946//1873 2945//1873 2947//1873
f 2938//1874 2948//1874 2949//1874
f 2949//1874 2948//1874 2950//1874
f 2949//1875 2950//1875 2951//1875
f 2951//1875 2950//1875 2952//1875
f 2951//1876 2952//1876 2953//1876
f 2953//1876 2952//1876 2954//1876
f 2953//1877 2954//1877 2955//1877
f 2955//1877 2954//1877 2956//1877
f 2955//1878 2956//1878 2957//1878
f 2957//1878 2956//1878 2958//1878
f 2957//1879 2958//1879 2959//1879
f 2959//1879 2958//1879 2960//1879
f 2959//1880 2960//1880 2961//1880
f 2961//1880 2960//1880 2962//1880
f 2961//1881 2962//1881 2963//1881
f 2963//1881 2962//1881 2964//1881
f 2963//1882 2964//1882 2965//1882
f 2965//1882 2964//1882 2966//1882
f 2965//1883 2966//1883 2967//1883
f 2967//1883 2966//1883 2968//1883
f 2967//1884 2968//1884 2969//1884
f 2969//1884 2968//1884 2970//1884
f 2969//1885 2970//1885 2971//1885
f 2971//1885 2970//1885 2972//1885
f 2971//1886 2972//1886 2973//1886
f 2973//1886 2972//1886 2974//1886
f 2973//1887 2974//1887 2975//1887
f 2975//1887 2974//1887 2976//1887
f 2975//1888 2976//1888 2977//1888
f 2977//1888 2976//1888 2978//1888
f 2977//1889 2978//1889 2979//1889
f 2979//1889 2978//1889 2980//1889
f 2979//1890 2980//1890 2981//1890
f 2981//1890 2980//1890 2982//1890
f 2983//1891 2984//1891 2985//1891
f 2985//1891 2984//1891 2986//1891
f 2985//1892 2986//1892 2987//1892
f 2983//1893 2988//1893 2989//1893
f 2989//1893 2988//1893 2990//1893
f 2989//1894 2990//1894 2991//1894
f 2991//1894 2990//1894 2992//1894
f 2991//1895 2992//1895 2993//1895
f 2993//1895 2992//1895 2994//1895
f 2993//1896 2994//1896 2995//1896
f 2995//1896 2994//1896 2996//1896
f 2995//1897 2996//1897 2997//1897
f 2997//1897 2996//1897 2998//1897
f 2997//1898 2998//1898 2999//1898
f 2999//1898 2998//1898 3000//1898
f 2999//1899 3000//1899 3001//1899
f 3001//1899 3000//1899 3002//1899
f 3001//1900 3002//1900 3003//1900
f 3003//1900 3002//1900 3004//1900
f 3003//1901 3004//1901 3005//1901
f 3005//1901 3004//1901 3006//1901
f 3005//1902 3006//1902 3007//1902
f 3007//1902 3006//1902 3008//1902
f 3007//1903 3008//1903 3009//1903
f 3009//1903 3008//1903 3010//1903
f 3009//1904 3010//1904 3011//1904
f 3011//1904 3010//1904 3012//1904
f 3011//1905 3012//1905 3013//1905
f 3013//1905 3012//1905 3014//1905
f 3013//1906 3014//1906 3015//1906
f 3015//1906 3014//1906 3016//1906
f 3015//1907 3016//1907 3017//1907
f 3017//1907 3016//1907 3018//1907
f 3017//1908 3018//1908 3019//1908
f 3019//1908 3018//1908 3020//1908
f 3019//1909 3020//1909 3021//1909
f 3021//1909 3020//1909 3022//1909
f 3023//1910 3024//1910 3025//1910
f 3025//1910 3024//1910 3026//1910
f 3025//1911 3026//1911 3027//1911
f 3027//1911 3026//1911 3028//1911
f 3027//1912 3028//1912 3029//1912
f 3029//1912 3028//1912 3030//1912
f 3029//1913 3030//1913 3031//1913
f 3031//1913 3030//1913 3032//1913
f 3031//1914 3032//1914 3033//1914
f 3033//1914 3032//1914 3034//1914
f 3033//1915 3034//1915 3035//1915
f 3035//1915 3034//1915 3036//1915
f 3035//1916 3036//1916 3037//1916
f 3037//1916 3036//1916 3038//1916
f 3037//1917 3038//1917 3039//1917
f 3039//1917 3038//1917 3040//1917
f 3039//1918 3040//1918 3041//1918
f 3041//1918 3040//1918 3042//1918
f 3041//1919 3042//1919 3043//1919
f 3043//1919 3042//1919 3044//1919
f 3043//1920 3044//1920 3045//1920
f 3045//1920 3044//1920 3046//1920
f 3045//1921 3046//1921 3047//1921
f 3047//1921 3046//1921 3048//1921
f 3047//1922 3048//1922 3049//1922
f 3049//1922 3048//1922 3050//1922
f 3049//1923 3050//1923 3051//1923
f 3051//1923 3050//1923 3052//1923
f 3051//1924 3052//1924 3053//1924
f 3053//1924 3052//1924 3054//1924
f 3053//1925 3054//1925 3055//1925
f 3055//1925 3054//1925 3056//1925
f 3055//1926 3056//1926 3057//1926
f 3057//1926 3056//1926 3058//1926
f 3059//1927 3060//1927 3061//1927
f 3062//1928 3063//1928 3064//1928
f 3064//1929 3063//1929 3065//1929
f 3066//1930 3067//1930 3063//1930
f 3063//1931 3067//1931 3068//1931
f 3063//1931 3068//1931 3065//1931
f 3065//1932 3068//1932 3069//1932
f 3070//1933 3071//1933 3072//1933
f 3072//1934 3071//1934 3073//1934
f 3072//1935 3073//1935 3074//1935
f 3074//1936 3073//1936 3075//1936
f 3071//1937 3070//1937 3076//1937
f 3077//1938 3078//1938 3079//1938
f 3079//1939 3078//1939 3080//1939
f 3079//1940 3080//1940 3081//1940
f 3081//1941 3080//1941 3082//1941
f 3081//1942 3082//1942 3083//1942
f 3083//1942 3082//1942 3084//1942
f 3083//1943 3084//1943 3085//1943
f 3085//1943 3084//1943 3086//1943
f 3085//1944 3086//1944 3087//1944
f 3087//1944 3086//1944 3088//1944
f 3087//1945 3088//1945 3089//1945
f 3089//1945 3088//1945 3090//1945
f 3089//1946 3090//1946 3091//1946
f 3091//1946 3090//1946 3092//1946
f 3091//1947 3092//1947 3093//1947
f 3093//1947 3092//1947 3094//1947
f 3093//1948 3094//1948 3095//1948
f 3095//1948 3094//1948 3096//1948
f 3095//1949 3096//1949 3097//1949
f 3097//1949 3096//1949 3098//1949
f 3097//1950 3098//1950 3099//1950
f 3099//1950 3098//1950 3100//1950
f 3099//1951 3100//1951 3101//1951
f 3101//1951 3100//1951 3102//1951
f 3101//1952 3102//1952 3103//1952
f 3103//1952 3102//1952 3104//1952
f 3103//1953 3104//1953 3105//1953
f 3105//1953 3104//1953 3106//1953
f 3105//1954 3106//1954 3107//1954
f 3107//1954 3106//1954 3108//1954
f 3107//1955 3108//1955 3109//1955
f 3109//1955 3108//1955 3110//1955
f 3109//1956 3110//1956 3111//1956
f 3111//1956 3110//1956 3112//1956
f 3111//1957 3112//1957 3113//1957
f 3113//1957 3112//1957 3114//1957
f 3113//1958 3114//1958 3115//1958
f 3115//1959 3114//1959 3116//1959
f 3115//1960 3116//1960 3117//1960
f 3118//1961 3119//1961 3120//1961
f 3120//1961 3119//1961 3121//1961
f 3120//1962 3121//1962 3122//1962
f 3122//1962 3121//1962 3123//1962
f 3122//1963 3123//1963 3124//1963
f 3124//1963 3123//1963 3125//1963
f 3124//1964 3125//1964 3126//1964
f 3126//1964 3125//1964 3127//1964
f 3126//1965 3127//1965 3128//1965
f 3128//1965 3127//1965 3129//1965
f 3128//1966 3129//1966 3130//1966
f 3130//1966 3129//1966 3131//1966
f 3130//1967 3131//1967 3132//1967
f 3132//1967 3131//1967 3133//1967
f 3132//1968 3133//1968 3134//1968
f 3134//1968 3133//1968 3135//1968
f 3134//1969 3135//1969 3136//1969
f 3136//1969 3135//1969 3137//1969
f 3136//1970 3137//1970 3138//1970
f 3138//1970 3137//1970 3139//1970
f 3138//1971 3139//1971 3140//1971
f 3140//1971 3139//1971 3141//1971
f 3142//1972 3143//1972 3144//1972
f 3144//1973 3143//1973 3145//1973
f 3144//1974 3145//1974 3146//1974
f 3143//1975 3142//1975 3147//1975
f 3147//1975 3142//1975 3148//1975
f 3147//1976 3148//1976 3149//1976
f 3149//1976 3148//1976 3150//1976
f 3149//1977 3150//1977 3151//1977
f 3151//1977 3150//1977 3152//1977
f 3151//1978 3152//1978 3153//1978
f 3153//1978 3152//1978 3154//1978
f 3153//1979 3154//1979 3155//1979
f 3155//1979 3154//1979 3156//1979
f 3155//1980 3156//1980 3157//1980
f 3157//1980 3156//1980 3158//1980
f 3157//1981 3158//1981 3159//1981
f 3159//1981 3158//1981 3160//1981
f 3159//1982 3160//1982 3161//1982
f 3161//1982 3160//1982 3162//1982
f 3161//1983 3162//1983 3163//1983
f 3163//1983 3162//1983 3164//1983
f 3163//1984 3164//1984 3165//1984
f 3165//1984 3164//1984 3166//1984
f 3165//1985 3166//1985 3167//1985
f 3167//1985 3166//1985 3168//1985
f 3169//1986 3170//1986 3171//1986
f 3171//1987 3170//1987 3172//1987
f 3171//1988 3172//1988 3173//1988
f 3172//1989 3170//1989 3174//1989
f 3173//1990 3175//1990 3171//1990
f 3176//1991 3177//1991 3178//1991
f 3179//1992 3180//1992 3181//1992
f 3182//1993 3183//1993 3184//1993
f 3185//1994 3186//1994 3187//1994
f 3187//1995 3186//1995 3188//1995
f 3187//1995 3188//1995 3189//1995
f 3189//1996 3188//1996 3190//1996
f 3189//1996 3190//1996 3191//1996
f 3191//1997 3190//1997 3192//1997
f 3191//1997 3192//1997 3193//1997
f 3194//1998 3182//1998 3195//1998
f 3195//1993 3182//1993 3184//1993
f 3194//1998 3195//1998 3196//1998
f 3197//1999 3198//1999 3199//1999
f 3199//1999 3198//1999 3200//1999
f 3199//2000 3200//2000 3201//2000
f 3201//2000 3200//2000 3202//2000
f 3201//2001 3202//2001 3203//2001
f 3203//2001 3202//2001 3204//2001
f 3203//2002 3204//2002 3205//2002
f 3205//2002 3204//2002 3206//2002
f 3205//2003 3206//2003 3207//2003
f 3207//2003 3206//2003 3208//2003
f 3207//2004 3208//2004 3209//2004
f 3209//2004 3208//2004 3210//2004
f 3209//2005 3210//2005 3211//2005
f 3211//2005 3210//2005 3212//2005
f 3211//2006 3212//2006 3213//2006
f 3213//2006 3212//2006 3214//2006
f 3213//2007 3214//2007 3215//2007
f 3215//2007 3214//2007 3216//2007
f 3215//2008 3216//2008 3217//2008
f 3217//2008 3216//2008 3218//2008
f 3217//2009 3218//2009 3219//2009
f 3198//2010 3220//2010 3200//2010
f 3200//2010 3220//2010 3221//2010
f 3200//2011 3221//2011 3202//2011
f 3202//2011 3221//2011 3222//2011
f 3202//2012 3222//2012 3204//2012
f 3204//2012 3222//2012 3223//2012
f 3204//2013 3223//2013 3206//2013
f 3206//2013 3223//2013 3224//2013
f 3206//2014 3224//2014 3208//2014
f 3208//2014 3224//2014 3225//2014
f 3208//2015 3225//2015 3210//2015
f 3210//2015 3225//2015 3226//2015
f 3210//2016 3226//2016 3212//2016
f 3212//2016 3226//2016 3227//2016
f 3212//2017 3227//2017 3214//2017
f 3214//2017 3227//2017 3228//2017
f 3214//2018 3228//2018 3216//2018
f 3216//2018 3228//2018 3229//2018
f 3216//2019 3229//2019 3218//2019
f 3230//2020 3231//2020 3232//2020
f 3232//2020 3231//2020 3233//2020
f 3232//2021 3233//2021 3234//2021
f 3234//2021 3233//2021 3235//2021
f 3234//2022 3235//2022 3236//2022
f 3236//2022 3235//2022 3237//2022
f 3236//2023 3237//2023 3238//2023
f 3238//2023 3237//2023 3239//2023
f 3238//2024 3239//2024 3240//2024
f 3240//2025 3239//2025 3241//2025
f 3240//2026 3241//2026 3242//2026
f 3220//2027 3243//2027 3221//2027
f 3221//2027 3243//2027 3244//2027
f 3221//2028 3244//2028 3222//2028
f 3222//2028 3244//2028 3245//2028
f 3222//2029 3245//2029 3223//2029
f 3223//2029 3245//2029 3246//2029
f 3223//2030 3246//2030 3224//2030
f 3224//2030 3246//2030 3247//2030
f 3224//2031 3247//2031 3225//2031
f 3225//2031 3247//2031 3248//2031
f 3225//2032 3248//2032 3226//2032
f 3226//2032 3248//2032 3249//2032
f 3226//2033 3249//2033 3227//2033
f 3227//2033 3249//2033 3250//2033
f 3227//2034 3250//2034 3228//2034
f 3228//2034 3250//2034 3251//2034
f 3228//2035 3251//2035 3229//2035
f 3252//2036 3230//2036 3253//2036
f 3253//2036 3230//2036 3232//2036
f 3253//2037 3232//2037 3254//2037
f 3254//2037 3232//2037 3234//2037
f 3254//2038 3234//2038 3255//2038
f 3255//2038 3234//2038 3236//2038
f 3255//2039 3236//2039 3256//2039
f 3256//2039 3236//2039 3238//2039
f 3256//2040 3238//2040 3257//2040
f 3257//2041 3238//2041 3240//2041
f 3257//2042 3240//2042 3258//2042
f 3258//2043 3240//2043 3242//2043
f 3243//2044 3259//2044 3244//2044
f 3244//2044 3259//2044 3260//2044
f 3244//2045 3260//2045 3245//2045
f 3245//2045 3260//2045 3261//2045
f 3245//2046 3261//2046 3246//2046
f 3246//2046 3261//2046 3262//2046
f 3246//2047 3262//2047 3247//2047
f 3247//2047 3262//2047 3263//2047
f 3247//2048 3263//2048 3248//2048
f 3248//2048 3263//2048 3264//2048
f 3248//2049 3264//2049 3249//2049
f 3249//2049 3264//2049 3265//2049
f 3249//2050 3265//2050 3250//2050
f 3250//2050 3265//2050 3266//2050
f 3250//2051 3266//2051 3251//2051
f 3243//2052 3252//2052 3267//2052
f 3267//2052 3252//2052 3253//2052
f 3267//2053 3253//2053 3268//2053
f 3268//2053 3253//2053 3254//2053
f 3268//2054 3254//2054 3269//2054
f 3269//2054 3254//2054 3255//2054
f 3269//2055 3255//2055 3270//2055
f 3270//2055 3255//2055 3256//2055
f 3270//2056 3256//2056 3271//2056
f 3271//2057 3256//2057 3257//2057
f 3271//2058 3257//2058 3272//2058
f 3272//2059 3257//2059 3258//2059
f 3259//2060 3273//2060 3260//2060
f 3260//2060 3273//2060 3274//2060
f 3260//2061 3274//2061 3261//2061
f 3261//2061 3274//2061 3275//2061
f 3261//2062 3275//2062 3262//2062
f 3262//2062 3275//2062 3276//2062
f 3262//2063 3276//2063 3263//2063
f 3263//2063 3276//2063 3277//2063
f 3263//2064 3277//2064 3264//2064
f 3264//2064 3277//2064 3278//2064
f 3264//2065 3278//2065 3265//2065
f 3265//2065 3278//2065 3279//2065
f 3265//2066 3279//2066 3266//2066
f 3259//2067 3280//2067 3281//2067
f 3281//2067 3280//2067 3267//2067
f 3281//2068 3267//2068 3282//2068
f 3282//2068 3267//2068 3268//2068
f 3282//2069 3268//2069 3283//2069
f 3283//2069 3268//2069 3269//2069
f 3283//2070 3269//2070 3284//2070
f 3284//2070 3269//2070 3270//2070
f 3284//2071 3270//2071 3285//2071
f 3285//2072 3270//2072 3271//2072
f 3285//2073 3271//2073 3286//2073
f 3286//2074 3271//2074 3272//2074
f 3273//2075 3287//2075 3274//2075
f 3274//2075 3287//2075 3288//2075
f 3274//2076 3288//2076 3275//2076
f 3275//2076 3288//2076 3289//2076
f 3275//2077 3289//2077 3276//2077
f 3276//2077 3289//2077 3290//2077
f 3276//2078 3290//2078 3277//2078
f 3277//2078 3290//2078 3291//2078
f 3277//2079 3291//2079 3278//2079
f 3278//2079 3291//2079 3292//2079
f 3278//2080 3292//2080 3279//2080
f 3273//2081 3293//2081 3294//2081
f 3294//2081 3293//2081 3281//2081
f 3294//2082 3281//2082 3295//2082
f 3295//2082 3281//2082 3282//2082
f 3295//2083 3282//2083 3296//2083
f 3296//2083 3282//2083 3283//2083
f 3296//2084 3283//2084 3297//2084
f 3297//2084 3283//2084 3284//2084
f 3297//2085 3284//2085 3298//2085
f 3298//2086 3284//2086 3285//2086
f 3298//2087 3285//2087 3299//2087
f 3299//2088 3285//2088 3286//2088
f 3287//2089 3300//2089 3288//2089
f 3288//2089 3300//2089 3301//2089
f 3288//2090 3301//2090 3289//2090
f 3289//2090 3301//2090 3302//2090
f 3289//2091 3302//2091 3290//2091
f 3290//2091 3302//2091 3303//2091
f 3290//2092 3303//2092 3291//2092
f 3291//2092 3303//2092 3304//2092
f 3291//2093 3304//2093 3292//2093
f 3287//2094 3305//2094 3306//2094
f 3306//2094 3305//2094 3294//2094
f 3306//2095 3294//2095 3307//2095
f 3307//2095 3294//2095 3295//2095
f 3307//2096 3295//2096 3308//2096
f 3308//2096 3295//2096 3296//2096
f 3308//2097 3296//2097 3309//2097
f 3309//2097 3296//2097 3297//2097
f 3309//2098 3297//2098 3310//2098
f 3310//2099 3297//2099 3298//2099
f 3310//2100 3298//2100 3311//2100
f 3311//2101 3298//2101 3299//2101
f 3300//2102 3312//2102 3301//2102
f 3301//2102 3312//2102 3313//2102
f 3301//2103 3313//2103 3302//2103
f 3302//2103 3313//2103 3314//2103
f 3302//2104 3314//2104 3303//2104
f 3303//2104 3314//2104 3315//2104
f 3303//2105 3315//2105 3304//2105
f 3304//2105 3315//2105 3316//2105
f 3300//2106 3317//2106 3318//2106
f 3318//2106 3317//2106 3306//2106
f 3318//2107 3306//2107 3319//2107
f 3319//2107 3306//2107 3307//2107
f 3319//2108 3307//2108 3320//2108
f 3320//2108 3307//2108 3308//2108
f 3320//2109 3308//2109 3321//2109
f 3321//2109 3308//2109 3309//2109
f 3321//2110 3309//2110 3322//2110
f 3322//2111 3309//2111 3310//2111
f 3322//2112 3310//2112 3323//2112
f 3323//2113 3310//2113 3311//2113
f 3312//2114 3324//2114 3313//2114
f 3313//2114 3324//2114 3325//2114
f 3313//2115 3325//2115 3314//2115
f 3312//2116 3300//2116 3326//2116
f 3326//2116 3300//2116 3318//2116
f 3326//2117 3318//2117 3327//2117
f 3327//2117 3318//2117 3319//2117
f 3327//2118 3319//2118 3328//2118
f 3328//2118 3319//2118 3320//2118
f 3328//2119 3320//2119 3329//2119
f 3329//2119 3320//2119 3321//2119
f 3329//2120 3321//2120 3330//2120
f 3330//2121 3321//2121 3322//2121
f 3330//2122 3322//2122 3331//2122
f 3331//2123 3322//2123 3323//2123
f 3324//2124 3312//2124 3332//2124
f 3332//2124 3312//2124 3326//2124
f 3332//2125 3326//2125 3333//2125
f 3333//2125 3326//2125 3327//2125
f 3333//2126 3327//2126 3334//2126
f 3334//2126 3327//2126 3328//2126
f 3334//2127 3328//2127 3335//2127
f 3335//2127 3328//2127 3329//2127
f 3335//2128 3329//2128 3336//2128
f 3336//2129 3329//2129 3330//2129
f 3336//2130 3330//2130 3337//2130
f 3337//2131 3330//2131 3331//2131
f 3338//2132 3339//2132 3340//2132
f 3341//2133 3342//2133 3343//2133
f 3343//2134 3342//2134 3344//2134
f 3343//2134 3344//2134 3345//2134
f 3345//2135 3344//2135 3346//2135
f 3345//2135 3346//2135 3347//2135
f 3347//2136 3346//2136 3348//2136
f 3347//2136 3348//2136 3349//2136
f 3349//2137 3348//2137 3350//2137
f 3349//2137 3350//2137 3351//2137
f 3352//2138 3353//2138 3354//2138
f 3354//2139 3355//2139 3356//2139
f 3356//2139 3355//2139 3357//2139
f 3356//2140 3357//2140 3358//2140
f 3358//2141 3357//2141 3359//2141
f 3358//2142 3359//2142 3360//2142
f 3360//2143 3359//2143 3361//2143
f 3360//2144 3361//2144 3362//2144
f 3362//2144 3361//2144 3363//2144
f 3362//2145 3363//2145 3364//2145
f 3364//2145 3363//2145 3365//2145
f 3364//2146 3365//2146 3366//2146
f 3366//2146 3365//2146 3367//2146
f 3366//2147 3367//2147 3368//2147
f 3368//2147 3367//2147 3369//2147
f 3368//2148 3369//2148 3370//2148
f 3370//2148 3369//2148 3371//2148
f 3359//2149 3357//2149 3372//2149
f 3373//2150 3352//2150 3356//2150
f 3356//2138 3352//2138 3354//2138
f 3373//2151 3356//2151 3358//2151
f 3374//2152 3375//2152 3376//2152
f 3377//2153 3373//2153 3358//2153
f 3377//2154 3358//2154 3360//2154
f 3378//2155 3379//2155 3380//2155
f 3380//2155 3379//2155 3381//2155
f 3380//2156 3381//2156 3382//2156
f 3382//2156 3381//2156 3383//2156
f 3382//2157 3383//2157 3384//2157
f 3384//2157 3383//2157 3385//2157
f 3384//2158 3385//2158 3386//2158
f 3386//2158 3385//2158 3387//2158
f 3386//2159 3387//2159 3388//2159
f 3388//2159 3387//2159 3389//2159
f 3388//2160 3389//2160 3390//2160
f 3390//2160 3389//2160 3391//2160
f 3390//2161 3391//2161 3392//2161
f 3392//2161 3391//2161 3393//2161
f 3394//2162 3380//2162 3382//2162
f 3395//2163 3396//2163 3397//2163
f 3397//2164 3396//2164 3398//2164
f 3397//2164 3398//2164 3399//2164
f 3399//2165 3398//2165 3400//2165
f 3399//2165 3400//2165 3376//2165
f 3376//2152 3400//2152 3374//2152
f 3401//2166 3377//2166 3402//2166
f 3401//2166 3402//2166 3403//2166
f 3404//2167 3405//2167 3406//2167
f 3407//2168 3408//2168 3409//2168
f 3409//2169 3408//2169 3410//2169
f 3409//2170 3410//2170 3411//2170
f 3411//2171 3410//2171 3412//2171
f 3411//2172 3412//2172 3413//2172
f 3413//2173 3412//2173 3414//2173
f 3413//2174 3414//2174 3415//2174
f 3410//2169 3408//2169 3416//2169
f 3417//2175 3418//2175 3419//2175
f 3419//2176 3418//2176 3420//2176
f 3419//2176 3420//2176 3421//2176
f 3421//2177 3420//2177 3422//2177
f 3421//2177 3422//2177 3423//2177
f 3423//2178 3422//2178 3424//2178
f 3423//2178 3424//2178 3425//2178
f 3423//2179 3425//2179 3426//2179
f 3427//2180 3428//2180 3429//2180
f 3430//2181 3431//2181 3432//2181
f 3433//2182 3434//2182 3435//2182
f 3435//2183 3434//2183 3436//2183
f 3435//2183 3436//2183 3437//2183
f 3437//2184 3436//2184 3438//2184
f 3437//2184 3438//2184 3439//2184
f 3439//2185 3438//2185 3440//2185
f 3439//2185 3440//2185 3441//2185
f 3442//2186 3443//2186 3444//2186
f 3444//2186 3443//2186 3445//2186
f 3444//2187 3445//2187 3446//2187
f 3446//2187 3445//2187 3447//2187
f 3443//2188 3442//2188 3448//2188
f 3448//2188 3442//2188 3449//2188
f 3448//2189 3449//2189 3450//2189
f 3450//2189 3449//2189 3451//2189
f 3450//2190 3451//2190 3452//2190
f 3452//2190 3451//2190 3453//2190
f 3454//2191 3455//2191 3456//2191
f 3457//2192 3458//2192 3459//2192
f 3459//2193 3458//2193 3460//2193
f 3459//2193 3460//2193 3461//2193
f 3461//2194 3460//2194 3462//2194
f 3461//2194 3462//2194 3463//2194
f 3463//2195 3462//2195 3464//2195
f 3463//2195 3464//2195 3465//2195
f 3461//2196 3463//2196 3466//2196
f 3466//2197 3463//2197 3465//2197
f 3466//2197 3465//2197 3467//2197
f 3468//2198 3469//2198 3470//2198
f 3471//2199 3468//2199 3472//2199
f 3472//2198 3468//2198 3470//2198
f 3471//2200 3472//2200 3473//2200
f 3473//2201 3472//2201 3474//2201
f 3475//2202 3471//2202 3473//2202
f 3475//2203 3473//2203 3476//2203
f 3477//2204 3478//2204 3479//2204
f 3479//2204 3478//2204 3480//2204
f 3479//2205 3480//2205 3481//2205
f 3481//2205 3480//2205 3482//2205
f 3478//2206 3477//2206 3483//2206
f 3483//2206 3477//2206 3484//2206
f 3483//2207 3484//2207 3485//2207
f 3485//2207 3484//2207 3486//2207
f 3485//2208 3486//2208 3487//2208
f 3487//2208 3486//2208 3488//2208
f 3489//2209 3490//2209 3491//2209
f 3492//2210 3493//2210 3494//2210
f 3495//2211 3475//2211 3476//2211
f 3495//2211 3476//2211 3496//2211
f 3497//2212 3498//2212 3499//2212
f 3499//2212 3498//2212 3500//2212
f 3499//2213 3500//2213 3501//2213
f 3501//2213 3500//2213 3502//2213
f 3503//2214 3504//2214 3505//2214
f 3505//2215 3504//2215 3506//2215
f 3505//2215 3506//2215 3507//2215
f 3507//2216 3506//2216 3508//2216
f 3507//2216 3508//2216 3509//2216
f 3497//2217 3499//2217 3510//2217
f 3510//2218 3499//2218 3511//2218
f 3510//2219 3511//2219 3512//2219
f 3511//2218 3499//2218 3501//2218
f 3513//2220 3508//2220 3506//2220
f 3513//2220 3506//2220 3514//2220
f 3514//2221 3506//2221 3504//2221
f 3515//2222 3516//2222 3517//2222
f 3517//2222 3516//2222 3518//2222
f 3517//2223 3518//2223 3519//2223
f 3519//2223 3518//2223 3520//2223
f 3521//2224 3522//2224 3523//2224
f 3523//2225 3522//2225 3524//2225
f 3523//2225 3524//2225 3525//2225
f 3525//2226 3524//2226 3526//2226
f 3525//2226 3526//2226 3527//2226
f 3515//2227 3517//2227 3528//2227
f 3528//2228 3517//2228 3529//2228
f 3528//2229 3529//2229 3530//2229
f 3529//2228 3517//2228 3519//2228
f 3531//2230 3526//2230 3524//2230
f 3531//2230 3524//2230 3532//2230
f 3532//2231 3524//2231 3522//2231
f 3533//2232 3534//2232 3535//2232
f 3535//2232 3534//2232 3536//2232
f 3535//2233 3536//2233 3537//2233
f 3538//2234 3539//2234 3540//2234
f 3540//2235 3539//2235 3541//2235
f 3540//2235 3541//2235 3542//2235
f 3542//2236 3541//2236 3543//2236
f 3542//2236 3543//2236 3544//2236
f 3533//2237 3535//2237 3545//2237
f 3545//2238 3535//2238 3546//2238
f 3545//2239 3546//2239 3547//2239
f 3546//2238 3535//2238 3537//2238
f 3548//2240 3543//2240 3541//2240
f 3548//2240 3541//2240 3549//2240
f 3549//2241 3541//2241 3539//2241
f 3550//2242 3551//2242 3552//2242
f 3553//2243 3554//2243 3555//2243
f 3555//2244 3554//2244 3556//2244
f 3555//2244 3556//2244 3557//2244
f 3557//2245 3556//2245 3558//2245
f 3557//2245 3558//2245 3559//2245
f 3560//2246 3550//2246 3552//2246
f 3560//2246 3552//2246 3561//2246
f 3562//2247 3558//2247 3556//2247
f 3562//2247 3556//2247 3563//2247
f 3563//2248 3556//2248 3554//2248
