g 0
v 0.0424264 -0.0146929 -0.00301948
v 0.0373869 -0.014715 -0.00291012
v 0.0424264 -0.015 1.83697e-18
v 0.0375 -0.015 4.59243e-18
v 0.0375 -0.0147118 0.00292635
v 0.0370531 -0.0138448 -0.00577245
v 0.0424264 -0.0137844 -0.00591534
v 0.0365484 -0.0124302 -0.00838897
v 0.0424264 -0.0123115 -0.00856902
v 0.0359676 -0.0106026 -0.0106106
v 0.0424264 -0.0103345 -0.0108719
v 0.0353771 -0.00838077 -0.0124358
v 0.0424264 -0.00793446 -0.0127297
v 0.0348498 -0.005767 -0.0138471
v 0.0424264 -0.00520958 -0.0140663
v 0.0344922 -0.00290838 -0.0147153
v 0.0424264 -0.00227142 -0.014827
v 0.0343693 0 -0.015
v 0.0424264 0.000759738 -0.0149807
v 0.0344922 0.00290838 -0.0147153
v 0.0424264 0.00375979 -0.0145212
v 0.0348498 0.005767 -0.0138471
v 0.0424264 0.00660591 -0.0134671
v 0.0353771 0.00838077 -0.0124358
v 0.0424264 0.00918159 -0.0118616
v 0.0359676 0.0106026 -0.0106106
v 0.0424264 0.0113814 -0.00977059
v 0.0365484 0.0124302 -0.00838897
v 0.0424264 0.0131152 -0.00727953
v 0.0370531 0.0138448 -0.00577245
v 0.0424264 0.0143121 -0.00449045
v 0.0373869 0.014715 -0.00291012
v 0.0424264 0.014923 -0.00151752
v 0.0375 0.015 4.59243e-18
v 0.0424264 0.014923 0.00151752
v 0.0375 0.0147118 0.00292635
v 0.0424264 0.0143121 0.00449045
v 0.0375 0.0138582 0.00574025
v 0.0424264 0.0131152 0.00727953
v 0.0375 0.012472 0.00833355
v 0.0424264 0.0113814 0.00977059
v 0.0375 0.0106066 0.0106066
v 0.0424264 0.00918159 0.0118616
v 0.0375 0.00833355 0.012472
v 0.0424264 0.00660591 0.0134671
v 0.0375 0.00574025 0.0138582
v 0.0424264 0.00375979 0.0145212
v 0.0375 0.00292635 0.0147118
v 0.0424264 0.000759738 0.0149807
v 0.0375 9.18485e-19 0.015
v 0.0424264 -0.00227142 0.014827
v 0.0375 -0.00292635 0.0147118
v 0.0424264 -0.00520958 0.0140663
v 0.0375 -0.00574025 0.0138582
v 0.0424264 -0.00793446 0.0127297
v 0.0375 -0.00833355 0.012472
v 0.0424264 -0.0103345 0.0108719
v 0.0375 -0.0106066 0.0106066
v 0.0424264 -0.0123115 0.00856902
v 0.0375 -0.012472 0.00833355
v 0.0424264 -0.0137844 0.00591534
v 0.0375 -0.0138582 0.00574025
v 0.0424264 -0.0146929 0.00301948
v 0.0375 -0.0147118 0.00292635
v 0.0424264 -0.015 1.83697e-18
v -0.0375 0.0147118 0.00292635
v -0.0424264 0.014923 0.00151752
v -0.0375 0.015 0
v -0.0424264 0.014923 -0.00151752
v -0.0373869 0.014715 -0.00291012
v -0.0424264 0.0143121 -0.00449045
v -0.0370531 0.0138448 -0.00577245
v -0.0424264 0.0131152 -0.00727953
v -0.0365484 0.0124302 -0.00838897
v -0.0424264 0.0113814 -0.00977059
v -0.0359676 0.0106026 -0.0106106
v -0.0424264 0.00918159 -0.0118616
v -0.0353771 0.00838077 -0.0124358
v -0.0424264 0.00660591 -0.0134671
v -0.0348498 0.005767 -0.0138471
v -0.0424264 0.00375979 -0.0145212
v -0.0344922 0.00290838 -0.0147153
v -0.0424264 0.000759738 -0.0149807
v -0.0343693 0 -0.015
v -0.0424264 -0.00227142 -0.014827
v -0.0344922 -0.00290838 -0.0147153
v -0.0424264 -0.00520958 -0.0140663
v -0.0348498 -0.005767 -0.0138471
v -0.0424264 -0.00793446 -0.0127297
v -0.0353771 -0.00838077 -0.0124358
v -0.0424264 -0.0103345 -0.0108719
v -0.0359676 -0.0106026 -0.0106106
v -0.0424264 -0.0123115 -0.00856902
v -0.0365484 -0.0124302 -0.00838897
v -0.0424264 -0.0137844 -0.00591534
v -0.0370531 -0.0138448 -0.00577245
v -0.0424264 -0.0146929 -0.00301948
v -0.0373869 -0.014715 -0.00291012
v -0.0424264 -0.015 -1.83697e-18
v -0.0375 -0.015 0
v -0.0375 -0.0147118 0.00292635
v -0.0424264 -0.0146929 0.00301948
v -0.0375 -0.0138582 0.00574025
v -0.0424264 -0.0137844 0.00591534
v -0.0375 -0.012472 0.00833355
v -0.0424264 -0.0123115 0.00856902
v -0.0375 -0.0106066 0.0106066
v -0.0424264 -0.0103345 0.0108719
v -0.0375 -0.00833355 0.012472
v -0.0424264 -0.00793446 0.0127297
v -0.0375 -0.00574025 0.0138582
v -0.0424264 -0.00520958 0.0140663
v -0.0375 -0.00292635 0.0147118
v -0.0424264 -0.00227142 0.014827
v -0.0375 9.18485e-19 0.015
v -0.0424264 0.000759738 0.0149807
v -0.0375 0.00292635 0.0147118
v -0.0424264 0.00375979 0.0145212
v -0.0375 0.00574025 0.0138582
v -0.0424264 0.00660591 0.0134671
v -0.0375 0.00833355 0.012472
v -0.0424264 0.00918159 0.0118616
v -0.0375 0.0106066 0.0106066
v -0.0424264 0.0113814 0.00977059
v -0.0375 0.012472 0.00833355
v -0.0424264 0.0131152 0.00727953
v -0.0375 0.0138582 0.00574025
v -0.0424264 0.0143121 0.00449045
v -0.0375 0.0147118 0.00292635
v -0.0424264 0.014923 0.00151752
v 0.0375 0.015 4.59243e-18
v 0.0375 0.0147118 0.00292635
v 0.0375 0.0248747 4.59243e-18
v 0.0375 0.0245739 0.00385671
v 0.0375 0.0138582 0.00574025
v 0.0375 0.0236788 0.00762015
v 0.0375 0.012472 0.00833355
v 0.0375 0.0222109 0.0111993
v 0.0375 0.0106066 0.0106066
v 0.0375 0.0202059 0.0145076
v 0.0375 0.00833355 0.012472
v 0.0375 0.00574025 0.0138582
v 0.0375 0.0177123 0.017465
v 0.0375 0.00292635 0.0147118
v 0.0375 0.0147902 0.02
v 0.0375 9.18485e-19 0.015
v 0.0375 -0.0147902 0.02
v 0.0375 -0.00292635 0.0147118
v 0.0375 -0.0177123 0.017465
v 0.0375 -0.00574025 0.0138582
v 0.0375 -0.0202059 0.0145076
v 0.0375 -0.00833355 0.012472
v 0.0375 -0.0106066 0.0106066
v 0.0375 -0.0222109 0.0111993
v 0.0375 -0.012472 0.00833355
v 0.0375 -0.0236788 0.00762015
v 0.0375 -0.0138582 0.00574025
v 0.0375 -0.0245739 0.00385671
v 0.0375 -0.0147118 0.00292635
v 0.0375 -0.0248747 4.59243e-18
v 0.0375 -0.015 4.59243e-18
v -0.0375 0.015 0
v -0.0373869 0.014715 -0.00291012
v -0.0375 0.0248747 0
v -0.0371792 0.0248747 -0.00489473
v -0.0370531 0.0138448 -0.00577245
v -0.0362222 0.0248747 -0.00970571
v -0.0365484 0.0124302 -0.00838897
v -0.0359676 0.0106026 -0.0106106
v -0.0353771 0.00838077 -0.0124358
v -0.0346455 0.0248747 -0.0143506
v -0.0348498 0.005767 -0.0138471
v -0.0344922 0.00290838 -0.0147153
v -0.0343693 0 -0.015
v -0.032476 0.0248747 -0.01875
v -0.032476 -0.0248747 -0.01875
v -0.0297507 0.0248747 -0.0228286
v -0.0297507 -0.0248747 -0.0228286
v -0.0265165 0.0248747 -0.0265165
v -0.0265165 -0.0248747 -0.0265165
v -0.0228286 0.0248747 -0.0297507
v -0.0228286 -0.0248747 -0.0297507
v -0.01875 0.0248747 -0.032476
v -0.01875 -0.0248747 -0.032476
v -0.0143506 0.0248747 -0.0346455
v -0.0143506 -0.0248747 -0.0346455
v -0.00970571 0.0248747 -0.0362222
v -0.00970571 -0.0248747 -0.0362222
v -0.00489473 0.0248747 -0.0371792
v -0.00489473 -0.0248747 -0.0371792
v 6.88864e-18 0.0248747 -0.0375
v 6.88864e-18 -0.0248747 -0.0375
v 0.00489473 0.0248747 -0.0371792
v 0.00489473 -0.0248747 -0.0371792
v 0.00970571 0.0248747 -0.0362222
v 0.00970571 -0.0248747 -0.0362222
v 0.0143506 0.0248747 -0.0346455
v 0.0143506 -0.0248747 -0.0346455
v 0.01875 0.0248747 -0.032476
v 0.01875 -0.0248747 -0.032476
v 0.0228286 0.0248747 -0.0297507
v 0.0228286 -0.0248747 -0.0297507
v 0.0265165 0.0248747 -0.0265165
v 0.0265165 -0.0248747 -0.0265165
v 0.0297507 0.0248747 -0.0228286
v 0.0297507 -0.0248747 -0.0228286
v 0.032476 0.0248747 -0.01875
v 0.032476 -0.0248747 -0.01875
v 0.0343693 0 -0.015
v 0.0346455 -0.0248747 -0.0143506
v 0.0344922 -0.00290838 -0.0147153
v 0.0348498 -0.005767 -0.0138471
v 0.0353771 -0.00838077 -0.0124358
v 0.0362222 -0.0248747 -0.00970571
v 0.0359676 -0.0106026 -0.0106106
v 0.0365484 -0.0124302 -0.00838897
v 0.0371792 -0.0248747 -0.00489473
v 0.0370531 -0.0138448 -0.00577245
v 0.0373869 -0.014715 -0.00291012
v 0.0375 -0.0248747 4.59243e-18
v 0.0375 -0.015 4.59243e-18
v -0.032476 -0.0248747 -0.01875
v -0.0343693 0 -0.015
v -0.0346455 -0.0248747 -0.0143506
v -0.0344922 -0.00290838 -0.0147153
v -0.0348498 -0.005767 -0.0138471
v -0.0353771 -0.00838077 -0.0124358
v -0.0362222 -0.0248747 -0.00970571
v -0.0359676 -0.0106026 -0.0106106
v -0.0365484 -0.0124302 -0.00838897
v -0.0370531 -0.0138448 -0.00577245
v -0.0371792 -0.0248747 -0.00489473
v -0.0373869 -0.014715 -0.00291012
v -0.0375 -0.0248747 0
v -0.0375 -0.015 0
v 0.032476 0.0248747 -0.01875
v 0.0343693 0 -0.015
v 0.0346455 0.0248747 -0.0143506
v 0.0344922 0.00290838 -0.0147153
v 0.0348498 0.005767 -0.0138471
v 0.0353771 0.00838077 -0.0124358
v 0.0362222 0.0248747 -0.00970571
v 0.0359676 0.0106026 -0.0106106
v 0.0365484 0.0124302 -0.00838897
v 0.0371792 0.0248747 -0.00489473
v 0.0370531 0.0138448 -0.00577245
v 0.0373869 0.014715 -0.00291012
v 0.0375 0.015 4.59243e-18
v 0.0375 0.0248747 4.59243e-18
v -0.0375 -0.0147118 0.00292635
v -0.0375 -0.0245739 0.00385671
v -0.0375 -0.0138582 0.00574025
v -0.0375 -0.0236788 0.00762015
v -0.0375 -0.012472 0.00833355
v -0.0375 -0.0222109 0.0111993
v -0.0375 -0.0106066 0.0106066
v -0.0375 -0.0202059 0.0145076
v -0.0375 -0.00833355 0.012472
v -0.0375 -0.00574025 0.0138582
v -0.0375 -0.0177123 0.017465
v -0.0375 -0.00292635 0.0147118
v -0.0375 -0.0147902 0.02
v -0.0375 9.18485e-19 0.015
v -0.0375 0.0147902 0.02
v -0.0375 0.00292635 0.0147118
v -0.0375 0.0177123 0.017465
v -0.0375 0.00574025 0.0138582
v -0.0375 0.0202059 0.0145076
v -0.0375 0.00833355 0.012472
v -0.0375 0.0106066 0.0106066
v -0.0375 0.0222109 0.0111993
v -0.0375 0.012472 0.00833355
v -0.0375 0.0236788 0.00762015
v -0.0375 0.0138582 0.00574025
v -0.0375 0.0245739 0.00385671
v -0.0375 0.0147118 0.00292635
v -0.0375 0.0248747 0
v -0.0375 0.015 0
v 0.0424264 -0.0146929 -0.00301948
v 0.0424264 -0.015 1.83697e-18
v 0.0420757 -0.0159572 6.245e-19
v 0.0424264 -0.0146929 0.00301948
v 0.041769 -0.0158409 0.00542415
v 0.0420278 -0.0151407 0.00542415
v 0.0410175 -0.0150528 0.0107692
v 0.0424264 -0.0137844 0.00591534
v 0.0424264 -0.0123115 0.00856902
v 0.0424264 -0.0103345 0.0108719
v 0.0408531 -0.0100694 0.0159572
v 0.039413 -0.0147303 0.0159572
v 0.0390536 -0.00999072 0.02
v 0.0375 -0.0147902 0.02
v 0.0424264 -0.00793446 0.0127297
v 0.041769 -0.00507167 0.0159572
v 0.0399956 -0.00503479 0.02
v 0.0403113 -2.46835e-18 0.02
v 0.0420757 -5.06849e-19 0.0159572
v 0.041769 0.00507167 0.0159572
v 0.0424264 0.00375979 0.0145212
v 0.0424264 0.00660591 0.0134671
v 0.0424264 -0.00520958 0.0140663
v 0.0424264 -0.00227142 0.014827
v 0.0424264 0.000759738 0.0149807
v 0.0408531 0.0100694 0.0159572
v 0.0424264 0.00918159 0.0118616
v 0.0424228 0.0104563 0.0107692
v 0.0424264 0.0113814 0.00977059
v 0.0408531 0.0154935 0.0107692
v 0.0424264 0.0131152 0.00727953
v 0.041769 0.0158409 0.00542415
v 0.0424264 0.0143121 0.00449045
v 0.0424264 0.014923 0.00151752
v 0.0420757 0.0159572 0
v 0.0424264 0.014923 -0.00151752
v 0.041769 0.0158409 -0.00542415
v 0.0424264 0.0143121 -0.00449045
v 0.0424264 0.0131152 -0.00727953
v 0.0408531 0.0154935 -0.0107692
v 0.0424264 0.0113814 -0.00977059
v 0.0424228 0.0104563 -0.0107692
v 0.0424264 0.00918159 -0.0118616
v 0.0408531 0.0100694 -0.0159572
v 0.0424264 0.00660591 -0.0134671
v 0.041769 0.00507167 -0.0159572
v 0.0424264 0.00375979 -0.0145212
v 0.0420757 0 -0.0159572
v 0.0424264 0.000759738 -0.0149807
v 0.0424264 -0.00227142 -0.014827
v 0.041769 -0.00507167 -0.0159572
v 0.0424264 -0.00520958 -0.0140663
v 0.0424264 -0.00793446 -0.0127297
v 0.0408531 -0.0100694 -0.0159572
v 0.0424264 -0.0103345 -0.0108719
v 0.0408531 -0.0154935 -0.0107692
v 0.0424264 -0.0123115 -0.00856902
v 0.0424264 -0.0137844 -0.00591534
v 0.041769 -0.0158409 -0.00542415
v 0.0424264 -0.0146929 -0.00301948
v 0.0420757 -0.0159572 6.245e-19
v -0.0424264 -0.0146929 0.00301948
v -0.0424264 -0.015 -1.83697e-18
v -0.0420757 -0.0159572 0
v -0.0424264 -0.0146929 -0.00301948
v -0.041769 -0.0158409 -0.00542415
v -0.0424264 -0.0137844 -0.00591534
v -0.0424264 -0.0123115 -0.00856902
v -0.0408531 -0.0154935 -0.0107692
v -0.0424264 -0.0103345 -0.0108719
v -0.0408531 -0.0100694 -0.0159572
v -0.0424264 -0.00793446 -0.0127297
v -0.041769 -0.00507167 -0.0159572
v -0.0424264 -0.00520958 -0.0140663
v -0.0424264 -0.00227142 -0.014827
v -0.0420757 -5.15279e-18 -0.0159572
v -0.0424264 0.000759738 -0.0149807
v -0.041769 0.00507167 -0.0159572
v -0.0424264 0.00375979 -0.0145212
v -0.0424264 0.00660591 -0.0134671
v -0.0408531 0.0100694 -0.0159572
v -0.0424264 0.00918159 -0.0118616
v -0.0424228 0.0104563 -0.0107692
v -0.0424264 0.0113814 -0.00977059
v -0.0408531 0.0154935 -0.0107692
v -0.0424264 0.0131152 -0.00727953
v -0.041769 0.0158409 -0.00542415
v -0.0424264 0.0143121 -0.00449045
v -0.0424264 0.014923 -0.00151752
v -0.0420757 0.0159572 6.245e-19
v -0.0424264 0.014923 0.00151752
v -0.041769 0.0158409 0.00542415
v -0.0424264 0.0143121 0.00449045
v -0.0420671 0.0150312 0.00542415
v -0.0424264 0.0131152 0.00727953
v -0.0408531 0.0154935 0.0107692
v -0.039555 0.0207601 0.00542415
v -0.0386877 0.0203049 0.0107692
v -0.0375 0.0236788 0.00762015
v -0.0375 0.0222109 0.0111993
v -0.0375 0.0202059 0.0145076
v -0.0393415 0.0149203 0.0159572
v -0.0394241 0.0147007 0.0159572
v -0.0375 0.0147902 0.02
v -0.0390536 0.00999072 0.02
v -0.0408531 0.0100694 0.0159572
v -0.0399956 0.00503479 0.02
v -0.041769 0.00507167 0.0159572
v -0.0403113 -2.46835e-18 0.02
v -0.0420757 5.15279e-18 0.0159572
v -0.041769 -0.00507167 0.0159572
v -0.0424264 -0.00227142 0.014827
v -0.0424264 -0.00520958 0.0140663
v -0.0410427 0.0149839 0.0107692
v -0.0424264 0.0113814 0.00977059
v -0.0424228 0.0104563 0.0107692
v -0.0424264 0.00918159 0.0118616
v -0.0424264 0.00660591 0.0134671
v -0.0424264 0.00375979 0.0145212
v -0.0424264 0.000759738 0.0149807
v -0.0424264 -0.00793446 0.0127297
v -0.0408531 -0.0100694 0.0159572
v -0.0399956 -0.00503479 0.02
v -0.0390536 -0.00999072 0.02
v -0.0393415 -0.0149203 0.0159572
v -0.0375 -0.0147902 0.02
v -0.0375 -0.0177123 0.017465
v -0.0375 -0.0202059 0.0145076
v -0.0408531 -0.0154935 0.0107692
v -0.0386877 -0.0203049 0.0107692
v -0.041769 -0.0158409 0.00542415
v -0.039555 -0.0207601 0.00542415
v -0.0420757 -0.0159572 0
v -0.0398455 -0.0209125 0
v -0.041769 -0.0158409 -0.00542415
v -0.039555 -0.0207601 -0.00542415
v -0.0408531 -0.0154935 -0.0107692
v -0.0386877 -0.0203049 -0.0107692
v -0.0393415 -0.0149203 -0.0159572
v -0.0372562 -0.0195536 -0.0159572
v -0.0372562 -0.0141294 -0.0209125
v -0.0352815 -0.0185171 -0.0209125
v -0.0346276 -0.0131325 -0.0255629
v -0.0327922 -0.0172107 -0.0255629
v -0.0314941 -0.0119442 -0.0298405
v -0.0298248 -0.0156533 -0.0298405
v -0.0279014 -0.0105816 -0.033683
v -0.0264225 -0.0138676 -0.033683
v -0.0239017 -0.00906473 -0.0370343
v -0.0226348 -0.0118797 -0.0370343
v -0.0195536 -0.00741569 -0.0398455
v -0.0185171 -0.00971854 -0.0398455
v -0.0149203 -0.00565851 -0.0420757
v -0.0141294 -0.00741569 -0.0420757
v -0.0137844 -0.00591534 -0.0424264
v -0.0123115 -0.00856902 -0.0424264
v -0.0424264 -0.00793446 0.0127297
v -0.0424264 -0.0103345 0.0108719
v -0.0408531 -0.0100694 0.0159572
v -0.0408531 -0.0154935 0.0107692
v -0.0393415 -0.0149203 0.0159572
v -0.0424264 -0.0123115 0.00856902
v -0.0424264 -0.0137844 0.00591534
v -0.041769 -0.0158409 0.00542415
v -0.0424264 -0.0146929 0.00301948
v -0.0420757 -0.0159572 0
v -0.0146929 -0.00301948 -0.0424264
v -0.0158409 -0.00192343 -0.0420757
v -0.015 1.83697e-18 -0.0424264
v -0.0159572 1.9542e-18 -0.0420757
v -0.0158409 0.00192343 -0.0420757
v -0.0209125 2.56105e-18 -0.0398455
v -0.0207601 0.00252073 -0.0398455
v -0.0255629 3.13055e-18 -0.0370343
v -0.0253765 0.00308127 -0.0370343
v -0.0298405 3.65441e-18 -0.033683
v -0.0296229 0.00359688 -0.033683
v -0.033683 4.12498e-18 -0.0298405
v -0.0334374 0.00406004 -0.0298405
v -0.0370343 4.53539e-18 -0.0255629
v -0.0367643 0.00446399 -0.0255629
v -0.0398455 4.87967e-18 -0.0209125
v -0.039555 0.00480285 -0.0209125
v -0.0420757 -5.15279e-18 -0.0159572
v -0.041769 0.00507167 -0.0159572
v -0.0137844 -0.00591534 -0.0424264
v -0.0149203 -0.00565851 -0.0420757
v -0.0154935 -0.00381881 -0.0420757
v -0.0203049 -0.0050047 -0.0398455
v -0.0207601 -0.00252073 -0.0398455
v -0.0248201 -0.00611761 -0.0370343
v -0.0253765 -0.00308127 -0.0370343
v -0.0289734 -0.0071413 -0.033683
v -0.0296229 -0.00359688 -0.033683
v -0.0327042 -0.00806087 -0.0298405
v -0.0334374 -0.00406004 -0.0298405
v -0.0359581 -0.00886288 -0.0255629
v -0.0367643 -0.00446399 -0.0255629
v -0.0386877 -0.00953566 -0.0209125
v -0.039555 -0.00480285 -0.0209125
v -0.0408531 -0.0100694 -0.0159572
v -0.041769 -0.00507167 -0.0159572
v -0.0103345 -0.0108719 -0.0424264
v -0.0119442 -0.0105816 -0.0420757
v -0.0123115 -0.00856902 -0.0424264
v -0.0131325 -0.00906473 -0.0420757
v -0.0141294 -0.00741569 -0.0420757
v -0.0172107 -0.0118797 -0.0398455
v -0.0185171 -0.00971854 -0.0398455
v -0.0210379 -0.0145214 -0.0370343
v -0.0226348 -0.0118797 -0.0370343
v -0.0245583 -0.0169513 -0.033683
v -0.0264225 -0.0138676 -0.033683
v -0.0277206 -0.0191341 -0.0298405
v -0.0298248 -0.0156533 -0.0298405
v -0.0304786 -0.0210379 -0.0255629
v -0.0327922 -0.0172107 -0.0255629
v -0.0327922 -0.0226348 -0.0209125
v -0.0352815 -0.0185171 -0.0209125
v -0.0346276 -0.0239017 -0.0159572
v -0.0372562 -0.0195536 -0.0159572
v -0.0359581 -0.0248201 -0.0107692
v -0.0386877 -0.0203049 -0.0107692
v -0.0362222 -0.0248747 -0.00970571
v -0.039555 -0.0207601 -0.00542415
v -0.0371792 -0.0248747 -0.00489473
v -0.0398455 -0.0209125 0
v -0.0375 -0.0248747 0
v -0.0375 -0.0245739 0.00385671
v -0.00793446 -0.0127297 -0.0424264
v -0.00906473 -0.0131325 -0.0420757
v -0.0103345 -0.0108719 -0.0424264
v -0.0105816 -0.0119442 -0.0420757
v -0.0119442 -0.0105816 -0.0420757
v -0.0138676 -0.0156533 -0.0398455
v -0.0156533 -0.0138676 -0.0398455
v -0.0169513 -0.0191341 -0.0370343
v -0.0191341 -0.0169513 -0.0370343
v -0.0197879 -0.022336 -0.033683
v -0.022336 -0.0197879 -0.033683
v -0.0228286 -0.0248747 -0.0297507
v -0.0252121 -0.022336 -0.0298405
v -0.0265165 -0.0248747 -0.0265165
v -0.0277206 -0.0245583 -0.0255629
v -0.0297507 -0.0248747 -0.0228286
v -0.0304786 -0.0210379 -0.0255629
v -0.0327922 -0.0226348 -0.0209125
v -0.00741569 -0.0141294 -0.0420757
v -0.00520958 -0.0140663 -0.0424264
v -0.00565851 -0.0149203 -0.0420757
v -0.00381881 -0.0154935 -0.0420757
v -0.0050047 -0.0203049 -0.0398455
v -0.00252073 -0.0207601 -0.0398455
v -0.00489473 -0.0248747 -0.0371792
v 6.88864e-18 -0.0248747 -0.0375
v 5.92404e-18 -0.0209125 -0.0398455
v 0.00252073 -0.0207601 -0.0398455
v 9.77098e-19 -0.0159572 -0.0420757
v 0.00192343 -0.0158409 -0.0420757
v 0.000759738 -0.0149807 -0.0424264
v 0.00375979 -0.0145212 -0.0424264
v -0.00227142 -0.014827 -0.0424264
v -0.00192343 -0.0158409 -0.0420757
v 0.00660591 -0.0134671 -0.0424264
v 0.00565851 -0.0149203 -0.0420757
v 0.00381881 -0.0154935 -0.0420757
v 0.0050047 -0.0203049 -0.0398455
v 0.00489473 -0.0248747 -0.0371792
v 0.00918159 -0.0118616 -0.0424264
v 0.00906473 -0.0131325 -0.0420757
v 0.00741569 -0.0141294 -0.0420757
v 0.00971854 -0.0185171 -0.0398455
v 0.00741569 -0.0195536 -0.0398455
v 0.0118797 -0.0226348 -0.0370343
v 0.00906473 -0.0239017 -0.0370343
v 0.00970571 -0.0248747 -0.0362222
v 0.00611761 -0.0248201 -0.0370343
v 0.0105816 -0.0119442 -0.0420757
v 0.0113814 -0.00977059 -0.0424264
v 0.0119442 -0.0105816 -0.0420757
v 0.0131325 -0.00906473 -0.0420757
v 0.0172107 -0.0118797 -0.0398455
v 0.0185171 -0.00971854 -0.0398455
v 0.0226348 -0.0118797 -0.0370343
v 0.0239017 -0.00906473 -0.0370343
v 0.0279014 -0.0105816 -0.033683
v 0.0289734 -0.0071413 -0.033683
v 0.0327042 -0.00806087 -0.0298405
v 0.0334374 -0.00406004 -0.0298405
v 0.0367643 -0.00446399 -0.0255629
v 0.0370343 0 -0.0255629
v 0.0398455 0 -0.0209125
v 0.039555 0.00480285 -0.0209125
v 0.041769 0.00507167 -0.0159572
v 0.0408531 0.0100694 -0.0159572
v 0.0131152 -0.00727953 -0.0424264
v 0.0141294 -0.00741569 -0.0420757
v 0.0195536 -0.00741569 -0.0398455
v 0.0248201 -0.00611761 -0.0370343
v 0.0296229 -0.00359688 -0.033683
v 0.033683 0 -0.0298405
v 0.0367643 0.00446399 -0.0255629
v 0.0386877 0.00953566 -0.0209125
v 0.0393415 0.0149203 -0.0159572
v 0.0408531 0.0154935 -0.0107692
v 0.0386877 0.0203049 -0.0107692
v 0.039555 0.0207601 -0.00542415
v 0.0362222 0.0248747 -0.00970571
v 0.0371792 0.0248747 -0.00489473
v 0.0149203 -0.00565851 -0.0420757
v 0.0143121 -0.00449045 -0.0424264
v 0.0154935 -0.00381881 -0.0420757
v 0.014923 -0.00151752 -0.0424264
v 0.0158409 -0.00192343 -0.0420757
v 0.0159572 0 -0.0420757
v 0.0209125 0 -0.0398455
v 0.0207601 0.00252073 -0.0398455
v 0.0253765 0.00308127 -0.0370343
v 0.0248201 0.00611761 -0.0370343
v 0.0289734 0.0071413 -0.033683
v 0.0279014 0.0105816 -0.033683
v 0.0314941 0.0119442 -0.0298405
v 0.0298248 0.0156533 -0.0298405
v 0.0327922 0.0172107 -0.0255629
v 0.0304786 0.0210379 -0.0255629
v 0.0327922 0.0226348 -0.0209125
v 0.0297507 0.0248747 -0.0228286
v 0.032476 0.0248747 -0.01875
v 0.014923 0.00151752 -0.0424264
v 0.0158409 0.00192343 -0.0420757
v 0.0203049 0.0050047 -0.0398455
v 0.0239017 0.00906473 -0.0370343
v 0.0264225 0.0138676 -0.033683
v 0.0277206 0.0191341 -0.0298405
v 0.0277206 0.0245583 -0.0255629
v 0.0265165 0.0248747 -0.0265165
v 0.0252121 0.022336 -0.0298405
v 0.0228286 0.0248747 -0.0297507
v 0.022336 0.0197879 -0.033683
v 0.0197879 0.022336 -0.033683
v 0.0191341 0.0169513 -0.0370343
v 0.0169513 0.0191341 -0.0370343
v 0.0156533 0.0138676 -0.0398455
v 0.0138676 0.0156533 -0.0398455
v 0.0119442 0.0105816 -0.0420757
v 0.0105816 0.0119442 -0.0420757
v 0.0113814 0.00977059 -0.0424264
v 0.00918159 0.0118616 -0.0424264
v 0.0154935 0.00381881 -0.0420757
v 0.0143121 0.00449045 -0.0424264
v 0.0149203 0.00565851 -0.0420757
v 0.0131152 0.00727953 -0.0424264
v 0.0141294 0.00741569 -0.0420757
v 0.0131325 0.00906473 -0.0420757
v 0.0172107 0.0118797 -0.0398455
v 0.00906473 0.0131325 -0.0420757
v 0.00660591 0.0134671 -0.0424264
v 0.00741569 0.0141294 -0.0420757
v 0.00565851 0.0149203 -0.0420757
v 0.00741569 0.0195536 -0.0398455
v 0.0050047 0.0203049 -0.0398455
v 0.00611761 0.0248201 -0.0370343
v 0.00489473 0.0248747 -0.0371792
v 0.00970571 0.0248747 -0.0362222
v 0.00375979 0.0145212 -0.0424264
v 0.00381881 0.0154935 -0.0420757
v 0.00252073 0.0207601 -0.0398455
v 6.88864e-18 0.0248747 -0.0375
v 5.92404e-18 0.0209125 -0.0398455
v -0.00252073 0.0207601 -0.0398455
v 9.77098e-19 0.0159572 -0.0420757
v -0.00192343 0.0158409 -0.0420757
v -0.00227142 0.014827 -0.0424264
v -0.00381881 0.0154935 -0.0420757
v -0.00520958 0.0140663 -0.0424264
v -0.00565851 0.0149203 -0.0420757
v -0.00741569 0.0141294 -0.0420757
v -0.00971854 0.0185171 -0.0398455
v -0.0118797 0.0172107 -0.0398455
v -0.0145214 0.0210379 -0.0370343
v -0.0169513 0.0191341 -0.0370343
v -0.0197879 0.022336 -0.033683
v -0.022336 0.0197879 -0.033683
v -0.0228286 0.0248747 -0.0297507
v -0.0252121 0.022336 -0.0298405
v -0.0265165 0.0248747 -0.0265165
v -0.0277206 0.0245583 -0.0255629
v -0.0297507 0.0248747 -0.0228286
v -0.0304786 0.0210379 -0.0255629
v -0.0327922 0.0226348 -0.0209125
v -0.0352815 0.0185171 -0.0209125
v -0.0372562 0.0195536 -0.0159572
v -0.0393415 0.0149203 -0.0159572
v -0.0408531 0.0154935 -0.0107692
v -0.0424228 0.0104563 -0.0107692
v 0.00381881 0.0154935 -0.0420757
v 0.00375979 0.0145212 -0.0424264
v 0.00192343 0.0158409 -0.0420757
v 0.000759738 0.0149807 -0.0424264
v 9.77098e-19 0.0159572 -0.0420757
v -0.00227142 0.014827 -0.0424264
v -0.00793446 0.0127297 -0.0424264
v -0.00906473 0.0131325 -0.0420757
v -0.0138676 0.0156533 -0.0398455
v -0.0191341 0.0169513 -0.0370343
v -0.0245583 0.0169513 -0.033683
v -0.0277206 0.0191341 -0.0298405
v -0.0298248 0.0156533 -0.0298405
v -0.0327922 0.0172107 -0.0255629
v -0.0346276 0.0131325 -0.0255629
v -0.0372562 0.0141294 -0.0209125
v -0.0386877 0.00953566 -0.0209125
v -0.0408531 0.0100694 -0.0159572
v -0.041769 0.00507167 -0.0159572
v -0.0103345 0.0108719 -0.0424264
v -0.0105816 0.0119442 -0.0420757
v -0.0156533 0.0138676 -0.0398455
v -0.0210379 0.0145214 -0.0370343
v -0.0264225 0.0138676 -0.033683
v -0.0314941 0.0119442 -0.0298405
v -0.0359581 0.00886288 -0.0255629
v -0.039555 0.00480285 -0.0209125
v -0.0119442 0.0105816 -0.0420757
v -0.0123115 0.00856902 -0.0424264
v -0.0131325 0.00906473 -0.0420757
v -0.0141294 0.00741569 -0.0420757
v -0.0185171 0.00971854 -0.0398455
v -0.0195536 0.00741569 -0.0398455
v -0.0239017 0.00906473 -0.0370343
v -0.0248201 0.00611761 -0.0370343
v -0.0289734 0.0071413 -0.033683
v -0.0296229 0.00359688 -0.033683
v -0.0334374 0.00406004 -0.0298405
v -0.0137844 0.00591534 -0.0424264
v -0.0149203 0.00565851 -0.0420757
v -0.0203049 0.0050047 -0.0398455
v -0.0253765 0.00308127 -0.0370343
v -0.0146929 0.00301948 -0.0424264
v -0.0154935 0.00381881 -0.0420757
v -0.0207601 0.00252073 -0.0398455
v -0.0158409 0.00192343 -0.0420757
v -0.015 1.83697e-18 -0.0424264
v -0.0375 0.0147902 0.02
v -0.0375 0.0177123 0.017465
v -0.0393415 0.0149203 0.0159572
v -0.0375 0.0202059 0.0145076
v -0.0375 0.0236788 0.00762015
v -0.0375 0.0245739 0.00385671
v -0.039555 0.0207601 0.00542415
v -0.0398455 0.0209125 6.245e-19
v -0.041769 0.0158409 0.00542415
v -0.0420757 0.0159572 6.245e-19
v -0.0375 0.0248747 0
v -0.0371792 0.0248747 -0.00489473
v -0.039555 0.0207601 -0.00542415
v -0.0362222 0.0248747 -0.00970571
v -0.0386877 0.0203049 -0.0107692
v -0.0359581 0.0248201 -0.0107692
v -0.0346276 0.0239017 -0.0159572
v -0.0346455 0.0248747 -0.0143506
v -0.032476 0.0248747 -0.01875
v -0.0327922 0.0226348 -0.0209125
v -0.0297507 0.0248747 -0.0228286
v -0.0228286 0.0248747 -0.0297507
v -0.01875 0.0248747 -0.032476
v -0.0197879 0.022336 -0.033683
v -0.0169513 0.0245583 -0.033683
v -0.0145214 0.0210379 -0.0370343
v -0.0143506 0.0248747 -0.0346455
v -0.0118797 0.0226348 -0.0370343
v -0.00970571 0.0248747 -0.0362222
v -0.00906473 0.0239017 -0.0370343
v -0.00611761 0.0248201 -0.0370343
v -0.0050047 0.0203049 -0.0398455
v -0.00489473 0.0248747 -0.0371792
v -0.00252073 0.0207601 -0.0398455
v 6.88864e-18 0.0248747 -0.0375
v 0.0143506 0.0248747 -0.0346455
v 0.0118797 0.0226348 -0.0370343
v 0.00970571 0.0248747 -0.0362222
v 0.00906473 0.0239017 -0.0370343
v 0.00611761 0.0248201 -0.0370343
v 0.00741569 0.0195536 -0.0398455
v 0.01875 0.0248747 -0.032476
v 0.0169513 0.0245583 -0.033683
v 0.0145214 0.0210379 -0.0370343
v 0.0118797 0.0172107 -0.0398455
v 0.00971854 0.0185171 -0.0398455
v 0.00906473 0.0131325 -0.0420757
v 0.00741569 0.0141294 -0.0420757
v 0.0197879 0.022336 -0.033683
v 0.0228286 0.0248747 -0.0297507
v 0.0327922 0.0226348 -0.0209125
v 0.032476 0.0248747 -0.01875
v 0.0346276 0.0239017 -0.0159572
v 0.0346455 0.0248747 -0.0143506
v 0.0359581 0.0248201 -0.0107692
v 0.0362222 0.0248747 -0.00970571
v 0.0386877 0.0203049 -0.0107692
v 0.039555 0.0207601 -0.00542415
v 0.0371792 0.0248747 -0.00489473
v 0.0398455 0.0209125 6.245e-19
v 0.0375 0.0248747 4.59243e-18
v 0.0375 0.0245739 0.00385671
v 0.039555 0.0207601 0.00542415
v 0.0375 0.0236788 0.00762015
v 0.0386877 0.0203049 0.0107692
v 0.0375 0.0222109 0.0111993
v 0.0375 0.0202059 0.0145076
v 0.0375 0.0177123 0.017465
v 0.0393415 0.0149203 0.0159572
v 0.0408531 0.0154935 0.0107692
v 0.041769 0.0158409 0.00542415
v 0.0420757 0.0159572 0
v 0.041769 0.0158409 -0.00542415
v 0.0408531 0.0154935 -0.0107692
v 0.0375 0.0147902 0.02
v 0.0390536 0.00999072 0.02
v 0.0408531 0.0100694 0.0159572
v 0.0399956 0.00503479 0.02
v 0.041769 0.00507167 0.0159572
v 0.0403113 -2.46835e-18 0.02
v 0.0399956 -0.00503479 0.02
v 0.0390536 -0.00999072 0.02
v 0.0408531 -0.0100694 0.0159572
v 0.039413 -0.0147303 0.0159572
v 0.0375 -0.0147902 0.02
v 0.0393415 -0.0149203 0.0159572
v 0.0375 -0.0177123 0.017465
v 0.0375 -0.0202059 0.0145076
v 0.0375 -0.0222109 0.0111993
v 0.0386877 -0.0203049 0.0107692
v 0.0408531 -0.0154935 0.0107692
v 0.0375 -0.0236788 0.00762015
v 0.039555 -0.0207601 0.00542415
v 0.041769 -0.0158409 0.00542415
v 0.0410175 -0.0150528 0.0107692
v 0.0375 -0.0245739 0.00385671
v 0.0398455 -0.0209125 0
v 0.0420757 -0.0159572 6.245e-19
v 0.0375 -0.0248747 4.59243e-18
v 0.0371792 -0.0248747 -0.00489473
v 0.039555 -0.0207601 -0.00542415
v 0.0362222 -0.0248747 -0.00970571
v 0.0386877 -0.0203049 -0.0107692
v 0.0359581 -0.0248201 -0.0107692
v 0.0346276 -0.0239017 -0.0159572
v 0.0346455 -0.0248747 -0.0143506
v 0.032476 -0.0248747 -0.01875
v 0.0327922 -0.0226348 -0.0209125
v 0.0297507 -0.0248747 -0.0228286
v 0.0304786 -0.0210379 -0.0255629
v 0.0277206 -0.0245583 -0.0255629
v 0.0252121 -0.022336 -0.0298405
v 0.0265165 -0.0248747 -0.0265165
v 0.0228286 -0.0248747 -0.0297507
v 0.01875 -0.0248747 -0.032476
v 0.0197879 -0.022336 -0.033683
v 0.022336 -0.0197879 -0.033683
v 0.0277206 -0.0191341 -0.0298405
v 0.0327922 -0.0172107 -0.0255629
v 0.0352815 -0.0185171 -0.0209125
v 0.0372562 -0.0141294 -0.0209125
v 0.0393415 -0.0149203 -0.0159572
v 0.0408531 -0.0100694 -0.0159572
v 0.0408531 -0.0154935 -0.0107692
v 0.0169513 -0.0245583 -0.033683
v 0.0143506 -0.0248747 -0.0346455
v 0.0145214 -0.0210379 -0.0370343
v 0.0118797 -0.0226348 -0.0370343
v 0.00971854 -0.0185171 -0.0398455
v 0.00970571 -0.0248747 -0.0362222
v -0.0050047 -0.0203049 -0.0398455
v -0.00489473 -0.0248747 -0.0371792
v -0.00611761 -0.0248201 -0.0370343
v -0.00970571 -0.0248747 -0.0362222
v -0.00906473 -0.0239017 -0.0370343
v -0.0118797 -0.0226348 -0.0370343
v -0.00971854 -0.0185171 -0.0398455
v -0.0118797 -0.0172107 -0.0398455
v -0.00906473 -0.0131325 -0.0420757
v -0.0105816 -0.0119442 -0.0420757
v -0.0143506 -0.0248747 -0.0346455
v -0.0145214 -0.0210379 -0.0370343
v -0.0138676 -0.0156533 -0.0398455
v -0.0169513 -0.0245583 -0.033683
v -0.01875 -0.0248747 -0.032476
v -0.0197879 -0.022336 -0.033683
v -0.0228286 -0.0248747 -0.0297507
v -0.0297507 -0.0248747 -0.0228286
v -0.032476 -0.0248747 -0.01875
v -0.0327922 -0.0226348 -0.0209125
v -0.0346276 -0.0239017 -0.0159572
v -0.0346455 -0.0248747 -0.0143506
v -0.0359581 -0.0248201 -0.0107692
v -0.0362222 -0.0248747 -0.00970571
v -0.0398455 -0.0209125 0
v -0.0375 -0.0245739 0.00385671
v -0.039555 -0.0207601 0.00542415
v -0.0375 -0.0236788 0.00762015
v -0.0386877 -0.0203049 0.0107692
v -0.0375 -0.0222109 0.0111993
v -0.0375 -0.0202059 0.0145076
v -0.0399956 -0.00503479 0.02
v -0.0403113 -2.46835e-18 0.02
v -0.041769 -0.00507167 0.0159572
v -0.0158409 -0.00192343 -0.0420757
v -0.0207601 -0.00252073 -0.0398455
v -0.0159572 1.9542e-18 -0.0420757
v -0.0209125 2.56105e-18 -0.0398455
v -0.0253765 -0.00308127 -0.0370343
v -0.0255629 3.13055e-18 -0.0370343
v -0.0296229 -0.00359688 -0.033683
v -0.0298405 3.65441e-18 -0.033683
v -0.0334374 -0.00406004 -0.0298405
v -0.033683 4.12498e-18 -0.0298405
v -0.0367643 -0.00446399 -0.0255629
v -0.0370343 4.53539e-18 -0.0255629
v -0.041769 -0.00507167 -0.0159572
v -0.0420757 -5.15279e-18 -0.0159572
v -0.0398455 4.87967e-18 -0.0209125
v -0.039555 -0.00480285 -0.0209125
v -0.0393415 -0.0149203 -0.0159572
v -0.0408531 -0.0154935 -0.0107692
v -0.0408531 -0.0100694 -0.0159572
v 0.0408531 -0.0154935 0.0107692
v 0.0410175 -0.0150528 0.0107692
v 0.039413 -0.0147303 0.0159572
v 0.0393415 0.0149203 0.0159572
v 0.0408531 0.0100694 0.0159572
v 0.0424228 0.0104563 0.0107692
v 0.0408531 0.0154935 0.0107692
v 0.0149203 0.00565851 -0.0420757
v 0.0195536 0.00741569 -0.0398455
v 0.0154935 0.00381881 -0.0420757
v 0.0203049 0.0050047 -0.0398455
v 0.0158409 0.00192343 -0.0420757
v 0.0239017 0.00906473 -0.0370343
v 0.0226348 0.0118797 -0.0370343
v 0.0264225 0.0138676 -0.033683
v 0.0245583 0.0169513 -0.033683
v 0.0277206 0.0191341 -0.0298405
v 0.0252121 0.022336 -0.0298405
v 0.0277206 0.0245583 -0.0255629
v 0.0185171 0.00971854 -0.0398455
v 0.0141294 0.00741569 -0.0420757
v 0.0172107 0.0118797 -0.0398455
v 0.0314941 0.0119442 -0.0298405
v 0.0346276 0.0131325 -0.0255629
v 0.0327042 0.00806087 -0.0298405
v 0.0359581 0.00886288 -0.0255629
v 0.0334374 0.00406004 -0.0298405
v 0.0367643 0.00446399 -0.0255629
v 0.033683 0 -0.0298405
v 0.0372562 0.0141294 -0.0209125
v 0.0386877 0.00953566 -0.0209125
v 0.0327922 0.0172107 -0.0255629
v 0.0352815 0.0185171 -0.0209125
v 0.0372562 0.0195536 -0.0159572
v 0.0393415 0.0149203 -0.0159572
v 0.0386877 0.0203049 -0.0107692
v 0.0424228 0.0104563 -0.0107692
v 0.0408531 0.0100694 -0.0159572
v 0.0408531 0.0154935 -0.0107692
v 0.0289734 0.0071413 -0.033683
v 0.0296229 0.00359688 -0.033683
v 0.0253765 0.00308127 -0.0370343
v 0.0255629 0 -0.0370343
v 0.0209125 0 -0.0398455
v 0.0207601 -0.00252073 -0.0398455
v 0.0158409 -0.00192343 -0.0420757
v 0.0154935 -0.00381881 -0.0420757
v 0.0298405 0 -0.033683
v 0.0296229 -0.00359688 -0.033683
v 0.041769 0.00507167 -0.0159572
v 0.0420757 0 -0.0159572
v 0.0398455 0 -0.0209125
v 0.039555 -0.00480285 -0.0209125
v 0.0367643 -0.00446399 -0.0255629
v 0.0359581 -0.00886288 -0.0255629
v 0.0327042 -0.00806087 -0.0298405
v 0.0314941 -0.0119442 -0.0298405
v 0.0279014 -0.0105816 -0.033683
v 0.0264225 -0.0138676 -0.033683
v 0.0226348 -0.0118797 -0.0370343
v 0.0210379 -0.0145214 -0.0370343
v 0.0172107 -0.0118797 -0.0398455
v 0.0156533 -0.0138676 -0.0398455
v 0.0119442 -0.0105816 -0.0420757
v 0.0105816 -0.0119442 -0.0420757
v 0.0253765 -0.00308127 -0.0370343
v 0.0203049 -0.0050047 -0.0398455
v 0.0149203 -0.00565851 -0.0420757
v 0.041769 -0.00507167 -0.0159572
v 0.0386877 -0.00953566 -0.0209125
v 0.0346276 -0.0131325 -0.0255629
v 0.0298248 -0.0156533 -0.0298405
v 0.0245583 -0.0169513 -0.033683
v 0.0191341 -0.0169513 -0.0370343
v 0.0138676 -0.0156533 -0.0398455
v 0.00906473 -0.0131325 -0.0420757
v 0.0248201 -0.00611761 -0.0370343
v 0.0296229 -0.00359688 -0.033683
v 0.0408531 -0.0100694 -0.0159572
v 0.0372562 -0.0141294 -0.0209125
v 0.0327922 -0.0172107 -0.0255629
v 0.0277206 -0.0191341 -0.0298405
v 0.022336 -0.0197879 -0.033683
v 0.0169513 -0.0191341 -0.0370343
v 0.0118797 -0.0172107 -0.0398455
v 0.00741569 -0.0141294 -0.0420757
v 0.0195536 -0.00741569 -0.0398455
v 0.0398455 -0.0209125 0
v 0.039555 -0.0207601 -0.00542415
v 0.0420757 -0.0159572 6.245e-19
v 0.041769 -0.0158409 -0.00542415
v 0.0386877 -0.0203049 -0.0107692
v 0.0408531 -0.0154935 -0.0107692
v 0.0393415 -0.0149203 -0.0159572
v 0.0372562 -0.0195536 -0.0159572
v 0.0346276 -0.0239017 -0.0159572
v 0.0141294 -0.00741569 -0.0420757
v 0.0149203 -0.00565851 -0.0420757
v -0.0203049 -0.0050047 -0.0398455
v -0.0154935 -0.00381881 -0.0420757
v -0.0195536 -0.00741569 -0.0398455
v -0.0149203 -0.00565851 -0.0420757
v -0.0248201 -0.00611761 -0.0370343
v -0.0239017 -0.00906473 -0.0370343
v -0.0289734 -0.0071413 -0.033683
v -0.0279014 -0.0105816 -0.033683
v -0.0327042 -0.00806087 -0.0298405
v -0.0314941 -0.0119442 -0.0298405
v -0.0359581 -0.00886288 -0.0255629
v -0.0346276 -0.0131325 -0.0255629
v -0.0386877 -0.00953566 -0.0209125
v -0.0372562 -0.0141294 -0.0209125
v -0.0408531 -0.0100694 -0.0159572
v -0.0393415 -0.0149203 -0.0159572
v -0.039555 0.00480285 -0.0209125
v -0.0359581 0.00886288 -0.0255629
v -0.0367643 0.00446399 -0.0255629
v -0.0327042 0.00806087 -0.0298405
v -0.0334374 0.00406004 -0.0298405
v -0.0289734 0.0071413 -0.033683
v -0.0154935 0.00381881 -0.0420757
v -0.0158409 0.00192343 -0.0420757
v -0.0207601 0.00252073 -0.0398455
v -0.0372562 0.0141294 -0.0209125
v -0.0408531 0.0100694 -0.0159572
v -0.0393415 0.0149203 -0.0159572
v -0.0424228 0.0104563 -0.0107692
v -0.0314941 0.0119442 -0.0298405
v -0.0279014 0.0105816 -0.033683
v -0.0239017 0.00906473 -0.0370343
v -0.0398455 0.0209125 6.245e-19
v -0.039555 0.0207601 -0.00542415
v -0.0420757 0.0159572 6.245e-19
v -0.041769 0.0158409 -0.00542415
v -0.0386877 0.0203049 -0.0107692
v -0.0408531 0.0154935 -0.0107692
v -0.0327922 0.0172107 -0.0255629
v -0.0352815 0.0185171 -0.0209125
v -0.0264225 0.0138676 -0.033683
v -0.0226348 0.0118797 -0.0370343
v -0.0185171 0.00971854 -0.0398455
v -0.0408531 0.0100694 0.0159572
v -0.0394241 0.0147007 0.0159572
v -0.0410427 0.0149839 0.0107692
v -0.0408531 0.0154935 0.0107692
v -0.0424228 0.0104563 0.0107692
v -0.0172107 -0.0118797 -0.0398455
v -0.0131325 -0.00906473 -0.0420757
v -0.0156533 -0.0138676 -0.0398455
v -0.0119442 -0.0105816 -0.0420757
v -0.0210379 -0.0145214 -0.0370343
v -0.0191341 -0.0169513 -0.0370343
v -0.0245583 -0.0169513 -0.033683
v -0.022336 -0.0197879 -0.033683
v -0.0277206 -0.0191341 -0.0298405
v -0.0252121 -0.022336 -0.0298405
v -0.0304786 -0.0210379 -0.0255629
v -0.0277206 -0.0245583 -0.0255629
v -0.0169513 -0.0245583 -0.033683
v -0.0197879 -0.022336 -0.033683
v -0.0169513 -0.0191341 -0.0370343
v -0.0145214 -0.0210379 -0.0370343
v -0.0138676 -0.0156533 -0.0398455
v -0.00906473 -0.0131325 -0.0420757
v -0.00741569 -0.0141294 -0.0420757
v -0.00971854 -0.0185171 -0.0398455
v -0.00741569 -0.0195536 -0.0398455
v -0.00906473 -0.0239017 -0.0370343
v -0.00611761 -0.0248201 -0.0370343
v -0.00565851 -0.0149203 -0.0420757
v -0.0050047 -0.0203049 -0.0398455
v 9.77098e-19 -0.0159572 -0.0420757
v 5.92404e-18 -0.0209125 -0.0398455
v -0.00192343 -0.0158409 -0.0420757
v 0.0050047 -0.0203049 -0.0398455
v 0.00381881 -0.0154935 -0.0420757
v 0.00741569 -0.0195536 -0.0398455
v 0.00565851 -0.0149203 -0.0420757
v 0.00611761 -0.0248201 -0.0370343
v 0.00906473 -0.0239017 -0.0370343
v 0.0145214 -0.0210379 -0.0370343
v 0.00971854 -0.0185171 -0.0398455
v 0.0118797 -0.0172107 -0.0398455
v 0.00741569 -0.0141294 -0.0420757
v 0.0169513 -0.0191341 -0.0370343
v 0.0169513 -0.0245583 -0.033683
v 0.0197879 -0.022336 -0.033683
v 0.022336 -0.0197879 -0.033683
v 0.0372562 -0.0195536 -0.0159572
v 0.0346276 -0.0239017 -0.0159572
v 0.0327922 -0.0226348 -0.0209125
v 0.0352815 -0.0185171 -0.0209125
v 0.0304786 -0.0210379 -0.0255629
v 0.0393415 -0.0149203 -0.0159572
v 0.0172107 0.0118797 -0.0398455
v 0.0210379 0.0145214 -0.0370343
v 0.0185171 0.00971854 -0.0398455
v 0.0226348 0.0118797 -0.0370343
v 0.0195536 0.00741569 -0.0398455
v 0.0245583 0.0169513 -0.033683
v 0.022336 0.0197879 -0.033683
v 0.0252121 0.022336 -0.0298405
v 0.0191341 0.0169513 -0.0370343
v 0.0352815 0.0185171 -0.0209125
v 0.0327922 0.0172107 -0.0255629
v 0.0327922 0.0226348 -0.0209125
v 0.0372562 0.0195536 -0.0159572
v 0.0346276 0.0239017 -0.0159572
v 0.0386877 0.0203049 -0.0107692
v 0.0359581 0.0248201 -0.0107692
v 0.0138676 0.0156533 -0.0398455
v 0.0105816 0.0119442 -0.0420757
v 0.0118797 0.0172107 -0.0398455
v 0.00906473 0.0131325 -0.0420757
v 0.0169513 0.0191341 -0.0370343
v 0.0145214 0.0210379 -0.0370343
v 0.0197879 0.022336 -0.033683
v 0.0169513 0.0245583 -0.033683
v 0.00971854 0.0185171 -0.0398455
v 0.00741569 0.0141294 -0.0420757
v 0.00741569 0.0195536 -0.0398455
v 0.0118797 0.0226348 -0.0370343
v 0.00906473 0.0239017 -0.0370343
v 9.77098e-19 0.0159572 -0.0420757
v 5.92404e-18 0.0209125 -0.0398455
v 0.00192343 0.0158409 -0.0420757
v 0.00252073 0.0207601 -0.0398455
v 0.00381881 0.0154935 -0.0420757
v -0.00252073 0.0207601 -0.0398455
v -0.00192343 0.0158409 -0.0420757
v -0.0050047 0.0203049 -0.0398455
v -0.00381881 0.0154935 -0.0420757
v -0.00741569 0.0195536 -0.0398455
v -0.00565851 0.0149203 -0.0420757
v -0.00971854 0.0185171 -0.0398455
v -0.00906473 0.0239017 -0.0370343
v -0.0118797 0.0226348 -0.0370343
v -0.0145214 0.0210379 -0.0370343
v -0.0105816 0.0119442 -0.0420757
v -0.0119442 0.0105816 -0.0420757
v -0.0156533 0.0138676 -0.0398455
v -0.0172107 0.0118797 -0.0398455
v -0.0210379 0.0145214 -0.0370343
v -0.0226348 0.0118797 -0.0370343
v -0.0264225 0.0138676 -0.033683
v -0.0304786 0.0210379 -0.0255629
v -0.0277206 0.0245583 -0.0255629
v -0.0252121 0.022336 -0.0298405
v -0.0277206 0.0191341 -0.0298405
v -0.022336 0.0197879 -0.033683
v -0.0131325 0.00906473 -0.0420757
v -0.0185171 0.00971854 -0.0398455
v -0.0352815 0.0185171 -0.0209125
v -0.0327922 0.0172107 -0.0255629
v -0.0386877 0.0203049 -0.0107692
v -0.0346276 0.0239017 -0.0159572
v -0.0372562 0.0195536 -0.0159572
v -0.0327922 0.0226348 -0.0209125
v -0.0408531 0.0154935 -0.0107692
v 0.0375 0.0147902 0.02
v 0.0375 -0.0147902 0.02
v 0.0390536 0.00999072 0.02
v 0.0390536 -0.00999072 0.02
v 0.0399956 0.00503479 0.02
v 0.0399956 -0.00503479 0.02
v 0.0403113 -2.46835e-18 0.02
v -0.0375 0.0147902 0.02
v -0.0390536 0.00999072 0.02
v -0.0375 -0.0147902 0.02
v -0.0390536 -0.00999072 0.02
v -0.0399956 0.00503479 0.02
v -0.0399956 -0.00503479 0.02
v -0.0403113 -2.46835e-18 0.02
v 0 -0.015 -0.06
v -0.00292635 -0.0147118 -0.06
v -0.0375 -0.015 -0.06
v -0.00574025 -0.0138582 -0.06
v -0.00833355 -0.012472 -0.06
v -0.0106066 -0.0106066 -0.06
v -0.012472 -0.00833355 -0.06
v -0.0138582 -0.00574025 -0.06
v -0.0147118 -0.00292635 -0.06
v -0.015 1.83697e-18 -0.06
v -0.0375 0.015 -0.06
v -0.0147118 0.00292635 -0.06
v -0.0138582 0.00574025 -0.06
v -0.012472 0.00833355 -0.06
v -0.0106066 0.0106066 -0.06
v -0.00833355 0.012472 -0.06
v -0.00574025 0.0138582 -0.06
v -0.00292635 0.0147118 -0.06
v 0 0.015 -0.06
v 0.00292635 0.0147118 -0.06
v 0.0375 0.015 -0.06
v 0.00574025 0.0138582 -0.06
v 0.00833355 0.012472 -0.06
v 0.0106066 0.0106066 -0.06
v 0.012472 0.00833355 -0.06
v 0.0138582 0.00574025 -0.06
v 0.0147118 0.00292635 -0.06
v 0.015 -3.67394e-18 -0.06
v 0.0375 -0.015 -0.06
v 0.0147118 -0.00292635 -0.06
v 0.0138582 -0.00574025 -0.06
v 0.012472 -0.00833355 -0.06
v 0.0106066 -0.0106066 -0.06
v 0.00833355 -0.012472 -0.06
v 0.00574025 -0.0138582 -0.06
v 0.00292635 -0.0147118 -0.06
v 0 -0.015 -0.06
v -0.0375 0.015 -0.16
v 0.0375 0.015 -0.16
v -0.0375 -0.015 -0.06
v -0.0375 0.015 -0.06
v -0.0375 -0.015 -0.16
v 0.0375 -0.015 -0.16
v -0.0146929 0.00301948 -0.0424264
v -0.0147118 0.00292635 -0.06
v -0.015 1.83697e-18 -0.0424264
v -0.015 1.83697e-18 -0.06
v -0.0147118 -0.00292635 -0.06
v -0.0138582 0.00574025 -0.06
v -0.0137844 0.00591534 -0.0424264
v -0.012472 0.00833355 -0.06
v -0.0123115 0.00856902 -0.0424264
v -0.0106066 0.0106066 -0.06
v -0.0103345 0.0108719 -0.0424264
v -0.00833355 0.012472 -0.06
v -0.00793446 0.0127297 -0.0424264
v -0.00574025 0.0138582 -0.06
v -0.00520958 0.0140663 -0.0424264
v -0.00292635 0.0147118 -0.06
v -0.00227142 0.014827 -0.0424264
v 0 0.015 -0.06
v 0.000759738 0.0149807 -0.0424264
v 0.00292635 0.0147118 -0.06
v 0.00375979 0.0145212 -0.0424264
v 0.00574025 0.0138582 -0.06
v 0.00660591 0.0134671 -0.0424264
v 0.00833355 0.012472 -0.06
v 0.00918159 0.0118616 -0.0424264
v 0.0106066 0.0106066 -0.06
v 0.0113814 0.00977059 -0.0424264
v 0.012472 0.00833355 -0.06
v 0.0131152 0.00727953 -0.0424264
v 0.0138582 0.00574025 -0.06
v 0.0143121 0.00449045 -0.0424264
v 0.0147118 0.00292635 -0.06
v 0.014923 0.00151752 -0.0424264
v 0.015 -3.67394e-18 -0.06
v 0.014923 -0.00151752 -0.0424264
v 0.0147118 -0.00292635 -0.06
v 0.0143121 -0.00449045 -0.0424264
v 0.0138582 -0.00574025 -0.06
v 0.0131152 -0.00727953 -0.0424264
v 0.012472 -0.00833355 -0.06
v 0.0113814 -0.00977059 -0.0424264
v 0.0106066 -0.0106066 -0.06
v 0.00918159 -0.0118616 -0.0424264
v 0.00833355 -0.012472 -0.06
v 0.00660591 -0.0134671 -0.0424264
v 0.00574025 -0.0138582 -0.06
v 0.00375979 -0.0145212 -0.0424264
v 0.00292635 -0.0147118 -0.06
v 0.000759738 -0.0149807 -0.0424264
v 0 -0.015 -0.06
v -0.00227142 -0.014827 -0.0424264
v -0.00292635 -0.0147118 -0.06
v -0.00520958 -0.0140663 -0.0424264
v -0.00574025 -0.0138582 -0.06
v -0.00793446 -0.0127297 -0.0424264
v -0.00833355 -0.012472 -0.06
v -0.0103345 -0.0108719 -0.0424264
v -0.0106066 -0.0106066 -0.06
v -0.0123115 -0.00856902 -0.0424264
v -0.012472 -0.00833355 -0.06
v -0.0137844 -0.00591534 -0.0424264
v -0.0138582 -0.00574025 -0.06
v -0.0146929 -0.00301948 -0.0424264
v -0.0147118 -0.00292635 -0.06
v -0.015 1.83697e-18 -0.0424264
vn -0.00215766 0.994867 0.101168
vn 5.45162e-17 0.995239 0.097468
vn -5.48233e-17 0.995185 -0.0980171
vn 0.00212044 0.95683 0.290642
vn -0.00277247 0.954136 0.299362
vn 0.00273797 0.879887 0.475175
vn -0.00280035 0.874343 0.4853
vn 0.00382852 0.77275 0.634699
vn -0.00514362 0.758748 0.651364
vn 0.00485325 0.635532 0.772059
vn -0.00579175 0.612096 0.790762
vn 0.00651098 0.476109 0.879362
vn -0.00642591 0.440385 0.897786
vn 0.00624171 0.291333 0.956601
vn -0.00649574 0.250647 0.968057
vn 0.00616772 0.0976654 0.9952
vn -0.00716217 0.0506479 0.998691
vn 0.00683386 -0.0976928 0.995193
vn -0.00794257 -0.151423 0.988437
vn 0.00787143 -0.291517 0.956533
vn -0.00857886 -0.347292 0.937718
vn 0.0086571 -0.476436 0.879166
vn -0.00903279 -0.528942 0.84861
vn 0.00944249 -0.636239 0.771434
vn -0.0111915 -0.688924 0.724747
vn 0.0108788 -0.773613 0.633565
vn -0.0121766 -0.820703 0.571226
vn 0.0132433 -0.880659 0.473566
vn -0.0141718 -0.918866 0.394316
vn 0.0142054 -0.957126 0.289322
vn -0.0151873 -0.979417 0.201275
vn 0.0143044 -0.995191 0.0969075
vn -0.0156201 -0.999878 0
vn 0.0146448 -0.995078 -0.0980066
vn -0.015559 -0.979411 -0.201274
vn 0.0145227 -0.956839 -0.290254
vn -0.0153758 -0.918849 -0.394309
vn 0.0142784 -0.881831 -0.471349
vn -0.0150706 -0.82067 -0.571203
vn 0.0139121 -0.772936 -0.634332
vn -0.0146432 -0.688893 -0.724715
vn 0.0134237 -0.634336 -0.772941
vn -0.0140938 -0.528911 -0.84856
vn 0.0128132 -0.471358 -0.881849
vn -0.0134223 -0.347274 -0.937668
vn 0.0120807 -0.290264 -0.95687
vn -0.0126287 -0.151416 -0.988389
vn 0.0112261 -0.098011 -0.995122
vn -0.0117132 0.0506457 -0.998648
vn 0.0102494 0.098012 -0.995132
vn -0.0106756 0.250638 -0.968022
vn 0.00915083 0.290273 -0.9569
vn -0.00951602 0.440374 -0.897764
vn 0.00793027 0.471382 -0.881894
vn -0.00823453 0.612085 -0.790749
vn 0.00658781 0.63438 -0.772994
vn -0.00683116 0.75874 -0.651357
vn 0.00512348 0.773 -0.634385
vn -0.00530595 0.874334 -0.485295
vn 0.00353736 0.881916 -0.471394
vn -0.00365897 0.954133 -0.299361
vn 0.00182951 0.956939 -0.290284
vn -0.0018903 0.994868 -0.101168
vn -0.0146448 -0.995078 -0.0980066
vn 0.0156201 -0.999878 0
vn -0.0143044 -0.995191 0.0969075
vn 0.0151873 -0.979417 0.201275
vn -0.0142054 -0.957126 0.289322
vn 0.0141718 -0.918866 0.394316
vn -0.0132433 -0.880659 0.473566
vn 0.0121766 -0.820703 0.571226
vn -0.0108788 -0.773613 0.633565
vn 0.0111915 -0.688924 0.724747
vn -0.00944249 -0.636239 0.771434
vn 0.00903279 -0.528942 0.84861
vn -0.0086571 -0.476436 0.879166
vn 0.00857886 -0.347292 0.937718
vn -0.00787143 -0.291517 0.956533
vn 0.00794257 -0.151423 0.988437
vn -0.00683386 -0.0976928 0.995193
vn 0.00716217 0.0506479 0.998691
vn -0.00616772 0.0976654 0.9952
vn 0.00649574 0.250647 0.968057
vn -0.00624171 0.291333 0.956601
vn 0.00642591 0.440385 0.897786
vn -0.00651098 0.476109 0.879362
vn 0.00579175 0.612096 0.790762
vn -0.00485325 0.635532 0.772059
vn 0.00514362 0.758748 0.651364
vn -0.00382852 0.77275 0.634699
vn 0.00280035 0.874343 0.4853
vn -0.00273797 0.879887 0.475175
vn 0.00277247 0.954136 0.299362
vn -0.00212044 0.95683 0.290642
vn 0.00215766 0.994867 0.101168
vn -3.67508e-17 0.995239 0.097468
vn 3.65489e-17 0.995185 -0.0980171
vn 0.0018903 0.994868 -0.101168
vn -0.00182951 0.956939 -0.290284
vn 0.00365897 0.954133 -0.299361
vn -0.00353736 0.881916 -0.471394
vn 0.00530595 0.874334 -0.485295
vn -0.00512348 0.773 -0.634385
vn 0.00683116 0.75874 -0.651357
vn -0.00658781 0.63438 -0.772994
vn 0.00823453 0.612085 -0.790749
vn -0.00793027 0.471382 -0.881894
vn 0.00951602 0.440374 -0.897764
vn -0.00915083 0.290273 -0.9569
vn 0.0106756 0.250638 -0.968022
vn -0.0102494 0.098012 -0.995132
vn 0.0117132 0.0506457 -0.998648
vn -0.0112261 -0.098011 -0.995122
vn 0.0126287 -0.151416 -0.988389
vn -0.0120807 -0.290264 -0.95687
vn 0.0134223 -0.347274 -0.937668
vn -0.0128132 -0.471358 -0.881849
vn 0.0140938 -0.528911 -0.84856
vn -0.0134237 -0.634336 -0.772941
vn 0.0146432 -0.688893 -0.724715
vn -0.0139121 -0.772936 -0.634332
vn 0.0150706 -0.82067 -0.571203
vn -0.0142784 -0.881831 -0.471349
vn 0.0153758 -0.918849 -0.394309
vn -0.0145227 -0.956839 -0.290254
vn 0.015559 -0.979411 -0.201274
vn -1 0 0
vn 0.999246 0 0.0388309
vn 0.99783 -0.00762652 0.0654012
vn 0.99334 0.00219216 0.115195
vn 0.980776 -0.00430913 0.195089
vn 0.981345 -0.00538893 0.192181
vn 0.967737 0.00129284 0.251959
vn 0.95046 -0.00274825 0.310833
vn 0.94692 -0.00468466 0.321436
vn 0.936293 -0.000755889 0.351218
vn 0.924792 0.00013807 0.380473
vn 0.917401 -0.000203912 0.397964
vn 0.896872 -0.00158896 0.442288
vn 0.892672 -1.21951e-18 0.450708
vn 0.83147 -3.90077e-17 0.55557
vn 0.75184 0 0.659346
vn 0.659346 0 0.75184
vn 0.55557 -3.84816e-17 0.83147
vn 0.442289 1.85067e-16 0.896873
vn 0.321439 -7.60332e-17 0.94693
vn 0.19509 3.40133e-17 0.980785
vn 0.0654031 1.14028e-17 0.997859
vn -0.0654031 0 0.997859
vn -0.19509 -3.06119e-17 0.980785
vn -0.321439 7.60332e-17 0.94693
vn -0.442289 4.79817e-17 0.896873
vn -0.55557 -2.63017e-19 0.83147
vn -0.659346 1.11315e-16 0.75184
vn -0.75184 0 0.659346
vn -0.83147 -5.77224e-17 0.55557
vn -0.892672 1.21951e-18 0.450708
vn -0.896872 0.00158896 0.442288
vn -0.917401 0.000203912 0.397964
vn -0.924792 -0.00013807 0.380473
vn -0.936293 0.000755889 0.351218
vn -0.94692 0.00468466 0.321436
vn -0.95046 0.00274825 0.310833
vn -0.967737 -0.00129284 0.251959
vn -0.980773 0.00506632 0.195088
vn -0.981491 0.00401258 0.191465
vn -0.99334 -0.00219216 0.115195
vn -0.99783 0.00762652 0.0654012
vn -0.999246 0 0.0388309
vn 0.896872 0.00158896 0.442288
vn 0.917401 0.000203912 0.397964
vn 0.924792 -0.00013807 0.380473
vn 0.936293 0.000755889 0.351218
vn 0.94692 0.00468466 0.321436
vn 0.95046 0.00274825 0.310833
vn 0.967737 -0.00129284 0.251959
vn 0.981345 0.00538893 0.192181
vn 0.980776 0.00430913 0.195089
vn 0.99334 -0.00219216 0.115195
vn 0.99783 0.00762652 0.0654012
vn 0.999246 0 0.0388309
vn -0.896872 -0.00158896 0.442288
vn -0.917401 -0.000203912 0.397964
vn -0.924792 0.00013807 0.380473
vn -0.936293 -0.000755889 0.351218
vn -0.94692 -0.00468466 0.321436
vn -0.95046 -0.00274825 0.310833
vn -0.967737 0.00129284 0.251959
vn -0.980773 -0.00506632 0.195088
vn -0.981491 -0.00401258 0.191465
vn -0.99334 0.00219216 0.115195
vn -0.999246 0 0.0388309
vn -0.99783 -0.00762652 0.0654012
vn 1 0 0
vn 0.938399 -0.343781 -0.0349591
vn 0.938399 -0.343781 0.0349591
vn 0.915421 -0.397954 0.0603104
vn 0.934095 -0.345356 0.090525
vn 0.922627 -0.341116 0.18
vn 0.924152 -0.336845 0.180218
vn 0.926339 -0.329359 0.182809
vn 0.944599 -0.313173 0.0982586
vn 0.928147 -0.28242 0.24245
vn 0.913147 -0.27913 0.297066
vn 0.911595 -0.281654 0.299441
vn 0.877406 -0.271091 0.395813
vn 0.869013 -0.281305 0.407042
vn 0.926 -0.231085 0.298537
vn 0.925403 -0.169586 0.338926
vn 0.902604 -0.165408 0.397425
vn 0.914077 -0.0573074 0.401471
vn 0.915108 -0.0553538 0.399392
vn 0.915108 0.0553538 0.399392
vn 0.926199 0.0560247 0.37285
vn 0.939445 0.119021 0.321366
vn 0.927953 -0.164133 0.334608
vn 0.939059 -0.0861635 0.332783
vn 0.91664 -0.0554465 0.395848
vn 0.945049 -0.0165586 0.326508
vn 0.924445 0.0577416 0.376917
vn 0.922272 0.169013 0.347633
vn 0.928866 0.195937 0.314351
vn 0.919388 0.257482 0.297369
vn 0.999111 0.0290411 0.0305512
vn 0.919579 0.286553 0.268815
vn 0.928875 0.304005 0.211594
vn 0.921172 0.344894 0.180253
vn 0.937619 0.319488 0.137103
vn 0.93163 0.35597 0.0731536
vn 0.915062 0.398779 0.0603078
vn 0.947036 0.321127 0
vn 0.915062 0.398779 -0.0603078
vn 0.93163 0.35597 -0.0731536
vn 0.937619 0.319488 -0.137103
vn 0.921172 0.344894 -0.180253
vn 0.928875 0.304005 -0.211594
vn 0.919579 0.286553 -0.268815
vn 0.999111 0.0290411 -0.0305512
vn 0.919388 0.257482 -0.297369
vn 0.928866 0.195937 -0.314351
vn 0.922272 0.169013 -0.347633
vn 0.939445 0.119021 -0.321366
vn 0.926199 0.0560247 -0.37285
vn 0.924445 0.0577416 -0.376917
vn 0.945049 -0.0165586 -0.326508
vn 0.91664 -0.0554465 -0.395848
vn 0.939059 -0.0861635 -0.332783
vn 0.927953 -0.164133 -0.334608
vn 0.925403 -0.169586 -0.338926
vn 0.926 -0.231085 -0.298537
vn 0.911721 -0.283952 -0.296876
vn 0.925605 -0.287184 -0.246539
vn 0.925688 -0.330754 -0.183584
vn 0.923607 -0.338323 -0.180244
vn 0.940225 -0.324936 -0.101949
vn 0.915421 -0.397954 -0.0603104
vn -0.938399 -0.343781 0.0349591
vn -0.938399 -0.343781 -0.0349591
vn -0.915421 -0.397954 -0.0603104
vn -0.940225 -0.324936 -0.101949
vn -0.921481 -0.339616 -0.188502
vn -0.925542 -0.333001 -0.180229
vn -0.925605 -0.287184 -0.246539
vn -0.911721 -0.283952 -0.296876
vn -0.926 -0.231085 -0.298537
vn -0.925403 -0.169586 -0.338926
vn -0.927953 -0.164133 -0.334608
vn -0.939059 -0.0861635 -0.332783
vn -0.91664 -0.0554465 -0.395848
vn -0.945049 -0.0165586 -0.326508
vn -0.925035 0.0559543 -0.375738
vn -0.926451 0.0569998 -0.372075
vn -0.939445 0.119021 -0.321366
vn -0.922272 0.169013 -0.347633
vn -0.928866 0.195937 -0.314351
vn -0.919388 0.257482 -0.297369
vn -0.999111 0.0290411 -0.0305512
vn -0.919579 0.286553 -0.268815
vn -0.928875 0.304005 -0.211594
vn -0.921172 0.344894 -0.180253
vn -0.937619 0.319488 -0.137103
vn -0.93163 0.35597 -0.0731536
vn -0.915062 0.398779 -0.0603078
vn -0.947036 0.321127 0
vn -0.915062 0.398779 0.0603078
vn -0.93163 0.35597 0.0731536
vn -0.934194 0.344011 0.0945406
vn -0.944106 0.302926 0.129996
vn -0.92433 0.340378 0.172501
vn -0.921172 0.344894 0.180253
vn -0.897016 0.403714 0.179937
vn -0.862976 0.472005 0.180229
vn -0.851263 0.485499 0.199104
vn -0.841907 0.461486 0.279685
vn -0.873304 0.393042 0.287849
vn -0.873437 0.385785 0.297116
vn -0.89362 0.336059 0.297502
vn -0.85747 0.322464 0.400953
vn -0.868901 0.281269 0.407306
vn -0.877495 0.270757 0.395846
vn -0.898913 0.170863 0.403436
vn -0.902604 0.165408 0.397425
vn -0.914077 0.0573074 0.401471
vn -0.915108 0.0553538 0.399392
vn -0.915108 -0.0553538 0.399392
vn -0.91664 -0.0554465 0.395848
vn -0.939059 -0.0861635 0.332783
vn -0.921595 0.34297 0.181755
vn -0.930937 0.299727 0.208616
vn -0.922647 0.281222 0.263887
vn -0.999111 0.0290411 0.0305512
vn -0.919388 0.257482 0.297369
vn -0.928866 0.195937 0.314351
vn -0.922272 0.169013 0.347633
vn -0.939445 0.119021 0.321366
vn -0.926451 0.0569998 0.372075
vn -0.925035 0.0559543 0.375738
vn -0.945049 -0.0165586 0.326508
vn -0.927953 -0.164133 0.334608
vn -0.925403 -0.169586 0.338926
vn -0.902604 -0.165408 0.397425
vn -0.898913 -0.170863 0.403436
vn -0.876837 -0.273233 0.395601
vn -0.869775 -0.281552 0.405241
vn -0.849774 -0.345444 0.398187
vn -0.860213 -0.389845 0.328716
vn -0.873437 -0.385785 0.297116
vn -0.873304 -0.393042 0.287849
vn -0.897016 -0.403714 0.179937
vn -0.910242 -0.409667 0.0602687
vn -0.910242 -0.409667 -0.0602687
vn -0.897016 -0.403714 -0.179937
vn -0.87075 -0.391893 -0.297008
vn -0.831817 -0.37437 -0.40979
vn -0.780768 -0.351395 -0.516646
vn -0.718331 -0.323294 -0.616021
vn -0.645399 -0.290471 -0.706461
vn -0.563022 -0.253396 -0.786636
vn -0.472391 -0.212606 -0.855363
vn -0.374824 -0.168695 -0.911619
vn -0.321613 -0.144746 -0.935742
vn -0.281842 -0.156435 -0.946622
vn -0.926 -0.231085 0.298537
vn -0.911721 -0.283952 0.296876
vn -0.911639 -0.284078 0.297008
vn -0.925605 -0.287184 0.246539
vn -0.925688 -0.330754 0.183584
vn -0.923607 -0.338323 0.180244
vn -0.940225 -0.324936 0.101949
vn -0.915421 -0.397954 0.0603104
vn -0.320321 -0.0325734 -0.946749
vn -0.343917 -0.0208031 -0.93877
vn -0.343917 0.0208031 -0.93877
vn -0.410286 0.0248178 -0.911619
vn -0.517085 0.0312779 -0.855363
vn -0.61629 0.0372787 -0.786636
vn -0.706461 0.042733 -0.706461
vn -0.786293 0.0475619 -0.616021
vn -0.854637 0.051696 -0.516646
vn -0.910516 0.0550761 -0.40979
vn -0.31381 -0.0984584 -0.944367
vn -0.315335 -0.0982622 -0.94388
vn -0.346536 -0.063505 -0.935885
vn -0.404303 -0.0740914 -0.911619
vn -0.509544 -0.0933775 -0.855363
vn -0.607303 -0.111292 -0.786636
vn -0.696159 -0.127576 -0.706461
vn -0.774827 -0.141992 -0.616021
vn -0.842174 -0.154334 -0.516646
vn -0.897238 -0.164425 -0.40979
vn -0.244068 -0.209525 -0.946853
vn -0.272078 -0.213159 -0.938369
vn -0.293868 -0.177649 -0.939193
vn -0.351757 -0.212645 -0.911619
vn -0.44332 -0.267996 -0.855363
vn -0.528374 -0.319413 -0.786636
vn -0.605681 -0.366147 -0.706461
vn -0.674124 -0.407522 -0.616021
vn -0.732719 -0.442944 -0.516646
vn -0.780627 -0.471905 -0.40979
vn -0.817164 -0.493993 -0.297008
vn -0.832327 -0.503159 -0.232514
vn -0.847586 -0.499181 -0.180046
vn -0.844196 -0.509053 -0.167921
vn -0.861047 -0.504937 -0.0603119
vn -0.859156 -0.508606 -0.0563121
vn -0.859843 -0.509012 0.0397002
vn -0.200693 -0.259273 -0.944722
vn -0.204731 -0.26132 -0.943291
vn -0.248798 -0.248798 -0.936055
vn -0.290647 -0.290647 -0.911619
vn -0.366302 -0.366302 -0.855363
vn -0.436579 -0.436579 -0.786636
vn -0.499176 -0.499176 -0.70827
vn -0.503257 -0.497473 -0.706579
vn -0.55393 -0.542399 -0.631637
vn -0.616734 -0.489875 -0.616167
vn -0.566138 -0.658016 -0.49649
vn -0.658249 -0.515705 -0.548412
vn -0.694329 -0.500349 -0.51726
vn -0.182614 -0.30208 -0.935628
vn -0.142154 -0.289801 -0.946471
vn -0.140432 -0.312027 -0.939637
vn -0.103131 -0.33096 -0.937992
vn -0.122285 -0.392425 -0.911619
vn -0.0740914 -0.404303 -0.911619
vn -0.092263 -0.503463 -0.859077
vn -0.0558624 -0.52007 -0.852295
vn -0.0307993 -0.509172 -0.860113
vn 0.0307993 -0.509172 -0.860113
vn 0.0248178 -0.410286 -0.911619
vn 0.0213266 -0.35257 -0.935542
vn 0.0489567 -0.319573 -0.946296
vn -0.0805674 -0.31117 -0.946933
vn -0.0633286 -0.345573 -0.936253
vn -0.0248178 -0.410286 -0.911619
vn -0.0201419 -0.332986 -0.942717
vn -0.0165586 -0.326508 -0.945049
vn 0.111576 -0.301264 -0.94699
vn 0.103415 -0.331871 -0.937639
vn 0.0614473 -0.335307 -0.940103
vn 0.0740914 -0.404303 -0.911619
vn 0.092263 -0.503463 -0.859077
vn 0.0558624 -0.52007 -0.852295
vn 0.172473 -0.276707 -0.94535
vn 0.173395 -0.28683 -0.942159
vn 0.143943 -0.319829 -0.936477
vn 0.168695 -0.374824 -0.911619
vn 0.212606 -0.472391 -0.855363
vn 0.236694 -0.525913 -0.816941
vn 0.174675 -0.560551 -0.809488
vn 0.0960899 -0.870289 -0.483077
vn 0.123829 -0.502299 -0.855781
vn 0.217928 -0.278164 -0.935485
vn 0.223145 -0.234748 -0.946097
vn 0.240097 -0.240097 -0.940589
vn 0.27433 -0.214924 -0.93731
vn 0.323561 -0.253494 -0.911619
vn 0.351757 -0.212645 -0.911619
vn 0.44332 -0.267996 -0.855363
vn 0.472391 -0.212606 -0.855363
vn 0.563022 -0.253396 -0.786636
vn 0.589461 -0.183683 -0.786636
vn 0.675706 -0.210558 -0.706461
vn 0.696159 -0.127576 -0.706461
vn 0.774827 -0.141992 -0.616021
vn 0.786293 -0.0475619 -0.616021
vn 0.854637 -0.051696 -0.516646
vn 0.854637 0.051696 -0.516646
vn 0.910516 0.0550761 -0.40979
vn 0.897238 0.164425 -0.40979
vn 0.263597 -0.183469 -0.947025
vn 0.299571 -0.181097 -0.936729
vn 0.374824 -0.168695 -0.911619
vn 0.494574 -0.154115 -0.855363
vn 0.607303 -0.111292 -0.786636
vn 0.706461 -0.042733 -0.706461
vn 0.786293 0.0475619 -0.616021
vn 0.842174 0.154334 -0.516646
vn 0.870877 0.271376 -0.40979
vn 0.911639 0.284078 -0.297008
vn 0.87075 0.391893 -0.297008
vn 0.897016 0.403714 -0.179937
vn 0.847586 0.499181 -0.180046
vn 0.844196 0.509053 -0.167921
vn 0.307023 -0.13818 -0.941617
vn 0.2989 -0.128268 -0.945625
vn 0.337439 -0.10515 -0.935456
vn 0.317893 -0.0653286 -0.945873
vn 0.332607 -0.0609525 -0.941094
vn 0.348674 -0.0210909 -0.937007
vn 0.410286 -0.0248178 -0.911619
vn 0.410286 0.0248178 -0.911619
vn 0.517085 0.0312779 -0.855363
vn 0.509544 0.0933775 -0.855363
vn 0.607303 0.111292 -0.786636
vn 0.589461 0.183683 -0.786636
vn 0.675706 0.210558 -0.706461
vn 0.645399 0.290471 -0.706461
vn 0.718331 0.323294 -0.616021
vn 0.674124 0.407522 -0.616021
vn 0.732719 0.442944 -0.516646
vn 0.694329 0.500349 -0.51726
vn 0.69593 0.547222 -0.465005
vn 0.321127 0 -0.947036
vn 0.348674 0.0210909 -0.937007
vn 0.404303 0.0740914 -0.911619
vn 0.494574 0.154115 -0.855363
vn 0.563022 0.253396 -0.786636
vn 0.605681 0.366147 -0.706461
vn 0.620088 0.485808 -0.616021
vn 0.658249 0.515705 -0.548412
vn 0.566138 0.658016 -0.49649
vn 0.616734 0.489875 -0.616167
vn 0.55393 0.542399 -0.631637
vn 0.503257 0.497473 -0.706579
vn 0.499176 0.499176 -0.70827
vn 0.436579 0.436579 -0.786636
vn 0.366302 0.366302 -0.855363
vn 0.290647 0.290647 -0.911619
vn 0.240097 0.240097 -0.940589
vn 0.223145 0.234748 -0.946097
vn 0.332607 0.0609525 -0.941094
vn 0.317893 0.0653286 -0.945873
vn 0.337439 0.10515 -0.935456
vn 0.2989 0.128268 -0.945625
vn 0.307023 0.13818 -0.941617
vn 0.299571 0.181097 -0.936729
vn 0.351757 0.212645 -0.911619
vn 0.323561 0.253494 -0.911619
vn 0.407785 0.319479 -0.855363
vn 0.263597 0.183469 -0.947025
vn 0.27433 0.214924 -0.93731
vn 0.217928 0.278164 -0.935485
vn 0.172473 0.276707 -0.94535
vn 0.173395 0.28683 -0.942159
vn 0.143943 0.319829 -0.936477
vn 0.168695 0.374824 -0.911619
vn 0.122285 0.392425 -0.911619
vn 0.154115 0.494574 -0.855363
vn 0.123829 0.502299 -0.855781
vn 0.0960899 0.870289 -0.483077
vn 0.111576 0.301264 -0.94699
vn 0.103415 0.331871 -0.937639
vn 0.0740914 0.404303 -0.911619
vn 0.092263 0.503463 -0.859077
vn 0.0558624 0.52007 -0.852295
vn 0.0307993 0.509172 -0.860113
vn -0.0307993 0.509172 -0.860113
vn -0.0248178 0.410286 -0.911619
vn -0.0201419 0.332986 -0.942717
vn -0.0633286 0.345573 -0.936253
vn -0.0805674 0.31117 -0.946933
vn -0.103131 0.33096 -0.937992
vn -0.140432 0.312027 -0.939637
vn -0.168695 0.374824 -0.911619
vn -0.212645 0.351757 -0.911619
vn -0.267996 0.44332 -0.855363
vn -0.319479 0.407785 -0.855363
vn -0.380773 0.48602 -0.786636
vn -0.436579 0.436579 -0.786636
vn -0.499176 0.499176 -0.70827
vn -0.503257 0.497473 -0.706579
vn -0.55393 0.542399 -0.631637
vn -0.616734 0.489875 -0.616167
vn -0.566138 0.658016 -0.49649
vn -0.658249 0.515705 -0.548412
vn -0.694329 0.500349 -0.51726
vn -0.732719 0.442944 -0.516646
vn -0.780627 0.471905 -0.40979
vn -0.831817 0.37437 -0.40979
vn -0.87075 0.391893 -0.297008
vn -0.911639 0.284078 -0.297008
vn 0.0614473 0.335307 -0.940103
vn 0.0489567 0.319573 -0.946296
vn 0.0213266 0.35257 -0.935542
vn -0.0165586 0.326508 -0.945049
vn -0.142154 0.289801 -0.946471
vn -0.182614 0.30208 -0.935628
vn -0.212645 0.351757 -0.911619
vn -0.253494 0.323561 -0.911619
vn -0.319479 0.407785 -0.855363
vn -0.366302 0.366302 -0.855363
vn -0.436579 0.436579 -0.786636
vn -0.48602 0.380773 -0.786636
vn -0.557131 0.436484 -0.706461
vn -0.605681 0.366147 -0.706461
vn -0.674124 0.407522 -0.616021
vn -0.718331 0.323294 -0.616021
vn -0.780768 0.351395 -0.516646
vn -0.817431 0.254722 -0.516646
vn -0.870877 0.271376 -0.40979
vn -0.897238 0.164425 -0.40979
vn -0.200693 0.259273 -0.944722
vn -0.204731 0.26132 -0.943291
vn -0.290647 0.290647 -0.911619
vn -0.407785 0.319479 -0.855363
vn -0.528374 0.319413 -0.786636
vn -0.645399 0.290471 -0.706461
vn -0.752062 0.234352 -0.616021
vn -0.842174 0.154334 -0.516646
vn -0.248798 0.248798 -0.936055
vn -0.244068 0.209525 -0.946853
vn -0.272078 0.213159 -0.938369
vn -0.293868 0.177649 -0.939193
vn -0.351757 0.212645 -0.911619
vn -0.374824 0.168695 -0.911619
vn -0.472391 0.212606 -0.855363
vn -0.494574 0.154115 -0.855363
vn -0.589461 0.183683 -0.786636
vn -0.607303 0.111292 -0.786636
vn -0.696159 0.127576 -0.706461
vn -0.281842 0.156435 -0.946622
vn -0.321613 0.144746 -0.935742
vn -0.392425 0.122285 -0.911619
vn -0.509544 0.0933775 -0.855363
vn -0.31381 0.0984584 -0.944367
vn -0.315335 0.0982622 -0.94388
vn -0.404303 0.0740914 -0.911619
vn -0.346536 0.063505 -0.935885
vn -0.320321 0.0325734 -0.946749
vn -0.849774 0.345444 0.398187
vn -0.860213 0.389845 0.328716
vn -0.852234 0.508963 0.121057
vn -0.868164 0.492595 0.0603462
vn -0.910242 0.409667 0.0602687
vn -0.859843 0.509012 0.0397002
vn -0.859156 0.508606 -0.0563121
vn -0.861047 0.504937 -0.0603119
vn -0.844196 0.509053 -0.167921
vn -0.847586 0.499181 -0.180046
vn -0.832327 0.503159 -0.232514
vn -0.817164 0.493993 -0.297008
vn -0.828816 0.474475 -0.296541
vn -0.72995 0.581028 -0.359972
vn -0.484072 0.859461 -0.16432
vn -0.760301 0.503542 -0.41035
vn -0.69593 0.547222 -0.465005
vn -0.471661 0.528444 -0.705891
vn -0.409653 0.522883 -0.747515
vn -0.380773 0.48602 -0.786636
vn -0.352866 0.5058 -0.78718
vn -0.309775 0.51243 -0.800909
vn -0.268857 0.548097 -0.792027
vn -0.236694 0.525913 -0.816941
vn -0.174675 0.560551 -0.809488
vn -0.154115 0.494574 -0.855363
vn -0.123829 0.502299 -0.855781
vn -0.092263 0.503463 -0.859077
vn -0.0558624 0.52007 -0.852295
vn -0.327589 0.671872 -0.664285
vn -0.0960899 0.870289 -0.483077
vn 0.268857 0.548097 -0.792027
vn 0.236694 0.525913 -0.816941
vn 0.174675 0.560551 -0.809488
vn 0.154115 0.494574 -0.855363
vn 0.327589 0.671872 -0.664285
vn 0.352866 0.5058 -0.78718
vn 0.309775 0.51243 -0.800909
vn 0.267996 0.44332 -0.855363
vn 0.212645 0.351757 -0.911619
vn 0.409653 0.522883 -0.747515
vn 0.471661 0.528444 -0.705891
vn 0.760301 0.503542 -0.41035
vn 0.72995 0.581028 -0.359972
vn 0.828816 0.474475 -0.296541
vn 0.484072 0.859461 -0.16432
vn 0.832327 0.503159 -0.232514
vn 0.861047 0.504937 -0.0603119
vn 0.859156 0.508606 -0.0563121
vn 0.859843 0.509012 0.0397002
vn 0.868164 0.492595 0.0603462
vn 0.852234 0.508963 0.121057
vn 0.862976 0.472005 0.180229
vn 0.851263 0.485499 0.199104
vn 0.841907 0.461486 0.279685
vn 0.860213 0.389845 0.328716
vn 0.873437 0.385785 0.297116
vn 0.873304 0.393042 0.287849
vn 0.897016 0.403714 0.179937
vn 0.910242 0.409667 0.0602687
vn 0.910242 0.409667 -0.0602687
vn 0.897016 0.403714 -0.179937
vn 0.849774 0.345444 0.398187
vn 0.869775 0.281552 0.405241
vn 0.876837 0.273233 0.395601
vn 0.898913 0.170863 0.403436
vn 0.902604 0.165408 0.397425
vn 0.914077 0.0573074 0.401471
vn 0.898913 -0.170863 0.403436
vn 0.857364 -0.322792 0.400915
vn 0.849774 -0.345444 0.398187
vn 0.860213 -0.389845 0.328716
vn 0.841907 -0.461486 0.279685
vn 0.873304 -0.393042 0.287849
vn 0.873437 -0.385785 0.297116
vn 0.893494 -0.336395 0.297502
vn 0.851263 -0.485499 0.199104
vn 0.862976 -0.472005 0.180229
vn 0.897016 -0.403714 0.179937
vn 0.921565 -0.34384 0.180253
vn 0.852234 -0.508963 0.121057
vn 0.868164 -0.492595 0.0603462
vn 0.910242 -0.409667 0.0602687
vn 0.859843 -0.509012 0.0397002
vn 0.859156 -0.508606 -0.0563121
vn 0.861047 -0.504937 -0.0603119
vn 0.844196 -0.509053 -0.167921
vn 0.847586 -0.499181 -0.180046
vn 0.832327 -0.503159 -0.232514
vn 0.817164 -0.493993 -0.297008
vn 0.828816 -0.474475 -0.296541
vn 0.72995 -0.581028 -0.359972
vn 0.484072 -0.859461 -0.16432
vn 0.760301 -0.503542 -0.41035
vn 0.69593 -0.547222 -0.465005
vn 0.694329 -0.500349 -0.51726
vn 0.658249 -0.515705 -0.548412
vn 0.620088 -0.485808 -0.616021
vn 0.616734 -0.489875 -0.616167
vn 0.55393 -0.542399 -0.631637
vn 0.566138 -0.658016 -0.49649
vn 0.471661 -0.528444 -0.705891
vn 0.499176 -0.499176 -0.70827
vn 0.503257 -0.497473 -0.706579
vn 0.557131 -0.436484 -0.706461
vn 0.674124 -0.407522 -0.616021
vn 0.732719 -0.442944 -0.516646
vn 0.780768 -0.351395 -0.516646
vn 0.831817 -0.37437 -0.40979
vn 0.870877 -0.271376 -0.40979
vn 0.911639 -0.284078 -0.297008
vn 0.409653 -0.522883 -0.747515
vn 0.327589 -0.671872 -0.664285
vn 0.352866 -0.5058 -0.78718
vn 0.309775 -0.51243 -0.800909
vn 0.267996 -0.44332 -0.855363
vn 0.268857 -0.548097 -0.792027
vn -0.123829 -0.502299 -0.855781
vn -0.0960899 -0.870289 -0.483077
vn -0.174675 -0.560551 -0.809488
vn -0.236694 -0.525913 -0.816941
vn -0.212606 -0.472391 -0.855363
vn -0.267996 -0.44332 -0.855363
vn -0.212645 -0.351757 -0.911619
vn -0.253494 -0.323561 -0.911619
vn -0.268857 -0.548097 -0.792027
vn -0.309775 -0.51243 -0.800909
vn -0.319479 -0.407785 -0.855363
vn -0.352866 -0.5058 -0.78718
vn -0.327589 -0.671872 -0.664285
vn -0.409653 -0.522883 -0.747515
vn -0.471661 -0.528444 -0.705891
vn -0.69593 -0.547222 -0.465005
vn -0.760301 -0.503542 -0.41035
vn -0.72995 -0.581028 -0.359972
vn -0.828816 -0.474475 -0.296541
vn -0.484072 -0.859461 -0.16432
vn -0.868164 -0.492595 0.0603462
vn -0.852234 -0.508963 0.121057
vn -0.862976 -0.472005 0.180229
vn -0.851263 -0.485499 0.199104
vn -0.841907 -0.461486 0.279685
vn -0.914077 -0.0573074 0.401471
vn -0.410286 -0.0248178 -0.911619
vn -0.517085 -0.0312779 -0.855363
vn -0.61629 -0.0372787 -0.786636
vn -0.706461 -0.042733 -0.706461
vn -0.786293 -0.0475619 -0.616021
vn -0.910516 -0.0550761 -0.40979
vn -0.854637 -0.051696 -0.516646
vn -0.911639 -0.284078 -0.297008
vn 0.89452 -0.333749 0.297398
vn 0.911639 0.284078 0.297008
vn 0.392425 0.122285 -0.911619
vn 0.404303 0.0740914 -0.911619
vn 0.494574 0.154115 -0.855363
vn 0.472391 0.212606 -0.855363
vn 0.563022 0.253396 -0.786636
vn 0.528374 0.319413 -0.786636
vn 0.605681 0.366147 -0.706461
vn 0.557131 0.436484 -0.706461
vn 0.620088 0.485808 -0.616021
vn 0.374824 0.168695 -0.911619
vn 0.351757 0.212645 -0.911619
vn 0.752062 0.234352 -0.616021
vn 0.774827 0.141992 -0.616021
vn 0.786293 0.0475619 -0.616021
vn 0.817431 0.254722 -0.516646
vn 0.842174 0.154334 -0.516646
vn 0.718331 0.323294 -0.616021
vn 0.780768 0.351395 -0.516646
vn 0.831817 0.37437 -0.40979
vn 0.87075 0.391893 -0.297008
vn 0.870877 0.271376 -0.40979
vn 0.911639 0.284078 -0.297008
vn 0.675706 0.210558 -0.706461
vn 0.696159 0.127576 -0.706461
vn 0.607303 0.111292 -0.786636
vn 0.61629 0.0372787 -0.786636
vn 0.517085 0.0312779 -0.855363
vn 0.517085 -0.0312779 -0.855363
vn 0.410286 -0.0248178 -0.911619
vn 0.404303 -0.0740914 -0.911619
vn 0.706461 0.042733 -0.706461
vn 0.706461 -0.042733 -0.706461
vn 0.910516 0.0550761 -0.40979
vn 0.910516 -0.0550761 -0.40979
vn 0.854637 -0.051696 -0.516646
vn 0.842174 -0.154334 -0.516646
vn 0.774827 -0.141992 -0.616021
vn 0.752062 -0.234352 -0.616021
vn 0.675706 -0.210558 -0.706461
vn 0.645399 -0.290471 -0.706461
vn 0.563022 -0.253396 -0.786636
vn 0.528374 -0.319413 -0.786636
vn 0.44332 -0.267996 -0.855363
vn 0.407785 -0.319479 -0.855363
vn 0.323561 -0.253494 -0.911619
vn 0.290647 -0.290647 -0.911619
vn 0.61629 0.0372787 -0.786636
vn 0.61629 -0.0372787 -0.786636
vn 0.517085 -0.0312779 -0.855363
vn 0.509544 -0.0933775 -0.855363
vn 0.404303 -0.0740914 -0.911619
vn 0.392425 -0.122285 -0.911619
vn 0.910516 -0.0550761 -0.40979
vn 0.897238 -0.164425 -0.40979
vn 0.842174 -0.154334 -0.516646
vn 0.817431 -0.254722 -0.516646
vn 0.752062 -0.234352 -0.616021
vn 0.718331 -0.323294 -0.616021
vn 0.645399 -0.290471 -0.706461
vn 0.605681 -0.366147 -0.706461
vn 0.528374 -0.319413 -0.786636
vn 0.48602 -0.380773 -0.786636
vn 0.407785 -0.319479 -0.855363
vn 0.366302 -0.366302 -0.855363
vn 0.290647 -0.290647 -0.911619
vn 0.253494 -0.323561 -0.911619
vn 0.509544 -0.0933775 -0.855363
vn 0.607303 -0.111292 -0.786636
vn 0.870877 -0.271376 -0.40979
vn 0.780768 -0.351395 -0.516646
vn 0.674124 -0.407522 -0.616021
vn 0.557131 -0.436484 -0.706461
vn 0.436579 -0.436579 -0.786636
vn 0.319479 -0.407785 -0.855363
vn 0.212645 -0.351757 -0.911619
vn 0.392425 -0.122285 -0.911619
vn 0.494574 -0.154115 -0.855363
vn 0.910242 -0.409667 -0.0602687
vn 0.897016 -0.403714 -0.179937
vn 0.87075 -0.391893 -0.297008
vn 0.817164 -0.493993 -0.297008
vn 0.374824 -0.168695 -0.911619
vn -0.392425 -0.122285 -0.911619
vn -0.494574 -0.154115 -0.855363
vn -0.589461 -0.183683 -0.786636
vn -0.675706 -0.210558 -0.706461
vn -0.752062 -0.234352 -0.616021
vn -0.817431 -0.254722 -0.516646
vn -0.870877 -0.271376 -0.40979
vn -0.842174 0.154334 -0.516646
vn -0.774827 0.141992 -0.616021
vn -0.696159 0.127576 -0.706461
vn -0.404303 0.0740914 -0.911619
vn -0.870877 0.271376 -0.40979
vn -0.911639 0.284078 -0.297008
vn -0.752062 0.234352 -0.616021
vn -0.675706 0.210558 -0.706461
vn -0.589461 0.183683 -0.786636
vn -0.910242 0.409667 -0.0602687
vn -0.897016 0.403714 -0.179937
vn -0.780768 0.351395 -0.516646
vn -0.831817 0.37437 -0.40979
vn -0.645399 0.290471 -0.706461
vn -0.563022 0.253396 -0.786636
vn -0.472391 0.212606 -0.855363
vn -0.9116 0.28128 0.299778
vn -0.89481 0.333002 0.297363
vn -0.91336 0.278391 0.297105
vn -0.323561 -0.253494 -0.911619
vn -0.407785 -0.319479 -0.855363
vn -0.48602 -0.380773 -0.786636
vn -0.557131 -0.436484 -0.706461
vn -0.620088 -0.485808 -0.616021
vn -0.380773 -0.48602 -0.786636
vn -0.319479 -0.407785 -0.855363
vn -0.212645 -0.351757 -0.911619
vn -0.168695 -0.374824 -0.911619
vn -0.212606 -0.472391 -0.855363
vn -0.154115 -0.494574 -0.855363
vn -0.122285 -0.392425 -0.911619
vn -0.0248178 -0.410286 -0.911619
vn 0.122285 -0.392425 -0.911619
vn 0.154115 -0.494574 -0.855363
vn 0.267996 -0.44332 -0.855363
vn 0.212645 -0.351757 -0.911619
vn 0.319479 -0.407785 -0.855363
vn 0.380773 -0.48602 -0.786636
vn 0.436579 -0.436579 -0.786636
vn 0.780627 -0.471905 -0.40979
vn 0.732719 -0.442944 -0.516646
vn 0.831817 -0.37437 -0.40979
vn 0.44332 0.267996 -0.855363
vn 0.472391 0.212606 -0.855363
vn 0.528374 0.319413 -0.786636
vn 0.48602 0.380773 -0.786636
vn 0.557131 0.436484 -0.706461
vn 0.407785 0.319479 -0.855363
vn 0.732719 0.442944 -0.516646
vn 0.780627 0.471905 -0.40979
vn 0.817164 0.493993 -0.297008
vn 0.253494 0.323561 -0.911619
vn 0.319479 0.407785 -0.855363
vn 0.380773 0.48602 -0.786636
vn 0.168695 0.374824 -0.911619
vn 0.212606 0.472391 -0.855363
vn 0.0248178 0.410286 -0.911619
vn 0.0740914 0.404303 -0.911619
vn -0.0740914 0.404303 -0.911619
vn -0.122285 0.392425 -0.911619
vn -0.168695 0.374824 -0.911619
vn -0.154115 0.494574 -0.855363
vn -0.212606 0.472391 -0.855363
vn -0.267996 0.44332 -0.855363
vn -0.290647 0.290647 -0.911619
vn -0.323561 0.253494 -0.911619
vn -0.407785 0.319479 -0.855363
vn -0.44332 0.267996 -0.855363
vn -0.528374 0.319413 -0.786636
vn -0.620088 0.485808 -0.616021
vn -0.557131 0.436484 -0.706461
vn -0.351757 0.212645 -0.911619
vn -0.732719 0.442944 -0.516646
vn -0.674124 0.407522 -0.616021
vn -0.817164 0.493993 -0.297008
vn -0.780627 0.471905 -0.40979
vn -0.87075 0.391893 -0.297008
vn 0 0 1
vn 0 1 0
vn -1 -2.31296e-16 -0
vn -0 -1 -0
vn 1 -2.31296e-16 0
vn 0 0 -1
vn -0.994869 0.101168 0.000529908
vn -0.995185 0.0980171 0
vn -0.995185 -0.0980171 -0
vn -0.95694 0.290285 -0.000512866
vn -0.954139 0.299363 0.00102573
vn -0.881921 0.471397 -0.000991634
vn -0.874346 0.485301 0.00148744
vn -0.77301 0.634393 -0.00143628
vn -0.758757 0.651371 0.00191502
vn -0.634392 0.773009 -0.0018468
vn -0.612104 0.790774 0.00230846
vn -0.471396 0.881919 -0.00222316
vn -0.440393 0.897801 0.00266774
vn -0.290284 0.956937 -0.00256535
vn -0.250651 0.968073 0.00299284
vn -0.0980167 0.995181 -0.00287336
vn -0.0506489 0.998711 0.00328376
vn 0.0980167 0.99518 -0.00314718
vn 0.151427 0.988462 0.00354048
vn 0.290283 0.956935 -0.0033868
vn 0.347303 0.937746 0.00376299
vn 0.471394 0.881916 -0.0035922
vn 0.52896 0.848638 0.00395128
vn 0.634389 0.773005 -0.00376338
vn 0.688961 0.724787 0.00410535
vn 0.773005 0.634388 -0.00390034
vn 0.820756 0.571263 0.00422518
vn 0.881914 0.471393 -0.00400305
vn 0.918949 0.394352 0.00431078
vn 0.956932 0.290282 -0.00407154
vn 0.979521 0.201297 0.00436214
vn 0.995176 0.0980163 -0.00410578
vn 0.99999 0 0.00437926
vn 0.995176 -0.0980163 -0.00410578
vn 0.979521 -0.201297 0.00436214
vn 0.956932 -0.290282 -0.00407154
vn 0.918949 -0.394352 0.00431078
vn 0.881914 -0.471393 -0.00400305
vn 0.820756 -0.571263 0.00422518
vn 0.773005 -0.634388 -0.00390034
vn 0.688961 -0.724787 0.00410535
vn 0.634389 -0.773005 -0.00376338
vn 0.52896 -0.848638 0.00395128
vn 0.471394 -0.881916 -0.0035922
vn 0.347303 -0.937746 0.00376299
vn 0.290283 -0.956935 -0.0033868
vn 0.151427 -0.988462 0.00354048
vn 0.0980167 -0.99518 -0.00314718
vn -0.0506489 -0.998711 0.00328376
vn -0.0980167 -0.995181 -0.00287336
vn -0.250651 -0.968073 0.00299284
vn -0.290284 -0.956937 -0.00256535
vn -0.440393 -0.897801 0.00266774
vn -0.471396 -0.881919 -0.00222316
vn -0.612104 -0.790774 0.00230846
vn -0.634392 -0.773009 -0.0018468
vn -0.758757 -0.651371 0.00191502
vn -0.77301 -0.634393 -0.00143628
vn -0.874346 -0.485301 0.00148744
vn -0.881921 -0.471397 -0.000991634
vn -0.954139 -0.299363 0.00102573
vn -0.95694 -0.290285 -0.000512866
vn -0.994869 -0.101168 0.000529908
f 1//1 2//1 3//1
f 3//2 2//2 4//2
f 3//3 4//3 5//3
f 2//4 1//4 6//4
f 6//5 1//5 7//5
f 6//6 7//6 8//6
f 8//7 7//7 9//7
f 8//8 9//8 10//8
f 10//9 9//9 11//9
f 10//10 11//10 12//10
f 12//11 11//11 13//11
f 12//12 13//12 14//12
f 14//13 13//13 15//13
f 14//14 15//14 16//14
f 16//15 15//15 17//15
f 16//16 17//16 18//16
f 18//17 17//17 19//17
f 18//18 19//18 20//18
f 20//19 19//19 21//19
f 20//20 21//20 22//20
f 22//21 21//21 23//21
f 22//22 23//22 24//22
f 24//23 23//23 25//23
f 24//24 25//24 26//24
f 26//25 25//25 27//25
f 26//26 27//26 28//26
f 28//27 27//27 29//27
f 28//28 29//28 30//28
f 30//29 29//29 31//29
f 30//30 31//30 32//30
f 32//31 31//31 33//31
f 32//32 33//32 34//32
f 34//33 33//33 35//33
f 34//34 35//34 36//34
f 36//35 35//35 37//35
f 36//36 37//36 38//36
f 38//37 37//37 39//37
f 38//38 39//38 40//38
f 40//39 39//39 41//39
f 40//40 41//40 42//40
f 42//41 41//41 43//41
f 42//42 43//42 44//42
f 44//43 43//43 45//43
f 44//44 45//44 46//44
f 46//45 45//45 47//45
f 46//46 47//46 48//46
f 48//47 47//47 49//47
f 48//48 49//48 50//48
f 50//49 49//49 51//49
f 50//50 51//50 52//50
f 52//51 51//51 53//51
f 52//52 53//52 54//52
f 54//53 53//53 55//53
f 54//54 55//54 56//54
f 56//55 55//55 57//55
f 56//56 57//56 58//56
f 58//57 57//57 59//57
f 58//58 59//58 60//58
f 60//59 59//59 61//59
f 60//60 61//60 62//60
f 62//61 61//61 63//61
f 62//62 63//62 64//62
f 64//63 63//63 65//63
f 66//64 67//64 68//64
f 68//65 67//65 69//65
f 68//66 69//66 70//66
f 70//67 69//67 71//67
f 70//68 71//68 72//68
f 72//69 71//69 73//69
f 72//70 73//70 74//70
f 74//71 73//71 75//71
f 74//72 75//72 76//72
f 76//73 75//73 77//73
f 76//74 77//74 78//74
f 78//75 77//75 79//75
f 78//76 79//76 80//76
f 80//77 79//77 81//77
f 80//78 81//78 82//78
f 82//79 81//79 83//79
f 82//80 83//80 84//80
f 84//81 83//81 85//81
f 84//82 85//82 86//82
f 86//83 85//83 87//83
f 86//84 87//84 88//84
f 88//85 87//85 89//85
f 88//86 89//86 90//86
f 90//87 89//87 91//87
f 90//88 91//88 92//88
f 92//89 91//89 93//89
f 92//90 93//90 94//90
f 94//91 93//91 95//91
f 94//92 95//92 96//92
f 96//93 95//93 97//93
f 96//94 97//94 98//94
f 98//95 97//95 99//95
f 98//96 99//96 100//96
f 100//97 99//97 101//97
f 101//98 99//98 102//98
f 101//99 102//99 103//99
f 103//100 102//100 104//100
f 103//101 104//101 105//101
f 105//102 104//102 106//102
f 105//103 106//103 107//103
f 107//104 106//104 108//104
f 107//105 108//105 109//105
f 109//106 108//106 110//106
f 109//107 110//107 111//107
f 111//108 110//108 112//108
f 111//109 112//109 113//109
f 113//110 112//110 114//110
f 113//111 114//111 115//111
f 115//112 114//112 116//112
f 115//113 116//113 117//113
f 117//114 116//114 118//114
f 117//115 118//115 119//115
f 119//116 118//116 120//116
f 119//117 120//117 121//117
f 121//118 120//118 122//118
f 121//119 122//119 123//119
f 123//120 122//120 124//120
f 123//121 124//121 125//121
f 125//122 124//122 126//122
f 125//123 126//123 127//123
f 127//124 126//124 128//124
f 127//125 128//125 129//125
f 129//126 128//126 130//126
f 131//127 132//127 133//127
f 133//127 132//127 134//127
f 134//127 132//127 135//127
f 134//127 135//127 136//127
f 136//127 135//127 137//127
f 136//127 137//127 138//127
f 138//127 137//127 139//127
f 138//127 139//127 140//127
f 140//127 139//127 141//127
f 140//127 141//127 142//127
f 140//127 142//127 143//127
f 143//127 142//127 144//127
f 143//127 144//127 145//127
f 145//127 144//127 146//127
f 145//127 146//127 147//127
f 147//127 146//127 148//127
f 147//127 148//127 149//127
f 149//127 148//127 150//127
f 149//127 150//127 151//127
f 151//127 150//127 152//127
f 151//127 152//127 153//127
f 151//127 153//127 154//127
f 154//127 153//127 155//127
f 154//127 155//127 156//127
f 156//127 155//127 157//127
f 156//127 157//127 158//127
f 158//127 157//127 159//127
f 158//127 159//127 160//127
f 160//127 159//127 161//127
f 162//128 163//128 164//128
f 164//129 163//129 165//129
f 165//130 163//130 166//130
f 165//131 166//131 167//131
f 167//132 166//132 168//132
f 167//133 168//133 169//133
f 169//134 170//134 167//134
f 167//135 170//135 171//135
f 171//136 170//136 172//136
f 171//137 172//137 173//137
f 173//138 174//138 171//138
f 171//139 174//139 175//139
f 175//140 174//140 176//140
f 175//141 176//141 177//141
f 177//141 176//141 178//141
f 177//142 178//142 179//142
f 179//142 178//142 180//142
f 179//143 180//143 181//143
f 181//143 180//143 182//143
f 181//144 182//144 183//144
f 183//144 182//144 184//144
f 183//145 184//145 185//145
f 185//145 184//145 186//145
f 185//146 186//146 187//146
f 187//146 186//146 188//146
f 187//147 188//147 189//147
f 189//147 188//147 190//147
f 189//148 190//148 191//148
f 191//148 190//148 192//148
f 191//149 192//149 193//149
f 193//149 192//149 194//149
f 193//150 194//150 195//150
f 195//150 194//150 196//150
f 195//151 196//151 197//151
f 197//151 196//151 198//151
f 197//152 198//152 199//152
f 199//152 198//152 200//152
f 199//153 200//153 201//153
f 201//153 200//153 202//153
f 201//154 202//154 203//154
f 203//154 202//154 204//154
f 203//155 204//155 205//155
f 205//155 204//155 206//155
f 205//156 206//156 207//156
f 207//156 206//156 208//156
f 207//157 208//157 209//157
f 209//158 208//158 210//158
f 209//159 210//159 211//159
f 211//160 210//160 212//160
f 212//161 210//161 213//161
f 213//162 210//162 214//162
f 213//163 214//163 215//163
f 215//164 214//164 216//164
f 216//165 214//165 217//165
f 216//166 217//166 218//166
f 218//167 217//167 219//167
f 219//168 217//168 220//168
f 219//169 220//169 221//169
f 222//170 223//170 224//170
f 224//171 223//171 225//171
f 224//172 225//172 226//172
f 226//173 227//173 224//173
f 224//174 227//174 228//174
f 228//175 227//175 229//175
f 228//176 229//176 230//176
f 230//177 231//177 228//177
f 228//178 231//178 232//178
f 232//179 231//179 233//179
f 232//180 233//180 234//180
f 234//181 233//181 235//181
f 236//182 237//182 238//182
f 238//183 237//183 239//183
f 238//184 239//184 240//184
f 240//185 241//185 238//185
f 238//186 241//186 242//186
f 242//187 241//187 243//187
f 242//188 243//188 244//188
f 242//189 244//189 245//189
f 245//190 244//190 246//190
f 245//191 246//191 247//191
f 248//192 249//192 247//192
f 247//193 249//193 245//193
f 235//194 250//194 234//194
f 234//194 250//194 251//194
f 251//194 250//194 252//194
f 251//194 252//194 253//194
f 253//194 252//194 254//194
f 253//194 254//194 255//194
f 255//194 254//194 256//194
f 255//194 256//194 257//194
f 257//194 256//194 258//194
f 257//194 258//194 259//194
f 257//194 259//194 260//194
f 260//194 259//194 261//194
f 260//194 261//194 262//194
f 262//194 261//194 263//194
f 262//194 263//194 264//194
f 264//194 263//194 265//194
f 264//194 265//194 266//194
f 266//194 265//194 267//194
f 266//194 267//194 268//194
f 268//194 267//194 269//194
f 268//194 269//194 270//194
f 268//194 270//194 271//194
f 271//194 270//194 272//194
f 271//194 272//194 273//194
f 273//194 272//194 274//194
f 273//194 274//194 275//194
f 275//194 274//194 276//194
f 275//194 276//194 277//194
f 277//194 276//194 278//194
f 279//195 280//195 281//195
f 281//196 280//196 282//196
f 281//197 282//197 283//197
f 283//198 282//198 284//198
f 283//199 284//199 285//199
f 285//200 284//200 286//200
f 285//201 286//201 287//201
f 282//202 286//202 284//202
f 287//203 288//203 285//203
f 285//204 288//204 289//204
f 285//205 289//205 290//205
f 290//206 289//206 291//206
f 290//207 291//207 292//207
f 288//208 293//208 289//208
f 289//209 293//209 294//209
f 289//210 294//210 295//210
f 295//211 294//211 296//211
f 296//212 294//212 297//212
f 296//213 297//213 298//213
f 298//214 297//214 299//214
f 298//215 299//215 300//215
f 293//216 301//216 294//216
f 294//217 301//217 302//217
f 294//218 302//218 297//218
f 297//219 302//219 303//219
f 297//220 303//220 299//220
f 298//221 300//221 304//221
f 304//222 300//222 305//222
f 304//223 305//223 306//223
f 306//224 305//224 307//224
f 306//225 307//225 308//225
f 308//226 307//226 309//226
f 308//227 309//227 310//227
f 310//228 309//228 311//228
f 310//229 311//229 312//229
f 310//230 312//230 313//230
f 313//231 312//231 314//231
f 313//232 314//232 315//232
f 315//233 314//233 316//233
f 315//234 316//234 317//234
f 315//235 317//235 318//235
f 318//236 317//236 319//236
f 318//237 319//237 320//237
f 320//238 319//238 321//238
f 320//239 321//239 322//239
f 322//240 321//240 323//240
f 322//241 323//241 324//241
f 324//242 323//242 325//242
f 324//243 325//243 326//243
f 326//244 325//244 327//244
f 326//245 327//245 328//245
f 326//246 328//246 329//246
f 329//247 328//247 330//247
f 329//248 330//248 331//248
f 329//249 331//249 332//249
f 332//250 331//250 333//250
f 332//251 333//251 334//251
f 334//252 333//252 335//252
f 334//253 335//253 336//253
f 334//254 336//254 337//254
f 337//255 336//255 338//255
f 337//256 338//256 339//256
f 340//257 341//257 342//257
f 342//258 341//258 343//258
f 342//259 343//259 344//259
f 344//260 343//260 345//260
f 344//261 345//261 346//261
f 344//262 346//262 347//262
f 347//263 346//263 348//263
f 347//264 348//264 349//264
f 349//265 348//265 350//265
f 349//266 350//266 351//266
f 351//267 350//267 352//267
f 351//268 352//268 353//268
f 351//269 353//269 354//269
f 354//270 353//270 355//270
f 354//271 355//271 356//271
f 356//272 355//272 357//272
f 356//273 357//273 358//273
f 356//274 358//274 359//274
f 359//275 358//275 360//275
f 359//276 360//276 361//276
f 361//277 360//277 362//277
f 361//278 362//278 363//278
f 363//279 362//279 364//279
f 363//280 364//280 365//280
f 365//281 364//281 366//281
f 365//282 366//282 367//282
f 365//283 367//283 368//283
f 368//284 367//284 369//284
f 368//285 369//285 370//285
f 370//286 369//286 371//286
f 370//287 371//287 372//287
f 372//288 371//288 373//288
f 372//289 373//289 370//289
f 370//290 373//290 374//290
f 370//291 374//291 375//291
f 375//291 374//291 376//291
f 375//292 376//292 377//292
f 377//293 376//293 378//293
f 378//294 376//294 379//294
f 379//295 376//295 374//295
f 379//296 374//296 380//296
f 380//297 374//297 381//297
f 380//298 381//298 382//298
f 382//299 381//299 383//299
f 383//300 381//300 384//300
f 383//301 384//301 385//301
f 385//302 384//302 386//302
f 385//303 386//303 387//303
f 387//304 386//304 388//304
f 387//305 388//305 389//305
f 389//306 388//306 390//306
f 389//307 390//307 391//307
f 374//308 373//308 392//308
f 392//309 373//309 393//309
f 392//310 393//310 394//310
f 394//311 393//311 395//311
f 394//312 395//312 384//312
f 384//313 395//313 396//313
f 384//314 396//314 386//314
f 386//315 396//315 397//315
f 386//316 397//316 398//316
f 386//317 398//317 388//317
f 388//318 398//318 390//318
f 391//319 399//319 389//319
f 389//320 399//320 400//320
f 389//321 400//321 401//321
f 401//322 400//322 402//322
f 402//323 400//323 403//323
f 402//324 403//324 404//324
f 404//325 403//325 405//325
f 405//326 403//326 406//326
f 406//327 403//327 407//327
f 406//328 407//328 408//328
f 408//329 407//329 409//329
f 408//329 409//329 410//329
f 410//330 409//330 411//330
f 410//330 411//330 412//330
f 412//331 411//331 413//331
f 412//331 413//331 414//331
f 414//332 413//332 415//332
f 414//332 415//332 416//332
f 416//333 415//333 417//333
f 416//333 417//333 418//333
f 418//334 417//334 419//334
f 418//334 419//334 420//334
f 420//335 419//335 421//335
f 420//335 421//335 422//335
f 422//336 421//336 423//336
f 422//336 423//336 424//336
f 424//337 423//337 425//337
f 424//337 425//337 426//337
f 426//338 425//338 427//338
f 426//338 427//338 428//338
f 428//339 427//339 429//339
f 428//339 429//339 430//339
f 430//340 429//340 431//340
f 430//340 431//340 432//340
f 432//341 431//341 433//341
f 432//342 433//342 434//342
f 435//343 436//343 437//343
f 437//344 436//344 438//344
f 437//345 438//345 439//345
f 436//346 440//346 438//346
f 438//347 440//347 441//347
f 438//348 441//348 442//348
f 442//349 441//349 443//349
f 442//350 443//350 444//350
f 445//351 446//351 447//351
f 447//352 446//352 448//352
f 447//353 448//353 449//353
f 449//354 448//354 450//354
f 449//354 450//354 451//354
f 451//355 450//355 452//355
f 451//355 452//355 453//355
f 453//356 452//356 454//356
f 453//356 454//356 455//356
f 455//357 454//357 456//357
f 455//357 456//357 457//357
f 457//358 456//358 458//358
f 457//358 458//358 459//358
f 459//359 458//359 460//359
f 459//359 460//359 461//359
f 461//360 460//360 462//360
f 461//360 462//360 463//360
f 464//361 465//361 445//361
f 445//362 465//362 466//362
f 445//363 466//363 446//363
f 446//364 466//364 467//364
f 446//364 467//364 468//364
f 468//365 467//365 469//365
f 468//365 469//365 470//365
f 470//366 469//366 471//366
f 470//366 471//366 472//366
f 472//367 471//367 473//367
f 472//367 473//367 474//367
f 474//368 473//368 475//368
f 474//368 475//368 476//368
f 476//369 475//369 477//369
f 476//369 477//369 478//369
f 478//370 477//370 479//370
f 478//370 479//370 480//370
f 481//371 482//371 483//371
f 483//372 482//372 484//372
f 483//373 484//373 485//373
f 485//374 484//374 486//374
f 485//374 486//374 487//374
f 487//375 486//375 488//375
f 487//375 488//375 489//375
f 489//376 488//376 490//376
f 489//376 490//376 491//376
f 491//377 490//377 492//377
f 491//377 492//377 493//377
f 493//378 492//378 494//378
f 493//378 494//378 495//378
f 495//379 494//379 496//379
f 495//379 496//379 497//379
f 497//380 496//380 498//380
f 497//380 498//380 499//380
f 499//381 498//381 500//381
f 499//381 500//381 501//381
f 501//382 500//382 502//382
f 501//383 502//383 503//383
f 503//384 502//384 504//384
f 503//385 504//385 505//385
f 505//386 504//386 506//386
f 505//387 506//387 507//387
f 508//388 509//388 510//388
f 510//389 509//389 511//389
f 510//390 511//390 512//390
f 512//391 511//391 513//391
f 512//391 513//391 514//391
f 514//392 513//392 515//392
f 514//392 515//392 516//392
f 516//393 515//393 517//393
f 516//393 517//393 518//393
f 518//394 517//394 519//394
f 518//395 519//395 520//395
f 520//396 519//396 521//396
f 520//397 521//397 522//397
f 522//398 521//398 523//398
f 522//399 523//399 524//399
f 524//400 523//400 525//400
f 509//401 508//401 526//401
f 526//402 508//402 527//402
f 526//403 527//403 528//403
f 528//404 527//404 529//404
f 528//405 529//405 530//405
f 530//406 529//406 531//406
f 530//407 531//407 532//407
f 532//408 531//408 533//408
f 533//409 531//409 534//409
f 533//410 534//410 535//410
f 535//411 534//411 536//411
f 535//411 536//411 537//411
f 537//412 536//412 538//412
f 537//413 538//413 539//413
f 527//414 540//414 529//414
f 529//415 540//415 541//415
f 529//406 541//406 531//406
f 531//416 541//416 534//416
f 541//417 540//417 536//417
f 536//418 540//418 538//418
f 542//419 543//419 539//419
f 539//420 543//420 544//420
f 539//421 544//421 537//421
f 537//422 544//422 545//422
f 537//422 545//422 535//422
f 535//423 545//423 546//423
f 535//424 546//424 533//424
f 547//425 548//425 542//425
f 542//426 548//426 549//426
f 542//427 549//427 543//427
f 543//428 549//428 550//428
f 543//428 550//428 551//428
f 551//429 550//429 552//429
f 551//429 552//429 553//429
f 553//430 552//430 554//430
f 553//431 554//431 555//431
f 555//432 554//432 546//432
f 555//433 546//433 545//433
f 548//434 547//434 556//434
f 556//435 547//435 557//435
f 556//436 557//436 558//436
f 558//437 557//437 559//437
f 558//438 559//438 560//438
f 560//439 559//439 561//439
f 560//440 561//440 562//440
f 562//441 561//441 563//441
f 562//442 563//442 564//442
f 564//443 563//443 565//443
f 564//444 565//444 566//444
f 566//445 565//445 567//445
f 566//446 567//446 568//446
f 568//447 567//447 569//447
f 568//448 569//448 570//448
f 570//449 569//449 571//449
f 570//450 571//450 572//450
f 572//451 571//451 573//451
f 557//452 574//452 559//452
f 559//453 574//453 575//453
f 559//439 575//439 561//439
f 561//454 575//454 576//454
f 561//441 576//441 563//441
f 563//455 576//455 577//455
f 563//443 577//443 565//443
f 565//456 577//456 578//456
f 565//445 578//445 567//445
f 567//457 578//457 579//457
f 567//447 579//447 569//447
f 569//458 579//458 580//458
f 569//449 580//449 571//449
f 571//459 580//459 581//459
f 571//451 581//451 573//451
f 573//460 581//460 582//460
f 573//461 582//461 583//461
f 583//462 582//462 584//462
f 583//463 584//463 585//463
f 585//464 584//464 586//464
f 585//465 586//465 587//465
f 575//466 574//466 588//466
f 588//467 574//467 589//467
f 588//468 589//468 590//468
f 590//469 589//469 591//469
f 590//470 591//470 592//470
f 592//471 591//471 593//471
f 592//472 593//472 594//472
f 594//473 593//473 595//473
f 594//474 595//474 596//474
f 596//475 595//475 597//475
f 596//476 597//476 598//476
f 598//477 597//477 599//477
f 598//478 599//478 600//478
f 600//479 599//479 601//479
f 600//480 601//480 602//480
f 602//481 601//481 603//481
f 602//482 603//482 604//482
f 604//483 603//483 605//483
f 604//484 605//484 606//484
f 591//485 607//485 593//485
f 593//486 607//486 608//486
f 593//473 608//473 595//473
f 595//487 608//487 609//487
f 595//475 609//475 597//475
f 597//488 609//488 610//488
f 597//477 610//477 599//477
f 599//489 610//489 611//489
f 599//479 611//479 601//479
f 601//490 611//490 612//490
f 601//481 612//481 603//481
f 603//491 612//491 613//491
f 603//492 613//492 605//492
f 605//493 613//493 614//493
f 614//494 613//494 615//494
f 614//495 615//495 616//495
f 616//496 615//496 617//496
f 616//497 617//497 618//497
f 618//498 617//498 619//498
f 618//498 619//498 620//498
f 620//499 619//499 621//499
f 620//499 621//499 622//499
f 622//500 621//500 623//500
f 622//500 623//500 624//500
f 624//501 623//501 625//501
f 624//502 625//502 626//502
f 608//503 607//503 627//503
f 627//504 607//504 628//504
f 627//505 628//505 629//505
f 629//506 628//506 630//506
f 629//507 630//507 631//507
f 631//508 630//508 632//508
f 631//509 632//509 633//509
f 633//510 632//510 621//510
f 633//511 621//511 619//511
f 630//512 625//512 632//512
f 632//513 625//513 623//513
f 632//510 623//510 621//510
f 624//514 626//514 634//514
f 634//515 626//515 635//515
f 634//516 635//516 636//516
f 636//517 635//517 637//517
f 636//518 637//518 638//518
f 638//519 637//519 639//519
f 638//520 639//520 640//520
f 640//521 639//521 641//521
f 640//522 641//522 642//522
f 635//523 643//523 637//523
f 637//524 643//524 644//524
f 637//519 644//519 639//519
f 639//525 644//525 645//525
f 639//526 645//526 641//526
f 641//527 645//527 646//527
f 646//528 645//528 647//528
f 646//529 647//529 648//529
f 648//530 647//530 649//530
f 648//530 649//530 650//530
f 650//531 649//531 651//531
f 650//532 651//532 652//532
f 652//533 651//533 653//533
f 652//534 653//534 654//534
f 654//535 653//535 655//535
f 654//536 655//536 656//536
f 656//537 655//537 657//537
f 656//538 657//538 658//538
f 658//539 657//539 659//539
f 658//540 659//540 660//540
f 660//541 659//541 661//541
f 660//542 661//542 662//542
f 662//543 661//543 663//543
f 662//544 663//544 664//544
f 664//545 663//545 665//545
f 664//546 665//546 666//546
f 666//547 665//547 667//547
f 666//548 667//548 668//548
f 668//549 667//549 669//549
f 668//550 669//550 670//550
f 670//551 669//551 671//551
f 670//552 671//552 672//552
f 672//553 671//553 673//553
f 674//554 675//554 676//554
f 676//555 675//555 677//555
f 676//556 677//556 678//556
f 678//557 677//557 679//557
f 653//558 680//558 655//558
f 655//559 680//559 681//559
f 655//560 681//560 657//560
f 657//561 681//561 682//561
f 657//562 682//562 659//562
f 659//563 682//563 683//563
f 659//564 683//564 661//564
f 661//565 683//565 684//565
f 661//566 684//566 685//566
f 685//567 684//567 686//567
f 685//568 686//568 687//568
f 687//569 686//569 688//569
f 687//570 688//570 689//570
f 689//571 688//571 690//571
f 689//572 690//572 691//572
f 691//573 690//573 692//573
f 680//574 693//574 681//574
f 681//575 693//575 694//575
f 681//561 694//561 682//561
f 682//576 694//576 695//576
f 682//563 695//563 683//563
f 683//577 695//577 696//577
f 683//565 696//565 684//565
f 684//578 696//578 697//578
f 684//567 697//567 686//567
f 686//579 697//579 698//579
f 686//569 698//569 688//569
f 688//580 698//580 699//580
f 688//571 699//571 690//571
f 690//581 699//581 700//581
f 690//573 700//573 692//573
f 694//582 693//582 701//582
f 701//583 693//583 702//583
f 701//584 702//584 703//584
f 703//585 702//585 704//585
f 703//586 704//586 705//586
f 705//587 704//587 706//587
f 705//588 706//588 707//588
f 707//589 706//589 708//589
f 707//590 708//590 709//590
f 709//591 708//591 710//591
f 709//592 710//592 711//592
f 702//593 712//593 704//593
f 704//594 712//594 713//594
f 704//587 713//587 706//587
f 706//595 713//595 714//595
f 706//589 714//589 708//589
f 708//596 714//596 715//596
f 708//591 715//591 710//591
f 712//597 716//597 713//597
f 713//598 716//598 717//598
f 713//595 717//595 714//595
f 714//599 717//599 718//599
f 714//596 718//596 715//596
f 717//600 716//600 719//600
f 719//601 716//601 720//601
f 721//602 722//602 723//602
f 723//603 722//603 724//603
f 725//604 726//604 727//604
f 727//605 726//605 728//605
f 727//606 728//606 729//606
f 729//606 728//606 730//606
f 726//607 731//607 728//607
f 728//608 731//608 732//608
f 728//609 732//609 733//609
f 733//610 732//610 734//610
f 733//611 734//611 735//611
f 735//612 734//612 736//612
f 735//613 736//613 737//613
f 737//614 736//614 738//614
f 737//615 738//615 739//615
f 734//616 738//616 736//616
f 737//617 739//617 740//617
f 740//618 739//618 741//618
f 742//619 743//619 744//619
f 744//620 743//620 745//620
f 744//621 745//621 746//621
f 746//622 745//622 747//622
f 746//623 747//623 748//623
f 748//624 747//624 749//624
f 748//625 749//625 750//625
f 750//626 749//626 751//626
f 750//627 751//627 752//627
f 752//628 751//628 753//628
f 752//629 753//629 754//629
f 754//630 753//630 755//630
f 743//631 747//631 745//631
f 749//632 753//632 751//632
f 756//633 757//633 758//633
f 758//634 757//634 759//634
f 758//635 759//635 760//635
f 760//636 759//636 761//636
f 762//637 763//637 756//637
f 756//638 763//638 764//638
f 756//639 764//639 757//639
f 757//640 764//640 765//640
f 757//640 765//640 766//640
f 766//641 765//641 767//641
f 766//641 767//641 768//641
f 763//642 762//642 769//642
f 769//643 762//643 770//643
f 771//644 772//644 773//644
f 773//645 772//645 774//645
f 773//646 774//646 775//646
f 775//647 774//647 776//647
f 775//648 776//648 777//648
f 778//649 779//649 780//649
f 780//650 779//650 781//650
f 780//651 781//651 782//651
f 780//652 782//652 783//652
f 783//653 782//653 784//653
f 783//654 784//654 785//654
f 785//655 784//655 786//655
f 785//656 786//656 787//656
f 788//657 789//657 787//657
f 787//658 789//658 790//658
f 787//659 790//659 785//659
f 785//660 790//660 791//660
f 785//660 791//660 783//660
f 783//661 791//661 792//661
f 783//661 792//661 780//661
f 780//662 792//662 793//662
f 780//662 793//662 778//662
f 778//663 793//663 794//663
f 788//664 795//664 789//664
f 789//665 795//665 796//665
f 789//666 796//666 797//666
f 797//667 796//667 798//667
f 797//668 798//668 799//668
f 799//669 798//669 800//669
f 801//670 802//670 803//670
f 804//671 805//671 806//671
f 806//672 805//672 807//672
f 806//673 807//673 808//673
f 809//674 810//674 808//674
f 808//675 810//675 811//675
f 808//676 811//676 806//676
f 806//677 811//677 804//677
f 809//678 812//678 810//678
f 810//679 812//679 813//679
f 810//680 813//680 811//680
f 811//680 813//680 814//680
f 811//681 814//681 815//681
f 812//682 816//682 813//682
f 813//683 816//683 817//683
f 813//684 817//684 814//684
f 814//684 817//684 818//684
f 816//685 819//685 817//685
f 817//686 819//686 820//686
f 817//687 820//687 821//687
f 821//688 820//688 822//688
f 821//689 822//689 823//689
f 823//690 822//690 824//690
f 823//691 824//691 825//691
f 825//692 824//692 826//692
f 825//693 826//693 827//693
f 822//694 826//694 824//694
f 825//695 827//695 828//695
f 828//696 827//696 829//696
f 828//697 829//697 830//697
f 830//698 829//698 831//698
f 830//699 831//699 832//699
f 832//700 831//700 833//700
f 832//701 833//701 834//701
f 829//702 833//702 831//702
f 835//703 836//703 834//703
f 834//704 836//704 837//704
f 834//705 837//705 832//705
f 832//706 837//706 838//706
f 832//699 838//699 830//699
f 830//707 838//707 839//707
f 830//708 839//708 840//708
f 840//709 839//709 841//709
f 840//710 841//710 842//710
f 842//711 841//711 843//711
f 842//712 843//712 844//712
f 836//713 835//713 845//713
f 845//714 835//714 846//714
f 845//715 846//715 847//715
f 847//716 846//716 848//716
f 847//717 848//717 849//717
f 846//718 850//718 848//718
f 851//719 852//719 853//719
f 853//720 852//720 854//720
f 853//721 854//721 855//721
f 855//722 854//722 856//722
f 855//723 856//723 857//723
f 857//724 856//724 858//724
f 857//725 858//725 859//725
f 859//726 858//726 860//726
f 854//727 861//727 856//727
f 856//728 861//728 862//728
f 856//724 862//724 858//724
f 858//729 862//729 863//729
f 858//726 863//726 860//726
f 862//730 861//730 864//730
f 864//731 861//731 865//731
f 864//732 865//732 866//732
f 866//733 865//733 867//733
f 868//734 869//734 870//734
f 870//735 869//735 871//735
f 869//736 872//736 871//736
f 871//737 872//737 873//737
f 872//738 874//738 873//738
f 875//739 876//739 877//739
f 877//740 876//740 878//740
f 877//741 878//741 879//741
f 879//742 878//742 880//742
f 879//743 880//743 881//743
f 882//744 883//744 884//744
f 885//745 886//745 887//745
f 887//745 886//745 888//745
f 886//746 889//746 888//746
f 888//746 889//746 890//746
f 889//747 891//747 890//747
f 890//747 891//747 892//747
f 891//748 893//748 892//748
f 892//748 893//748 894//748
f 893//749 895//749 894//749
f 894//749 895//749 896//749
f 897//750 898//750 899//750
f 895//751 900//751 896//751
f 896//751 900//751 899//751
f 900//750 897//750 899//750
f 901//752 902//752 903//752
f 904//753 905//753 906//753
f 907//754 908//754 909//754
f 910//754 907//754 909//754
f 911//755 912//755 913//755
f 913//755 912//755 914//755
f 913//756 914//756 915//756
f 914//757 912//757 916//757
f 916//758 912//758 917//758
f 916//759 917//759 918//759
f 918//760 917//760 919//760
f 918//761 919//761 920//761
f 920//762 919//762 921//762
f 920//763 921//763 922//763
f 912//764 911//764 923//764
f 923//764 911//764 924//764
f 923//765 924//765 925//765
f 926//766 927//766 928//766
f 928//766 927//766 929//766
f 928//767 929//767 930//767
f 930//767 929//767 931//767
f 930//768 931//768 932//768
f 927//769 933//769 929//769
f 929//769 933//769 934//769
f 929//770 934//770 931//770
f 926//771 935//771 927//771
f 927//772 935//772 936//772
f 927//772 936//772 933//772
f 933//773 936//773 937//773
f 933//773 937//773 938//773
f 938//774 937//774 939//774
f 933//775 938//775 934//775
f 940//776 941//776 942//776
f 926//777 928//777 943//777
f 943//778 928//778 944//778
f 943//779 944//779 945//779
f 945//780 944//780 946//780
f 945//781 946//781 947//781
f 947//782 946//782 948//782
f 947//783 948//783 949//783
f 949//784 948//784 950//784
f 944//778 928//778 930//778
f 944//785 930//785 951//785
f 951//785 930//785 932//785
f 951//786 932//786 952//786
f 953//787 954//787 955//787
f 955//788 954//788 956//788
f 955//789 956//789 957//789
f 957//790 956//790 958//790
f 957//791 958//791 959//791
f 959//792 958//792 960//792
f 959//793 960//793 961//793
f 961//794 960//794 962//794
f 961//795 962//795 963//795
f 963//796 962//796 964//796
f 963//797 964//797 965//797
f 965//798 964//798 966//798
f 965//799 966//799 967//799
f 967//800 966//800 968//800
f 944//801 951//801 946//801
f 946//802 951//802 969//802
f 946//803 969//803 948//803
f 948//804 969//804 970//804
f 948//805 970//805 950//805
f 950//806 970//806 971//806
f 969//802 951//802 952//802
f 954//807 972//807 956//807
f 956//808 972//808 973//808
f 956//809 973//809 958//809
f 958//810 973//810 974//810
f 958//811 974//811 960//811
f 960//812 974//812 975//812
f 960//813 975//813 962//813
f 962//814 975//814 976//814
f 962//815 976//815 964//815
f 964//816 976//816 977//816
f 964//817 977//817 966//817
f 966//818 977//818 978//818
f 966//819 978//819 968//819
f 968//820 978//820 979//820
f 970//821 969//821 980//821
f 980//822 969//822 981//822
f 972//808 982//808 973//808
f 973//823 982//823 983//823
f 973//810 983//810 974//810
f 974//824 983//824 984//824
f 974//812 984//812 975//812
f 975//825 984//825 985//825
f 975//814 985//814 976//814
f 976//826 985//826 986//826
f 976//816 986//816 977//816
f 977//827 986//827 987//827
f 977//818 987//818 978//818
f 978//828 987//828 988//828
f 978//820 988//820 979//820
f 979//829 988//829 989//829
f 971//830 970//830 990//830
f 990//831 970//831 980//831
f 991//832 992//832 993//832
f 993//832 992//832 994//832
f 992//833 995//833 994//833
f 994//833 995//833 996//833
f 997//834 996//834 998//834
f 998//834 996//834 995//834
f 998//835 995//835 999//835
f 1000//836 1001//836 990//836
f 1002//837 1003//837 1004//837
f 1004//837 1003//837 1005//837
f 1006//838 1002//838 1007//838
f 1007//838 1002//838 1004//838
f 1008//839 1006//839 1009//839
f 1009//839 1006//839 1007//839
f 1010//840 1008//840 1011//840
f 1011//840 1008//840 1009//840
f 1012//841 1010//841 1013//841
f 1013//841 1010//841 1011//841
f 1014//842 1012//842 1015//842
f 1015//842 1012//842 1013//842
f 1016//843 1014//843 1017//843
f 1017//843 1014//843 1015//843
f 1018//844 1019//844 1020//844
f 1020//845 1019//845 1021//845
f 1020//845 1021//845 1022//845
f 1022//846 1021//846 1023//846
f 1024//847 1025//847 1026//847
f 1027//848 1028//848 1029//848
f 1029//849 1028//849 1030//849
f 1019//850 1031//850 1021//850
f 1021//851 1031//851 1032//851
f 1021//851 1032//851 1023//851
f 1023//852 1032//852 1033//852
f 1034//853 1035//853 1036//853
f 1036//853 1035//853 1037//853
f 1035//854 1038//854 1037//854
f 1037//854 1038//854 1039//854
f 1040//855 1027//855 1041//855
f 1041//856 1027//856 1029//856
f 1031//857 1042//857 1032//857
f 1032//858 1042//858 1043//858
f 1032//858 1043//858 1033//858
f 1033//859 1043//859 1044//859
f 1045//860 1046//860 1047//860
f 1047//861 1046//861 1048//861
f 1049//862 1045//862 1047//862
f 1050//863 1051//863 1052//863
f 1052//863 1051//863 1053//863
f 1054//864 1050//864 1055//864
f 1055//864 1050//864 1052//864
f 1056//865 1054//865 1057//865
f 1057//865 1054//865 1055//865
f 1058//866 1056//866 1059//866
f 1059//866 1056//866 1057//866
f 1060//867 1058//867 1061//867
f 1061//867 1058//867 1059//867
f 1062//868 1063//868 1064//868
f 1062//868 1064//868 1065//868
f 1065//869 1064//869 1066//869
f 1067//870 1068//870 1069//870
f 1069//871 1068//871 1070//871
f 1069//872 1070//872 1071//872
f 1071//873 1070//873 1072//873
f 1073//874 1074//874 1070//874
f 1070//873 1074//873 1072//873
f 1068//871 1073//871 1070//871
f 1075//875 1076//875 1077//875
f 1078//876 1079//876 1080//876
f 1080//876 1079//876 1081//876
f 1082//877 1078//877 1083//877
f 1083//877 1078//877 1080//877
f 1084//878 1085//878 1086//878
f 1086//879 1085//879 1087//879
f 1084//880 1086//880 1088//880
f 1089//881 1084//881 1090//881
f 1090//881 1084//881 1088//881
f 1090//882 1088//882 1091//882
f 1092//883 1093//883 1094//883
f 1092//883 1094//883 1095//883
f 1095//884 1094//884 1096//884
f 1097//885 1092//885 1095//885
f 1098//886 1099//886 1100//886
f 1100//886 1099//886 1101//886
f 1100//887 1101//887 1102//887
f 1101//888 1099//888 1103//888
f 1103//889 1099//889 1104//889
f 1103//890 1104//890 1105//890
f 1104//889 1099//889 1106//889
f 1106//891 1099//891 1098//891
f 1107//892 1108//892 1109//892
f 1110//893 1107//893 1111//893
f 1111//893 1107//893 1109//893
f 1112//894 1110//894 1113//894
f 1113//894 1110//894 1111//894
f 1114//895 1115//895 1116//895
f 1116//895 1115//895 1117//895
f 1118//896 1114//896 1119//896
f 1119//896 1114//896 1116//896
f 1120//897 1118//897 1121//897
f 1121//897 1118//897 1119//897
f 1122//898 1123//898 1124//898
f 1125//899 1122//899 1126//899
f 1126//899 1122//899 1124//899
f 1127//900 1128//900 1129//900
f 1129//900 1128//900 1130//900
f 1129//901 1130//901 1131//901
f 1132//902 1133//902 1134//902
f 1134//902 1133//902 1135//902
f 1134//903 1135//903 1136//903
f 1136//903 1135//903 1137//903
f 1136//904 1137//904 1138//904
f 1139//905 1134//905 1136//905
f 1140//906 1139//906 1136//906
f 1140//906 1136//906 1138//906
f 1140//907 1138//907 1141//907
f 1142//908 1143//908 1144//908
f 1144//909 1143//909 1145//909
f 1144//910 1145//910 1146//910
f 1146//911 1145//911 1147//911
f 1146//912 1147//912 1148//912
f 1149//913 1150//913 1151//913
f 1149//913 1151//913 1152//913
f 1152//914 1151//914 1153//914
f 1143//909 1154//909 1145//909
f 1145//915 1154//915 1155//915
f 1145//911 1155//911 1147//911
f 1156//916 1149//916 1157//916
f 1157//917 1149//917 1152//917
f 1158//918 1159//918 1160//918
f 1160//919 1159//919 1161//919
f 1158//920 1160//920 1162//920
f 1163//921 1164//921 1165//921
f 1165//921 1164//921 1166//921
f 1165//921 1166//921 1167//921
f 1167//921 1166//921 1168//921
f 1167//921 1168//921 1169//921
f 1170//921 1171//921 1172//921
f 1172//921 1171//921 1173//921
f 1173//921 1171//921 1174//921
f 1173//921 1174//921 1175//921
f 1175//921 1174//921 1176//921
f 1177//921 1178//921 1179//921
f 1179//921 1178//921 1180//921
f 1179//921 1180//921 1181//921
f 1181//921 1182//921 1179//921
f 1179//921 1182//921 1183//921
f 1179//921 1183//921 1184//921
f 1184//921 1185//921 1179//921
f 1179//921 1185//921 1186//921
f 1179//921 1186//921 1187//921
f 1187//921 1186//921 1188//921
f 1187//921 1188//921 1189//921
f 1189//921 1190//921 1187//921
f 1187//921 1190//921 1191//921
f 1187//921 1191//921 1192//921
f 1192//921 1193//921 1187//921
f 1187//921 1193//921 1194//921
f 1187//921 1194//921 1195//921
f 1195//921 1196//921 1197//921
f 1197//921 1196//921 1198//921
f 1197//921 1198//921 1199//921
f 1199//921 1200//921 1197//921
f 1197//921 1200//921 1201//921
f 1197//921 1201//921 1202//921
f 1202//921 1203//921 1197//921
f 1197//921 1203//921 1204//921
f 1197//921 1204//921 1205//921
f 1205//921 1204//921 1206//921
f 1205//921 1206//921 1207//921
f 1207//921 1208//921 1205//921
f 1205//921 1208//921 1209//921
f 1205//921 1209//921 1210//921
f 1210//921 1211//921 1205//921
f 1205//921 1211//921 1212//921
f 1205//921 1212//921 1213//921
f 1187//922 1195//922 1214//922
f 1214//922 1195//922 1215//922
f 1215//922 1195//922 1197//922
f 1216//923 1217//923 1218//923
f 1218//923 1217//923 1214//923
f 1205//924 1213//924 1219//924
f 1219//924 1213//924 1218//924
f 1218//924 1213//924 1216//924
f 1197//925 1205//925 1215//925
f 1215//925 1205//925 1219//925
f 1219//926 1218//926 1215//926
f 1215//926 1218//926 1214//926
f 1220//927 1221//927 1222//927
f 1222//928 1221//928 1223//928
f 1222//929 1223//929 1224//929
f 1221//930 1220//930 1225//930
f 1225//931 1220//931 1226//931
f 1225//932 1226//932 1227//932
f 1227//933 1226//933 1228//933
f 1227//934 1228//934 1229//934
f 1229//935 1228//935 1230//935
f 1229//936 1230//936 1231//936
f 1231//937 1230//937 1232//937
f 1231//938 1232//938 1233//938
f 1233//939 1232//939 1234//939
f 1233//940 1234//940 1235//940
f 1235//941 1234//941 1236//941
f 1235//942 1236//942 1237//942
f 1237//943 1236//943 1238//943
f 1237//944 1238//944 1239//944
f 1239//945 1238//945 1240//945
f 1239//946 1240//946 1241//946
f 1241//947 1240//947 1242//947
f 1241//948 1242//948 1243//948
f 1243//949 1242//949 1244//949
f 1243//950 1244//950 1245//950
f 1245//951 1244//951 1246//951
f 1245//952 1246//952 1247//952
f 1247//953 1246//953 1248//953
f 1247//954 1248//954 1249//954
f 1249//955 1248//955 1250//955
f 1249//956 1250//956 1251//956
f 1251//957 1250//957 1252//957
f 1251//958 1252//958 1253//958
f 1253//959 1252//959 1254//959
f 1253//960 1254//960 1255//960
f 1255//961 1254//961 1256//961
f 1255//962 1256//962 1257//962
f 1257//963 1256//963 1258//963
f 1257//964 1258//964 1259//964
f 1259//965 1258//965 1260//965
f 1259//966 1260//966 1261//966
f 1261//967 1260//967 1262//967
f 1261//968 1262//968 1263//968
f 1263//969 1262//969 1264//969
f 1263//970 1264//970 1265//970
f 1265//971 1264//971 1266//971
f 1265//972 1266//972 1267//972
f 1267//973 1266//973 1268//973
f 1267//974 1268//974 1269//974
f 1269//975 1268//975 1270//975
f 1269//976 1270//976 1271//976
f 1271//977 1270//977 1272//977
f 1271//978 1272//978 1273//978
f 1273//979 1272//979 1274//979
f 1273//980 1274//980 1275//980
f 1275//981 1274//981 1276//981
f 1275//982 1276//982 1277//982
f 1277//983 1276//983 1278//983
f 1277//984 1278//984 1279//984
f 1279//985 1278//985 1280//985
f 1279//986 1280//986 1281//986
f 1281//987 1280//987 1282//987
f 1281//988 1282//988 1283//988
f 1283//989 1282//989 1284//989
