g 0
v -0.0316228 -0.0148153 0.00234652
v -0.04 -0.0148153 0.00234652
v -0.0316228 -0.015 -1.83697e-18
v -0.04 -0.015 1.83697e-18
v -0.0316228 -0.0148153 -0.00234652
v -0.04 -0.0148153 -0.00234652
v -0.0316228 -0.0142658 -0.00463525
v -0.04 -0.0142658 -0.00463525
v -0.0316228 -0.0133651 -0.00680986
v -0.04 -0.0133651 -0.00680986
v -0.0316228 -0.0121353 -0.00881678
v -0.04 -0.0121353 -0.00881678
v -0.0316228 -0.0106066 -0.0106066
v -0.04 -0.0106066 -0.0106066
v -0.0316228 -0.00881678 -0.0121353
v -0.04 -0.00881678 -0.0121353
v -0.0316228 -0.00680986 -0.0133651
v -0.04 -0.00680986 -0.0133651
v -0.0316228 -0.00463525 -0.0142658
v -0.04 -0.00463525 -0.0142658
v -0.0316228 -0.00234652 -0.0148153
v -0.04 -0.00234652 -0.0148153
v -0.0316228 9.18485e-19 -0.015
v -0.04 -2.75546e-18 -0.015
v -0.0316228 0.00234652 -0.0148153
v -0.04 0.00234652 -0.0148153
v -0.0316228 0.00463525 -0.0142658
v -0.04 0.00463525 -0.0142658
v -0.0316228 0.00680986 -0.0133651
v -0.04 0.00680986 -0.0133651
v -0.0316228 0.00881678 -0.0121353
v -0.04 0.00881678 -0.0121353
v -0.0316228 0.0106066 -0.0106066
v -0.04 0.0106066 -0.0106066
v -0.0316228 0.0121353 -0.00881678
v -0.04 0.0121353 -0.00881678
v -0.0316228 0.0133651 -0.00680986
v -0.04 0.0133651 -0.00680986
v -0.0316228 0.0142658 -0.00463525
v -0.04 0.0142658 -0.00463525
v -0.0316228 0.0148153 -0.00234652
v -0.04 0.0148153 -0.00234652
v -0.0316228 0.015 0
v -0.04 0.015 0
v -0.0316228 0.0148153 0.00234652
v -0.04 0.0148153 0.00234652
v -0.0316228 0.0142658 0.00463525
v -0.04 0.0142658 0.00463525
v -0.0316228 0.0133651 0.00680986
v -0.04 0.0133651 0.00680986
v -0.0316228 0.0121353 0.00881678
v -0.04 0.0121353 0.00881678
v -0.0316228 0.0106066 0.0106066
v -0.04 0.0106066 0.0106066
v -0.0316228 0.00881678 0.0121353
v -0.04 0.00881678 0.0121353
v -0.0316228 0.00680986 0.0133651
v -0.04 0.00680986 0.0133651
v -0.0316228 0.00463525 0.0142658
v -0.04 0.00463525 0.0142658
v -0.0316228 0.00234652 0.0148153
v -0.04 0.00234652 0.0148153
v -0.0316228 9.18485e-19 0.015
v -0.04 9.18485e-19 0.015
v -0.0316228 -0.00234652 0.0148153
v -0.04 -0.00234652 0.0148153
v -0.0316228 -0.00463525 0.0142658
v -0.04 -0.00463525 0.0142658
v -0.0316228 -0.00680986 0.0133651
v -0.04 -0.00680986 0.0133651
v -0.0316228 -0.00881678 0.0121353
v -0.04 -0.00881678 0.0121353
v -0.0316228 -0.0106066 0.0106066
v -0.04 -0.0106066 0.0106066
v -0.0316228 -0.0121353 0.00881678
v -0.04 -0.0121353 0.00881678
v -0.0316228 -0.0133651 0.00680986
v -0.04 -0.0133651 0.00680986
v -0.0316228 -0.0142658 0.00463525
v -0.04 -0.0142658 0.00463525
v -0.0316228 -0.0148153 0.00234652
v -0.04 -0.0148153 0.00234652
v 0.04 0.0148153 -0.00234652
v 0.0316228 0.0148153 -0.00234652
v 0.04 0.015 0
v 0.0316228 0.015 0
v 0.04 0.0148153 0.00234652
v 0.0316228 0.0148153 0.00234652
v 0.04 0.0142658 0.00463525
v 0.0316228 0.0142658 0.00463525
v 0.04 0.0133651 0.00680986
v 0.0316228 0.0133651 0.00680986
v 0.04 0.0121353 0.00881678
v 0.0316228 0.0121353 0.00881678
v 0.04 0.0106066 0.0106066
v 0.0316228 0.0106066 0.0106066
v 0.04 0.00881678 0.0121353
v 0.0316228 0.00881678 0.0121353
v 0.04 0.00680986 0.0133651
v 0.0316228 0.00680986 0.0133651
v 0.04 0.00463525 0.0142658
v 0.0316228 0.00463525 0.0142658
v 0.04 0.00234652 0.0148153
v 0.0316228 0.00234652 0.0148153
v 0.04 9.18485e-19 0.015
v 0.0316228 9.18485e-19 0.015
v 0.04 -0.00234652 0.0148153
v 0.0316228 -0.00234652 0.0148153
v 0.04 -0.00463525 0.0142658
v 0.0316228 -0.00463525 0.0142658
v 0.04 -0.00680986 0.0133651
v 0.0316228 -0.00680986 0.0133651
v 0.04 -0.00881678 0.0121353
v 0.0316228 -0.00881678 0.0121353
v 0.04 -0.0106066 0.0106066
v 0.0316228 -0.0106066 0.0106066
v 0.04 -0.0121353 0.00881678
v 0.0316228 -0.0121353 0.00881678
v 0.04 -0.0133651 0.00680986
v 0.0316228 -0.0133651 0.00680986
v 0.04 -0.0142658 0.00463525
v 0.0316228 -0.0142658 0.00463525
v 0.04 -0.0148153 0.00234652
v 0.0316228 -0.0148153 0.00234652
v 0.04 -0.015 1.83697e-18
v 0.0316228 -0.015 1.83697e-18
v 0.04 -0.0148153 -0.00234652
v 0.0316228 -0.0148153 -0.00234652
v 0.04 -0.0142658 -0.00463525
v 0.0316228 -0.0142658 -0.00463525
v 0.04 -0.0133651 -0.00680986
v 0.0316228 -0.0133651 -0.00680986
v 0.04 -0.0121353 -0.00881678
v 0.0316228 -0.0121353 -0.00881678
v 0.04 -0.0106066 -0.0106066
v 0.0316228 -0.0106066 -0.0106066
v 0.04 -0.00881678 -0.0121353
v 0.0316228 -0.00881678 -0.0121353
v 0.04 -0.00680986 -0.0133651
v 0.0316228 -0.00680986 -0.0133651
v 0.04 -0.00463525 -0.0142658
v 0.0316228 -0.00463525 -0.0142658
v 0.04 -0.00234652 -0.0148153
v 0.0316228 -0.00234652 -0.0148153
v 0.04 -2.75546e-18 -0.015
v 0.0316228 9.18485e-19 -0.015
v 0.04 0.00234652 -0.0148153
v 0.0316228 0.00234652 -0.0148153
v 0.04 0.00463525 -0.0142658
v 0.0316228 0.00463525 -0.0142658
v 0.04 0.00680986 -0.0133651
v 0.0316228 0.00680986 -0.0133651
v 0.04 0.00881678 -0.0121353
v 0.0316228 0.00881678 -0.0121353
v 0.04 0.0106066 -0.0106066
v 0.0316228 0.0106066 -0.0106066
v 0.04 0.0121353 -0.00881678
v 0.0316228 0.0121353 -0.00881678
v 0.04 0.0133651 -0.00680986
v 0.0316228 0.0133651 -0.00680986
v 0.04 0.0142658 -0.00463525
v 0.0316228 0.0142658 -0.00463525
v 0.04 0.0148153 -0.00234652
v 0.0316228 0.0148153 -0.00234652
v 0.0133135 -0.00149404 -0.0149252
v -0.0133135 -0.00149404 -0.0149252
v 0.0132288 2.77556e-19 -0.015
v -0.0132288 -2.77556e-19 -0.015
v 0.0133135 0.00149404 -0.0149252
v -0.0133135 0.00149404 -0.0149252
v -0.0135584 0.00297161 -0.0147027
v 0.0135584 -0.00297161 -0.0147027
v -0.0135584 -0.00297161 -0.0147027
v -0.0139453 -0.00441198 -0.0143363
v 0.0139453 -0.00441198 -0.0143363
v 0.0144436 -0.00579799 -0.0138341
v -0.0144436 -0.00579799 -0.0138341
v 0.0150196 -0.00711445 -0.013204
v -0.0150196 -0.00711445 -0.013204
v -0.0156413 -0.00834916 -0.0124585
v 0.0156413 -0.00834916 -0.0124585
v 0.0162794 -0.00948977 -0.0116145
v 0.0169042 -0.010524 -0.0106886
v -0.0169042 -0.010524 -0.0106886
v -0.0162794 -0.00948977 -0.0116145
v 0.0175072 -0.0114674 -0.00966668
v -0.0175072 -0.0114674 -0.00966668
v 0.0180908 -0.0123401 -0.00852164
v -0.0180908 -0.0123401 -0.00852164
v -0.0186311 -0.0131194 -0.00726772
v 0.0186311 -0.0131194 -0.00726772
v 0.0191039 -0.0137826 -0.00591948
v -0.0191039 -0.0137826 -0.00591948
v 0.0194884 -0.0143109 -0.0044934
v -0.0194884 -0.0143109 -0.0044934
v -0.0197717 -0.0146942 -0.00301343
v 0.0197717 -0.0146942 -0.00301343
v 0.0199429 -0.0149239 -0.00150586
v 0.02 -0.015 6.96202e-18
v -0.02 -0.015 2.68304e-18
v -0.0199429 -0.0149239 -0.00150586
v -0.0199429 -0.0149239 0.00150586
v 0.0199429 -0.0149239 0.00150586
v 0.0197717 -0.0146942 0.00301343
v 0.0194884 -0.0143109 0.0044934
v -0.0194884 -0.0143109 0.0044934
v -0.0197717 -0.0146942 0.00301343
v 0.0191039 -0.0137826 0.00591948
v -0.0191039 -0.0137826 0.00591948
v 0.0186311 -0.0131194 0.00726772
v -0.0186311 -0.0131194 0.00726772
v -0.0180908 -0.0123401 0.00852164
v 0.0180908 -0.0123401 0.00852164
v 0.0175072 -0.0114674 0.00966668
v -0.0175072 -0.0114674 0.00966668
v 0.0169042 -0.010524 0.0106886
v -0.0169042 -0.010524 0.0106886
v -0.0162794 -0.00948977 0.0116145
v 0.0162794 -0.00948977 0.0116145
v 0.0156413 -0.00834916 0.0124585
v 0.0150196 -0.00711445 0.013204
v -0.0150196 -0.00711445 0.013204
v -0.0156413 -0.00834916 0.0124585
v 0.0144436 -0.00579799 0.0138341
v -0.0144436 -0.00579799 0.0138341
v 0.0139453 -0.00441198 0.0143363
v -0.0139453 -0.00441198 0.0143363
v -0.0135584 -0.00297161 0.0147027
v 0.0135584 -0.00297161 0.0147027
v 0.0133135 -0.00149404 0.0149252
v 0.0132288 2.08167e-19 0.015
v -0.0132288 0 0.015
v -0.0133135 -0.00149404 0.0149252
v -0.0133135 0.00149404 0.0149252
v 0.0133135 0.00149404 0.0149252
v 0.0135584 0.00297161 0.0147027
v 0.0139453 0.00441198 0.0143363
v -0.0139453 0.00441198 0.0143363
v -0.0135584 0.00297161 0.0147027
v 0.0144436 0.00579799 0.0138341
v -0.0144436 0.00579799 0.0138341
v 0.0150196 0.00711445 0.013204
v -0.0150196 0.00711445 0.013204
v -0.0156413 0.00834916 0.0124585
v 0.0156413 0.00834916 0.0124585
v 0.0162794 0.00948977 0.0116145
v 0.0169042 0.010524 0.0106886
v -0.0169042 0.010524 0.0106886
v -0.0162794 0.00948977 0.0116145
v 0.0175072 0.0114674 0.00966668
v -0.0175072 0.0114674 0.00966668
v 0.0180908 0.0123401 0.00852164
v -0.0180908 0.0123401 0.00852164
v -0.0186311 0.0131194 0.00726772
v 0.0186311 0.0131194 0.00726772
v 0.0191039 0.0137826 0.00591948
v -0.0191039 0.0137826 0.00591948
v 0.0194884 0.0143109 0.0044934
v -0.0194884 0.0143109 0.0044934
v -0.0197717 0.0146942 0.00301343
v 0.0197717 0.0146942 0.00301343
v 0.0199429 0.0149239 0.00150586
v 0.02 0.015 -8.09538e-19
v -0.02 0.015 3.26128e-18
v -0.0199429 0.0149239 0.00150586
v -0.0199429 0.0149239 -0.00150586
v 0.0199429 0.0149239 -0.00150586
v 0.0197717 0.0146942 -0.00301343
v 0.0194884 0.0143109 -0.0044934
v -0.0194884 0.0143109 -0.0044934
v -0.0197717 0.0146942 -0.00301343
v 0.0191039 0.0137826 -0.00591948
v -0.0191039 0.0137826 -0.00591948
v 0.0186311 0.0131194 -0.00726772
v -0.0186311 0.0131194 -0.00726772
v -0.0180908 0.0123401 -0.00852164
v 0.0180908 0.0123401 -0.00852164
v 0.0175072 0.0114674 -0.00966668
v -0.0175072 0.0114674 -0.00966668
v 0.0169042 0.010524 -0.0106886
v -0.0169042 0.010524 -0.0106886
v -0.0162794 0.00948977 -0.0116145
v 0.0162794 0.00948977 -0.0116145
v 0.0156413 0.00834916 -0.0124585
v 0.0150196 0.00711445 -0.013204
v -0.0150196 0.00711445 -0.013204
v -0.0156413 0.00834916 -0.0124585
v 0.0144436 0.00579799 -0.0138341
v -0.0144436 0.00579799 -0.0138341
v 0.0139453 0.00441198 -0.0143363
v -0.0139453 0.00441198 -0.0143363
v -0.0135584 0.00297161 -0.0147027
v 0.0135584 0.00297161 -0.0147027
v 0.0133135 0.00149404 -0.0149252
v -0.04 0.015 0
v -0.04 0.0148153 -0.00234652
v -0.04 0.0148153 0.00234652
v -0.04 0.0142658 0.00463525
v -0.04 0.0142658 -0.00463525
v -0.04 0.0133651 0.00680986
v -0.04 0.0133651 -0.00680986
v -0.04 0.0121353 0.00881678
v -0.04 0.0121353 -0.00881678
v -0.04 0.0106066 0.0106066
v -0.04 0.0106066 -0.0106066
v -0.04 0.00881678 0.0121353
v -0.04 0.00881678 -0.0121353
v -0.04 0.00680986 0.0133651
v -0.04 0.00680986 -0.0133651
v -0.04 0.00463525 0.0142658
v -0.04 0.00463525 -0.0142658
v -0.04 0.00234652 0.0148153
v -0.04 0.00234652 -0.0148153
v -0.04 9.18485e-19 0.015
v -0.04 -2.75546e-18 -0.015
v -0.04 -0.00234652 0.0148153
v -0.04 -0.00234652 -0.0148153
v -0.04 -0.00463525 0.0142658
v -0.04 -0.00463525 -0.0142658
v -0.04 -0.00680986 0.0133651
v -0.04 -0.00680986 -0.0133651
v -0.04 -0.00881678 0.0121353
v -0.04 -0.00881678 -0.0121353
v -0.04 -0.0106066 0.0106066
v -0.04 -0.0106066 -0.0106066
v -0.04 -0.0121353 0.00881678
v -0.04 -0.0121353 -0.00881678
v -0.04 -0.0133651 0.00680986
v -0.04 -0.0133651 -0.00680986
v -0.04 -0.0142658 0.00463525
v -0.04 -0.0142658 -0.00463525
v -0.04 -0.0148153 0.00234652
v -0.04 -0.0148153 -0.00234652
v -0.04 -0.015 1.83697e-18
v 0.04 0.015 0
v 0.04 0.0148153 0.00234652
v 0.04 0.0148153 -0.00234652
v 0.04 0.0142658 -0.00463525
v 0.04 0.0142658 0.00463525
v 0.04 0.0133651 -0.00680986
v 0.04 0.0133651 0.00680986
v 0.04 0.0121353 -0.00881678
v 0.04 0.0121353 0.00881678
v 0.04 0.0106066 -0.0106066
v 0.04 0.0106066 0.0106066
v 0.04 0.00881678 -0.0121353
v 0.04 0.00881678 0.0121353
v 0.04 0.00680986 -0.0133651
v 0.04 0.00680986 0.0133651
v 0.04 0.00463525 -0.0142658
v 0.04 0.00463525 0.0142658
v 0.04 0.00234652 -0.0148153
v 0.04 0.00234652 0.0148153
v 0.04 -2.75546e-18 -0.015
v 0.04 9.18485e-19 0.015
v 0.04 -0.00234652 -0.0148153
v 0.04 -0.00234652 0.0148153
v 0.04 -0.00463525 -0.0142658
v 0.04 -0.00463525 0.0142658
v 0.04 -0.00680986 -0.0133651
v 0.04 -0.00680986 0.0133651
v 0.04 -0.00881678 -0.0121353
v 0.04 -0.00881678 0.0121353
v 0.04 -0.0106066 -0.0106066
v 0.04 -0.0106066 0.0106066
v 0.04 -0.0121353 -0.00881678
v 0.04 -0.0121353 0.00881678
v 0.04 -0.0133651 -0.00680986
v 0.04 -0.0133651 0.00680986
v 0.04 -0.0142658 -0.00463525
v 0.04 -0.0142658 0.00463525
v 0.04 -0.0148153 -0.00234652
v 0.04 -0.0148153 0.00234652
v 0.04 -0.015 1.83697e-18
v 0.0133135 0.00149404 -0.0149252
v 0.0136511 0.0287228 -0.0146167
v 0.0132288 2.77556e-19 -0.015
v 0.0115336 0.0287228 -0.0163394
v 0.0115336 -0.0287228 -0.0163394
v 0.0092013 -0.0287228 -0.0177577
v 0.0092013 0.0287228 -0.0177577
v 0.00669759 -0.0287228 -0.0188452
v 0.00669759 0.0287228 -0.0188452
v 0.00406912 -0.0287228 -0.0195817
v 0.00406912 0.0287228 -0.0195817
v 0.00136485 -0.0287228 -0.0199534
v 0.00136485 0.0287228 -0.0199534
v -0.00136485 -0.0287228 -0.0199534
v -0.00136485 0.0287228 -0.0199534
v -0.00406912 -0.0287228 -0.0195817
v -0.00406912 0.0287228 -0.0195817
v -0.00669759 -0.0287228 -0.0188452
v -0.00669759 0.0287228 -0.0188452
v -0.0092013 -0.0287228 -0.0177577
v -0.0092013 0.0287228 -0.0177577
v -0.0115336 -0.0287228 -0.0163394
v -0.0115336 0.0287228 -0.0163394
v -0.0132288 -2.77556e-19 -0.015
v -0.0136511 0.0287228 -0.0146167
v -0.0133135 0.00149404 -0.0149252
v -0.0135584 0.00297161 -0.0147027
v -0.0139453 0.00441198 -0.0143363
v -0.0144436 0.00579799 -0.0138341
v -0.0155142 0.0287228 -0.0126218
v -0.0150196 0.00711445 -0.013204
v -0.0156413 0.00834916 -0.0124585
v -0.0162794 0.00948977 -0.0116145
v -0.0170884 0.0287228 -0.0103917
v -0.0169042 0.010524 -0.0106886
v -0.0175072 0.0114674 -0.00966668
v -0.0183442 0.0287228 -0.00796802
v -0.0180908 0.0123401 -0.00852164
v -0.0186311 0.0131194 -0.00726772
v -0.0192583 0.0287228 -0.00539594
v -0.0191039 0.0137826 -0.00591948
v -0.0194884 0.0143109 -0.0044934
v -0.0198137 0.0287228 -0.00272333
v -0.0197717 0.0146942 -0.00301343
v -0.0199429 0.0149239 -0.00150586
v -0.02 0.0287228 0
v -0.02 0.015 3.26128e-18
v -0.0199429 0.0149239 0.00150586
v -0.0198137 0.0287228 0.00272333
v -0.0197717 0.0146942 0.00301343
v -0.0194884 0.0143109 0.0044934
v -0.0192583 0.0287228 0.00539594
v -0.0191039 0.0137826 0.00591948
v -0.0186311 0.0131194 0.00726772
v -0.0183442 0.0287228 0.00796802
v -0.0180908 0.0123401 0.00852164
v -0.0175072 0.0114674 0.00966668
v -0.0170884 0.0287228 0.0103917
v -0.0169042 0.010524 0.0106886
v -0.0162794 0.00948977 0.0116145
v -0.0155142 0.0287228 0.0126218
v -0.0156413 0.00834916 0.0124585
v -0.0150196 0.00711445 0.013204
v -0.0144436 0.00579799 0.0138341
v -0.0136511 0.0287228 0.0146167
v -0.0139453 0.00441198 0.0143363
v -0.0135584 0.00297161 0.0147027
v -0.0133135 0.00149404 0.0149252
v -0.0132288 0 0.015
v -0.0115336 0.0287228 0.0163394
v -0.0115336 -0.0287228 0.0163394
v -0.0092013 -0.0287228 0.0177577
v -0.0092013 0.0287228 0.0177577
v -0.00669759 -0.0287228 0.0188452
v -0.00669759 0.0287228 0.0188452
v -0.00406912 -0.0287228 0.0195817
v -0.00406912 0.0287228 0.0195817
v -0.00136485 -0.0287228 0.0199534
v -0.00136485 0.0287228 0.0199534
v 0.00136485 -0.0287228 0.0199534
v 0.00136485 0.0287228 0.0199534
v 0.00406912 -0.0287228 0.0195817
v 0.00406912 0.0287228 0.0195817
v 0.00669759 -0.0287228 0.0188452
v 0.00669759 0.0287228 0.0188452
v 0.0092013 -0.0287228 0.0177577
v 0.0092013 0.0287228 0.0177577
v 0.0115336 -0.0287228 0.0163394
v 0.0115336 0.0287228 0.0163394
v 0.0132288 2.08167e-19 0.015
v 0.0136511 0.0287228 0.0146167
v 0.0133135 0.00149404 0.0149252
v 0.0135584 0.00297161 0.0147027
v 0.0139453 0.00441198 0.0143363
v 0.0144436 0.00579799 0.0138341
v 0.0155142 0.0287228 0.0126218
v 0.0150196 0.00711445 0.013204
v 0.0156413 0.00834916 0.0124585
v 0.0162794 0.00948977 0.0116145
v 0.0170884 0.0287228 0.0103917
v 0.0169042 0.010524 0.0106886
v 0.0175072 0.0114674 0.00966668
v 0.0183442 0.0287228 0.00796802
v 0.0180908 0.0123401 0.00852164
v 0.0186311 0.0131194 0.00726772
v 0.0192583 0.0287228 0.00539594
v 0.0191039 0.0137826 0.00591948
v 0.0194884 0.0143109 0.0044934
v 0.0198137 0.0287228 0.00272333
v 0.0197717 0.0146942 0.00301343
v 0.0199429 0.0149239 0.00150586
v 0.02 0.0287228 2.44929e-18
v 0.02 0.015 -8.09538e-19
v 0.0199429 0.0149239 -0.00150586
v 0.0198137 0.0287228 -0.00272333
v 0.0197717 0.0146942 -0.00301343
v 0.0194884 0.0143109 -0.0044934
v 0.0192583 0.0287228 -0.00539594
v 0.0191039 0.0137826 -0.00591948
v 0.0186311 0.0131194 -0.00726772
v 0.0183442 0.0287228 -0.00796802
v 0.0180908 0.0123401 -0.00852164
v 0.0175072 0.0114674 -0.00966668
v 0.0170884 0.0287228 -0.0103917
v 0.0169042 0.010524 -0.0106886
v 0.0162794 0.00948977 -0.0116145
v 0.0155142 0.0287228 -0.0126218
v 0.0156413 0.00834916 -0.0124585
v 0.0150196 0.00711445 -0.013204
v 0.0144436 0.00579799 -0.0138341
v 0.0136511 0.0287228 -0.0146167
v 0.0139453 0.00441198 -0.0143363
v 0.0135584 0.00297161 -0.0147027
v 0.0133135 0.00149404 -0.0149252
v 0.0115336 -0.0287228 0.0163394
v 0.0132288 2.08167e-19 0.015
v 0.0136511 -0.0287228 0.0146167
v 0.0133135 -0.00149404 0.0149252
v 0.0135584 -0.00297161 0.0147027
v 0.0139453 -0.00441198 0.0143363
v 0.0144436 -0.00579799 0.0138341
v 0.0155142 -0.0287228 0.0126218
v 0.0150196 -0.00711445 0.013204
v 0.0156413 -0.00834916 0.0124585
v 0.0162794 -0.00948977 0.0116145
v 0.0170884 -0.0287228 0.0103917
v 0.0169042 -0.010524 0.0106886
v 0.0175072 -0.0114674 0.00966668
v 0.0183442 -0.0287228 0.00796802
v 0.0180908 -0.0123401 0.00852164
v 0.0186311 -0.0131194 0.00726772
v 0.0192583 -0.0287228 0.00539594
v 0.0191039 -0.0137826 0.00591948
v 0.0194884 -0.0143109 0.0044934
v 0.0198137 -0.0287228 0.00272333
v 0.0197717 -0.0146942 0.00301343
v 0.0199429 -0.0149239 0.00150586
v 0.02 -0.0287228 -2.44929e-18
v 0.02 -0.015 6.96202e-18
v 0.0199429 -0.0149239 -0.00150586
v 0.0198137 -0.0287228 -0.00272333
v 0.0197717 -0.0146942 -0.00301343
v 0.0194884 -0.0143109 -0.0044934
v 0.0192583 -0.0287228 -0.00539594
v 0.0191039 -0.0137826 -0.00591948
v 0.0186311 -0.0131194 -0.00726772
v 0.0183442 -0.0287228 -0.00796802
v 0.0180908 -0.0123401 -0.00852164
v 0.0175072 -0.0114674 -0.00966668
v 0.0170884 -0.0287228 -0.0103917
v 0.0169042 -0.010524 -0.0106886
v 0.0162794 -0.00948977 -0.0116145
v 0.0155142 -0.0287228 -0.0126218
v 0.0156413 -0.00834916 -0.0124585
v 0.0150196 -0.00711445 -0.013204
v 0.0144436 -0.00579799 -0.0138341
v 0.0136511 -0.0287228 -0.0146167
v 0.0139453 -0.00441198 -0.0143363
v 0.0135584 -0.00297161 -0.0147027
v 0.0133135 -0.00149404 -0.0149252
v 0.0132288 2.77556e-19 -0.015
v 0.0115336 -0.0287228 -0.0163394
v -0.0115336 -0.0287228 -0.0163394
v -0.0132288 -2.77556e-19 -0.015
v -0.0136511 -0.0287228 -0.0146167
v -0.0133135 -0.00149404 -0.0149252
v -0.0135584 -0.00297161 -0.0147027
v -0.0139453 -0.00441198 -0.0143363
v -0.0144436 -0.00579799 -0.0138341
v -0.0155142 -0.0287228 -0.0126218
v -0.0150196 -0.00711445 -0.013204
v -0.0156413 -0.00834916 -0.0124585
v -0.0162794 -0.00948977 -0.0116145
v -0.0170884 -0.0287228 -0.0103917
v -0.0169042 -0.010524 -0.0106886
v -0.0175072 -0.0114674 -0.00966668
v -0.0183442 -0.0287228 -0.00796802
v -0.0180908 -0.0123401 -0.00852164
v -0.0186311 -0.0131194 -0.00726772
v -0.0192583 -0.0287228 -0.00539594
v -0.0191039 -0.0137826 -0.00591948
v -0.0194884 -0.0143109 -0.0044934
v -0.0198137 -0.0287228 -0.00272333
v -0.0197717 -0.0146942 -0.00301343
v -0.0199429 -0.0149239 -0.00150586
v -0.02 -0.0287228 0
v -0.02 -0.015 2.68304e-18
v -0.0199429 -0.0149239 0.00150586
v -0.0198137 -0.0287228 0.00272333
v -0.0197717 -0.0146942 0.00301343
v -0.0194884 -0.0143109 0.0044934
v -0.0192583 -0.0287228 0.00539594
v -0.0191039 -0.0137826 0.00591948
v -0.0186311 -0.0131194 0.00726772
v -0.0183442 -0.0287228 0.00796802
v -0.0180908 -0.0123401 0.00852164
v -0.0175072 -0.0114674 0.00966668
v -0.0170884 -0.0287228 0.0103917
v -0.0169042 -0.010524 0.0106886
v -0.0162794 -0.00948977 0.0116145
v -0.0155142 -0.0287228 0.0126218
v -0.0156413 -0.00834916 0.0124585
v -0.0150196 -0.00711445 0.013204
v -0.0144436 -0.00579799 0.0138341
v -0.0136511 -0.0287228 0.0146167
v -0.0139453 -0.00441198 0.0143363
v -0.0135584 -0.00297161 0.0147027
v -0.0133135 -0.00149404 0.0149252
v -0.0132288 0 0.015
v -0.0115336 -0.0287228 0.0163394
v 0.0316228 -0.0148153 0.00234652
v 0.0303109 -0.0175 0
v 0.0316228 -0.015 1.83697e-18
v 0.0313688 -0.0150868 -0.0036585
v 0.0316228 -0.0148153 -0.00234652
v 0.0316228 -0.0142658 -0.00463525
v 0.0307721 -0.0150041 -0.00727691
v 0.0312754 -0.0139247 -0.00727691
v 0.0304092 -0.013539 -0.0108156
v 0.0316228 -0.0121353 -0.00881678
v 0.0316228 -0.0106066 -0.0106066
v 0.0292098 -0.013005 -0.0142358
v 0.0304092 -0.00988054 -0.0142358
v 0.0276904 -0.0123285 -0.0175
v 0.0288274 -0.00936658 -0.0175
v 0.0258676 -0.011517 -0.0205725
v 0.0269297 -0.00875 -0.0205725
v 0.0237614 -0.0105792 -0.0234196
v 0.024737 -0.00803755 -0.0234196
v 0.0213948 -0.0095256 -0.0260101
v 0.0222733 -0.00723705 -0.0260101
v 0.0187939 -0.00836758 -0.0283156
v 0.0195656 -0.00635725 -0.0283156
v 0.015987 -0.00711789 -0.0303109
v 0.0166435 -0.0054078 -0.0303109
v 0.013005 -0.00579021 -0.0319741
v 0.013539 -0.0043991 -0.0319741
v 0.00988054 -0.0043991 -0.033287
v 0.0102862 -0.0033422 -0.033287
v 0.00664779 -0.00295979 -0.0342352
v 0.00692075 -0.00224869 -0.0342352
v 0.0033422 -0.00148804 -0.0348083
v 0.00347944 -0.00113054 -0.0348083
v -2.14313e-18 -2.62458e-34 -0.035
v 0.0303109 -0.0175 0
v 0.0316228 -0.0148153 0.00234652
v 0.0301448 -0.0174041 0.0036585
v 0.0316228 -0.0142658 0.00463525
v 0.0296485 -0.0171176 0.00727691
v 0.0312754 -0.0139247 0.00727691
v 0.0304092 -0.013539 0.0108156
v 0.0316228 -0.0121353 0.00881678
v 0.0316228 -0.0106066 0.0106066
v 0.0316228 -0.0133651 0.00680986
v 0.0304092 -0.00988054 0.0142358
v 0.0316228 -0.00881678 0.0121353
v 0.0316228 -0.00680986 0.0133651
v 0.0312754 -0.00664779 0.0142358
v 0.0316228 -0.00463525 0.0142658
v 0.0296485 -0.00630199 0.0175
v 0.0301448 -0.00316835 0.0175
v 0.0281605 -0.00295979 0.0205725
v 0.0283156 6.87233e-19 0.0205725
v 0.0260101 5.61135e-19 0.0234196
v 0.0258676 0.00271879 0.0234196
v 0.0232913 0.00244801 0.0260101
v 0.0229078 0.0048692 0.0260101
v 0.0201229 0.00427726 0.0283156
v 0.0195656 0.00635725 0.0283156
v 0.0166435 0.0054078 0.0303109
v 0.015987 0.00711789 0.0303109
v 0.013005 0.00579021 0.0319741
v 0.0123285 0.00711789 0.0319741
v 0.00936658 0.0054078 0.033287
v 0.00875 0.00635725 0.033287
v 0.00588714 0.00427726 0.0342352
v 0.0054078 0.0048692 0.0342352
v 0.00271879 0.00244801 0.0348083
v 0.00244801 0.00271879 0.0348083
v -2.14313e-18 2.62458e-34 0.035
v 0.0316228 -0.00234652 0.0148153
v 0.0303109 8.174e-19 0.0175
v 0.0281605 0.00295979 0.0205725
v 0.0254417 0.0054078 0.0234196
v 0.0222733 0.00723705 0.0260101
v 0.0187939 0.00836758 0.0283156
v 0.0151554 0.00875 0.0303109
v 0.011517 0.00836758 0.0319741
v 0.00803755 0.00723705 0.033287
v 0.0048692 0.0054078 0.0342352
v 0.00215041 0.00295979 0.0348083
v 0.0316228 9.18485e-19 0.015
v 0.0316228 0.00234652 0.0148153
v 0.0301448 0.00316835 0.0175
v 0.0316228 0.00463525 0.0142658
v 0.0296485 0.00630199 0.0175
v 0.0312754 0.00664779 0.0142358
v 0.0288274 0.00936658 0.0175
v 0.0304092 0.00988054 0.0142358
v 0.0276904 0.0123285 0.0175
v 0.0292098 0.013005 0.0142358
v 0.02625 0.0151554 0.0175
v 0.0276904 0.015987 0.0142358
v 0.024522 0.0178163 0.0175
v 0.0258676 0.0187939 0.0142358
v 0.0225254 0.0202819 0.0175
v 0.0237614 0.0213948 0.0142358
v 0.0202819 0.0225254 0.0175
v 0.0213948 0.0237614 0.0142358
v 0.0178163 0.024522 0.0175
v 0.0187939 0.0258676 0.0142358
v 0.0151554 0.02625 0.0175
v 0.015987 0.0276904 0.0142358
v 0.0136511 0.0287228 0.0146167
v 0.0155142 0.0287228 0.0126218
v 0.0195656 0.0269297 0.0108156
v 0.0222733 0.024737 0.0108156
v 0.0229078 0.0254417 0.00727691
v 0.0254417 0.0229078 0.00727691
v 0.0258676 0.0232913 0.0036585
v 0.0281605 0.0204598 0.0036585
v 0.0283156 0.0205725 0
v 0.0303109 0.0175 0
v 0.0301448 0.0174041 -0.0036585
v 0.0316228 0.0148153 -0.00234652
v 0.0316228 0.0142658 -0.00463525
v 0.0316228 0.00463525 0.0142658
v 0.0316228 0.00680986 0.0133651
v 0.0312754 0.00664779 0.0142358
v 0.0316228 0.00881678 0.0121353
v 0.0304092 0.00988054 0.0142358
v 0.0316228 0.0106066 0.0106066
v 0.0292098 0.013005 0.0142358
v 0.0304092 0.013539 0.0108156
v 0.0276904 0.015987 0.0142358
v 0.0288274 0.0166435 0.0108156
v 0.0258676 0.0187939 0.0142358
v 0.0269297 0.0195656 0.0108156
v 0.0237614 0.0213948 0.0142358
v 0.024737 0.0222733 0.0108156
v 0.0213948 0.0237614 0.0142358
v 0.0187939 0.0258676 0.0142358
v 0.0316228 0.0121353 0.00881678
v 0.0312754 0.0139247 0.00727691
v 0.0296485 0.0171176 0.00727691
v 0.0276968 0.0201229 0.00727691
v 0.0254417 0.0229078 0.00727691
v 0.0222733 0.024737 0.0108156
v 0.0316228 0.0133651 0.00680986
v 0.0316228 0.0142658 0.00463525
v 0.0301448 0.0174041 0.0036585
v 0.0281605 0.0204598 0.0036585
v 0.0316228 0.0148153 0.00234652
v 0.0303109 0.0175 0
v 0.0316228 0.015 0
v 0.0316228 0.0148153 -0.00234652
v 0.0316228 0.0133651 -0.00680986
v 0.0312754 0.0139247 -0.00727691
v 0.0316228 0.0142658 -0.00463525
v 0.0296485 0.0171176 -0.00727691
v 0.0301448 0.0174041 -0.0036585
v 0.0281605 0.0204598 -0.0036585
v 0.0283156 0.0205725 0
v 0.0260101 0.0234196 0
v 0.0258676 0.0232913 0.0036585
v 0.0232913 0.0258676 0.0036585
v 0.0229078 0.0254417 0.00727691
v 0.0201229 0.0276968 0.00727691
v 0.0195656 0.0269297 0.0108156
v 0.0183442 0.0287228 0.00796802
v 0.0170884 0.0287228 0.0103917
v 0.0316228 0.0121353 -0.00881678
v 0.0304092 0.013539 -0.0108156
v 0.0288274 0.0166435 -0.0108156
v 0.0276968 0.0201229 -0.00727691
v 0.0269297 0.0195656 -0.0108156
v 0.0254417 0.0229078 -0.00727691
v 0.024737 0.0222733 -0.0108156
v 0.0229078 0.0254417 -0.00727691
v 0.0222733 0.024737 -0.0108156
v 0.0201229 0.0276968 -0.00727691
v 0.0195656 0.0269297 -0.0108156
v 0.0191306 0.0272404 -0.0108156
v 0.0184111 0.0261414 -0.0142358
v 0.015987 0.0276904 -0.0142358
v 0.0151554 0.02625 -0.0175
v 0.0136511 0.0287228 -0.0146167
v 0.0123285 0.0276904 -0.0175
v 0.0115336 0.0287228 -0.0163394
v 0.0092013 0.0287228 -0.0177577
v 0.011517 0.0258676 -0.0205725
v 0.00875 0.0269297 -0.0205725
v 0.0105792 0.0237614 -0.0234196
v 0.00803755 0.024737 -0.0234196
v 0.0095256 0.0213948 -0.0260101
v 0.00723705 0.0222733 -0.0260101
v 0.00836758 0.0187939 -0.0283156
v 0.00635725 0.0195656 -0.0283156
v 0.00711789 0.015987 -0.0303109
v 0.0054078 0.0166435 -0.0303109
v 0.00579021 0.013005 -0.0319741
v 0.0043991 0.013539 -0.0319741
v 0.0043991 0.00988054 -0.033287
v 0.0033422 0.0102862 -0.033287
v 0.00295979 0.00664779 -0.0342352
v 0.00224869 0.00692075 -0.0342352
v 0.00148804 0.0033422 -0.0348083
v 0.00113054 0.00347944 -0.0348083
v -2.14313e-18 -2.62458e-34 -0.035
v 0.0316228 0.0121353 -0.00881678
v 0.0316228 0.0106066 -0.0106066
v 0.0304092 0.013539 -0.0108156
v 0.0304092 0.00988054 -0.0142358
v 0.0292098 0.013005 -0.0142358
v 0.0288274 0.00936658 -0.0175
v 0.0276904 0.0123285 -0.0175
v 0.0269297 0.00875 -0.0205725
v 0.0258676 0.011517 -0.0205725
v 0.024737 0.00803755 -0.0234196
v 0.0237614 0.0105792 -0.0234196
v 0.0222733 0.00723705 -0.0260101
v 0.0213948 0.0095256 -0.0260101
v 0.0195656 0.00635725 -0.0283156
v 0.0187939 0.00836758 -0.0283156
v 0.0166435 0.0054078 -0.0303109
v 0.015987 0.00711789 -0.0303109
v 0.013539 0.0043991 -0.0319741
v 0.013005 0.00579021 -0.0319741
v 0.0102862 0.0033422 -0.033287
v 0.00988054 0.0043991 -0.033287
v 0.00692075 0.00224869 -0.0342352
v 0.00664779 0.00295979 -0.0342352
v 0.00347944 0.00113054 -0.0348083
v 0.0033422 0.00148804 -0.0348083
v 0.0316228 0.00881678 -0.0121353
v 0.0312754 0.00664779 -0.0142358
v 0.0296485 0.00630199 -0.0175
v 0.0316228 0.00463525 -0.0142658
v 0.0301448 0.00316835 -0.0175
v 0.0316228 0.00234652 -0.0148153
v 0.0303109 8.174e-19 -0.0175
v 0.0316228 9.18485e-19 -0.015
v 0.0316228 -0.00234652 -0.0148153
v 0.0316228 0.00680986 -0.0133651
v 0.0301448 -0.00316835 -0.0175
v 0.0316228 -0.00463525 -0.0142658
v 0.0296485 -0.00630199 -0.0175
v 0.0312754 -0.00664779 -0.0142358
v 0.0288274 -0.00936658 -0.0175
v 0.0304092 -0.00988054 -0.0142358
v 0.0316228 -0.00680986 -0.0133651
v 0.0316228 -0.00881678 -0.0121353
v 0.0316228 -0.0106066 -0.0106066
v 0.0316228 -0.0121353 -0.00881678
v 0.0316228 -0.0133651 -0.00680986
v 0.0312754 -0.0139247 -0.00727691
v 0.0316228 -0.0142658 -0.00463525
v -0.0316228 -0.0148153 0.00234652
v -0.0316228 -0.015 -1.83697e-18
v -0.0303109 -0.0175 0
v -0.0316228 -0.0148153 -0.00234652
v -0.0301448 -0.0174041 -0.0036585
v -0.0316228 -0.0142658 -0.00463525
v -0.0296485 -0.0171176 -0.00727691
v -0.0312754 -0.0139247 -0.00727691
v -0.0304092 -0.013539 -0.0108156
v -0.0316228 -0.0121353 -0.00881678
v -0.0316228 -0.0106066 -0.0106066
v -0.0316228 -0.0133651 -0.00680986
v -0.0304092 -0.00988054 -0.0142358
v -0.0316228 -0.00881678 -0.0121353
v -0.0312754 -0.00664779 -0.0142358
v -0.0316228 -0.00680986 -0.0133651
v -0.0316228 -0.00463525 -0.0142658
v -0.0316228 -0.00234652 -0.0148153
v -0.0301448 -0.00316835 -0.0175
v -0.0296485 -0.00630199 -0.0175
v -0.0303109 3.71201e-18 -0.0175
v -0.0316228 9.18485e-19 -0.015
v -0.0316228 0.00234652 -0.0148153
v -0.0301448 0.00316835 -0.0175
v -0.0316228 0.00463525 -0.0142658
v -0.0296485 0.00630199 -0.0175
v -0.0312754 0.00664779 -0.0142358
v -0.0288274 0.00936658 -0.0175
v -0.0304092 0.00988054 -0.0142358
v -0.0276904 0.0123285 -0.0175
v -0.0292098 0.013005 -0.0142358
v -0.0285873 0.0143216 -0.0142358
v -0.0298409 0.0147493 -0.0108156
v -0.0288274 0.0166435 -0.0108156
v -0.0296485 0.0171176 -0.00727691
v -0.0269297 0.0195656 -0.0108156
v -0.0276968 0.0201229 -0.00727691
v -0.024737 0.0222733 -0.0108156
v -0.0254417 0.0229078 -0.00727691
v -0.0222733 0.024737 -0.0108156
v -0.0229078 0.0254417 -0.00727691
v -0.0195656 0.0269297 -0.0108156
v -0.0201229 0.0276968 -0.00727691
v -0.0183442 0.0287228 -0.00796802
v -0.0192583 0.0287228 -0.00539594
v -0.0204598 0.0281605 -0.0036585
v -0.0198137 0.0287228 -0.00272333
v -0.0205725 0.0283156 0
v -0.02 0.0287228 0
v -0.0198137 0.0287228 0.00272333
v -0.0204598 0.0281605 0.0036585
v -0.0192583 0.0287228 0.00539594
v -0.0201229 0.0276968 0.00727691
v -0.0183442 0.0287228 0.00796802
v -0.0195656 0.0269297 0.0108156
v -0.0170884 0.0287228 0.0103917
v -0.015987 0.0276904 0.0142358
v -0.0155142 0.0287228 0.0126218
v -0.0136511 0.0287228 0.0146167
v -0.0151554 0.02625 0.0175
v -0.0123285 0.0276904 0.0175
v -0.0141578 0.024522 0.0205725
v -0.011517 0.0258676 0.0205725
v -0.013005 0.0225254 0.0234196
v -0.0105792 0.0237614 0.0234196
v -0.0117098 0.0202819 0.0260101
v -0.0095256 0.0213948 0.0260101
v -0.0102862 0.0178163 0.0283156
v -0.00836758 0.0187939 0.0283156
v -0.00875 0.0151554 0.0303109
v -0.00711789 0.015987 0.0303109
v -0.00711789 0.0123285 0.0319741
v -0.00579021 0.013005 0.0319741
v -0.0054078 0.00936658 0.033287
v -0.0043991 0.00988054 0.033287
v -0.00363845 0.00630199 0.0342352
v -0.00295979 0.00664779 0.0342352
v -0.00182925 0.00316835 0.0348083
v -0.00148804 0.0033422 0.0348083
v -2.14313e-18 2.62458e-34 0.035
v -0.0316228 0.00463525 -0.0142658
v -0.0316228 0.00680986 -0.0133651
v -0.0312754 0.00664779 -0.0142358
v -0.0304092 0.00988054 -0.0142358
v -0.0316228 0.00881678 -0.0121353
v -0.0316228 0.0106066 -0.0106066
v -0.0292098 0.013005 -0.0142358
v -0.0304092 0.013539 -0.0108156
v -0.0298409 0.0147493 -0.0108156
v -0.0307721 0.0150041 -0.00727691
v -0.0296485 0.0171176 -0.00727691
v -0.0301448 0.0174041 -0.0036585
v -0.0276968 0.0201229 -0.00727691
v -0.0281605 0.0204598 -0.0036585
v -0.0254417 0.0229078 -0.00727691
v -0.0258676 0.0232913 -0.0036585
v -0.0229078 0.0254417 -0.00727691
v -0.0232913 0.0258676 -0.0036585
v -0.0201229 0.0276968 -0.00727691
v -0.0204598 0.0281605 -0.0036585
v -0.0316228 0.0121353 -0.00881678
v -0.0312754 0.0139247 -0.00727691
v -0.0316228 0.0142658 -0.00463525
v -0.0313688 0.0150868 -0.0036585
v -0.0316228 0.0148153 -0.00234652
v -0.0316228 0.015 0
v -0.0316228 0.0133651 -0.00680986
v -0.0303109 0.0175 0
v -0.0316228 0.0148153 0.00234652
v -0.0301448 0.0174041 0.0036585
v -0.0316228 0.0142658 0.00463525
v -0.0296485 0.0171176 0.00727691
v -0.0312754 0.0139247 0.00727691
v -0.0304092 0.013539 0.0108156
v -0.0316228 0.0121353 0.00881678
v -0.0316228 0.0106066 0.0106066
v -0.0316228 0.0133651 0.00680986
v -0.0304092 0.00988054 0.0142358
v -0.0316228 0.00881678 0.0121353
v -0.0316228 0.00680986 0.0133651
v -0.0312754 0.00664779 0.0142358
v -0.0316228 0.00463525 0.0142658
v -0.0296485 0.00630199 0.0175
v -0.0301448 0.00316835 0.0175
v -0.0281605 0.00295979 0.0205725
v -0.0283156 3.46766e-18 0.0205725
v -0.0260101 3.18531e-18 0.0234196
v -0.0258676 -0.00271879 0.0234196
v -0.0232913 -0.00244801 0.0260101
v -0.0229078 -0.0048692 0.0260101
v -0.0201229 -0.00427726 0.0283156
v -0.0195656 -0.00635725 0.0283156
v -0.0166435 -0.0054078 0.0303109
v -0.015987 -0.00711789 0.0303109
v -0.013005 -0.00579021 0.0319741
v -0.0123285 -0.00711789 0.0319741
v -0.00936658 -0.0054078 0.033287
v -0.00875 -0.00635725 0.033287
v -0.00588714 -0.00427726 0.0342352
v -0.0054078 -0.0048692 0.0342352
v -0.00271879 -0.00244801 0.0348083
v -0.00244801 -0.00271879 0.0348083
v -2.14313e-18 2.62458e-34 0.035
v -0.0316228 0.00234652 0.0148153
v -0.0303109 3.71201e-18 0.0175
v -0.0281605 -0.00295979 0.0205725
v -0.0254417 -0.0054078 0.0234196
v -0.0222733 -0.00723705 0.0260101
v -0.0187939 -0.00836758 0.0283156
v -0.0151554 -0.00875 0.0303109
v -0.011517 -0.00836758 0.0319741
v -0.00803755 -0.00723705 0.033287
v -0.0048692 -0.0054078 0.0342352
v -0.00215041 -0.00295979 0.0348083
v -0.0316228 9.18485e-19 0.015
v -0.0316228 -0.00234652 0.0148153
v -0.0301448 -0.00316835 0.0175
v -0.0316228 -0.00463525 0.0142658
v -0.0296485 -0.00630199 0.0175
v -0.0312754 -0.00664779 0.0142358
v -0.0288274 -0.00936658 0.0175
v -0.0304092 -0.00988054 0.0142358
v -0.0276904 -0.0123285 0.0175
v -0.0292098 -0.013005 0.0142358
v -0.02625 -0.0151554 0.0175
v -0.0276904 -0.015987 0.0142358
v -0.024522 -0.0178163 0.0175
v -0.0258676 -0.0187939 0.0142358
v -0.0225254 -0.0202819 0.0175
v -0.0237614 -0.0213948 0.0142358
v -0.0202819 -0.0225254 0.0175
v -0.0213948 -0.0237614 0.0142358
v -0.0178163 -0.024522 0.0175
v -0.0187939 -0.0258676 0.0142358
v -0.0151554 -0.02625 0.0175
v -0.015987 -0.0276904 0.0142358
v -0.0136511 -0.0287228 0.0146167
v -0.0155142 -0.0287228 0.0126218
v -0.0195656 -0.0269297 0.0108156
v -0.0222733 -0.024737 0.0108156
v -0.0229078 -0.0254417 0.00727691
v -0.0254417 -0.0229078 0.00727691
v -0.0258676 -0.0232913 0.0036585
v -0.0281605 -0.0204598 0.0036585
v -0.0283156 -0.0205725 0
v -0.0303109 -0.0175 0
v -0.0301448 -0.0174041 -0.0036585
v -0.0316228 -0.00463525 0.0142658
v -0.0316228 -0.00680986 0.0133651
v -0.0312754 -0.00664779 0.0142358
v -0.0316228 -0.00881678 0.0121353
v -0.0304092 -0.00988054 0.0142358
v -0.0316228 -0.0106066 0.0106066
v -0.0292098 -0.013005 0.0142358
v -0.0304092 -0.013539 0.0108156
v -0.0276904 -0.015987 0.0142358
v -0.0288274 -0.0166435 0.0108156
v -0.0258676 -0.0187939 0.0142358
v -0.0269297 -0.0195656 0.0108156
v -0.0237614 -0.0213948 0.0142358
v -0.024737 -0.0222733 0.0108156
v -0.0213948 -0.0237614 0.0142358
v -0.0187939 -0.0258676 0.0142358
v -0.0316228 -0.0121353 0.00881678
v -0.0312754 -0.0139247 0.00727691
v -0.0296485 -0.0171176 0.00727691
v -0.0276968 -0.0201229 0.00727691
v -0.0222733 -0.024737 0.0108156
v -0.0316228 -0.0133651 0.00680986
v -0.0316228 -0.0142658 0.00463525
v -0.0301448 -0.0174041 0.0036585
v -0.0281605 -0.0204598 0.0036585
v -0.0254417 -0.0229078 0.00727691
v -0.0316228 -0.0148153 0.00234652
v -0.0303109 -0.0175 0
v 0.0198137 0.0287228 -0.00272333
v 0.02 0.0287228 2.44929e-18
v 0.0205725 0.0283156 0
v 0.0198137 0.0287228 0.00272333
v 0.0204598 0.0281605 0.0036585
v 0.0192583 0.0287228 0.00539594
v 0.0201229 0.0276968 0.00727691
v 0.0183442 0.0287228 0.00796802
v 0.0170884 0.0287228 0.0103917
v 0.0155142 0.0287228 0.0126218
v 0.0195656 0.0269297 0.0108156
v 0.0151554 0.02625 0.0175
v 0.0136511 0.0287228 0.0146167
v 0.0123285 0.0276904 0.0175
v 0.0115336 0.0287228 0.0163394
v 0.0092013 0.0287228 0.0177577
v 0.00669759 0.0287228 0.0188452
v 0.00875 0.0269297 0.0205725
v 0.011517 0.0258676 0.0205725
v 0.00588714 0.0276968 0.0205725
v 0.00406912 0.0287228 0.0195817
v 0.00295979 0.0281605 0.0205725
v 0.00136485 0.0287228 0.0199534
v 1.73383e-18 0.0283156 0.0205725
v -0.00136485 0.0287228 0.0199534
v -0.00295979 0.0281605 0.0205725
v -0.00406912 0.0287228 0.0195817
v -0.00588714 0.0276968 0.0205725
v -0.00669759 0.0287228 0.0188452
v -0.00875 0.0269297 0.0205725
v -0.0092013 0.0287228 0.0177577
v -0.011517 0.0258676 0.0205725
v -0.0123285 0.0276904 0.0175
v -0.0115336 0.0287228 0.0163394
v -0.0136511 0.0287228 0.0146167
v -0.0183442 0.0287228 -0.00796802
v -0.0170884 0.0287228 -0.0103917
v -0.0195656 0.0269297 -0.0108156
v -0.0155142 0.0287228 -0.0126218
v -0.015987 0.0276904 -0.0142358
v -0.0136511 0.0287228 -0.0146167
v -0.0151554 0.02625 -0.0175
v -0.0123285 0.0276904 -0.0175
v -0.011517 0.0258676 -0.0205725
v -0.0092013 0.0287228 -0.0177577
v -0.00875 0.0269297 -0.0205725
v -0.00669759 0.0287228 -0.0188452
v -0.00588714 0.0276968 -0.0205725
v -0.00406912 0.0287228 -0.0195817
v -0.00295979 0.0281605 -0.0205725
v -0.00136485 0.0287228 -0.0199534
v 1.73383e-18 0.0283156 -0.0205725
v 0.00136485 0.0287228 -0.0199534
v 0.00295979 0.0281605 -0.0205725
v 0.00406912 0.0287228 -0.0195817
v 0.00588714 0.0276968 -0.0205725
v 0.00669759 0.0287228 -0.0188452
v 0.00875 0.0269297 -0.0205725
v 0.0092013 0.0287228 -0.0177577
v -0.0115336 0.0287228 -0.0163394
v 0.0136511 0.0287228 -0.0146167
v 0.0155142 0.0287228 -0.0126218
v 0.015987 0.0276904 -0.0142358
v 0.0170884 0.0287228 -0.0103917
v 0.0191306 0.0272404 -0.0108156
v 0.0183442 0.0287228 -0.00796802
v 0.0196381 0.0280427 -0.00727691
v 0.0192583 0.0287228 -0.00539594
v 0.0201229 0.0276968 -0.00727691
v 0.0204598 0.0281605 -0.0036585
v 0.0229078 0.0254417 -0.00727691
v 0.0232913 0.0258676 -0.0036585
v 0.0254417 0.0229078 -0.00727691
v 0.0258676 0.0232913 -0.0036585
v 0.0276968 0.0201229 -0.00727691
v 0.0281605 0.0204598 -0.0036585
v 0.0296485 0.0171176 -0.00727691
v 0.0199286 0.0285388 -0.0036585
v 0.0198137 0.0287228 -0.00272333
v 0.0205725 0.0283156 0
v 0.0234196 0.0260101 0
v 0.0260101 0.0234196 0
v 0.0198137 -0.0287228 0.00272333
v 0.02 -0.0287228 -2.44929e-18
v 0.0205725 -0.0283156 0
v 0.0198137 -0.0287228 -0.00272333
v 0.0204598 -0.0281605 -0.0036585
v 0.0192583 -0.0287228 -0.00539594
v 0.0201229 -0.0276968 -0.00727691
v 0.0183442 -0.0287228 -0.00796802
v 0.0195656 -0.0269297 -0.0108156
v 0.0170884 -0.0287228 -0.0103917
v 0.0155142 -0.0287228 -0.0126218
v 0.015987 -0.0276904 -0.0142358
v 0.0136511 -0.0287228 -0.0146167
v 0.0151554 -0.02625 -0.0175
v 0.0123285 -0.0276904 -0.0175
v 0.011517 -0.0258676 -0.0205725
v 0.0092013 -0.0287228 -0.0177577
v 0.00875 -0.0269297 -0.0205725
v 0.00669759 -0.0287228 -0.0188452
v 0.00588714 -0.0276968 -0.0205725
v 0.00406912 -0.0287228 -0.0195817
v 0.00295979 -0.0281605 -0.0205725
v 0.00136485 -0.0287228 -0.0199534
v 1.73383e-18 -0.0283156 -0.0205725
v -0.00136485 -0.0287228 -0.0199534
v -0.00295979 -0.0281605 -0.0205725
v -0.00406912 -0.0287228 -0.0195817
v -0.00588714 -0.0276968 -0.0205725
v -0.00669759 -0.0287228 -0.0188452
v -0.00875 -0.0269297 -0.0205725
v -0.0092013 -0.0287228 -0.0177577
v -0.011517 -0.0258676 -0.0205725
v -0.0123285 -0.0276904 -0.0175
v -0.0141578 -0.024522 -0.0205725
v -0.0151554 -0.02625 -0.0175
v -0.0174866 -0.0247582 -0.0175
v -0.0184111 -0.0261414 -0.0142358
v -0.0187939 -0.0258676 -0.0142358
v -0.0195656 -0.0269297 -0.0108156
v -0.0213948 -0.0237614 -0.0142358
v -0.0222733 -0.024737 -0.0108156
v -0.0237614 -0.0213948 -0.0142358
v -0.024737 -0.0222733 -0.0108156
v -0.0258676 -0.0187939 -0.0142358
v -0.0269297 -0.0195656 -0.0108156
v -0.0276904 -0.015987 -0.0142358
v -0.0288274 -0.0166435 -0.0108156
v -0.0292098 -0.013005 -0.0142358
v -0.0304092 -0.013539 -0.0108156
v -0.0304092 -0.00988054 -0.0142358
v 0.0136511 -0.0287228 -0.0146167
v 0.0115336 -0.0287228 -0.0163394
v 0.0123285 -0.0276904 -0.0175
v 0.0092013 -0.0287228 -0.0177577
v -0.0115336 -0.0287228 -0.0163394
v -0.0136511 -0.0287228 -0.0146167
v -0.015987 -0.0276904 -0.0142358
v -0.0191306 -0.0272404 -0.0108156
v -0.0201229 -0.0276968 -0.00727691
v -0.0229078 -0.0254417 -0.00727691
v -0.0254417 -0.0229078 -0.00727691
v -0.0276968 -0.0201229 -0.00727691
v -0.0296485 -0.0171176 -0.00727691
v -0.0155142 -0.0287228 -0.0126218
v -0.0170884 -0.0287228 -0.0103917
v -0.0183442 -0.0287228 -0.00796802
v -0.0196381 -0.0280427 -0.00727691
v -0.0192583 -0.0287228 -0.00539594
v -0.0204598 -0.0281605 -0.0036585
v -0.0232913 -0.0258676 -0.0036585
v -0.0258676 -0.0232913 -0.0036585
v -0.0281605 -0.0204598 -0.0036585
v -0.0301448 -0.0174041 -0.0036585
v -0.0199286 -0.0285388 -0.0036585
v -0.0198137 -0.0287228 -0.00272333
v -0.0205725 -0.0283156 0
v -0.0234196 -0.0260101 0
v -0.0260101 -0.0234196 0
v -0.0283156 -0.0205725 0
v -0.02 -0.0287228 0
v -0.0198137 -0.0287228 0.00272333
v -0.0204598 -0.0281605 0.0036585
v -0.0192583 -0.0287228 0.00539594
v -0.0201229 -0.0276968 0.00727691
v -0.0183442 -0.0287228 0.00796802
v -0.0195656 -0.0269297 0.0108156
v -0.0170884 -0.0287228 0.0103917
v -0.0155142 -0.0287228 0.0126218
v -0.0151554 -0.02625 0.0175
v -0.0136511 -0.0287228 0.0146167
v -0.0123285 -0.0276904 0.0175
v -0.0115336 -0.0287228 0.0163394
v -0.0092013 -0.0287228 0.0177577
v -0.00669759 -0.0287228 0.0188452
v -0.00875 -0.0269297 0.0205725
v -0.011517 -0.0258676 0.0205725
v -0.00588714 -0.0276968 0.0205725
v -0.00406912 -0.0287228 0.0195817
v -0.00295979 -0.0281605 0.0205725
v -0.00136485 -0.0287228 0.0199534
v 1.73383e-18 -0.0283156 0.0205725
v 0.00136485 -0.0287228 0.0199534
v 0.00295979 -0.0281605 0.0205725
v 0.00406912 -0.0287228 0.0195817
v 0.00588714 -0.0276968 0.0205725
v 0.00669759 -0.0287228 0.0188452
v 0.00875 -0.0269297 0.0205725
v 0.0092013 -0.0287228 0.0177577
v 0.011517 -0.0258676 0.0205725
v 0.0123285 -0.0276904 0.0175
v 0.0141578 -0.024522 0.0205725
v 0.0151554 -0.02625 0.0175
v 0.0166435 -0.0229078 0.0205725
v 0.0178163 -0.024522 0.0175
v 0.0189468 -0.0210426 0.0205725
v 0.0202819 -0.0225254 0.0175
v 0.0210426 -0.0189468 0.0205725
v 0.0225254 -0.0202819 0.0175
v 0.0229078 -0.0166435 0.0205725
v 0.024522 -0.0178163 0.0175
v 0.024522 -0.0141578 0.0205725
v 0.02625 -0.0151554 0.0175
v 0.0258676 -0.011517 0.0205725
v 0.0276904 -0.0123285 0.0175
v 0.0269297 -0.00875 0.0205725
v 0.0288274 -0.00936658 0.0175
v 0.0276968 -0.00588714 0.0205725
v 0.0296485 -0.00630199 0.0175
v 0.0281605 -0.00295979 0.0205725
v 0.0115336 -0.0287228 0.0163394
v 0.0136511 -0.0287228 0.0146167
v 0.015987 -0.0276904 0.0142358
v 0.0187939 -0.0258676 0.0142358
v 0.0213948 -0.0237614 0.0142358
v 0.0237614 -0.0213948 0.0142358
v 0.0258676 -0.0187939 0.0142358
v 0.0276904 -0.015987 0.0142358
v 0.0292098 -0.013005 0.0142358
v 0.0304092 -0.00988054 0.0142358
v 0.0312754 -0.00664779 0.0142358
v 0.0155142 -0.0287228 0.0126218
v 0.0170884 -0.0287228 0.0103917
v 0.0195656 -0.0269297 0.0108156
v 0.0183442 -0.0287228 0.00796802
v 0.0201229 -0.0276968 0.00727691
v 0.0192583 -0.0287228 0.00539594
v 0.0204598 -0.0281605 0.0036585
v 0.0198137 -0.0287228 0.00272333
v 0.0205725 -0.0283156 0
v -0.0036585 4.48037e-19 -0.0348083
v -2.14313e-18 -2.62458e-34 -0.035
v -0.00363845 -0.000382417 -0.0348083
v -0.0036585 4.48037e-19 0.0348083
v -2.14313e-18 2.62458e-34 0.035
v -0.00363845 0.000382417 0.0348083
v -0.00357855 -0.000760644 -0.0348083
v -0.00347944 -0.00113054 -0.0348083
v -0.0033422 -0.00148804 -0.0348083
v -0.00316835 -0.00182925 -0.0348083
v -0.00295979 -0.00215041 -0.0348083
v -0.00271879 -0.00244801 -0.0348083
v -0.00244801 -0.00271879 -0.0348083
v -0.00215041 -0.00295979 -0.0348083
v -0.00182925 -0.00316835 -0.0348083
v -0.00148804 -0.0033422 -0.0348083
v -0.00113054 -0.00347944 -0.0348083
v -0.000760644 -0.00357855 -0.0348083
v -0.000382417 -0.00363845 -0.0348083
v 2.24018e-19 -0.0036585 -0.0348083
v 0.000382417 -0.00363845 -0.0348083
v 0.000760644 -0.00357855 -0.0348083
v 0.00113054 -0.00347944 -0.0348083
v 0.00148804 -0.0033422 -0.0348083
v 0.00182925 -0.00316835 -0.0348083
v 0.00215041 -0.00295979 -0.0348083
v 0.00244801 -0.00271879 -0.0348083
v 0.00271879 -0.00244801 -0.0348083
v 0.00295979 -0.00215041 -0.0348083
v -2.14313e-18 -2.62458e-34 -0.035
v 0.00316835 -0.00182925 -0.0348083
v 0.00347944 -0.00113054 -0.0348083
v 0.00357855 -0.000760644 -0.0348083
v 0.00363845 -0.000382417 -0.0348083
v 0.0036585 9.86594e-21 -0.0348083
v 0.00363845 0.000382417 -0.0348083
v 0.00357855 0.000760644 -0.0348083
v 0.00347944 0.00113054 -0.0348083
v 0.0033422 0.00148804 -0.0348083
v 0.00316835 0.00182925 -0.0348083
v 0.00295979 0.00215041 -0.0348083
v 0.00271879 0.00244801 -0.0348083
v 0.00244801 0.00271879 -0.0348083
v 0.00215041 0.00295979 -0.0348083
v 0.00113054 0.00347944 -0.0348083
v 0.000760644 0.00357855 -0.0348083
v 0.000382417 0.00363845 -0.0348083
v 2.24018e-19 0.0036585 -0.0348083
v -0.000382417 0.00363845 -0.0348083
v -0.000760644 0.00357855 -0.0348083
v -0.00113054 0.00347944 -0.0348083
v -0.00148804 0.0033422 -0.0348083
v -0.00182925 0.00316835 -0.0348083
v -0.00215041 0.00295979 -0.0348083
v -0.00244801 0.00271879 -0.0348083
v -0.00271879 0.00244801 -0.0348083
v -0.00295979 0.00215041 -0.0348083
v -2.14313e-18 -2.62458e-34 -0.035
v -0.00316835 0.00182925 -0.0348083
v -0.0033422 0.00148804 -0.0348083
v -0.00347944 0.00113054 -0.0348083
v -0.00357855 0.000760644 -0.0348083
v -0.00363845 0.000382417 -0.0348083
v -0.0036585 4.48037e-19 -0.0348083
v -0.00363845 0.000382417 0.0348083
v -2.14313e-18 2.62458e-34 0.035
v -0.00357855 0.000760644 0.0348083
v -0.00347944 0.00113054 0.0348083
v -0.0033422 0.00148804 0.0348083
v -0.00316835 0.00182925 0.0348083
v -0.00295979 0.00215041 0.0348083
v -0.00271879 0.00244801 0.0348083
v -0.00244801 0.00271879 0.0348083
v -0.00215041 0.00295979 0.0348083
v -0.00182925 0.00316835 0.0348083
v -0.00148804 0.0033422 0.0348083
v -0.00113054 0.00347944 0.0348083
v -0.000760644 0.00357855 0.0348083
v -0.000382417 0.00363845 0.0348083
v 2.24018e-19 0.0036585 0.0348083
v 0.000382417 0.00363845 0.0348083
v 0.000760644 0.00357855 0.0348083
v 0.00113054 0.00347944 0.0348083
v 0.00148804 0.0033422 0.0348083
v 0.00182925 0.00316835 0.0348083
v 0.00271879 0.00244801 0.0348083
v 0.00295979 0.00215041 0.0348083
v 0.00316835 0.00182925 0.0348083
v 0.0033422 0.00148804 0.0348083
v 0.00347944 0.00113054 0.0348083
v 0.00357855 0.000760644 0.0348083
v 0.00363845 0.000382417 0.0348083
v 0.0036585 9.86594e-21 0.0348083
v -2.14313e-18 2.62458e-34 0.035
v 0.00363845 -0.000382417 0.0348083
v 0.00357855 -0.000760644 0.0348083
v 0.00347944 -0.00113054 0.0348083
v 0.0033422 -0.00148804 0.0348083
v 0.00316835 -0.00182925 0.0348083
v 0.00295979 -0.00215041 0.0348083
v 0.00271879 -0.00244801 0.0348083
v 0.00244801 -0.00271879 0.0348083
v 0.00215041 -0.00295979 0.0348083
v 0.00182925 -0.00316835 0.0348083
v 0.00148804 -0.0033422 0.0348083
v 0.00113054 -0.00347944 0.0348083
v 0.000760644 -0.00357855 0.0348083
v 0.000382417 -0.00363845 0.0348083
v 2.24018e-19 -0.0036585 0.0348083
v -0.000382417 -0.00363845 0.0348083
v -0.000760644 -0.00357855 0.0348083
v -0.00113054 -0.00347944 0.0348083
v -0.00148804 -0.0033422 0.0348083
v -0.00182925 -0.00316835 0.0348083
v -0.00215041 -0.00295979 0.0348083
v -0.00271879 -0.00244801 0.0348083
v -0.00295979 -0.00215041 0.0348083
v -0.00316835 -0.00182925 0.0348083
v -0.0033422 -0.00148804 0.0348083
v -0.00347944 -0.00113054 0.0348083
v -0.00357855 -0.000760644 0.0348083
v -2.14313e-18 2.62458e-34 0.035
v -0.00363845 -0.000382417 0.0348083
v -0.0036585 4.48037e-19 0.0348083
v -0.0036585 4.48037e-19 -0.0348083
v -0.00727691 8.91164e-19 -0.0342352
v -0.00363845 0.000382417 -0.0348083
v -0.00723705 0.000760644 -0.0342352
v -0.00357855 0.000760644 -0.0348083
v -0.00711789 0.00151295 -0.0342352
v -0.00347944 0.00113054 -0.0348083
v -0.00692075 0.00224869 -0.0342352
v -0.0033422 0.00148804 -0.0348083
v -0.00664779 0.00295979 -0.0342352
v -0.00634077 0.00357045 -0.0342352
v -0.00945263 0.00525595 -0.033287
v -0.00936658 0.0054078 -0.033287
v -0.0123285 0.00711789 -0.0319741
v -0.00875 0.00635725 -0.033287
v -0.011517 0.00836758 -0.0319741
v -0.00803755 0.00723705 -0.033287
v -0.0105792 0.0095256 -0.0319741
v -0.00723705 0.00803755 -0.033287
v -0.0095256 0.0105792 -0.0319741
v -0.00635725 0.00875 -0.033287
v -0.00836758 0.011517 -0.0319741
v -0.0054078 0.00936658 -0.033287
v -0.00711789 0.0123285 -0.0319741
v -0.0043991 0.00988054 -0.033287
v -0.00579021 0.013005 -0.0319741
v -0.0033422 0.0102862 -0.033287
v -0.0043991 0.013539 -0.0319741
v -0.00224869 0.0105792 -0.033287
v -0.00295979 0.0139247 -0.0319741
v -0.00113054 0.0107563 -0.033287
v -0.00148804 0.0141578 -0.0319741
v 6.62264e-19 0.0108156 -0.033287
v 8.7169e-19 0.0142358 -0.0319741
v 0.00113054 0.0107563 -0.033287
v 0.00148804 0.0141578 -0.0319741
v 0.00224869 0.0105792 -0.033287
v 0.00295979 0.0139247 -0.0319741
v 0.0033422 0.0102862 -0.033287
v 0.0043991 0.013539 -0.0319741
v -0.00727691 8.91164e-19 -0.0342352
v -0.0108156 1.32453e-18 -0.033287
v -0.00723705 0.000760644 -0.0342352
v -0.0107563 0.00113054 -0.033287
v -0.00711789 0.00151295 -0.0342352
v -0.0105792 0.00224869 -0.033287
v -0.00692075 0.00224869 -0.0342352
v -0.0102862 0.0033422 -0.033287
v -0.00664779 0.00295979 -0.0342352
v -0.00988054 0.0043991 -0.033287
v -0.00945263 0.00525595 -0.033287
v -0.0124788 0.00685099 -0.0319741
v -0.0123285 0.00711789 -0.0319741
v -0.0151554 0.00875 -0.0303109
v -0.011517 0.00836758 -0.0319741
v -0.0141578 0.0102862 -0.0303109
v -0.0105792 0.0095256 -0.0319741
v -0.013005 0.0117098 -0.0303109
v -0.0095256 0.0105792 -0.0319741
v -0.0117098 0.013005 -0.0303109
v -0.00836758 0.011517 -0.0319741
v -0.0102862 0.0141578 -0.0303109
v -0.00711789 0.0123285 -0.0319741
v -0.00875 0.0151554 -0.0303109
v -0.00579021 0.013005 -0.0319741
v -0.00711789 0.015987 -0.0303109
v -0.0043991 0.013539 -0.0319741
v -0.0054078 0.0166435 -0.0303109
v -0.00295979 0.0139247 -0.0319741
v -0.00363845 0.0171176 -0.0303109
v -0.00148804 0.0141578 -0.0319741
v -0.00182925 0.0174041 -0.0303109
v 8.7169e-19 0.0142358 -0.0319741
v 1.07157e-18 0.0175 -0.0303109
v 0.00148804 0.0141578 -0.0319741
v 0.00182925 0.0174041 -0.0303109
v 0.00295979 0.0139247 -0.0319741
v 0.00363845 0.0171176 -0.0303109
v 0.0043991 0.013539 -0.0319741
v 0.0054078 0.0166435 -0.0303109
v -0.00727691 8.91164e-19 -0.0342352
v -0.0036585 4.48037e-19 -0.0348083
v -0.00723705 -0.000760644 -0.0342352
v -0.00363845 -0.000382417 -0.0348083
v -0.00711789 -0.00151295 -0.0342352
v -0.00357855 -0.000760644 -0.0348083
v -0.00692075 -0.00224869 -0.0342352
v -0.00347944 -0.00113054 -0.0348083
v -0.00664779 -0.00295979 -0.0342352
v -0.0033422 -0.00148804 -0.0348083
v -0.00630199 -0.00363845 -0.0342352
v -0.00316835 -0.00182925 -0.0348083
v -0.00588714 -0.00427726 -0.0342352
v -0.00295979 -0.00215041 -0.0348083
v -0.0054078 -0.0048692 -0.0342352
v -0.00271879 -0.00244801 -0.0348083
v -0.0048692 -0.0054078 -0.0342352
v -0.00244801 -0.00271879 -0.0348083
v -0.00427726 -0.00588714 -0.0342352
v -0.00215041 -0.00295979 -0.0348083
v -2.14313e-18 -2.62458e-34 -0.035
v -0.00182925 -0.00316835 -0.0348083
v -0.0108156 1.32453e-18 -0.033287
v -0.0142358 1.74338e-18 -0.0319741
v -0.0107563 0.00113054 -0.033287
v -0.0141578 0.00148804 -0.0319741
v -0.0105792 0.00224869 -0.033287
v -0.0139247 0.00295979 -0.0319741
v -0.0102862 0.0033422 -0.033287
v -0.013539 0.0043991 -0.0319741
v -0.00988054 0.0043991 -0.033287
v -0.013005 0.00579021 -0.0319741
v -0.0124788 0.00685099 -0.0319741
v -0.0153853 0.00833927 -0.0303109
v -0.0151554 0.00875 -0.0303109
v -0.0178163 0.0102862 -0.0283156
v -0.0141578 0.0102862 -0.0303109
v -0.0166435 0.0120922 -0.0283156
v -0.013005 0.0117098 -0.0303109
v -0.0152883 0.0137657 -0.0283156
v -0.0117098 0.013005 -0.0303109
v -0.0137657 0.0152883 -0.0283156
v -0.0102862 0.0141578 -0.0303109
v -0.0120922 0.0166435 -0.0283156
v -0.00875 0.0151554 -0.0303109
v -0.0102862 0.0178163 -0.0283156
v -0.00711789 0.015987 -0.0303109
v -0.00836758 0.0187939 -0.0283156
v -0.0054078 0.0166435 -0.0303109
v -0.00635725 0.0195656 -0.0283156
v -0.00363845 0.0171176 -0.0303109
v -0.00427726 0.0201229 -0.0283156
v -0.00182925 0.0174041 -0.0303109
v -0.00215041 0.0204598 -0.0283156
v 1.07157e-18 0.0175 -0.0303109
v 1.2597e-18 0.0205725 -0.0283156
v 0.00182925 0.0174041 -0.0303109
v 0.00215041 0.0204598 -0.0283156
v 0.00363845 0.0171176 -0.0303109
v 0.00427726 0.0201229 -0.0283156
v 0.0054078 0.0166435 -0.0303109
v 0.00635725 0.0195656 -0.0283156
v -0.0108156 1.32453e-18 -0.033287
v -0.00727691 8.91164e-19 -0.0342352
v -0.0107563 -0.00113054 -0.033287
v -0.00723705 -0.000760644 -0.0342352
v -0.0105792 -0.00224869 -0.033287
v -0.00711789 -0.00151295 -0.0342352
v -0.0102862 -0.0033422 -0.033287
v -0.00692075 -0.00224869 -0.0342352
v -0.00988054 -0.0043991 -0.033287
v -0.00664779 -0.00295979 -0.0342352
v -0.00936658 -0.0054078 -0.033287
v -0.00630199 -0.00363845 -0.0342352
v -0.00875 -0.00635725 -0.033287
v -0.00588714 -0.00427726 -0.0342352
v -0.00803755 -0.00723705 -0.033287
v -0.0054078 -0.0048692 -0.0342352
v -0.00723705 -0.00803755 -0.033287
v -0.0048692 -0.0054078 -0.0342352
v -0.00635725 -0.00875 -0.033287
v -0.00427726 -0.00588714 -0.0342352
v -0.00426149 -0.00589857 -0.0342352
v -0.00214645 -0.00296266 -0.0348083
v -0.00182925 -0.00316835 -0.0348083
v -0.0142358 1.74338e-18 -0.0319741
v -0.0175 2.14313e-18 -0.0303109
v -0.0141578 0.00148804 -0.0319741
v -0.0174041 0.00182925 -0.0303109
v -0.0139247 0.00295979 -0.0319741
v -0.0171176 0.00363845 -0.0303109
v -0.013539 0.0043991 -0.0319741
v -0.0166435 0.0054078 -0.0303109
v -0.013005 0.00579021 -0.0319741
v -0.015987 0.00711789 -0.0303109
v -0.0153853 0.00833927 -0.0303109
v -0.0181389 0.00970596 -0.0283156
v -0.0178163 0.0102862 -0.0283156
v -0.0202819 0.0117098 -0.0260101
v -0.0166435 0.0120922 -0.0283156
v -0.0189468 0.0137657 -0.0260101
v -0.0152883 0.0137657 -0.0283156
v -0.0174041 0.0156708 -0.0260101
v -0.0137657 0.0152883 -0.0283156
v -0.0156708 0.0174041 -0.0260101
v -0.0120922 0.0166435 -0.0283156
v -0.0137657 0.0189468 -0.0260101
v -0.0102862 0.0178163 -0.0283156
v -0.0117098 0.0202819 -0.0260101
v -0.00836758 0.0187939 -0.0283156
v -0.0095256 0.0213948 -0.0260101
v -0.00635725 0.0195656 -0.0283156
v -0.00723705 0.0222733 -0.0260101
v -0.00427726 0.0201229 -0.0283156
v -0.0048692 0.0229078 -0.0260101
v -0.00215041 0.0204598 -0.0283156
v -0.00244801 0.0232913 -0.0260101
v 1.2597e-18 0.0205725 -0.0283156
v 1.43404e-18 0.0234196 -0.0260101
v 0.00215041 0.0204598 -0.0283156
v 0.00244801 0.0232913 -0.0260101
v 0.00427726 0.0201229 -0.0283156
v 0.0048692 0.0229078 -0.0260101
v 0.00635725 0.0195656 -0.0283156
v 0.00723705 0.0222733 -0.0260101
v -0.0142358 1.74338e-18 -0.0319741
v -0.0108156 1.32453e-18 -0.033287
v -0.0141578 -0.00148804 -0.0319741
v -0.0107563 -0.00113054 -0.033287
v -0.0139247 -0.00295979 -0.0319741
v -0.0105792 -0.00224869 -0.033287
v -0.013539 -0.0043991 -0.0319741
v -0.0102862 -0.0033422 -0.033287
v -0.013005 -0.00579021 -0.0319741
v -0.00988054 -0.0043991 -0.033287
v -0.0123285 -0.00711789 -0.0319741
v -0.00936658 -0.0054078 -0.033287
v -0.011517 -0.00836758 -0.0319741
v -0.00875 -0.00635725 -0.033287
v -0.0105792 -0.0095256 -0.0319741
v -0.00803755 -0.00723705 -0.033287
v -0.0095256 -0.0105792 -0.0319741
v -0.00723705 -0.00803755 -0.033287
v -0.00836758 -0.011517 -0.0319741
v -0.00635725 -0.00875 -0.033287
v -0.00632207 -0.00877545 -0.033287
v -0.00426149 -0.00589857 -0.0342352
v -0.00363845 -0.00630199 -0.0342352
v -0.00182925 -0.00316835 -0.0348083
v -0.00295979 -0.00664779 -0.0342352
v -0.00148804 -0.0033422 -0.0348083
v -0.00224869 -0.00692075 -0.0342352
v -0.00113054 -0.00347944 -0.0348083
v -0.00151295 -0.00711789 -0.0342352
v -0.000760644 -0.00357855 -0.0348083
v -0.000760644 -0.00723705 -0.0342352
v -0.000382417 -0.00363845 -0.0348083
v 4.45582e-19 -0.00727691 -0.0342352
v 2.24018e-19 -0.0036585 -0.0348083
v 0.000760644 -0.00723705 -0.0342352
v 0.000382417 -0.00363845 -0.0348083
v 0.00151295 -0.00711789 -0.0342352
v 0.000760644 -0.00357855 -0.0348083
v 0.00224869 -0.00692075 -0.0342352
v 0.00113054 -0.00347944 -0.0348083
v 0.00295979 -0.00664779 -0.0342352
v 0.00148804 -0.0033422 -0.0348083
v 0.00363845 -0.00630199 -0.0342352
v 0.00182925 -0.00316835 -0.0348083
v 0.00427726 -0.00588714 -0.0342352
v 0.00215041 -0.00295979 -0.0348083
v 0.0048692 -0.0054078 -0.0342352
v 0.00244801 -0.00271879 -0.0348083
v 0.0054078 -0.0048692 -0.0342352
v 0.00271879 -0.00244801 -0.0348083
v 0.00588714 -0.00427726 -0.0342352
v 0.00295979 -0.00215041 -0.0348083
v 0.00630199 -0.00363845 -0.0342352
v 0.00316835 -0.00182925 -0.0348083
v 0.00317814 -0.00181218 -0.0348083
v -2.14313e-18 -2.62458e-34 -0.035
v 0.0033422 -0.00148804 -0.0348083
v -0.0175 2.14313e-18 -0.0303109
v -0.0205725 2.5194e-18 -0.0283156
v -0.0174041 0.00182925 -0.0303109
v -0.0204598 0.00215041 -0.0283156
v -0.0171176 0.00363845 -0.0303109
v -0.0201229 0.00427726 -0.0283156
v -0.0166435 0.0054078 -0.0303109
v -0.0195656 0.00635725 -0.0283156
v -0.015987 0.00711789 -0.0303109
v -0.0187939 0.00836758 -0.0283156
v -0.0181389 0.00970596 -0.0283156
v -0.0207084 0.010938 -0.0260101
v -0.0202819 0.0117098 -0.0260101
v -0.0225254 0.013005 -0.0234196
v -0.0189468 0.0137657 -0.0260101
v -0.0210426 0.0152883 -0.0234196
v -0.0174041 0.0156708 -0.0260101
v -0.0193292 0.0174041 -0.0234196
v -0.0156708 0.0174041 -0.0260101
v -0.0174041 0.0193292 -0.0234196
v -0.0137657 0.0189468 -0.0260101
v -0.0152883 0.0210426 -0.0234196
v -0.0117098 0.0202819 -0.0260101
v -0.013005 0.0225254 -0.0234196
v -0.0095256 0.0213948 -0.0260101
v -0.0105792 0.0237614 -0.0234196
v -0.00723705 0.0222733 -0.0260101
v -0.00803755 0.024737 -0.0234196
v -0.0048692 0.0229078 -0.0260101
v -0.0054078 0.0254417 -0.0234196
v -0.00244801 0.0232913 -0.0260101
v -0.00271879 0.0258676 -0.0234196
v 1.43404e-18 0.0234196 -0.0260101
v 1.59266e-18 0.0260101 -0.0234196
v 0.00244801 0.0232913 -0.0260101
v 0.00271879 0.0258676 -0.0234196
v 0.0048692 0.0229078 -0.0260101
v 0.0054078 0.0254417 -0.0234196
v 0.00723705 0.0222733 -0.0260101
v 0.00803755 0.024737 -0.0234196
v -0.0175 2.14313e-18 -0.0303109
v -0.0142358 1.74338e-18 -0.0319741
v -0.0174041 -0.00182925 -0.0303109
v -0.0141578 -0.00148804 -0.0319741
v -0.0171176 -0.00363845 -0.0303109
v -0.0139247 -0.00295979 -0.0319741
v -0.0166435 -0.0054078 -0.0303109
v -0.013539 -0.0043991 -0.0319741
v -0.015987 -0.00711789 -0.0303109
v -0.013005 -0.00579021 -0.0319741
v -0.0151554 -0.00875 -0.0303109
v -0.0123285 -0.00711789 -0.0319741
v -0.0141578 -0.0102862 -0.0303109
v -0.011517 -0.00836758 -0.0319741
v -0.013005 -0.0117098 -0.0303109
v -0.0105792 -0.0095256 -0.0319741
v -0.0117098 -0.013005 -0.0303109
v -0.0095256 -0.0105792 -0.0319741
v -0.0102862 -0.0141578 -0.0303109
v -0.00836758 -0.011517 -0.0319741
v -0.00830582 -0.0115616 -0.0319741
v -0.00632207 -0.00877545 -0.033287
v -0.0054078 -0.00936658 -0.033287
v -0.00363845 -0.00630199 -0.0342352
v -0.0043991 -0.00988054 -0.033287
v -0.00295979 -0.00664779 -0.0342352
v -0.0033422 -0.0102862 -0.033287
v -0.00224869 -0.00692075 -0.0342352
v -0.00224869 -0.0105792 -0.033287
v -0.00151295 -0.00711789 -0.0342352
v -0.00113054 -0.0107563 -0.033287
v -0.000760644 -0.00723705 -0.0342352
v 6.62264e-19 -0.0108156 -0.033287
v 4.45582e-19 -0.00727691 -0.0342352
v 0.00113054 -0.0107563 -0.033287
v 0.000760644 -0.00723705 -0.0342352
v 0.00224869 -0.0105792 -0.033287
v 0.00151295 -0.00711789 -0.0342352
v 0.0033422 -0.0102862 -0.033287
v 0.00224869 -0.00692075 -0.0342352
v 0.0043991 -0.00988054 -0.033287
v 0.00295979 -0.00664779 -0.0342352
v 0.0054078 -0.00936658 -0.033287
v 0.00363845 -0.00630199 -0.0342352
v 0.00635725 -0.00875 -0.033287
v 0.00427726 -0.00588714 -0.0342352
v 0.00723705 -0.00803755 -0.033287
v 0.0048692 -0.0054078 -0.0342352
v 0.00803755 -0.00723705 -0.033287
v 0.0054078 -0.0048692 -0.0342352
v 0.00875 -0.00635725 -0.033287
v 0.00588714 -0.00427726 -0.0342352
v 0.00936658 -0.0054078 -0.033287
v 0.00630199 -0.00363845 -0.0342352
v 0.00634077 -0.00357045 -0.0342352
v 0.00317814 -0.00181218 -0.0348083
v 0.0033422 -0.00148804 -0.0348083
v -0.0205725 2.5194e-18 -0.0283156
v -0.0234196 2.86807e-18 -0.0260101
v -0.0204598 0.00215041 -0.0283156
v -0.0232913 0.00244801 -0.0260101
v -0.0201229 0.00427726 -0.0283156
v -0.0229078 0.0048692 -0.0260101
v -0.0195656 0.00635725 -0.0283156
v -0.0222733 0.00723705 -0.0260101
v -0.0187939 0.00836758 -0.0283156
v -0.0213948 0.0095256 -0.0260101
v -0.0207084 0.010938 -0.0260101
v -0.023064 0.0120239 -0.0234196
v -0.0225254 0.013005 -0.0234196
v -0.024522 0.0141578 -0.0205725
v -0.0210426 0.0152883 -0.0234196
v -0.0229078 0.0166435 -0.0205725
v -0.0193292 0.0174041 -0.0234196
v -0.0210426 0.0189468 -0.0205725
v -0.0174041 0.0193292 -0.0234196
v -0.0189468 0.0210426 -0.0205725
v -0.0152883 0.0210426 -0.0234196
v -0.0166435 0.0229078 -0.0205725
v -0.013005 0.0225254 -0.0234196
v -0.0141578 0.024522 -0.0205725
v -0.0105792 0.0237614 -0.0234196
v -0.011517 0.0258676 -0.0205725
v -0.00803755 0.024737 -0.0234196
v -0.00875 0.0269297 -0.0205725
v -0.0054078 0.0254417 -0.0234196
v -0.00588714 0.0276968 -0.0205725
v -0.00271879 0.0258676 -0.0234196
v -0.00295979 0.0281605 -0.0205725
v 1.59266e-18 0.0260101 -0.0234196
v 1.73383e-18 0.0283156 -0.0205725
v 0.00271879 0.0258676 -0.0234196
v 0.00295979 0.0281605 -0.0205725
v 0.0054078 0.0254417 -0.0234196
v 0.00588714 0.0276968 -0.0205725
v 0.00803755 0.024737 -0.0234196
v 0.00875 0.0269297 -0.0205725
v -0.0205725 2.5194e-18 -0.0283156
v -0.0175 2.14313e-18 -0.0303109
v -0.0204598 -0.00215041 -0.0283156
v -0.0174041 -0.00182925 -0.0303109
v -0.0201229 -0.00427726 -0.0283156
v -0.0171176 -0.00363845 -0.0303109
v -0.0195656 -0.00635725 -0.0283156
v -0.0166435 -0.0054078 -0.0303109
v -0.0187939 -0.00836758 -0.0283156
v -0.015987 -0.00711789 -0.0303109
v -0.0178163 -0.0102862 -0.0283156
v -0.0151554 -0.00875 -0.0303109
v -0.0166435 -0.0120922 -0.0283156
v -0.0141578 -0.0102862 -0.0303109
v -0.0152883 -0.0137657 -0.0283156
v -0.013005 -0.0117098 -0.0303109
v -0.0137657 -0.0152883 -0.0283156
v -0.0117098 -0.013005 -0.0303109
v -0.0120922 -0.0166435 -0.0283156
v -0.0102862 -0.0141578 -0.0303109
v -0.0101913 -0.0142263 -0.0303109
v -0.00830582 -0.0115616 -0.0319741
v -0.00711789 -0.0123285 -0.0319741
v -0.0054078 -0.00936658 -0.033287
v -0.00579021 -0.013005 -0.0319741
v -0.0043991 -0.00988054 -0.033287
v -0.0043991 -0.013539 -0.0319741
v -0.0033422 -0.0102862 -0.033287
v -0.00295979 -0.0139247 -0.0319741
v -0.00224869 -0.0105792 -0.033287
v -0.00148804 -0.0141578 -0.0319741
v -0.00113054 -0.0107563 -0.033287
v 8.7169e-19 -0.0142358 -0.0319741
v 6.62264e-19 -0.0108156 -0.033287
v 0.00148804 -0.0141578 -0.0319741
v 0.00113054 -0.0107563 -0.033287
v 0.00295979 -0.0139247 -0.0319741
v 0.00224869 -0.0105792 -0.033287
v 0.0043991 -0.013539 -0.0319741
v 0.0033422 -0.0102862 -0.033287
v 0.00579021 -0.013005 -0.0319741
v 0.0043991 -0.00988054 -0.033287
v 0.00711789 -0.0123285 -0.0319741
v 0.0054078 -0.00936658 -0.033287
v 0.00836758 -0.011517 -0.0319741
v 0.00635725 -0.00875 -0.033287
v 0.0095256 -0.0105792 -0.0319741
v 0.00723705 -0.00803755 -0.033287
v 0.0105792 -0.0095256 -0.0319741
v 0.00803755 -0.00723705 -0.033287
v 0.011517 -0.00836758 -0.0319741
v 0.00875 -0.00635725 -0.033287
v 0.0123285 -0.00711789 -0.0319741
v 0.00936658 -0.0054078 -0.033287
v 0.00945263 -0.00525595 -0.033287
v 0.00634077 -0.00357045 -0.0342352
v 0.00664779 -0.00295979 -0.0342352
v 0.0033422 -0.00148804 -0.0348083
v -0.0234196 2.86807e-18 -0.0260101
v -0.0260101 3.18531e-18 -0.0234196
v -0.0232913 0.00244801 -0.0260101
v -0.0258676 0.00271879 -0.0234196
v -0.0229078 0.0048692 -0.0260101
v -0.0254417 0.0054078 -0.0234196
v -0.0222733 0.00723705 -0.0260101
v -0.024737 0.00803755 -0.0234196
v -0.0213948 0.0095256 -0.0260101
v -0.0237614 0.0105792 -0.0234196
v -0.023064 0.0120239 -0.0234196
v -0.0251784 0.0129545 -0.0205725
v -0.024522 0.0141578 -0.0205725
v -0.02625 0.0151554 -0.0175
v -0.0229078 0.0166435 -0.0205725
v -0.024522 0.0178163 -0.0175
v -0.0210426 0.0189468 -0.0205725
v -0.0225254 0.0202819 -0.0175
v -0.0189468 0.0210426 -0.0205725
v -0.0202819 0.0225254 -0.0175
v -0.0166435 0.0229078 -0.0205725
v -0.0178163 0.024522 -0.0175
v -0.0141578 0.024522 -0.0205725
v -0.0151554 0.02625 -0.0175
v -0.011517 0.0258676 -0.0205725
v -0.0205725 2.5194e-18 -0.0283156
v -0.0232913 -0.00244801 -0.0260101
v -0.0204598 -0.00215041 -0.0283156
v -0.0229078 -0.0048692 -0.0260101
v -0.0201229 -0.00427726 -0.0283156
v -0.0222733 -0.00723705 -0.0260101
v -0.0195656 -0.00635725 -0.0283156
v -0.0213948 -0.0095256 -0.0260101
v -0.0187939 -0.00836758 -0.0283156
v -0.0202819 -0.0117098 -0.0260101
v -0.0178163 -0.0102862 -0.0283156
v -0.0189468 -0.0137657 -0.0260101
v -0.0166435 -0.0120922 -0.0283156
v -0.0174041 -0.0156708 -0.0260101
v -0.0152883 -0.0137657 -0.0283156
v -0.0156708 -0.0174041 -0.0260101
v -0.0137657 -0.0152883 -0.0283156
v -0.0137657 -0.0189468 -0.0260101
v -0.0120922 -0.0166435 -0.0283156
v -0.0119582 -0.01674 -0.0283156
v -0.0101913 -0.0142263 -0.0303109
v -0.00875 -0.0151554 -0.0303109
v -0.00711789 -0.0123285 -0.0319741
v -0.00711789 -0.015987 -0.0303109
v -0.00579021 -0.013005 -0.0319741
v -0.0054078 -0.0166435 -0.0303109
v -0.0043991 -0.013539 -0.0319741
v -0.00363845 -0.0171176 -0.0303109
v -0.00295979 -0.0139247 -0.0319741
v -0.00182925 -0.0174041 -0.0303109
v -0.00148804 -0.0141578 -0.0319741
v 1.07157e-18 -0.0175 -0.0303109
v 8.7169e-19 -0.0142358 -0.0319741
v 0.00182925 -0.0174041 -0.0303109
v 0.00148804 -0.0141578 -0.0319741
v 0.00363845 -0.0171176 -0.0303109
v 0.00295979 -0.0139247 -0.0319741
v 0.0054078 -0.0166435 -0.0303109
v 0.0043991 -0.013539 -0.0319741
v 0.00711789 -0.015987 -0.0303109
v 0.00579021 -0.013005 -0.0319741
v 0.00875 -0.0151554 -0.0303109
v 0.00711789 -0.0123285 -0.0319741
v 0.0102862 -0.0141578 -0.0303109
v 0.00836758 -0.011517 -0.0319741
v 0.0117098 -0.013005 -0.0303109
v 0.0095256 -0.0105792 -0.0319741
v 0.013005 -0.0117098 -0.0303109
v 0.0105792 -0.0095256 -0.0319741
v 0.0141578 -0.0102862 -0.0303109
v 0.011517 -0.00836758 -0.0319741
v 0.0151554 -0.00875 -0.0303109
v 0.0123285 -0.00711789 -0.0319741
v 0.0124788 -0.00685099 -0.0319741
v 0.00945263 -0.00525595 -0.033287
v 0.00988054 -0.0043991 -0.033287
v 0.00664779 -0.00295979 -0.0342352
v -0.0260101 3.18531e-18 -0.0234196
v -0.0283156 3.46766e-18 -0.0205725
v -0.0258676 0.00271879 -0.0234196
v -0.0281605 0.00295979 -0.0205725
v -0.0254417 0.0054078 -0.0234196
v -0.0276968 0.00588714 -0.0205725
v -0.024737 0.00803755 -0.0234196
v -0.0269297 0.00875 -0.0205725
v -0.0237614 0.0105792 -0.0234196
v -0.0258676 0.011517 -0.0205725
v -0.0251784 0.0129545 -0.0205725
v -0.0270269 0.0137222 -0.0175
v -0.02625 0.0151554 -0.0175
v -0.0276904 0.015987 -0.0142358
v -0.024522 0.0178163 -0.0175
v -0.0258676 0.0187939 -0.0142358
v -0.0225254 0.0202819 -0.0175
v -0.0237614 0.0213948 -0.0142358
v -0.0202819 0.0225254 -0.0175
v -0.0213948 0.0237614 -0.0142358
v -0.0178163 0.024522 -0.0175
v -0.0187939 0.0258676 -0.0142358
v -0.0151554 0.02625 -0.0175
v -0.015987 0.0276904 -0.0142358
v -0.0234196 2.86807e-18 -0.0260101
v -0.0258676 -0.00271879 -0.0234196
v -0.0232913 -0.00244801 -0.0260101
v -0.0254417 -0.0054078 -0.0234196
v -0.0229078 -0.0048692 -0.0260101
v -0.024737 -0.00803755 -0.0234196
v -0.0222733 -0.00723705 -0.0260101
v -0.0237614 -0.0105792 -0.0234196
v -0.0213948 -0.0095256 -0.0260101
v -0.0225254 -0.013005 -0.0234196
v -0.0202819 -0.0117098 -0.0260101
v -0.0210426 -0.0152883 -0.0234196
v -0.0189468 -0.0137657 -0.0260101
v -0.0193292 -0.0174041 -0.0234196
v -0.0174041 -0.0156708 -0.0260101
v -0.0174041 -0.0193292 -0.0234196
v -0.0156708 -0.0174041 -0.0260101
v -0.0152883 -0.0210426 -0.0234196
v -0.0137657 -0.0189468 -0.0260101
v -0.0135876 -0.0190749 -0.0260101
v -0.0119582 -0.01674 -0.0283156
v -0.0102862 -0.0178163 -0.0283156
v -0.00875 -0.0151554 -0.0303109
v -0.00836758 -0.0187939 -0.0283156
v -0.00711789 -0.015987 -0.0303109
v -0.00635725 -0.0195656 -0.0283156
v -0.0054078 -0.0166435 -0.0303109
v -0.00427726 -0.0201229 -0.0283156
v -0.00363845 -0.0171176 -0.0303109
v -0.00215041 -0.0204598 -0.0283156
v -0.00182925 -0.0174041 -0.0303109
v 1.2597e-18 -0.0205725 -0.0283156
v 1.07157e-18 -0.0175 -0.0303109
v 0.00215041 -0.0204598 -0.0283156
v 0.00182925 -0.0174041 -0.0303109
v 0.00427726 -0.0201229 -0.0283156
v 0.00363845 -0.0171176 -0.0303109
v 0.00635725 -0.0195656 -0.0283156
v 0.0054078 -0.0166435 -0.0303109
v 0.00836758 -0.0187939 -0.0283156
v 0.00711789 -0.015987 -0.0303109
v 0.0102862 -0.0178163 -0.0283156
v 0.00875 -0.0151554 -0.0303109
v 0.0120922 -0.0166435 -0.0283156
v 0.0102862 -0.0141578 -0.0303109
v 0.0137657 -0.0152883 -0.0283156
v 0.0117098 -0.013005 -0.0303109
v 0.0152883 -0.0137657 -0.0283156
v 0.013005 -0.0117098 -0.0303109
v 0.0166435 -0.0120922 -0.0283156
v 0.0141578 -0.0102862 -0.0303109
v 0.0178163 -0.0102862 -0.0283156
v 0.0151554 -0.00875 -0.0303109
v 0.0153853 -0.00833927 -0.0303109
v 0.0124788 -0.00685099 -0.0319741
v 0.013005 -0.00579021 -0.0319741
v 0.00988054 -0.0043991 -0.033287
v -0.0283156 3.46766e-18 -0.0205725
v -0.0303109 3.71201e-18 -0.0175
v -0.0281605 0.00295979 -0.0205725
v -0.0301448 0.00316835 -0.0175
v -0.0276968 0.00588714 -0.0205725
v -0.0296485 0.00630199 -0.0175
v -0.0269297 0.00875 -0.0205725
v -0.0288274 0.00936658 -0.0175
v -0.0258676 0.011517 -0.0205725
v -0.0276904 0.0123285 -0.0175
v -0.0270269 0.0137222 -0.0175
v -0.0285873 0.0143216 -0.0142358
v -0.0276904 0.015987 -0.0142358
v -0.0288274 0.0166435 -0.0108156
v -0.0258676 0.0187939 -0.0142358
v -0.0269297 0.0195656 -0.0108156
v -0.0237614 0.0213948 -0.0142358
v -0.024737 0.0222733 -0.0108156
v -0.0213948 0.0237614 -0.0142358
v -0.0222733 0.024737 -0.0108156
v -0.0187939 0.0258676 -0.0142358
v -0.0195656 0.0269297 -0.0108156
v -0.015987 0.0276904 -0.0142358
v -0.0260101 3.18531e-18 -0.0234196
v -0.0281605 -0.00295979 -0.0205725
v -0.0258676 -0.00271879 -0.0234196
v -0.0276968 -0.00588714 -0.0205725
v -0.0254417 -0.0054078 -0.0234196
v -0.0269297 -0.00875 -0.0205725
v -0.024737 -0.00803755 -0.0234196
v -0.0258676 -0.011517 -0.0205725
v -0.0237614 -0.0105792 -0.0234196
v -0.024522 -0.0141578 -0.0205725
v -0.0225254 -0.013005 -0.0234196
v -0.0229078 -0.0166435 -0.0205725
v -0.0210426 -0.0152883 -0.0234196
v -0.0210426 -0.0189468 -0.0205725
v -0.0193292 -0.0174041 -0.0234196
v -0.0189468 -0.0210426 -0.0205725
v -0.0174041 -0.0193292 -0.0234196
v -0.0166435 -0.0229078 -0.0205725
v -0.0152883 -0.0210426 -0.0234196
v -0.0150622 -0.021205 -0.0234196
v -0.0135876 -0.0190749 -0.0260101
v -0.0117098 -0.0202819 -0.0260101
v -0.0102862 -0.0178163 -0.0283156
v -0.0095256 -0.0213948 -0.0260101
v -0.00836758 -0.0187939 -0.0283156
v -0.00723705 -0.0222733 -0.0260101
v -0.00635725 -0.0195656 -0.0283156
v -0.0048692 -0.0229078 -0.0260101
v -0.00427726 -0.0201229 -0.0283156
v -0.00244801 -0.0232913 -0.0260101
v -0.00215041 -0.0204598 -0.0283156
v 1.43404e-18 -0.0234196 -0.0260101
v 1.2597e-18 -0.0205725 -0.0283156
v 0.00244801 -0.0232913 -0.0260101
v 0.00215041 -0.0204598 -0.0283156
v 0.0048692 -0.0229078 -0.0260101
v 0.00427726 -0.0201229 -0.0283156
v 0.00723705 -0.0222733 -0.0260101
v 0.00635725 -0.0195656 -0.0283156
v 0.0095256 -0.0213948 -0.0260101
v 0.00836758 -0.0187939 -0.0283156
v 0.0117098 -0.0202819 -0.0260101
v 0.0102862 -0.0178163 -0.0283156
v 0.0137657 -0.0189468 -0.0260101
v 0.0120922 -0.0166435 -0.0283156
v 0.0156708 -0.0174041 -0.0260101
v 0.0137657 -0.0152883 -0.0283156
v 0.0174041 -0.0156708 -0.0260101
v 0.0152883 -0.0137657 -0.0283156
v 0.0189468 -0.0137657 -0.0260101
v 0.0166435 -0.0120922 -0.0283156
v 0.0202819 -0.0117098 -0.0260101
v 0.0178163 -0.0102862 -0.0283156
v 0.0181389 -0.00970596 -0.0283156
v 0.0153853 -0.00833927 -0.0303109
v 0.015987 -0.00711789 -0.0303109
v 0.013005 -0.00579021 -0.0319741
v -0.0303109 3.71201e-18 -0.0175
v -0.0283156 3.46766e-18 -0.0205725
v -0.0301448 -0.00316835 -0.0175
v -0.0281605 -0.00295979 -0.0205725
v -0.0296485 -0.00630199 -0.0175
v -0.0276968 -0.00588714 -0.0205725
v -0.0288274 -0.00936658 -0.0175
v -0.0269297 -0.00875 -0.0205725
v -0.0276904 -0.0123285 -0.0175
v -0.0258676 -0.011517 -0.0205725
v -0.02625 -0.0151554 -0.0175
v -0.024522 -0.0141578 -0.0205725
v -0.024522 -0.0178163 -0.0175
v -0.0229078 -0.0166435 -0.0205725
v -0.0225254 -0.0202819 -0.0175
v -0.0210426 -0.0189468 -0.0205725
v -0.0202819 -0.0225254 -0.0175
v -0.0189468 -0.0210426 -0.0205725
v -0.0178163 -0.024522 -0.0175
v -0.0166435 -0.0229078 -0.0205725
v -0.0163664 -0.0231066 -0.0205725
v -0.0150622 -0.021205 -0.0234196
v -0.013005 -0.0225254 -0.0234196
v -0.0117098 -0.0202819 -0.0260101
v -0.0105792 -0.0237614 -0.0234196
v -0.0095256 -0.0213948 -0.0260101
v -0.00803755 -0.024737 -0.0234196
v -0.00723705 -0.0222733 -0.0260101
v -0.0054078 -0.0254417 -0.0234196
v -0.0048692 -0.0229078 -0.0260101
v -0.00271879 -0.0258676 -0.0234196
v -0.00244801 -0.0232913 -0.0260101
v 1.59266e-18 -0.0260101 -0.0234196
v 1.43404e-18 -0.0234196 -0.0260101
v 0.00271879 -0.0258676 -0.0234196
v 0.00244801 -0.0232913 -0.0260101
v 0.0054078 -0.0254417 -0.0234196
v 0.0048692 -0.0229078 -0.0260101
v 0.00803755 -0.024737 -0.0234196
v 0.00723705 -0.0222733 -0.0260101
v 0.0105792 -0.0237614 -0.0234196
v 0.0095256 -0.0213948 -0.0260101
v 0.013005 -0.0225254 -0.0234196
v 0.0117098 -0.0202819 -0.0260101
v 0.0152883 -0.0210426 -0.0234196
v 0.0137657 -0.0189468 -0.0260101
v 0.0174041 -0.0193292 -0.0234196
v 0.0156708 -0.0174041 -0.0260101
v 0.0193292 -0.0174041 -0.0234196
v 0.0174041 -0.0156708 -0.0260101
v 0.0210426 -0.0152883 -0.0234196
v 0.0189468 -0.0137657 -0.0260101
v 0.0225254 -0.013005 -0.0234196
v 0.0202819 -0.0117098 -0.0260101
v 0.0207084 -0.010938 -0.0260101
v 0.0181389 -0.00970596 -0.0283156
v 0.0187939 -0.00836758 -0.0283156
v 0.015987 -0.00711789 -0.0303109
v -0.0260101 3.18531e-18 0.0234196
v -0.0234196 2.86807e-18 0.0260101
v -0.0258676 0.00271879 0.0234196
v -0.0232913 0.00244801 0.0260101
v -0.0254417 0.0054078 0.0234196
v -0.0229078 0.0048692 0.0260101
v -0.024737 0.00803755 0.0234196
v -0.0222733 0.00723705 0.0260101
v -0.0237614 0.0105792 0.0234196
v -0.0213948 0.0095256 0.0260101
v -0.0225254 0.013005 0.0234196
v -0.0202819 0.0117098 0.0260101
v -0.0210426 0.0152883 0.0234196
v -0.0189468 0.0137657 0.0260101
v -0.0193292 0.0174041 0.0234196
v -0.0174041 0.0156708 0.0260101
v -0.0174041 0.0193292 0.0234196
v -0.0156708 0.0174041 0.0260101
v -0.0152883 0.0210426 0.0234196
v -0.0137657 0.0189468 0.0260101
v -0.013005 0.0225254 0.0234196
v -0.0117098 0.0202819 0.0260101
v -0.0205725 2.5194e-18 0.0283156
v -0.0204598 0.00215041 0.0283156
v -0.0201229 0.00427726 0.0283156
v -0.0195656 0.00635725 0.0283156
v -0.0187939 0.00836758 0.0283156
v -0.0178163 0.0102862 0.0283156
v -0.0166435 0.0120922 0.0283156
v -0.0152883 0.0137657 0.0283156
v -0.0137657 0.0152883 0.0283156
v -0.0120922 0.0166435 0.0283156
v -0.0102862 0.0178163 0.0283156
v -0.0260101 3.18531e-18 0.0234196
v -0.0232913 -0.00244801 0.0260101
v -0.0234196 2.86807e-18 0.0260101
v -0.0204598 -0.00215041 0.0283156
v -0.0174041 -0.00182925 0.0303109
v -0.0175 2.14313e-18 0.0303109
v -0.0141578 -0.00148804 0.0319741
v -0.0142358 1.74338e-18 0.0319741
v -0.0107563 -0.00113054 0.033287
v -0.0108156 1.32453e-18 0.033287
v -0.00723705 -0.000760644 0.0342352
v -0.00727691 8.91164e-19 0.0342352
v -0.00363845 -0.000382417 0.0348083
v -0.0036585 4.48037e-19 0.0348083
v -0.0174041 0.00182925 0.0303109
v -0.0171176 0.00363845 0.0303109
v -0.0166435 0.0054078 0.0303109
v -0.015987 0.00711789 0.0303109
v -0.0151554 0.00875 0.0303109
v -0.0141578 0.0102862 0.0303109
v -0.013005 0.0117098 0.0303109
v -0.0117098 0.013005 0.0303109
v -0.0102862 0.0141578 0.0303109
v -0.00875 0.0151554 0.0303109
v -0.0141578 0.00148804 0.0319741
v -0.0139247 0.00295979 0.0319741
v -0.013539 0.0043991 0.0319741
v -0.013005 0.00579021 0.0319741
v -0.0123285 0.00711789 0.0319741
v -0.011517 0.00836758 0.0319741
v -0.0105792 0.0095256 0.0319741
v -0.0095256 0.0105792 0.0319741
v -0.00836758 0.011517 0.0319741
v -0.00711789 0.0123285 0.0319741
v -0.0107563 0.00113054 0.033287
v -0.0105792 0.00224869 0.033287
v -0.0102862 0.0033422 0.033287
v -0.00988054 0.0043991 0.033287
v -0.00936658 0.0054078 0.033287
v -0.00875 0.00635725 0.033287
v -0.00803755 0.00723705 0.033287
v -0.00723705 0.00803755 0.033287
v -0.00635725 0.00875 0.033287
v -0.0054078 0.00936658 0.033287
v -0.0108156 1.32453e-18 0.033287
v -0.00727691 8.91164e-19 0.0342352
v -0.00723705 0.000760644 0.0342352
v -0.00711789 0.00151295 0.0342352
v -0.00692075 0.00224869 0.0342352
v -0.00664779 0.00295979 0.0342352
v -0.00630199 0.00363845 0.0342352
v -0.00588714 0.00427726 0.0342352
v -0.0054078 0.0048692 0.0342352
v -0.0048692 0.0054078 0.0342352
v -0.00427726 0.00588714 0.0342352
v -0.00363845 0.00630199 0.0342352
v -0.0036585 4.48037e-19 0.0348083
v -0.00363845 0.000382417 0.0348083
v -0.00357855 0.000760644 0.0348083
v -0.00347944 0.00113054 0.0348083
v -0.0033422 0.00148804 0.0348083
v -0.00316835 0.00182925 0.0348083
v -0.00295979 0.00215041 0.0348083
v -0.00271879 0.00244801 0.0348083
v -0.00244801 0.00271879 0.0348083
v -0.00215041 0.00295979 0.0348083
v -0.00182925 0.00316835 0.0348083
v -2.14313e-18 -2.62458e-34 -0.035
v 0.00214645 0.00296266 -0.0348083
v 0.00427726 0.00588714 -0.0342352
v 0.00244801 0.00271879 -0.0348083
v 0.0048692 0.0054078 -0.0342352
v 0.00271879 0.00244801 -0.0348083
v 0.0054078 0.0048692 -0.0342352
v 0.00295979 0.00215041 -0.0348083
v 0.00588714 0.00427726 -0.0342352
v 0.00316835 0.00182925 -0.0348083
v 0.00630199 0.00363845 -0.0342352
v 0.0033422 0.00148804 -0.0348083
v 0.00664779 0.00295979 -0.0342352
v -0.00317814 0.00181218 -0.0348083
v -0.00316835 0.00182925 -0.0348083
v -0.00630199 0.00363845 -0.0342352
v -0.00295979 0.00215041 -0.0348083
v -0.00588714 0.00427726 -0.0342352
v -0.00271879 0.00244801 -0.0348083
v -0.0054078 0.0048692 -0.0342352
v -0.00244801 0.00271879 -0.0348083
v -0.0048692 0.0054078 -0.0342352
v -0.00215041 0.00295979 -0.0348083
v -0.00427726 0.00588714 -0.0342352
v -0.00182925 0.00316835 -0.0348083
v -0.00363845 0.00630199 -0.0342352
v -0.00148804 0.0033422 -0.0348083
v -0.00295979 0.00664779 -0.0342352
v -0.00113054 0.00347944 -0.0348083
v -0.00224869 0.00692075 -0.0342352
v -0.000760644 0.00357855 -0.0348083
v -0.00151295 0.00711789 -0.0342352
v -0.000382417 0.00363845 -0.0348083
v -0.000760644 0.00723705 -0.0342352
v 2.24018e-19 0.0036585 -0.0348083
v 4.45582e-19 0.00727691 -0.0342352
v 0.000382417 0.00363845 -0.0348083
v 0.000760644 0.00723705 -0.0342352
v 0.000760644 0.00357855 -0.0348083
v 0.00151295 0.00711789 -0.0342352
v 0.00113054 0.00347944 -0.0348083
v 0.00224869 0.00692075 -0.0342352
v 0.00182925 -0.00316835 0.0348083
v -2.14313e-18 2.62458e-34 0.035
v 0.00148804 -0.0033422 0.0348083
v 0.00182925 -0.00316835 -0.0348083
v -2.14313e-18 -2.62458e-34 -0.035
v 0.00215041 -0.00295979 -0.0348083
v 0.00182925 0.00316835 0.0348083
v 0.00215041 0.00295979 0.0348083
v 0.00214645 0.00296266 -0.0348083
v 0.00182925 0.00316835 -0.0348083
v 0.00148804 0.0033422 -0.0348083
v -0.00317814 0.00181218 -0.0348083
v -0.0033422 0.00148804 -0.0348083
v 0.00316835 -0.00182925 0.0348083
v 0.00630199 -0.00363845 0.0342352
v 0.0033422 -0.00148804 0.0348083
v 0.00664779 -0.00295979 0.0342352
v 0.00347944 -0.00113054 0.0348083
v 0.00692075 -0.00224869 0.0342352
v 0.00357855 -0.000760644 0.0348083
v 0.00711789 -0.00151295 0.0342352
v 0.00363845 -0.000382417 0.0348083
v 0.00723705 -0.000760644 0.0342352
v 0.0036585 9.86594e-21 0.0348083
v 0.00727691 3.92476e-20 0.0342352
v 0.00363845 0.000382417 0.0348083
v 0.00723705 0.000760644 0.0342352
v 0.00357855 0.000760644 0.0348083
v 0.00711789 0.00151295 0.0342352
v 0.00347944 0.00113054 0.0348083
v 0.00692075 0.00224869 0.0342352
v 0.0033422 0.00148804 0.0348083
v 0.00664779 0.00295979 0.0342352
v 0.00316835 0.00182925 0.0348083
v 0.00630199 0.00363845 0.0342352
v 0.00295979 0.00215041 0.0348083
v 0.00588714 0.00427726 0.0342352
v 0.00271879 0.00244801 0.0348083
v 0.00936658 -0.0054078 0.033287
v 0.00988054 -0.0043991 0.033287
v 0.0102862 -0.0033422 0.033287
v 0.0105792 -0.00224869 0.033287
v 0.0107563 -0.00113054 0.033287
v 0.0108156 8.74999e-20 0.033287
v 0.0107563 0.00113054 0.033287
v 0.0105792 0.00224869 0.033287
v 0.0102862 0.0033422 0.033287
v 0.00988054 0.0043991 0.033287
v 0.00936658 0.0054078 0.033287
v 0.00630199 -0.00363845 0.0342352
v 0.00316835 -0.00182925 0.0348083
v 0.00588714 -0.00427726 0.0342352
v 0.00295979 -0.00215041 0.0348083
v 0.0054078 -0.0048692 0.0342352
v 0.00271879 -0.00244801 0.0348083
v 0.0048692 -0.0054078 0.0342352
v 0.00244801 -0.00271879 0.0348083
v 0.00427726 -0.00588714 0.0342352
v 0.00215041 -0.00295979 0.0348083
v 0.00363845 -0.00630199 0.0342352
v 0.00182925 -0.00316835 0.0348083
v 0.00295979 -0.00664779 0.0342352
v 0.00148804 -0.0033422 0.0348083
v 0.00224869 -0.00692075 0.0342352
v 0.00113054 -0.00347944 0.0348083
v 0.00151295 -0.00711789 0.0342352
v 0.000760644 -0.00357855 0.0348083
v 0.000760644 -0.00723705 0.0342352
v 0.000382417 -0.00363845 0.0348083
v 4.45582e-19 -0.00727691 0.0342352
v 2.24018e-19 -0.0036585 0.0348083
v -0.000760644 -0.00723705 0.0342352
v -0.000382417 -0.00363845 0.0348083
v -0.00151295 -0.00711789 0.0342352
v -0.000760644 -0.00357855 0.0348083
v -0.00224869 -0.00692075 0.0342352
v -0.00113054 -0.00347944 0.0348083
v -0.00295979 -0.00664779 0.0342352
v -0.00148804 -0.0033422 0.0348083
v -0.00363845 -0.00630199 0.0342352
v -0.00182925 -0.00316835 0.0348083
v -0.00427726 -0.00588714 0.0342352
v -0.00215041 -0.00295979 0.0348083
v -0.0048692 -0.0054078 0.0342352
v 0.00936658 -0.0054078 0.033287
v 0.0123285 -0.00711789 0.0319741
v 0.00988054 -0.0043991 0.033287
v 0.013005 -0.00579021 0.0319741
v 0.0102862 -0.0033422 0.033287
v 0.013539 -0.0043991 0.0319741
v 0.0105792 -0.00224869 0.033287
v 0.0139247 -0.00295979 0.0319741
v 0.0107563 -0.00113054 0.033287
v 0.0141578 -0.00148804 0.0319741
v 0.0108156 8.74999e-20 0.033287
v 0.0142358 1.5356e-19 0.0319741
v 0.0107563 0.00113054 0.033287
v 0.0141578 0.00148804 0.0319741
v 0.0105792 0.00224869 0.033287
v 0.0139247 0.00295979 0.0319741
v 0.0102862 0.0033422 0.033287
v 0.013539 0.0043991 0.0319741
v 0.00988054 0.0043991 0.033287
v 0.013005 0.00579021 0.0319741
v 0.00936658 0.0054078 0.033287
v 0.00630199 -0.00363845 0.0342352
v 0.00875 -0.00635725 0.033287
v 0.00588714 -0.00427726 0.0342352
v 0.00803755 -0.00723705 0.033287
v 0.0054078 -0.0048692 0.0342352
v 0.00723705 -0.00803755 0.033287
v 0.0048692 -0.0054078 0.0342352
v 0.00635725 -0.00875 0.033287
v 0.00427726 -0.00588714 0.0342352
v 0.0054078 -0.00936658 0.033287
v 0.00363845 -0.00630199 0.0342352
v 0.0043991 -0.00988054 0.033287
v 0.00295979 -0.00664779 0.0342352
v 0.0033422 -0.0102862 0.033287
v 0.00224869 -0.00692075 0.0342352
v 0.00224869 -0.0105792 0.033287
v 0.00151295 -0.00711789 0.0342352
v 0.00113054 -0.0107563 0.033287
v 0.000760644 -0.00723705 0.0342352
v 6.62264e-19 -0.0108156 0.033287
v 4.45582e-19 -0.00727691 0.0342352
v -0.00113054 -0.0107563 0.033287
v -0.000760644 -0.00723705 0.0342352
v -0.00224869 -0.0105792 0.033287
v -0.00151295 -0.00711789 0.0342352
v -0.0033422 -0.0102862 0.033287
v -0.00224869 -0.00692075 0.0342352
v -0.0043991 -0.00988054 0.033287
v -0.00295979 -0.00664779 0.0342352
v -0.0054078 -0.00936658 0.033287
v -0.00363845 -0.00630199 0.0342352
v -0.00635725 -0.00875 0.033287
v -0.00427726 -0.00588714 0.0342352
v -0.00723705 -0.00803755 0.033287
v -0.0048692 -0.0054078 0.0342352
v -0.00803755 -0.00723705 0.033287
v 0.0123285 -0.00711789 0.0319741
v 0.0151554 -0.00875 0.0303109
v 0.013005 -0.00579021 0.0319741
v 0.015987 -0.00711789 0.0303109
v 0.013539 -0.0043991 0.0319741
v 0.0166435 -0.0054078 0.0303109
v 0.0139247 -0.00295979 0.0319741
v 0.0171176 -0.00363845 0.0303109
v 0.0141578 -0.00148804 0.0319741
v 0.0174041 -0.00182925 0.0303109
v 0.0142358 1.5356e-19 0.0319741
v 0.0175 2.35963e-19 0.0303109
v 0.0141578 0.00148804 0.0319741
v 0.0174041 0.00182925 0.0303109
v 0.0139247 0.00295979 0.0319741
v 0.0171176 0.00363845 0.0303109
v 0.013539 0.0043991 0.0319741
v 0.0166435 0.0054078 0.0303109
v 0.013005 0.00579021 0.0319741
v 0.00936658 -0.0054078 0.033287
v 0.011517 -0.00836758 0.0319741
v 0.00875 -0.00635725 0.033287
v 0.0105792 -0.0095256 0.0319741
v 0.00803755 -0.00723705 0.033287
v 0.0095256 -0.0105792 0.0319741
v 0.00723705 -0.00803755 0.033287
v 0.00836758 -0.011517 0.0319741
v 0.00635725 -0.00875 0.033287
v 0.00711789 -0.0123285 0.0319741
v 0.0054078 -0.00936658 0.033287
v 0.00579021 -0.013005 0.0319741
v 0.0043991 -0.00988054 0.033287
v 0.0043991 -0.013539 0.0319741
v 0.0033422 -0.0102862 0.033287
v 0.00295979 -0.0139247 0.0319741
v 0.00224869 -0.0105792 0.033287
v 0.00148804 -0.0141578 0.0319741
v 0.00113054 -0.0107563 0.033287
v 8.7169e-19 -0.0142358 0.0319741
v 6.62264e-19 -0.0108156 0.033287
v -0.00148804 -0.0141578 0.0319741
v -0.00113054 -0.0107563 0.033287
v -0.00295979 -0.0139247 0.0319741
v -0.00224869 -0.0105792 0.033287
v -0.0043991 -0.013539 0.0319741
v -0.0033422 -0.0102862 0.033287
v -0.00579021 -0.013005 0.0319741
v -0.0043991 -0.00988054 0.033287
v -0.00711789 -0.0123285 0.0319741
v -0.0054078 -0.00936658 0.033287
v -0.00836758 -0.011517 0.0319741
v -0.00635725 -0.00875 0.033287
v -0.0095256 -0.0105792 0.0319741
v -0.00723705 -0.00803755 0.033287
v -0.0105792 -0.0095256 0.0319741
v -0.00803755 -0.00723705 0.033287
v -0.011517 -0.00836758 0.0319741
v 0.0151554 -0.00875 0.0303109
v 0.0178163 -0.0102862 0.0283156
v 0.015987 -0.00711789 0.0303109
v 0.0187939 -0.00836758 0.0283156
v 0.0166435 -0.0054078 0.0303109
v 0.0195656 -0.00635725 0.0283156
v 0.0171176 -0.00363845 0.0303109
v 0.0201229 -0.00427726 0.0283156
v 0.0174041 -0.00182925 0.0303109
v 0.0204598 -0.00215041 0.0283156
v 0.0175 2.35963e-19 0.0303109
v 0.0205725 3.32869e-19 0.0283156
v 0.0174041 0.00182925 0.0303109
v 0.0204598 0.00215041 0.0283156
v 0.0171176 0.00363845 0.0303109
v 0.0201229 0.00427726 0.0283156
v 0.0166435 0.0054078 0.0303109
v 0.0123285 -0.00711789 0.0319741
v 0.0141578 -0.0102862 0.0303109
v 0.011517 -0.00836758 0.0319741
v 0.013005 -0.0117098 0.0303109
v 0.0105792 -0.0095256 0.0319741
v 0.0117098 -0.013005 0.0303109
v 0.0095256 -0.0105792 0.0319741
v 0.0102862 -0.0141578 0.0303109
v 0.00836758 -0.011517 0.0319741
v 0.00875 -0.0151554 0.0303109
v 0.00711789 -0.0123285 0.0319741
v 0.00711789 -0.015987 0.0303109
v 0.00579021 -0.013005 0.0319741
v 0.0054078 -0.0166435 0.0303109
v 0.0043991 -0.013539 0.0319741
v 0.00363845 -0.0171176 0.0303109
v 0.00295979 -0.0139247 0.0319741
v 0.00182925 -0.0174041 0.0303109
v 0.00148804 -0.0141578 0.0319741
v 1.07157e-18 -0.0175 0.0303109
v 8.7169e-19 -0.0142358 0.0319741
v -0.00182925 -0.0174041 0.0303109
v -0.00148804 -0.0141578 0.0319741
v -0.00363845 -0.0171176 0.0303109
v -0.00295979 -0.0139247 0.0319741
v -0.0054078 -0.0166435 0.0303109
v -0.0043991 -0.013539 0.0319741
v -0.00711789 -0.015987 0.0303109
v -0.00579021 -0.013005 0.0319741
v -0.00875 -0.0151554 0.0303109
v -0.00711789 -0.0123285 0.0319741
v -0.0102862 -0.0141578 0.0303109
v -0.00836758 -0.011517 0.0319741
v -0.0117098 -0.013005 0.0303109
v -0.0095256 -0.0105792 0.0319741
v -0.013005 -0.0117098 0.0303109
v -0.0105792 -0.0095256 0.0319741
v -0.0141578 -0.0102862 0.0303109
v -0.011517 -0.00836758 0.0319741
v -0.0151554 -0.00875 0.0303109
v 0.0178163 -0.0102862 0.0283156
v 0.0202819 -0.0117098 0.0260101
v 0.0187939 -0.00836758 0.0283156
v 0.0213948 -0.0095256 0.0260101
v 0.0195656 -0.00635725 0.0283156
v 0.0222733 -0.00723705 0.0260101
v 0.0201229 -0.00427726 0.0283156
v 0.0229078 -0.0048692 0.0260101
v 0.0204598 -0.00215041 0.0283156
v 0.0232913 -0.00244801 0.0260101
v 0.0205725 3.32869e-19 0.0283156
v 0.0234196 4.42092e-19 0.0260101
v 0.0204598 0.00215041 0.0283156
v 0.0232913 0.00244801 0.0260101
v 0.0201229 0.00427726 0.0283156
v 0.0151554 -0.00875 0.0303109
v 0.0166435 -0.0120922 0.0283156
v 0.0141578 -0.0102862 0.0303109
v 0.0152883 -0.0137657 0.0283156
v 0.013005 -0.0117098 0.0303109
v 0.0137657 -0.0152883 0.0283156
v 0.0117098 -0.013005 0.0303109
v 0.0120922 -0.0166435 0.0283156
v 0.0102862 -0.0141578 0.0303109
v 0.0102862 -0.0178163 0.0283156
v 0.00875 -0.0151554 0.0303109
v 0.00836758 -0.0187939 0.0283156
v 0.00711789 -0.015987 0.0303109
v 0.00635725 -0.0195656 0.0283156
v 0.0054078 -0.0166435 0.0303109
v 0.00427726 -0.0201229 0.0283156
v 0.00363845 -0.0171176 0.0303109
v 0.00215041 -0.0204598 0.0283156
v 0.00182925 -0.0174041 0.0303109
v 1.2597e-18 -0.0205725 0.0283156
v 1.07157e-18 -0.0175 0.0303109
v -0.00215041 -0.0204598 0.0283156
v -0.00182925 -0.0174041 0.0303109
v -0.00427726 -0.0201229 0.0283156
v -0.00363845 -0.0171176 0.0303109
v -0.00635725 -0.0195656 0.0283156
v -0.0054078 -0.0166435 0.0303109
v -0.00836758 -0.0187939 0.0283156
v -0.00711789 -0.015987 0.0303109
v -0.0102862 -0.0178163 0.0283156
v -0.00875 -0.0151554 0.0303109
v -0.0120922 -0.0166435 0.0283156
v -0.0102862 -0.0141578 0.0303109
v -0.0137657 -0.0152883 0.0283156
v -0.0117098 -0.013005 0.0303109
v -0.0152883 -0.0137657 0.0283156
v -0.013005 -0.0117098 0.0303109
v -0.0166435 -0.0120922 0.0283156
v -0.0141578 -0.0102862 0.0303109
v -0.0178163 -0.0102862 0.0283156
v -0.0151554 -0.00875 0.0303109
v -0.0187939 -0.00836758 0.0283156
v 0.0202819 -0.0117098 0.0260101
v 0.0225254 -0.013005 0.0234196
v 0.0213948 -0.0095256 0.0260101
v 0.0237614 -0.0105792 0.0234196
v 0.0222733 -0.00723705 0.0260101
v 0.024737 -0.00803755 0.0234196
v 0.0229078 -0.0048692 0.0260101
v 0.0254417 -0.0054078 0.0234196
v 0.0232913 -0.00244801 0.0260101
v 0.0258676 -0.00271879 0.0234196
v 0.0234196 4.42092e-19 0.0260101
v 0.0260101 5.61135e-19 0.0234196
v 0.0232913 0.00244801 0.0260101
v 0.0178163 -0.0102862 0.0283156
v 0.0189468 -0.0137657 0.0260101
v 0.0166435 -0.0120922 0.0283156
v 0.0174041 -0.0156708 0.0260101
v 0.0152883 -0.0137657 0.0283156
v 0.0156708 -0.0174041 0.0260101
v 0.0137657 -0.0152883 0.0283156
v 0.0137657 -0.0189468 0.0260101
v 0.0120922 -0.0166435 0.0283156
v 0.0117098 -0.0202819 0.0260101
v 0.0102862 -0.0178163 0.0283156
v 0.0095256 -0.0213948 0.0260101
v 0.00836758 -0.0187939 0.0283156
v 0.00723705 -0.0222733 0.0260101
v 0.00635725 -0.0195656 0.0283156
v 0.0048692 -0.0229078 0.0260101
v 0.00427726 -0.0201229 0.0283156
v 0.00244801 -0.0232913 0.0260101
v 0.00215041 -0.0204598 0.0283156
v 1.43404e-18 -0.0234196 0.0260101
v 1.2597e-18 -0.0205725 0.0283156
v -0.00244801 -0.0232913 0.0260101
v -0.00215041 -0.0204598 0.0283156
v -0.0048692 -0.0229078 0.0260101
v -0.00427726 -0.0201229 0.0283156
v -0.00723705 -0.0222733 0.0260101
v -0.00635725 -0.0195656 0.0283156
v -0.0095256 -0.0213948 0.0260101
v -0.00836758 -0.0187939 0.0283156
v -0.0117098 -0.0202819 0.0260101
v -0.0102862 -0.0178163 0.0283156
v -0.0137657 -0.0189468 0.0260101
v -0.0120922 -0.0166435 0.0283156
v -0.0156708 -0.0174041 0.0260101
v -0.0137657 -0.0152883 0.0283156
v -0.0174041 -0.0156708 0.0260101
v -0.0152883 -0.0137657 0.0283156
v -0.0189468 -0.0137657 0.0260101
v -0.0166435 -0.0120922 0.0283156
v -0.0202819 -0.0117098 0.0260101
v -0.0178163 -0.0102862 0.0283156
v -0.0213948 -0.0095256 0.0260101
v -0.0187939 -0.00836758 0.0283156
v -0.0222733 -0.00723705 0.0260101
v 0.0225254 -0.013005 0.0234196
v 0.024522 -0.0141578 0.0205725
v 0.0237614 -0.0105792 0.0234196
v 0.0258676 -0.011517 0.0205725
v 0.024737 -0.00803755 0.0234196
v 0.0269297 -0.00875 0.0205725
v 0.0254417 -0.0054078 0.0234196
v 0.0276968 -0.00588714 0.0205725
v 0.0258676 -0.00271879 0.0234196
v 0.0281605 -0.00295979 0.0205725
v 0.0260101 5.61135e-19 0.0234196
v 0.0202819 -0.0117098 0.0260101
v 0.0210426 -0.0152883 0.0234196
v 0.0189468 -0.0137657 0.0260101
v 0.0193292 -0.0174041 0.0234196
v 0.0174041 -0.0156708 0.0260101
v 0.0174041 -0.0193292 0.0234196
v 0.0156708 -0.0174041 0.0260101
v 0.0152883 -0.0210426 0.0234196
v 0.0137657 -0.0189468 0.0260101
v 0.013005 -0.0225254 0.0234196
v 0.0117098 -0.0202819 0.0260101
v 0.0105792 -0.0237614 0.0234196
v 0.0095256 -0.0213948 0.0260101
v 0.00803755 -0.024737 0.0234196
v 0.00723705 -0.0222733 0.0260101
v 0.0054078 -0.0254417 0.0234196
v 0.0048692 -0.0229078 0.0260101
v 0.00271879 -0.0258676 0.0234196
v 0.00244801 -0.0232913 0.0260101
v 1.59266e-18 -0.0260101 0.0234196
v 1.43404e-18 -0.0234196 0.0260101
v -0.00271879 -0.0258676 0.0234196
v -0.00244801 -0.0232913 0.0260101
v -0.0054078 -0.0254417 0.0234196
v -0.0048692 -0.0229078 0.0260101
v -0.00803755 -0.024737 0.0234196
v -0.00723705 -0.0222733 0.0260101
v -0.0105792 -0.0237614 0.0234196
v -0.0095256 -0.0213948 0.0260101
v -0.013005 -0.0225254 0.0234196
v -0.0117098 -0.0202819 0.0260101
v -0.0152883 -0.0210426 0.0234196
v -0.0137657 -0.0189468 0.0260101
v -0.0174041 -0.0193292 0.0234196
v -0.0156708 -0.0174041 0.0260101
v -0.0193292 -0.0174041 0.0234196
v -0.0174041 -0.0156708 0.0260101
v -0.0210426 -0.0152883 0.0234196
v -0.0189468 -0.0137657 0.0260101
v -0.0225254 -0.013005 0.0234196
v -0.0202819 -0.0117098 0.0260101
v -0.0237614 -0.0105792 0.0234196
v -0.0213948 -0.0095256 0.0260101
v -0.024737 -0.00803755 0.0234196
v -0.0222733 -0.00723705 0.0260101
v -0.0254417 -0.0054078 0.0234196
v 0.024522 -0.0141578 0.0205725
v 0.0225254 -0.013005 0.0234196
v 0.0229078 -0.0166435 0.0205725
v 0.0210426 -0.0152883 0.0234196
v 0.0210426 -0.0189468 0.0205725
v 0.0193292 -0.0174041 0.0234196
v 0.0189468 -0.0210426 0.0205725
v 0.0174041 -0.0193292 0.0234196
v 0.0166435 -0.0229078 0.0205725
v 0.0152883 -0.0210426 0.0234196
v 0.0141578 -0.024522 0.0205725
v 0.013005 -0.0225254 0.0234196
v 0.011517 -0.0258676 0.0205725
v 0.0105792 -0.0237614 0.0234196
v 0.00875 -0.0269297 0.0205725
v 0.00803755 -0.024737 0.0234196
v 0.00588714 -0.0276968 0.0205725
v 0.0054078 -0.0254417 0.0234196
v 0.00295979 -0.0281605 0.0205725
v 0.00271879 -0.0258676 0.0234196
v 1.73383e-18 -0.0283156 0.0205725
v 1.59266e-18 -0.0260101 0.0234196
v -0.00295979 -0.0281605 0.0205725
v -0.00271879 -0.0258676 0.0234196
v -0.00588714 -0.0276968 0.0205725
v -0.0054078 -0.0254417 0.0234196
v -0.00875 -0.0269297 0.0205725
v -0.00803755 -0.024737 0.0234196
v -0.011517 -0.0258676 0.0205725
v -0.0105792 -0.0237614 0.0234196
v -0.0141578 -0.024522 0.0205725
v -0.013005 -0.0225254 0.0234196
v -0.0166435 -0.0229078 0.0205725
v -0.0152883 -0.0210426 0.0234196
v -0.0189468 -0.0210426 0.0205725
v -0.0174041 -0.0193292 0.0234196
v -0.0210426 -0.0189468 0.0205725
v -0.0193292 -0.0174041 0.0234196
v -0.0229078 -0.0166435 0.0205725
v -0.0210426 -0.0152883 0.0234196
v -0.024522 -0.0141578 0.0205725
v -0.0225254 -0.013005 0.0234196
v -0.0258676 -0.011517 0.0205725
v -0.0237614 -0.0105792 0.0234196
v -0.0269297 -0.00875 0.0205725
v -0.024737 -0.00803755 0.0234196
v -0.0276968 -0.00588714 0.0205725
v -0.0254417 -0.0054078 0.0234196
v -0.0281605 -0.00295979 0.0205725
v 0.0276904 -0.015987 0.0142358
v 0.0288274 -0.0166435 0.0108156
v 0.0292098 -0.013005 0.0142358
v 0.0304092 -0.013539 0.0108156
v 0.0304092 -0.00988054 0.0142358
v 0.0296485 -0.0171176 0.00727691
v 0.0276968 -0.0201229 0.00727691
v 0.0281605 -0.0204598 0.0036585
v 0.0258676 -0.0232913 0.0036585
v 0.0260101 -0.0234196 0
v 0.0234196 -0.0260101 0
v 0.0232913 -0.0258676 -0.0036585
v 0.0204598 -0.0281605 -0.0036585
v 0.0201229 -0.0276968 -0.00727691
v 0.0269297 -0.0195656 0.0108156
v 0.0258676 -0.0187939 0.0142358
v 0.024737 -0.0222733 0.0108156
v 0.0237614 -0.0213948 0.0142358
v 0.0222733 -0.024737 0.0108156
v 0.0213948 -0.0237614 0.0142358
v 0.0195656 -0.0269297 0.0108156
v 0.0187939 -0.0258676 0.0142358
v 0.015987 -0.0276904 0.0142358
v 0.0301448 -0.0174041 0.0036585
v 0.0283156 -0.0205725 0
v 0.0303109 -0.0175 0
v 0.0281605 -0.0204598 -0.0036585
v 0.0301448 -0.0174041 -0.0036585
v 0.0276968 -0.0201229 -0.00727691
v 0.0296485 -0.0171176 -0.00727691
v 0.0269297 -0.0195656 -0.0108156
v 0.0288274 -0.0166435 -0.0108156
v 0.0258676 -0.0187939 -0.0142358
v 0.0276904 -0.015987 -0.0142358
v 0.024522 -0.0178163 -0.0175
v 0.02625 -0.0151554 -0.0175
v 0.0229078 -0.0166435 -0.0205725
v 0.024522 -0.0141578 -0.0205725
v 0.0210426 -0.0152883 -0.0234196
v 0.0225254 -0.013005 -0.0234196
v 0.0307721 -0.0150041 -0.00727691
v 0.0313688 -0.0150868 -0.0036585
v 0.0298409 -0.0147493 -0.0108156
v 0.0304092 -0.013539 -0.0108156
v 0.0292098 -0.013005 -0.0142358
v 0.0285873 -0.0143216 -0.0142358
v 0.0276904 -0.0123285 -0.0175
v 0.0270269 -0.0137222 -0.0175
v 0.0258676 -0.011517 -0.0205725
v 0.0251784 -0.0129545 -0.0205725
v 0.0237614 -0.0105792 -0.0234196
v 0.023064 -0.0120239 -0.0234196
v 0.0213948 -0.0095256 -0.0260101
v 0.0207084 -0.010938 -0.0260101
v 0.0187939 -0.00836758 -0.0283156
v 0.0303109 8.174e-19 0.0175
v 0.0301448 0.00316835 0.0175
v 0.0281605 0.00295979 0.0205725
v 0.0276968 0.00588714 0.0205725
v 0.0254417 0.0054078 0.0234196
v 0.024737 0.00803755 0.0234196
v 0.0222733 0.00723705 0.0260101
v 0.0213948 0.0095256 0.0260101
v 0.0187939 0.00836758 0.0283156
v 0.0178163 0.0102862 0.0283156
v 0.0151554 0.00875 0.0303109
v 0.0141578 0.0102862 0.0303109
v 0.011517 0.00836758 0.0319741
v 0.0105792 0.0095256 0.0319741
v 0.00803755 0.00723705 0.033287
v 0.00723705 0.00803755 0.033287
v 0.0048692 0.0054078 0.0342352
v 0.00427726 0.00588714 0.0342352
v 0.00215041 0.00295979 0.0348083
v 0.00182925 0.00316835 0.0348083
v 0.0296485 0.00630199 0.0175
v 0.0269297 0.00875 0.0205725
v 0.0237614 0.0105792 0.0234196
v 0.0202819 0.0117098 0.0260101
v 0.0166435 0.0120922 0.0283156
v 0.013005 0.0117098 0.0303109
v 0.0095256 0.0105792 0.0319741
v 0.00635725 0.00875 0.033287
v 0.00363845 0.00630199 0.0342352
v 0.00148804 0.0033422 0.0348083
v 0.0288274 0.00936658 0.0175
v 0.0258676 0.011517 0.0205725
v 0.0276904 0.0123285 0.0175
v 0.024522 0.0141578 0.0205725
v 0.02625 0.0151554 0.0175
v 0.0229078 0.0166435 0.0205725
v 0.024522 0.0178163 0.0175
v 0.0210426 0.0189468 0.0205725
v 0.0225254 0.0202819 0.0175
v 0.0189468 0.0210426 0.0205725
v 0.0202819 0.0225254 0.0175
v 0.0166435 0.0229078 0.0205725
v 0.0178163 0.024522 0.0175
v 0.0141578 0.024522 0.0205725
v 0.0151554 0.02625 0.0175
v 0.011517 0.0258676 0.0205725
v 0.0225254 0.013005 0.0234196
v 0.0189468 0.0137657 0.0260101
v 0.0152883 0.0137657 0.0283156
v 0.0117098 0.013005 0.0303109
v 0.00836758 0.011517 0.0319741
v 0.0054078 0.00936658 0.033287
v 0.00295979 0.00664779 0.0342352
v 0.00113054 0.00347944 0.0348083
v 0.00988054 0.0043991 -0.033287
v 0.00664779 0.00295979 -0.0342352
v 0.00936658 0.0054078 -0.033287
v 0.00630199 0.00363845 -0.0342352
v 0.00875 0.00635725 -0.033287
v 0.00588714 0.00427726 -0.0342352
v 0.00803755 0.00723705 -0.033287
v 0.0054078 0.0048692 -0.0342352
v 0.00723705 0.00803755 -0.033287
v 0.0048692 0.0054078 -0.0342352
v 0.00635725 0.00875 -0.033287
v 0.00427726 0.00588714 -0.0342352
v 0.00426149 0.00589857 -0.0342352
v 0.00214645 0.00296266 -0.0348083
v 0.00182925 0.00316835 -0.0348083
v 0.013005 0.00579021 -0.0319741
v 0.0123285 0.00711789 -0.0319741
v 0.011517 0.00836758 -0.0319741
v 0.0105792 0.0095256 -0.0319741
v 0.0095256 0.0105792 -0.0319741
v 0.00836758 0.011517 -0.0319741
v 0.00632207 0.00877545 -0.033287
v 0.00363845 0.00630199 -0.0342352
v 0.00295979 0.00664779 -0.0342352
v 0.00148804 0.0033422 -0.0348083
v 0.015987 0.00711789 -0.0303109
v 0.0151554 0.00875 -0.0303109
v 0.0141578 0.0102862 -0.0303109
v 0.013005 0.0117098 -0.0303109
v 0.0117098 0.013005 -0.0303109
v 0.0102862 0.0141578 -0.0303109
v 0.00830582 0.0115616 -0.0319741
v 0.0054078 0.00936658 -0.033287
v 0.0043991 0.00988054 -0.033287
v 0.0187939 0.00836758 -0.0283156
v 0.0178163 0.0102862 -0.0283156
v 0.0166435 0.0120922 -0.0283156
v 0.0152883 0.0137657 -0.0283156
v 0.0137657 0.0152883 -0.0283156
v 0.0120922 0.0166435 -0.0283156
v 0.0101913 0.0142263 -0.0303109
v 0.00711789 0.0123285 -0.0319741
v 0.00579021 0.013005 -0.0319741
v 0.0213948 0.0095256 -0.0260101
v 0.0202819 0.0117098 -0.0260101
v 0.0189468 0.0137657 -0.0260101
v 0.0174041 0.0156708 -0.0260101
v 0.0156708 0.0174041 -0.0260101
v 0.0137657 0.0189468 -0.0260101
v 0.0119582 0.01674 -0.0283156
v 0.00875 0.0151554 -0.0303109
v 0.00711789 0.015987 -0.0303109
v 0.0237614 0.0105792 -0.0234196
v 0.0225254 0.013005 -0.0234196
v 0.0210426 0.0152883 -0.0234196
v 0.0193292 0.0174041 -0.0234196
v 0.0174041 0.0193292 -0.0234196
v 0.0152883 0.0210426 -0.0234196
v 0.0135876 0.0190749 -0.0260101
v 0.0102862 0.0178163 -0.0283156
v 0.00836758 0.0187939 -0.0283156
v 0.0258676 0.011517 -0.0205725
v 0.024522 0.0141578 -0.0205725
v 0.0229078 0.0166435 -0.0205725
v 0.0210426 0.0189468 -0.0205725
v 0.0189468 0.0210426 -0.0205725
v 0.0166435 0.0229078 -0.0205725
v 0.0150622 0.021205 -0.0234196
v 0.0117098 0.0202819 -0.0260101
v 0.0095256 0.0213948 -0.0260101
v 0.0276904 0.0123285 -0.0175
v 0.02625 0.0151554 -0.0175
v 0.024522 0.0178163 -0.0175
v 0.0225254 0.0202819 -0.0175
v 0.0202819 0.0225254 -0.0175
v 0.0178163 0.024522 -0.0175
v 0.0163664 0.0231066 -0.0205725
v 0.013005 0.0225254 -0.0234196
v 0.0105792 0.0237614 -0.0234196
v 0.0292098 0.013005 -0.0142358
v 0.0276904 0.015987 -0.0142358
v 0.0258676 0.0187939 -0.0142358
v 0.0237614 0.0213948 -0.0142358
v 0.0213948 0.0237614 -0.0142358
v 0.0187939 0.0258676 -0.0142358
v 0.0174866 0.0247582 -0.0175
v 0.0141578 0.024522 -0.0205725
v 0.011517 0.0258676 -0.0205725
v 0.0304092 0.013539 -0.0108156
v 0.0288274 0.0166435 -0.0108156
v 0.0269297 0.0195656 -0.0108156
v 0.024737 0.0222733 -0.0108156
v 0.0222733 0.024737 -0.0108156
v 0.0195656 0.0269297 -0.0108156
v 0.0184111 0.0261414 -0.0142358
v 0.0151554 0.02625 -0.0175
v 0.0123285 0.0276904 -0.0175
v 0.0225254 0.013005 0.0234196
v 0.024522 0.0141578 0.0205725
v 0.0210426 0.0152883 0.0234196
v 0.0229078 0.0166435 0.0205725
v 0.0193292 0.0174041 0.0234196
v 0.0210426 0.0189468 0.0205725
v 0.0174041 0.0193292 0.0234196
v 0.0189468 0.0210426 0.0205725
v 0.0152883 0.0210426 0.0234196
v 0.0166435 0.0229078 0.0205725
v 0.013005 0.0225254 0.0234196
v 0.0141578 0.024522 0.0205725
v 0.0105792 0.0237614 0.0234196
v 0.011517 0.0258676 0.0205725
v 0.00803755 0.024737 0.0234196
v 0.00875 0.0269297 0.0205725
v 0.0054078 0.0254417 0.0234196
v 0.00588714 0.0276968 0.0205725
v 0.00271879 0.0258676 0.0234196
v 0.00295979 0.0281605 0.0205725
v 1.59266e-18 0.0260101 0.0234196
v 1.73383e-18 0.0283156 0.0205725
v -0.00271879 0.0258676 0.0234196
v -0.00295979 0.0281605 0.0205725
v -0.0054078 0.0254417 0.0234196
v -0.00588714 0.0276968 0.0205725
v -0.00803755 0.024737 0.0234196
v -0.00875 0.0269297 0.0205725
v -0.0105792 0.0237614 0.0234196
v -0.011517 0.0258676 0.0205725
v 0.0304092 0.00988054 -0.0142358
v 0.0296485 0.00630199 -0.0175
v 0.0288274 0.00936658 -0.0175
v 0.0276968 0.00588714 -0.0205725
v 0.0269297 0.00875 -0.0205725
v 0.0254417 0.0054078 -0.0234196
v 0.024737 0.00803755 -0.0234196
v 0.0229078 0.0048692 -0.0260101
v 0.0222733 0.00723705 -0.0260101
v 0.0201229 0.00427726 -0.0283156
v 0.0195656 0.00635725 -0.0283156
v 0.0171176 0.00363845 -0.0303109
v 0.0166435 0.0054078 -0.0303109
v 0.0139247 0.00295979 -0.0319741
v 0.013539 0.0043991 -0.0319741
v 0.0105792 0.00224869 -0.033287
v 0.0102862 0.0033422 -0.033287
v 0.00711789 0.00151295 -0.0342352
v 0.00692075 0.00224869 -0.0342352
v 0.00357855 0.000760644 -0.0348083
v 0.00347944 0.00113054 -0.0348083
v 0.0281605 0.00295979 -0.0205725
v 0.0301448 0.00316835 -0.0175
v 0.0283156 6.87233e-19 -0.0205725
v 0.0303109 8.174e-19 -0.0175
v 0.0281605 -0.00295979 -0.0205725
v 0.0301448 -0.00316835 -0.0175
v 0.0276968 -0.00588714 -0.0205725
v 0.0296485 -0.00630199 -0.0175
v 0.0269297 -0.00875 -0.0205725
v 0.0288274 -0.00936658 -0.0175
v 0.0276968 0.00588714 -0.0205725
v 0.0258676 0.00271879 -0.0234196
v 0.0260101 5.61135e-19 -0.0234196
v 0.0258676 -0.00271879 -0.0234196
v 0.0254417 -0.0054078 -0.0234196
v 0.024737 -0.00803755 -0.0234196
v 0.0229078 0.0048692 -0.0260101
v 0.0254417 0.0054078 -0.0234196
v 0.0232913 0.00244801 -0.0260101
v 0.0234196 4.42092e-19 -0.0260101
v 0.0232913 -0.00244801 -0.0260101
v 0.0229078 -0.0048692 -0.0260101
v 0.0222733 -0.00723705 -0.0260101
v 0.0201229 0.00427726 -0.0283156
v 0.0204598 0.00215041 -0.0283156
v 0.0205725 3.32869e-19 -0.0283156
v 0.0204598 -0.00215041 -0.0283156
v 0.0201229 -0.00427726 -0.0283156
v 0.0195656 -0.00635725 -0.0283156
v 0.0171176 0.00363845 -0.0303109
v 0.0174041 0.00182925 -0.0303109
v 0.0175 2.35963e-19 -0.0303109
v 0.0174041 -0.00182925 -0.0303109
v 0.0171176 -0.00363845 -0.0303109
v 0.0166435 -0.0054078 -0.0303109
v 0.0139247 0.00295979 -0.0319741
v 0.0141578 0.00148804 -0.0319741
v 0.0142358 1.5356e-19 -0.0319741
v 0.0141578 -0.00148804 -0.0319741
v 0.0139247 -0.00295979 -0.0319741
v 0.013539 -0.0043991 -0.0319741
v 0.0105792 0.00224869 -0.033287
v 0.0107563 0.00113054 -0.033287
v 0.0108156 8.74999e-20 -0.033287
v 0.0107563 -0.00113054 -0.033287
v 0.0105792 -0.00224869 -0.033287
v 0.0102862 -0.0033422 -0.033287
v 0.00363845 0.000382417 -0.0348083
v 0.00357855 0.000760644 -0.0348083
v 0.00711789 0.00151295 -0.0342352
v 0.00723705 0.000760644 -0.0342352
v 0.00727691 3.92476e-20 -0.0342352
v 0.00723705 -0.000760644 -0.0342352
v 0.00711789 -0.00151295 -0.0342352
v 0.00692075 -0.00224869 -0.0342352
v 0.0036585 9.86594e-21 -0.0348083
v 0.00363845 -0.000382417 -0.0348083
v 0.00357855 -0.000760644 -0.0348083
v 0.00347944 -0.00113054 -0.0348083
v -0.02625 -0.0151554 -0.0175
v -0.0276904 -0.015987 -0.0142358
v -0.0276904 -0.0123285 -0.0175
v -0.0292098 -0.013005 -0.0142358
v -0.0288274 -0.00936658 -0.0175
v -0.0304092 -0.00988054 -0.0142358
v -0.0296485 -0.00630199 -0.0175
v -0.0258676 -0.0187939 -0.0142358
v -0.024522 -0.0178163 -0.0175
v -0.0237614 -0.0213948 -0.0142358
v -0.0225254 -0.0202819 -0.0175
v -0.0213948 -0.0237614 -0.0142358
v -0.0202819 -0.0225254 -0.0175
v -0.0187939 -0.0258676 -0.0142358
v -0.0178163 -0.024522 -0.0175
v -0.0174866 -0.0247582 -0.0175
v -0.0163664 -0.0231066 -0.0205725
v -0.0141578 -0.024522 -0.0205725
v -0.013005 -0.0225254 -0.0234196
v -0.011517 -0.0258676 -0.0205725
v -0.0105792 -0.0237614 -0.0234196
v -0.00875 -0.0269297 -0.0205725
v -0.00803755 -0.024737 -0.0234196
v -0.00588714 -0.0276968 -0.0205725
v -0.0054078 -0.0254417 -0.0234196
v -0.00295979 -0.0281605 -0.0205725
v -0.00271879 -0.0258676 -0.0234196
v 1.73383e-18 -0.0283156 -0.0205725
v 1.59266e-18 -0.0260101 -0.0234196
v 0.00295979 -0.0281605 -0.0205725
v 0.00271879 -0.0258676 -0.0234196
v 0.00588714 -0.0276968 -0.0205725
v 0.0054078 -0.0254417 -0.0234196
v 0.00875 -0.0269297 -0.0205725
v 0.00803755 -0.024737 -0.0234196
v 0.011517 -0.0258676 -0.0205725
v 0.0105792 -0.0237614 -0.0234196
v 0.0141578 -0.024522 -0.0205725
v 0.013005 -0.0225254 -0.0234196
v 0.0166435 -0.0229078 -0.0205725
v 0.0152883 -0.0210426 -0.0234196
v 0.0189468 -0.0210426 -0.0205725
v 0.0174041 -0.0193292 -0.0234196
v 0.0210426 -0.0189468 -0.0205725
v 0.0193292 -0.0174041 -0.0234196
v 0.0229078 -0.0166435 -0.0205725
v 0.0210426 -0.0152883 -0.0234196
v -0.02625 -0.0151554 0.0175
v -0.024522 -0.0141578 0.0205725
v -0.0276904 -0.0123285 0.0175
v -0.0258676 -0.011517 0.0205725
v -0.0288274 -0.00936658 0.0175
v -0.0269297 -0.00875 0.0205725
v -0.0296485 -0.00630199 0.0175
v -0.0276968 -0.00588714 0.0205725
v -0.0301448 -0.00316835 0.0175
v -0.0281605 -0.00295979 0.0205725
v -0.0303109 3.71201e-18 0.0175
v -0.0229078 -0.0166435 0.0205725
v -0.024522 -0.0178163 0.0175
v -0.0210426 -0.0189468 0.0205725
v -0.0225254 -0.0202819 0.0175
v -0.0189468 -0.0210426 0.0205725
v -0.0202819 -0.0225254 0.0175
v -0.0166435 -0.0229078 0.0205725
v -0.0178163 -0.024522 0.0175
v -0.0141578 -0.024522 0.0205725
v -0.0151554 -0.02625 0.0175
v -0.011517 -0.0258676 0.0205725
v -0.00936658 -0.0054078 0.033287
v -0.00630199 -0.00363845 0.0342352
v -0.00988054 -0.0043991 0.033287
v -0.00664779 -0.00295979 0.0342352
v -0.0102862 -0.0033422 0.033287
v -0.00692075 -0.00224869 0.0342352
v -0.0105792 -0.00224869 0.033287
v -0.00711789 -0.00151295 0.0342352
v -0.0107563 -0.00113054 0.033287
v -0.00723705 -0.000760644 0.0342352
v -0.00316835 -0.00182925 0.0348083
v -0.0033422 -0.00148804 0.0348083
v -0.00347944 -0.00113054 0.0348083
v -0.00357855 -0.000760644 0.0348083
v -0.00363845 -0.000382417 0.0348083
v -0.00588714 -0.00427726 0.0342352
v -0.00295979 -0.00215041 0.0348083
v -0.013005 -0.00579021 0.0319741
v -0.013539 -0.0043991 0.0319741
v -0.0166435 -0.0054078 0.0303109
v -0.0171176 -0.00363845 0.0303109
v -0.0201229 -0.00427726 0.0283156
v -0.0204598 -0.00215041 0.0283156
v -0.0232913 -0.00244801 0.0260101
v -0.00317814 0.00181218 -0.0348083
v -0.0033422 0.00148804 -0.0348083
v -0.00634077 0.00357045 -0.0342352
v -0.0301448 0.0174041 -0.0036585
v -0.0307721 0.0150041 -0.00727691
v -0.0313688 0.0150868 -0.0036585
v -0.0303109 0.0175 0
v -0.00630199 0.00363845 -0.0342352
v -0.00936658 0.0054078 -0.033287
v -0.0225254 0.013005 0.0234196
v -0.024522 0.0141578 0.0205725
v -0.0237614 0.0105792 0.0234196
v -0.0258676 0.011517 0.0205725
v -0.024737 0.00803755 0.0234196
v -0.0269297 0.00875 0.0205725
v -0.0254417 0.0054078 0.0234196
v -0.0276968 0.00588714 0.0205725
v -0.0258676 0.00271879 0.0234196
v -0.0281605 0.00295979 0.0205725
v -0.0260101 3.18531e-18 0.0234196
v -0.02625 0.0151554 0.0175
v -0.0276904 0.0123285 0.0175
v -0.0288274 0.00936658 0.0175
v -0.0296485 0.00630199 0.0175
v -0.0229078 0.0166435 0.0205725
v -0.0210426 0.0152883 0.0234196
v -0.0210426 0.0189468 0.0205725
v -0.0193292 0.0174041 0.0234196
v -0.0189468 0.0210426 0.0205725
v -0.0174041 0.0193292 0.0234196
v -0.0166435 0.0229078 0.0205725
v -0.0152883 0.0210426 0.0234196
v -0.0141578 0.024522 0.0205725
v -0.013005 0.0225254 0.0234196
v -0.0276904 0.015987 0.0142358
v -0.0292098 0.013005 0.0142358
v -0.0304092 0.00988054 0.0142358
v -0.0312754 0.00664779 0.0142358
v -0.024522 0.0141578 0.0205725
v -0.024522 0.0178163 0.0175
v -0.0225254 0.0202819 0.0175
v -0.0202819 0.0225254 0.0175
v -0.0178163 0.024522 0.0175
v -0.0151554 0.02625 0.0175
v -0.0288274 0.0166435 0.0108156
v -0.0304092 0.013539 0.0108156
v -0.0258676 0.0187939 0.0142358
v -0.0237614 0.0213948 0.0142358
v -0.0213948 0.0237614 0.0142358
v -0.0187939 0.0258676 0.0142358
v -0.015987 0.0276904 0.0142358
v -0.0296485 0.0171176 0.00727691
v -0.0276968 0.0201229 0.00727691
v -0.0281605 0.0204598 0.0036585
v -0.0258676 0.0232913 0.0036585
v -0.0260101 0.0234196 0
v -0.0234196 0.0260101 0
v -0.0232913 0.0258676 -0.0036585
v -0.0204598 0.0281605 -0.0036585
v -0.0269297 0.0195656 0.0108156
v -0.024737 0.0222733 0.0108156
v -0.0222733 0.024737 0.0108156
v -0.0195656 0.0269297 0.0108156
v -0.0301448 0.0174041 0.0036585
v -0.0283156 0.0205725 0
v -0.0303109 0.0175 0
v -0.0281605 0.0204598 -0.0036585
v -0.0301448 0.0174041 -0.0036585
v -0.00588714 0.00427726 -0.0342352
v -0.00630199 0.00363845 -0.0342352
v -0.00936658 0.0054078 -0.033287
v -0.00875 0.00635725 -0.033287
v -0.0204598 -0.00215041 0.0283156
v -0.0171176 -0.00363845 0.0303109
v -0.0174041 -0.00182925 0.0303109
v -0.0139247 -0.00295979 0.0319741
v -0.0141578 -0.00148804 0.0319741
v -0.0105792 -0.00224869 0.033287
v -0.0107563 -0.00113054 0.033287
v -0.0102862 -0.0033422 0.033287
v -0.013539 -0.0043991 0.0319741
v 0.00836758 0.011517 0.0319741
v 0.0102862 0.0141578 0.0303109
v 0.00711789 0.0123285 0.0319741
v 0.00875 0.0151554 0.0303109
v 0.00579021 0.013005 0.0319741
v 0.00711789 0.015987 0.0303109
v 0.0043991 0.013539 0.0319741
v 0.0054078 0.0166435 0.0303109
v 0.00295979 0.0139247 0.0319741
v 0.00363845 0.0171176 0.0303109
v 0.00148804 0.0141578 0.0319741
v 0.00182925 0.0174041 0.0303109
v 8.7169e-19 0.0142358 0.0319741
v 1.07157e-18 0.0175 0.0303109
v -0.00148804 0.0141578 0.0319741
v -0.00182925 0.0174041 0.0303109
v -0.00295979 0.0139247 0.0319741
v -0.00363845 0.0171176 0.0303109
v -0.0043991 0.013539 0.0319741
v -0.0054078 0.0166435 0.0303109
v -0.00579021 0.013005 0.0319741
v -0.00711789 0.015987 0.0303109
v 0.0120922 0.0166435 0.0283156
v 0.0102862 0.0178163 0.0283156
v 0.00836758 0.0187939 0.0283156
v 0.00635725 0.0195656 0.0283156
v 0.00427726 0.0201229 0.0283156
v 0.00215041 0.0204598 0.0283156
v 1.2597e-18 0.0205725 0.0283156
v -0.00215041 0.0204598 0.0283156
v -0.00427726 0.0201229 0.0283156
v -0.00635725 0.0195656 0.0283156
v -0.00836758 0.0187939 0.0283156
v 0.00836758 0.011517 0.0319741
v 0.0117098 0.013005 0.0303109
v 0.0102862 0.0141578 0.0303109
v 0.0137657 0.0152883 0.0283156
v 0.0156708 0.0174041 0.0260101
v 0.0137657 0.0189468 0.0260101
v 0.0174041 0.0193292 0.0234196
v 0.0152883 0.0210426 0.0234196
v 0.0117098 0.0202819 0.0260101
v 0.0095256 0.0213948 0.0260101
v 0.00723705 0.0222733 0.0260101
v 0.0048692 0.0229078 0.0260101
v 0.00244801 0.0232913 0.0260101
v 1.43404e-18 0.0234196 0.0260101
v -0.00244801 0.0232913 0.0260101
v -0.0048692 0.0229078 0.0260101
v -0.00723705 0.0222733 0.0260101
v -0.0095256 0.0213948 0.0260101
v 0.013005 0.0225254 0.0234196
v 0.0105792 0.0237614 0.0234196
v 0.00803755 0.024737 0.0234196
v 0.0054078 0.0254417 0.0234196
v 0.00271879 0.0258676 0.0234196
v 1.59266e-18 0.0260101 0.0234196
v -0.00271879 0.0258676 0.0234196
v -0.0054078 0.0254417 0.0234196
v -0.00803755 0.024737 0.0234196
v -0.0105792 0.0237614 0.0234196
v 0.0234196 0.0260101 0
v 0.0205725 0.0283156 0
v 0.0204598 0.0281605 0.0036585
v 0.0232913 0.0258676 0.0036585
v 0.0201229 0.0276968 0.00727691
v 0.0196381 0.0280427 -0.00727691
v 0.0201229 0.0276968 -0.00727691
v 0.0191306 0.0272404 -0.0108156
v 0.00836758 0.011517 0.0319741
v 0.00711789 0.0123285 0.0319741
v 0.0054078 0.00936658 0.033287
v 0.0043991 0.00988054 0.033287
v 0.00295979 0.00664779 0.0342352
v 0.00224869 0.00692075 0.0342352
v 0.00113054 0.00347944 0.0348083
v 0.000760644 0.00357855 0.0348083
v 0.00579021 0.013005 0.0319741
v 0.0033422 0.0102862 0.033287
v 0.0043991 0.013539 0.0319741
v 0.00224869 0.0105792 0.033287
v 0.00295979 0.0139247 0.0319741
v 0.00113054 0.0107563 0.033287
v 0.00148804 0.0141578 0.0319741
v 6.62264e-19 0.0108156 0.033287
v 8.7169e-19 0.0142358 0.0319741
v -0.00113054 0.0107563 0.033287
v -0.00148804 0.0141578 0.0319741
v -0.00224869 0.0105792 0.033287
v -0.00295979 0.0139247 0.0319741
v -0.0033422 0.0102862 0.033287
v -0.0043991 0.013539 0.0319741
v -0.0043991 0.00988054 0.033287
v -0.00579021 0.013005 0.0319741
v 0.00151295 0.00711789 0.0342352
v 0.000382417 0.00363845 0.0348083
v 0.000760644 0.00723705 0.0342352
v 4.45582e-19 0.00727691 0.0342352
v -0.000760644 0.00723705 0.0342352
v -0.00151295 0.00711789 0.0342352
v -0.00224869 0.00692075 0.0342352
v -0.00295979 0.00664779 0.0342352
v 2.24018e-19 0.0036585 0.0348083
v -0.000382417 0.00363845 0.0348083
v -0.000760644 0.00357855 0.0348083
v -0.00113054 0.00347944 0.0348083
v -0.00148804 0.0033422 0.0348083
v -0.00427726 0.00588714 -0.0342352
v -0.00635725 0.00875 -0.033287
v -0.00363845 0.00630199 -0.0342352
v -0.0054078 0.00936658 -0.033287
v -0.00295979 0.00664779 -0.0342352
v -0.0043991 0.00988054 -0.033287
v -0.00224869 0.00692075 -0.0342352
v -0.0033422 0.0102862 -0.033287
v -0.00151295 0.00711789 -0.0342352
v -0.00224869 0.0105792 -0.033287
v -0.000760644 0.00723705 -0.0342352
v -0.00113054 0.0107563 -0.033287
v 4.45582e-19 0.00727691 -0.0342352
v 6.62264e-19 0.0108156 -0.033287
v 0.000760644 0.00723705 -0.0342352
v 0.00113054 0.0107563 -0.033287
v 0.00151295 0.00711789 -0.0342352
v 0.00224869 0.0105792 -0.033287
v 0.00224869 0.00692075 -0.0342352
v 0.0033422 0.0102862 -0.033287
v -0.00723705 0.00803755 -0.033287
v -0.0048692 0.0054078 -0.0342352
v -0.00803755 0.00723705 -0.033287
v -0.0054078 0.0048692 -0.0342352
v -0.00875 0.00635725 -0.033287
v -0.00588714 0.00427726 -0.0342352
v -0.0204598 0.0281605 -0.0036585
v -0.0234196 0.0260101 0
v -0.0205725 0.0283156 0
v -0.0232913 0.0258676 0.0036585
v -0.0204598 0.0281605 0.0036585
v -0.0229078 0.0254417 0.00727691
v -0.0201229 0.0276968 0.00727691
v -0.0222733 0.024737 0.0108156
v -0.0195656 0.0269297 0.0108156
v 0.0166435 -0.0229078 -0.0205725
v 0.0178163 -0.024522 -0.0175
v 0.0141578 -0.024522 -0.0205725
v 0.0151554 -0.02625 -0.0175
v 0.011517 -0.0258676 -0.0205725
v 0.015987 -0.0276904 -0.0142358
v 0.0187939 -0.0258676 -0.0142358
v 0.0213948 -0.0237614 -0.0142358
v 0.0202819 -0.0225254 -0.0175
v 0.0237614 -0.0213948 -0.0142358
v 0.0225254 -0.0202819 -0.0175
v 0.0258676 -0.0187939 -0.0142358
v 0.024522 -0.0178163 -0.0175
v 0.0189468 -0.0210426 -0.0205725
v 0.0210426 -0.0189468 -0.0205725
v 0.0229078 -0.0166435 -0.0205725
v 0.0195656 -0.0269297 -0.0108156
v 0.0222733 -0.024737 -0.0108156
v 0.0229078 -0.0254417 -0.00727691
v 0.0254417 -0.0229078 -0.00727691
v 0.0258676 -0.0232913 -0.0036585
v 0.0281605 -0.0204598 -0.0036585
v 0.0283156 -0.0205725 0
v 0.0232913 -0.0258676 -0.0036585
v 0.0201229 -0.0276968 -0.00727691
v 0.0204598 -0.0281605 -0.0036585
v 0.0234196 -0.0260101 0
v 0.0205725 -0.0283156 0
v 0.0232913 -0.0258676 0.0036585
v 0.0204598 -0.0281605 0.0036585
v 0.0229078 -0.0254417 0.00727691
v 0.0201229 -0.0276968 0.00727691
v 0.0222733 -0.024737 0.0108156
v 0.0195656 -0.0269297 0.0108156
v -0.0201229 -0.0276968 -0.00727691
v -0.0191306 -0.0272404 -0.0108156
v -0.0196381 -0.0280427 -0.00727691
v -0.0195656 -0.0269297 0.0108156
v -0.0229078 -0.0254417 0.00727691
v -0.0201229 -0.0276968 0.00727691
v -0.0232913 -0.0258676 0.0036585
v -0.0204598 -0.0281605 0.0036585
v -0.0234196 -0.0260101 0
v -0.0205725 -0.0283156 0
v -0.0258676 -0.0232913 0.0036585
v -0.0283156 -0.0205725 0
v -0.0260101 -0.0234196 0
v -0.00271879 -0.00244801 0.0348083
v -0.00295979 -0.00215041 0.0348083
v -0.00588714 -0.00427726 0.0342352
v 0.0222733 -0.024737 -0.0108156
v 0.0213948 -0.0237614 -0.0142358
v 0.024737 -0.0222733 -0.0108156
v 0.0237614 -0.0213948 -0.0142358
v 0.0269297 -0.0195656 -0.0108156
v 0.0258676 -0.0187939 -0.0142358
v 0.0260101 -0.0234196 0
v 0.0232913 -0.0258676 -0.0036585
v 0.0258676 -0.0232913 -0.0036585
v 0.0229078 -0.0254417 -0.00727691
v 0.0234196 -0.0260101 0
v 0.0258676 -0.0232913 0.0036585
v 0.0232913 -0.0258676 0.0036585
v 0.0254417 -0.0229078 0.00727691
v 0.0229078 -0.0254417 0.00727691
v 0.024737 -0.0222733 0.0108156
v 0.0222733 -0.024737 0.0108156
v 0.0254417 -0.0229078 -0.00727691
v 0.0276968 -0.0201229 -0.00727691
v 0.0281605 -0.0204598 -0.0036585
v 0.0281605 -0.0204598 0.0036585
v 0.0283156 -0.0205725 0
v 0.0269297 -0.0195656 0.0108156
v 0.0276968 -0.0201229 0.00727691
v 0.0288274 -0.0166435 0.0108156
v 0.0225254 0.013005 0.0234196
v 0.0210426 0.0152883 0.0234196
v 0.0189468 0.0137657 0.0260101
v 0.0174041 0.0156708 0.0260101
v 0.0152883 0.0137657 0.0283156
v 0.0137657 0.0152883 0.0283156
v 0.0117098 0.013005 0.0303109
v 0.0193292 0.0174041 0.0234196
v 0.0232913 0.0258676 0.0036585
v 0.0260101 0.0234196 0
v 0.0234196 0.0260101 0
v 0.0174041 0.0193292 0.0234196
v 0.0156708 0.0174041 0.0260101
v -0.0260101 0.0234196 0
v -0.0232913 0.0258676 -0.0036585
v -0.0258676 0.0232913 -0.0036585
v -0.0234196 0.0260101 0
v -0.0258676 0.0232913 0.0036585
v -0.0232913 0.0258676 0.0036585
v -0.0254417 0.0229078 0.00727691
v -0.0229078 0.0254417 0.00727691
v -0.024737 0.0222733 0.0108156
v -0.0222733 0.024737 0.0108156
v -0.0281605 0.0204598 -0.0036585
v -0.0283156 0.0205725 0
v -0.0281605 0.0204598 0.0036585
v -0.0269297 0.0195656 0.0108156
v -0.0276968 0.0201229 0.00727691
v -0.0288274 0.0166435 0.0108156
vn 0 -0.996917 0.0784591
vn -3.44093e-17 -0.996917 -0.0784591
vn 2.93942e-16 -0.97237 -0.233445
vn 2.24138e-16 -0.92388 -0.382683
vn 1.36729e-16 -0.85264 -0.522499
vn -1.11508e-16 -0.760406 -0.649448
vn 1.34485e-16 -0.649448 -0.760406
vn 3.98325e-17 -0.522499 -0.85264
vn -3.03382e-16 -0.382683 -0.92388
vn -3.30198e-16 -0.233445 -0.97237
vn -3.80382e-16 -0.0784591 -0.996917
vn -3.44093e-17 0.0784591 -0.996917
vn -1.08767e-16 0.233445 -0.97237
vn 2.24138e-16 0.382683 -0.92388
vn 1.36729e-16 0.522499 -0.85264
vn 4.59535e-17 0.649448 -0.760406
vn -1.80439e-16 0.760406 -0.649448
vn 3.98325e-17 0.85264 -0.522499
vn -2.6376e-16 0.92388 -0.382683
vn 9.66819e-17 0.97237 -0.233445
vn -3.80382e-16 0.996917 -0.0784591
vn 0 0.996917 0.0784591
vn 0 0.97237 0.233445
vn 0 0.92388 0.382683
vn 0 0.85264 0.522499
vn 0 0.760406 0.649448
vn 0 0.649448 0.760406
vn 0 0.522499 0.85264
vn 0 0.382683 0.92388
vn 0 0.233445 0.97237
vn 0 0.0784591 0.996917
vn 0 -0.0784591 0.996917
vn 0 -0.233445 0.97237
vn 0 -0.382683 0.92388
vn 0 -0.522499 0.85264
vn 0 -0.649448 0.760406
vn 0 -0.760406 0.649448
vn 0 -0.85264 0.522499
vn 0 -0.92388 0.382683
vn 0 -0.97237 0.233445
vn 3.80382e-16 0.996917 -0.0784591
vn 0 0.996917 0.0784591
vn 0 0.97237 0.233445
vn 0 0.92388 0.382683
vn 0 0.85264 0.522499
vn 0 0.760406 0.649448
vn 0 0.649448 0.760406
vn 0 0.522499 0.85264
vn 0 0.382683 0.92388
vn 0 0.233445 0.97237
vn 0 0.0784591 0.996917
vn 0 -0.0784591 0.996917
vn 0 -0.233445 0.97237
vn 0 -0.382683 0.92388
vn 0 -0.522499 0.85264
vn 0 -0.649448 0.760406
vn 0 -0.760406 0.649448
vn 0 -0.85264 0.522499
vn 0 -0.92388 0.382683
vn 0 -0.97237 0.233445
vn 0 -0.996917 0.0784591
vn -0 -0.996917 -0.0784591
vn -2.93942e-16 -0.97237 -0.233445
vn -2.24138e-16 -0.92388 -0.382683
vn -1.36729e-16 -0.85264 -0.522499
vn 1.11508e-16 -0.760406 -0.649448
vn -1.34485e-16 -0.649448 -0.760406
vn -3.98325e-17 -0.522499 -0.85264
vn 3.03382e-16 -0.382683 -0.92388
vn 3.30198e-16 -0.233445 -0.97237
vn 3.80382e-16 -0.0784591 -0.996917
vn 3.44093e-17 0.0784591 -0.996917
vn 1.08767e-16 0.233445 -0.97237
vn -2.24138e-16 0.382683 -0.92388
vn -1.36729e-16 0.522499 -0.85264
vn -4.59535e-17 0.649448 -0.760406
vn 1.80439e-16 0.760406 -0.649448
vn -3.98325e-17 0.85264 -0.522499
vn 2.6376e-16 0.92388 -0.382683
vn -9.66819e-17 0.97237 -0.233445
vn -6.05894e-17 -0.0499905 -0.99875
vn -1.04886e-18 0.0499905 -0.99875
vn -1.47036e-16 0.148915 -0.98885
vn -5.10828e-17 -0.148915 -0.98885
vn -7.6687e-17 -0.246509 -0.969141
vn 9.53476e-17 -0.340663 -0.940186
vn -9.99893e-17 -0.431757 -0.90199
vn -1.17535e-16 -0.516858 -0.856071
vn 1.30158e-16 -0.594838 -0.803845
vn -0 -0.667023 -0.745037
vn -0 -0.734739 -0.678349
vn -2.06565e-17 -0.795353 -0.606147
vn -1.68402e-16 -0.849331 -0.527861
vn -3.21774e-17 -0.897318 -0.441384
vn 1.40353e-16 -0.93772 -0.347392
vn -8.05906e-17 -0.96806 -0.250717
vn 0 -0.988587 -0.150651
vn -8.12286e-17 -0.998726 -0.0504525
vn -9.20229e-17 -0.998726 0.0504525
vn 1.02352e-17 -0.988587 0.150651
vn -2.78963e-17 -0.96806 0.250717
vn -3.8653e-17 -0.93772 0.347392
vn 0 -0.897318 0.441384
vn 1.22872e-17 -0.849331 0.527861
vn -2.90616e-17 -0.795353 0.606147
vn 7.55962e-17 -0.734739 0.678349
vn 6.84503e-17 -0.667023 0.745037
vn 5.22499e-17 -0.594838 0.803845
vn -8.95436e-17 -0.516858 0.856071
vn -7.48002e-17 -0.431757 0.90199
vn -1.38693e-16 -0.340663 0.940186
vn -3.6229e-17 -0.246509 0.969141
vn -7.41225e-17 -0.148915 0.98885
vn -6.50911e-17 -0.0499905 0.99875
vn -6.58777e-17 0.0499905 0.99875
vn 4.97211e-17 0.148915 0.98885
vn 8.71688e-18 0.246509 0.969141
vn 3.68705e-17 0.340663 0.940186
vn 0 0.431757 0.90199
vn -5.03654e-17 0.516858 0.856071
vn 0 0.594838 0.803845
vn -4.0029e-18 0.667023 0.745037
vn 2.89339e-18 0.734739 0.678349
vn -3.94042e-17 0.795353 0.606147
vn 6.60292e-17 0.849331 0.527861
vn 1.0342e-16 0.897318 0.441384
vn 8.20056e-17 0.93772 0.347392
vn 4.15358e-17 0.96806 0.250717
vn -5.16293e-17 0.988587 0.150651
vn -1.68117e-16 0.998726 0.0504525
vn -1.78386e-16 0.998726 -0.0504525
vn -1.31042e-17 0.988587 -0.150651
vn -1.69859e-16 0.96806 -0.250717
vn -1.99428e-16 0.93772 -0.347392
vn -8.082e-17 0.897318 -0.441384
vn 2.18956e-17 0.849331 -0.527861
vn -3.81331e-17 0.795353 -0.606147
vn -2.79374e-18 0.734739 -0.678349
vn -1.20087e-17 0.667023 -0.745037
vn 5.22499e-17 0.594838 -0.803845
vn 2.51827e-17 0.516858 -0.856071
vn 1.02448e-17 0.431757 -0.90199
vn -1.64467e-16 0.340663 -0.940186
vn -5.15612e-17 0.246509 -0.969141
vn -1.88732e-16 0.148915 -0.98885
vn -1 0 0
vn 1 0 0
vn -0.65793 -0.000375751 0.753079
vn -0.631088 -0.00107241 0.775711
vn -0.619964 0 0.78463
vn -0.519584 0 0.854419
vn -0.398401 6.26674e-17 0.917211
vn -0.269797 0 0.962917
vn -0.136167 -2.05596e-17 0.990686
vn 0 0 1
vn 0.136167 1.02798e-17 0.990686
vn 0.269797 -2.03681e-17 0.962917
vn 0.398401 0 0.917211
vn 0.519584 1.11579e-17 0.854419
vn 0.619964 0 0.78463
vn 0.631088 -0.00107241 0.775711
vn 0.65793 -0.000375751 0.753079
vn 0.672278 -5.3072e-05 0.740299
vn 0.687697 5.01552e-05 0.725998
vn 0.709246 -0.000453276 0.704961
vn 0.730835 -0.00196457 0.682552
vn 0.73668 -0.00135774 0.67624
vn 0.768223 0.000335827 0.640182
vn 0.797634 -0.000144452 0.603142
vn 0.816968 -0.00229959 0.576679
vn 0.828509 -0.000752086 0.559975
vn 0.861413 0.000430284 0.507905
vn 0.887883 -0.00222234 0.460064
vn 0.890462 -0.00160402 0.455054
vn 0.918577 0.000852052 0.395242
vn 0.942258 -0.00229246 0.334879
vn 0.94336 -0.00187485 0.331767
vn 0.965598 0.000868499 0.26004
vn 0.97908 -0.00289031 0.203455
vn 0.982129 -0.0009486 0.188206
vn 0.99362 0.000645524 0.112781
vn 0.997663 -0.00332203 0.068242
vn 0.999283 8.96002e-18 0.0378622
vn 0.999283 -8.9981e-18 -0.0378622
vn 0.997663 -0.00332203 -0.068242
vn 0.99362 0.000645524 -0.112781
vn 0.982129 -0.0009486 -0.188206
vn 0.97908 -0.00289031 -0.203455
vn 0.965598 0.000868499 -0.26004
vn 0.94336 -0.00187485 -0.331767
vn 0.942258 -0.00229246 -0.334879
vn 0.918577 0.000852052 -0.395242
vn 0.890462 -0.00160402 -0.455054
vn 0.887883 -0.00222234 -0.460064
vn 0.861413 0.000430284 -0.507905
vn 0.828509 -0.000752086 -0.559975
vn 0.816968 -0.00229959 -0.576679
vn 0.797634 -0.000144452 -0.603142
vn 0.768223 0.000335827 -0.640182
vn 0.73668 -0.00135774 -0.67624
vn 0.730835 -0.00196457 -0.682552
vn 0.709246 -0.000453276 -0.704961
vn 0.687697 5.01552e-05 -0.725998
vn 0.672278 -5.3072e-05 -0.740299
vn 0.65793 -0.000375751 -0.753079
vn 0.631088 -0.00107241 -0.775711
vn 0.619964 0 -0.78463
vn 0.519584 0 -0.854419
vn 0.398401 7.27215e-18 -0.917211
vn 0.269797 0 -0.962917
vn 0.136167 1.02798e-17 -0.990686
vn 0 0 -1
vn -0.136167 -1.02798e-17 -0.990686
vn -0.269797 4.07362e-17 -0.962917
vn -0.398401 0 -0.917211
vn -0.519584 -4.0445e-17 -0.854419
vn -0.619964 0 -0.78463
vn -0.631088 -0.00107241 -0.775711
vn -0.65793 -0.000375751 -0.753079
vn -0.672278 -5.3072e-05 -0.740299
vn -0.687697 5.01552e-05 -0.725998
vn -0.709246 -0.000453276 -0.704961
vn -0.730835 -0.00196457 -0.682552
vn -0.73668 -0.00135774 -0.67624
vn -0.768223 0.000335827 -0.640182
vn -0.797634 -0.000144452 -0.603142
vn -0.816968 -0.00229959 -0.576679
vn -0.828509 -0.000752086 -0.559975
vn -0.861413 0.000430284 -0.507905
vn -0.887883 -0.00222234 -0.460064
vn -0.890462 -0.00160402 -0.455054
vn -0.918577 0.000852052 -0.395242
vn -0.942258 -0.00229246 -0.334879
vn -0.94336 -0.00187485 -0.331767
vn -0.965598 0.000868499 -0.26004
vn -0.97908 -0.00289031 -0.203455
vn -0.982129 -0.0009486 -0.188206
vn -0.99362 0.000645524 -0.112781
vn -0.997663 -0.00332203 -0.068242
vn -0.999283 8.96002e-18 -0.0378622
vn -0.999283 -8.99134e-18 0.0378622
vn -0.997663 -0.00332203 0.068242
vn -0.99362 0.000645524 0.112781
vn -0.982129 -0.0009486 0.188206
vn -0.97908 -0.00289031 0.203455
vn -0.965598 0.000868499 0.26004
vn -0.94336 -0.00187485 0.331767
vn -0.942258 -0.00229246 0.334879
vn -0.918577 0.000852052 0.395242
vn -0.890462 -0.00160402 0.455054
vn -0.887883 -0.00222234 0.460064
vn -0.861413 0.000430284 0.507905
vn -0.828509 -0.000752086 0.559975
vn -0.816968 -0.00229959 0.576679
vn -0.797634 -0.000144452 0.603142
vn -0.768223 0.000335827 0.640182
vn -0.73668 -0.00135774 0.67624
vn -0.730835 -0.00196457 0.682552
vn -0.709246 -0.000453276 0.704961
vn -0.687697 5.01552e-05 0.725998
vn -0.672278 -5.3072e-05 0.740299
vn -0.631088 0.00107241 -0.775711
vn -0.65793 0.000375751 -0.753079
vn -0.672278 5.3072e-05 -0.740299
vn -0.687697 -5.01552e-05 -0.725998
vn -0.709246 0.000453276 -0.704961
vn -0.730835 0.00196457 -0.682552
vn -0.73668 0.00135774 -0.67624
vn -0.768223 -0.000335827 -0.640182
vn -0.797634 0.000144452 -0.603142
vn -0.816968 0.00229959 -0.576679
vn -0.828509 0.000752086 -0.559975
vn -0.861413 -0.000430284 -0.507905
vn -0.887883 0.00222234 -0.460064
vn -0.890462 0.00160402 -0.455054
vn -0.918577 -0.000852052 -0.395242
vn -0.942258 0.00229246 -0.334879
vn -0.94336 0.00187485 -0.331767
vn -0.965598 -0.000868499 -0.26004
vn -0.97908 0.00289031 -0.203455
vn -0.982129 0.0009486 -0.188206
vn -0.99362 -0.000645524 -0.112781
vn -0.997663 0.00332203 -0.068242
vn -0.999283 2.59665e-17 -0.0378622
vn -0.999283 -2.59665e-17 0.0378622
vn -0.997663 0.00332203 0.068242
vn -0.99362 -0.000645524 0.112781
vn -0.982129 0.0009486 0.188206
vn -0.97908 0.00289031 0.203455
vn -0.965598 -0.000868499 0.26004
vn -0.94336 0.00187485 0.331767
vn -0.942258 0.00229246 0.334879
vn -0.918577 -0.000852052 0.395242
vn -0.890462 0.00160402 0.455054
vn -0.887883 0.00222234 0.460064
vn -0.861413 -0.000430284 0.507905
vn -0.828509 0.000752086 0.559975
vn -0.816968 0.00229959 0.576679
vn -0.797634 0.000144452 0.603142
vn -0.768223 -0.000335827 0.640182
vn -0.73668 0.00135774 0.67624
vn -0.730835 0.00196457 0.682552
vn -0.709246 0.000453276 0.704961
vn -0.687697 -5.01552e-05 0.725998
vn -0.672278 5.3072e-05 0.740299
vn -0.65793 0.000375751 0.753079
vn -0.631088 0.00107241 0.775711
vn 0.631088 0.00107241 0.775711
vn 0.65793 0.000375751 0.753079
vn 0.672278 5.3072e-05 0.740299
vn 0.687697 -5.01552e-05 0.725998
vn 0.709246 0.000453276 0.704961
vn 0.730835 0.00196457 0.682552
vn 0.73668 0.00135774 0.67624
vn 0.768223 -0.000335827 0.640182
vn 0.797634 0.000144452 0.603142
vn 0.816968 0.00229959 0.576679
vn 0.828509 0.000752086 0.559975
vn 0.861413 -0.000430284 0.507905
vn 0.887883 0.00222234 0.460064
vn 0.890462 0.00160402 0.455054
vn 0.918577 -0.000852052 0.395242
vn 0.942258 0.00229246 0.334879
vn 0.94336 0.00187485 0.331767
vn 0.965598 -0.000868499 0.26004
vn 0.97908 0.00289031 0.203455
vn 0.982129 0.0009486 0.188206
vn 0.99362 -0.000645524 0.112781
vn 0.997663 0.00332203 0.068242
vn 0.999283 -7.40269e-18 0.0378622
vn 0.999283 7.40269e-18 -0.0378622
vn 0.997663 0.00332203 -0.068242
vn 0.99362 -0.000645524 -0.112781
vn 0.982129 0.0009486 -0.188206
vn 0.97908 0.00289031 -0.203455
vn 0.965598 -0.000868499 -0.26004
vn 0.94336 0.00187485 -0.331767
vn 0.942258 0.00229246 -0.334879
vn 0.918577 -0.000852052 -0.395242
vn 0.890462 0.00160402 -0.455054
vn 0.887883 0.00222234 -0.460064
vn 0.861413 -0.000430284 -0.507905
vn 0.828509 0.000752086 -0.559975
vn 0.816968 0.00229959 -0.576679
vn 0.797634 0.000144452 -0.603142
vn 0.768223 -0.000335827 -0.640182
vn 0.73668 0.00135774 -0.67624
vn 0.730835 0.00196457 -0.682552
vn 0.709246 0.000453276 -0.704961
vn 0.687697 -5.01552e-05 -0.725998
vn 0.672278 5.3072e-05 -0.740299
vn 0.65793 0.000375751 -0.753079
vn 0.631088 0.00107241 -0.775711
vn 0.884896 -0.464353 0.0365454
vn 0.884363 -0.464074 -0.0503744
vn 0.827016 -0.560445 -0.044108
vn 0.913517 -0.395561 -0.0949659
vn 0.876619 -0.455547 -0.154974
vn 0.892952 -0.416327 -0.171195
vn 0.875459 -0.408171 -0.258783
vn 0.881944 -0.393939 -0.258819
vn 0.889742 -0.347098 -0.29645
vn 0.871512 -0.335171 -0.35795
vn 0.871565 -0.334563 -0.358388
vn 0.832061 -0.319398 -0.453496
vn 0.783285 -0.300675 -0.544114
vn 0.725922 -0.278655 -0.628799
vn 0.660594 -0.253578 -0.706622
vn 0.588008 -0.225715 -0.776724
vn 0.508955 -0.195369 -0.838329
vn 0.424298 -0.162873 -0.890754
vn 0.334965 -0.128581 -0.933416
vn 0.241938 -0.0928712 -0.965837
vn 0.14624 -0.0561361 -0.987655
vn 0.0489267 -0.0187812 -0.998626
vn 0.878439 -0.474982 0.0523156
vn 0.88597 -0.45093 0.108259
vn 0.873934 -0.46022 0.156319
vn 0.877549 -0.447133 0.173148
vn 0.860725 -0.438561 0.258488
vn 0.881944 -0.393939 0.258819
vn 0.889742 -0.347098 0.29645
vn 0.894669 -0.412724 0.170956
vn 0.900921 -0.370032 0.226756
vn 0.871356 -0.335073 0.35842
vn 0.883427 -0.304311 0.356302
vn 0.888257 -0.240008 0.391657
vn 0.886213 -0.23746 0.397793
vn 0.905739 -0.162195 0.391574
vn 0.876948 -0.158155 0.453817
vn 0.875466 -0.13866 0.46296
vn 0.828682 -0.13125 0.544114
vn 0.837862 -0.0439105 0.544114
vn 0.776502 -0.0406948 0.628799
vn 0.776502 0.0406948 0.628799
vn 0.706622 0.0370325 0.706622
vn 0.69888 0.110692 0.706622
vn 0.622087 0.0985289 0.776724
vn 0.60838 0.163015 0.776724
vn 0.526588 0.141099 0.838329
vn 0.508955 0.195369 0.838329
vn 0.424298 0.162873 0.890754
vn 0.404949 0.206332 0.890754
vn 0.31969 0.16289 0.933416
vn 0.300912 0.195415 0.933416
vn 0.217342 0.141143 0.965837
vn 0.201398 0.163089 0.965837
vn 0.121735 0.0985792 0.987655
vn 0.110764 0.110764 0.987655
vn 0.0370578 0.0370578 0.998626
vn 0.884526 -0.1089 0.453602
vn 0.880998 -0.0461711 0.470862
vn 0.837862 -0.0439105 0.544114
vn 0.837862 0.0439105 0.544114
vn 0.776502 0.0406948 0.628799
vn 0.767995 0.121638 0.628799
vn 0.69888 0.110692 0.706622
vn 0.683481 0.183138 0.706622
vn 0.60838 0.163015 0.776724
vn 0.588008 0.225715 0.776724
vn 0.508955 0.195369 0.838329
vn 0.485745 0.247499 0.838329
vn 0.404949 0.206332 0.890754
vn 0.381163 0.24753 0.890754
vn 0.300912 0.195415 0.933416
vn 0.278837 0.225798 0.933416
vn 0.201398 0.163089 0.965837
vn 0.183247 0.183247 0.965837
vn 0.110764 0.110764 0.987655
vn 0.0985792 0.121735 0.987655
vn 0.0329812 0.0407283 0.998626
vn 0.884896 -0.0365454 0.464353
vn 0.884896 0.0365454 0.464353
vn 0.880998 0.0461711 0.470862
vn 0.884526 0.1089 0.453602
vn 0.875466 0.13866 0.46296
vn 0.876948 0.158155 0.453817
vn 0.860889 0.230675 0.453496
vn 0.832061 0.319398 0.453496
vn 0.794117 0.404623 0.453496
vn 0.747472 0.485414 0.453496
vn 0.692638 0.560887 0.453496
vn 0.630215 0.630215 0.453496
vn 0.560887 0.692638 0.453496
vn 0.485414 0.747472 0.453496
vn 0.421095 0.785323 0.453813
vn 0.42444 0.814075 0.3964
vn 0.509639 0.784775 0.352699
vn 0.506691 0.784329 0.3579
vn 0.587625 0.725656 0.35794
vn 0.607933 0.750734 0.258488
vn 0.683075 0.683075 0.258488
vn 0.698425 0.698425 0.156225
vn 0.767604 0.621593 0.156225
vn 0.776084 0.62846 0.0522644
vn 0.837524 0.543895 0.0522644
vn 0.837524 0.543895 -0.0522644
vn 0.878439 0.474982 -0.0523156
vn 0.88597 0.45093 -0.108259
vn 0.905739 0.162195 0.391574
vn 0.884231 0.244033 0.398226
vn 0.888329 0.238027 0.392702
vn 0.883427 0.304311 0.356302
vn 0.871565 0.334563 0.358388
vn 0.871512 0.335171 0.35795
vn 0.831973 0.423911 0.35794
vn 0.783104 0.508554 0.35794
vn 0.725656 0.587625 0.35794
vn 0.660257 0.660257 0.35794
vn 0.587625 0.725656 0.35794
vn 0.889742 0.347098 0.29645
vn 0.881944 0.393939 0.258819
vn 0.860725 0.438561 0.258488
vn 0.810168 0.526129 0.258488
vn 0.750734 0.607933 0.258488
vn 0.683075 0.683075 0.258488
vn 0.900921 0.370032 0.226756
vn 0.894669 0.412724 0.170956
vn 0.877549 0.447133 0.173148
vn 0.873934 0.46022 0.156319
vn 0.828373 0.537952 0.156225
vn 0.767604 0.621593 0.156225
vn 0.88597 0.45093 0.108259
vn 0.878439 0.474982 0.0523156
vn 0.837524 0.543895 0.0522644
vn 0.884896 0.464353 0.0365454
vn 0.884896 0.464353 -0.0365454
vn 0.894669 0.412724 -0.170956
vn 0.877549 0.447133 -0.173148
vn 0.873934 0.46022 -0.156319
vn 0.828373 0.537952 -0.156225
vn 0.837524 0.543895 -0.0522644
vn 0.776084 0.62846 -0.0522644
vn 0.776084 0.62846 0.0522644
vn 0.70614 0.70614 0.0522644
vn 0.698425 0.698425 0.156225
vn 0.621593 0.767604 0.156225
vn 0.607933 0.750734 0.258488
vn 0.556115 0.789786 0.258793
vn 0.5322 0.800448 0.275764
vn 0.900921 0.370032 -0.226756
vn 0.881944 0.393939 -0.258819
vn 0.860725 0.438561 -0.258488
vn 0.810168 0.526129 -0.258488
vn 0.750734 0.607933 -0.258488
vn 0.683075 0.683075 -0.258488
vn 0.607933 0.750734 -0.258488
vn 0.561466 0.785985 -0.258811
vn 0.542682 0.759691 -0.358283
vn 0.502656 0.786638 -0.358521
vn 0.479864 0.750969 -0.453626
vn 0.421095 0.785323 -0.453813
vn 0.401584 0.788152 -0.466419
vn 0.374221 0.805219 -0.45998
vn 0.307716 0.805765 -0.506018
vn 0.303114 0.782301 -0.544175
vn 0.300173 0.781978 -0.546266
vn 0.278655 0.725922 -0.628799
vn 0.253578 0.660594 -0.706622
vn 0.225715 0.588008 -0.776724
vn 0.195369 0.508955 -0.838329
vn 0.162873 0.424298 -0.890754
vn 0.128581 0.334965 -0.933416
vn 0.0928712 0.241938 -0.965837
vn 0.0561361 0.14624 -0.987655
vn 0.0187812 0.0489267 -0.998626
vn 0.889742 0.347098 -0.29645
vn 0.871356 0.335073 -0.35842
vn 0.871726 0.334624 -0.35794
vn 0.832061 0.319398 -0.453496
vn 0.783285 0.300675 -0.544114
vn 0.725922 0.278655 -0.628799
vn 0.660594 0.253578 -0.706622
vn 0.588008 0.225715 -0.776724
vn 0.508955 0.195369 -0.838329
vn 0.424298 0.162873 -0.890754
vn 0.334965 0.128581 -0.933416
vn 0.241938 0.0928712 -0.965837
vn 0.14624 0.0561361 -0.987655
vn 0.0489267 0.0187812 -0.998626
vn 0.883427 0.304311 -0.356302
vn 0.888329 0.238027 -0.392702
vn 0.860889 0.230675 -0.453496
vn 0.876948 0.158155 -0.453817
vn 0.875466 0.13866 -0.46296
vn 0.884526 0.1089 -0.453602
vn 0.880998 0.0461711 -0.470862
vn 0.884896 0.0365454 -0.464353
vn 0.884896 -0.0365454 -0.464353
vn 0.884231 0.244033 -0.398226
vn 0.905739 0.162195 -0.391574
vn 0.880998 -0.0461711 -0.470862
vn 0.884526 -0.1089 -0.453602
vn 0.875466 -0.13866 -0.46296
vn 0.876948 -0.158155 -0.453817
vn 0.860889 -0.230675 -0.453496
vn 0.905739 -0.162195 -0.391574
vn 0.886213 -0.23746 -0.397793
vn 0.888257 -0.240008 -0.391657
vn 0.883427 -0.304311 -0.356302
vn 0.900921 -0.370032 -0.226756
vn 0.894669 -0.412724 -0.170956
vn -0.884896 -0.464353 0.0365454
vn -0.884896 -0.464353 -0.0365454
vn -0.878439 -0.474982 -0.0523156
vn -0.88597 -0.45093 -0.108259
vn -0.873934 -0.46022 -0.156319
vn -0.877549 -0.447133 -0.173148
vn -0.860725 -0.438561 -0.258488
vn -0.881944 -0.393939 -0.258819
vn -0.889742 -0.347098 -0.29645
vn -0.894669 -0.412724 -0.170956
vn -0.900921 -0.370032 -0.226756
vn -0.871356 -0.335073 -0.35842
vn -0.883427 -0.304311 -0.356302
vn -0.888329 -0.238027 -0.392702
vn -0.884231 -0.244033 -0.398226
vn -0.905739 -0.162195 -0.391574
vn -0.884526 -0.1089 -0.453602
vn -0.875466 -0.13866 -0.46296
vn -0.876948 -0.158155 -0.453817
vn -0.860889 -0.230675 -0.453496
vn -0.880998 -0.0461711 -0.470862
vn -0.884896 -0.0365454 -0.464353
vn -0.884896 0.0365454 -0.464353
vn -0.880998 0.0461711 -0.470862
vn -0.884526 0.1089 -0.453602
vn -0.875466 0.13866 -0.46296
vn -0.876948 0.158155 -0.453817
vn -0.860889 0.230675 -0.453496
vn -0.832061 0.319398 -0.453496
vn -0.805554 0.380868 -0.453897
vn -0.843731 0.398918 -0.359142
vn -0.82361 0.440705 -0.356994
vn -0.851695 0.455733 -0.258693
vn -0.810168 0.526129 -0.258488
vn -0.750734 0.607933 -0.258488
vn -0.683075 0.683075 -0.258488
vn -0.607933 0.750734 -0.258488
vn -0.556115 0.789786 -0.258793
vn -0.545617 0.815291 -0.193912
vn -0.595133 0.78826 -0.156409
vn -0.55244 0.82561 -0.114798
vn -0.611482 0.789527 -0.0523114
vn -0.579181 0.814236 -0.0396171
vn -0.579181 0.814236 0.0396171
vn -0.611482 0.789527 0.0523114
vn -0.55244 0.82561 0.114798
vn -0.595133 0.78826 0.156409
vn -0.545617 0.815291 0.193912
vn -0.556115 0.789786 0.258793
vn -0.5322 0.800448 0.275764
vn -0.507161 0.784847 0.356094
vn -0.50402 0.787012 0.355776
vn -0.42444 0.814075 0.3964
vn -0.421095 0.785323 0.453813
vn -0.401584 0.788152 0.466419
vn -0.380903 0.747565 0.544114
vn -0.353008 0.692818 0.628799
vn -0.32124 0.630469 0.706622
vn -0.285942 0.561193 0.776724
vn -0.247499 0.485745 0.838329
vn -0.206332 0.404949 0.890754
vn -0.16289 0.31969 0.933416
vn -0.117652 0.230905 0.965837
vn -0.0711148 0.139571 0.987655
vn -0.0237925 0.0466955 0.998626
vn -0.905739 0.162195 -0.391574
vn -0.886213 0.23746 -0.397793
vn -0.888257 0.240008 -0.391657
vn -0.883427 0.304311 -0.356302
vn -0.871565 0.334563 -0.358388
vn -0.871512 0.335171 -0.35795
vn -0.845092 0.396784 -0.358305
vn -0.874163 0.410433 -0.259586
vn -0.85327 0.453628 -0.257199
vn -0.872117 0.463648 -0.156341
vn -0.828373 0.537952 -0.156225
vn -0.767604 0.621593 -0.156225
vn -0.698425 0.698425 -0.156225
vn -0.621593 0.767604 -0.156225
vn -0.889742 0.347098 -0.29645
vn -0.881944 0.393939 -0.258819
vn -0.875459 0.408171 -0.258783
vn -0.892952 0.416327 -0.171195
vn -0.876619 0.455547 -0.154974
vn -0.913517 0.395561 -0.0949659
vn -0.827016 0.560445 -0.044108
vn -0.900921 0.370032 -0.226756
vn -0.894669 0.412724 -0.170956
vn -0.884363 0.464074 -0.0503744
vn -0.884896 0.464353 0.0365454
vn -0.878439 0.474982 0.0523156
vn -0.88597 0.45093 0.108259
vn -0.873934 0.46022 0.156319
vn -0.877549 0.447133 0.173148
vn -0.860725 0.438561 0.258488
vn -0.881944 0.393939 0.258819
vn -0.889742 0.347098 0.29645
vn -0.894669 0.412724 0.170956
vn -0.900921 0.370032 0.226756
vn -0.871356 0.335073 0.35842
vn -0.883427 0.304311 0.356302
vn -0.888257 0.240008 0.391657
vn -0.886213 0.23746 0.397793
vn -0.905739 0.162195 0.391574
vn -0.876948 0.158155 0.453817
vn -0.875466 0.13866 0.46296
vn -0.828682 0.13125 0.544114
vn -0.837862 0.0439105 0.544114
vn -0.776502 0.0406948 0.628799
vn -0.776502 -0.0406948 0.628799
vn -0.706622 -0.0370325 0.706622
vn -0.69888 -0.110692 0.706622
vn -0.622087 -0.0985289 0.776724
vn -0.60838 -0.163015 0.776724
vn -0.526588 -0.141099 0.838329
vn -0.508955 -0.195369 0.838329
vn -0.424298 -0.162873 0.890754
vn -0.404949 -0.206332 0.890754
vn -0.31969 -0.16289 0.933416
vn -0.300912 -0.195415 0.933416
vn -0.217342 -0.141143 0.965837
vn -0.201398 -0.163089 0.965837
vn -0.121735 -0.0985792 0.987655
vn -0.110764 -0.110764 0.987655
vn -0.0370578 -0.0370578 0.998626
vn -0.884526 0.1089 0.453602
vn -0.880998 0.0461711 0.470862
vn -0.837862 0.0439105 0.544114
vn -0.837862 -0.0439105 0.544114
vn -0.776502 -0.0406948 0.628799
vn -0.767995 -0.121638 0.628799
vn -0.69888 -0.110692 0.706622
vn -0.683481 -0.183138 0.706622
vn -0.60838 -0.163015 0.776724
vn -0.588008 -0.225715 0.776724
vn -0.508955 -0.195369 0.838329
vn -0.485745 -0.247499 0.838329
vn -0.404949 -0.206332 0.890754
vn -0.381163 -0.24753 0.890754
vn -0.300912 -0.195415 0.933416
vn -0.278837 -0.225798 0.933416
vn -0.201398 -0.163089 0.965837
vn -0.183247 -0.183247 0.965837
vn -0.110764 -0.110764 0.987655
vn -0.0985792 -0.121735 0.987655
vn -0.0329812 -0.0407283 0.998626
vn -0.884896 0.0365454 0.464353
vn -0.884896 -0.0365454 0.464353
vn -0.880998 -0.0461711 0.470862
vn -0.884526 -0.1089 0.453602
vn -0.875466 -0.13866 0.46296
vn -0.876948 -0.158155 0.453817
vn -0.860889 -0.230675 0.453496
vn -0.832061 -0.319398 0.453496
vn -0.794117 -0.404623 0.453496
vn -0.747472 -0.485414 0.453496
vn -0.692638 -0.560887 0.453496
vn -0.630215 -0.630215 0.453496
vn -0.560887 -0.692638 0.453496
vn -0.485414 -0.747472 0.453496
vn -0.421095 -0.785323 0.453813
vn -0.42444 -0.814075 0.3964
vn -0.509639 -0.784775 0.352699
vn -0.506691 -0.784329 0.3579
vn -0.587625 -0.725656 0.35794
vn -0.607933 -0.750734 0.258488
vn -0.683075 -0.683075 0.258488
vn -0.698425 -0.698425 0.156225
vn -0.767604 -0.621593 0.156225
vn -0.776084 -0.62846 0.0522644
vn -0.837524 -0.543895 0.0522644
vn -0.837524 -0.543895 -0.0522644
vn -0.905739 -0.162195 0.391574
vn -0.884231 -0.244033 0.398226
vn -0.888329 -0.238027 0.392702
vn -0.883427 -0.304311 0.356302
vn -0.871565 -0.334563 0.358388
vn -0.871512 -0.335171 0.35795
vn -0.831973 -0.423911 0.35794
vn -0.783104 -0.508554 0.35794
vn -0.725656 -0.587625 0.35794
vn -0.660257 -0.660257 0.35794
vn -0.587625 -0.725656 0.35794
vn -0.889742 -0.347098 0.29645
vn -0.881944 -0.393939 0.258819
vn -0.860725 -0.438561 0.258488
vn -0.810168 -0.526129 0.258488
vn -0.750734 -0.607933 0.258488
vn -0.683075 -0.683075 0.258488
vn -0.900921 -0.370032 0.226756
vn -0.894669 -0.412724 0.170956
vn -0.877549 -0.447133 0.173148
vn -0.873934 -0.46022 0.156319
vn -0.828373 -0.537952 0.156225
vn -0.767604 -0.621593 0.156225
vn -0.88597 -0.45093 0.108259
vn -0.878439 -0.474982 0.0523156
vn -0.837524 -0.543895 0.0522644
vn 0.579181 0.814236 -0.0396171
vn 0.579181 0.814236 0.0396171
vn 0.611482 0.789527 0.0523114
vn 0.55244 0.82561 0.114798
vn 0.595133 0.78826 0.156409
vn 0.545617 0.815291 0.193912
vn 0.506639 0.784488 0.357625
vn 0.401584 0.788152 0.466419
vn 0.374221 0.805219 0.45998
vn 0.307716 0.805765 0.506018
vn 0.238327 0.80134 0.548684
vn 0.300173 0.781978 0.546266
vn 0.303114 0.782301 0.544175
vn 0.380903 0.747565 0.544114
vn 0.212512 0.793104 0.57081
vn 0.156226 0.815291 0.557579
vn 0.126006 0.795572 0.592611
vn 0.0763432 0.828046 0.555438
vn 0.0414227 0.790393 0.611199
vn 0 0.835473 0.549532
vn -0.0414227 0.790393 0.611199
vn -0.0763432 0.828046 0.555438
vn -0.126006 0.795572 0.592611
vn -0.156226 0.815291 0.557579
vn -0.212512 0.793104 0.57081
vn -0.238327 0.80134 0.548684
vn -0.300173 0.781978 0.546266
vn -0.303114 0.782301 0.544175
vn -0.307716 0.805765 0.506018
vn -0.374221 0.805219 0.45998
vn -0.5322 0.800448 -0.275764
vn -0.506639 0.784488 -0.357625
vn -0.506073 0.7862 -0.354655
vn -0.42444 0.814075 -0.3964
vn -0.421095 0.785323 -0.453813
vn -0.401584 0.788152 -0.466419
vn -0.380903 0.747565 -0.544114
vn -0.303114 0.782301 -0.544175
vn -0.300173 0.781978 -0.546266
vn -0.238327 0.80134 -0.548684
vn -0.212512 0.793104 -0.57081
vn -0.156226 0.815291 -0.557579
vn -0.126006 0.795572 -0.592611
vn -0.0763432 0.828046 -0.555438
vn -0.0414227 0.790393 -0.611199
vn 0 0.835473 -0.549532
vn 0.0414227 0.790393 -0.611199
vn 0.0763432 0.828046 -0.555438
vn 0.126006 0.795572 -0.592611
vn 0.156226 0.815291 -0.557579
vn 0.212512 0.793104 -0.57081
vn 0.238327 0.80134 -0.548684
vn -0.374221 0.805219 -0.45998
vn -0.307716 0.805765 -0.506018
vn 0.42444 0.814075 -0.3964
vn 0.50402 0.787012 -0.355776
vn 0.49966 0.789989 -0.355326
vn 0.527284 0.804565 -0.273216
vn 0.554135 0.791166 -0.258826
vn 0.534391 0.823623 -0.189923
vn 0.571825 0.801621 -0.17441
vn 0.595133 0.78826 -0.156409
vn 0.621593 0.767604 -0.156225
vn 0.698425 0.698425 -0.156225
vn 0.767604 0.621593 -0.156225
vn 0.828373 0.537952 -0.156225
vn 0.574767 0.806887 -0.136297
vn 0.508434 0.854595 -0.105654
vn 0.5779 0.811285 -0.0885956
vn 0.611482 0.789527 -0.0523114
vn 0.62846 0.776084 -0.0522644
vn 0.70614 0.70614 -0.0522644
vn 0.776084 0.62846 -0.0522644
vn 0.579181 -0.814236 0.0396171
vn 0.579181 -0.814236 -0.0396171
vn 0.611482 -0.789527 -0.0523114
vn 0.55244 -0.82561 -0.114798
vn 0.595133 -0.78826 -0.156409
vn 0.545617 -0.815291 -0.193912
vn 0.556115 -0.789786 -0.258793
vn 0.5322 -0.800448 -0.275764
vn 0.506639 -0.784488 -0.357625
vn 0.506073 -0.7862 -0.354655
vn 0.42444 -0.814075 -0.3964
vn 0.421095 -0.785323 -0.453813
vn 0.401584 -0.788152 -0.466419
vn 0.380903 -0.747565 -0.544114
vn 0.303114 -0.782301 -0.544175
vn 0.300173 -0.781978 -0.546266
vn 0.238327 -0.80134 -0.548684
vn 0.212512 -0.793104 -0.57081
vn 0.156226 -0.815291 -0.557579
vn 0.126006 -0.795572 -0.592611
vn 0.0763432 -0.828046 -0.555438
vn 0.0414227 -0.790393 -0.611199
vn 0 -0.835473 -0.549532
vn -0.0414227 -0.790393 -0.611199
vn -0.0763432 -0.828046 -0.555438
vn -0.126006 -0.795572 -0.592611
vn -0.156226 -0.815291 -0.557579
vn -0.212512 -0.793104 -0.57081
vn -0.238327 -0.80134 -0.548684
vn -0.300173 -0.781978 -0.546266
vn -0.303114 -0.782301 -0.544175
vn -0.380903 -0.747565 -0.544114
vn -0.452196 -0.706627 -0.544239
vn -0.480255 -0.750473 -0.454032
vn -0.518421 -0.724703 -0.453922
vn -0.543173 -0.759303 -0.358359
vn -0.587625 -0.725656 -0.35794
vn -0.660257 -0.660257 -0.35794
vn -0.725656 -0.587625 -0.35794
vn -0.783104 -0.508554 -0.35794
vn -0.831973 -0.423911 -0.35794
vn -0.871726 -0.334624 -0.35794
vn 0.374221 -0.805219 -0.45998
vn 0.307716 -0.805765 -0.506018
vn -0.307716 -0.805765 -0.506018
vn -0.374221 -0.805219 -0.45998
vn -0.401584 -0.788152 -0.466419
vn -0.421095 -0.785323 -0.453813
vn -0.479864 -0.750969 -0.453626
vn -0.502656 -0.786638 -0.358521
vn -0.542682 -0.759691 -0.358283
vn -0.561466 -0.785985 -0.258811
vn -0.607933 -0.750734 -0.258488
vn -0.683075 -0.683075 -0.258488
vn -0.750734 -0.607933 -0.258488
vn -0.810168 -0.526129 -0.258488
vn -0.860725 -0.438561 -0.258488
vn -0.42444 -0.814075 -0.3964
vn -0.50402 -0.787012 -0.355776
vn -0.49966 -0.789989 -0.355326
vn -0.527284 -0.804565 -0.273216
vn -0.554135 -0.791166 -0.258826
vn -0.534391 -0.823623 -0.189923
vn -0.571825 -0.801621 -0.17441
vn -0.595133 -0.78826 -0.156409
vn -0.621593 -0.767604 -0.156225
vn -0.698425 -0.698425 -0.156225
vn -0.767604 -0.621593 -0.156225
vn -0.828373 -0.537952 -0.156225
vn -0.574767 -0.806887 -0.136297
vn -0.508434 -0.854595 -0.105654
vn -0.5779 -0.811285 -0.0885956
vn -0.611482 -0.789527 -0.0523114
vn -0.62846 -0.776084 -0.0522644
vn -0.70614 -0.70614 -0.0522644
vn -0.776084 -0.62846 -0.0522644
vn -0.837524 -0.543895 -0.0522644
vn -0.579181 -0.814236 -0.0396171
vn -0.579181 -0.814236 0.0396171
vn -0.611482 -0.789527 0.0523114
vn -0.55244 -0.82561 0.114798
vn -0.595133 -0.78826 0.156409
vn -0.545617 -0.815291 0.193912
vn -0.556115 -0.789786 0.258793
vn -0.5322 -0.800448 0.275764
vn -0.506639 -0.784488 0.357625
vn -0.401584 -0.788152 0.466419
vn -0.374221 -0.805219 0.45998
vn -0.307716 -0.805765 0.506018
vn -0.238327 -0.80134 0.548684
vn -0.300173 -0.781978 0.546266
vn -0.303114 -0.782301 0.544175
vn -0.380903 -0.747565 0.544114
vn -0.212512 -0.793104 0.57081
vn -0.156226 -0.815291 0.557579
vn -0.126006 -0.795572 0.592611
vn -0.0763432 -0.828046 0.555438
vn -0.0414227 -0.790393 0.611199
vn 0 -0.835473 0.549532
vn 0.0414227 -0.790393 0.611199
vn 0.0763432 -0.828046 0.555438
vn 0.126006 -0.795572 0.592611
vn 0.156226 -0.815291 0.557579
vn 0.212512 -0.793104 0.57081
vn 0.238327 -0.80134 0.548684
vn 0.300173 -0.781978 0.546266
vn 0.303114 -0.782301 0.544175
vn 0.380903 -0.747565 0.544114
vn 0.456958 -0.703654 0.544114
vn 0.528007 -0.652034 0.544114
vn 0.593271 -0.593271 0.544114
vn 0.652034 -0.528007 0.544114
vn 0.703654 -0.456958 0.544114
vn 0.747565 -0.380903 0.544114
vn 0.783285 -0.300675 0.544114
vn 0.810423 -0.217152 0.544114
vn 0.828682 -0.13125 0.544114
vn 0.307716 -0.805765 0.506018
vn 0.374221 -0.805219 0.45998
vn 0.401584 -0.788152 0.466419
vn 0.421095 -0.785323 0.453813
vn 0.485414 -0.747472 0.453496
vn 0.560887 -0.692638 0.453496
vn 0.630215 -0.630215 0.453496
vn 0.692638 -0.560887 0.453496
vn 0.747472 -0.485414 0.453496
vn 0.794117 -0.404623 0.453496
vn 0.832061 -0.319398 0.453496
vn 0.860889 -0.230675 0.453496
vn 0.42444 -0.814075 0.3964
vn 0.50402 -0.787012 0.355776
vn 0.507161 -0.784847 0.356094
vn 0.5322 -0.800448 0.275764
vn 0.556115 -0.789786 0.258793
vn 0.545617 -0.815291 0.193912
vn 0.595133 -0.78826 0.156409
vn 0.55244 -0.82561 0.114798
vn 0.611482 -0.789527 0.0523114
vn -0.0523358 -0.0027428 -0.998626
vn -0.0523358 0.0027428 0.998626
vn -0.0517624 -0.00819835 -0.998626
vn -0.0506218 -0.0135641 -0.998626
vn -0.0489267 -0.0187812 -0.998626
vn -0.0466955 -0.0237925 -0.998626
vn -0.0439527 -0.0285432 -0.998626
vn -0.0407283 -0.0329812 -0.998626
vn -0.0370578 -0.0370578 -0.998626
vn -0.0329812 -0.0407283 -0.998626
vn -0.0237925 -0.0466955 -0.998626
vn -0.0187812 -0.0489267 -0.998626
vn -0.0135641 -0.0506218 -0.998626
vn -0.00819835 -0.0517624 -0.998626
vn -0.0027428 -0.0523358 -0.998626
vn 0.0027428 -0.0523358 -0.998626
vn 0.00819835 -0.0517624 -0.998626
vn 0.0135641 -0.0506218 -0.998626
vn 0.0187812 -0.0489267 -0.998626
vn 0.0237925 -0.0466955 -0.998626
vn 0.0329812 -0.0407283 -0.998626
vn 0.0370578 -0.0370578 -0.998626
vn 0.0407283 -0.0329812 -0.998626
vn 0.0439527 -0.0285432 -0.998626
vn 0.0506218 -0.0135641 -0.998626
vn 0.0517624 -0.00819835 -0.998626
vn 0.0523358 -0.0027428 -0.998626
vn 0.0523358 0.0027428 -0.998626
vn 0.0517624 0.00819835 -0.998626
vn 0.0506218 0.0135641 -0.998626
vn 0.0466955 0.0237925 -0.998626
vn 0.0439527 0.0285432 -0.998626
vn 0.0407283 0.0329812 -0.998626
vn 0.0370578 0.0370578 -0.998626
vn 0.0329812 0.0407283 -0.998626
vn 0.0135641 0.0506218 -0.998626
vn 0.00819835 0.0517624 -0.998626
vn 0.0027428 0.0523358 -0.998626
vn -0.0027428 0.0523358 -0.998626
vn -0.00819835 0.0517624 -0.998626
vn -0.0135641 0.0506218 -0.998626
vn -0.0187812 0.0489267 -0.998626
vn -0.0237925 0.0466955 -0.998626
vn -0.0285432 0.0439527 -0.998626
vn -0.0329812 0.0407283 -0.998626
vn -0.0370578 0.0370578 -0.998626
vn -0.0407283 0.0329812 -0.998626
vn -0.0439527 0.0285432 -0.998626
vn -0.0489267 0.0187812 -0.998626
vn -0.0506218 0.0135641 -0.998626
vn -0.0517624 0.00819835 -0.998626
vn -0.0523358 0.0027428 -0.998626
vn -0.0517624 0.00819835 0.998626
vn -0.0506218 0.0135641 0.998626
vn -0.0489267 0.0187812 0.998626
vn -0.0466955 0.0237925 0.998626
vn -0.0439527 0.0285432 0.998626
vn -0.0407283 0.0329812 0.998626
vn -0.0370578 0.0370578 0.998626
vn -0.0329812 0.0407283 0.998626
vn -0.0285432 0.0439527 0.998626
vn -0.0187812 0.0489267 0.998626
vn -0.0135641 0.0506218 0.998626
vn -0.00819835 0.0517624 0.998626
vn -0.0027428 0.0523358 0.998626
vn 0.0027428 0.0523358 0.998626
vn 0.00819835 0.0517624 0.998626
vn 0.0135641 0.0506218 0.998626
vn 0.0187812 0.0489267 0.998626
vn 0.0237925 0.0466955 0.998626
vn 0.0407283 0.0329812 0.998626
vn 0.0439527 0.0285432 0.998626
vn 0.0466955 0.0237925 0.998626
vn 0.0489267 0.0187812 0.998626
vn 0.0506218 0.0135641 0.998626
vn 0.0517624 0.00819835 0.998626
vn 0.0523358 0.0027428 0.998626
vn 0.0523358 -0.0027428 0.998626
vn 0.0517624 -0.00819835 0.998626
vn 0.0506218 -0.0135641 0.998626
vn 0.0489267 -0.0187812 0.998626
vn 0.0466955 -0.0237925 0.998626
vn 0.0439527 -0.0285432 0.998626
vn 0.0407283 -0.0329812 0.998626
vn 0.0370578 -0.0370578 0.998626
vn 0.0329812 -0.0407283 0.998626
vn 0.0285432 -0.0439527 0.998626
vn 0.0187812 -0.0489267 0.998626
vn 0.0135641 -0.0506218 0.998626
vn 0.00819835 -0.0517624 0.998626
vn 0.0027428 -0.0523358 0.998626
vn -0.0027428 -0.0523358 0.998626
vn -0.00819835 -0.0517624 0.998626
vn -0.0135641 -0.0506218 0.998626
vn -0.0187812 -0.0489267 0.998626
vn -0.0237925 -0.0466955 0.998626
vn -0.0285432 -0.0439527 0.998626
vn -0.0407283 -0.0329812 0.998626
vn -0.0439527 -0.0285432 0.998626
vn -0.0466955 -0.0237925 0.998626
vn -0.0489267 -0.0187812 0.998626
vn -0.0506218 -0.0135641 0.998626
vn -0.0517624 -0.00819835 0.998626
vn -0.0523358 -0.0027428 0.998626
vn -0.156429 0.00819811 -0.987655
vn -0.154715 0.0245045 -0.987655
vn -0.151306 0.0405424 -0.987655
vn -0.14624 0.0561361 -0.987655
vn -0.139915 0.0703447 -0.987662
vn -0.231319 0.1163 -0.965901
vn -0.2252 0.127608 -0.96592
vn -0.3118 0.176679 -0.933577
vn -0.300912 0.195415 -0.933416
vn -0.278837 0.225798 -0.933416
vn -0.253707 0.253707 -0.933416
vn -0.225798 0.278837 -0.933416
vn -0.195415 0.300912 -0.933416
vn -0.16289 0.31969 -0.933416
vn -0.128581 0.334965 -0.933416
vn -0.0928634 0.346571 -0.933416
vn -0.0561281 0.354379 -0.933416
vn -0.018778 0.358305 -0.933416
vn 0.018778 0.358305 -0.933416
vn 0.0561281 0.354379 -0.933416
vn 0.0928634 0.346571 -0.933416
vn -0.258795 0.0135629 -0.965837
vn -0.25596 0.0405401 -0.965837
vn -0.25032 0.0670731 -0.965837
vn -0.241938 0.0928712 -0.965837
vn -0.231762 0.115743 -0.965862
vn -0.320624 0.160121 -0.933574
vn -0.312319 0.175865 -0.933557
vn -0.395605 0.222763 -0.890996
vn -0.381163 0.24753 -0.890754
vn -0.353201 0.286017 -0.890754
vn -0.321369 0.321369 -0.890754
vn -0.286017 0.353201 -0.890754
vn -0.24753 0.381163 -0.890754
vn -0.206332 0.404949 -0.890754
vn -0.162873 0.424298 -0.890754
vn -0.117629 0.438999 -0.890754
vn -0.0710971 0.448889 -0.890754
vn -0.0237859 0.453862 -0.890754
vn 0.0237859 0.453862 -0.890754
vn 0.0710971 0.448889 -0.890754
vn 0.117629 0.438999 -0.890754
vn -0.156429 -0.00819811 -0.987655
vn -0.154715 -0.0245045 -0.987655
vn -0.151306 -0.0405424 -0.987655
vn -0.14624 -0.0561361 -0.987655
vn -0.139571 -0.0711148 -0.987655
vn -0.131373 -0.0853144 -0.987655
vn -0.121735 -0.0985792 -0.987655
vn -0.110764 -0.110764 -0.987655
vn -0.0985792 -0.121735 -0.987655
vn -0.0918652 -0.12662 -0.987688
vn -0.030734 -0.0423613 -0.99863
vn -0.0285128 -0.0439703 -0.998626
vn -0.358305 0.018778 -0.933416
vn -0.354379 0.0561281 -0.933416
vn -0.346571 0.0928634 -0.933416
vn -0.334965 0.128581 -0.933416
vn -0.321282 0.159371 -0.933477
vn -0.40662 0.201703 -0.891054
vn -0.396292 0.221748 -0.890944
vn -0.475321 0.265969 -0.838648
vn -0.457213 0.296918 -0.838329
vn -0.423672 0.343083 -0.838329
vn -0.385489 0.385489 -0.838329
vn -0.343083 0.423672 -0.838329
vn -0.296918 0.457213 -0.838329
vn -0.247499 0.485745 -0.838329
vn -0.195369 0.508955 -0.838329
vn -0.141099 0.526588 -0.838329
vn -0.0852825 0.538453 -0.838329
vn -0.0285317 0.544417 -0.838329
vn 0.0285317 0.544417 -0.838329
vn 0.0852825 0.538453 -0.838329
vn 0.141099 0.526588 -0.838329
vn -0.258795 -0.0135629 -0.965837
vn -0.25596 -0.0405401 -0.965837
vn -0.25032 -0.0670731 -0.965837
vn -0.241938 -0.0928712 -0.965837
vn -0.230905 -0.117652 -0.965837
vn -0.217342 -0.141143 -0.965837
vn -0.201398 -0.163089 -0.965837
vn -0.183247 -0.183247 -0.965837
vn -0.163089 -0.201398 -0.965837
vn -0.15185 -0.209593 -0.965926
vn -0.0917806 -0.126681 -0.987688
vn -0.0852121 -0.131408 -0.987659
vn -0.453862 0.0237859 -0.890754
vn -0.448889 0.0710971 -0.890754
vn -0.438999 0.117629 -0.890754
vn -0.424298 0.162873 -0.890754
vn -0.407488 0.20077 -0.890867
vn -0.48837 0.24062 -0.838807
vn -0.476186 0.264774 -0.838536
vn -0.550057 0.305849 -0.777106
vn -0.52823 0.343036 -0.776724
vn -0.489479 0.396372 -0.776724
vn -0.445365 0.445365 -0.776724
vn -0.396372 0.489479 -0.776724
vn -0.343036 0.52823 -0.776724
vn -0.285942 0.561193 -0.776724
vn -0.225715 0.588008 -0.776724
vn -0.163015 0.60838 -0.776724
vn -0.0985289 0.622087 -0.776724
vn -0.0329634 0.628978 -0.776724
vn 0.0329634 0.628978 -0.776724
vn 0.0985289 0.622087 -0.776724
vn 0.163015 0.60838 -0.776724
vn -0.358305 -0.018778 -0.933416
vn -0.354379 -0.0561281 -0.933416
vn -0.346571 -0.0928634 -0.933416
vn -0.334965 -0.128581 -0.933416
vn -0.31969 -0.16289 -0.933416
vn -0.300912 -0.195415 -0.933416
vn -0.278837 -0.225798 -0.933416
vn -0.253707 -0.253707 -0.933416
vn -0.225798 -0.278837 -0.933416
vn -0.210061 -0.290349 -0.93358
vn -0.15171 -0.209695 -0.965925
vn -0.140816 -0.217475 -0.965855
vn -0.0851327 -0.131478 -0.987657
vn -0.0711148 -0.139571 -0.987655
vn -0.0561361 -0.14624 -0.987655
vn -0.0405424 -0.151306 -0.987655
vn -0.0245045 -0.154715 -0.987655
vn -0.00819811 -0.156429 -0.987655
vn 0.00819811 -0.156429 -0.987655
vn 0.0245045 -0.154715 -0.987655
vn 0.0405424 -0.151306 -0.987655
vn 0.0561361 -0.14624 -0.987655
vn 0.0711148 -0.139571 -0.987655
vn 0.0853144 -0.131373 -0.987655
vn 0.0985792 -0.121735 -0.987655
vn 0.110764 -0.110764 -0.987655
vn 0.121735 -0.0985792 -0.987655
vn 0.131373 -0.0853144 -0.987655
vn 0.135687 -0.0778529 -0.987688
vn 0.0453946 -0.0260461 -0.99863
vn 0.0467529 -0.0236636 -0.998626
vn -0.544417 0.0285317 -0.838329
vn -0.538453 0.0852825 -0.838329
vn -0.526588 0.141099 -0.838329
vn -0.508955 0.195369 -0.838329
vn -0.48943 0.239508 -0.838507
vn -0.564984 0.276482 -0.7774
vn -0.551102 0.304492 -0.776898
vn -0.618975 0.341992 -0.707044
vn -0.593436 0.385382 -0.706622
vn -0.549902 0.445302 -0.706622
vn -0.500343 0.500343 -0.706622
vn -0.445302 0.549902 -0.706622
vn -0.385382 0.593436 -0.706622
vn -0.32124 0.630469 -0.706622
vn -0.253578 0.660594 -0.706622
vn -0.183138 0.683481 -0.706622
vn -0.110692 0.69888 -0.706622
vn -0.0370325 0.706622 -0.706622
vn 0.0370325 0.706622 -0.706622
vn 0.110692 0.69888 -0.706622
vn 0.183138 0.683481 -0.706622
vn -0.453862 -0.0237859 -0.890754
vn -0.448889 -0.0710971 -0.890754
vn -0.438999 -0.117629 -0.890754
vn -0.424298 -0.162873 -0.890754
vn -0.404949 -0.206332 -0.890754
vn -0.381163 -0.24753 -0.890754
vn -0.353201 -0.286017 -0.890754
vn -0.321369 -0.321369 -0.890754
vn -0.286017 -0.353201 -0.890754
vn -0.265866 -0.368 -0.891006
vn -0.209869 -0.290492 -0.933579
vn -0.194746 -0.301204 -0.933461
vn -0.140693 -0.217604 -0.965844
vn -0.117652 -0.230905 -0.965837
vn -0.0928712 -0.241938 -0.965837
vn -0.0670731 -0.25032 -0.965837
vn -0.0405401 -0.25596 -0.965837
vn -0.0135629 -0.258795 -0.965837
vn 0.0135629 -0.258795 -0.965837
vn 0.0405401 -0.25596 -0.965837
vn 0.0670731 -0.25032 -0.965837
vn 0.0928712 -0.241938 -0.965837
vn 0.117652 -0.230905 -0.965837
vn 0.141143 -0.217342 -0.965837
vn 0.163089 -0.201398 -0.965837
vn 0.183247 -0.183247 -0.965837
vn 0.201398 -0.163089 -0.965837
vn 0.217342 -0.141143 -0.965837
vn 0.22484 -0.128204 -0.965925
vn 0.135899 -0.0774896 -0.987688
vn 0.139673 -0.0706946 -0.987671
vn -0.628978 0.0329634 -0.776724
vn -0.622087 0.0985289 -0.776724
vn -0.60838 0.163015 -0.776724
vn -0.588008 0.225715 -0.776724
vn -0.5662 0.275192 -0.776973
vn -0.635618 0.308931 -0.707497
vn -0.620193 0.340492 -0.706701
vn -0.681295 0.374037 -0.629232
vn -0.652123 0.423494 -0.628799
vn -0.604284 0.489339 -0.628799
vn -0.549823 0.549823 -0.628799
vn -0.489339 0.604284 -0.628799
vn -0.423494 0.652123 -0.628799
vn -0.353008 0.692818 -0.628799
vn -0.278655 0.725922 -0.628799
vn -0.201249 0.751073 -0.628799
vn -0.121638 0.767995 -0.628799
vn -0.0406948 0.776502 -0.628799
vn 0.0406948 0.776502 -0.628799
vn 0.121638 0.767995 -0.628799
vn 0.201249 0.751073 -0.628799
vn -0.544417 -0.0285317 -0.838329
vn -0.538453 -0.0852825 -0.838329
vn -0.526588 -0.141099 -0.838329
vn -0.508955 -0.195369 -0.838329
vn -0.485745 -0.247499 -0.838329
vn -0.457213 -0.296918 -0.838329
vn -0.423672 -0.343083 -0.838329
vn -0.385489 -0.385489 -0.838329
vn -0.343083 -0.423672 -0.838329
vn -0.318656 -0.441693 -0.838669
vn -0.265623 -0.368183 -0.891003
vn -0.246414 -0.381676 -0.890844
vn -0.194585 -0.301398 -0.933432
vn -0.16289 -0.31969 -0.933416
vn -0.128581 -0.334965 -0.933416
vn -0.0928634 -0.346571 -0.933416
vn -0.0561281 -0.354379 -0.933416
vn -0.018778 -0.358305 -0.933416
vn 0.018778 -0.358305 -0.933416
vn 0.0561281 -0.354379 -0.933416
vn 0.0928634 -0.346571 -0.933416
vn 0.128581 -0.334965 -0.933416
vn 0.16289 -0.31969 -0.933416
vn 0.195415 -0.300912 -0.933416
vn 0.225798 -0.278837 -0.933416
vn 0.253707 -0.253707 -0.933416
vn 0.278837 -0.225798 -0.933416
vn 0.300912 -0.195415 -0.933416
vn 0.3118 -0.176679 -0.933577
vn 0.2252 -0.127608 -0.96592
vn 0.231319 -0.1163 -0.965901
vn 0.139915 -0.0703447 -0.987662
vn -0.706622 0.0370325 -0.706622
vn -0.69888 0.110692 -0.706622
vn -0.683481 0.183138 -0.706622
vn -0.660594 0.253578 -0.706622
vn -0.636949 0.307463 -0.706939
vn -0.699489 0.337652 -0.629846
vn -0.682668 0.372405 -0.628712
vn -0.736311 0.401668 -0.544527
vn -0.703654 0.456958 -0.544114
vn -0.652034 0.528007 -0.544114
vn -0.593271 0.593271 -0.544114
vn -0.528007 0.652034 -0.544114
vn -0.456958 0.703654 -0.544114
vn -0.380903 0.747565 -0.544114
vn -0.628978 -0.0329634 -0.776724
vn -0.622087 -0.0985289 -0.776724
vn -0.60838 -0.163015 -0.776724
vn -0.588008 -0.225715 -0.776724
vn -0.561193 -0.285942 -0.776724
vn -0.52823 -0.343036 -0.776724
vn -0.489479 -0.396372 -0.776724
vn -0.445365 -0.445365 -0.776724
vn -0.396372 -0.489479 -0.776724
vn -0.36786 -0.510614 -0.777143
vn -0.318367 -0.441914 -0.838662
vn -0.295261 -0.45801 -0.838479
vn -0.24622 -0.381938 -0.890786
vn -0.206332 -0.404949 -0.890754
vn -0.162873 -0.424298 -0.890754
vn -0.117629 -0.438999 -0.890754
vn -0.0710971 -0.448889 -0.890754
vn -0.0237859 -0.453862 -0.890754
vn 0.0237859 -0.453862 -0.890754
vn 0.0710971 -0.448889 -0.890754
vn 0.117629 -0.438999 -0.890754
vn 0.162873 -0.424298 -0.890754
vn 0.206332 -0.404949 -0.890754
vn 0.24753 -0.381163 -0.890754
vn 0.286017 -0.353201 -0.890754
vn 0.321369 -0.321369 -0.890754
vn 0.353201 -0.286017 -0.890754
vn 0.381163 -0.24753 -0.890754
vn 0.395605 -0.222763 -0.890996
vn 0.312319 -0.175865 -0.933557
vn 0.320624 -0.160121 -0.933574
vn 0.231762 -0.115743 -0.965862
vn -0.776502 0.0406948 -0.628799
vn -0.767995 0.121638 -0.628799
vn -0.751073 0.201249 -0.628799
vn -0.725922 0.278655 -0.628799
vn -0.700889 0.336006 -0.62917
vn -0.75588 0.362369 -0.545284
vn -0.737808 0.399913 -0.543792
vn -0.783394 0.424622 -0.45386
vn -0.747472 0.485414 -0.453496
vn -0.692638 0.560887 -0.453496
vn -0.630215 0.630215 -0.453496
vn -0.560887 0.692638 -0.453496
vn -0.485414 0.747472 -0.453496
vn -0.706622 -0.0370325 -0.706622
vn -0.69888 -0.110692 -0.706622
vn -0.683481 -0.183138 -0.706622
vn -0.660594 -0.253578 -0.706622
vn -0.630469 -0.32124 -0.706622
vn -0.593436 -0.385382 -0.706622
vn -0.549902 -0.445302 -0.706622
vn -0.500343 -0.500343 -0.706622
vn -0.445302 -0.549902 -0.706622
vn -0.412945 -0.574005 -0.707103
vn -0.367528 -0.510873 -0.777131
vn -0.340763 -0.52937 -0.776948
vn -0.295038 -0.458337 -0.83838
vn -0.247499 -0.485745 -0.838329
vn -0.195369 -0.508955 -0.838329
vn -0.141099 -0.526588 -0.838329
vn -0.0852825 -0.538453 -0.838329
vn -0.0285317 -0.544417 -0.838329
vn 0.0285317 -0.544417 -0.838329
vn 0.0852825 -0.538453 -0.838329
vn 0.141099 -0.526588 -0.838329
vn 0.195369 -0.508955 -0.838329
vn 0.247499 -0.485745 -0.838329
vn 0.296918 -0.457213 -0.838329
vn 0.343083 -0.423672 -0.838329
vn 0.385489 -0.385489 -0.838329
vn 0.423672 -0.343083 -0.838329
vn 0.457213 -0.296918 -0.838329
vn 0.475321 -0.265969 -0.838648
vn 0.396292 -0.221748 -0.890944
vn 0.40662 -0.201703 -0.891054
vn 0.321282 -0.159371 -0.933477
vn -0.837862 0.0439105 -0.544114
vn -0.828682 0.13125 -0.544114
vn -0.810423 0.217152 -0.544114
vn -0.783285 0.300675 -0.544114
vn -0.757303 0.36055 -0.544515
vn -0.804147 0.382852 -0.454722
vn -0.784972 0.42275 -0.452882
vn -0.822005 0.442694 -0.358231
vn -0.783104 0.508554 -0.35794
vn -0.725656 0.587625 -0.35794
vn -0.660257 0.660257 -0.35794
vn -0.587625 0.725656 -0.35794
vn -0.508554 0.783104 -0.35794
vn -0.776502 -0.0406948 -0.628799
vn -0.767995 -0.121638 -0.628799
vn -0.751073 -0.201249 -0.628799
vn -0.725922 -0.278655 -0.628799
vn -0.692818 -0.353008 -0.628799
vn -0.652123 -0.423494 -0.628799
vn -0.604284 -0.489339 -0.628799
vn -0.549823 -0.549823 -0.628799
vn -0.489339 -0.604284 -0.628799
vn -0.453426 -0.631164 -0.629315
vn -0.412574 -0.574298 -0.707082
vn -0.382433 -0.594977 -0.706928
vn -0.34051 -0.529756 -0.776796
vn -0.285942 -0.561193 -0.776724
vn -0.225715 -0.588008 -0.776724
vn -0.163015 -0.60838 -0.776724
vn -0.0985289 -0.622087 -0.776724
vn -0.0329634 -0.628978 -0.776724
vn 0.0329634 -0.628978 -0.776724
vn 0.0985289 -0.622087 -0.776724
vn 0.163015 -0.60838 -0.776724
vn 0.225715 -0.588008 -0.776724
vn 0.285942 -0.561193 -0.776724
vn 0.343036 -0.52823 -0.776724
vn 0.396372 -0.489479 -0.776724
vn 0.445365 -0.445365 -0.776724
vn 0.489479 -0.396372 -0.776724
vn 0.52823 -0.343036 -0.776724
vn 0.550057 -0.305849 -0.777106
vn 0.476186 -0.264774 -0.838536
vn 0.48837 -0.24062 -0.838807
vn 0.407488 -0.20077 -0.890867
vn -0.837862 -0.0439105 -0.544114
vn -0.828682 -0.13125 -0.544114
vn -0.810423 -0.217152 -0.544114
vn -0.783285 -0.300675 -0.544114
vn -0.747565 -0.380903 -0.544114
vn -0.703654 -0.456958 -0.544114
vn -0.652034 -0.528007 -0.544114
vn -0.593271 -0.593271 -0.544114
vn -0.528007 -0.652034 -0.544114
vn -0.488866 -0.681459 -0.544632
vn -0.453018 -0.631488 -0.629283
vn -0.419826 -0.654115 -0.62919
vn -0.382149 -0.595411 -0.706716
vn -0.32124 -0.630469 -0.706622
vn -0.253578 -0.660594 -0.706622
vn -0.183138 -0.683481 -0.706622
vn -0.110692 -0.69888 -0.706622
vn -0.0370325 -0.706622 -0.706622
vn 0.0370325 -0.706622 -0.706622
vn 0.110692 -0.69888 -0.706622
vn 0.183138 -0.683481 -0.706622
vn 0.253578 -0.660594 -0.706622
vn 0.32124 -0.630469 -0.706622
vn 0.385382 -0.593436 -0.706622
vn 0.445302 -0.549902 -0.706622
vn 0.500343 -0.500343 -0.706622
vn 0.549902 -0.445302 -0.706622
vn 0.593436 -0.385382 -0.706622
vn 0.618975 -0.341992 -0.707044
vn 0.551102 -0.304492 -0.776898
vn 0.564984 -0.276482 -0.7774
vn 0.48943 -0.239508 -0.838507
vn -0.706622 0.0370325 0.706622
vn -0.69888 0.110692 0.706622
vn -0.683481 0.183138 0.706622
vn -0.660594 0.253578 0.706622
vn -0.630469 0.32124 0.706622
vn -0.593436 0.385382 0.706622
vn -0.549902 0.445302 0.706622
vn -0.500343 0.500343 0.706622
vn -0.445302 0.549902 0.706622
vn -0.385382 0.593436 0.706622
vn -0.628978 0.0329634 0.776724
vn -0.622087 0.0985289 0.776724
vn -0.60838 0.163015 0.776724
vn -0.588008 0.225715 0.776724
vn -0.561193 0.285942 0.776724
vn -0.52823 0.343036 0.776724
vn -0.489479 0.396372 0.776724
vn -0.445365 0.445365 0.776724
vn -0.396372 0.489479 0.776724
vn -0.343036 0.52823 0.776724
vn -0.706622 -0.0370325 0.706622
vn -0.628978 -0.0329634 0.776724
vn -0.544417 -0.0285317 0.838329
vn -0.453862 -0.0237859 0.890754
vn -0.358305 -0.018778 0.933416
vn -0.258795 -0.0135629 0.965837
vn -0.156429 -0.00819811 0.987655
vn -0.544417 0.0285317 0.838329
vn -0.538453 0.0852825 0.838329
vn -0.526588 0.141099 0.838329
vn -0.508955 0.195369 0.838329
vn -0.485745 0.247499 0.838329
vn -0.457213 0.296918 0.838329
vn -0.423672 0.343083 0.838329
vn -0.385489 0.385489 0.838329
vn -0.343083 0.423672 0.838329
vn -0.296918 0.457213 0.838329
vn -0.453862 0.0237859 0.890754
vn -0.448889 0.0710971 0.890754
vn -0.438999 0.117629 0.890754
vn -0.424298 0.162873 0.890754
vn -0.404949 0.206332 0.890754
vn -0.381163 0.24753 0.890754
vn -0.353201 0.286017 0.890754
vn -0.321369 0.321369 0.890754
vn -0.286017 0.353201 0.890754
vn -0.24753 0.381163 0.890754
vn -0.358305 0.018778 0.933416
vn -0.354379 0.0561281 0.933416
vn -0.346571 0.0928634 0.933416
vn -0.334965 0.128581 0.933416
vn -0.31969 0.16289 0.933416
vn -0.300912 0.195415 0.933416
vn -0.278837 0.225798 0.933416
vn -0.253707 0.253707 0.933416
vn -0.225798 0.278837 0.933416
vn -0.195415 0.300912 0.933416
vn -0.258795 0.0135629 0.965837
vn -0.25596 0.0405401 0.965837
vn -0.25032 0.0670731 0.965837
vn -0.241938 0.0928712 0.965837
vn -0.230905 0.117652 0.965837
vn -0.217342 0.141143 0.965837
vn -0.201398 0.163089 0.965837
vn -0.183247 0.183247 0.965837
vn -0.163089 0.201398 0.965837
vn -0.141143 0.217342 0.965837
vn -0.156429 0.00819811 0.987655
vn -0.154715 0.0245045 0.987655
vn -0.151306 0.0405424 0.987655
vn -0.14624 0.0561361 0.987655
vn -0.139571 0.0711148 0.987655
vn -0.131373 0.0853144 0.987655
vn -0.121735 0.0985792 0.987655
vn -0.110764 0.110764 0.987655
vn -0.0985792 0.121735 0.987655
vn -0.0853144 0.131373 0.987655
vn 0.030734 0.0423613 -0.99863
vn 0.0918652 0.12662 -0.987688
vn 0.0985792 0.121735 -0.987655
vn 0.110764 0.110764 -0.987655
vn 0.121735 0.0985792 -0.987655
vn 0.131373 0.0853144 -0.987655
vn 0.139571 0.0711148 -0.987655
vn -0.0453946 0.0260461 -0.99863
vn -0.135687 0.0778529 -0.987688
vn -0.131373 0.0853144 -0.987655
vn -0.121735 0.0985792 -0.987655
vn -0.110764 0.110764 -0.987655
vn -0.0985792 0.121735 -0.987655
vn -0.0853144 0.131373 -0.987655
vn -0.0711148 0.139571 -0.987655
vn -0.0561361 0.14624 -0.987655
vn -0.0405424 0.151306 -0.987655
vn -0.0245045 0.154715 -0.987655
vn -0.00819811 0.156429 -0.987655
vn 0.00819811 0.156429 -0.987655
vn 0.0245045 0.154715 -0.987655
vn 0.0405424 0.151306 -0.987655
vn 0.0237925 -0.0466955 0.998626
vn 0.0285432 -0.0439527 -0.998626
vn 0.0285432 0.0439527 0.998626
vn 0.0285128 0.0439703 -0.998626
vn 0.0237925 0.0466955 -0.998626
vn -0.0467529 0.0236636 -0.998626
vn 0.139571 -0.0711148 0.987655
vn 0.14624 -0.0561361 0.987655
vn 0.151306 -0.0405424 0.987655
vn 0.154715 -0.0245045 0.987655
vn 0.156429 -0.00819811 0.987655
vn 0.156429 0.00819811 0.987655
vn 0.154715 0.0245045 0.987655
vn 0.151306 0.0405424 0.987655
vn 0.14624 0.0561361 0.987655
vn 0.139571 0.0711148 0.987655
vn 0.131373 0.0853144 0.987655
vn 0.121735 0.0985792 0.987655
vn 0.230905 -0.117652 0.965837
vn 0.241938 -0.0928712 0.965837
vn 0.25032 -0.0670731 0.965837
vn 0.25596 -0.0405401 0.965837
vn 0.258795 -0.0135629 0.965837
vn 0.258795 0.0135629 0.965837
vn 0.25596 0.0405401 0.965837
vn 0.25032 0.0670731 0.965837
vn 0.241938 0.0928712 0.965837
vn 0.230905 0.117652 0.965837
vn 0.217342 0.141143 0.965837
vn 0.131373 -0.0853144 0.987655
vn 0.121735 -0.0985792 0.987655
vn 0.110764 -0.110764 0.987655
vn 0.0985792 -0.121735 0.987655
vn 0.0853144 -0.131373 0.987655
vn 0.0711148 -0.139571 0.987655
vn 0.0561361 -0.14624 0.987655
vn 0.0405424 -0.151306 0.987655
vn 0.0245045 -0.154715 0.987655
vn 0.00819811 -0.156429 0.987655
vn -0.00819811 -0.156429 0.987655
vn -0.0245045 -0.154715 0.987655
vn -0.0405424 -0.151306 0.987655
vn -0.0561361 -0.14624 0.987655
vn -0.0711148 -0.139571 0.987655
vn -0.0853144 -0.131373 0.987655
vn -0.0985792 -0.121735 0.987655
vn 0.31969 -0.16289 0.933416
vn 0.334965 -0.128581 0.933416
vn 0.346571 -0.0928634 0.933416
vn 0.354379 -0.0561281 0.933416
vn 0.358305 -0.018778 0.933416
vn 0.358305 0.018778 0.933416
vn 0.354379 0.0561281 0.933416
vn 0.346571 0.0928634 0.933416
vn 0.334965 0.128581 0.933416
vn 0.31969 0.16289 0.933416
vn 0.217342 -0.141143 0.965837
vn 0.201398 -0.163089 0.965837
vn 0.183247 -0.183247 0.965837
vn 0.163089 -0.201398 0.965837
vn 0.141143 -0.217342 0.965837
vn 0.117652 -0.230905 0.965837
vn 0.0928712 -0.241938 0.965837
vn 0.0670731 -0.25032 0.965837
vn 0.0405401 -0.25596 0.965837
vn 0.0135629 -0.258795 0.965837
vn -0.0135629 -0.258795 0.965837
vn -0.0405401 -0.25596 0.965837
vn -0.0670731 -0.25032 0.965837
vn -0.0928712 -0.241938 0.965837
vn -0.117652 -0.230905 0.965837
vn -0.141143 -0.217342 0.965837
vn -0.163089 -0.201398 0.965837
vn -0.183247 -0.183247 0.965837
vn 0.404949 -0.206332 0.890754
vn 0.424298 -0.162873 0.890754
vn 0.438999 -0.117629 0.890754
vn 0.448889 -0.0710971 0.890754
vn 0.453862 -0.0237859 0.890754
vn 0.453862 0.0237859 0.890754
vn 0.448889 0.0710971 0.890754
vn 0.438999 0.117629 0.890754
vn 0.424298 0.162873 0.890754
vn 0.300912 -0.195415 0.933416
vn 0.278837 -0.225798 0.933416
vn 0.253707 -0.253707 0.933416
vn 0.225798 -0.278837 0.933416
vn 0.195415 -0.300912 0.933416
vn 0.16289 -0.31969 0.933416
vn 0.128581 -0.334965 0.933416
vn 0.0928634 -0.346571 0.933416
vn 0.0561281 -0.354379 0.933416
vn 0.018778 -0.358305 0.933416
vn -0.018778 -0.358305 0.933416
vn -0.0561281 -0.354379 0.933416
vn -0.0928634 -0.346571 0.933416
vn -0.128581 -0.334965 0.933416
vn -0.16289 -0.31969 0.933416
vn -0.195415 -0.300912 0.933416
vn -0.225798 -0.278837 0.933416
vn -0.253707 -0.253707 0.933416
vn -0.278837 -0.225798 0.933416
vn 0.485745 -0.247499 0.838329
vn 0.508955 -0.195369 0.838329
vn 0.526588 -0.141099 0.838329
vn 0.538453 -0.0852825 0.838329
vn 0.544417 -0.0285317 0.838329
vn 0.544417 0.0285317 0.838329
vn 0.538453 0.0852825 0.838329
vn 0.526588 0.141099 0.838329
vn 0.381163 -0.24753 0.890754
vn 0.353201 -0.286017 0.890754
vn 0.321369 -0.321369 0.890754
vn 0.286017 -0.353201 0.890754
vn 0.24753 -0.381163 0.890754
vn 0.206332 -0.404949 0.890754
vn 0.162873 -0.424298 0.890754
vn 0.117629 -0.438999 0.890754
vn 0.0710971 -0.448889 0.890754
vn 0.0237859 -0.453862 0.890754
vn -0.0237859 -0.453862 0.890754
vn -0.0710971 -0.448889 0.890754
vn -0.117629 -0.438999 0.890754
vn -0.162873 -0.424298 0.890754
vn -0.206332 -0.404949 0.890754
vn -0.24753 -0.381163 0.890754
vn -0.286017 -0.353201 0.890754
vn -0.321369 -0.321369 0.890754
vn -0.353201 -0.286017 0.890754
vn -0.381163 -0.24753 0.890754
vn 0.561193 -0.285942 0.776724
vn 0.588008 -0.225715 0.776724
vn 0.60838 -0.163015 0.776724
vn 0.622087 -0.0985289 0.776724
vn 0.628978 -0.0329634 0.776724
vn 0.628978 0.0329634 0.776724
vn 0.622087 0.0985289 0.776724
vn 0.457213 -0.296918 0.838329
vn 0.423672 -0.343083 0.838329
vn 0.385489 -0.385489 0.838329
vn 0.343083 -0.423672 0.838329
vn 0.296918 -0.457213 0.838329
vn 0.247499 -0.485745 0.838329
vn 0.195369 -0.508955 0.838329
vn 0.141099 -0.526588 0.838329
vn 0.0852825 -0.538453 0.838329
vn 0.0285317 -0.544417 0.838329
vn -0.0285317 -0.544417 0.838329
vn -0.0852825 -0.538453 0.838329
vn -0.141099 -0.526588 0.838329
vn -0.195369 -0.508955 0.838329
vn -0.247499 -0.485745 0.838329
vn -0.296918 -0.457213 0.838329
vn -0.343083 -0.423672 0.838329
vn -0.385489 -0.385489 0.838329
vn -0.423672 -0.343083 0.838329
vn -0.457213 -0.296918 0.838329
vn -0.485745 -0.247499 0.838329
vn 0.630469 -0.32124 0.706622
vn 0.660594 -0.253578 0.706622
vn 0.683481 -0.183138 0.706622
vn 0.69888 -0.110692 0.706622
vn 0.706622 -0.0370325 0.706622
vn 0.706622 0.0370325 0.706622
vn 0.52823 -0.343036 0.776724
vn 0.489479 -0.396372 0.776724
vn 0.445365 -0.445365 0.776724
vn 0.396372 -0.489479 0.776724
vn 0.343036 -0.52823 0.776724
vn 0.285942 -0.561193 0.776724
vn 0.225715 -0.588008 0.776724
vn 0.163015 -0.60838 0.776724
vn 0.0985289 -0.622087 0.776724
vn 0.0329634 -0.628978 0.776724
vn -0.0329634 -0.628978 0.776724
vn -0.0985289 -0.622087 0.776724
vn -0.163015 -0.60838 0.776724
vn -0.225715 -0.588008 0.776724
vn -0.285942 -0.561193 0.776724
vn -0.343036 -0.52823 0.776724
vn -0.396372 -0.489479 0.776724
vn -0.445365 -0.445365 0.776724
vn -0.489479 -0.396372 0.776724
vn -0.52823 -0.343036 0.776724
vn -0.561193 -0.285942 0.776724
vn -0.588008 -0.225715 0.776724
vn 0.692818 -0.353008 0.628799
vn 0.725922 -0.278655 0.628799
vn 0.751073 -0.201249 0.628799
vn 0.767995 -0.121638 0.628799
vn 0.776502 -0.0406948 0.628799
vn 0.593436 -0.385382 0.706622
vn 0.549902 -0.445302 0.706622
vn 0.500343 -0.500343 0.706622
vn 0.445302 -0.549902 0.706622
vn 0.385382 -0.593436 0.706622
vn 0.32124 -0.630469 0.706622
vn 0.253578 -0.660594 0.706622
vn 0.183138 -0.683481 0.706622
vn 0.110692 -0.69888 0.706622
vn 0.0370325 -0.706622 0.706622
vn -0.0370325 -0.706622 0.706622
vn -0.110692 -0.69888 0.706622
vn -0.183138 -0.683481 0.706622
vn -0.253578 -0.660594 0.706622
vn -0.32124 -0.630469 0.706622
vn -0.385382 -0.593436 0.706622
vn -0.445302 -0.549902 0.706622
vn -0.500343 -0.500343 0.706622
vn -0.549902 -0.445302 0.706622
vn -0.593436 -0.385382 0.706622
vn -0.630469 -0.32124 0.706622
vn -0.660594 -0.253578 0.706622
vn -0.683481 -0.183138 0.706622
vn 0.652123 -0.423494 0.628799
vn 0.604284 -0.489339 0.628799
vn 0.549823 -0.549823 0.628799
vn 0.489339 -0.604284 0.628799
vn 0.423494 -0.652123 0.628799
vn 0.353008 -0.692818 0.628799
vn 0.278655 -0.725922 0.628799
vn 0.201249 -0.751073 0.628799
vn 0.121638 -0.767995 0.628799
vn 0.0406948 -0.776502 0.628799
vn -0.0406948 -0.776502 0.628799
vn -0.121638 -0.767995 0.628799
vn -0.201249 -0.751073 0.628799
vn -0.278655 -0.725922 0.628799
vn -0.353008 -0.692818 0.628799
vn -0.423494 -0.652123 0.628799
vn -0.489339 -0.604284 0.628799
vn -0.549823 -0.549823 0.628799
vn -0.604284 -0.489339 0.628799
vn -0.652123 -0.423494 0.628799
vn -0.692818 -0.353008 0.628799
vn -0.725922 -0.278655 0.628799
vn -0.751073 -0.201249 0.628799
vn -0.767995 -0.121638 0.628799
vn 0.831973 -0.423911 0.35794
vn 0.871726 -0.334624 0.35794
vn 0.860725 -0.438561 0.258488
vn 0.810168 -0.526129 0.258488
vn 0.828373 -0.537952 0.156225
vn 0.767604 -0.621593 0.156225
vn 0.776084 -0.62846 0.0522644
vn 0.70614 -0.70614 0.0522644
vn 0.70614 -0.70614 -0.0522644
vn 0.62846 -0.776084 -0.0522644
vn 0.621593 -0.767604 -0.156225
vn 0.783104 -0.508554 0.35794
vn 0.725656 -0.587625 0.35794
vn 0.660257 -0.660257 0.35794
vn 0.587625 -0.725656 0.35794
vn 0.508554 -0.783104 0.35794
vn 0.837524 -0.543895 0.0522644
vn 0.837524 -0.543895 -0.0522644
vn 0.828373 -0.537952 -0.156225
vn 0.810168 -0.526129 -0.258488
vn 0.783104 -0.508554 -0.35794
vn 0.747472 -0.485414 -0.453496
vn 0.703654 -0.456958 -0.544114
vn 0.652123 -0.423494 -0.628799
vn 0.873602 -0.461428 -0.154611
vn 0.883024 -0.466405 -0.052299
vn 0.872117 -0.463648 -0.156341
vn 0.85327 -0.453628 -0.257199
vn 0.874163 -0.410433 -0.259586
vn 0.845092 -0.396784 -0.358305
vn 0.851695 -0.455733 -0.258693
vn 0.82361 -0.440705 -0.356994
vn 0.843731 -0.398918 -0.359142
vn 0.805554 -0.380868 -0.453897
vn 0.822005 -0.442694 -0.358231
vn 0.784972 -0.42275 -0.452882
vn 0.804147 -0.382852 -0.454722
vn 0.757303 -0.36055 -0.544515
vn 0.783394 -0.424622 -0.45386
vn 0.737808 -0.399913 -0.543792
vn 0.75588 -0.362369 -0.545284
vn 0.700889 -0.336006 -0.62917
vn 0.736311 -0.401668 -0.544527
vn 0.682668 -0.372405 -0.628712
vn 0.699489 -0.337652 -0.629846
vn 0.636949 -0.307463 -0.706939
vn 0.681295 -0.374037 -0.629232
vn 0.620193 -0.340492 -0.706701
vn 0.635618 -0.308931 -0.707497
vn 0.5662 -0.275192 -0.776973
vn 0.837862 0.0439105 0.544114
vn 0.828682 0.13125 0.544114
vn 0.767995 0.121638 0.628799
vn 0.751073 0.201249 0.628799
vn 0.683481 0.183138 0.706622
vn 0.660594 0.253578 0.706622
vn 0.588008 0.225715 0.776724
vn 0.561193 0.285942 0.776724
vn 0.485745 0.247499 0.838329
vn 0.457213 0.296918 0.838329
vn 0.381163 0.24753 0.890754
vn 0.353201 0.286017 0.890754
vn 0.278837 0.225798 0.933416
vn 0.253707 0.253707 0.933416
vn 0.183247 0.183247 0.965837
vn 0.163089 0.201398 0.965837
vn 0.0985792 0.121735 0.987655
vn 0.0853144 0.131373 0.987655
vn 0.828682 0.13125 0.544114
vn 0.810423 0.217152 0.544114
vn 0.751073 0.201249 0.628799
vn 0.725922 0.278655 0.628799
vn 0.660594 0.253578 0.706622
vn 0.630469 0.32124 0.706622
vn 0.561193 0.285942 0.776724
vn 0.52823 0.343036 0.776724
vn 0.457213 0.296918 0.838329
vn 0.423672 0.343083 0.838329
vn 0.353201 0.286017 0.890754
vn 0.321369 0.321369 0.890754
vn 0.253707 0.253707 0.933416
vn 0.225798 0.278837 0.933416
vn 0.163089 0.201398 0.965837
vn 0.141143 0.217342 0.965837
vn 0.0853144 0.131373 0.987655
vn 0.0711148 0.139571 0.987655
vn 0.810423 0.217152 0.544114
vn 0.783285 0.300675 0.544114
vn 0.747565 0.380903 0.544114
vn 0.703654 0.456958 0.544114
vn 0.652034 0.528007 0.544114
vn 0.593271 0.593271 0.544114
vn 0.528007 0.652034 0.544114
vn 0.456958 0.703654 0.544114
vn 0.380903 0.747565 0.544114
vn 0.725922 0.278655 0.628799
vn 0.692818 0.353008 0.628799
vn 0.630469 0.32124 0.706622
vn 0.593436 0.385382 0.706622
vn 0.52823 0.343036 0.776724
vn 0.489479 0.396372 0.776724
vn 0.423672 0.343083 0.838329
vn 0.385489 0.385489 0.838329
vn 0.321369 0.321369 0.890754
vn 0.286017 0.353201 0.890754
vn 0.225798 0.278837 0.933416
vn 0.195415 0.300912 0.933416
vn 0.141143 0.217342 0.965837
vn 0.117652 0.230905 0.965837
vn 0.0711148 0.139571 0.987655
vn 0.0561361 0.14624 0.987655
vn 0.230905 0.117652 -0.965837
vn 0.217342 0.141143 -0.965837
vn 0.201398 0.163089 -0.965837
vn 0.183247 0.183247 -0.965837
vn 0.163089 0.201398 -0.965837
vn 0.15185 0.209593 -0.965926
vn 0.0917806 0.126681 -0.987688
vn 0.0852121 0.131408 -0.987659
vn 0.31969 0.16289 -0.933416
vn 0.300912 0.195415 -0.933416
vn 0.278837 0.225798 -0.933416
vn 0.253707 0.253707 -0.933416
vn 0.225798 0.278837 -0.933416
vn 0.210061 0.290349 -0.93358
vn 0.15171 0.209695 -0.965925
vn 0.140816 0.217475 -0.965855
vn 0.0851327 0.131478 -0.987657
vn 0.0711148 0.139571 -0.987655
vn 0.404949 0.206332 -0.890754
vn 0.381163 0.24753 -0.890754
vn 0.353201 0.286017 -0.890754
vn 0.321369 0.321369 -0.890754
vn 0.286017 0.353201 -0.890754
vn 0.265866 0.368 -0.891006
vn 0.209869 0.290492 -0.933579
vn 0.194746 0.301204 -0.933461
vn 0.140693 0.217604 -0.965844
vn 0.117652 0.230905 -0.965837
vn 0.485745 0.247499 -0.838329
vn 0.457213 0.296918 -0.838329
vn 0.423672 0.343083 -0.838329
vn 0.385489 0.385489 -0.838329
vn 0.343083 0.423672 -0.838329
vn 0.318656 0.441693 -0.838669
vn 0.265623 0.368183 -0.891003
vn 0.246414 0.381676 -0.890844
vn 0.194585 0.301398 -0.933432
vn 0.16289 0.31969 -0.933416
vn 0.561193 0.285942 -0.776724
vn 0.52823 0.343036 -0.776724
vn 0.489479 0.396372 -0.776724
vn 0.445365 0.445365 -0.776724
vn 0.396372 0.489479 -0.776724
vn 0.36786 0.510614 -0.777143
vn 0.318367 0.441914 -0.838662
vn 0.295261 0.45801 -0.838479
vn 0.24622 0.381938 -0.890786
vn 0.206332 0.404949 -0.890754
vn 0.630469 0.32124 -0.706622
vn 0.593436 0.385382 -0.706622
vn 0.549902 0.445302 -0.706622
vn 0.500343 0.500343 -0.706622
vn 0.445302 0.549902 -0.706622
vn 0.412945 0.574005 -0.707103
vn 0.367528 0.510873 -0.777131
vn 0.340763 0.52937 -0.776948
vn 0.295038 0.458337 -0.83838
vn 0.247499 0.485745 -0.838329
vn 0.692818 0.353008 -0.628799
vn 0.652123 0.423494 -0.628799
vn 0.604284 0.489339 -0.628799
vn 0.549823 0.549823 -0.628799
vn 0.489339 0.604284 -0.628799
vn 0.453426 0.631164 -0.629315
vn 0.412574 0.574298 -0.707082
vn 0.382433 0.594977 -0.706928
vn 0.34051 0.529756 -0.776796
vn 0.285942 0.561193 -0.776724
vn 0.747565 0.380903 -0.544114
vn 0.703654 0.456958 -0.544114
vn 0.652034 0.528007 -0.544114
vn 0.593271 0.593271 -0.544114
vn 0.528007 0.652034 -0.544114
vn 0.488866 0.681459 -0.544632
vn 0.453018 0.631488 -0.629283
vn 0.419826 0.654115 -0.62919
vn 0.382149 0.595411 -0.706716
vn 0.32124 0.630469 -0.706622
vn 0.794117 0.404623 -0.453496
vn 0.747472 0.485414 -0.453496
vn 0.692638 0.560887 -0.453496
vn 0.630215 0.630215 -0.453496
vn 0.560887 0.692638 -0.453496
vn 0.518888 0.724331 -0.453982
vn 0.488427 0.68181 -0.544587
vn 0.452548 0.706137 -0.544583
vn 0.41951 0.654585 -0.628912
vn 0.353008 0.692818 -0.628799
vn 0.831973 0.423911 -0.35794
vn 0.783104 0.508554 -0.35794
vn 0.725656 0.587625 -0.35794
vn 0.660257 0.660257 -0.35794
vn 0.587625 0.725656 -0.35794
vn 0.543173 0.759303 -0.358359
vn 0.518421 0.724703 -0.453922
vn 0.480255 0.750473 -0.454032
vn 0.452196 0.706627 -0.544239
vn 0.380903 0.747565 -0.544114
vn 0.652123 0.423494 0.628799
vn 0.604284 0.489339 0.628799
vn 0.549823 0.549823 0.628799
vn 0.489339 0.604284 0.628799
vn 0.423494 0.652123 0.628799
vn 0.353008 0.692818 0.628799
vn 0.278655 0.725922 0.628799
vn 0.201249 0.751073 0.628799
vn 0.121638 0.767995 0.628799
vn 0.0406948 0.776502 0.628799
vn -0.0406948 0.776502 0.628799
vn -0.121638 0.767995 0.628799
vn -0.201249 0.751073 0.628799
vn -0.278655 0.725922 0.628799
vn 0.860889 0.230675 -0.453496
vn 0.810423 0.217152 -0.544114
vn 0.751073 0.201249 -0.628799
vn 0.683481 0.183138 -0.706622
vn 0.60838 0.163015 -0.776724
vn 0.526588 0.141099 -0.838329
vn 0.438999 0.117629 -0.890754
vn 0.346571 0.0928634 -0.933416
vn 0.25032 0.0670731 -0.965837
vn 0.151306 0.0405424 -0.987655
vn 0.828682 0.13125 -0.544114
vn 0.837862 0.0439105 -0.544114
vn 0.837862 -0.0439105 -0.544114
vn 0.828682 -0.13125 -0.544114
vn 0.810423 -0.217152 -0.544114
vn 0.767995 0.121638 -0.628799
vn 0.776502 0.0406948 -0.628799
vn 0.776502 -0.0406948 -0.628799
vn 0.767995 -0.121638 -0.628799
vn 0.751073 -0.201249 -0.628799
vn 0.69888 0.110692 -0.706622
vn 0.706622 0.0370325 -0.706622
vn 0.706622 -0.0370325 -0.706622
vn 0.69888 -0.110692 -0.706622
vn 0.683481 -0.183138 -0.706622
vn 0.622087 0.0985289 -0.776724
vn 0.628978 0.0329634 -0.776724
vn 0.628978 -0.0329634 -0.776724
vn 0.622087 -0.0985289 -0.776724
vn 0.60838 -0.163015 -0.776724
vn 0.538453 0.0852825 -0.838329
vn 0.544417 0.0285317 -0.838329
vn 0.544417 -0.0285317 -0.838329
vn 0.538453 -0.0852825 -0.838329
vn 0.526588 -0.141099 -0.838329
vn 0.448889 0.0710971 -0.890754
vn 0.453862 0.0237859 -0.890754
vn 0.453862 -0.0237859 -0.890754
vn 0.448889 -0.0710971 -0.890754
vn 0.438999 -0.117629 -0.890754
vn 0.354379 0.0561281 -0.933416
vn 0.358305 0.018778 -0.933416
vn 0.358305 -0.018778 -0.933416
vn 0.354379 -0.0561281 -0.933416
vn 0.346571 -0.0928634 -0.933416
vn 0.154715 0.0245045 -0.987655
vn 0.25596 0.0405401 -0.965837
vn 0.258795 0.0135629 -0.965837
vn 0.258795 -0.0135629 -0.965837
vn 0.25596 -0.0405401 -0.965837
vn 0.25032 -0.0670731 -0.965837
vn 0.156429 0.00819811 -0.987655
vn 0.156429 -0.00819811 -0.987655
vn 0.154715 -0.0245045 -0.987655
vn 0.151306 -0.0405424 -0.987655
vn -0.794117 -0.404623 -0.453496
vn -0.832061 -0.319398 -0.453496
vn -0.860889 -0.230675 -0.453496
vn -0.747472 -0.485414 -0.453496
vn -0.692638 -0.560887 -0.453496
vn -0.630215 -0.630215 -0.453496
vn -0.560887 -0.692638 -0.453496
vn -0.518888 -0.724331 -0.453982
vn -0.488427 -0.68181 -0.544587
vn -0.452548 -0.706137 -0.544583
vn -0.41951 -0.654585 -0.628912
vn -0.353008 -0.692818 -0.628799
vn -0.278655 -0.725922 -0.628799
vn -0.201249 -0.751073 -0.628799
vn -0.121638 -0.767995 -0.628799
vn -0.0406948 -0.776502 -0.628799
vn 0.0406948 -0.776502 -0.628799
vn 0.121638 -0.767995 -0.628799
vn 0.201249 -0.751073 -0.628799
vn 0.278655 -0.725922 -0.628799
vn 0.353008 -0.692818 -0.628799
vn 0.423494 -0.652123 -0.628799
vn 0.489339 -0.604284 -0.628799
vn 0.549823 -0.549823 -0.628799
vn 0.604284 -0.489339 -0.628799
vn -0.747565 -0.380903 0.544114
vn -0.783285 -0.300675 0.544114
vn -0.810423 -0.217152 0.544114
vn -0.828682 -0.13125 0.544114
vn -0.837862 -0.0439105 0.544114
vn -0.703654 -0.456958 0.544114
vn -0.652034 -0.528007 0.544114
vn -0.593271 -0.593271 0.544114
vn -0.528007 -0.652034 0.544114
vn -0.456958 -0.703654 0.544114
vn -0.380903 -0.747565 0.544114
vn -0.230905 -0.117652 0.965837
vn -0.241938 -0.0928712 0.965837
vn -0.25032 -0.0670731 0.965837
vn -0.25596 -0.0405401 0.965837
vn -0.139571 -0.0711148 0.987655
vn -0.14624 -0.0561361 0.987655
vn -0.151306 -0.0405424 0.987655
vn -0.154715 -0.0245045 0.987655
vn -0.217342 -0.141143 0.965837
vn -0.131373 -0.0853144 0.987655
vn -0.31969 -0.16289 0.933416
vn -0.334965 -0.128581 0.933416
vn -0.424298 -0.162873 0.890754
vn -0.438999 -0.117629 0.890754
vn -0.526588 -0.141099 0.838329
vn -0.538453 -0.0852825 0.838329
vn -0.622087 -0.0985289 0.776724
vn -0.139673 0.0706946 -0.987671
vn -0.873602 0.461428 -0.154611
vn -0.883024 0.466405 -0.052299
vn -0.135899 0.0774896 -0.987688
vn -0.22484 0.128204 -0.965925
vn -0.692818 0.353008 0.628799
vn -0.725922 0.278655 0.628799
vn -0.751073 0.201249 0.628799
vn -0.767995 0.121638 0.628799
vn -0.776502 0.0406948 0.628799
vn -0.747565 0.380903 0.544114
vn -0.783285 0.300675 0.544114
vn -0.810423 0.217152 0.544114
vn -0.828682 0.13125 0.544114
vn -0.652123 0.423494 0.628799
vn -0.604284 0.489339 0.628799
vn -0.549823 0.549823 0.628799
vn -0.489339 0.604284 0.628799
vn -0.423494 0.652123 0.628799
vn -0.794117 0.404623 0.453496
vn -0.832061 0.319398 0.453496
vn -0.860889 0.230675 0.453496
vn -0.703654 0.456958 0.544114
vn -0.652034 0.528007 0.544114
vn -0.593271 0.593271 0.544114
vn -0.528007 0.652034 0.544114
vn -0.456958 0.703654 0.544114
vn -0.831973 0.423911 0.35794
vn -0.871726 0.334624 0.35794
vn -0.747472 0.485414 0.453496
vn -0.692638 0.560887 0.453496
vn -0.630215 0.630215 0.453496
vn -0.560887 0.692638 0.453496
vn -0.485414 0.747472 0.453496
vn -0.860725 0.438561 0.258488
vn -0.810168 0.526129 0.258488
vn -0.828373 0.537952 0.156225
vn -0.767604 0.621593 0.156225
vn -0.776084 0.62846 0.0522644
vn -0.70614 0.70614 0.0522644
vn -0.70614 0.70614 -0.0522644
vn -0.62846 0.776084 -0.0522644
vn -0.783104 0.508554 0.35794
vn -0.725656 0.587625 0.35794
vn -0.660257 0.660257 0.35794
vn -0.587625 0.725656 0.35794
vn -0.508554 0.783104 0.35794
vn -0.837524 0.543895 0.0522644
vn -0.837524 0.543895 -0.0522644
vn -0.217342 0.141143 -0.965837
vn -0.538453 -0.0852825 0.838329
vn -0.448889 -0.0710971 0.890754
vn -0.354379 -0.0561281 0.933416
vn -0.346571 -0.0928634 0.933416
vn -0.438999 -0.117629 0.890754
vn 0.24753 0.381163 0.890754
vn 0.206332 0.404949 0.890754
vn 0.162873 0.424298 0.890754
vn 0.117629 0.438999 0.890754
vn 0.0710971 0.448889 0.890754
vn 0.0237859 0.453862 0.890754
vn -0.0237859 0.453862 0.890754
vn -0.0710971 0.448889 0.890754
vn -0.117629 0.438999 0.890754
vn -0.162873 0.424298 0.890754
vn 0.296918 0.457213 0.838329
vn 0.247499 0.485745 0.838329
vn 0.195369 0.508955 0.838329
vn 0.141099 0.526588 0.838329
vn 0.0852825 0.538453 0.838329
vn 0.0285317 0.544417 0.838329
vn -0.0285317 0.544417 0.838329
vn -0.0852825 0.538453 0.838329
vn -0.141099 0.526588 0.838329
vn -0.195369 0.508955 0.838329
vn 0.286017 0.353201 0.890754
vn 0.343083 0.423672 0.838329
vn 0.396372 0.489479 0.776724
vn 0.445302 0.549902 0.706622
vn 0.343036 0.52823 0.776724
vn 0.285942 0.561193 0.776724
vn 0.225715 0.588008 0.776724
vn 0.163015 0.60838 0.776724
vn 0.0985289 0.622087 0.776724
vn 0.0329634 0.628978 0.776724
vn -0.0329634 0.628978 0.776724
vn -0.0985289 0.622087 0.776724
vn -0.163015 0.60838 0.776724
vn -0.225715 0.588008 0.776724
vn 0.385382 0.593436 0.706622
vn 0.32124 0.630469 0.706622
vn 0.253578 0.660594 0.706622
vn 0.183138 0.683481 0.706622
vn 0.110692 0.69888 0.706622
vn 0.0370325 0.706622 0.706622
vn -0.0370325 0.706622 0.706622
vn -0.110692 0.69888 0.706622
vn -0.183138 0.683481 0.706622
vn -0.253578 0.660594 0.706622
vn 0.62846 0.776084 0.0522644
vn 0.621593 0.767604 0.156225
vn 0.560954 0.786381 -0.258719
vn 0.195415 0.300912 0.933416
vn 0.16289 0.31969 0.933416
vn 0.117652 0.230905 0.965837
vn 0.0928712 0.241938 0.965837
vn 0.0561361 0.14624 0.987655
vn 0.0405424 0.151306 0.987655
vn 0.128581 0.334965 0.933416
vn 0.0928634 0.346571 0.933416
vn 0.0561281 0.354379 0.933416
vn 0.018778 0.358305 0.933416
vn -0.018778 0.358305 0.933416
vn -0.0561281 0.354379 0.933416
vn -0.0928634 0.346571 0.933416
vn -0.128581 0.334965 0.933416
vn 0.0670731 0.25032 0.965837
vn 0.0245045 0.154715 0.987655
vn 0.0405401 0.25596 0.965837
vn 0.0135629 0.258795 0.965837
vn -0.0135629 0.258795 0.965837
vn -0.0405401 0.25596 0.965837
vn -0.0670731 0.25032 0.965837
vn -0.0928712 0.241938 0.965837
vn 0.00819811 0.156429 0.987655
vn -0.00819811 0.156429 0.987655
vn -0.0245045 0.154715 0.987655
vn -0.0405424 0.151306 0.987655
vn -0.0561361 0.14624 0.987655
vn -0.141143 0.217342 -0.965837
vn -0.117652 0.230905 -0.965837
vn -0.0928712 0.241938 -0.965837
vn -0.0670731 0.25032 -0.965837
vn -0.0405401 0.25596 -0.965837
vn -0.0135629 0.258795 -0.965837
vn 0.0135629 0.258795 -0.965837
vn 0.0405401 0.25596 -0.965837
vn 0.0670731 0.25032 -0.965837
vn -0.163089 0.201398 -0.965837
vn -0.183247 0.183247 -0.965837
vn -0.201398 0.163089 -0.965837
vn -0.62846 0.776084 -0.0522644
vn -0.62846 0.776084 0.0522644
vn -0.621593 0.767604 0.156225
vn -0.607933 0.750734 0.258488
vn 0.456958 -0.703654 -0.544114
vn 0.380903 -0.747565 -0.544114
vn 0.485414 -0.747472 -0.453496
vn 0.560887 -0.692638 -0.453496
vn 0.630215 -0.630215 -0.453496
vn 0.692638 -0.560887 -0.453496
vn 0.528007 -0.652034 -0.544114
vn 0.593271 -0.593271 -0.544114
vn 0.652034 -0.528007 -0.544114
vn 0.508554 -0.783104 -0.35794
vn 0.587625 -0.725656 -0.35794
vn 0.607933 -0.750734 -0.258488
vn 0.683075 -0.683075 -0.258488
vn 0.698425 -0.698425 -0.156225
vn 0.767604 -0.621593 -0.156225
vn 0.776084 -0.62846 -0.0522644
vn 0.621593 -0.767604 -0.156225
vn 0.62846 -0.776084 -0.0522644
vn 0.62846 -0.776084 0.0522644
vn 0.621593 -0.767604 0.156225
vn 0.607933 -0.750734 0.258488
vn -0.560954 -0.786381 -0.258719
vn -0.607933 -0.750734 0.258488
vn -0.621593 -0.767604 0.156225
vn -0.62846 -0.776084 0.0522644
vn -0.776084 -0.62846 0.0522644
vn -0.121735 -0.0985792 0.987655
vn -0.70614 -0.70614 0.0522644
vn -0.698425 -0.698425 0.156225
vn 0.660257 -0.660257 -0.35794
vn 0.725656 -0.587625 -0.35794
vn 0.70614 -0.70614 -0.0522644
vn 0.698425 -0.698425 -0.156225
vn 0.70614 -0.70614 0.0522644
vn 0.698425 -0.698425 0.156225
vn 0.683075 -0.683075 0.258488
vn 0.683075 -0.683075 -0.258488
vn 0.750734 -0.607933 -0.258488
vn 0.767604 -0.621593 -0.156225
vn 0.776084 -0.62846 0.0522644
vn 0.776084 -0.62846 -0.0522644
vn 0.750734 -0.607933 0.258488
vn 0.767604 -0.621593 0.156225
vn 0.810168 -0.526129 0.258488
vn 0.593436 0.385382 0.706622
vn 0.549902 0.445302 0.706622
vn 0.489479 0.396372 0.776724
vn 0.445365 0.445365 0.776724
vn 0.385489 0.385489 0.838329
vn 0.70614 0.70614 0.0522644
vn 0.500343 0.500343 0.706622
vn -0.70614 0.70614 -0.0522644
vn -0.70614 0.70614 0.0522644
vn -0.698425 0.698425 0.156225
vn -0.683075 0.683075 0.258488
vn -0.776084 0.62846 -0.0522644
vn -0.776084 0.62846 0.0522644
vn -0.750734 0.607933 0.258488
vn -0.767604 0.621593 0.156225
vn -0.810168 0.526129 0.258488
f 1//1 2//1 3//1
f 3//1 2//1 4//1
f 3//2 4//2 5//2
f 5//2 4//2 6//2
f 5//3 6//3 7//3
f 7//3 6//3 8//3
f 7//4 8//4 9//4
f 9//4 8//4 10//4
f 9//5 10//5 11//5
f 11//5 10//5 12//5
f 11//6 12//6 13//6
f 13//6 12//6 14//6
f 13//7 14//7 15//7
f 15//7 14//7 16//7
f 15//8 16//8 17//8
f 17//8 16//8 18//8
f 17//9 18//9 19//9
f 19//9 18//9 20//9
f 19//10 20//10 21//10
f 21//10 20//10 22//10
f 21//11 22//11 23//11
f 23//11 22//11 24//11
f 23//12 24//12 25//12
f 25//12 24//12 26//12
f 25//13 26//13 27//13
f 27//13 26//13 28//13
f 27//14 28//14 29//14
f 29//14 28//14 30//14
f 29//15 30//15 31//15
f 31//15 30//15 32//15
f 31//16 32//16 33//16
f 33//16 32//16 34//16
f 33//17 34//17 35//17
f 35//17 34//17 36//17
f 35//18 36//18 37//18
f 37//18 36//18 38//18
f 37//19 38//19 39//19
f 39//19 38//19 40//19
f 39//20 40//20 41//20
f 41//20 40//20 42//20
f 41//21 42//21 43//21
f 43//21 42//21 44//21
f 43//22 44//22 45//22
f 45//22 44//22 46//22
f 45//23 46//23 47//23
f 47//23 46//23 48//23
f 47//24 48//24 49//24
f 49//24 48//24 50//24
f 49//25 50//25 51//25
f 51//25 50//25 52//25
f 51//26 52//26 53//26
f 53//26 52//26 54//26
f 53//27 54//27 55//27
f 55//27 54//27 56//27
f 55//28 56//28 57//28
f 57//28 56//28 58//28
f 57//29 58//29 59//29
f 59//29 58//29 60//29
f 59//30 60//30 61//30
f 61//30 60//30 62//30
f 61//31 62//31 63//31
f 63//31 62//31 64//31
f 63//32 64//32 65//32
f 65//32 64//32 66//32
f 65//33 66//33 67//33
f 67//33 66//33 68//33
f 67//34 68//34 69//34
f 69//34 68//34 70//34
f 69//35 70//35 71//35
f 71//35 70//35 72//35
f 71//36 72//36 73//36
f 73//36 72//36 74//36
f 73//37 74//37 75//37
f 75//37 74//37 76//37
f 75//38 76//38 77//38
f 77//38 76//38 78//38
f 77//39 78//39 79//39
f 79//39 78//39 80//39
f 79//40 80//40 81//40
f 81//40 80//40 82//40
f 83//41 84//41 85//41
f 85//41 84//41 86//41
f 85//42 86//42 87//42
f 87//42 86//42 88//42
f 87//43 88//43 89//43
f 89//43 88//43 90//43
f 89//44 90//44 91//44
f 91//44 90//44 92//44
f 91//45 92//45 93//45
f 93//45 92//45 94//45
f 93//46 94//46 95//46
f 95//46 94//46 96//46
f 95//47 96//47 97//47
f 97//47 96//47 98//47
f 97//48 98//48 99//48
f 99//48 98//48 100//48
f 99//49 100//49 101//49
f 101//49 100//49 102//49
f 101//50 102//50 103//50
f 103//50 102//50 104//50
f 103//51 104//51 105//51
f 105//51 104//51 106//51
f 105//52 106//52 107//52
f 107//52 106//52 108//52
f 107//53 108//53 109//53
f 109//53 108//53 110//53
f 109//54 110//54 111//54
f 111//54 110//54 112//54
f 111//55 112//55 113//55
f 113//55 112//55 114//55
f 113//56 114//56 115//56
f 115//56 114//56 116//56
f 115//57 116//57 117//57
f 117//57 116//57 118//57
f 117//58 118//58 119//58
f 119//58 118//58 120//58
f 119//59 120//59 121//59
f 121//59 120//59 122//59
f 121//60 122//60 123//60
f 123//60 122//60 124//60
f 123//61 124//61 125//61
f 125//61 124//61 126//61
f 125//62 126//62 127//62
f 127//62 126//62 128//62
f 127//63 128//63 129//63
f 129//63 128//63 130//63
f 129//64 130//64 131//64
f 131//64 130//64 132//64
f 131//65 132//65 133//65
f 133//65 132//65 134//65
f 133//66 134//66 135//66
f 135//66 134//66 136//66
f 135//67 136//67 137//67
f 137//67 136//67 138//67
f 137//68 138//68 139//68
f 139//68 138//68 140//68
f 139//69 140//69 141//69
f 141//69 140//69 142//69
f 141//70 142//70 143//70
f 143//70 142//70 144//70
f 143//71 144//71 145//71
f 145//71 144//71 146//71
f 145//72 146//72 147//72
f 147//72 146//72 148//72
f 147//73 148//73 149//73
f 149//73 148//73 150//73
f 149//74 150//74 151//74
f 151//74 150//74 152//74
f 151//75 152//75 153//75
f 153//75 152//75 154//75
f 153//76 154//76 155//76
f 155//76 154//76 156//76
f 155//77 156//77 157//77
f 157//77 156//77 158//77
f 157//78 158//78 159//78
f 159//78 158//78 160//78
f 159//79 160//79 161//79
f 161//79 160//79 162//79
f 161//80 162//80 163//80
f 163//80 162//80 164//80
f 165//81 166//81 167//81
f 167//81 166//81 168//81
f 167//82 168//82 169//82
f 169//82 168//82 170//82
f 169//83 170//83 171//83
f 165//84 172//84 166//84
f 166//84 172//84 173//84
f 173//85 172//85 174//85
f 174//85 172//85 175//85
f 174//86 175//86 176//86
f 174//86 176//86 177//86
f 177//87 176//87 178//87
f 177//87 178//87 179//87
f 179//88 178//88 180//88
f 180//88 178//88 181//88
f 180//89 181//89 182//89
f 183//90 184//90 182//90
f 182//90 184//90 185//90
f 182//89 185//89 180//89
f 183//91 186//91 184//91
f 184//91 186//91 187//91
f 187//92 186//92 188//92
f 187//92 188//92 189//92
f 189//93 188//93 190//93
f 190//93 188//93 191//93
f 190//94 191//94 192//94
f 190//94 192//94 193//94
f 193//95 192//95 194//95
f 193//95 194//95 195//95
f 195//96 194//96 196//96
f 196//96 194//96 197//96
f 196//97 197//97 198//97
f 199//98 200//98 198//98
f 198//98 200//98 201//98
f 198//97 201//97 196//97
f 200//99 199//99 202//99
f 202//99 199//99 203//99
f 202//100 203//100 204//100
f 205//101 206//101 204//101
f 204//101 206//101 207//101
f 204//100 207//100 202//100
f 205//102 208//102 206//102
f 206//102 208//102 209//102
f 209//103 208//103 210//103
f 209//103 210//103 211//103
f 211//104 210//104 212//104
f 212//104 210//104 213//104
f 212//105 213//105 214//105
f 212//105 214//105 215//105
f 215//106 214//106 216//106
f 215//106 216//106 217//106
f 217//107 216//107 218//107
f 218//107 216//107 219//107
f 218//108 219//108 220//108
f 221//109 222//109 220//109
f 220//109 222//109 223//109
f 220//108 223//108 218//108
f 221//110 224//110 222//110
f 222//110 224//110 225//110
f 225//111 224//111 226//111
f 225//111 226//111 227//111
f 227//112 226//112 228//112
f 228//112 226//112 229//112
f 228//113 229//113 230//113
f 231//114 232//114 230//114
f 230//114 232//114 233//114
f 230//113 233//113 228//113
f 232//115 231//115 234//115
f 234//115 231//115 235//115
f 234//116 235//116 236//116
f 237//117 238//117 236//117
f 236//117 238//117 239//117
f 236//116 239//116 234//116
f 237//118 240//118 238//118
f 238//118 240//118 241//118
f 241//119 240//119 242//119
f 241//119 242//119 243//119
f 243//120 242//120 244//120
f 244//120 242//120 245//120
f 244//121 245//121 246//121
f 247//122 248//122 246//122
f 246//122 248//122 249//122
f 246//121 249//121 244//121
f 247//123 250//123 248//123
f 248//123 250//123 251//123
f 251//124 250//124 252//124
f 251//124 252//124 253//124
f 253//125 252//125 254//125
f 254//125 252//125 255//125
f 254//126 255//126 256//126
f 254//126 256//126 257//126
f 257//127 256//127 258//127
f 257//127 258//127 259//127
f 259//128 258//128 260//128
f 260//128 258//128 261//128
f 260//129 261//129 262//129
f 263//130 264//130 262//130
f 262//130 264//130 265//130
f 262//129 265//129 260//129
f 264//131 263//131 266//131
f 266//131 263//131 267//131
f 266//132 267//132 268//132
f 269//133 270//133 268//133
f 268//133 270//133 271//133
f 268//132 271//132 266//132
f 269//134 272//134 270//134
f 270//134 272//134 273//134
f 273//135 272//135 274//135
f 273//135 274//135 275//135
f 275//136 274//136 276//136
f 276//136 274//136 277//136
f 276//137 277//137 278//137
f 276//137 278//137 279//137
f 279//138 278//138 280//138
f 279//138 280//138 281//138
f 281//139 280//139 282//139
f 282//139 280//139 283//139
f 282//140 283//140 284//140
f 285//141 286//141 284//141
f 284//141 286//141 287//141
f 284//140 287//140 282//140
f 285//142 288//142 286//142
f 286//142 288//142 289//142
f 289//143 288//143 290//143
f 289//143 290//143 291//143
f 291//144 290//144 292//144
f 292//144 290//144 293//144
f 292//145 293//145 294//145
f 295//146 296//146 297//146
f 297//146 296//146 298//146
f 298//146 296//146 299//146
f 298//146 299//146 300//146
f 300//146 299//146 301//146
f 300//146 301//146 302//146
f 302//146 301//146 303//146
f 302//146 303//146 304//146
f 304//146 303//146 305//146
f 304//146 305//146 306//146
f 306//146 305//146 307//146
f 306//146 307//146 308//146
f 308//146 307//146 309//146
f 308//146 309//146 310//146
f 310//146 309//146 311//146
f 310//146 311//146 312//146
f 312//146 311//146 313//146
f 312//146 313//146 314//146
f 314//146 313//146 315//146
f 314//146 315//146 316//146
f 316//146 315//146 317//146
f 316//146 317//146 318//146
f 318//146 317//146 319//146
f 318//146 319//146 320//146
f 320//146 319//146 321//146
f 320//146 321//146 322//146
f 322//146 321//146 323//146
f 322//146 323//146 324//146
f 324//146 323//146 325//146
f 324//146 325//146 326//146
f 326//146 325//146 327//146
f 326//146 327//146 328//146
f 328//146 327//146 329//146
f 328//146 329//146 330//146
f 330//146 329//146 331//146
f 330//146 331//146 332//146
f 332//146 331//146 333//146
f 332//146 333//146 334//146
f 335//147 336//147 337//147
f 337//147 336//147 338//147
f 338//147 336//147 339//147
f 338//147 339//147 340//147
f 340//147 339//147 341//147
f 340//147 341//147 342//147
f 342//147 341//147 343//147
f 342//147 343//147 344//147
f 344//147 343//147 345//147
f 344//147 345//147 346//147
f 346//147 345//147 347//147
f 346//147 347//147 348//147
f 348//147 347//147 349//147
f 348//147 349//147 350//147
f 350//147 349//147 351//147
f 350//147 351//147 352//147
f 352//147 351//147 353//147
f 352//147 353//147 354//147
f 354//147 353//147 355//147
f 354//147 355//147 356//147
f 356//147 355//147 357//147
f 356//147 357//147 358//147
f 358//147 357//147 359//147
f 358//147 359//147 360//147
f 360//147 359//147 361//147
f 360//147 361//147 362//147
f 362//147 361//147 363//147
f 362//147 363//147 364//147
f 364//147 363//147 365//147
f 364//147 365//147 366//147
f 366//147 365//147 367//147
f 366//147 367//147 368//147
f 368//147 367//147 369//147
f 368//147 369//147 370//147
f 370//147 369//147 371//147
f 370//147 371//147 372//147
f 372//147 371//147 373//147
f 372//147 373//147 374//147
f 375//148 376//148 377//148
f 377//149 376//149 378//149
f 377//150 378//150 379//150
f 379//151 378//151 380//151
f 380//151 378//151 381//151
f 380//152 381//152 382//152
f 382//152 381//152 383//152
f 382//153 383//153 384//153
f 384//153 383//153 385//153
f 384//154 385//154 386//154
f 386//154 385//154 387//154
f 386//155 387//155 388//155
f 388//155 387//155 389//155
f 388//156 389//156 390//156
f 390//156 389//156 391//156
f 390//157 391//157 392//157
f 392//157 391//157 393//157
f 392//158 393//158 394//158
f 394//158 393//158 395//158
f 394//159 395//159 396//159
f 396//159 395//159 397//159
f 396//160 397//160 398//160
f 398//161 397//161 399//161
f 398//162 399//162 400//162
f 400//163 399//163 401//163
f 401//164 399//164 402//164
f 402//165 399//165 403//165
f 403//166 399//166 404//166
f 403//167 404//167 405//167
f 405//168 404//168 406//168
f 406//169 404//169 407//169
f 407//170 404//170 408//170
f 407//171 408//171 409//171
f 409//172 408//172 410//172
f 410//173 408//173 411//173
f 410//174 411//174 412//174
f 412//175 411//175 413//175
f 413//176 411//176 414//176
f 413//177 414//177 415//177
f 415//178 414//178 416//178
f 416//179 414//179 417//179
f 416//180 417//180 418//180
f 418//181 417//181 419//181
f 419//182 417//182 420//182
f 419//183 420//183 421//183
f 421//184 420//184 422//184
f 422//185 420//185 423//185
f 422//186 423//186 424//186
f 424//187 423//187 425//187
f 425//188 423//188 426//188
f 425//189 426//189 427//189
f 427//190 426//190 428//190
f 428//191 426//191 429//191
f 428//192 429//192 430//192
f 430//193 429//193 431//193
f 431//194 429//194 432//194
f 431//195 432//195 433//195
f 433//196 432//196 434//196
f 434//197 432//197 435//197
f 434//198 435//198 436//198
f 436//199 435//199 437//199
f 437//200 435//200 438//200
f 438//201 435//201 439//201
f 438//202 439//202 440//202
f 440//203 439//203 441//203
f 441//204 439//204 442//204
f 442//205 439//205 443//205
f 443//206 439//206 444//206
f 443//207 444//207 445//207
f 445//208 444//208 446//208
f 446//208 444//208 447//208
f 446//209 447//209 448//209
f 448//209 447//209 449//209
f 448//210 449//210 450//210
f 450//210 449//210 451//210
f 450//211 451//211 452//211
f 452//211 451//211 453//211
f 452//212 453//212 454//212
f 454//212 453//212 455//212
f 454//213 455//213 456//213
f 456//213 455//213 457//213
f 456//214 457//214 458//214
f 458//214 457//214 459//214
f 458//215 459//215 460//215
f 460//215 459//215 461//215
f 460//216 461//216 462//216
f 462//216 461//216 463//216
f 462//217 463//217 464//217
f 464//218 463//218 465//218
f 464//219 465//219 466//219
f 466//220 465//220 467//220
f 467//221 465//221 468//221
f 468//222 465//222 469//222
f 469//223 465//223 470//223
f 469//224 470//224 471//224
f 471//225 470//225 472//225
f 472//226 470//226 473//226
f 473//227 470//227 474//227
f 473//228 474//228 475//228
f 475//229 474//229 476//229
f 476//230 474//230 477//230
f 476//231 477//231 478//231
f 478//232 477//232 479//232
f 479//233 477//233 480//233
f 479//234 480//234 481//234
f 481//235 480//235 482//235
f 482//236 480//236 483//236
f 482//237 483//237 484//237
f 484//238 483//238 485//238
f 485//239 483//239 486//239
f 485//240 486//240 487//240
f 487//241 486//241 488//241
f 488//242 486//242 489//242
f 488//243 489//243 490//243
f 490//244 489//244 491//244
f 491//245 489//245 492//245
f 491//246 492//246 493//246
f 493//247 492//247 494//247
f 494//248 492//248 495//248
f 494//249 495//249 496//249
f 496//250 495//250 497//250
f 497//251 495//251 498//251
f 497//252 498//252 499//252
f 499//253 498//253 500//253
f 500//254 498//254 501//254
f 500//255 501//255 502//255
f 502//256 501//256 503//256
f 503//257 501//257 504//257
f 504//258 501//258 505//258
f 504//259 505//259 506//259
f 506//260 505//260 507//260
f 507//261 505//261 508//261
f 509//262 510//262 511//262
f 511//263 510//263 512//263
f 511//264 512//264 513//264
f 513//265 514//265 511//265
f 511//266 514//266 515//266
f 511//267 515//267 516//267
f 516//268 515//268 517//268
f 516//269 517//269 518//269
f 518//270 519//270 516//270
f 516//271 519//271 520//271
f 520//272 519//272 521//272
f 520//273 521//273 522//273
f 520//274 522//274 523//274
f 523//275 522//275 524//275
f 523//276 524//276 525//276
f 523//277 525//277 526//277
f 526//278 525//278 527//278
f 526//279 527//279 528//279
f 526//280 528//280 529//280
f 529//281 528//281 530//281
f 529//282 530//282 531//282
f 529//283 531//283 532//283
f 532//284 531//284 533//284
f 532//285 533//285 534//285
f 532//286 534//286 535//286
f 535//287 534//287 536//287
f 535//288 536//288 537//288
f 535//289 537//289 538//289
f 538//290 537//290 539//290
f 538//291 539//291 540//291
f 538//292 540//292 541//292
f 541//293 540//293 542//293
f 541//294 542//294 543//294
f 541//295 543//295 544//295
f 544//296 543//296 545//296
f 544//297 545//297 546//297
f 544//298 546//298 547//298
f 547//299 546//299 548//299
f 547//300 548//300 549//300
f 549//301 550//301 547//301
f 547//302 550//302 551//302
f 551//303 550//303 552//303
f 551//304 552//304 553//304
f 553//305 554//305 551//305
f 551//306 554//306 555//306
f 551//307 555//307 556//307
f 557//308 558//308 559//308
f 559//309 558//309 560//309
f 559//310 560//310 561//310
f 561//311 562//311 559//311
f 559//312 562//312 563//312
f 559//313 563//313 564//313
f 564//314 563//314 565//314
f 564//315 565//315 566//315
f 566//316 567//316 564//316
f 564//317 567//317 568//317
f 568//318 567//318 569//318
f 568//319 569//319 570//319
f 568//320 570//320 571//320
f 571//321 570//321 572//321
f 571//322 572//322 573//322
f 571//323 573//323 574//323
f 574//324 573//324 575//324
f 574//325 575//325 576//325
f 574//326 576//326 577//326
f 577//327 576//327 578//327
f 577//328 578//328 579//328
f 577//329 579//329 580//329
f 580//330 579//330 581//330
f 580//331 581//331 582//331
f 580//332 582//332 583//332
f 583//333 582//333 584//333
f 583//334 584//334 585//334
f 583//335 585//335 586//335
f 586//336 585//336 587//336
f 586//337 587//337 588//337
f 586//338 588//338 589//338
f 589//339 588//339 590//339
f 589//340 590//340 591//340
f 589//341 591//341 592//341
f 592//342 591//342 593//342
f 592//343 593//343 594//343
f 592//344 594//344 595//344
f 595//345 594//345 596//345
f 595//346 596//346 597//346
f 597//347 598//347 595//347
f 595//348 598//348 599//348
f 599//349 598//349 600//349
f 599//350 600//350 601//350
f 601//351 602//351 599//351
f 599//352 602//352 603//352
f 599//353 603//353 604//353
f 605//354 606//354 607//354
f 607//355 606//355 608//355
f 607//356 608//356 609//356
f 609//357 608//357 610//357
f 610//358 608//358 611//358
f 610//359 611//359 612//359
f 612//360 611//360 613//360
f 612//361 613//361 614//361
f 614//362 613//362 615//362
f 615//363 613//363 616//363
f 615//364 616//364 617//364
f 617//365 616//365 618//365
f 617//365 618//365 619//365
f 619//366 618//366 620//366
f 619//366 620//366 621//366
f 621//367 620//367 622//367
f 621//367 622//367 623//367
f 623//368 622//368 624//368
f 623//368 624//368 625//368
f 625//369 624//369 626//369
f 625//369 626//369 627//369
f 627//370 626//370 628//370
f 627//370 628//370 629//370
f 629//371 628//371 630//371
f 629//371 630//371 631//371
f 631//372 630//372 632//372
f 631//372 632//372 633//372
f 633//373 632//373 634//373
f 633//373 634//373 635//373
f 635//374 634//374 636//374
f 635//374 636//374 637//374
f 637//375 636//375 638//375
f 639//376 640//376 641//376
f 641//377 640//377 642//377
f 641//378 642//378 643//378
f 643//379 642//379 644//379
f 643//380 644//380 645//380
f 645//381 644//381 646//381
f 645//382 646//382 647//382
f 642//383 648//383 644//383
f 644//384 648//384 646//384
f 645//385 647//385 649//385
f 649//386 647//386 650//386
f 649//387 650//387 651//387
f 649//388 651//388 652//388
f 652//389 651//389 653//389
f 652//390 653//390 654//390
f 654//391 653//391 655//391
f 654//392 655//392 656//392
f 656//393 655//393 657//393
f 656//394 657//394 658//394
f 658//395 657//395 659//395
f 658//396 659//396 660//396
f 660//397 659//397 661//397
f 660//398 661//398 662//398
f 662//399 661//399 663//399
f 662//400 663//400 664//400
f 664//401 663//401 665//401
f 664//402 665//402 666//402
f 666//403 665//403 667//403
f 666//404 667//404 668//404
f 668//405 667//405 669//405
f 668//406 669//406 670//406
f 670//407 669//407 671//407
f 670//408 671//408 672//408
f 672//409 671//409 673//409
f 672//410 673//410 674//410
f 653//411 675//411 655//411
f 655//412 675//412 676//412
f 655//413 676//413 657//413
f 657//414 676//414 677//414
f 657//415 677//415 659//415
f 659//416 677//416 678//416
f 659//417 678//417 661//417
f 661//418 678//418 679//418
f 661//419 679//419 663//419
f 663//420 679//420 680//420
f 663//421 680//421 665//421
f 665//422 680//422 681//422
f 665//423 681//423 667//423
f 667//424 681//424 682//424
f 667//425 682//425 669//425
f 669//426 682//426 683//426
f 669//427 683//427 671//427
f 671//428 683//428 684//428
f 671//429 684//429 673//429
f 673//430 684//430 685//430
f 673//431 685//431 674//431
f 675//432 686//432 676//432
f 676//433 686//433 687//433
f 676//434 687//434 688//434
f 688//435 687//435 689//435
f 688//436 689//436 690//436
f 690//437 689//437 691//437
f 690//438 691//438 692//438
f 692//438 691//438 693//438
f 692//439 693//439 694//439
f 694//439 693//439 695//439
f 694//440 695//440 696//440
f 696//440 695//440 697//440
f 696//441 697//441 698//441
f 698//441 697//441 699//441
f 698//442 699//442 700//442
f 700//442 699//442 701//442
f 700//443 701//443 702//443
f 702//443 701//443 703//443
f 702//444 703//444 704//444
f 704//444 703//444 705//444
f 704//445 705//445 706//445
f 706//445 705//445 707//445
f 706//446 707//446 708//446
f 708//447 707//447 709//447
f 709//448 707//448 705//448
f 709//449 705//449 710//449
f 710//450 705//450 711//450
f 710//451 711//451 712//451
f 712//452 711//452 713//452
f 712//453 713//453 714//453
f 714//454 713//454 715//454
f 714//455 715//455 716//455
f 716//456 715//456 717//456
f 716//457 717//457 718//457
f 718//458 717//458 719//458
f 718//459 719//459 720//459
f 721//460 722//460 723//460
f 723//461 722//461 724//461
f 723//462 724//462 725//462
f 725//463 724//463 726//463
f 725//464 726//464 727//464
f 727//465 726//465 728//465
f 727//466 728//466 729//466
f 729//466 728//466 730//466
f 729//467 730//467 731//467
f 731//467 730//467 732//467
f 731//468 732//468 733//468
f 733//468 732//468 734//468
f 733//469 734//469 735//469
f 735//469 734//469 711//469
f 735//470 711//470 736//470
f 726//471 737//471 728//471
f 728//472 737//472 738//472
f 728//473 738//473 730//473
f 730//473 738//473 739//473
f 730//474 739//474 732//474
f 732//474 739//474 740//474
f 732//475 740//475 734//475
f 734//475 740//475 741//475
f 734//476 741//476 742//476
f 737//477 743//477 738//477
f 738//478 743//478 744//478
f 738//479 744//479 739//479
f 739//480 744//480 745//480
f 739//481 745//481 740//481
f 740//481 745//481 746//481
f 740//482 746//482 741//482
f 744//483 747//483 745//483
f 745//484 747//484 748//484
f 745//485 748//485 746//485
f 747//486 749//486 748//486
f 748//487 749//487 750//487
f 751//488 752//488 753//488
f 753//489 752//489 754//489
f 753//490 754//490 755//490
f 755//491 754//491 756//491
f 755//492 756//492 757//492
f 757//493 756//493 758//493
f 757//494 758//494 759//494
f 759//495 758//495 760//495
f 759//496 760//496 761//496
f 761//497 760//497 762//497
f 761//498 762//498 763//498
f 763//499 762//499 764//499
f 763//500 764//500 765//500
f 751//501 766//501 752//501
f 752//502 766//502 767//502
f 752//503 767//503 754//503
f 754//503 767//503 768//503
f 754//504 768//504 769//504
f 769//504 768//504 770//504
f 769//505 770//505 771//505
f 771//505 770//505 772//505
f 771//506 772//506 773//506
f 773//506 772//506 774//506
f 773//507 774//507 775//507
f 775//507 774//507 776//507
f 775//508 776//508 777//508
f 777//509 776//509 778//509
f 777//510 778//510 779//510
f 779//511 778//511 780//511
f 779//512 780//512 781//512
f 781//513 780//513 782//513
f 781//514 782//514 783//514
f 783//515 782//515 784//515
f 784//516 782//516 785//516
f 784//517 785//517 786//517
f 786//518 785//518 787//518
f 786//518 787//518 788//518
f 788//519 787//519 789//519
f 788//519 789//519 790//519
f 790//520 789//520 791//520
f 790//520 791//520 792//520
f 792//521 791//521 793//521
f 792//521 793//521 794//521
f 794//522 793//522 795//522
f 794//522 795//522 796//522
f 796//523 795//523 797//523
f 796//523 797//523 798//523
f 798//524 797//524 799//524
f 798//524 799//524 800//524
f 800//525 799//525 801//525
f 800//525 801//525 802//525
f 802//526 801//526 803//526
f 804//527 805//527 806//527
f 806//528 805//528 807//528
f 806//529 807//529 808//529
f 808//530 807//530 809//530
f 808//530 809//530 810//530
f 810//531 809//531 811//531
f 810//531 811//531 812//531
f 812//532 811//532 813//532
f 812//532 813//532 814//532
f 814//533 813//533 815//533
f 814//533 815//533 816//533
f 816//534 815//534 817//534
f 816//534 817//534 818//534
f 818//535 817//535 819//535
f 818//535 819//535 820//535
f 820//536 819//536 821//536
f 820//536 821//536 822//536
f 822//537 821//537 823//537
f 822//537 823//537 824//537
f 824//538 823//538 825//538
f 824//538 825//538 826//538
f 826//539 825//539 827//539
f 826//539 827//539 828//539
f 828//540 827//540 803//540
f 805//541 829//541 807//541
f 807//542 829//542 830//542
f 807//543 830//543 831//543
f 831//544 830//544 832//544
f 831//545 832//545 833//545
f 833//546 832//546 834//546
f 833//547 834//547 835//547
f 835//548 834//548 836//548
f 835//549 836//549 837//549
f 829//550 838//550 830//550
f 830//551 838//551 832//551
f 835//552 837//552 839//552
f 839//553 837//553 840//553
f 839//554 840//554 841//554
f 841//555 840//555 842//555
f 841//556 842//556 843//556
f 843//556 842//556 844//556
f 840//557 845//557 842//557
f 842//558 845//558 844//558
f 845//559 846//559 844//559
f 844//560 846//560 847//560
f 848//561 849//561 850//561
f 850//562 849//562 851//562
f 852//563 853//563 854//563
f 854//564 853//564 855//564
f 854//565 855//565 856//565
f 856//566 855//566 857//566
f 856//567 857//567 858//567
f 858//568 857//568 859//568
f 858//569 859//569 860//569
f 860//570 859//570 861//570
f 860//571 861//571 862//571
f 857//572 863//572 859//572
f 859//573 863//573 861//573
f 860//574 862//574 864//574
f 864//575 862//575 865//575
f 864//576 865//576 866//576
f 866//577 865//577 867//577
f 866//578 867//578 868//578
f 869//579 870//579 868//579
f 868//580 870//580 871//580
f 868//581 871//581 866//581
f 866//582 871//582 864//582
f 870//583 869//583 872//583
f 872//584 869//584 873//584
f 872//585 873//585 874//585
f 872//586 874//586 875//586
f 875//587 874//587 876//587
f 875//588 876//588 877//588
f 877//589 876//589 878//589
f 877//590 878//590 879//590
f 879//590 878//590 880//590
f 879//591 880//591 881//591
f 881//591 880//591 882//591
f 881//592 882//592 883//592
f 883//593 882//593 884//593
f 883//594 884//594 885//594
f 885//595 884//595 886//595
f 885//596 886//596 887//596
f 887//596 886//596 888//596
f 887//597 888//597 889//597
f 889//597 888//597 890//597
f 889//598 890//598 891//598
f 891//598 890//598 892//598
f 891//599 892//599 893//599
f 893//599 892//599 894//599
f 893//600 894//600 895//600
f 895//601 894//601 896//601
f 896//602 894//602 897//602
f 896//603 897//603 898//603
f 898//604 897//604 899//604
f 898//605 899//605 900//605
f 900//606 899//606 901//606
f 901//607 899//607 902//607
f 901//608 902//608 903//608
f 903//609 902//609 904//609
f 903//610 904//610 905//610
f 905//611 904//611 906//611
f 905//612 906//612 907//612
f 907//613 906//613 908//613
f 907//614 908//614 909//614
f 909//615 908//615 910//615
f 910//616 908//616 911//616
f 910//617 911//617 912//617
f 912//618 911//618 913//618
f 912//618 913//618 914//618
f 914//619 913//619 915//619
f 914//619 915//619 916//619
f 916//620 915//620 917//620
f 916//620 917//620 918//620
f 918//621 917//621 919//621
f 918//621 919//621 920//621
f 920//622 919//622 921//622
f 920//622 921//622 922//622
f 922//623 921//623 923//623
f 922//623 923//623 924//623
f 924//624 923//624 925//624
f 924//624 925//624 926//624
f 926//625 925//625 927//625
f 926//625 927//625 928//625
f 928//626 927//626 929//626
f 928//626 929//626 930//626
f 930//627 929//627 931//627
f 932//628 933//628 934//628
f 934//629 933//629 935//629
f 933//630 936//630 935//630
f 935//631 936//631 937//631
f 935//632 937//632 938//632
f 938//633 937//633 939//633
f 938//634 939//634 940//634
f 940//635 939//635 941//635
f 940//636 941//636 942//636
f 942//637 941//637 943//637
f 942//638 943//638 944//638
f 944//638 943//638 945//638
f 944//639 945//639 946//639
f 946//639 945//639 947//639
f 946//640 947//640 948//640
f 948//640 947//640 949//640
f 948//641 949//641 950//641
f 950//641 949//641 951//641
f 937//642 952//642 939//642
f 939//643 952//643 953//643
f 939//644 953//644 941//644
f 941//645 953//645 954//645
f 941//646 954//646 955//646
f 955//647 954//647 956//647
f 955//648 956//648 957//648
f 952//649 958//649 953//649
f 953//650 958//650 954//650
f 955//651 957//651 959//651
f 959//652 957//652 960//652
f 959//653 960//653 961//653
f 961//654 960//654 962//654
f 961//655 962//655 963//655
f 963//656 962//656 964//656
f 963//657 964//657 965//657
f 965//658 964//658 966//658
f 965//659 966//659 967//659
f 962//660 968//660 964//660
f 964//661 968//661 966//661
f 965//662 967//662 969//662
f 969//663 967//663 970//663
f 969//664 970//664 971//664
f 969//665 971//665 972//665
f 972//666 971//666 973//666
f 972//667 973//667 974//667
f 974//668 973//668 975//668
f 974//669 975//669 976//669
f 976//670 975//670 977//670
f 976//671 977//671 978//671
f 978//672 977//672 979//672
f 978//673 979//673 980//673
f 980//674 979//674 981//674
f 980//675 981//675 982//675
f 982//676 981//676 983//676
f 982//677 983//677 984//677
f 984//678 983//678 985//678
f 984//679 985//679 986//679
f 986//680 985//680 987//680
f 986//681 987//681 988//681
f 988//682 987//682 989//682
f 988//683 989//683 990//683
f 990//684 989//684 991//684
f 990//685 991//685 992//685
f 992//686 991//686 993//686
f 992//687 993//687 994//687
f 973//688 995//688 975//688
f 975//689 995//689 996//689
f 975//690 996//690 977//690
f 977//691 996//691 997//691
f 977//692 997//692 979//692
f 979//693 997//693 998//693
f 979//694 998//694 981//694
f 981//695 998//695 999//695
f 981//696 999//696 983//696
f 983//697 999//697 1000//697
f 983//698 1000//698 985//698
f 985//699 1000//699 1001//699
f 985//700 1001//700 987//700
f 987//701 1001//701 1002//701
f 987//702 1002//702 989//702
f 989//703 1002//703 1003//703
f 989//704 1003//704 991//704
f 991//705 1003//705 1004//705
f 991//706 1004//706 993//706
f 993//707 1004//707 1005//707
f 993//708 1005//708 994//708
f 995//709 1006//709 996//709
f 996//710 1006//710 1007//710
f 996//711 1007//711 1008//711
f 1008//712 1007//712 1009//712
f 1008//713 1009//713 1010//713
f 1010//714 1009//714 1011//714
f 1010//715 1011//715 1012//715
f 1012//715 1011//715 1013//715
f 1012//716 1013//716 1014//716
f 1014//716 1013//716 1015//716
f 1014//717 1015//717 1016//717
f 1016//717 1015//717 1017//717
f 1016//718 1017//718 1018//718
f 1018//718 1017//718 1019//718
f 1018//719 1019//719 1020//719
f 1020//719 1019//719 1021//719
f 1020//720 1021//720 1022//720
f 1022//720 1021//720 1023//720
f 1022//721 1023//721 1024//721
f 1024//721 1023//721 1025//721
f 1024//722 1025//722 1026//722
f 1026//722 1025//722 1027//722
f 1026//723 1027//723 1028//723
f 1028//724 1027//724 1029//724
f 1029//725 1027//725 1025//725
f 1029//726 1025//726 1030//726
f 1030//727 1025//727 1031//727
f 1030//728 1031//728 1032//728
f 1032//729 1031//729 1033//729
f 1032//730 1033//730 1034//730
f 1034//731 1033//731 1035//731
f 1034//732 1035//732 1036//732
f 1036//733 1035//733 1037//733
f 1036//734 1037//734 1038//734
f 1039//735 1040//735 1041//735
f 1041//736 1040//736 1042//736
f 1041//737 1042//737 1043//737
f 1043//738 1042//738 1044//738
f 1043//739 1044//739 1045//739
f 1045//740 1044//740 1046//740
f 1045//741 1046//741 1047//741
f 1047//741 1046//741 1048//741
f 1047//742 1048//742 1049//742
f 1049//742 1048//742 1050//742
f 1049//743 1050//743 1051//743
f 1051//743 1050//743 1052//743
f 1051//744 1052//744 1053//744
f 1053//744 1052//744 1031//744
f 1053//745 1031//745 1054//745
f 1044//746 1055//746 1046//746
f 1046//747 1055//747 1056//747
f 1046//748 1056//748 1048//748
f 1048//748 1056//748 1057//748
f 1048//749 1057//749 1050//749
f 1050//749 1057//749 1058//749
f 1050//750 1058//750 1052//750
f 1052//750 1058//750 1033//750
f 1052//751 1033//751 1059//751
f 1055//752 1060//752 1056//752
f 1056//753 1060//753 1061//753
f 1056//754 1061//754 1057//754
f 1057//755 1061//755 1062//755
f 1057//756 1062//756 1058//756
f 1058//756 1062//756 1063//756
f 1058//757 1063//757 1064//757
f 1061//758 1065//758 1062//758
f 1062//759 1065//759 1066//759
f 1062//760 1066//760 1063//760
f 1067//761 1068//761 1069//761
f 1069//762 1068//762 1070//762
f 1069//763 1070//763 1071//763
f 1071//764 1070//764 1072//764
f 1071//765 1072//765 1073//765
f 1073//766 1072//766 1074//766
f 1075//767 1076//767 1077//767
f 1078//768 1079//768 1080//768
f 1080//769 1079//769 1081//769
f 1080//770 1081//770 1082//770
f 1083//771 1084//771 1082//771
f 1082//772 1084//772 1085//772
f 1082//773 1085//773 1080//773
f 1080//774 1085//774 1078//774
f 1084//775 1083//775 1086//775
f 1086//776 1083//776 1087//776
f 1086//777 1087//777 1088//777
f 1088//778 1087//778 1089//778
f 1088//779 1089//779 1090//779
f 1090//780 1089//780 1091//780
f 1090//781 1091//781 1092//781
f 1092//782 1091//782 1093//782
f 1092//783 1093//783 1094//783
f 1094//784 1093//784 1095//784
f 1094//785 1095//785 1096//785
f 1096//786 1095//786 1097//786
f 1096//787 1097//787 1098//787
f 1098//788 1097//788 1099//788
f 1097//789 1100//789 1099//789
f 1099//790 1100//790 1101//790
f 1102//791 1103//791 1104//791
f 1104//792 1103//792 1105//792
f 1104//793 1105//793 1106//793
f 1106//794 1105//794 1107//794
f 1106//795 1107//795 1108//795
f 1108//796 1107//796 1109//796
f 1108//797 1109//797 1110//797
f 1110//798 1109//798 1111//798
f 1110//799 1111//799 1112//799
f 1112//800 1111//800 1113//800
f 1112//801 1113//801 1114//801
f 1114//802 1113//802 1115//802
f 1114//803 1115//803 1116//803
f 1116//804 1115//804 1117//804
f 1116//805 1117//805 1118//805
f 1118//806 1117//806 1119//806
f 1118//807 1119//807 1120//807
f 1120//808 1119//808 1121//808
f 1120//809 1121//809 1122//809
f 1122//810 1121//810 1123//810
f 1122//811 1123//811 1124//811
f 1124//812 1123//812 1125//812
f 1107//813 1126//813 1109//813
f 1109//814 1126//814 1111//814
f 1127//815 1128//815 1129//815
f 1129//816 1128//816 1130//816
f 1129//817 1130//817 1131//817
f 1131//818 1130//818 1132//818
f 1131//819 1132//819 1133//819
f 1133//820 1132//820 1134//820
f 1133//821 1134//821 1135//821
f 1135//822 1134//822 1136//822
f 1135//823 1136//823 1137//823
f 1137//823 1136//823 1138//823
f 1137//824 1138//824 1139//824
f 1139//824 1138//824 1140//824
f 1139//825 1140//825 1141//825
f 1141//825 1140//825 1142//825
f 1141//826 1142//826 1143//826
f 1136//827 1134//827 1144//827
f 1144//828 1134//828 1145//828
f 1144//829 1145//829 1136//829
f 1136//830 1145//830 1146//830
f 1136//831 1146//831 1138//831
f 1138//831 1146//831 1147//831
f 1138//832 1147//832 1140//832
f 1140//832 1147//832 1148//832
f 1140//833 1148//833 1142//833
f 1149//834 1150//834 1151//834
f 1151//835 1150//835 1152//835
f 1151//836 1152//836 1153//836
f 1153//837 1152//837 1154//837
f 1153//838 1154//838 1155//838
f 1155//839 1154//839 1156//839
f 1155//840 1156//840 1157//840
f 1157//841 1156//841 1158//841
f 1157//842 1158//842 1159//842
f 1157//843 1159//843 1160//843
f 1160//844 1159//844 1161//844
f 1160//845 1161//845 1162//845
f 1162//846 1161//846 1163//846
f 1162//847 1163//847 1164//847
f 1164//848 1163//848 1165//848
f 1164//849 1165//849 1166//849
f 1166//850 1165//850 1167//850
f 1166//851 1167//851 1168//851
f 1168//852 1167//852 1169//852
f 1168//853 1169//853 1170//853
f 1170//854 1169//854 1171//854
f 1170//855 1171//855 1172//855
f 1172//856 1171//856 1173//856
f 1172//857 1173//857 1174//857
f 1174//858 1173//858 1175//858
f 1174//859 1175//859 1176//859
f 1176//860 1175//860 1177//860
f 1176//861 1177//861 1178//861
f 1178//862 1177//862 1179//862
f 1178//863 1179//863 1180//863
f 1180//864 1179//864 1181//864
f 1180//865 1181//865 1182//865
f 1182//865 1181//865 1183//865
f 1182//866 1183//866 1184//866
f 1184//867 1183//867 1185//867
f 1184//868 1185//868 1186//868
f 1186//869 1185//869 1187//869
f 1186//870 1187//870 1188//870
f 1188//870 1187//870 1189//870
f 1188//871 1189//871 1190//871
f 1190//871 1189//871 1191//871
f 1190//872 1191//872 1192//872
f 1192//872 1191//872 1193//872
f 1192//873 1193//873 1194//873
f 1194//873 1193//873 1195//873
f 1194//874 1195//874 1196//874
f 1196//874 1195//874 1197//874
f 1196//875 1197//875 1198//875
f 1199//876 1200//876 1201//876
f 1201//877 1200//877 1202//877
f 1179//878 1203//878 1181//878
f 1181//879 1203//879 1204//879
f 1181//880 1204//880 1183//880
f 1183//881 1204//881 1205//881
f 1183//882 1205//882 1185//882
f 1185//883 1205//883 1206//883
f 1185//884 1206//884 1187//884
f 1187//885 1206//885 1207//885
f 1187//886 1207//886 1189//886
f 1189//886 1207//886 1208//886
f 1189//887 1208//887 1191//887
f 1191//887 1208//887 1209//887
f 1191//888 1209//888 1193//888
f 1193//888 1209//888 1210//888
f 1193//889 1210//889 1195//889
f 1195//889 1210//889 1211//889
f 1195//890 1211//890 1197//890
f 1204//891 1212//891 1205//891
f 1205//892 1212//892 1213//892
f 1205//893 1213//893 1206//893
f 1206//894 1213//894 1214//894
f 1206//895 1214//895 1215//895
f 1215//896 1214//896 1216//896
f 1215//897 1216//897 1207//897
f 1207//898 1216//898 1217//898
f 1207//899 1217//899 1208//899
f 1208//899 1217//899 1218//899
f 1208//900 1218//900 1209//900
f 1209//900 1218//900 1219//900
f 1209//901 1219//901 1210//901
f 1210//901 1219//901 1220//901
f 1210//902 1220//902 1211//902
f 1211//902 1220//902 1221//902
f 1217//903 1216//903 1222//903
f 1222//904 1216//904 1223//904
f 1222//905 1223//905 1217//905
f 1217//906 1223//906 1224//906
f 1217//907 1224//907 1218//907
f 1218//907 1224//907 1225//907
f 1218//908 1225//908 1219//908
f 1219//908 1225//908 1226//908
f 1219//909 1226//909 1220//909
f 1220//909 1226//909 1227//909
f 1220//910 1227//910 1221//910
f 1223//911 1228//911 1224//911
f 1224//912 1228//912 1229//912
f 1224//913 1229//913 1230//913
f 1230//914 1229//914 1231//914
f 1230//915 1231//915 1232//915
f 1232//916 1231//916 1233//916
f 1232//917 1233//917 1234//917
f 1234//918 1233//918 1235//918
f 1234//919 1235//919 1236//919
f 1237//920 1238//920 1239//920
f 1239//921 1238//921 1240//921
f 1239//922 1240//922 1241//922
f 1242//923 1243//923 1241//923
f 1241//924 1243//924 1244//924
f 1241//925 1244//925 1239//925
f 1239//926 1244//926 1237//926
f 1243//927 1242//927 1245//927
f 1245//928 1242//928 1246//928
f 1245//929 1246//929 1247//929
f 1247//930 1246//930 1248//930
f 1247//931 1248//931 1249//931
f 1249//932 1248//932 1250//932
f 1249//933 1250//933 1251//933
f 1251//934 1250//934 1252//934
f 1251//935 1252//935 1253//935
f 1253//936 1252//936 1254//936
f 1253//937 1254//937 1255//937
f 1255//938 1254//938 1256//938
f 1255//939 1256//939 1257//939
f 1257//940 1256//940 1258//940
f 1257//941 1258//941 1259//941
f 1259//941 1258//941 1260//941
f 1259//942 1260//942 1261//942
f 1261//942 1260//942 1262//942
f 1261//943 1262//943 1263//943
f 1263//943 1262//943 1264//943
f 1263//944 1264//944 1265//944
f 1265//944 1264//944 1266//944
f 1265//945 1266//945 1267//945
f 1267//945 1266//945 1268//945
f 1267//946 1268//946 1269//946
f 1269//946 1268//946 1270//946
f 1269//947 1270//947 1271//947
f 1271//947 1270//947 1272//947
f 1271//948 1272//948 1273//948
f 1273//948 1272//948 1274//948
f 1273//949 1274//949 1275//949
f 1275//949 1274//949 1276//949
f 1275//950 1276//950 1277//950
f 1256//951 1278//951 1258//951
f 1258//952 1278//952 1279//952
f 1258//953 1279//953 1260//953
f 1260//954 1279//954 1280//954
f 1260//955 1280//955 1262//955
f 1262//955 1280//955 1281//955
f 1262//956 1281//956 1264//956
f 1264//956 1281//956 1282//956
f 1264//957 1282//957 1266//957
f 1266//957 1282//957 1283//957
f 1266//958 1283//958 1268//958
f 1268//958 1283//958 1284//958
f 1268//959 1284//959 1270//959
f 1270//959 1284//959 1285//959
f 1270//960 1285//960 1272//960
f 1272//960 1285//960 1286//960
f 1272//961 1286//961 1274//961
f 1274//961 1286//961 1287//961
f 1274//962 1287//962 1276//962
f 1276//962 1287//962 1288//962
f 1279//963 1289//963 1280//963
f 1280//964 1289//964 1290//964
f 1280//965 1290//965 1291//965
f 1291//966 1290//966 1292//966
f 1291//967 1292//967 1293//967
f 1293//968 1292//968 1294//968
f 1293//969 1294//969 1295//969
f 1295//970 1294//970 1296//970
f 1295//971 1296//971 1297//971
f 1298//972 1299//972 1300//972
f 1301//973 1302//973 1303//973
f 1300//974 1299//974 1304//974
f 1304//975 1299//975 1305//975
f 1305//976 1299//976 1306//976
f 1306//977 1299//977 1307//977
f 1307//978 1299//978 1308//978
f 1308//979 1299//979 1309//979
f 1309//980 1299//980 1310//980
f 1310//981 1299//981 1311//981
f 1312//982 1299//982 1313//982
f 1313//983 1299//983 1314//983
f 1314//984 1299//984 1315//984
f 1315//985 1299//985 1316//985
f 1316//986 1299//986 1317//986
f 1317//987 1299//987 1318//987
f 1318//988 1299//988 1319//988
f 1319//989 1299//989 1320//989
f 1320//990 1299//990 1321//990
f 1321//991 1299//991 1322//991
f 1323//992 1299//992 1324//992
f 1324//993 1299//993 1325//993
f 1325//994 1299//994 1326//994
f 1326//995 1327//995 1328//995
f 1329//996 1327//996 1330//996
f 1330//997 1327//997 1331//997
f 1331//998 1327//998 1332//998
f 1332//999 1327//999 1333//999
f 1333//1000 1327//1000 1334//1000
f 1334//1001 1327//1001 1335//1001
f 1336//1002 1327//1002 1337//1002
f 1337//1003 1327//1003 1338//1003
f 1338//1004 1327//1004 1339//1004
f 1339//1005 1327//1005 1340//1005
f 1340//1006 1327//1006 1341//1006
f 1342//1007 1327//1007 1343//1007
f 1343//1008 1327//1008 1344//1008
f 1344//1009 1327//1009 1345//1009
f 1345//1010 1327//1010 1346//1010
f 1346//1011 1327//1011 1347//1011
f 1347//1012 1327//1012 1348//1012
f 1348//1013 1327//1013 1349//1013
f 1349//1014 1327//1014 1350//1014
f 1350//1015 1327//1015 1351//1015
f 1351//1016 1327//1016 1352//1016
f 1352//1017 1327//1017 1353//1017
f 1353//1018 1327//1018 1354//1018
f 1354//1019 1355//1019 1356//1019
f 1357//1020 1355//1020 1358//1020
f 1358//1021 1355//1021 1359//1021
f 1359//1022 1355//1022 1360//1022
f 1360//1023 1355//1023 1361//1023
f 1362//1024 1363//1024 1364//1024
f 1364//1025 1363//1025 1365//1025
f 1365//1026 1363//1026 1366//1026
f 1366//1027 1363//1027 1367//1027
f 1367//1028 1363//1028 1368//1028
f 1368//1029 1363//1029 1369//1029
f 1369//1030 1363//1030 1370//1030
f 1370//1031 1363//1031 1371//1031
f 1371//1032 1363//1032 1372//1032
f 1373//1033 1363//1033 1374//1033
f 1374//1034 1363//1034 1375//1034
f 1375//1035 1363//1035 1376//1035
f 1376//1036 1363//1036 1377//1036
f 1377//1037 1363//1037 1378//1037
f 1378//1038 1363//1038 1379//1038
f 1379//1039 1363//1039 1380//1039
f 1380//1040 1363//1040 1381//1040
f 1381//1041 1363//1041 1382//1041
f 1383//1042 1363//1042 1384//1042
f 1384//1043 1363//1043 1385//1043
f 1385//1044 1363//1044 1386//1044
f 1386//1045 1363//1045 1387//1045
f 1387//1046 1363//1046 1388//1046
f 1388//1047 1363//1047 1389//1047
f 1389//1048 1363//1048 1390//1048
f 1390//1049 1391//1049 1392//1049
f 1392//1050 1391//1050 1393//1050
f 1393//1051 1391//1051 1394//1051
f 1394//1052 1391//1052 1395//1052
f 1395//1053 1391//1053 1396//1053
f 1396//1054 1391//1054 1397//1054
f 1397//1055 1391//1055 1398//1055
f 1398//1056 1391//1056 1399//1056
f 1399//1057 1391//1057 1400//1057
f 1400//1058 1391//1058 1401//1058
f 1402//1059 1391//1059 1403//1059
f 1403//1060 1391//1060 1404//1060
f 1404//1061 1391//1061 1405//1061
f 1405//1062 1391//1062 1406//1062
f 1406//1063 1391//1063 1407//1063
f 1407//1064 1391//1064 1408//1064
f 1408//1065 1391//1065 1409//1065
f 1409//1066 1391//1066 1410//1066
f 1410//1067 1391//1067 1411//1067
f 1411//1068 1391//1068 1412//1068
f 1413//1069 1391//1069 1414//1069
f 1414//1070 1391//1070 1415//1070
f 1415//1071 1391//1071 1416//1071
f 1416//1072 1391//1072 1417//1072
f 1417//1073 1391//1073 1418//1073
f 1418//1074 1419//1074 1420//1074
f 1420//1075 1419//1075 1421//1075
f 1422//1076 1423//1076 1424//1076
f 1424//1076 1423//1076 1425//1076
f 1424//1077 1425//1077 1426//1077
f 1426//1077 1425//1077 1427//1077
f 1426//1078 1427//1078 1428//1078
f 1428//1078 1427//1078 1429//1078
f 1428//1079 1429//1079 1430//1079
f 1430//1079 1429//1079 1431//1079
f 1430//1080 1431//1080 1432//1080
f 1432//1081 1431//1081 1433//1081
f 1432//1082 1433//1082 1434//1082
f 1434//1083 1433//1083 1435//1083
f 1434//1084 1435//1084 1436//1084
f 1436//1084 1435//1084 1437//1084
f 1436//1085 1437//1085 1438//1085
f 1438//1085 1437//1085 1439//1085
f 1438//1086 1439//1086 1440//1086
f 1440//1086 1439//1086 1441//1086
f 1440//1087 1441//1087 1442//1087
f 1442//1087 1441//1087 1443//1087
f 1442//1088 1443//1088 1444//1088
f 1444//1088 1443//1088 1445//1088
f 1444//1089 1445//1089 1446//1089
f 1446//1089 1445//1089 1447//1089
f 1446//1090 1447//1090 1448//1090
f 1448//1090 1447//1090 1449//1090
f 1448//1091 1449//1091 1450//1091
f 1450//1091 1449//1091 1451//1091
f 1450//1092 1451//1092 1452//1092
f 1452//1092 1451//1092 1453//1092
f 1452//1093 1453//1093 1454//1093
f 1454//1093 1453//1093 1455//1093
f 1454//1094 1455//1094 1456//1094
f 1456//1094 1455//1094 1457//1094
f 1456//1095 1457//1095 1458//1095
f 1458//1095 1457//1095 1459//1095
f 1458//1096 1459//1096 1460//1096
f 1460//1096 1459//1096 1461//1096
f 1462//1097 1463//1097 1464//1097
f 1464//1097 1463//1097 1465//1097
f 1464//1098 1465//1098 1466//1098
f 1466//1098 1465//1098 1467//1098
f 1466//1099 1467//1099 1468//1099
f 1468//1099 1467//1099 1469//1099
f 1468//1100 1469//1100 1470//1100
f 1470//1100 1469//1100 1471//1100
f 1470//1101 1471//1101 1472//1101
f 1472//1102 1471//1102 1473//1102
f 1472//1103 1473//1103 1474//1103
f 1474//1104 1473//1104 1475//1104
f 1474//1105 1475//1105 1476//1105
f 1476//1105 1475//1105 1477//1105
f 1476//1106 1477//1106 1478//1106
f 1478//1106 1477//1106 1479//1106
f 1478//1107 1479//1107 1480//1107
f 1480//1107 1479//1107 1481//1107
f 1480//1108 1481//1108 1482//1108
f 1482//1108 1481//1108 1483//1108
f 1482//1109 1483//1109 1484//1109
f 1484//1109 1483//1109 1485//1109
f 1484//1110 1485//1110 1486//1110
f 1486//1110 1485//1110 1487//1110
f 1486//1111 1487//1111 1488//1111
f 1488//1111 1487//1111 1489//1111
f 1488//1112 1489//1112 1490//1112
f 1490//1112 1489//1112 1491//1112
f 1490//1113 1491//1113 1492//1113
f 1492//1113 1491//1113 1493//1113
f 1492//1114 1493//1114 1494//1114
f 1494//1114 1493//1114 1495//1114
f 1494//1115 1495//1115 1496//1115
f 1496//1115 1495//1115 1497//1115
f 1496//1116 1497//1116 1498//1116
f 1498//1116 1497//1116 1499//1116
f 1498//1117 1499//1117 1500//1117
f 1500//1117 1499//1117 1501//1117
f 1502//1118 1503//1118 1504//1118
f 1504//1118 1503//1118 1505//1118
f 1504//1119 1505//1119 1506//1119
f 1506//1119 1505//1119 1507//1119
f 1506//1120 1507//1120 1508//1120
f 1508//1120 1507//1120 1509//1120
f 1508//1121 1509//1121 1510//1121
f 1510//1121 1509//1121 1511//1121
f 1510//1122 1511//1122 1512//1122
f 1512//1122 1511//1122 1513//1122
f 1512//1123 1513//1123 1514//1123
f 1514//1123 1513//1123 1515//1123
f 1514//1124 1515//1124 1516//1124
f 1516//1124 1515//1124 1517//1124
f 1516//1125 1517//1125 1518//1125
f 1518//1125 1517//1125 1519//1125
f 1518//1126 1519//1126 1520//1126
f 1520//1126 1519//1126 1521//1126
f 1520//1127 1521//1127 1521//1127
f 1521//1128 1521//1128 1522//1128
f 1521//1129 1522//1129 1523//1129
f 1524//1130 1525//1130 1526//1130
f 1526//1130 1525//1130 1527//1130
f 1526//1131 1527//1131 1528//1131
f 1528//1131 1527//1131 1529//1131
f 1528//1132 1529//1132 1530//1132
f 1530//1132 1529//1132 1531//1132
f 1530//1133 1531//1133 1532//1133
f 1532//1133 1531//1133 1533//1133
f 1532//1134 1533//1134 1534//1134
f 1534//1135 1533//1135 1535//1135
f 1534//1136 1535//1136 1536//1136
f 1536//1137 1535//1137 1537//1137
f 1536//1138 1537//1138 1538//1138
f 1538//1138 1537//1138 1539//1138
f 1538//1139 1539//1139 1540//1139
f 1540//1139 1539//1139 1541//1139
f 1540//1140 1541//1140 1542//1140
f 1542//1140 1541//1140 1543//1140
f 1542//1141 1543//1141 1544//1141
f 1544//1141 1543//1141 1545//1141
f 1544//1142 1545//1142 1546//1142
f 1546//1142 1545//1142 1547//1142
f 1546//1143 1547//1143 1548//1143
f 1548//1143 1547//1143 1549//1143
f 1548//1144 1549//1144 1550//1144
f 1550//1144 1549//1144 1551//1144
f 1550//1145 1551//1145 1552//1145
f 1552//1145 1551//1145 1553//1145
f 1552//1146 1553//1146 1554//1146
f 1554//1146 1553//1146 1555//1146
f 1554//1147 1555//1147 1556//1147
f 1556//1147 1555//1147 1557//1147
f 1556//1148 1557//1148 1558//1148
f 1558//1148 1557//1148 1559//1148
f 1558//1149 1559//1149 1560//1149
f 1560//1149 1559//1149 1561//1149
f 1560//1150 1561//1150 1562//1150
f 1562//1150 1561//1150 1563//1150
f 1564//1151 1565//1151 1566//1151
f 1566//1151 1565//1151 1567//1151
f 1566//1152 1567//1152 1568//1152
f 1568//1152 1567//1152 1569//1152
f 1568//1153 1569//1153 1570//1153
f 1570//1153 1569//1153 1571//1153
f 1570//1154 1571//1154 1572//1154
f 1572//1154 1571//1154 1573//1154
f 1572//1155 1573//1155 1574//1155
f 1574//1155 1573//1155 1575//1155
f 1574//1156 1575//1156 1576//1156
f 1576//1156 1575//1156 1577//1156
f 1576//1157 1577//1157 1578//1157
f 1578//1157 1577//1157 1579//1157
f 1578//1158 1579//1158 1580//1158
f 1580//1158 1579//1158 1581//1158
f 1580//1159 1581//1159 1582//1159
f 1582//1159 1581//1159 1583//1159
f 1582//1160 1583//1160 1584//1160
f 1584//1161 1583//1161 1585//1161
f 1584//1162 1585//1162 1586//1162
f 1587//1163 1588//1163 1589//1163
f 1589//1163 1588//1163 1590//1163
f 1589//1164 1590//1164 1591//1164
f 1591//1164 1590//1164 1592//1164
f 1591//1165 1592//1165 1593//1165
f 1593//1165 1592//1165 1594//1165
f 1593//1166 1594//1166 1595//1166
f 1595//1166 1594//1166 1596//1166
f 1595//1167 1596//1167 1597//1167
f 1597//1168 1596//1168 1598//1168
f 1597//1169 1598//1169 1599//1169
f 1599//1170 1598//1170 1600//1170
f 1599//1171 1600//1171 1601//1171
f 1601//1171 1600//1171 1602//1171
f 1601//1172 1602//1172 1603//1172
f 1603//1172 1602//1172 1604//1172
f 1603//1173 1604//1173 1605//1173
f 1605//1173 1604//1173 1606//1173
f 1605//1174 1606//1174 1607//1174
f 1607//1174 1606//1174 1608//1174
f 1607//1175 1608//1175 1609//1175
f 1609//1175 1608//1175 1610//1175
f 1609//1176 1610//1176 1611//1176
f 1611//1176 1610//1176 1612//1176
f 1611//1177 1612//1177 1613//1177
f 1613//1177 1612//1177 1614//1177
f 1613//1178 1614//1178 1615//1178
f 1615//1178 1614//1178 1616//1178
f 1615//1179 1616//1179 1617//1179
f 1617//1179 1616//1179 1618//1179
f 1617//1180 1618//1180 1619//1180
f 1619//1180 1618//1180 1620//1180
f 1619//1181 1620//1181 1621//1181
f 1621//1181 1620//1181 1622//1181
f 1621//1182 1622//1182 1623//1182
f 1623//1182 1622//1182 1624//1182
f 1623//1183 1624//1183 1625//1183
f 1625//1183 1624//1183 1626//1183
f 1627//1184 1628//1184 1629//1184
f 1629//1184 1628//1184 1630//1184
f 1629//1185 1630//1185 1631//1185
f 1631//1185 1630//1185 1632//1185
f 1631//1186 1632//1186 1633//1186
f 1633//1186 1632//1186 1634//1186
f 1633//1187 1634//1187 1635//1187
f 1635//1187 1634//1187 1636//1187
f 1635//1188 1636//1188 1637//1188
f 1637//1188 1636//1188 1638//1188
f 1637//1189 1638//1189 1639//1189
f 1639//1189 1638//1189 1640//1189
f 1639//1190 1640//1190 1641//1190
f 1641//1190 1640//1190 1642//1190
f 1641//1191 1642//1191 1643//1191
f 1643//1191 1642//1191 1644//1191
f 1643//1192 1644//1192 1645//1192
f 1645//1192 1644//1192 1646//1192
f 1645//1193 1646//1193 1647//1193
f 1647//1194 1646//1194 1648//1194
f 1647//1195 1648//1195 1649//1195
f 1649//1196 1648//1196 1650//1196
f 1649//1197 1650//1197 1651//1197
f 1651//1197 1650//1197 1652//1197
f 1651//1198 1652//1198 1653//1198
f 1653//1198 1652//1198 1654//1198
f 1653//1199 1654//1199 1655//1199
f 1655//1199 1654//1199 1656//1199
f 1655//1200 1656//1200 1657//1200
f 1657//1200 1656//1200 1658//1200
f 1657//1201 1658//1201 1659//1201
f 1659//1201 1658//1201 1660//1201
f 1659//1202 1660//1202 1661//1202
f 1661//1202 1660//1202 1662//1202
f 1661//1203 1662//1203 1663//1203
f 1663//1203 1662//1203 1664//1203
f 1663//1204 1664//1204 1665//1204
f 1665//1204 1664//1204 1666//1204
f 1665//1205 1666//1205 1667//1205
f 1667//1205 1666//1205 1668//1205
f 1667//1206 1668//1206 1669//1206
f 1669//1206 1668//1206 1670//1206
f 1669//1207 1670//1207 1671//1207
f 1671//1207 1670//1207 1672//1207
f 1671//1208 1672//1208 1673//1208
f 1673//1208 1672//1208 1674//1208
f 1673//1209 1674//1209 1675//1209
f 1675//1209 1674//1209 1676//1209
f 1675//1210 1676//1210 1677//1210
f 1677//1210 1676//1210 1678//1210
f 1677//1211 1678//1211 1679//1211
f 1679//1211 1678//1211 1680//1211
f 1679//1212 1680//1212 1681//1212
f 1681//1213 1680//1213 1682//1213
f 1681//1214 1682//1214 1683//1214
f 1684//1215 1685//1215 1686//1215
f 1686//1215 1685//1215 1687//1215
f 1686//1216 1687//1216 1688//1216
f 1688//1216 1687//1216 1689//1216
f 1688//1217 1689//1217 1690//1217
f 1690//1217 1689//1217 1691//1217
f 1690//1218 1691//1218 1692//1218
f 1692//1218 1691//1218 1693//1218
f 1692//1219 1693//1219 1694//1219
f 1694//1220 1693//1220 1695//1220
f 1694//1221 1695//1221 1696//1221
f 1696//1222 1695//1222 1697//1222
f 1696//1223 1697//1223 1698//1223
f 1698//1223 1697//1223 1699//1223
f 1698//1224 1699//1224 1700//1224
f 1700//1224 1699//1224 1701//1224
f 1700//1225 1701//1225 1702//1225
f 1702//1225 1701//1225 1703//1225
f 1702//1226 1703//1226 1704//1226
f 1704//1226 1703//1226 1705//1226
f 1704//1227 1705//1227 1706//1227
f 1706//1227 1705//1227 1707//1227
f 1706//1228 1707//1228 1708//1228
f 1708//1228 1707//1228 1709//1228
f 1708//1229 1709//1229 1710//1229
f 1710//1229 1709//1229 1711//1229
f 1710//1230 1711//1230 1712//1230
f 1712//1230 1711//1230 1713//1230
f 1712//1231 1713//1231 1714//1231
f 1714//1231 1713//1231 1715//1231
f 1714//1232 1715//1232 1716//1232
f 1716//1232 1715//1232 1717//1232
f 1716//1233 1717//1233 1718//1233
f 1718//1233 1717//1233 1719//1233
f 1718//1234 1719//1234 1720//1234
f 1720//1234 1719//1234 1721//1234
f 1720//1235 1721//1235 1722//1235
f 1722//1235 1721//1235 1723//1235
f 1724//1236 1725//1236 1726//1236
f 1726//1236 1725//1236 1727//1236
f 1726//1237 1727//1237 1728//1237
f 1728//1237 1727//1237 1729//1237
f 1728//1238 1729//1238 1730//1238
f 1730//1238 1729//1238 1731//1238
f 1730//1239 1731//1239 1732//1239
f 1732//1239 1731//1239 1733//1239
f 1732//1240 1733//1240 1734//1240
f 1734//1240 1733//1240 1735//1240
f 1734//1241 1735//1241 1736//1241
f 1736//1241 1735//1241 1737//1241
f 1736//1242 1737//1242 1738//1242
f 1738//1242 1737//1242 1739//1242
f 1738//1243 1739//1243 1740//1243
f 1740//1243 1739//1243 1741//1243
f 1740//1244 1741//1244 1742//1244
f 1742//1244 1741//1244 1743//1244
f 1742//1245 1743//1245 1744//1245
f 1744//1246 1743//1246 1745//1246
f 1744//1247 1745//1247 1746//1247
f 1746//1248 1745//1248 1747//1248
f 1746//1249 1747//1249 1748//1249
f 1748//1249 1747//1249 1749//1249
f 1748//1250 1749//1250 1750//1250
f 1750//1250 1749//1250 1751//1250
f 1750//1251 1751//1251 1752//1251
f 1752//1251 1751//1251 1753//1251
f 1752//1252 1753//1252 1754//1252
f 1754//1252 1753//1252 1755//1252
f 1754//1253 1755//1253 1756//1253
f 1756//1253 1755//1253 1757//1253
f 1756//1254 1757//1254 1758//1254
f 1758//1254 1757//1254 1759//1254
f 1758//1255 1759//1255 1760//1255
f 1760//1255 1759//1255 1761//1255
f 1760//1256 1761//1256 1762//1256
f 1762//1256 1761//1256 1763//1256
f 1762//1257 1763//1257 1764//1257
f 1764//1257 1763//1257 1765//1257
f 1764//1258 1765//1258 1766//1258
f 1766//1258 1765//1258 1767//1258
f 1766//1259 1767//1259 1768//1259
f 1768//1259 1767//1259 1769//1259
f 1768//1260 1769//1260 1770//1260
f 1770//1260 1769//1260 1771//1260
f 1770//1261 1771//1261 1772//1261
f 1772//1261 1771//1261 1773//1261
f 1772//1262 1773//1262 1774//1262
f 1774//1262 1773//1262 1775//1262
f 1774//1263 1775//1263 1776//1263
f 1776//1263 1775//1263 1777//1263
f 1776//1264 1777//1264 1778//1264
f 1778//1265 1777//1265 1779//1265
f 1778//1266 1779//1266 1780//1266
f 1781//1267 1782//1267 1783//1267
f 1783//1267 1782//1267 1784//1267
f 1783//1268 1784//1268 1785//1268
f 1785//1268 1784//1268 1786//1268
f 1785//1269 1786//1269 1787//1269
f 1787//1269 1786//1269 1788//1269
f 1787//1270 1788//1270 1789//1270
f 1789//1270 1788//1270 1790//1270
f 1789//1271 1790//1271 1791//1271
f 1791//1272 1790//1272 1792//1272
f 1791//1273 1792//1273 1793//1273
f 1793//1274 1792//1274 1794//1274
f 1793//1275 1794//1275 1795//1275
f 1795//1275 1794//1275 1796//1275
f 1795//1276 1796//1276 1797//1276
f 1797//1276 1796//1276 1798//1276
f 1797//1277 1798//1277 1799//1277
f 1799//1277 1798//1277 1800//1277
f 1799//1278 1800//1278 1801//1278
f 1801//1278 1800//1278 1802//1278
f 1801//1279 1802//1279 1803//1279
f 1803//1279 1802//1279 1804//1279
f 1803//1280 1804//1280 1805//1280
f 1805//1280 1804//1280 1806//1280
f 1805//1281 1806//1281 1807//1281
f 1807//1281 1806//1281 1808//1281
f 1807//1282 1808//1282 1809//1282
f 1809//1282 1808//1282 1810//1282
f 1809//1283 1810//1283 1811//1283
f 1811//1283 1810//1283 1812//1283
f 1811//1284 1812//1284 1813//1284
f 1813//1284 1812//1284 1814//1284
f 1813//1285 1814//1285 1815//1285
f 1815//1285 1814//1285 1816//1285
f 1815//1286 1816//1286 1817//1286
f 1817//1286 1816//1286 1818//1286
f 1817//1287 1818//1287 1819//1287
f 1819//1287 1818//1287 1820//1287
f 1821//1288 1822//1288 1823//1288
f 1823//1288 1822//1288 1824//1288
f 1823//1289 1824//1289 1825//1289
f 1825//1289 1824//1289 1826//1289
f 1825//1290 1826//1290 1827//1290
f 1827//1290 1826//1290 1828//1290
f 1827//1291 1828//1291 1829//1291
f 1829//1291 1828//1291 1830//1291
f 1829//1292 1830//1292 1831//1292
f 1831//1292 1830//1292 1832//1292
f 1831//1293 1832//1293 1833//1293
f 1833//1293 1832//1293 1834//1293
f 1833//1294 1834//1294 1835//1294
f 1835//1294 1834//1294 1836//1294
f 1835//1295 1836//1295 1837//1295
f 1837//1295 1836//1295 1838//1295
f 1837//1296 1838//1296 1839//1296
f 1839//1296 1838//1296 1840//1296
f 1839//1297 1840//1297 1841//1297
f 1841//1298 1840//1298 1842//1298
f 1841//1299 1842//1299 1843//1299
f 1843//1300 1842//1300 1844//1300
f 1843//1301 1844//1301 1845//1301
f 1845//1301 1844//1301 1846//1301
f 1845//1302 1846//1302 1847//1302
f 1847//1302 1846//1302 1848//1302
f 1847//1303 1848//1303 1849//1303
f 1849//1303 1848//1303 1850//1303
f 1849//1304 1850//1304 1851//1304
f 1851//1304 1850//1304 1852//1304
f 1851//1305 1852//1305 1853//1305
f 1853//1305 1852//1305 1854//1305
f 1853//1306 1854//1306 1855//1306
f 1855//1306 1854//1306 1856//1306
f 1855//1307 1856//1307 1857//1307
f 1857//1307 1856//1307 1858//1307
f 1857//1308 1858//1308 1859//1308
f 1859//1308 1858//1308 1860//1308
f 1859//1309 1860//1309 1861//1309
f 1861//1309 1860//1309 1862//1309
f 1861//1310 1862//1310 1863//1310
f 1863//1310 1862//1310 1864//1310
f 1863//1311 1864//1311 1865//1311
f 1865//1311 1864//1311 1866//1311
f 1865//1312 1866//1312 1867//1312
f 1867//1312 1866//1312 1868//1312
f 1867//1313 1868//1313 1869//1313
f 1869//1313 1868//1313 1870//1313
f 1869//1314 1870//1314 1871//1314
f 1871//1314 1870//1314 1872//1314
f 1871//1315 1872//1315 1873//1315
f 1873//1315 1872//1315 1874//1315
f 1873//1316 1874//1316 1875//1316
f 1875//1317 1874//1317 1876//1317
f 1875//1318 1876//1318 1877//1318
f 1877//1319 1876//1319 1878//1319
f 1879//1320 1880//1320 1881//1320
f 1881//1320 1880//1320 1882//1320
f 1881//1321 1882//1321 1883//1321
f 1883//1321 1882//1321 1884//1321
f 1883//1322 1884//1322 1885//1322
f 1885//1322 1884//1322 1886//1322
f 1885//1323 1886//1323 1887//1323
f 1887//1323 1886//1323 1888//1323
f 1887//1324 1888//1324 1889//1324
f 1889//1325 1888//1325 1890//1325
f 1889//1326 1890//1326 1891//1326
f 1891//1327 1890//1327 1892//1327
f 1891//1328 1892//1328 1893//1328
f 1893//1328 1892//1328 1894//1328
f 1893//1329 1894//1329 1895//1329
f 1895//1329 1894//1329 1896//1329
f 1895//1330 1896//1330 1897//1330
f 1897//1330 1896//1330 1898//1330
f 1897//1331 1898//1331 1899//1331
f 1899//1331 1898//1331 1900//1331
f 1899//1332 1900//1332 1901//1332
f 1901//1332 1900//1332 1902//1332
f 1901//1333 1902//1333 1903//1333
f 1879//1334 1904//1334 1905//1334
f 1905//1334 1904//1334 1906//1334
f 1905//1335 1906//1335 1907//1335
f 1907//1335 1906//1335 1908//1335
f 1907//1336 1908//1336 1909//1336
f 1909//1336 1908//1336 1910//1336
f 1909//1337 1910//1337 1911//1337
f 1911//1337 1910//1337 1912//1337
f 1911//1338 1912//1338 1913//1338
f 1913//1338 1912//1338 1914//1338
f 1913//1339 1914//1339 1915//1339
f 1915//1339 1914//1339 1916//1339
f 1915//1340 1916//1340 1917//1340
f 1917//1340 1916//1340 1918//1340
f 1917//1341 1918//1341 1919//1341
f 1919//1341 1918//1341 1920//1341
f 1919//1342 1920//1342 1921//1342
f 1921//1342 1920//1342 1922//1342
f 1921//1343 1922//1343 1923//1343
f 1923//1344 1922//1344 1924//1344
f 1923//1345 1924//1345 1925//1345
f 1925//1346 1924//1346 1926//1346
f 1925//1347 1926//1347 1927//1347
f 1927//1347 1926//1347 1928//1347
f 1927//1348 1928//1348 1929//1348
f 1929//1348 1928//1348 1930//1348
f 1929//1349 1930//1349 1931//1349
f 1931//1349 1930//1349 1932//1349
f 1931//1350 1932//1350 1933//1350
f 1933//1350 1932//1350 1934//1350
f 1933//1351 1934//1351 1935//1351
f 1935//1351 1934//1351 1936//1351
f 1935//1352 1936//1352 1937//1352
f 1937//1352 1936//1352 1938//1352
f 1937//1353 1938//1353 1939//1353
f 1939//1353 1938//1353 1940//1353
f 1939//1354 1940//1354 1941//1354
f 1941//1354 1940//1354 1942//1354
f 1941//1355 1942//1355 1943//1355
f 1943//1355 1942//1355 1944//1355
f 1943//1356 1944//1356 1945//1356
f 1945//1356 1944//1356 1946//1356
f 1945//1357 1946//1357 1947//1357
f 1947//1357 1946//1357 1948//1357
f 1947//1358 1948//1358 1949//1358
f 1949//1358 1948//1358 1950//1358
f 1949//1359 1950//1359 1951//1359
f 1951//1359 1950//1359 1952//1359
f 1951//1360 1952//1360 1953//1360
f 1953//1360 1952//1360 1954//1360
f 1953//1361 1954//1361 1955//1361
f 1955//1361 1954//1361 1956//1361
f 1955//1362 1956//1362 1957//1362
f 1957//1363 1956//1363 1958//1363
f 1957//1364 1958//1364 1959//1364
f 1959//1365 1958//1365 1960//1365
f 1961//1366 1962//1366 1963//1366
f 1963//1366 1962//1366 1964//1366
f 1963//1367 1964//1367 1965//1367
f 1965//1367 1964//1367 1966//1367
f 1965//1368 1966//1368 1967//1368
f 1967//1368 1966//1368 1968//1368
f 1967//1369 1968//1369 1969//1369
f 1969//1369 1968//1369 1970//1369
f 1969//1370 1970//1370 1971//1370
f 1971//1371 1970//1371 1972//1371
f 1971//1372 1972//1372 1973//1372
f 1973//1373 1972//1373 1974//1373
f 1973//1374 1974//1374 1975//1374
f 1975//1374 1974//1374 1976//1374
f 1975//1375 1976//1375 1977//1375
f 1977//1375 1976//1375 1978//1375
f 1977//1376 1978//1376 1979//1376
f 1979//1376 1978//1376 1980//1376
f 1979//1377 1980//1377 1981//1377
f 1981//1377 1980//1377 1982//1377
f 1981//1378 1982//1378 1983//1378
f 1983//1378 1982//1378 1984//1378
f 1961//1379 1985//1379 1986//1379
f 1986//1379 1985//1379 1987//1379
f 1986//1380 1987//1380 1988//1380
f 1988//1380 1987//1380 1989//1380
f 1988//1381 1989//1381 1990//1381
f 1990//1381 1989//1381 1991//1381
f 1990//1382 1991//1382 1992//1382
f 1992//1382 1991//1382 1993//1382
f 1992//1383 1993//1383 1994//1383
f 1994//1383 1993//1383 1995//1383
f 1994//1384 1995//1384 1996//1384
f 1996//1384 1995//1384 1997//1384
f 1996//1385 1997//1385 1998//1385
f 1998//1385 1997//1385 1999//1385
f 1998//1386 1999//1386 2000//1386
f 2000//1386 1999//1386 2001//1386
f 2000//1387 2001//1387 2002//1387
f 2002//1387 2001//1387 2003//1387
f 2002//1388 2003//1388 2004//1388
f 2004//1389 2003//1389 2005//1389
f 2004//1390 2005//1390 2006//1390
f 2006//1391 2005//1391 2007//1391
f 2006//1392 2007//1392 2008//1392
f 2008//1392 2007//1392 2009//1392
f 2008//1393 2009//1393 2010//1393
f 2010//1393 2009//1393 2011//1393
f 2010//1394 2011//1394 2012//1394
f 2012//1394 2011//1394 2013//1394
f 2012//1395 2013//1395 2014//1395
f 2014//1395 2013//1395 2015//1395
f 2014//1396 2015//1396 2016//1396
f 2016//1396 2015//1396 2017//1396
f 2016//1397 2017//1397 2018//1397
f 2018//1397 2017//1397 2019//1397
f 2018//1398 2019//1398 2020//1398
f 2020//1398 2019//1398 2021//1398
f 2020//1399 2021//1399 2022//1399
f 2022//1399 2021//1399 2023//1399
f 2022//1400 2023//1400 2024//1400
f 2024//1400 2023//1400 2025//1400
f 2024//1401 2025//1401 2026//1401
f 2026//1401 2025//1401 2027//1401
f 2026//1402 2027//1402 2028//1402
f 2028//1402 2027//1402 2029//1402
f 2028//1403 2029//1403 2030//1403
f 2030//1403 2029//1403 2031//1403
f 2030//1404 2031//1404 2032//1404
f 2032//1404 2031//1404 2033//1404
f 2032//1405 2033//1405 2034//1405
f 2034//1405 2033//1405 2035//1405
f 2034//1406 2035//1406 2036//1406
f 2036//1406 2035//1406 2037//1406
f 2036//1407 2037//1407 2038//1407
f 2038//1408 2037//1408 2039//1408
f 2038//1409 2039//1409 2040//1409
f 2040//1410 2039//1410 2041//1410
f 2042//1411 2043//1411 2044//1411
f 2044//1411 2043//1411 2045//1411
f 2044//1412 2045//1412 2046//1412
f 2046//1412 2045//1412 2047//1412
f 2046//1413 2047//1413 2048//1413
f 2048//1413 2047//1413 2049//1413
f 2048//1414 2049//1414 2050//1414
f 2050//1414 2049//1414 2051//1414
f 2050//1415 2051//1415 2052//1415
f 2052//1416 2051//1416 2053//1416
f 2052//1417 2053//1417 2054//1417
f 2054//1418 2053//1418 2055//1418
f 2054//1419 2055//1419 2056//1419
f 2056//1419 2055//1419 2057//1419
f 2056//1420 2057//1420 2058//1420
f 2058//1420 2057//1420 2059//1420
f 2058//1421 2059//1421 2060//1421
f 2060//1421 2059//1421 2061//1421
f 2060//1422 2061//1422 2062//1422
f 2062//1422 2061//1422 2063//1422
f 2062//1423 2063//1423 2064//1423
f 2042//1424 2065//1424 2066//1424
f 2066//1424 2065//1424 2067//1424
f 2066//1425 2067//1425 2068//1425
f 2068//1425 2067//1425 2069//1425
f 2068//1426 2069//1426 2070//1426
f 2070//1426 2069//1426 2071//1426
f 2070//1427 2071//1427 2072//1427
f 2072//1427 2071//1427 2073//1427
f 2072//1428 2073//1428 2074//1428
f 2074//1428 2073//1428 2075//1428
f 2074//1429 2075//1429 2076//1429
f 2076//1429 2075//1429 2077//1429
f 2076//1430 2077//1430 2078//1430
f 2078//1430 2077//1430 2079//1430
f 2078//1431 2079//1431 2080//1431
f 2080//1431 2079//1431 2081//1431
f 2080//1432 2081//1432 2082//1432
f 2082//1432 2081//1432 2083//1432
f 2082//1433 2083//1433 2084//1433
f 2084//1434 2083//1434 2085//1434
f 2084//1435 2085//1435 2086//1435
f 2086//1436 2085//1436 2087//1436
f 2086//1437 2087//1437 2088//1437
f 2088//1437 2087//1437 2089//1437
f 2088//1438 2089//1438 2090//1438
f 2090//1438 2089//1438 2091//1438
f 2090//1439 2091//1439 2092//1439
f 2092//1439 2091//1439 2093//1439
f 2092//1440 2093//1440 2094//1440
f 2094//1440 2093//1440 2095//1440
f 2094//1441 2095//1441 2096//1441
f 2096//1441 2095//1441 2097//1441
f 2096//1442 2097//1442 2098//1442
f 2098//1442 2097//1442 2099//1442
f 2098//1443 2099//1443 2100//1443
f 2100//1443 2099//1443 2101//1443
f 2100//1444 2101//1444 2102//1444
f 2102//1444 2101//1444 2103//1444
f 2102//1445 2103//1445 2104//1445
f 2104//1445 2103//1445 2105//1445
f 2104//1446 2105//1446 2106//1446
f 2106//1446 2105//1446 2107//1446
f 2106//1447 2107//1447 2108//1447
f 2108//1447 2107//1447 2109//1447
f 2108//1448 2109//1448 2110//1448
f 2110//1448 2109//1448 2111//1448
f 2110//1449 2111//1449 2112//1449
f 2112//1449 2111//1449 2113//1449
f 2112//1450 2113//1450 2114//1450
f 2114//1450 2113//1450 2115//1450
f 2114//1451 2115//1451 2116//1451
f 2116//1451 2115//1451 2117//1451
f 2116//1452 2117//1452 2118//1452
f 2118//1453 2117//1453 2119//1453
f 2118//1454 2119//1454 2120//1454
f 2120//1455 2119//1455 2121//1455
f 2122//1456 2123//1456 2124//1456
f 2124//1456 2123//1456 2125//1456
f 2124//1457 2125//1457 2126//1457
f 2126//1457 2125//1457 2127//1457
f 2126//1458 2127//1458 2128//1458
f 2128//1458 2127//1458 2129//1458
f 2128//1459 2129//1459 2130//1459
f 2130//1459 2129//1459 2131//1459
f 2130//1460 2131//1460 2132//1460
f 2132//1460 2131//1460 2133//1460
f 2132//1461 2133//1461 2134//1461
f 2134//1461 2133//1461 2135//1461
f 2134//1462 2135//1462 2136//1462
f 2136//1462 2135//1462 2137//1462
f 2136//1463 2137//1463 2138//1463
f 2138//1463 2137//1463 2139//1463
f 2138//1464 2139//1464 2140//1464
f 2140//1464 2139//1464 2141//1464
f 2140//1465 2141//1465 2142//1465
f 2142//1466 2141//1466 2143//1466
f 2142//1467 2143//1467 2144//1467
f 2144//1468 2143//1468 2145//1468
f 2144//1469 2145//1469 2146//1469
f 2146//1469 2145//1469 2147//1469
f 2146//1470 2147//1470 2148//1470
f 2148//1470 2147//1470 2149//1470
f 2148//1471 2149//1471 2150//1471
f 2150//1471 2149//1471 2151//1471
f 2150//1472 2151//1472 2152//1472
f 2152//1472 2151//1472 2153//1472
f 2152//1473 2153//1473 2154//1473
f 2154//1473 2153//1473 2155//1473
f 2154//1474 2155//1474 2156//1474
f 2156//1474 2155//1474 2157//1474
f 2156//1475 2157//1475 2158//1475
f 2158//1475 2157//1475 2159//1475
f 2158//1476 2159//1476 2160//1476
f 2160//1476 2159//1476 2161//1476
f 2160//1477 2161//1477 2162//1477
f 2162//1477 2161//1477 2163//1477
f 2162//1478 2163//1478 2164//1478
f 2164//1478 2163//1478 2165//1478
f 2164//1479 2165//1479 2166//1479
f 2166//1479 2165//1479 2167//1479
f 2166//1480 2167//1480 2168//1480
f 2168//1480 2167//1480 2169//1480
f 2168//1481 2169//1481 2170//1481
f 2170//1481 2169//1481 2171//1481
f 2170//1482 2171//1482 2172//1482
f 2172//1482 2171//1482 2173//1482
f 2172//1483 2173//1483 2174//1483
f 2174//1483 2173//1483 2175//1483
f 2174//1484 2175//1484 2176//1484
f 2176//1485 2175//1485 2177//1485
f 2176//1486 2177//1486 2178//1486
f 2178//1487 2177//1487 2179//1487
f 2180//1488 2181//1488 2182//1488
f 2182//1488 2181//1488 2183//1488
f 2182//1489 2183//1489 2184//1489
f 2184//1489 2183//1489 2185//1489
f 2184//1490 2185//1490 2186//1490
f 2186//1490 2185//1490 2187//1490
f 2186//1491 2187//1491 2188//1491
f 2188//1491 2187//1491 2189//1491
f 2188//1492 2189//1492 2190//1492
f 2190//1492 2189//1492 2191//1492
f 2190//1493 2191//1493 2192//1493
f 2192//1493 2191//1493 2193//1493
f 2192//1494 2193//1494 2194//1494
f 2194//1494 2193//1494 2195//1494
f 2194//1495 2195//1495 2196//1495
f 2196//1495 2195//1495 2197//1495
f 2196//1496 2197//1496 2198//1496
f 2198//1496 2197//1496 2199//1496
f 2198//1497 2199//1497 2200//1497
f 2200//1497 2199//1497 2201//1497
f 2181//1498 2202//1498 2183//1498
f 2183//1498 2202//1498 2203//1498
f 2183//1499 2203//1499 2185//1499
f 2185//1499 2203//1499 2204//1499
f 2185//1500 2204//1500 2187//1500
f 2187//1500 2204//1500 2205//1500
f 2187//1501 2205//1501 2189//1501
f 2189//1501 2205//1501 2206//1501
f 2189//1502 2206//1502 2191//1502
f 2191//1502 2206//1502 2207//1502
f 2191//1503 2207//1503 2193//1503
f 2193//1503 2207//1503 2208//1503
f 2193//1504 2208//1504 2195//1504
f 2195//1504 2208//1504 2209//1504
f 2195//1505 2209//1505 2197//1505
f 2197//1505 2209//1505 2210//1505
f 2197//1506 2210//1506 2199//1506
f 2199//1506 2210//1506 2211//1506
f 2199//1507 2211//1507 2201//1507
f 2201//1507 2211//1507 2212//1507
f 2213//1508 2214//1508 2215//1508
f 2215//1509 2214//1509 2216//1509
f 2215//1509 2216//1509 2202//1509
f 2202//1510 2216//1510 2217//1510
f 2202//1510 2217//1510 2218//1510
f 2218//1511 2217//1511 2219//1511
f 2218//1511 2219//1511 2220//1511
f 2220//1512 2219//1512 2221//1512
f 2220//1512 2221//1512 2222//1512
f 2222//1513 2221//1513 2223//1513
f 2222//1513 2223//1513 2224//1513
f 2224//1514 2223//1514 2225//1514
f 2224//1514 2225//1514 2226//1514
f 2202//1515 2218//1515 2203//1515
f 2203//1515 2218//1515 2227//1515
f 2203//1516 2227//1516 2204//1516
f 2204//1516 2227//1516 2228//1516
f 2204//1517 2228//1517 2205//1517
f 2205//1517 2228//1517 2229//1517
f 2205//1518 2229//1518 2206//1518
f 2206//1518 2229//1518 2230//1518
f 2206//1519 2230//1519 2207//1519
f 2207//1519 2230//1519 2231//1519
f 2207//1520 2231//1520 2208//1520
f 2208//1520 2231//1520 2232//1520
f 2208//1521 2232//1521 2209//1521
f 2209//1521 2232//1521 2233//1521
f 2209//1522 2233//1522 2210//1522
f 2210//1522 2233//1522 2234//1522
f 2210//1523 2234//1523 2211//1523
f 2211//1523 2234//1523 2235//1523
f 2211//1524 2235//1524 2212//1524
f 2212//1524 2235//1524 2236//1524
f 2218//1525 2220//1525 2227//1525
f 2227//1525 2220//1525 2237//1525
f 2227//1526 2237//1526 2228//1526
f 2228//1526 2237//1526 2238//1526
f 2228//1527 2238//1527 2229//1527
f 2229//1527 2238//1527 2239//1527
f 2229//1528 2239//1528 2230//1528
f 2230//1528 2239//1528 2240//1528
f 2230//1529 2240//1529 2231//1529
f 2231//1529 2240//1529 2241//1529
f 2231//1530 2241//1530 2232//1530
f 2232//1530 2241//1530 2242//1530
f 2232//1531 2242//1531 2233//1531
f 2233//1531 2242//1531 2243//1531
f 2233//1532 2243//1532 2234//1532
f 2234//1532 2243//1532 2244//1532
f 2234//1533 2244//1533 2235//1533
f 2235//1533 2244//1533 2245//1533
f 2235//1534 2245//1534 2236//1534
f 2236//1534 2245//1534 2246//1534
f 2220//1535 2222//1535 2237//1535
f 2237//1535 2222//1535 2247//1535
f 2237//1536 2247//1536 2238//1536
f 2238//1536 2247//1536 2248//1536
f 2238//1537 2248//1537 2239//1537
f 2239//1537 2248//1537 2249//1537
f 2239//1538 2249//1538 2240//1538
f 2240//1538 2249//1538 2250//1538
f 2240//1539 2250//1539 2241//1539
f 2241//1539 2250//1539 2251//1539
f 2241//1540 2251//1540 2242//1540
f 2242//1540 2251//1540 2252//1540
f 2242//1541 2252//1541 2243//1541
f 2243//1541 2252//1541 2253//1541
f 2243//1542 2253//1542 2244//1542
f 2244//1542 2253//1542 2254//1542
f 2244//1543 2254//1543 2245//1543
f 2245//1543 2254//1543 2255//1543
f 2245//1544 2255//1544 2246//1544
f 2246//1544 2255//1544 2256//1544
f 2257//1545 2258//1545 2247//1545
f 2247//1545 2258//1545 2259//1545
f 2247//1546 2259//1546 2248//1546
f 2248//1546 2259//1546 2260//1546
f 2248//1547 2260//1547 2249//1547
f 2249//1547 2260//1547 2261//1547
f 2249//1548 2261//1548 2250//1548
f 2250//1548 2261//1548 2262//1548
f 2250//1549 2262//1549 2251//1549
f 2251//1549 2262//1549 2263//1549
f 2251//1550 2263//1550 2252//1550
f 2252//1550 2263//1550 2264//1550
f 2252//1551 2264//1551 2253//1551
f 2253//1551 2264//1551 2265//1551
f 2253//1552 2265//1552 2254//1552
f 2254//1552 2265//1552 2266//1552
f 2254//1553 2266//1553 2255//1553
f 2255//1553 2266//1553 2267//1553
f 2255//1554 2267//1554 2256//1554
f 2256//1554 2267//1554 2268//1554
f 2258//1555 2269//1555 2259//1555
f 2259//1555 2269//1555 2270//1555
f 2259//1556 2270//1556 2260//1556
f 2260//1556 2270//1556 2271//1556
f 2260//1557 2271//1557 2261//1557
f 2261//1557 2271//1557 2272//1557
f 2261//1558 2272//1558 2262//1558
f 2262//1558 2272//1558 2273//1558
f 2262//1559 2273//1559 2263//1559
f 2263//1559 2273//1559 2274//1559
f 2263//1560 2274//1560 2264//1560
f 2264//1560 2274//1560 2275//1560
f 2264//1561 2275//1561 2265//1561
f 2265//1561 2275//1561 2276//1561
f 2265//1562 2276//1562 2266//1562
f 2266//1562 2276//1562 2277//1562
f 2266//1563 2277//1563 2267//1563
f 2267//1563 2277//1563 2278//1563
f 2267//1564 2278//1564 2268//1564
f 2268//1564 2278//1564 2279//1564
f 2280//1565 2281//1565 2281//1565
f 2281//1566 2281//1566 2282//1566
f 2281//1567 2282//1567 2283//1567
f 2283//1567 2282//1567 2284//1567
f 2283//1568 2284//1568 2285//1568
f 2285//1568 2284//1568 2286//1568
f 2285//1569 2286//1569 2287//1569
f 2287//1569 2286//1569 2288//1569
f 2287//1570 2288//1570 2289//1570
f 2289//1570 2288//1570 2290//1570
f 2289//1571 2290//1571 2291//1571
f 2291//1571 2290//1571 2292//1571
f 2280//1572 2293//1572 2294//1572
f 2294//1573 2293//1573 2295//1573
f 2294//1574 2295//1574 2296//1574
f 2296//1574 2295//1574 2297//1574
f 2296//1575 2297//1575 2298//1575
f 2298//1575 2297//1575 2299//1575
f 2298//1576 2299//1576 2300//1576
f 2300//1576 2299//1576 2301//1576
f 2300//1577 2301//1577 2302//1577
f 2302//1577 2301//1577 2303//1577
f 2302//1578 2303//1578 2304//1578
f 2304//1578 2303//1578 2305//1578
f 2304//1579 2305//1579 2306//1579
f 2306//1579 2305//1579 2307//1579
f 2306//1580 2307//1580 2308//1580
f 2308//1580 2307//1580 2309//1580
f 2308//1581 2309//1581 2310//1581
f 2310//1581 2309//1581 2311//1581
f 2310//1582 2311//1582 2312//1582
f 2312//1582 2311//1582 2313//1582
f 2312//1583 2313//1583 2314//1583
f 2314//1583 2313//1583 2315//1583
f 2314//1584 2315//1584 2316//1584
f 2316//1584 2315//1584 2317//1584
f 2316//1585 2317//1585 2318//1585
f 2318//1585 2317//1585 2319//1585
f 2318//1586 2319//1586 2320//1586
f 2320//1586 2319//1586 2321//1586
f 2322//1587 2323//1587 2324//1587
f 2325//1588 2326//1588 2327//1588
f 2328//1589 2323//1589 2329//1589
f 2330//1590 2326//1590 2331//1590
f 2331//1591 2326//1591 2332//1591
f 2333//1592 2326//1592 2334//1592
f 2335//1593 2336//1593 2337//1593
f 2337//1593 2336//1593 2338//1593
f 2337//1594 2338//1594 2339//1594
f 2339//1594 2338//1594 2340//1594
f 2339//1595 2340//1595 2341//1595
f 2341//1595 2340//1595 2342//1595
f 2341//1596 2342//1596 2343//1596
f 2343//1596 2342//1596 2344//1596
f 2343//1597 2344//1597 2345//1597
f 2345//1597 2344//1597 2346//1597
f 2345//1598 2346//1598 2347//1598
f 2347//1598 2346//1598 2348//1598
f 2347//1599 2348//1599 2349//1599
f 2349//1599 2348//1599 2350//1599
f 2349//1600 2350//1600 2351//1600
f 2351//1600 2350//1600 2352//1600
f 2351//1601 2352//1601 2353//1601
f 2353//1601 2352//1601 2354//1601
f 2353//1602 2354//1602 2355//1602
f 2355//1602 2354//1602 2356//1602
f 2355//1603 2356//1603 2357//1603
f 2357//1603 2356//1603 2358//1603
f 2357//1604 2358//1604 2359//1604
f 2336//1605 2360//1605 2338//1605
f 2338//1605 2360//1605 2361//1605
f 2338//1606 2361//1606 2340//1606
f 2340//1606 2361//1606 2362//1606
f 2340//1607 2362//1607 2342//1607
f 2342//1607 2362//1607 2363//1607
f 2342//1608 2363//1608 2344//1608
f 2344//1608 2363//1608 2364//1608
f 2344//1609 2364//1609 2346//1609
f 2346//1609 2364//1609 2365//1609
f 2346//1610 2365//1610 2348//1610
f 2348//1610 2365//1610 2366//1610
f 2348//1611 2366//1611 2350//1611
f 2350//1611 2366//1611 2367//1611
f 2350//1612 2367//1612 2352//1612
f 2352//1612 2367//1612 2368//1612
f 2352//1613 2368//1613 2354//1613
f 2354//1613 2368//1613 2369//1613
f 2354//1614 2369//1614 2356//1614
f 2356//1614 2369//1614 2370//1614
f 2356//1615 2370//1615 2358//1615
f 2371//1616 2372//1616 2373//1616
f 2373//1616 2372//1616 2374//1616
f 2373//1617 2374//1617 2375//1617
f 2375//1617 2374//1617 2376//1617
f 2375//1618 2376//1618 2377//1618
f 2377//1618 2376//1618 2378//1618
f 2377//1619 2378//1619 2379//1619
f 2379//1619 2378//1619 2380//1619
f 2379//1620 2380//1620 2381//1620
f 2381//1620 2380//1620 2382//1620
f 2381//1621 2382//1621 2383//1621
f 2383//1621 2382//1621 2384//1621
f 2383//1622 2384//1622 2385//1622
f 2385//1622 2384//1622 2386//1622
f 2385//1623 2386//1623 2387//1623
f 2387//1623 2386//1623 2388//1623
f 2387//1624 2388//1624 2389//1624
f 2389//1624 2388//1624 2390//1624
f 2389//1625 2390//1625 2391//1625
f 2391//1625 2390//1625 2392//1625
f 2391//1626 2392//1626 2393//1626
f 2393//1626 2392//1626 2394//1626
f 2393//1627 2394//1627 2395//1627
f 2395//1627 2394//1627 2396//1627
f 2395//1628 2396//1628 2397//1628
f 2397//1628 2396//1628 2398//1628
f 2397//1629 2398//1629 2399//1629
f 2399//1629 2398//1629 2400//1629
f 2399//1630 2400//1630 2401//1630
f 2401//1630 2400//1630 2402//1630
f 2401//1631 2402//1631 2403//1631
f 2403//1631 2402//1631 2404//1631
f 2403//1632 2404//1632 2405//1632
f 2406//1633 2407//1633 2408//1633
f 2408//1633 2407//1633 2409//1633
f 2408//1634 2409//1634 2410//1634
f 2410//1634 2409//1634 2411//1634
f 2410//1635 2411//1635 2412//1635
f 2412//1635 2411//1635 2413//1635
f 2412//1636 2413//1636 2414//1636
f 2414//1636 2413//1636 2415//1636
f 2414//1637 2415//1637 2416//1637
f 2416//1637 2415//1637 2417//1637
f 2416//1638 2417//1638 2418//1638
f 2418//1638 2417//1638 2419//1638
f 2418//1639 2419//1639 2420//1639
f 2420//1639 2419//1639 2421//1639
f 2420//1640 2421//1640 2422//1640
f 2422//1640 2421//1640 2423//1640
f 2422//1641 2423//1641 2424//1641
f 2424//1641 2423//1641 2425//1641
f 2424//1642 2425//1642 2426//1642
f 2406//1643 2427//1643 2428//1643
f 2428//1643 2427//1643 2429//1643
f 2428//1644 2429//1644 2430//1644
f 2430//1644 2429//1644 2431//1644
f 2430//1645 2431//1645 2432//1645
f 2432//1645 2431//1645 2433//1645
f 2432//1646 2433//1646 2434//1646
f 2434//1646 2433//1646 2435//1646
f 2434//1647 2435//1647 2436//1647
f 2436//1647 2435//1647 2437//1647
f 2436//1648 2437//1648 2438//1648
f 2438//1648 2437//1648 2439//1648
f 2438//1649 2439//1649 2440//1649
f 2440//1649 2439//1649 2441//1649
f 2440//1650 2441//1650 2442//1650
f 2442//1650 2441//1650 2443//1650
f 2442//1651 2443//1651 2444//1651
f 2444//1651 2443//1651 2445//1651
f 2444//1652 2445//1652 2446//1652
f 2446//1652 2445//1652 2447//1652
f 2446//1653 2447//1653 2448//1653
f 2448//1653 2447//1653 2449//1653
f 2448//1654 2449//1654 2450//1654
f 2450//1654 2449//1654 2451//1654
f 2450//1655 2451//1655 2452//1655
f 2452//1655 2451//1655 2453//1655
f 2452//1656 2453//1656 2454//1656
f 2454//1656 2453//1656 2455//1656
f 2454//1657 2455//1657 2456//1657
f 2456//1657 2455//1657 2457//1657
f 2456//1658 2457//1658 2458//1658
f 2458//1658 2457//1658 2459//1658
f 2458//1659 2459//1659 2460//1659
f 2460//1659 2459//1659 2461//1659
f 2460//1660 2461//1660 2462//1660
f 2463//1661 2464//1661 2465//1661
f 2465//1661 2464//1661 2466//1661
f 2465//1662 2466//1662 2467//1662
f 2467//1662 2466//1662 2468//1662
f 2467//1663 2468//1663 2469//1663
f 2469//1663 2468//1663 2470//1663
f 2469//1664 2470//1664 2471//1664
f 2471//1664 2470//1664 2472//1664
f 2471//1665 2472//1665 2473//1665
f 2473//1665 2472//1665 2474//1665
f 2473//1666 2474//1666 2475//1666
f 2475//1666 2474//1666 2476//1666
f 2475//1667 2476//1667 2477//1667
f 2477//1667 2476//1667 2478//1667
f 2477//1668 2478//1668 2479//1668
f 2479//1668 2478//1668 2480//1668
f 2479//1669 2480//1669 2481//1669
f 2463//1670 2482//1670 2483//1670
f 2483//1670 2482//1670 2484//1670
f 2483//1671 2484//1671 2485//1671
f 2485//1671 2484//1671 2486//1671
f 2485//1672 2486//1672 2487//1672
f 2487//1672 2486//1672 2488//1672
f 2487//1673 2488//1673 2489//1673
f 2489//1673 2488//1673 2490//1673
f 2489//1674 2490//1674 2491//1674
f 2491//1674 2490//1674 2492//1674
f 2491//1675 2492//1675 2493//1675
f 2493//1675 2492//1675 2494//1675
f 2493//1676 2494//1676 2495//1676
f 2495//1676 2494//1676 2496//1676
f 2495//1677 2496//1677 2497//1677
f 2497//1677 2496//1677 2498//1677
f 2497//1678 2498//1678 2499//1678
f 2499//1678 2498//1678 2500//1678
f 2499//1679 2500//1679 2501//1679
f 2501//1679 2500//1679 2502//1679
f 2501//1680 2502//1680 2503//1680
f 2503//1680 2502//1680 2504//1680
f 2503//1681 2504//1681 2505//1681
f 2505//1681 2504//1681 2506//1681
f 2505//1682 2506//1682 2507//1682
f 2507//1682 2506//1682 2508//1682
f 2507//1683 2508//1683 2509//1683
f 2509//1683 2508//1683 2510//1683
f 2509//1684 2510//1684 2511//1684
f 2511//1684 2510//1684 2512//1684
f 2511//1685 2512//1685 2513//1685
f 2513//1685 2512//1685 2514//1685
f 2513//1686 2514//1686 2515//1686
f 2515//1686 2514//1686 2516//1686
f 2515//1687 2516//1687 2517//1687
f 2517//1687 2516//1687 2518//1687
f 2517//1688 2518//1688 2519//1688
f 2520//1689 2521//1689 2522//1689
f 2522//1689 2521//1689 2523//1689
f 2522//1690 2523//1690 2524//1690
f 2524//1690 2523//1690 2525//1690
f 2524//1691 2525//1691 2526//1691
f 2526//1691 2525//1691 2527//1691
f 2526//1692 2527//1692 2528//1692
f 2528//1692 2527//1692 2529//1692
f 2528//1693 2529//1693 2530//1693
f 2530//1693 2529//1693 2531//1693
f 2530//1694 2531//1694 2532//1694
f 2532//1694 2531//1694 2533//1694
f 2532//1695 2533//1695 2534//1695
f 2534//1695 2533//1695 2535//1695
f 2534//1696 2535//1696 2536//1696
f 2520//1697 2537//1697 2538//1697
f 2538//1697 2537//1697 2539//1697
f 2538//1698 2539//1698 2540//1698
f 2540//1698 2539//1698 2541//1698
f 2540//1699 2541//1699 2542//1699
f 2542//1699 2541//1699 2543//1699
f 2542//1700 2543//1700 2544//1700
f 2544//1700 2543//1700 2545//1700
f 2544//1701 2545//1701 2546//1701
f 2546//1701 2545//1701 2547//1701
f 2546//1702 2547//1702 2548//1702
f 2548//1702 2547//1702 2549//1702
f 2548//1703 2549//1703 2550//1703
f 2550//1703 2549//1703 2551//1703
f 2550//1704 2551//1704 2552//1704
f 2552//1704 2551//1704 2553//1704
f 2552//1705 2553//1705 2554//1705
f 2554//1705 2553//1705 2555//1705
f 2554//1706 2555//1706 2556//1706
f 2556//1706 2555//1706 2557//1706
f 2556//1707 2557//1707 2558//1707
f 2558//1707 2557//1707 2559//1707
f 2558//1708 2559//1708 2560//1708
f 2560//1708 2559//1708 2561//1708
f 2560//1709 2561//1709 2562//1709
f 2562//1709 2561//1709 2563//1709
f 2562//1710 2563//1710 2564//1710
f 2564//1710 2563//1710 2565//1710
f 2564//1711 2565//1711 2566//1711
f 2566//1711 2565//1711 2567//1711
f 2566//1712 2567//1712 2568//1712
f 2568//1712 2567//1712 2569//1712
f 2568//1713 2569//1713 2570//1713
f 2570//1713 2569//1713 2571//1713
f 2570//1714 2571//1714 2572//1714
f 2572//1714 2571//1714 2573//1714
f 2572//1715 2573//1715 2574//1715
f 2574//1715 2573//1715 2575//1715
f 2574//1716 2575//1716 2576//1716
f 2577//1717 2578//1717 2579//1717
f 2579//1717 2578//1717 2580//1717
f 2579//1718 2580//1718 2581//1718
f 2581//1718 2580//1718 2582//1718
f 2581//1719 2582//1719 2583//1719
f 2583//1719 2582//1719 2584//1719
f 2583//1720 2584//1720 2585//1720
f 2585//1720 2584//1720 2586//1720
f 2585//1721 2586//1721 2587//1721
f 2587//1721 2586//1721 2588//1721
f 2587//1722 2588//1722 2589//1722
f 2589//1722 2588//1722 2590//1722
f 2589//1723 2590//1723 2591//1723
f 2577//1724 2592//1724 2593//1724
f 2593//1724 2592//1724 2594//1724
f 2593//1725 2594//1725 2595//1725
f 2595//1725 2594//1725 2596//1725
f 2595//1726 2596//1726 2597//1726
f 2597//1726 2596//1726 2598//1726
f 2597//1727 2598//1727 2599//1727
f 2599//1727 2598//1727 2600//1727
f 2599//1728 2600//1728 2601//1728
f 2601//1728 2600//1728 2602//1728
f 2601//1729 2602//1729 2603//1729
f 2603//1729 2602//1729 2604//1729
f 2603//1730 2604//1730 2605//1730
f 2605//1730 2604//1730 2606//1730
f 2605//1731 2606//1731 2607//1731
f 2607//1731 2606//1731 2608//1731
f 2607//1732 2608//1732 2609//1732
f 2609//1732 2608//1732 2610//1732
f 2609//1733 2610//1733 2611//1733
f 2611//1733 2610//1733 2612//1733
f 2611//1734 2612//1734 2613//1734
f 2613//1734 2612//1734 2614//1734
f 2613//1735 2614//1735 2615//1735
f 2615//1735 2614//1735 2616//1735
f 2615//1736 2616//1736 2617//1736
f 2617//1736 2616//1736 2618//1736
f 2617//1737 2618//1737 2619//1737
f 2619//1737 2618//1737 2620//1737
f 2619//1738 2620//1738 2621//1738
f 2621//1738 2620//1738 2622//1738
f 2621//1739 2622//1739 2623//1739
f 2623//1739 2622//1739 2624//1739
f 2623//1740 2624//1740 2625//1740
f 2625//1740 2624//1740 2626//1740
f 2625//1741 2626//1741 2627//1741
f 2627//1741 2626//1741 2628//1741
f 2627//1742 2628//1742 2629//1742
f 2629//1742 2628//1742 2630//1742
f 2629//1743 2630//1743 2631//1743
f 2631//1743 2630//1743 2632//1743
f 2631//1744 2632//1744 2633//1744
f 2634//1745 2635//1745 2636//1745
f 2636//1745 2635//1745 2637//1745
f 2636//1746 2637//1746 2638//1746
f 2638//1746 2637//1746 2639//1746
f 2638//1747 2639//1747 2640//1747
f 2640//1747 2639//1747 2641//1747
f 2640//1748 2641//1748 2642//1748
f 2642//1748 2641//1748 2643//1748
f 2642//1749 2643//1749 2644//1749
f 2644//1749 2643//1749 2645//1749
f 2644//1750 2645//1750 2646//1750
f 2634//1751 2647//1751 2648//1751
f 2648//1751 2647//1751 2649//1751
f 2648//1752 2649//1752 2650//1752
f 2650//1752 2649//1752 2651//1752
f 2650//1753 2651//1753 2652//1753
f 2652//1753 2651//1753 2653//1753
f 2652//1754 2653//1754 2654//1754
f 2654//1754 2653//1754 2655//1754
f 2654//1755 2655//1755 2656//1755
f 2656//1755 2655//1755 2657//1755
f 2656//1756 2657//1756 2658//1756
f 2658//1756 2657//1756 2659//1756
f 2658//1757 2659//1757 2660//1757
f 2660//1757 2659//1757 2661//1757
f 2660//1758 2661//1758 2662//1758
f 2662//1758 2661//1758 2663//1758
f 2662//1759 2663//1759 2664//1759
f 2664//1759 2663//1759 2665//1759
f 2664//1760 2665//1760 2666//1760
f 2666//1760 2665//1760 2667//1760
f 2666//1761 2667//1761 2668//1761
f 2668//1761 2667//1761 2669//1761
f 2668//1762 2669//1762 2670//1762
f 2670//1762 2669//1762 2671//1762
f 2670//1763 2671//1763 2672//1763
f 2672//1763 2671//1763 2673//1763
f 2672//1764 2673//1764 2674//1764
f 2674//1764 2673//1764 2675//1764
f 2674//1765 2675//1765 2676//1765
f 2676//1765 2675//1765 2677//1765
f 2676//1766 2677//1766 2678//1766
f 2678//1766 2677//1766 2679//1766
f 2678//1767 2679//1767 2680//1767
f 2680//1767 2679//1767 2681//1767
f 2680//1768 2681//1768 2682//1768
f 2682//1768 2681//1768 2683//1768
f 2682//1769 2683//1769 2684//1769
f 2684//1769 2683//1769 2685//1769
f 2684//1770 2685//1770 2686//1770
f 2686//1770 2685//1770 2687//1770
f 2686//1771 2687//1771 2688//1771
f 2688//1771 2687//1771 2689//1771
f 2688//1772 2689//1772 2690//1772
f 2691//1773 2692//1773 2693//1773
f 2693//1773 2692//1773 2694//1773
f 2693//1774 2694//1774 2695//1774
f 2695//1774 2694//1774 2696//1774
f 2695//1775 2696//1775 2697//1775
f 2697//1775 2696//1775 2698//1775
f 2697//1776 2698//1776 2699//1776
f 2699//1776 2698//1776 2700//1776
f 2699//1777 2700//1777 2701//1777
f 2691//1778 2702//1778 2703//1778
f 2703//1778 2702//1778 2704//1778
f 2703//1779 2704//1779 2705//1779
f 2705//1779 2704//1779 2706//1779
f 2705//1780 2706//1780 2707//1780
f 2707//1780 2706//1780 2708//1780
f 2707//1781 2708//1781 2709//1781
f 2709//1781 2708//1781 2710//1781
f 2709//1782 2710//1782 2711//1782
f 2711//1782 2710//1782 2712//1782
f 2711//1783 2712//1783 2713//1783
f 2713//1783 2712//1783 2714//1783
f 2713//1784 2714//1784 2715//1784
f 2715//1784 2714//1784 2716//1784
f 2715//1785 2716//1785 2717//1785
f 2717//1785 2716//1785 2718//1785
f 2717//1786 2718//1786 2719//1786
f 2719//1786 2718//1786 2720//1786
f 2719//1787 2720//1787 2721//1787
f 2721//1787 2720//1787 2722//1787
f 2721//1788 2722//1788 2723//1788
f 2723//1788 2722//1788 2724//1788
f 2723//1789 2724//1789 2725//1789
f 2725//1789 2724//1789 2726//1789
f 2725//1790 2726//1790 2727//1790
f 2727//1790 2726//1790 2728//1790
f 2727//1791 2728//1791 2729//1791
f 2729//1791 2728//1791 2730//1791
f 2729//1792 2730//1792 2731//1792
f 2731//1792 2730//1792 2732//1792
f 2731//1793 2732//1793 2733//1793
f 2733//1793 2732//1793 2734//1793
f 2733//1794 2734//1794 2735//1794
f 2735//1794 2734//1794 2736//1794
f 2735//1795 2736//1795 2737//1795
f 2737//1795 2736//1795 2738//1795
f 2737//1796 2738//1796 2739//1796
f 2739//1796 2738//1796 2740//1796
f 2739//1797 2740//1797 2741//1797
f 2741//1797 2740//1797 2742//1797
f 2741//1798 2742//1798 2743//1798
f 2743//1798 2742//1798 2744//1798
f 2743//1799 2744//1799 2745//1799
f 2745//1799 2744//1799 2746//1799
f 2745//1800 2746//1800 2747//1800
f 2748//1801 2749//1801 2750//1801
f 2750//1801 2749//1801 2751//1801
f 2750//1802 2751//1802 2752//1802
f 2752//1802 2751//1802 2753//1802
f 2752//1803 2753//1803 2754//1803
f 2754//1803 2753//1803 2755//1803
f 2754//1804 2755//1804 2756//1804
f 2756//1804 2755//1804 2757//1804
f 2756//1805 2757//1805 2758//1805
f 2758//1805 2757//1805 2759//1805
f 2758//1806 2759//1806 2760//1806
f 2760//1806 2759//1806 2761//1806
f 2760//1807 2761//1807 2762//1807
f 2762//1807 2761//1807 2763//1807
f 2762//1808 2763//1808 2764//1808
f 2764//1808 2763//1808 2765//1808
f 2764//1809 2765//1809 2766//1809
f 2766//1809 2765//1809 2767//1809
f 2766//1810 2767//1810 2768//1810
f 2768//1810 2767//1810 2769//1810
f 2768//1811 2769//1811 2770//1811
f 2770//1811 2769//1811 2771//1811
f 2770//1812 2771//1812 2772//1812
f 2772//1812 2771//1812 2773//1812
f 2772//1813 2773//1813 2774//1813
f 2774//1813 2773//1813 2775//1813
f 2774//1814 2775//1814 2776//1814
f 2776//1814 2775//1814 2777//1814
f 2776//1815 2777//1815 2778//1815
f 2778//1815 2777//1815 2779//1815
f 2778//1816 2779//1816 2780//1816
f 2780//1816 2779//1816 2781//1816
f 2780//1817 2781//1817 2782//1817
f 2782//1817 2781//1817 2783//1817
f 2782//1818 2783//1818 2784//1818
f 2784//1818 2783//1818 2785//1818
f 2784//1819 2785//1819 2786//1819
f 2786//1819 2785//1819 2787//1819
f 2786//1820 2787//1820 2788//1820
f 2788//1820 2787//1820 2789//1820
f 2788//1821 2789//1821 2790//1821
f 2790//1821 2789//1821 2791//1821
f 2790//1822 2791//1822 2792//1822
f 2792//1822 2791//1822 2793//1822
f 2792//1823 2793//1823 2794//1823
f 2794//1823 2793//1823 2795//1823
f 2794//1824 2795//1824 2796//1824
f 2797//1825 2798//1825 2799//1825
f 2799//1825 2798//1825 2800//1825
f 2799//1826 2800//1826 2801//1826
f 2800//1827 2798//1827 2802//1827
f 2802//1828 2798//1828 2803//1828
f 2802//1829 2803//1829 2804//1829
f 2804//1830 2803//1830 2805//1830
f 2804//1831 2805//1831 2806//1831
f 2806//1832 2805//1832 2807//1832
f 2806//1833 2807//1833 2808//1833
f 2808//1834 2807//1834 2809//1834
f 2808//1835 2809//1835 2810//1835
f 2798//1836 2797//1836 2811//1836
f 2811//1836 2797//1836 2812//1836
f 2811//1837 2812//1837 2813//1837
f 2813//1837 2812//1837 2814//1837
f 2813//1838 2814//1838 2815//1838
f 2815//1838 2814//1838 2816//1838
f 2815//1839 2816//1839 2817//1839
f 2817//1839 2816//1839 2818//1839
f 2817//1840 2818//1840 2819//1840
f 2802//1829 2804//1829 2820//1829
f 2820//1841 2804//1841 2821//1841
f 2820//1841 2821//1841 2822//1841
f 2822//1842 2821//1842 2823//1842
f 2822//1842 2823//1842 2824//1842
f 2824//1843 2823//1843 2825//1843
f 2824//1843 2825//1843 2826//1843
f 2826//1844 2825//1844 2827//1844
f 2826//1844 2827//1844 2828//1844
f 2828//1845 2827//1845 2829//1845
f 2828//1845 2829//1845 2830//1845
f 2830//1846 2829//1846 2831//1846
f 2830//1846 2831//1846 2832//1846
f 2832//1847 2831//1847 2833//1847
f 2832//1847 2833//1847 2834//1847
f 2834//1848 2833//1848 2835//1848
f 2834//1848 2835//1848 2836//1848
f 2837//1849 2838//1849 2824//1849
f 2824//1850 2838//1850 2822//1850
f 2824//1851 2826//1851 2837//1851
f 2837//1852 2826//1852 2839//1852
f 2837//1853 2839//1853 2840//1853
f 2840//1854 2839//1854 2841//1854
f 2826//1855 2828//1855 2839//1855
f 2839//1856 2828//1856 2842//1856
f 2839//1857 2842//1857 2841//1857
f 2841//1858 2842//1858 2843//1858
f 2828//1859 2830//1859 2842//1859
f 2842//1860 2830//1860 2844//1860
f 2842//1861 2844//1861 2843//1861
f 2843//1862 2844//1862 2845//1862
f 2830//1863 2832//1863 2844//1863
f 2844//1864 2832//1864 2846//1864
f 2844//1865 2846//1865 2845//1865
f 2845//1866 2846//1866 2847//1866
f 2832//1867 2834//1867 2846//1867
f 2846//1868 2834//1868 2848//1868
f 2846//1869 2848//1869 2847//1869
f 2847//1870 2848//1870 2849//1870
f 2834//1871 2836//1871 2848//1871
f 2848//1872 2836//1872 2850//1872
f 2848//1873 2850//1873 2849//1873
f 2849//1874 2850//1874 2851//1874
f 2852//1875 2853//1875 2854//1875
f 2854//1876 2853//1876 2855//1876
f 2854//1877 2855//1877 2856//1877
f 2856//1878 2855//1878 2857//1878
f 2856//1879 2857//1879 2858//1879
f 2858//1880 2857//1880 2859//1880
f 2858//1881 2859//1881 2860//1881
f 2860//1882 2859//1882 2861//1882
f 2860//1883 2861//1883 2862//1883
f 2862//1884 2861//1884 2863//1884
f 2862//1885 2863//1885 2864//1885
f 2864//1886 2863//1886 2865//1886
f 2864//1887 2865//1887 2866//1887
f 2866//1888 2865//1888 2867//1888
f 2866//1889 2867//1889 2868//1889
f 2868//1890 2867//1890 2869//1890
f 2868//1891 2869//1891 2870//1891
f 2870//1892 2869//1892 2871//1892
f 2853//1893 2872//1893 2855//1893
f 2855//1894 2872//1894 2873//1894
f 2855//1895 2873//1895 2857//1895
f 2857//1896 2873//1896 2874//1896
f 2857//1897 2874//1897 2859//1897
f 2859//1898 2874//1898 2875//1898
f 2859//1899 2875//1899 2861//1899
f 2861//1900 2875//1900 2876//1900
f 2861//1901 2876//1901 2863//1901
f 2863//1902 2876//1902 2877//1902
f 2863//1903 2877//1903 2865//1903
f 2865//1904 2877//1904 2878//1904
f 2865//1905 2878//1905 2867//1905
f 2867//1906 2878//1906 2879//1906
f 2867//1907 2879//1907 2869//1907
f 2869//1908 2879//1908 2880//1908
f 2869//1909 2880//1909 2871//1909
f 2871//1910 2880//1910 2881//1910
f 2873//1911 2872//1911 2882//1911
f 2873//1912 2882//1912 2883//1912
f 2883//1912 2882//1912 2884//1912
f 2883//1913 2884//1913 2885//1913
f 2885//1913 2884//1913 2886//1913
f 2885//1914 2886//1914 2887//1914
f 2887//1914 2886//1914 2888//1914
f 2887//1915 2888//1915 2889//1915
f 2889//1915 2888//1915 2890//1915
f 2889//1916 2890//1916 2891//1916
f 2891//1916 2890//1916 2892//1916
f 2891//1917 2892//1917 2893//1917
f 2893//1917 2892//1917 2894//1917
f 2893//1918 2894//1918 2895//1918
f 2895//1918 2894//1918 2896//1918
f 2895//1919 2896//1919 2897//1919
f 2873//1920 2883//1920 2874//1920
f 2874//1921 2883//1921 2898//1921
f 2874//1922 2898//1922 2875//1922
f 2875//1923 2898//1923 2899//1923
f 2875//1924 2899//1924 2876//1924
f 2876//1925 2899//1925 2900//1925
f 2876//1926 2900//1926 2877//1926
f 2877//1927 2900//1927 2901//1927
f 2877//1928 2901//1928 2878//1928
f 2878//1929 2901//1929 2902//1929
f 2878//1930 2902//1930 2879//1930
f 2879//1931 2902//1931 2903//1931
f 2879//1932 2903//1932 2880//1932
f 2880//1933 2903//1933 2904//1933
f 2880//1934 2904//1934 2881//1934
f 2881//1935 2904//1935 2905//1935
f 2898//1921 2883//1921 2885//1921
f 2906//1936 2907//1936 2908//1936
f 2908//1936 2907//1936 2909//1936
f 2908//1937 2909//1937 2910//1937
f 2910//1937 2909//1937 2911//1937
f 2910//1938 2911//1938 2912//1938
f 2912//1938 2911//1938 2913//1938
f 2912//1939 2913//1939 2914//1939
f 2914//1939 2913//1939 2915//1939
f 2914//1940 2915//1940 2916//1940
f 2916//1940 2915//1940 2917//1940
f 2916//1941 2917//1941 2918//1941
f 2918//1942 2917//1942 2919//1942
f 2918//1943 2919//1943 2920//1943
f 2921//1944 2906//1944 2922//1944
f 2922//1944 2906//1944 2908//1944
f 2922//1945 2908//1945 2923//1945
f 2923//1945 2908//1945 2910//1945
f 2923//1946 2910//1946 2924//1946
f 2924//1946 2910//1946 2912//1946
f 2924//1947 2912//1947 2925//1947
f 2925//1947 2912//1947 2914//1947
f 2925//1948 2914//1948 2926//1948
f 2926//1948 2914//1948 2916//1948
f 2926//1949 2916//1949 2927//1949
f 2927//1950 2916//1950 2918//1950
f 2927//1951 2918//1951 2928//1951
f 2928//1952 2918//1952 2920//1952
f 2928//1953 2920//1953 2929//1953
f 2929//1953 2920//1953 2930//1953
f 2931//1954 2921//1954 2932//1954
f 2932//1954 2921//1954 2922//1954
f 2932//1955 2922//1955 2933//1955
f 2933//1955 2922//1955 2923//1955
f 2933//1956 2923//1956 2934//1956
f 2934//1956 2923//1956 2924//1956
f 2934//1957 2924//1957 2935//1957
f 2935//1957 2924//1957 2925//1957
f 2935//1958 2925//1958 2936//1958
f 2936//1958 2925//1958 2926//1958
f 2936//1959 2926//1959 2937//1959
f 2937//1960 2926//1960 2927//1960
f 2937//1961 2927//1961 2938//1961
f 2938//1962 2927//1962 2928//1962
f 2938//1963 2928//1963 2939//1963
f 2939//1963 2928//1963 2929//1963
f 2940//1964 2931//1964 2941//1964
f 2941//1964 2931//1964 2932//1964
f 2941//1965 2932//1965 2942//1965
f 2942//1965 2932//1965 2933//1965
f 2942//1966 2933//1966 2943//1966
f 2943//1966 2933//1966 2934//1966
f 2943//1967 2934//1967 2944//1967
f 2944//1967 2934//1967 2935//1967
f 2944//1968 2935//1968 2945//1968
f 2945//1968 2935//1968 2936//1968
f 2945//1969 2936//1969 2946//1969
f 2946//1970 2936//1970 2937//1970
f 2946//1971 2937//1971 2947//1971
f 2947//1972 2937//1972 2938//1972
f 2947//1973 2938//1973 2948//1973
f 2948//1973 2938//1973 2939//1973
f 2949//1974 2940//1974 2950//1974
f 2950//1974 2940//1974 2941//1974
f 2950//1975 2941//1975 2951//1975
f 2951//1975 2941//1975 2942//1975
f 2951//1976 2942//1976 2952//1976
f 2952//1976 2942//1976 2943//1976
f 2952//1977 2943//1977 2953//1977
f 2953//1977 2943//1977 2944//1977
f 2953//1978 2944//1978 2954//1978
f 2954//1978 2944//1978 2945//1978
f 2954//1979 2945//1979 2955//1979
f 2955//1980 2945//1980 2946//1980
f 2955//1981 2946//1981 2956//1981
f 2956//1982 2946//1982 2947//1982
f 2956//1983 2947//1983 2957//1983
f 2957//1983 2947//1983 2948//1983
f 2958//1984 2949//1984 2959//1984
f 2959//1984 2949//1984 2950//1984
f 2959//1985 2950//1985 2960//1985
f 2960//1985 2950//1985 2951//1985
f 2960//1986 2951//1986 2961//1986
f 2961//1986 2951//1986 2952//1986
f 2961//1987 2952//1987 2962//1987
f 2962//1987 2952//1987 2953//1987
f 2962//1988 2953//1988 2963//1988
f 2963//1988 2953//1988 2954//1988
f 2963//1989 2954//1989 2964//1989
f 2964//1990 2954//1990 2955//1990
f 2964//1991 2955//1991 2965//1991
f 2965//1992 2955//1992 2956//1992
f 2965//1993 2956//1993 2966//1993
f 2966//1993 2956//1993 2957//1993
f 2967//1994 2958//1994 2968//1994
f 2968//1994 2958//1994 2959//1994
f 2968//1995 2959//1995 2969//1995
f 2969//1995 2959//1995 2960//1995
f 2969//1996 2960//1996 2970//1996
f 2970//1996 2960//1996 2961//1996
f 2970//1997 2961//1997 2971//1997
f 2971//1997 2961//1997 2962//1997
f 2971//1998 2962//1998 2972//1998
f 2972//1998 2962//1998 2963//1998
f 2972//1999 2963//1999 2973//1999
f 2973//2000 2963//2000 2964//2000
f 2973//2001 2964//2001 2974//2001
f 2974//2002 2964//2002 2965//2002
f 2974//2003 2965//2003 2975//2003
f 2975//2003 2965//2003 2966//2003
f 2976//2004 2967//2004 2977//2004
f 2977//2004 2967//2004 2968//2004
f 2977//2005 2968//2005 2978//2005
f 2978//2005 2968//2005 2969//2005
f 2978//2006 2969//2006 2979//2006
f 2979//2006 2969//2006 2970//2006
f 2979//2007 2970//2007 2980//2007
f 2980//2007 2970//2007 2971//2007
f 2980//2008 2971//2008 2981//2008
f 2981//2008 2971//2008 2972//2008
f 2981//2009 2972//2009 2982//2009
f 2982//2010 2972//2010 2973//2010
f 2982//2011 2973//2011 2983//2011
f 2983//2012 2973//2012 2974//2012
f 2983//2013 2974//2013 2984//2013
f 2984//2013 2974//2013 2975//2013
f 2985//2014 2976//2014 2986//2014
f 2986//2014 2976//2014 2977//2014
f 2986//2015 2977//2015 2987//2015
f 2987//2015 2977//2015 2978//2015
f 2987//2016 2978//2016 2988//2016
f 2988//2016 2978//2016 2979//2016
f 2988//2017 2979//2017 2989//2017
f 2989//2017 2979//2017 2980//2017
f 2989//2018 2980//2018 2990//2018
f 2990//2018 2980//2018 2981//2018
f 2990//2019 2981//2019 2991//2019
f 2991//2020 2981//2020 2982//2020
f 2991//2021 2982//2021 2992//2021
f 2992//2022 2982//2022 2983//2022
f 2992//2023 2983//2023 2993//2023
f 2993//2023 2983//2023 2984//2023
f 2994//2024 2985//2024 2995//2024
f 2995//2024 2985//2024 2986//2024
f 2995//2025 2986//2025 2996//2025
f 2996//2025 2986//2025 2987//2025
f 2996//2026 2987//2026 2997//2026
f 2997//2026 2987//2026 2988//2026
f 2997//2027 2988//2027 2998//2027
f 2998//2027 2988//2027 2989//2027
f 2998//2028 2989//2028 2999//2028
f 2999//2028 2989//2028 2990//2028
f 2999//2029 2990//2029 3000//2029
f 3000//2030 2990//2030 2991//2030
f 3000//2031 2991//2031 3001//2031
f 3001//2032 2991//2032 2992//2032
f 3001//2033 2992//2033 3002//2033
f 3002//2033 2992//2033 2993//2033
f 3003//2034 3004//2034 3005//2034
f 3005//2034 3004//2034 3006//2034
f 3005//2035 3006//2035 3007//2035
f 3007//2035 3006//2035 3008//2035
f 3007//2036 3008//2036 3009//2036
f 3009//2036 3008//2036 3010//2036
f 3009//2037 3010//2037 3011//2037
f 3011//2037 3010//2037 3012//2037
f 3011//2038 3012//2038 3013//2038
f 3013//2038 3012//2038 3014//2038
f 3013//2039 3014//2039 3015//2039
f 3015//2039 3014//2039 3016//2039
f 3015//2040 3016//2040 3017//2040
f 3017//2040 3016//2040 3018//2040
f 3017//2041 3018//2041 3019//2041
f 3019//2041 3018//2041 3020//2041
f 3019//2042 3020//2042 3021//2042
f 3021//2042 3020//2042 3022//2042
f 3021//2043 3022//2043 3023//2043
f 3023//2043 3022//2043 3024//2043
f 3023//2044 3024//2044 3025//2044
f 3025//2044 3024//2044 3026//2044
f 3025//2045 3026//2045 3027//2045
f 3027//2045 3026//2045 3028//2045
f 3027//2046 3028//2046 3029//2046
f 3029//2046 3028//2046 3030//2046
f 3029//2047 3030//2047 3031//2047
f 3031//2047 3030//2047 3032//2047
f 3033//2048 3034//2048 3035//2048
f 3035//2049 3034//2049 3036//2049
f 3035//2049 3036//2049 3037//2049
f 3037//2050 3036//2050 3038//2050
f 3037//2050 3038//2050 3039//2050
f 3039//2051 3038//2051 3040//2051
f 3039//2051 3040//2051 3041//2051
f 3041//2052 3040//2052 3042//2052
f 3041//2052 3042//2052 3043//2052
f 3043//2053 3042//2053 3044//2053
f 3043//2053 3044//2053 3045//2053
f 3045//2054 3044//2054 3046//2054
f 3045//2054 3046//2054 3047//2054
f 3047//2055 3046//2055 3048//2055
f 3047//2055 3048//2055 3049//2055
f 3049//2056 3048//2056 3050//2056
f 3049//2056 3050//2056 3051//2056
f 3051//2057 3050//2057 3052//2057
f 3051//2057 3052//2057 3053//2057
f 3036//2058 3034//2058 3054//2058
f 3054//2058 3034//2058 3055//2058
f 3054//2059 3055//2059 3056//2059
f 3056//2059 3055//2059 3057//2059
f 3056//2060 3057//2060 3058//2060
f 3058//2060 3057//2060 3059//2060
f 3058//2061 3059//2061 3060//2061
f 3060//2061 3059//2061 3061//2061
f 3060//2062 3061//2062 3062//2062
f 3062//2062 3061//2062 3063//2062
f 3038//2063 3064//2063 3065//2063
f 3065//2063 3064//2063 3054//2063
f 3065//2064 3054//2064 3066//2064
f 3066//2064 3054//2064 3056//2064
f 3066//2065 3056//2065 3067//2065
f 3067//2065 3056//2065 3058//2065
f 3067//2066 3058//2066 3068//2066
f 3068//2066 3058//2066 3060//2066
f 3068//2067 3060//2067 3069//2067
f 3069//2067 3060//2067 3062//2067
f 3070//2068 3071//2068 3072//2068
f 3072//2068 3071//2068 3065//2068
f 3072//2069 3065//2069 3073//2069
f 3073//2069 3065//2069 3066//2069
f 3073//2070 3066//2070 3074//2070
f 3074//2070 3066//2070 3067//2070
f 3074//2071 3067//2071 3075//2071
f 3075//2071 3067//2071 3068//2071
f 3075//2072 3068//2072 3076//2072
f 3076//2072 3068//2072 3069//2072
f 3077//2073 3070//2073 3078//2073
f 3078//2073 3070//2073 3072//2073
f 3078//2074 3072//2074 3079//2074
f 3079//2074 3072//2074 3073//2074
f 3079//2075 3073//2075 3080//2075
f 3080//2075 3073//2075 3074//2075
f 3080//2076 3074//2076 3081//2076
f 3081//2076 3074//2076 3075//2076
f 3081//2077 3075//2077 3082//2077
f 3082//2077 3075//2077 3076//2077
f 3083//2078 3077//2078 3084//2078
f 3084//2078 3077//2078 3078//2078
f 3084//2079 3078//2079 3085//2079
f 3085//2079 3078//2079 3079//2079
f 3085//2080 3079//2080 3086//2080
f 3086//2080 3079//2080 3080//2080
f 3086//2081 3080//2081 3087//2081
f 3087//2081 3080//2081 3081//2081
f 3087//2082 3081//2082 3088//2082
f 3088//2082 3081//2082 3082//2082
f 3089//2083 3083//2083 3090//2083
f 3090//2083 3083//2083 3084//2083
f 3090//2084 3084//2084 3091//2084
f 3091//2084 3084//2084 3085//2084
f 3091//2085 3085//2085 3092//2085
f 3092//2085 3085//2085 3086//2085
f 3092//2086 3086//2086 3093//2086
f 3093//2086 3086//2086 3087//2086
f 3093//2087 3087//2087 3094//2087
f 3094//2087 3087//2087 3088//2087
f 3095//2088 3089//2088 3096//2088
f 3096//2088 3089//2088 3090//2088
f 3096//2089 3090//2089 3097//2089
f 3097//2089 3090//2089 3091//2089
f 3097//2090 3091//2090 3098//2090
f 3098//2090 3091//2090 3092//2090
f 3098//2091 3092//2091 3099//2091
f 3099//2091 3092//2091 3093//2091
f 3099//2092 3093//2092 3100//2092
f 3100//2092 3093//2092 3094//2092
f 3101//2093 3102//2093 3103//2093
f 3103//2094 3095//2094 3104//2094
f 3104//2094 3095//2094 3096//2094
f 3104//2095 3096//2095 3105//2095
f 3105//2095 3096//2095 3097//2095
f 3105//2096 3097//2096 3106//2096
f 3106//2096 3097//2096 3098//2096
f 3106//2097 3098//2097 3107//2097
f 3107//2097 3098//2097 3099//2097
f 3107//2098 3099//2098 3108//2098
f 3108//2098 3099//2098 3100//2098
f 3109//2099 3101//2099 3104//2099
f 3104//2093 3101//2093 3103//2093
f 3109//2099 3104//2099 3105//2099
f 3110//2100 3109//2100 3105//2100
f 3110//2100 3105//2100 3106//2100
f 3111//2101 3110//2101 3106//2101
f 3111//2101 3106//2101 3107//2101
f 3112//2102 3111//2102 3107//2102
f 3112//2102 3107//2102 3108//2102
f 3113//2103 3114//2103 3115//2103
f 3115//2103 3114//2103 3116//2103
f 3115//2104 3116//2104 3117//2104
f 3117//2104 3116//2104 3118//2104
f 3117//2105 3118//2105 3119//2105
f 3114//2106 3113//2106 3120//2106
f 3120//2106 3113//2106 3121//2106
f 3120//2107 3121//2107 3122//2107
f 3122//2107 3121//2107 3123//2107
f 3122//2108 3123//2108 3124//2108
f 3124//2108 3123//2108 3125//2108
f 3124//2109 3125//2109 3126//2109
f 3126//2109 3125//2109 3127//2109
f 3126//2110 3127//2110 3128//2110
f 3128//2111 3127//2111 3129//2111
f 3128//2112 3129//2112 3130//2112
f 3130//2113 3129//2113 3131//2113
f 3130//2114 3131//2114 3132//2114
f 3132//2114 3131//2114 3133//2114
f 3132//2115 3133//2115 3134//2115
f 3134//2115 3133//2115 3135//2115
f 3134//2116 3135//2116 3136//2116
f 3136//2116 3135//2116 3137//2116
f 3136//2117 3137//2117 3138//2117
f 3138//2117 3137//2117 3139//2117
f 3138//2118 3139//2118 3140//2118
f 3140//2118 3139//2118 3141//2118
f 3140//2119 3141//2119 3142//2119
f 3142//2119 3141//2119 3143//2119
f 3142//2120 3143//2120 3144//2120
f 3144//2120 3143//2120 3145//2120
f 3144//2121 3145//2121 3146//2121
f 3146//2121 3145//2121 3147//2121
f 3146//2122 3147//2122 3148//2122
f 3148//2122 3147//2122 3149//2122
f 3148//2123 3149//2123 3150//2123
f 3150//2123 3149//2123 3151//2123
f 3150//2124 3151//2124 3152//2124
f 3152//2124 3151//2124 3153//2124
f 3152//2125 3153//2125 3154//2125
f 3154//2125 3153//2125 3155//2125
f 3154//2126 3155//2126 3156//2126
f 3156//2126 3155//2126 3157//2126
f 3156//2127 3157//2127 3158//2127
f 3158//2127 3157//2127 3159//2127
f 3160//2128 3161//2128 3162//2128
f 3162//2128 3161//2128 3163//2128
f 3162//2129 3163//2129 3164//2129
f 3164//2129 3163//2129 3165//2129
f 3164//2130 3165//2130 3166//2130
f 3166//2130 3165//2130 3167//2130
f 3166//2131 3167//2131 3168//2131
f 3168//2131 3167//2131 3169//2131
f 3168//2132 3169//2132 3170//2132
f 3161//2133 3160//2133 3171//2133
f 3171//2133 3160//2133 3172//2133
f 3171//2134 3172//2134 3173//2134
f 3173//2134 3172//2134 3174//2134
f 3173//2135 3174//2135 3175//2135
f 3175//2135 3174//2135 3176//2135
f 3175//2136 3176//2136 3177//2136
f 3177//2136 3176//2136 3178//2136
f 3177//2137 3178//2137 3179//2137
f 3179//2137 3178//2137 3180//2137
f 3179//2138 3180//2138 3181//2138
f 3182//2139 3183//2139 3184//2139
f 3184//2139 3183//2139 3185//2139
f 3184//2140 3185//2140 3186//2140
f 3186//2140 3185//2140 3187//2140
f 3186//2141 3187//2141 3188//2141
f 3188//2141 3187//2141 3189//2141
f 3188//2142 3189//2142 3190//2142
f 3190//2142 3189//2142 3191//2142
f 3183//2143 3192//2143 3185//2143
f 3185//2143 3192//2143 3193//2143
f 3185//2144 3193//2144 3187//2144
f 3187//2144 3193//2144 3194//2144
f 3187//2145 3194//2145 3189//2145
f 3189//2145 3194//2145 3195//2145
f 3189//2146 3195//2146 3191//2146
f 3191//2146 3195//2146 3196//2146
f 3182//2147 3197//2147 3183//2147
f 3183//2148 3197//2148 3198//2148
f 3183//2148 3198//2148 3192//2148
f 3182//2149 3184//2149 3199//2149
f 3199//2150 3184//2150 3200//2150
f 3199//2151 3200//2151 3201//2151
f 3201//2152 3200//2152 3202//2152
f 3201//2153 3202//2153 3203//2153
f 3203//2154 3202//2154 3204//2154
f 3203//2155 3204//2155 3205//2155
f 3200//2150 3184//2150 3186//2150
f 3206//2156 3207//2156 3208//2156
f 3209//2157 3210//2157 3211//2157
f 3209//2158 3211//2158 3212//2158
f 3213//2159 3206//2159 3208//2159
f 3213//2160 3208//2160 3214//2160
f 3215//2161 3216//2161 3217//2161
f 3217//2161 3216//2161 3218//2161
f 3217//2162 3218//2162 3219//2162
f 3219//2162 3218//2162 3220//2162
f 3219//2163 3220//2163 3221//2163
f 3221//2163 3220//2163 3222//2163
f 3221//2164 3222//2164 3223//2164
f 3223//2164 3222//2164 3224//2164
f 3223//2165 3224//2165 3225//2165
f 3216//2166 3226//2166 3218//2166
f 3218//2166 3226//2166 3227//2166
f 3218//2167 3227//2167 3220//2167
f 3220//2167 3227//2167 3228//2167
f 3220//2168 3228//2168 3222//2168
f 3222//2168 3228//2168 3229//2168
f 3222//2169 3229//2169 3224//2169
f 3216//2170 3215//2170 3230//2170
f 3230//2170 3215//2170 3231//2170
f 3230//2171 3231//2171 3232//2171
f 3232//2171 3231//2171 3233//2171
f 3232//2172 3233//2172 3234//2172
f 3234//2172 3233//2172 3235//2172
f 3234//2173 3235//2173 3236//2173
f 3236//2173 3235//2173 3237//2173
f 3236//2174 3237//2174 3238//2174
f 3238//2174 3237//2174 3239//2174
f 3226//2175 3240//2175 3227//2175
f 3227//2175 3240//2175 3241//2175
f 3227//2176 3241//2176 3228//2176
f 3228//2176 3241//2176 3242//2176
f 3228//2177 3242//2177 3229//2177
f 3229//2177 3242//2177 3243//2177
f 3226//2178 3244//2178 3245//2178
f 3245//2178 3244//2178 3230//2178
f 3245//2179 3230//2179 3246//2179
f 3246//2179 3230//2179 3232//2179
f 3246//2180 3232//2180 3247//2180
f 3247//2180 3232//2180 3234//2180
f 3247//2181 3234//2181 3248//2181
f 3248//2181 3234//2181 3236//2181
f 3248//2182 3236//2182 3249//2182
f 3249//2182 3236//2182 3238//2182
f 3240//2183 3250//2183 3241//2183
f 3241//2183 3250//2183 3251//2183
f 3241//2184 3251//2184 3242//2184
f 3240//2185 3226//2185 3252//2185
f 3252//2185 3226//2185 3245//2185
f 3252//2186 3245//2186 3253//2186
f 3253//2186 3245//2186 3246//2186
f 3253//2187 3246//2187 3254//2187
f 3254//2187 3246//2187 3247//2187
f 3254//2188 3247//2188 3255//2188
f 3255//2188 3247//2188 3248//2188
f 3255//2189 3248//2189 3256//2189
f 3256//2189 3248//2189 3249//2189
f 3251//2190 3250//2190 3257//2190
f 3257//2191 3250//2191 3258//2191
f 3257//2192 3258//2192 3259//2192
f 3259//2193 3258//2193 3260//2193
f 3259//2194 3260//2194 3261//2194
f 3261//2195 3260//2195 3262//2195
f 3261//2196 3262//2196 3263//2196
f 3263//2197 3262//2197 3264//2197
f 3250//2198 3240//2198 3265//2198
f 3265//2198 3240//2198 3252//2198
f 3265//2199 3252//2199 3266//2199
f 3266//2199 3252//2199 3253//2199
f 3266//2200 3253//2200 3267//2200
f 3267//2200 3253//2200 3254//2200
f 3267//2201 3254//2201 3268//2201
f 3268//2201 3254//2201 3255//2201
f 3268//2202 3255//2202 3256//2202
f 3257//2192 3259//2192 3269//2192
f 3269//2203 3259//2203 3270//2203
f 3269//2203 3270//2203 3271//2203
f 3271//2204 3270//2204 3272//2204
f 3271//2204 3272//2204 3273//2204
f 3274//2205 3275//2205 3276//2205
f 3274//2205 3276//2205 3277//2205
f 3278//2206 3279//2206 3280//2206
f 3280//2207 3279//2207 3281//2207
f 3280//2207 3281//2207 3282//2207
f 3282//2208 3281//2208 3283//2208
f 3282//2208 3283//2208 3284//2208
f 3285//2209 3283//2209 3281//2209
f 3285//2209 3281//2209 3286//2209
f 3286//2210 3281//2210 3279//2210
f 3287//2211 3288//2211 3289//2211
f 3289//2211 3288//2211 3290//2211
f 3289//2212 3290//2212 3291//2212
f 3291//2212 3290//2212 3292//2212
f 3291//2213 3292//2213 3293//2213
f 3293//2213 3292//2213 3294//2213
f 3293//2214 3294//2214 3295//2214
f 3295//2214 3294//2214 3296//2214
f 3295//2215 3296//2215 3297//2215
f 3297//2215 3296//2215 3298//2215
f 3297//2216 3298//2216 3299//2216
f 3299//2216 3298//2216 3300//2216
f 3299//2217 3300//2217 3301//2217
f 3301//2217 3300//2217 3302//2217
f 3301//2218 3302//2218 3303//2218
f 3303//2218 3302//2218 3304//2218
f 3303//2219 3304//2219 3305//2219
f 3305//2219 3304//2219 3306//2219
f 3305//2220 3306//2220 3307//2220
f 3307//2220 3306//2220 3308//2220
f 3288//2221 3309//2221 3290//2221
f 3290//2221 3309//2221 3310//2221
f 3290//2222 3310//2222 3292//2222
f 3292//2222 3310//2222 3311//2222
f 3292//2223 3311//2223 3294//2223
f 3294//2223 3311//2223 3312//2223
f 3294//2224 3312//2224 3296//2224
f 3296//2224 3312//2224 3313//2224
f 3296//2225 3313//2225 3298//2225
f 3298//2225 3313//2225 3314//2225
f 3298//2226 3314//2226 3300//2226
f 3300//2226 3314//2226 3315//2226
f 3300//2227 3315//2227 3302//2227
f 3302//2227 3315//2227 3316//2227
f 3302//2228 3316//2228 3304//2228
f 3304//2228 3316//2228 3317//2228
f 3304//2229 3317//2229 3306//2229
f 3306//2229 3317//2229 3318//2229
f 3306//2230 3318//2230 3308//2230
f 3308//2230 3318//2230 3319//2230
f 3320//2231 3321//2231 3322//2231
f 3322//2232 3321//2232 3323//2232
f 3322//2232 3323//2232 3309//2232
f 3309//2233 3323//2233 3324//2233
f 3309//2233 3324//2233 3325//2233
f 3325//2234 3324//2234 3326//2234
f 3325//2234 3326//2234 3327//2234
f 3309//2235 3325//2235 3310//2235
f 3310//2235 3325//2235 3328//2235
f 3310//2236 3328//2236 3311//2236
f 3311//2236 3328//2236 3329//2236
f 3311//2237 3329//2237 3312//2237
f 3312//2237 3329//2237 3330//2237
f 3312//2238 3330//2238 3313//2238
f 3313//2238 3330//2238 3331//2238
f 3313//2239 3331//2239 3314//2239
f 3314//2239 3331//2239 3332//2239
f 3314//2240 3332//2240 3315//2240
f 3315//2240 3332//2240 3333//2240
f 3315//2241 3333//2241 3316//2241
f 3316//2241 3333//2241 3334//2241
f 3316//2242 3334//2242 3317//2242
f 3317//2242 3334//2242 3335//2242
f 3317//2243 3335//2243 3318//2243
f 3318//2243 3335//2243 3336//2243
f 3318//2244 3336//2244 3319//2244
f 3319//2244 3336//2244 3337//2244
f 3325//2245 3327//2245 3328//2245
f 3328//2245 3327//2245 3338//2245
f 3328//2246 3338//2246 3329//2246
f 3329//2246 3338//2246 3339//2246
f 3329//2247 3339//2247 3330//2247
f 3330//2247 3339//2247 3340//2247
f 3330//2248 3340//2248 3331//2248
f 3331//2248 3340//2248 3341//2248
f 3331//2249 3341//2249 3332//2249
f 3332//2249 3341//2249 3342//2249
f 3332//2250 3342//2250 3333//2250
f 3333//2250 3342//2250 3343//2250
f 3333//2251 3343//2251 3334//2251
f 3334//2251 3343//2251 3344//2251
f 3334//2252 3344//2252 3335//2252
f 3335//2252 3344//2252 3345//2252
f 3335//2253 3345//2253 3336//2253
f 3336//2253 3345//2253 3346//2253
f 3336//2254 3346//2254 3337//2254
f 3337//2254 3346//2254 3347//2254
f 3348//2255 3349//2255 3350//2255
f 3348//2255 3350//2255 3351//2255
f 3351//2256 3350//2256 3352//2256
f 3353//2257 3354//2257 3355//2257
f 3356//2258 3357//2258 3358//2258
f 3358//2259 3357//2259 3359//2259
f 3358//2260 3359//2260 3360//2260
f 3360//2261 3359//2261 3361//2261
f 3360//2262 3361//2262 3362//2262
f 3362//2263 3361//2263 3363//2263
f 3359//2259 3357//2259 3364//2259
f 3359//2264 3364//2264 3365//2264
f 3365//2264 3364//2264 3366//2264
f 3365//2265 3366//2265 3367//2265
f 3367//2265 3366//2265 3368//2265
f 3367//2266 3368//2266 3369//2266
f 3369//2266 3368//2266 3370//2266
f 3369//2267 3370//2267 3371//2267
f 3371//2267 3370//2267 3372//2267
f 3371//2268 3372//2268 3373//2268
f 3373//2268 3372//2268 3374//2268
f 3373//2269 3374//2269 3375//2269
f 3375//2269 3374//2269 3376//2269
f 3375//2270 3376//2270 3377//2270
f 3377//2270 3376//2270 3378//2270
f 3377//2271 3378//2271 3379//2271
f 3379//2271 3378//2271 3380//2271
f 3359//2261 3365//2261 3361//2261
f 3361//2272 3365//2272 3381//2272
f 3361//2263 3381//2263 3363//2263
f 3363//2273 3381//2273 3382//2273
f 3381//2272 3365//2272 3367//2272
f 3381//2274 3367//2274 3383//2274
f 3383//2274 3367//2274 3369//2274
f 3383//2275 3369//2275 3384//2275
f 3384//2275 3369//2275 3371//2275
f 3384//2276 3371//2276 3385//2276
f 3385//2276 3371//2276 3373//2276
f 3385//2277 3373//2277 3386//2277
f 3386//2277 3373//2277 3375//2277
f 3386//2278 3375//2278 3387//2278
f 3387//2278 3375//2278 3377//2278
f 3387//2279 3377//2279 3388//2279
f 3388//2279 3377//2279 3379//2279
f 3389//2280 3382//2280 3383//2280
f 3383//2273 3382//2273 3381//2273
f 3389//2280 3383//2280 3384//2280
f 3390//2281 3389//2281 3384//2281
f 3390//2281 3384//2281 3385//2281
f 3391//2282 3390//2282 3385//2282
f 3391//2282 3385//2282 3386//2282
f 3392//2283 3391//2283 3386//2283
f 3392//2283 3386//2283 3387//2283
f 3393//2284 3392//2284 3387//2284
f 3393//2284 3387//2284 3388//2284
f 3394//2285 3395//2285 3396//2285
f 3396//2285 3395//2285 3397//2285
f 3396//2286 3397//2286 3398//2286
f 3398//2286 3397//2286 3399//2286
f 3398//2287 3399//2287 3400//2287
f 3400//2287 3399//2287 3401//2287
f 3400//2288 3401//2288 3402//2288
f 3402//2288 3401//2288 3403//2288
f 3402//2289 3403//2289 3404//2289
f 3404//2289 3403//2289 3405//2289
f 3404//2290 3405//2290 3406//2290
f 3406//2290 3405//2290 3407//2290
f 3406//2291 3407//2291 3408//2291
f 3408//2291 3407//2291 3409//2291
f 3408//2292 3409//2292 3410//2292
f 3410//2292 3409//2292 3411//2292
f 3410//2293 3411//2293 3412//2293
f 3412//2293 3411//2293 3413//2293
f 3395//2294 3394//2294 3414//2294
f 3414//2294 3394//2294 3415//2294
f 3414//2295 3415//2295 3416//2295
f 3416//2295 3415//2295 3417//2295
f 3416//2296 3417//2296 3418//2296
f 3418//2296 3417//2296 3419//2296
f 3420//2297 3421//2297 3422//2297
f 3422//2298 3421//2298 3423//2298
f 3422//2298 3423//2298 3424//2298
f 3424//2299 3423//2299 3425//2299
f 3424//2299 3425//2299 3426//2299
f 3426//2300 3425//2300 3427//2300
f 3426//2300 3427//2300 3428//2300
f 3429//2301 3430//2301 3431//2301
f 3431//2301 3430//2301 3432//2301
f 3431//2302 3432//2302 3433//2302
f 3434//2303 3432//2303 3435//2303
f 3435//2303 3432//2303 3430//2303
f 3435//2304 3430//2304 3436//2304
f 3436//2304 3430//2304 3437//2304
f 3436//2305 3437//2305 3438//2305
f 3438//2305 3437//2305 3439//2305
f 3438//2306 3439//2306 3440//2306
f 3440//2306 3439//2306 3441//2306
f 3430//2307 3429//2307 3437//2307
f 3437//2307 3429//2307 3442//2307
f 3437//2308 3442//2308 3439//2308
f 3439//2308 3442//2308 3443//2308
f 3439//2309 3443//2309 3441//2309
f 3441//2309 3443//2309 3444//2309
f 3434//2310 3435//2310 3445//2310
f 3445//2311 3435//2311 3446//2311
f 3445//2312 3446//2312 3447//2312
f 3447//2313 3446//2313 3448//2313
f 3447//2314 3448//2314 3449//2314
f 3449//2315 3448//2315 3450//2315
f 3449//2316 3450//2316 3451//2316
f 3446//2311 3435//2311 3436//2311
f 3452//2317 3453//2317 3447//2317
f 3447//2312 3453//2312 3445//2312
f 3454//2318 3455//2318 3456//2318
f 3456//2319 3455//2319 3457//2319
f 3456//2319 3457//2319 3458//2319
f 3458//2320 3457//2320 3459//2320
f 3458//2320 3459//2320 3460//2320
f 3460//2321 3459//2321 3461//2321
f 3460//2321 3461//2321 3462//2321
f 3463//2322 3464//2322 3465//2322
f 3466//2323 3467//2323 3468//2323
f 3468//2324 3467//2324 3469//2324
f 3468//2324 3469//2324 3470//2324
f 3470//2325 3469//2325 3471//2325
f 3470//2325 3471//2325 3472//2325
f 3473//2326 3474//2326 3475//2326
f 3476//2327 3477//2327 3478//2327
f 3471//2328 3469//2328 3475//2328
f 3475//2328 3469//2328 3473//2328
f 3469//2329 3467//2329 3473//2329
f 3479//2330 3480//2330 3481//2330
f 3481//2330 3480//2330 3482//2330
f 3481//2331 3482//2331 3483//2331
f 3483//2331 3482//2331 3484//2331
f 3485//2332 3486//2332 3487//2332
f 3487//2333 3486//2333 3488//2333
f 3489//2334 3490//2334 3491//2334
f 3491//2335 3490//2335 3492//2335
f 3491//2335 3492//2335 3493//2335
f 3493//2336 3492//2336 3494//2336
f 3493//2336 3494//2336 3495//2336
f 3479//2337 3481//2337 3496//2337
f 3496//2338 3481//2338 3497//2338
f 3496//2339 3497//2339 3498//2339
f 3497//2338 3481//2338 3483//2338
f 3499//2340 3485//2340 3500//2340
f 3500//2341 3485//2341 3487//2341
f 3501//2342 3494//2342 3492//2342
f 3501//2342 3492//2342 3502//2342
f 3502//2343 3492//2343 3490//2343
f 3503//2344 3501//2344 3502//2344
f 3504//2345 3505//2345 3506//2345
f 3506//2346 3505//2346 3507//2346
f 3506//2347 3507//2347 3508//2347
f 3508//2348 3507//2348 3509//2348
f 3508//2349 3509//2349 3510//2349
f 3507//2346 3505//2346 3511//2346
f 3512//2350 3513//2350 3514//2350
f 3515//2351 3516//2351 3511//2351
f 3511//2351 3516//2351 3507//2351
f 3516//2348 3509//2348 3507//2348
f 3517//2352 3518//2352 3519//2352
f 3520//2353 3521//2353 3522//2353
f 3522//2354 3521//2354 3523//2354
f 3522//2354 3523//2354 3524//2354
f 3524//2355 3523//2355 3525//2355
f 3524//2355 3525//2355 3526//2355
f 3527//2356 3528//2356 3519//2356
f 3519//2356 3528//2356 3517//2356
f 3528//2357 3529//2357 3517//2357
f 3530//2358 3525//2358 3523//2358
f 3530//2358 3523//2358 3531//2358
f 3531//2359 3523//2359 3521//2359
f 3532//2360 3530//2360 3531//2360
