g 0
v 0.0244882 0.00503246 -0.1
v 0.0248717 0.00252921 -0.0864581
v 0.025 0 -0.1
v 0.0248717 -0.00252921 -0.0864581
v 0.0244882 -0.00503246 -0.1
v 0.0238535 -0.00748408 -0.0864581
v 0.0229739 -0.0098589 -0.1
v 0.0218587 -0.0121325 -0.0864581
v 0.0205191 -0.0142817 -0.1
v 0.018969 -0.0162843 -0.0864581
v 0.0172242 -0.0181198 -0.1
v 0.0153026 -0.0197694 -0.0864581
v 0.0132241 -0.0212161 -0.1
v 0.0110099 -0.0224451 -0.0864581
v 0.00868263 -0.0234438 -0.1
v 0.00626631 -0.0242019 -0.0864581
v 0.00378569 -0.0247117 -0.1
v 0.00126623 -0.0249679 -0.0864581
v -0.00126623 -0.0249679 -0.1
v -0.00378569 -0.0247117 -0.0864581
v -0.00626631 -0.0242019 -0.1
v -0.00868263 -0.0234438 -0.0864581
v -0.0110099 -0.0224451 -0.1
v -0.0132241 -0.0212161 -0.0864581
v -0.0153026 -0.0197694 -0.1
v -0.0172242 -0.0181198 -0.0864581
v -0.018969 -0.0162843 -0.1
v -0.0205191 -0.0142817 -0.0864581
v -0.0218587 -0.0121325 -0.1
v -0.0229739 -0.0098589 -0.0864581
v -0.0238535 -0.00748408 -0.1
v -0.0244882 -0.00503246 -0.0864581
v -0.0248717 -0.00252921 -0.1
v -0.025 -3.06162e-18 -0.0864581
v -0.0248717 0.00252921 -0.1
v -0.0244882 0.00503246 -0.0864581
v -0.0238535 0.00748408 -0.1
v -0.0229739 0.0098589 -0.0864581
v -0.0218587 0.0121325 -0.1
v -0.0205191 0.0142817 -0.0864581
v -0.018969 0.0162843 -0.1
v -0.0172242 0.0181198 -0.0864581
v -0.0153026 0.0197694 -0.1
v -0.0132241 0.0212161 -0.0864581
v -0.0110099 0.0224451 -0.1
v -0.00868263 0.0234438 -0.0864581
v -0.00626631 0.0242019 -0.1
v -0.00378569 0.0247117 -0.0864581
v -0.00126623 0.0249679 -0.1
v 0.00126623 0.0249679 -0.0864581
v 0.00378569 0.0247117 -0.1
v 0.00626631 0.0242019 -0.0864581
v 0.00868263 0.0234438 -0.1
v 0.0110099 0.0224451 -0.0864581
v 0.0132241 0.0212161 -0.1
v 0.0153026 0.0197694 -0.0864581
v 0.0172242 0.0181198 -0.1
v 0.018969 0.0162843 -0.0864581
v 0.0205191 0.0142817 -0.1
v 0.0218587 0.0121325 -0.0864581
v 0.0229739 0.0098589 -0.1
v 0.0238535 0.00748408 -0.0864581
v 0.0244882 0.00503246 -0.1
v 0.0248717 0.00252921 -0.0864581
v 0.0244882 -0.00503246 -0.1
v -0.0248717 -0.00252921 -0.1
v 0.025 0 -0.1
v -0.0248717 0.00252921 -0.1
v -0.0238535 0.00748408 -0.1
v -0.0218587 0.0121325 -0.1
v -0.018969 0.0162843 -0.1
v -0.0153026 0.0197694 -0.1
v -0.0110099 0.0224451 -0.1
v -0.0238535 -0.00748408 -0.1
v 0.0229739 -0.0098589 -0.1
v -0.0218587 -0.0121325 -0.1
v 0.0205191 -0.0142817 -0.1
v -0.018969 -0.0162843 -0.1
v 0.0172242 -0.0181198 -0.1
v -0.0153026 -0.0197694 -0.1
v 0.0132241 -0.0212161 -0.1
v -0.0110099 -0.0224451 -0.1
v 0.00868263 -0.0234438 -0.1
v -0.00626631 -0.0242019 -0.1
v 0.00378569 -0.0247117 -0.1
v -0.00126623 -0.0249679 -0.1
v -0.0194986 -0.1 0.00445042
v -0.0194986 -0.0877496 0.00445042
v -0.02 -0.1 0
v -0.02 -0.0877496 0
v -0.0194986 -0.1 -0.00445042
v -0.0194986 -0.0877496 -0.00445042
v -0.0180194 -0.1 -0.00867767
v -0.0180194 -0.0877496 -0.00867767
v -0.0156366 -0.1 -0.0124698
v -0.0156366 -0.0877496 -0.0124698
v -0.0124698 -0.1 -0.0156366
v -0.0124698 -0.0877496 -0.0156366
v -0.00867767 -0.1 -0.0180194
v -0.00867767 -0.0877496 -0.0180194
v -0.00445042 -0.1 -0.0194986
v -0.00445042 -0.0877496 -0.0194986
v 3.67394e-18 -0.1 -0.02
v -1.22465e-18 -0.0877496 -0.02
v 0.00445042 -0.1 -0.0194986
v 0.00445042 -0.0877496 -0.0194986
v 0.00867767 -0.1 -0.0180194
v 0.00867767 -0.0877496 -0.0180194
v 0.0124698 -0.1 -0.0156366
v 0.0124698 -0.0877496 -0.0156366
v 0.0156366 -0.1 -0.0124698
v 0.0156366 -0.0877496 -0.0124698
v 0.0180194 -0.1 -0.00867767
v 0.0180194 -0.0877496 -0.00867767
v 0.0194986 -0.1 -0.00445042
v 0.0194986 -0.0877496 -0.00445042
v 0.02 -0.1 2.44929e-18
v 0.02 -0.0877496 -2.44929e-18
v 0.0194986 -0.1 0.00445042
v 0.0194986 -0.0877496 0.00445042
v 0.0180194 -0.1 0.00867767
v 0.0180194 -0.0877496 0.00867767
v 0.0156366 -0.1 0.0124698
v 0.0156366 -0.0877496 0.0124698
v 0.0124698 -0.1 0.0156366
v 0.0124698 -0.0877496 0.0156366
v 0.00867767 -0.1 0.0180194
v 0.00867767 -0.0877496 0.0180194
v 0.00445042 -0.1 0.0194986
v 0.00445042 -0.0877496 0.0194986
v -1.22465e-18 -0.1 0.02
v -1.22465e-18 -0.0877496 0.02
v -0.00445042 -0.1 0.0194986
v -0.00445042 -0.0877496 0.0194986
v -0.00867767 -0.1 0.0180194
v -0.00867767 -0.0877496 0.0180194
v -0.0124698 -0.1 0.0156366
v -0.0124698 -0.0877496 0.0156366
v -0.0156366 -0.1 0.0124698
v -0.0156366 -0.0877496 0.0124698
v -0.0180194 -0.1 0.00867767
v -0.0180194 -0.0877496 0.00867767
v -0.0194986 -0.1 0.00445042
v -0.0194986 -0.0877496 0.00445042
v -0.0194986 0.1 -0.00445042
v -0.0194986 0.0877496 -0.00445042
v -0.02 0.1 0
v -0.02 0.0877496 0
v -0.0194986 0.1 0.00445042
v -0.0194986 0.0877496 0.00445042
v -0.0180194 0.1 0.00867767
v -0.0180194 0.0877496 0.00867767
v -0.0156366 0.1 0.0124698
v -0.0156366 0.0877496 0.0124698
v -0.0124698 0.1 0.0156366
v -0.0124698 0.0877496 0.0156366
v -0.00867767 0.1 0.0180194
v -0.00867767 0.0877496 0.0180194
v -0.00445042 0.1 0.0194986
v -0.00445042 0.0877496 0.0194986
v -1.22465e-18 0.1 0.02
v -1.22465e-18 0.0877496 0.02
v 0.00445042 0.1 0.0194986
v 0.00445042 0.0877496 0.0194986
v 0.00867767 0.1 0.0180194
v 0.00867767 0.0877496 0.0180194
v 0.0124698 0.1 0.0156366
v 0.0124698 0.0877496 0.0156366
v 0.0156366 0.1 0.0124698
v 0.0156366 0.0877496 0.0124698
v 0.0180194 0.1 0.00867767
v 0.0180194 0.0877496 0.00867767
v 0.0194986 0.1 0.00445042
v 0.0194986 0.0877496 0.00445042
v 0.02 0.1 2.44929e-18
v 0.02 0.0877496 2.44929e-18
v 0.0194986 0.1 -0.00445042
v 0.0194986 0.0877496 -0.00445042
v 0.0180194 0.1 -0.00867767
v 0.0180194 0.0877496 -0.00867767
v 0.0156366 0.1 -0.0124698
v 0.0156366 0.0877496 -0.0124698
v 0.0124698 0.1 -0.0156366
v 0.0124698 0.0877496 -0.0156366
v 0.00867767 0.1 -0.0180194
v 0.00867767 0.0877496 -0.0180194
v 0.00445042 0.1 -0.0194986
v 0.00445042 0.0877496 -0.0194986
v 3.67394e-18 0.1 -0.02
v -1.22465e-18 0.0877496 -0.02
v -0.00445042 0.1 -0.0194986
v -0.00445042 0.0877496 -0.0194986
v -0.00867767 0.1 -0.0180194
v -0.00867767 0.0877496 -0.0180194
v -0.0124698 0.1 -0.0156366
v -0.0124698 0.0877496 -0.0156366
v -0.0156366 0.1 -0.0124698
v -0.0156366 0.0877496 -0.0124698
v -0.0180194 0.1 -0.00867767
v -0.0180194 0.0877496 -0.00867767
v -0.0194986 0.1 -0.00445042
v -0.0194986 0.0877496 -0.00445042
v -0.02 -0.1 0
v -0.0194986 -0.1 -0.00445042
v -0.0194986 -0.1 0.00445042
v -0.0180194 -0.1 0.00867767
v -0.0180194 -0.1 -0.00867767
v -0.0156366 -0.1 0.0124698
v -0.0156366 -0.1 -0.0124698
v -0.0124698 -0.1 0.0156366
v -0.0124698 -0.1 -0.0156366
v -0.00867767 -0.1 0.0180194
v -0.00867767 -0.1 -0.0180194
v -0.00445042 -0.1 0.0194986
v -0.00445042 -0.1 -0.0194986
v -1.22465e-18 -0.1 0.02
v 3.67394e-18 -0.1 -0.02
v 0.00445042 -0.1 0.0194986
v 0.00445042 -0.1 -0.0194986
v 0.00867767 -0.1 0.0180194
v 0.00867767 -0.1 -0.0180194
v 0.0124698 -0.1 0.0156366
v 0.0124698 -0.1 -0.0156366
v 0.0156366 -0.1 0.0124698
v 0.0156366 -0.1 -0.0124698
v 0.0180194 -0.1 0.00867767
v 0.0180194 -0.1 -0.00867767
v 0.0194986 -0.1 0.00445042
v 0.0194986 -0.1 -0.00445042
v 0.02 -0.1 2.44929e-18
v -0.02 0.1 0
v -0.0194986 0.1 0.00445042
v -0.0194986 0.1 -0.00445042
v -0.0180194 0.1 -0.00867767
v -0.0180194 0.1 0.00867767
v -0.0156366 0.1 -0.0124698
v -0.0156366 0.1 0.0124698
v -0.0124698 0.1 -0.0156366
v -0.0124698 0.1 0.0156366
v -0.00867767 0.1 -0.0180194
v -0.00867767 0.1 0.0180194
v -0.00445042 0.1 -0.0194986
v -0.00445042 0.1 0.0194986
v 3.67394e-18 0.1 -0.02
v -1.22465e-18 0.1 0.02
v 0.00445042 0.1 -0.0194986
v 0.00445042 0.1 0.0194986
v 0.00867767 0.1 -0.0180194
v 0.00867767 0.1 0.0180194
v 0.0124698 0.1 -0.0156366
v 0.0124698 0.1 0.0156366
v 0.0156366 0.1 -0.0124698
v 0.0156366 0.1 0.0124698
v 0.0180194 0.1 -0.00867767
v 0.0180194 0.1 0.00867767
v 0.0194986 0.1 -0.00445042
v 0.0194986 0.1 0.00445042
v 0.02 0.1 2.44929e-18
v -0.0244882 -0.00503246 -0.0864581
v -0.0285687 -0.00310703 -0.0852888
v -0.025 -3.06162e-18 -0.0864581
v -0.0287371 3.51928e-18 -0.0852888
v -0.0285687 0.00310703 -0.0852888
v -0.03779 4.62794e-18 -0.0816818
v -0.0375685 0.00408582 -0.0816818
v -0.0463998 5.68234e-18 -0.0771171
v -0.0461278 0.00501671 -0.0771171
v -0.0544657 6.67012e-18 -0.0716484
v -0.0541464 0.00588878 -0.0716484
v -0.061893 7.5797e-18 -0.0653396
v -0.0615301 0.00669181 -0.0653396
v -0.0685946 8.40041e-18 -0.0582648
v -0.0681925 0.00741638 -0.0582648
v -0.074492 9.12264e-18 -0.0505068
v -0.0740553 0.008054 -0.0505068
v -0.0795161 9.73791e-18 -0.0421568
v -0.07905 0.0085972 -0.0421568
v -0.0836079 1.0239e-17 -0.0333124
v -0.0831178 0.00903961 -0.0333124
v -0.0867195 1.06201e-17 -0.0240775
v -0.0862111 0.00937603 -0.0240775
v -0.0888144 1.08766e-17 -0.0145604
v -0.0882938 0.00960252 -0.0145604
v -0.089868 1.10057e-17 -0.0048725
v -0.0893412 0.00971644 -0.0048725
v -0.089868 1.10057e-17 0.0048725
v -0.0893412 0.00971644 0.0048725
v -0.0888144 1.08766e-17 0.0145604
v -0.0882938 0.00960252 0.0145604
v -0.0867195 1.06201e-17 0.0240775
v -0.0862111 0.00937603 0.0240775
v -0.0836079 1.0239e-17 0.0333124
v -0.0831178 0.00903961 0.0333124
v -0.0795161 9.73791e-18 0.0421568
v -0.07905 0.0085972 0.0421568
v -0.074492 9.12264e-18 0.0505068
v -0.0740553 0.008054 0.0505068
v -0.0685946 8.40041e-18 0.0582648
v -0.0681925 0.00741638 0.0582648
v -0.061893 7.5797e-18 0.0653396
v -0.0615301 0.00669181 0.0653396
v -0.0544657 6.67012e-18 0.0716484
v -0.0541464 0.00588878 0.0716484
v -0.0463998 5.68234e-18 0.0771171
v -0.0461278 0.00501671 0.0771171
v -0.03779 4.62794e-18 0.0816818
v -0.0375685 0.00408582 0.0816818
v -0.0287371 3.51928e-18 0.0852888
v -0.0285687 0.00310703 0.0852888
v -0.0193473 2.36937e-18 0.0878958
v -0.0192339 0.00209182 0.0878958
v -0.00973071 1.19167e-18 0.0894724
v -0.00967367 0.00105207 0.0894724
v -5.51091e-18 6.74892e-34 0.09
v -0.0229739 -0.0098589 -0.0864581
v -0.0272328 -0.00917581 -0.0852888
v -0.0244882 -0.00503246 -0.0864581
v -0.0280653 -0.00617763 -0.0852888
v -0.0285687 -0.00310703 -0.0852888
v -0.0369065 -0.00812374 -0.0816818
v -0.0375685 -0.00408582 -0.0816818
v -0.045315 -0.0099746 -0.0771171
v -0.0461278 -0.00501671 -0.0771171
v -0.0531923 -0.0117085 -0.0716484
v -0.0541464 -0.00588878 -0.0716484
v -0.0604459 -0.0133052 -0.0653396
v -0.0615301 -0.00669181 -0.0653396
v -0.0669909 -0.0147458 -0.0582648
v -0.0681925 -0.00741638 -0.0582648
v -0.0727504 -0.0160136 -0.0505068
v -0.0740553 -0.008054 -0.0505068
v -0.077657 -0.0170936 -0.0421568
v -0.07905 -0.0085972 -0.0421568
v -0.0816532 -0.0179732 -0.0333124
v -0.0831178 -0.00903961 -0.0333124
v -0.084692 -0.0186421 -0.0240775
v -0.0862111 -0.00937603 -0.0240775
v -0.086738 -0.0190925 -0.0145604
v -0.0882938 -0.00960252 -0.0145604
v -0.0877669 -0.019319 -0.0048725
v -0.0893412 -0.00971644 -0.0048725
v -0.0877669 -0.019319 0.0048725
v -0.0893412 -0.00971644 0.0048725
v -0.086738 -0.0190925 0.0145604
v -0.0882938 -0.00960252 0.0145604
v -0.084692 -0.0186421 0.0240775
v -0.0862111 -0.00937603 0.0240775
v -0.0816532 -0.0179732 0.0333124
v -0.0831178 -0.00903961 0.0333124
v -0.077657 -0.0170936 0.0421568
v -0.07905 -0.0085972 0.0421568
v -0.0727504 -0.0160136 0.0505068
v -0.0740553 -0.008054 0.0505068
v -0.0669909 -0.0147458 0.0582648
v -0.0681925 -0.00741638 0.0582648
v -0.0604459 -0.0133052 0.0653396
v -0.0615301 -0.00669181 0.0653396
v -0.0531923 -0.0117085 0.0716484
v -0.0541464 -0.00588878 0.0716484
v -0.045315 -0.0099746 0.0771171
v -0.0461278 -0.00501671 0.0771171
v -0.0369065 -0.00812374 0.0816818
v -0.0375685 -0.00408582 0.0816818
v -0.0280653 -0.00617763 0.0852888
v -0.0285687 -0.00310703 0.0852888
v -0.018895 -0.00415911 0.0878958
v -0.0192339 -0.00209182 0.0878958
v -0.00950321 -0.00209182 0.0894724
v -0.00967367 -0.00105207 0.0894724
v -5.51091e-18 6.74892e-34 0.09
v -0.0205191 -0.0142817 -0.0864581
v -0.0246236 -0.0148155 -0.0852888
v -0.0229739 -0.0098589 -0.0864581
v -0.0260811 -0.0120664 -0.0852888
v -0.0272328 -0.00917581 -0.0852888
v -0.0342973 -0.0158676 -0.0816818
v -0.0358118 -0.0120664 -0.0816818
v -0.0421114 -0.0194828 -0.0771171
v -0.043971 -0.0148155 -0.0771171
v -0.0494317 -0.0228695 -0.0716484
v -0.0516146 -0.017391 -0.0716484
v -0.0561725 -0.0259882 -0.0653396
v -0.0586531 -0.0197625 -0.0653396
v -0.0622548 -0.0288021 -0.0582648
v -0.0650039 -0.0219024 -0.0582648
v -0.0676071 -0.0312784 -0.0505068
v -0.0705926 -0.0237854 -0.0505068
v -0.0721668 -0.0333879 -0.0421568
v -0.0753537 -0.0253896 -0.0421568
v -0.0758805 -0.035106 -0.0333124
v -0.0792313 -0.0266961 -0.0333124
v -0.0787045 -0.0364126 -0.0240775
v -0.08218 -0.0276897 -0.0240775
v -0.0806058 -0.0372922 -0.0145604
v -0.0841652 -0.0283586 -0.0145604
v -0.081562 -0.0377346 -0.0048725
v -0.0851637 -0.028695 -0.0048725
v -0.081562 -0.0377346 0.0048725
v -0.0851637 -0.028695 0.0048725
v -0.0806058 -0.0372922 0.0145604
v -0.0841652 -0.0283586 0.0145604
v -0.0787045 -0.0364126 0.0240775
v -0.08218 -0.0276897 0.0240775
v -0.0758805 -0.035106 0.0333124
v -0.0792313 -0.0266961 0.0333124
v -0.0721668 -0.0333879 0.0421568
v -0.0753537 -0.0253896 0.0421568
v -0.0676071 -0.0312784 0.0505068
v -0.0705926 -0.0237854 0.0505068
v -0.0622548 -0.0288021 0.0582648
v -0.0650039 -0.0219024 0.0582648
v -0.0561725 -0.0259882 0.0653396
v -0.0586531 -0.0197625 0.0653396
v -0.0494317 -0.0228695 0.0716484
v -0.0516146 -0.017391 0.0716484
v -0.0421114 -0.0194828 0.0771171
v -0.043971 -0.0148155 0.0771171
v -0.0342973 -0.0158676 0.0816818
v -0.0358118 -0.0120664 0.0816818
v -0.0260811 -0.0120664 0.0852888
v -0.0272328 -0.00917581 0.0852888
v -0.0175592 -0.00812374 0.0878958
v -0.0183346 -0.00617763 0.0878958
v -0.00883135 -0.00408582 0.0894724
v -0.00922134 -0.00310703 0.0894724
v -5.51091e-18 6.74892e-34 0.09
v -0.0172242 -0.0181198 -0.0864581
v -0.020863 -0.0197625 -0.0852888
v -0.0205191 -0.0142817 -0.0864581
v -0.0228774 -0.017391 -0.0852888
v -0.0246236 -0.0148155 -0.0852888
v -0.0300844 -0.0228695 -0.0816818
v -0.0323806 -0.0194828 -0.0816818
v -0.0369386 -0.02808 -0.0771171
v -0.039758 -0.0239216 -0.0771171
v -0.0433597 -0.0329612 -0.0716484
v -0.0466693 -0.02808 -0.0716484
v -0.0492725 -0.037456 -0.0653396
v -0.0530334 -0.0319091 -0.0653396
v -0.0546077 -0.0415117 -0.0582648
v -0.0587758 -0.0353642 -0.0582648
v -0.0593026 -0.0450806 -0.0505068
v -0.063829 -0.0384046 -0.0505068
v -0.0633022 -0.0481211 -0.0421568
v -0.0681339 -0.0409948 -0.0421568
v -0.0665597 -0.0505973 -0.0333124
v -0.07164 -0.0431044 -0.0333124
v -0.0690368 -0.0524804 -0.0240775
v -0.0743062 -0.0447086 -0.0240775
v -0.0707045 -0.0537482 -0.0145604
v -0.0761012 -0.0457886 -0.0145604
v -0.0715433 -0.0543858 -0.0048725
v -0.077004 -0.0463318 -0.0048725
v -0.0715433 -0.0543858 0.0048725
v -0.077004 -0.0463318 0.0048725
v -0.0707045 -0.0537482 0.0145604
v -0.0761012 -0.0457886 0.0145604
v -0.0690368 -0.0524804 0.0240775
v -0.0743062 -0.0447086 0.0240775
v -0.0665597 -0.0505973 0.0333124
v -0.07164 -0.0431044 0.0333124
v -0.0633022 -0.0481211 0.0421568
v -0.0681339 -0.0409948 0.0421568
v -0.0593026 -0.0450806 0.0505068
v -0.063829 -0.0384046 0.0505068
v -0.0546077 -0.0415117 0.0582648
v -0.0587758 -0.0353642 0.0582648
v -0.0492725 -0.037456 0.0653396
v -0.0530334 -0.0319091 0.0653396
v -0.0433597 -0.0329612 0.0716484
v -0.0466693 -0.02808 0.0716484
v -0.0369386 -0.02808 0.0771171
v -0.039758 -0.0239216 0.0771171
v -0.0300844 -0.0228695 0.0816818
v -0.0323806 -0.0194828 0.0816818
v -0.0228774 -0.017391 0.0852888
v -0.0246236 -0.0148155 0.0852888
v -0.0154023 -0.0117085 0.0878958
v -0.0165779 -0.0099746 0.0878958
v -0.00774655 -0.00588878 0.0894724
v -0.00833783 -0.00501671 0.0894724
v -5.51091e-18 6.74892e-34 0.09
v -0.020863 -0.0197625 -0.0852888
v -0.0172242 -0.0181198 -0.0864581
v -0.018604 -0.0219024 -0.0852888
v -0.0132241 -0.0212161 -0.0864581
v -0.0161269 -0.0237854 -0.0852888
v -0.0134607 -0.0253896 -0.0852888
v -0.0177012 -0.0333879 -0.0816818
v -0.0139875 -0.035106 -0.0816818
v -0.0171744 -0.0431044 -0.0771171
v -0.0124133 -0.0447086 -0.0771171
v -0.0145711 -0.0524804 -0.0716484
v -0.0119911 -0.0448236 -0.0771171
v -0.0138688 -0.0526703 -0.0716484
v -0.00750666 -0.0457886 -0.0771171
v -0.00881157 -0.0537482 -0.0716484
v -0.00294871 -0.0543858 -0.0716484
v -0.00335082 -0.0618022 -0.0653396
v 0.00335082 -0.0618022 -0.0653396
v 0.00371364 -0.068494 -0.0582648
v 0.0110974 -0.067691 -0.0582648
v 0.0120515 -0.0735107 -0.0505068
v 0.0199287 -0.0717768 -0.0505068
v 0.0212728 -0.0766177 -0.0421568
v 0.0294319 -0.0738686 -0.0421568
v 0.0309465 -0.0776698 -0.0333124
v 0.0391626 -0.0738686 -0.0333124
v 0.0406201 -0.0766177 -0.0240775
v 0.0486659 -0.0717768 -0.0240775
v 0.0498415 -0.0735107 -0.0145604
v 0.0574972 -0.067691 -0.0145604
v 0.0581793 -0.068494 -0.0048725
v 0.0652438 -0.0618022 -0.0048725
v 0.0652438 -0.0618022 0.0048725
v 0.0715433 -0.0543858 0.0048725
v 0.0707045 -0.0537482 0.0145604
v 0.0761012 -0.0457886 0.0145604
v 0.0743062 -0.0447086 0.0240775
v 0.0787045 -0.0364126 0.0240775
v 0.0758805 -0.035106 0.0333124
v 0.0792313 -0.0266961 0.0333124
v 0.0753537 -0.0253896 0.0421568
v 0.077657 -0.0170936 0.0421568
v 0.0727504 -0.0160136 0.0505068
v 0.0740553 -0.008054 0.0505068
v 0.0681925 -0.00741638 0.0582648
v 0.0685946 0 0.0582648
v 0.061893 0 0.0653396
v 0.0615301 0.00669181 0.0653396
v 0.0541464 0.00588878 0.0716484
v 0.0531923 0.0117085 0.0716484
v 0.045315 0.0099746 0.0771171
v 0.043971 0.0148155 0.0771171
v 0.0358118 0.0120664 0.0816818
v 0.0342973 0.0158676 0.0816818
v 0.0260811 0.0120664 0.0852888
v 0.0246236 0.0148155 0.0852888
v 0.0165779 0.0099746 0.0878958
v 0.0154023 0.0117085 0.0878958
v 0.00774655 0.00588878 0.0894724
v 0.00706445 0.00669181 0.0894724
v -5.51091e-18 6.74892e-34 0.09
v -0.0132241 -0.0212161 -0.0864581
v -0.00868263 -0.0234438 -0.0864581
v -0.0134607 -0.0253896 -0.0852888
v -0.0106367 -0.0266961 -0.0852888
v -0.0139875 -0.035106 -0.0816818
v -0.0101099 -0.0364126 -0.0816818
v -0.0124133 -0.0447086 -0.0771171
v -0.00990934 -0.0364677 -0.0816818
v -0.0119911 -0.0448236 -0.0771171
v -0.00611374 -0.0372922 -0.0816818
v -0.00750666 -0.0457886 -0.0771171
v -0.00251204 -0.0463318 -0.0771171
v -0.00294871 -0.0543858 -0.0716484
v 0.00294871 -0.0543858 -0.0716484
v 0.00335082 -0.0618022 -0.0653396
v 0.0100132 -0.0610776 -0.0653396
v 0.0110974 -0.067691 -0.0582648
v 0.018351 -0.0660943 -0.0582648
v 0.0199287 -0.0717768 -0.0505068
v 0.0275723 -0.0692013 -0.0505068
v 0.0294319 -0.0738686 -0.0421568
v 0.037246 -0.0702534 -0.0421568
v 0.0391626 -0.0738686 -0.0333124
v 0.0469197 -0.0692013 -0.0333124
v 0.0486659 -0.0717768 -0.0240775
v 0.056141 -0.0660943 -0.0240775
v 0.0574972 -0.067691 -0.0145604
v 0.0644788 -0.0610776 -0.0145604
v 0.0652438 -0.0618022 -0.0048725
v 0.0715433 -0.0543858 -0.0048725
v 0.0715433 -0.0543858 0.0048725
v 0.077004 -0.0463318 0.0048725
v 0.0761012 -0.0457886 0.0145604
v 0.0806058 -0.0372922 0.0145604
v 0.0787045 -0.0364126 0.0240775
v 0.08218 -0.0276897 0.0240775
v 0.0792313 -0.0266961 0.0333124
v 0.0816532 -0.0179732 0.0333124
v 0.077657 -0.0170936 0.0421568
v 0.07905 -0.0085972 0.0421568
v 0.0740553 -0.008054 0.0505068
v 0.074492 0 0.0505068
v 0.0685946 0 0.0582648
v 0.0681925 0.00741638 0.0582648
v 0.0615301 0.00669181 0.0653396
v 0.0604459 0.0133052 0.0653396
v 0.0531923 0.0117085 0.0716484
v 0.0516146 0.017391 0.0716484
v 0.043971 0.0148155 0.0771171
v 0.0421114 0.0194828 0.0771171
v 0.0342973 0.0158676 0.0816818
v 0.0323806 0.0194828 0.0816818
v 0.0246236 0.0148155 0.0852888
v 0.0228774 0.017391 0.0852888
v 0.0154023 0.0117085 0.0878958
v 0.0140461 0.0133052 0.0878958
v 0.00706445 0.00669181 0.0894724
v 0.00629953 0.00741638 0.0894724
v -5.51091e-18 6.74892e-34 0.09
v -0.00378569 -0.0247117 -0.0864581
v -0.00764432 -0.0277018 -0.0852888
v -0.00868263 -0.0234438 -0.0864581
v -0.007688 -0.0276897 -0.0852888
v -0.0106367 -0.0266961 -0.0852888
v -0.0101099 -0.0364126 -0.0816818
v 0.00126623 -0.0249679 -0.0864581
v -0.0015558 -0.028695 -0.0852888
v -0.00464915 -0.0283586 -0.0852888
v -0.00990934 -0.0364677 -0.0816818
v 0.00626631 -0.0242019 -0.0864581
v 0.00464915 -0.0283586 -0.0852888
v 0.0015558 -0.028695 -0.0852888
v 0.00204591 -0.0377346 -0.0816818
v -0.00204591 -0.0377346 -0.0816818
v 0.00251204 -0.0463318 -0.0771171
v -0.00251204 -0.0463318 -0.0771171
v 0.00294871 -0.0543858 -0.0716484
v 0.0110099 -0.0224451 -0.0864581
v 0.0106367 -0.0266961 -0.0852888
v 0.007688 -0.0276897 -0.0852888
v 0.0101099 -0.0364126 -0.0816818
v 0.00611374 -0.0372922 -0.0816818
v 0.0124133 -0.0447086 -0.0771171
v 0.00750666 -0.0457886 -0.0771171
v 0.0145711 -0.0524804 -0.0716484
v 0.00881157 -0.0537482 -0.0716484
v 0.0165581 -0.059637 -0.0653396
v 0.0100132 -0.0610776 -0.0653396
v 0.018351 -0.0660943 -0.0582648
v 0.0153026 -0.0197694 -0.0864581
v 0.0161269 -0.0237854 -0.0852888
v 0.0134607 -0.0253896 -0.0852888
v 0.0177012 -0.0333879 -0.0816818
v 0.0139875 -0.035106 -0.0816818
v 0.0217341 -0.0409948 -0.0771171
v 0.0171744 -0.0431044 -0.0771171
v 0.0255122 -0.0481211 -0.0716484
v 0.0201598 -0.0505973 -0.0716484
v 0.0289912 -0.0546832 -0.0653396
v 0.0229089 -0.0574971 -0.0653396
v 0.0321303 -0.0606041 -0.0582648
v 0.0253895 -0.0637228 -0.0582648
v 0.0348927 -0.0658146 -0.0505068
v 0.0275723 -0.0692013 -0.0505068
v 0.037246 -0.0702534 -0.0421568
v 0.018969 -0.0162843 -0.0864581
v 0.020863 -0.0197625 -0.0852888
v 0.018604 -0.0219024 -0.0852888
v 0.0244647 -0.0288021 -0.0816818
v 0.0212073 -0.0312784 -0.0816818
v 0.0300386 -0.0353642 -0.0771171
v 0.026039 -0.0384046 -0.0771171
v 0.0352603 -0.0415117 -0.0716484
v 0.0305654 -0.0450806 -0.0716484
v 0.0400686 -0.0471725 -0.0653396
v 0.0347335 -0.0512281 -0.0653396
v 0.0444072 -0.0522802 -0.0582648
v 0.0384944 -0.056775 -0.0582648
v 0.0482251 -0.056775 -0.0505068
v 0.041804 -0.0616562 -0.0505068
v 0.0514776 -0.0606041 -0.0421568
v 0.0446234 -0.0658146 -0.0421568
v 0.0541266 -0.0637228 -0.0333124
v 0.0469197 -0.0692013 -0.0333124
v 0.056141 -0.0660943 -0.0240775
v 0.0228774 -0.017391 -0.0852888
v 0.0218587 -0.0121325 -0.0864581
v 0.0246236 -0.0148155 -0.0852888
v 0.0260811 -0.0120664 -0.0852888
v 0.0342973 -0.0158676 -0.0816818
v 0.0358118 -0.0120664 -0.0816818
v 0.043971 -0.0148155 -0.0771171
v 0.045315 -0.0099746 -0.0771171
v 0.0531923 -0.0117085 -0.0716484
v 0.0541464 -0.00588878 -0.0716484
v 0.0615301 -0.00669181 -0.0653396
v 0.061893 0 -0.0653396
v 0.0685946 0 -0.0582648
v 0.0681925 0.00741638 -0.0582648
v 0.0740553 0.008054 -0.0505068
v 0.0727504 0.0160136 -0.0505068
v 0.077657 0.0170936 -0.0421568
v 0.0753537 0.0253896 -0.0421568
v 0.0792313 0.0266961 -0.0333124
v 0.0758805 0.035106 -0.0333124
v 0.0787045 0.0364126 -0.0240775
v 0.0743062 0.0447086 -0.0240775
v 0.0761012 0.0457886 -0.0145604
v 0.0707045 0.0537482 -0.0145604
v 0.0715433 0.0543858 -0.0048725
v 0.0652438 0.0618022 -0.0048725
v 0.0652438 0.0618022 0.0048725
v 0.0581793 0.068494 0.0048725
v 0.0574972 0.067691 0.0145604
v 0.0498415 0.0735107 0.0145604
v 0.0486659 0.0717768 0.0240775
v 0.0406201 0.0766177 0.0240775
v 0.0391626 0.0738686 0.0333124
v 0.0309465 0.0776698 0.0333124
v 0.0294319 0.0738686 0.0421568
v 0.0212728 0.0766177 0.0421568
v 0.0199287 0.0717768 0.0505068
v 0.0120515 0.0735107 0.0505068
v 0.0110974 0.067691 0.0582648
v 0.00371364 0.068494 0.0582648
v 0.00335082 0.0618022 0.0653396
v -0.00335082 0.0618022 0.0653396
v -0.00294871 0.0543858 0.0716484
v -0.00881157 0.0537482 0.0716484
v -0.00750666 0.0457886 0.0771171
v -0.0124133 0.0447086 0.0771171
v -0.0101099 0.0364126 0.0816818
v -0.0139875 0.035106 0.0816818
v -0.0106367 0.0266961 0.0852888
v -0.0134607 0.0253896 0.0852888
v -0.00906246 0.0170936 0.0878958
v -0.0108575 0.0160136 0.0878958
v -0.00546075 0.008054 0.0894724
v -0.00629953 0.00741638 0.0894724
v -5.51091e-18 6.74892e-34 0.09
v 0.0218587 -0.0121325 -0.0864581
v 0.0238535 -0.00748408 -0.0864581
v 0.0260811 -0.0120664 -0.0852888
v 0.0272328 -0.00917581 -0.0852888
v 0.0358118 -0.0120664 -0.0816818
v 0.0369065 -0.00812374 -0.0816818
v 0.045315 -0.0099746 -0.0771171
v 0.0461278 -0.00501671 -0.0771171
v 0.0541464 -0.00588878 -0.0716484
v 0.0544657 0 -0.0716484
v 0.061893 0 -0.0653396
v 0.0615301 0.00669181 -0.0653396
v 0.0681925 0.00741638 -0.0582648
v 0.0669909 0.0147458 -0.0582648
v 0.0727504 0.0160136 -0.0505068
v 0.0705926 0.0237854 -0.0505068
v 0.0753537 0.0253896 -0.0421568
v 0.0721668 0.0333879 -0.0421568
v 0.0758805 0.035106 -0.0333124
v 0.07164 0.0431044 -0.0333124
v 0.0743062 0.0447086 -0.0240775
v 0.0690368 0.0524804 -0.0240775
v 0.0707045 0.0537482 -0.0145604
v 0.0644788 0.0610776 -0.0145604
v 0.0652438 0.0618022 -0.0048725
v 0.0581793 0.068494 -0.0048725
v 0.0581793 0.068494 0.0048725
v 0.0504328 0.0743828 0.0048725
v 0.0498415 0.0735107 0.0145604
v 0.0416014 0.0784686 0.0145604
v 0.0406201 0.0766177 0.0240775
v 0.0320982 0.0805604 0.0240775
v 0.0309465 0.0776698 0.0333124
v 0.0223675 0.0805604 0.0333124
v 0.0212728 0.0766177 0.0421568
v 0.0128643 0.0784686 0.0421568
v 0.0120515 0.0735107 0.0505068
v 0.00403292 0.0743828 0.0505068
v 0.00371364 0.068494 0.0582648
v -0.00371364 0.068494 0.0582648
v -0.00335082 0.0618022 0.0653396
v -0.0100132 0.0610776 0.0653396
v -0.00881157 0.0537482 0.0716484
v -0.0145711 0.0524804 0.0716484
v -0.0124133 0.0447086 0.0771171
v -0.0171744 0.0431044 0.0771171
v -0.0139875 0.035106 0.0816818
v -0.0177012 0.0333879 0.0816818
v -0.0134607 0.0253896 0.0852888
v -0.0161269 0.0237854 0.0852888
v -0.0108575 0.0160136 0.0878958
v -0.0125252 0.0147458 0.0878958
v -0.00629953 0.00741638 0.0894724
v -0.00706445 0.00669181 0.0894724
v -5.51091e-18 6.74892e-34 0.09
v 0.0272328 -0.00917581 -0.0852888
v 0.0238535 -0.00748408 -0.0864581
v 0.0280653 -0.00617763 -0.0852888
v 0.0248717 -0.00252921 -0.0864581
v 0.0285687 -0.00310703 -0.0852888
v 0.0287371 0 -0.0852888
v 0.03779 0 -0.0816818
v 0.0375685 0.00408582 -0.0816818
v 0.0461278 0.00501671 -0.0771171
v 0.045315 0.0099746 -0.0771171
v 0.0531923 0.0117085 -0.0716484
v 0.0516146 0.017391 -0.0716484
v 0.0586531 0.0197625 -0.0653396
v 0.0561725 0.0259882 -0.0653396
v 0.0622548 0.0288021 -0.0582648
v 0.0587758 0.0353642 -0.0582648
v 0.063829 0.0384046 -0.0505068
v 0.0593026 0.0450806 -0.0505068
v 0.0633022 0.0481211 -0.0421568
v 0.0577283 0.0546832 -0.0421568
v 0.060699 0.0574971 -0.0333124
v 0.0541266 0.0637228 -0.0333124
v 0.056141 0.0660943 -0.0240775
v 0.0486659 0.0717768 -0.0240775
v 0.0498415 0.0735107 -0.0145604
v 0.0416014 0.0784686 -0.0145604
v 0.0420949 0.0793995 -0.0048725
v 0.0332636 0.0834853 -0.0048725
v 0.0332636 0.0834853 0.0048725
v 0.0240422 0.0865923 0.0048725
v 0.0237604 0.0855771 0.0145604
v 0.0180194 0.0877496 0.00867767
v 0.0156366 0.0877496 0.0124698
v 0.0248717 -0.00252921 -0.0864581
v 0.0248717 0.00252921 -0.0864581
v 0.0287371 0 -0.0852888
v 0.0285687 0.00310703 -0.0852888
v 0.0375685 0.00408582 -0.0816818
v 0.0369065 0.00812374 -0.0816818
v 0.045315 0.0099746 -0.0771171
v 0.043971 0.0148155 -0.0771171
v 0.0516146 0.017391 -0.0716484
v 0.0494317 0.0228695 -0.0716484
v 0.0561725 0.0259882 -0.0653396
v 0.0530334 0.0319091 -0.0653396
v 0.0587758 0.0353642 -0.0582648
v 0.0546077 0.0415117 -0.0582648
v 0.0593026 0.0450806 -0.0505068
v 0.0540809 0.0512281 -0.0505068
v 0.0577283 0.0546832 -0.0421568
v 0.0514776 0.0606041 -0.0421568
v 0.0541266 0.0637228 -0.0333124
v 0.0469197 0.0692013 -0.0333124
v 0.0486659 0.0717768 -0.0240775
v 0.0406201 0.0766177 -0.0240775
v 0.0416014 0.0784686 -0.0145604
v 0.0328736 0.0825065 -0.0145604
v 0.0332636 0.0834853 -0.0048725
v 0.0240422 0.0865923 -0.0048725
v 0.0240422 0.0865923 0.0048725
v 0.02 0.0877496 2.44929e-18
v 0.0194986 0.0877496 0.00445042
v 0.0248717 0.00252921 -0.0864581
v 0.0280653 0.00617763 -0.0852888
v 0.0238535 0.00748408 -0.0864581
v 0.0272328 0.00917581 -0.0852888
v 0.0260811 0.0120664 -0.0852888
v 0.0342973 0.0158676 -0.0816818
v 0.0323806 0.0194828 -0.0816818
v 0.039758 0.0239216 -0.0771171
v 0.0369386 0.02808 -0.0771171
v 0.0433597 0.0329612 -0.0716484
v 0.0395418 0.037456 -0.0716484
v 0.044934 0.0425637 -0.0653396
v 0.0400686 0.0471725 -0.0653396
v 0.0444072 0.0522802 -0.0582648
v 0.0384944 0.056775 -0.0582648
v 0.041804 0.0616562 -0.0505068
v 0.0348927 0.0658146 -0.0505068
v 0.037246 0.0702534 -0.0421568
v 0.0294319 0.0738686 -0.0421568
v 0.0309465 0.0776698 -0.0333124
v 0.0223675 0.0805604 -0.0333124
v 0.0231999 0.0835586 -0.0240775
v 0.0192803 0.0813545 -0.0333124
v 0.0197903 0.0844311 -0.0240775
v 0.0135263 0.0825065 -0.0333124
v 0.0140297 0.0855771 -0.0240775
v 0.0046949 0.0865923 -0.0240775
v 0.00867767 0.0877496 -0.0180194
v 0.00445042 0.0877496 -0.0194986
v -1.22465e-18 0.0877496 -0.02
v -0.0046949 0.0865923 -0.0240775
v -0.00445042 0.0877496 -0.0194986
v -0.00867767 0.0877496 -0.0180194
v -0.0140297 0.0855771 -0.0240775
v -0.0124698 0.0877496 -0.0156366
v -0.0143686 0.0876444 -0.0145604
v -0.0156366 0.0877496 -0.0124698
v -0.0180194 0.0877496 -0.00867767
v -0.0237604 0.0855771 -0.0145604
v -0.0240422 0.0865923 -0.0048725
v -0.0332636 0.0834853 -0.0048725
v -0.0332636 0.0834853 0.0048725
v -0.0420949 0.0793995 0.0048725
v -0.0416014 0.0784686 0.0145604
v -0.0498415 0.0735107 0.0145604
v -0.0486659 0.0717768 0.0240775
v -0.056141 0.0660943 0.0240775
v -0.0541266 0.0637228 0.0333124
v -0.060699 0.0574971 0.0333124
v -0.0577283 0.0546832 0.0421568
v -0.0633022 0.0481211 0.0421568
v -0.0593026 0.0450806 0.0505068
v -0.063829 0.0384046 0.0505068
v -0.0587758 0.0353642 0.0582648
v -0.0622548 0.0288021 0.0582648
v -0.0561725 0.0259882 0.0653396
v -0.0586531 0.0197625 0.0653396
v -0.0516146 0.017391 0.0716484
v -0.0531923 0.0117085 0.0716484
v -0.045315 0.0099746 0.0771171
v -0.0461278 0.00501671 0.0771171
v -0.0375685 0.00408582 0.0816818
v 0.0238535 0.00748408 -0.0864581
v 0.0218587 0.0121325 -0.0864581
v 0.0260811 0.0120664 -0.0852888
v 0.0246236 0.0148155 -0.0852888
v 0.0323806 0.0194828 -0.0816818
v 0.0300844 0.0228695 -0.0816818
v 0.0369386 0.02808 -0.0771171
v 0.0336861 0.0319091 -0.0771171
v 0.0395418 0.037456 -0.0716484
v 0.0352603 0.0415117 -0.0716484
v 0.0400686 0.0471725 -0.0653396
v 0.0347335 0.0512281 -0.0653396
v 0.0384944 0.056775 -0.0582648
v 0.0321303 0.0606041 -0.0582648
v 0.0348927 0.0658146 -0.0505068
v 0.0275723 0.0692013 -0.0505068
v 0.0294319 0.0738686 -0.0421568
v 0.0212728 0.0766177 -0.0421568
v 0.0223675 0.0805604 -0.0333124
v 0.0185269 0.0773276 -0.0421568
v 0.0192803 0.0813545 -0.0333124
v 0.0128643 0.0784686 -0.0421568
v 0.0135263 0.0825065 -0.0333124
v 0.00452644 0.0834853 -0.0333124
v 0.0046949 0.0865923 -0.0240775
v -0.0046949 0.0865923 -0.0240775
v 0.0228774 0.017391 -0.0852888
v 0.018969 0.0162843 -0.0864581
v 0.020863 0.0197625 -0.0852888
v 0.0153026 0.0197694 -0.0864581
v 0.018604 0.0219024 -0.0852888
v 0.0161269 0.0237854 -0.0852888
v 0.0212073 0.0312784 -0.0816818
v 0.0177012 0.0333879 -0.0816818
v 0.0217341 0.0409948 -0.0771171
v 0.0171744 0.0431044 -0.0771171
v 0.0201598 0.0505973 -0.0716484
v 0.0145711 0.0524804 -0.0716484
v 0.0165581 0.059637 -0.0653396
v 0.0132105 0.0528393 -0.0716484
v 0.0148643 0.0600815 -0.0653396
v 0.00881157 0.0537482 -0.0716484
v 0.0100132 0.0610776 -0.0653396
v 0.00335082 0.0618022 -0.0653396
v 0.00371364 0.068494 -0.0582648
v -0.00371364 0.068494 -0.0582648
v -0.00403292 0.0743828 -0.0505068
v -0.0120515 0.0735107 -0.0505068
v -0.0128643 0.0784686 -0.0421568
v -0.0212728 0.0766177 -0.0421568
v -0.0223675 0.0805604 -0.0333124
v -0.0309465 0.0776698 -0.0333124
v -0.0320982 0.0805604 -0.0240775
v -0.0406201 0.0766177 -0.0240775
v -0.0416014 0.0784686 -0.0145604
v -0.0498415 0.0735107 -0.0145604
v -0.0504328 0.0743828 -0.0048725
v -0.0581793 0.068494 -0.0048725
v -0.0581793 0.068494 0.0048725
v -0.0652438 0.0618022 0.0048725
v -0.0644788 0.0610776 0.0145604
v -0.0707045 0.0537482 0.0145604
v -0.0690368 0.0524804 0.0240775
v -0.0743062 0.0447086 0.0240775
v -0.07164 0.0431044 0.0333124
v -0.0758805 0.035106 0.0333124
v -0.0721668 0.0333879 0.0421568
v -0.0753537 0.0253896 0.0421568
v -0.0705926 0.0237854 0.0505068
v -0.0727504 0.0160136 0.0505068
v -0.0669909 0.0147458 0.0582648
v -0.0681925 0.00741638 0.0582648
v -0.0615301 0.00669181 0.0653396
v 0.0153026 0.0197694 -0.0864581
v 0.0110099 0.0224451 -0.0864581
v 0.0161269 0.0237854 -0.0852888
v 0.0134607 0.0253896 -0.0852888
v 0.0177012 0.0333879 -0.0816818
v 0.0139875 0.035106 -0.0816818
v 0.0171744 0.0431044 -0.0771171
v 0.0124133 0.0447086 -0.0771171
v 0.0145711 0.0524804 -0.0716484
v 0.0113648 0.0449865 -0.0771171
v 0.0132105 0.0528393 -0.0716484
v 0.00750666 0.0457886 -0.0771171
v 0.00881157 0.0537482 -0.0716484
v 0.00294871 0.0543858 -0.0716484
v 0.00335082 0.0618022 -0.0653396
v -0.00335082 0.0618022 -0.0653396
v -0.00371364 0.068494 -0.0582648
v -0.0110974 0.067691 -0.0582648
v -0.0120515 0.0735107 -0.0505068
v -0.0199287 0.0717768 -0.0505068
v -0.0212728 0.0766177 -0.0421568
v -0.0294319 0.0738686 -0.0421568
v -0.0309465 0.0776698 -0.0333124
v -0.0391626 0.0738686 -0.0333124
v -0.0406201 0.0766177 -0.0240775
v -0.0486659 0.0717768 -0.0240775
v -0.0498415 0.0735107 -0.0145604
v -0.0574972 0.067691 -0.0145604
v -0.0581793 0.068494 -0.0048725
v -0.0652438 0.0618022 -0.0048725
v -0.0652438 0.0618022 0.0048725
v -0.0715433 0.0543858 0.0048725
v -0.0707045 0.0537482 0.0145604
v -0.0761012 0.0457886 0.0145604
v -0.0743062 0.0447086 0.0240775
v -0.0787045 0.0364126 0.0240775
v -0.0758805 0.035106 0.0333124
v -0.0792313 0.0266961 0.0333124
v -0.0753537 0.0253896 0.0421568
v -0.077657 0.0170936 0.0421568
v -0.0727504 0.0160136 0.0505068
v -0.0740553 0.008054 0.0505068
v -0.0681925 0.00741638 0.0582648
v 0.0134607 0.0253896 -0.0852888
v 0.0110099 0.0224451 -0.0864581
v 0.0106367 0.0266961 -0.0852888
v 0.00626631 0.0242019 -0.0864581
v 0.007688 0.0276897 -0.0852888
v 0.00717556 0.0278269 -0.0852888
v 0.0101099 0.0364126 -0.0816818
v 0.00934604 0.0366161 -0.0816818
v 0.0124133 0.0447086 -0.0771171
v 0.0113648 0.0449865 -0.0771171
v 0.00464915 0.0283586 -0.0852888
v 0.00126623 0.0249679 -0.0864581
v 0.0015558 0.028695 -0.0852888
v -0.0015558 0.028695 -0.0852888
v -0.00204591 0.0377346 -0.0816818
v -0.00611374 0.0372922 -0.0816818
v -0.00750666 0.0457886 -0.0771171
v -0.0124133 0.0447086 -0.0771171
v -0.0145711 0.0524804 -0.0716484
v -0.0201598 0.0505973 -0.0716484
v -0.0229089 0.0574971 -0.0653396
v -0.0289912 0.0546832 -0.0653396
v -0.0321303 0.0606041 -0.0582648
v -0.0384944 0.056775 -0.0582648
v -0.041804 0.0616562 -0.0505068
v -0.0482251 0.056775 -0.0505068
v -0.0514776 0.0606041 -0.0421568
v -0.0577283 0.0546832 -0.0421568
v -0.060699 0.0574971 -0.0333124
v -0.0665597 0.0505973 -0.0333124
v -0.0690368 0.0524804 -0.0240775
v -0.0743062 0.0447086 -0.0240775
v -0.0761012 0.0457886 -0.0145604
v -0.0806058 0.0372922 -0.0145604
v -0.081562 0.0377346 -0.0048725
v -0.0851637 0.028695 -0.0048725
v -0.0851637 0.028695 0.0048725
v -0.0877669 0.019319 0.0048725
v -0.086738 0.0190925 0.0145604
v -0.0882938 0.00960252 0.0145604
v -0.0862111 0.00937603 0.0240775
v 0.00126623 0.0249679 -0.0864581
v -0.00378569 0.0247117 -0.0864581
v -0.0015558 0.028695 -0.0852888
v -0.00464915 0.0283586 -0.0852888
v -0.00611374 0.0372922 -0.0816818
v -0.0101099 0.0364126 -0.0816818
v -0.0124133 0.0447086 -0.0771171
v -0.0171744 0.0431044 -0.0771171
v -0.0201598 0.0505973 -0.0716484
v -0.0255122 0.0481211 -0.0716484
v -0.0289912 0.0546832 -0.0653396
v -0.0347335 0.0512281 -0.0653396
v -0.0384944 0.056775 -0.0582648
v -0.0444072 0.0522802 -0.0582648
v -0.0482251 0.056775 -0.0505068
v -0.0540809 0.0512281 -0.0505068
v -0.0577283 0.0546832 -0.0421568
v -0.0633022 0.0481211 -0.0421568
v -0.0665597 0.0505973 -0.0333124
v -0.07164 0.0431044 -0.0333124
v -0.0743062 0.0447086 -0.0240775
v -0.0787045 0.0364126 -0.0240775
v -0.0806058 0.0372922 -0.0145604
v -0.0841652 0.0283586 -0.0145604
v -0.0851637 0.028695 -0.0048725
v -0.0877669 0.019319 -0.0048725
v -0.0877669 0.019319 0.0048725
v -0.0893412 0.00971644 0.0048725
v -0.0882938 0.00960252 0.0145604
v -0.00378569 0.0247117 -0.0864581
v -0.007688 0.0276897 -0.0852888
v -0.00868263 0.0234438 -0.0864581
v -0.0106367 0.0266961 -0.0852888
v -0.0134607 0.0253896 -0.0852888
v -0.0177012 0.0333879 -0.0816818
v -0.0212073 0.0312784 -0.0816818
v -0.026039 0.0384046 -0.0771171
v -0.0300386 0.0353642 -0.0771171
v -0.0352603 0.0415117 -0.0716484
v -0.0395418 0.037456 -0.0716484
v -0.044934 0.0425637 -0.0653396
v -0.0492725 0.037456 -0.0653396
v -0.0546077 0.0415117 -0.0582648
v -0.0587758 0.0353642 -0.0582648
v -0.063829 0.0384046 -0.0505068
v -0.0676071 0.0312784 -0.0505068
v -0.0721668 0.0333879 -0.0421568
v -0.0753537 0.0253896 -0.0421568
v -0.0792313 0.0266961 -0.0333124
v -0.0816532 0.0179732 -0.0333124
v -0.084692 0.0186421 -0.0240775
v -0.0862111 0.00937603 -0.0240775
v -0.0882938 0.00960252 -0.0145604
v -0.0132241 0.0212161 -0.0864581
v -0.0161269 0.0237854 -0.0852888
v -0.0244647 0.0288021 -0.0816818
v -0.0336861 0.0319091 -0.0771171
v -0.0433597 0.0329612 -0.0716484
v -0.0530334 0.0319091 -0.0653396
v -0.0622548 0.0288021 -0.0582648
v -0.0705926 0.0237854 -0.0505068
v -0.077657 0.0170936 -0.0421568
v -0.0831178 0.00903961 -0.0333124
v -0.018604 0.0219024 -0.0852888
v -0.0172242 0.0181198 -0.0864581
v -0.020863 0.0197625 -0.0852888
v -0.0205191 0.0142817 -0.0864581
v -0.0228774 0.017391 -0.0852888
v -0.0246236 0.0148155 -0.0852888
v -0.0323806 0.0194828 -0.0816818
v -0.0342973 0.0158676 -0.0816818
v -0.0421114 0.0194828 -0.0771171
v -0.043971 0.0148155 -0.0771171
v -0.0516146 0.017391 -0.0716484
v -0.0531923 0.0117085 -0.0716484
v -0.0604459 0.0133052 -0.0653396
v -0.0615301 0.00669181 -0.0653396
v -0.0681925 0.00741638 -0.0582648
v -0.0229739 0.0098589 -0.0864581
v -0.0260811 0.0120664 -0.0852888
v -0.0358118 0.0120664 -0.0816818
v -0.045315 0.0099746 -0.0771171
v -0.0541464 0.00588878 -0.0716484
v -0.0272328 0.00917581 -0.0852888
v -0.0244882 0.00503246 -0.0864581
v -0.0280653 0.00617763 -0.0852888
v -0.0285687 0.00310703 -0.0852888
v -0.0375685 0.00408582 -0.0816818
v -0.025 -3.06162e-18 -0.0864581
v 0.0194986 0.0877496 0.00445042
v 0.0180194 0.0877496 0.00867767
v 0.0240422 0.0865923 0.0048725
v 0.0237604 0.0855771 0.0145604
v 0.0156366 0.0877496 0.0124698
v 0.0143686 0.0876444 0.0145604
v 0.0124698 0.0877496 0.0156366
v 0.0140297 0.0855771 0.0240775
v 0.00867767 0.0877496 0.0180194
v 0.0046949 0.0865923 0.0240775
v 0.00445042 0.0877496 0.0194986
v -1.22465e-18 0.0877496 0.02
v -0.0046949 0.0865923 0.0240775
v -0.00445042 0.0877496 0.0194986
v -0.00867767 0.0877496 0.0180194
v -0.0140297 0.0855771 0.0240775
v -0.0124698 0.0877496 0.0156366
v -0.0143686 0.0876444 0.0145604
v -0.0156366 0.0877496 0.0124698
v -0.0180194 0.0877496 0.00867767
v -0.0194986 0.0877496 0.00445042
v -0.0240422 0.0865923 0.0048725
v -0.0237604 0.0855771 0.0145604
v -0.0231999 0.0835586 0.0240775
v -0.0223675 0.0805604 0.0333124
v -0.0135263 0.0825065 0.0333124
v -0.0212728 0.0766177 0.0421568
v -0.0128643 0.0784686 0.0421568
v -0.0199287 0.0717768 0.0505068
v -0.0120515 0.0735107 0.0505068
v -0.018351 0.0660943 0.0582648
v -0.0110974 0.067691 0.0582648
v -0.0165581 0.059637 0.0653396
v -0.0100132 0.0610776 0.0653396
v -0.0145711 0.0524804 0.0716484
v -0.02 0.0877496 0
v -0.0240422 0.0865923 -0.0048725
v -0.0332636 0.0834853 0.0048725
v -0.0194986 0.0877496 -0.00445042
v -0.0180194 0.0877496 -0.00867767
v 0.00867767 0.0877496 -0.0180194
v 0.0124698 0.0877496 -0.0156366
v 0.0140297 0.0855771 -0.0240775
v 0.0143686 0.0876444 -0.0145604
v 0.0200557 0.0865203 -0.0145604
v 0.0156366 0.0877496 -0.0124698
v 0.0180194 0.0877496 -0.00867767
v 0.0194986 0.0877496 -0.00445042
v 0.0200784 0.0875963 -0.0048725
v 0.0240422 0.0865923 -0.0048725
v 0.0237604 0.0855771 -0.0145604
v 0.0328736 0.0825065 -0.0145604
v 0.0320982 0.0805604 -0.0240775
v 0.0406201 0.0766177 -0.0240775
v 0.0391626 0.0738686 -0.0333124
v 0.0469197 0.0692013 -0.0333124
v 0.0446234 0.0658146 -0.0421568
v 0.0514776 0.0606041 -0.0421568
v 0.0482251 0.056775 -0.0505068
v 0.0540809 0.0512281 -0.0505068
v 0.0497994 0.0471725 -0.0582648
v 0.0546077 0.0415117 -0.0582648
v 0.0492725 0.037456 -0.0653396
v 0.0530334 0.0319091 -0.0653396
v 0.0466693 0.02808 -0.0716484
v 0.0494317 0.0228695 -0.0716484
v 0.0421114 0.0194828 -0.0771171
v 0.043971 0.0148155 -0.0771171
v 0.0358118 0.0120664 -0.0816818
v 0.0369065 0.00812374 -0.0816818
v 0.0280653 0.00617763 -0.0852888
v 0.0285687 0.00310703 -0.0852888
v 0.02 0.0877496 2.44929e-18
v 0.0194986 -0.0877496 -0.00445042
v 0.0240422 -0.0865923 -0.0048725
v 0.02 -0.0877496 -2.44929e-18
v 0.0240422 -0.0865923 0.0048725
v 0.0194986 -0.0877496 0.00445042
v 0.0180194 -0.0877496 0.00867767
v 0.0237604 -0.0855771 0.0145604
v 0.0143686 -0.0876444 0.0145604
v 0.0231999 -0.0835586 0.0240775
v 0.0140297 -0.0855771 0.0240775
v 0.0223675 -0.0805604 0.0333124
v 0.0135263 -0.0825065 0.0333124
v 0.0212728 -0.0766177 0.0421568
v 0.0128643 -0.0784686 0.0421568
v 0.0199287 -0.0717768 0.0505068
v 0.0120515 -0.0735107 0.0505068
v 0.018351 -0.0660943 0.0582648
v 0.0110974 -0.067691 0.0582648
v 0.0165581 -0.059637 0.0653396
v 0.0100132 -0.0610776 0.0653396
v 0.0145711 -0.0524804 0.0716484
v 0.00881157 -0.0537482 0.0716484
v 0.0124133 -0.0447086 0.0771171
v 0.00750666 -0.0457886 0.0771171
v 0.0101099 -0.0364126 0.0816818
v 0.00611374 -0.0372922 0.0816818
v 0.007688 -0.0276897 0.0852888
v 0.00464915 -0.0283586 0.0852888
v 0.00517596 -0.0186421 0.0878958
v 0.00313005 -0.0190925 0.0878958
v 0.00260324 -0.00937603 0.0894724
v 0.00157425 -0.00960252 0.0894724
v -5.51091e-18 6.74892e-34 0.09
v 0.0194986 -0.0877496 -0.00445042
v 0.0180194 -0.0877496 -0.00867767
v 0.0240422 -0.0865923 -0.0048725
v 0.0237604 -0.0855771 -0.0145604
v 0.0332636 -0.0834853 -0.0048725
v 0.0328736 -0.0825065 -0.0145604
v 0.0420949 -0.0793995 -0.0048725
v 0.0416014 -0.0784686 -0.0145604
v 0.0504328 -0.0743828 -0.0048725
v 0.0498415 -0.0735107 -0.0145604
v 0.0581793 -0.068494 -0.0048725
v 0.0143686 -0.0876444 -0.0145604
v 0.0156366 -0.0877496 -0.0124698
v 0.0124698 -0.0877496 -0.0156366
v 0.0140297 -0.0855771 -0.0240775
v 0.00867767 -0.0877496 -0.0180194
v 0.0046949 -0.0865923 -0.0240775
v 0.00445042 -0.0877496 -0.0194986
v -1.22465e-18 -0.0877496 -0.02
v -0.0046949 -0.0865923 -0.0240775
v -0.00445042 -0.0877496 -0.0194986
v -0.00867767 -0.0877496 -0.0180194
v -0.0140297 -0.0855771 -0.0240775
v -0.0124698 -0.0877496 -0.0156366
v -0.0143686 -0.0876444 -0.0145604
v -0.0156366 -0.0877496 -0.0124698
v -0.0202462 -0.0864759 -0.0145604
v -0.0180194 -0.0877496 -0.00867767
v -0.0237604 -0.0855771 -0.0145604
v -0.0240422 -0.0865923 -0.0048725
v -0.0328736 -0.0825065 -0.0145604
v -0.0332636 -0.0834853 -0.0048725
v -0.0416014 -0.0784686 -0.0145604
v -0.0420949 -0.0793995 -0.0048725
v -0.0498415 -0.0735107 -0.0145604
v -0.0504328 -0.0743828 -0.0048725
v -0.0574972 -0.067691 -0.0145604
v -0.0581793 -0.068494 -0.0048725
v -0.0644788 -0.0610776 -0.0145604
v -0.0652438 -0.0618022 -0.0048725
v -0.0707045 -0.0537482 -0.0145604
v -0.0715433 -0.0543858 -0.0048725
v -0.0201427 -0.0875816 -0.0048725
v -0.0194986 -0.0877496 -0.00445042
v -0.02 -0.0877496 0
v -0.0194986 -0.0877496 0.00445042
v -0.0240422 -0.0865923 0.0048725
v -0.0180194 -0.0877496 0.00867767
v -0.0237604 -0.0855771 0.0145604
v -0.0332636 -0.0834853 0.0048725
v -0.0328736 -0.0825065 0.0145604
v -0.0420949 -0.0793995 0.0048725
v -0.0416014 -0.0784686 0.0145604
v -0.0504328 -0.0743828 0.0048725
v -0.0498415 -0.0735107 0.0145604
v -0.0581793 -0.068494 0.0048725
v -0.0574972 -0.067691 0.0145604
v -0.0652438 -0.0618022 0.0048725
v -0.0644788 -0.0610776 0.0145604
v -0.0715433 -0.0543858 0.0048725
v -0.0707045 -0.0537482 0.0145604
v -0.0156366 -0.0877496 0.0124698
v -0.0143686 -0.0876444 0.0145604
v -0.0140297 -0.0855771 0.0240775
v -0.0124698 -0.0877496 0.0156366
v -0.00867767 -0.0877496 0.0180194
v -0.0046949 -0.0865923 0.0240775
v -0.00445042 -0.0877496 0.0194986
v -1.22465e-18 -0.0877496 0.02
v 0.0046949 -0.0865923 0.0240775
v 0.00445042 -0.0877496 0.0194986
v 0.00867767 -0.0877496 0.0180194
v 0.0140297 -0.0855771 0.0240775
v 0.0124698 -0.0877496 0.0156366
v 0.0143686 -0.0876444 0.0145604
v 0.0156366 -0.0877496 0.0124698
v 0.0180194 -0.0877496 0.00867767
v -0.00967367 -0.00105207 0.0894724
v -5.51091e-18 6.74892e-34 0.09
v -0.00973071 1.19167e-18 0.0894724
v -0.00967367 0.00105207 0.0894724
v -0.00950321 0.00209182 0.0894724
v -0.00922134 0.00310703 0.0894724
v -0.00883135 0.00408582 0.0894724
v -0.00833783 0.00501671 0.0894724
v -0.00774655 0.00588878 0.0894724
v -0.00706445 0.00669181 0.0894724
v -0.00546075 0.008054 0.0894724
v -0.00455795 0.0085972 0.0894724
v -0.00360171 0.00903961 0.0894724
v -0.00260324 0.00937603 0.0894724
v -0.00157425 0.00960252 0.0894724
v -0.00052681 0.00971644 0.0894724
v 0.00052681 0.00971644 0.0894724
v 0.00157425 0.00960252 0.0894724
v 0.00260324 0.00937603 0.0894724
v 0.00360171 0.00903961 0.0894724
v 0.00455795 0.0085972 0.0894724
v 0.00546075 0.008054 0.0894724
v 0.00774655 0.00588878 0.0894724
v 0.00833783 0.00501671 0.0894724
v 0.00883135 0.00408582 0.0894724
v 0.00922134 0.00310703 0.0894724
v 0.00950321 0.00209182 0.0894724
v 0.00967367 0.00105207 0.0894724
v 0.00973071 0 0.0894724
v -5.51091e-18 6.74892e-34 0.09
v 0.00967367 -0.00105207 0.0894724
v 0.00950321 -0.00209182 0.0894724
v 0.00922134 -0.00310703 0.0894724
v 0.00883135 -0.00408582 0.0894724
v 0.00833783 -0.00501671 0.0894724
v 0.00774655 -0.00588878 0.0894724
v 0.00706445 -0.00669181 0.0894724
v 0.00629953 -0.00741638 0.0894724
v 0.00546075 -0.008054 0.0894724
v 0.00455795 -0.0085972 0.0894724
v 0.00360171 -0.00903961 0.0894724
v 0.00260324 -0.00937603 0.0894724
v 0.00157425 -0.00960252 0.0894724
v 0.00052681 -0.00971644 0.0894724
v -0.00052681 -0.00971644 0.0894724
v -0.00157425 -0.00960252 0.0894724
v -0.00260324 -0.00937603 0.0894724
v -0.00360171 -0.00903961 0.0894724
v -0.00455795 -0.0085972 0.0894724
v -0.00546075 -0.008054 0.0894724
v -0.00629953 -0.00741638 0.0894724
v -0.00706445 -0.00669181 0.0894724
v -0.00774655 -0.00588878 0.0894724
v -0.00833783 -0.00501671 0.0894724
v -0.00883135 -0.00408582 0.0894724
v -0.00922134 -0.00310703 0.0894724
v -0.00950321 -0.00209182 0.0894724
v -0.0285687 -0.00310703 -0.0852888
v -0.0375685 -0.00408582 -0.0816818
v -0.0287371 3.51928e-18 -0.0852888
v -0.03779 4.62794e-18 -0.0816818
v -0.0461278 -0.00501671 -0.0771171
v -0.0463998 5.68234e-18 -0.0771171
v -0.0541464 -0.00588878 -0.0716484
v -0.0544657 6.67012e-18 -0.0716484
v -0.0615301 -0.00669181 -0.0653396
v -0.061893 7.5797e-18 -0.0653396
v -0.0681925 -0.00741638 -0.0582648
v -0.0685946 8.40041e-18 -0.0582648
v -0.0740553 -0.008054 -0.0505068
v -0.074492 9.12264e-18 -0.0505068
v -0.07905 -0.0085972 -0.0421568
v -0.0795161 9.73791e-18 -0.0421568
v -0.0831178 -0.00903961 -0.0333124
v -0.0836079 1.0239e-17 -0.0333124
v -0.0862111 -0.00937603 -0.0240775
v -0.0867195 1.06201e-17 -0.0240775
v -0.0882938 -0.00960252 -0.0145604
v -0.0888144 1.08766e-17 -0.0145604
v -0.0893412 -0.00971644 -0.0048725
v -0.089868 1.10057e-17 -0.0048725
v -0.0893412 -0.00971644 0.0048725
v -0.089868 1.10057e-17 0.0048725
v -0.0882938 -0.00960252 0.0145604
v -0.0888144 1.08766e-17 0.0145604
v -0.0862111 -0.00937603 0.0240775
v -0.0867195 1.06201e-17 0.0240775
v -0.0831178 -0.00903961 0.0333124
v -0.0836079 1.0239e-17 0.0333124
v -0.07905 -0.0085972 0.0421568
v -0.0795161 9.73791e-18 0.0421568
v -0.0740553 -0.008054 0.0505068
v -0.074492 9.12264e-18 0.0505068
v -0.0681925 -0.00741638 0.0582648
v -0.0685946 8.40041e-18 0.0582648
v -0.0615301 -0.00669181 0.0653396
v -0.061893 7.5797e-18 0.0653396
v -0.0541464 -0.00588878 0.0716484
v -0.0544657 6.67012e-18 0.0716484
v -0.0461278 -0.00501671 0.0771171
v -0.0463998 5.68234e-18 0.0771171
v -0.0375685 -0.00408582 0.0816818
v -0.03779 4.62794e-18 0.0816818
v -0.0285687 -0.00310703 0.0852888
v -0.0287371 3.51928e-18 0.0852888
v -0.00967367 -0.00105207 0.0894724
v -0.00973071 1.19167e-18 0.0894724
v -0.0193473 2.36937e-18 0.0878958
v -0.0192339 -0.00209182 0.0878958
v -0.0272328 -0.00917581 -0.0852888
v -0.0358118 -0.0120664 -0.0816818
v -0.0280653 -0.00617763 -0.0852888
v -0.0369065 -0.00812374 -0.0816818
v -0.043971 -0.0148155 -0.0771171
v -0.045315 -0.0099746 -0.0771171
v -0.0516146 -0.017391 -0.0716484
v -0.0531923 -0.0117085 -0.0716484
v -0.0586531 -0.0197625 -0.0653396
v -0.0604459 -0.0133052 -0.0653396
v -0.0650039 -0.0219024 -0.0582648
v -0.0669909 -0.0147458 -0.0582648
v -0.0705926 -0.0237854 -0.0505068
v -0.0727504 -0.0160136 -0.0505068
v -0.0753537 -0.0253896 -0.0421568
v -0.077657 -0.0170936 -0.0421568
v -0.0792313 -0.0266961 -0.0333124
v -0.0816532 -0.0179732 -0.0333124
v -0.08218 -0.0276897 -0.0240775
v -0.084692 -0.0186421 -0.0240775
v -0.0841652 -0.0283586 -0.0145604
v -0.086738 -0.0190925 -0.0145604
v -0.0851637 -0.028695 -0.0048725
v -0.0877669 -0.019319 -0.0048725
v -0.0851637 -0.028695 0.0048725
v -0.0877669 -0.019319 0.0048725
v -0.0841652 -0.0283586 0.0145604
v -0.086738 -0.0190925 0.0145604
v -0.08218 -0.0276897 0.0240775
v -0.084692 -0.0186421 0.0240775
v -0.0792313 -0.0266961 0.0333124
v -0.0816532 -0.0179732 0.0333124
v -0.0753537 -0.0253896 0.0421568
v -0.077657 -0.0170936 0.0421568
v -0.0705926 -0.0237854 0.0505068
v -0.0727504 -0.0160136 0.0505068
v -0.0650039 -0.0219024 0.0582648
v -0.0669909 -0.0147458 0.0582648
v -0.0586531 -0.0197625 0.0653396
v -0.0604459 -0.0133052 0.0653396
v -0.0516146 -0.017391 0.0716484
v -0.0531923 -0.0117085 0.0716484
v -0.043971 -0.0148155 0.0771171
v -0.045315 -0.0099746 0.0771171
v -0.0358118 -0.0120664 0.0816818
v -0.0369065 -0.00812374 0.0816818
v -0.0272328 -0.00917581 0.0852888
v -0.0280653 -0.00617763 0.0852888
v -0.00922134 -0.00310703 0.0894724
v -0.00950321 -0.00209182 0.0894724
v -0.018895 -0.00415911 0.0878958
v -0.0183346 -0.00617763 0.0878958
v -0.0246236 -0.0148155 -0.0852888
v -0.0323806 -0.0194828 -0.0816818
v -0.0260811 -0.0120664 -0.0852888
v -0.0342973 -0.0158676 -0.0816818
v -0.039758 -0.0239216 -0.0771171
v -0.0421114 -0.0194828 -0.0771171
v -0.0466693 -0.02808 -0.0716484
v -0.0494317 -0.0228695 -0.0716484
v -0.0530334 -0.0319091 -0.0653396
v -0.0561725 -0.0259882 -0.0653396
v -0.0587758 -0.0353642 -0.0582648
v -0.0622548 -0.0288021 -0.0582648
v -0.063829 -0.0384046 -0.0505068
v -0.0676071 -0.0312784 -0.0505068
v -0.0681339 -0.0409948 -0.0421568
v -0.0721668 -0.0333879 -0.0421568
v -0.07164 -0.0431044 -0.0333124
v -0.0758805 -0.035106 -0.0333124
v -0.0743062 -0.0447086 -0.0240775
v -0.0787045 -0.0364126 -0.0240775
v -0.0761012 -0.0457886 -0.0145604
v -0.0806058 -0.0372922 -0.0145604
v -0.077004 -0.0463318 -0.0048725
v -0.081562 -0.0377346 -0.0048725
v -0.077004 -0.0463318 0.0048725
v -0.081562 -0.0377346 0.0048725
v -0.0761012 -0.0457886 0.0145604
v -0.0806058 -0.0372922 0.0145604
v -0.0743062 -0.0447086 0.0240775
v -0.0787045 -0.0364126 0.0240775
v -0.07164 -0.0431044 0.0333124
v -0.0758805 -0.035106 0.0333124
v -0.0681339 -0.0409948 0.0421568
v -0.0721668 -0.0333879 0.0421568
v -0.063829 -0.0384046 0.0505068
v -0.0676071 -0.0312784 0.0505068
v -0.0587758 -0.0353642 0.0582648
v -0.0622548 -0.0288021 0.0582648
v -0.0530334 -0.0319091 0.0653396
v -0.0561725 -0.0259882 0.0653396
v -0.0466693 -0.02808 0.0716484
v -0.0494317 -0.0228695 0.0716484
v -0.039758 -0.0239216 0.0771171
v -0.0421114 -0.0194828 0.0771171
v -0.0323806 -0.0194828 0.0816818
v -0.0342973 -0.0158676 0.0816818
v -0.0246236 -0.0148155 0.0852888
v -0.0260811 -0.0120664 0.0852888
v -0.00833783 -0.00501671 0.0894724
v -0.00883135 -0.00408582 0.0894724
v -0.0175592 -0.00812374 0.0878958
v -0.0165779 -0.0099746 0.0878958
v -0.0300844 -0.0228695 -0.0816818
v -0.0228774 -0.017391 -0.0852888
v -0.0274354 -0.0259882 -0.0816818
v -0.020863 -0.0197625 -0.0852888
v -0.0244647 -0.0288021 -0.0816818
v -0.018604 -0.0219024 -0.0852888
v -0.0212073 -0.0312784 -0.0816818
v -0.0161269 -0.0237854 -0.0852888
v -0.0177012 -0.0333879 -0.0816818
v -0.0369386 -0.02808 -0.0771171
v -0.0336861 -0.0319091 -0.0771171
v -0.0300386 -0.0353642 -0.0771171
v -0.026039 -0.0384046 -0.0771171
v -0.0217341 -0.0409948 -0.0771171
v -0.0171744 -0.0431044 -0.0771171
v -0.0433597 -0.0329612 -0.0716484
v -0.0395418 -0.037456 -0.0716484
v -0.0352603 -0.0415117 -0.0716484
v -0.0305654 -0.0450806 -0.0716484
v -0.0255122 -0.0481211 -0.0716484
v -0.0201598 -0.0505973 -0.0716484
v -0.0145711 -0.0524804 -0.0716484
v -0.0492725 -0.037456 -0.0653396
v -0.044934 -0.0425637 -0.0653396
v -0.0400686 -0.0471725 -0.0653396
v -0.0347335 -0.0512281 -0.0653396
v -0.0289912 -0.0546832 -0.0653396
v -0.0229089 -0.0574971 -0.0653396
v -0.0165581 -0.059637 -0.0653396
v -0.0138688 -0.0526703 -0.0716484
v -0.0546077 -0.0415117 -0.0582648
v -0.0497994 -0.0471725 -0.0582648
v -0.0444072 -0.0522802 -0.0582648
v -0.0384944 -0.056775 -0.0582648
v -0.0321303 -0.0606041 -0.0582648
v -0.0253895 -0.0637228 -0.0582648
v -0.018351 -0.0660943 -0.0582648
v -0.0155249 -0.0599142 -0.0653396
v -0.00881157 -0.0537482 -0.0716484
v -0.0593026 -0.0450806 -0.0505068
v -0.0540809 -0.0512281 -0.0505068
v -0.0482251 -0.056775 -0.0505068
v -0.041804 -0.0616562 -0.0505068
v -0.0348927 -0.0658146 -0.0505068
v -0.0275723 -0.0692013 -0.0505068
v -0.0199287 -0.0717768 -0.0505068
v -0.0169451 -0.0664686 -0.0582648
v -0.0100132 -0.0610776 -0.0653396
v -0.00335082 -0.0618022 -0.0653396
v -0.0633022 -0.0481211 -0.0421568
v -0.0577283 -0.0546832 -0.0421568
v -0.0514776 -0.0606041 -0.0421568
v -0.0446234 -0.0658146 -0.0421568
v -0.037246 -0.0702534 -0.0421568
v -0.0294319 -0.0738686 -0.0421568
v -0.0212728 -0.0766177 -0.0421568
v -0.0181184 -0.072255 -0.0505068
v -0.0110974 -0.067691 -0.0582648
v -0.00371364 -0.068494 -0.0582648
v 0.00371364 -0.068494 -0.0582648
v -0.0665597 -0.0505973 -0.0333124
v -0.060699 -0.0574971 -0.0333124
v -0.0541266 -0.0637228 -0.0333124
v -0.0469197 -0.0692013 -0.0333124
v -0.0391626 -0.0738686 -0.0333124
v -0.0309465 -0.0776698 -0.0333124
v -0.0223675 -0.0805604 -0.0333124
v -0.0190373 -0.0772035 -0.0421568
v -0.0120515 -0.0735107 -0.0505068
v -0.00403292 -0.0743828 -0.0505068
v 0.00403292 -0.0743828 -0.0505068
v 0.0120515 -0.0735107 -0.0505068
v -0.0644788 -0.0610776 -0.0145604
v -0.0707045 -0.0537482 -0.0145604
v -0.0690368 -0.0524804 -0.0240775
v -0.062958 -0.059637 -0.0240775
v -0.056141 -0.0660943 -0.0240775
v -0.0486659 -0.0717768 -0.0240775
v -0.0406201 -0.0766177 -0.0240775
v -0.0320982 -0.0805604 -0.0240775
v -0.0231999 -0.0835586 -0.0240775
v -0.0196981 -0.0812543 -0.0333124
v -0.0128643 -0.0784686 -0.0421568
v -0.00430491 -0.0793995 -0.0421568
v 0.00430491 -0.0793995 -0.0421568
v 0.0128643 -0.0784686 -0.0421568
v 0.0212728 -0.0766177 -0.0421568
v -0.0652438 -0.0618022 0.0048725
v -0.0715433 -0.0543858 0.0048725
v -0.0715433 -0.0543858 -0.0048725
v -0.0652438 -0.0618022 -0.0048725
v -0.0690368 -0.0524804 0.0240775
v -0.0707045 -0.0537482 0.0145604
v -0.062958 -0.059637 0.0240775
v -0.0644788 -0.0610776 0.0145604
v -0.056141 -0.0660943 0.0240775
v -0.0574972 -0.067691 0.0145604
v -0.0486659 -0.0717768 0.0240775
v -0.0498415 -0.0735107 0.0145604
v -0.0406201 -0.0766177 0.0240775
v -0.0416014 -0.0784686 0.0145604
v -0.0320982 -0.0805604 0.0240775
v -0.0328736 -0.0825065 0.0145604
v -0.0231999 -0.0835586 0.0240775
v -0.0237604 -0.0855771 0.0145604
v -0.0140297 -0.0855771 0.0240775
v -0.0665597 -0.0505973 0.0333124
v -0.060699 -0.0574971 0.0333124
v -0.0541266 -0.0637228 0.0333124
v -0.0469197 -0.0692013 0.0333124
v -0.0391626 -0.0738686 0.0333124
v -0.0309465 -0.0776698 0.0333124
v -0.0223675 -0.0805604 0.0333124
v -0.0135263 -0.0825065 0.0333124
v -0.00452644 -0.0834853 0.0333124
v -0.0046949 -0.0865923 0.0240775
v 0.00452644 -0.0834853 0.0333124
v 0.0046949 -0.0865923 0.0240775
v 0.0135263 -0.0825065 0.0333124
v 0.0140297 -0.0855771 0.0240775
v -0.0633022 -0.0481211 0.0421568
v -0.0577283 -0.0546832 0.0421568
v -0.0514776 -0.0606041 0.0421568
v -0.0446234 -0.0658146 0.0421568
v -0.037246 -0.0702534 0.0421568
v -0.0294319 -0.0738686 0.0421568
v -0.0212728 -0.0766177 0.0421568
v -0.0128643 -0.0784686 0.0421568
v -0.00430491 -0.0793995 0.0421568
v 0.00430491 -0.0793995 0.0421568
v 0.0128643 -0.0784686 0.0421568
v -0.0593026 -0.0450806 0.0505068
v -0.0540809 -0.0512281 0.0505068
v -0.0482251 -0.056775 0.0505068
v -0.041804 -0.0616562 0.0505068
v -0.0348927 -0.0658146 0.0505068
v -0.0275723 -0.0692013 0.0505068
v -0.0199287 -0.0717768 0.0505068
v -0.0120515 -0.0735107 0.0505068
v -0.00403292 -0.0743828 0.0505068
v 0.00403292 -0.0743828 0.0505068
v 0.0120515 -0.0735107 0.0505068
v -0.0546077 -0.0415117 0.0582648
v -0.0497994 -0.0471725 0.0582648
v -0.0444072 -0.0522802 0.0582648
v -0.0384944 -0.056775 0.0582648
v -0.0321303 -0.0606041 0.0582648
v -0.0253895 -0.0637228 0.0582648
v -0.018351 -0.0660943 0.0582648
v -0.0110974 -0.067691 0.0582648
v -0.00371364 -0.068494 0.0582648
v 0.00371364 -0.068494 0.0582648
v 0.0110974 -0.067691 0.0582648
v -0.0492725 -0.037456 0.0653396
v -0.044934 -0.0425637 0.0653396
v -0.0400686 -0.0471725 0.0653396
v -0.0347335 -0.0512281 0.0653396
v -0.0289912 -0.0546832 0.0653396
v -0.0229089 -0.0574971 0.0653396
v -0.0165581 -0.059637 0.0653396
v -0.0100132 -0.0610776 0.0653396
v -0.00335082 -0.0618022 0.0653396
v 0.00335082 -0.0618022 0.0653396
v 0.0100132 -0.0610776 0.0653396
v -0.0433597 -0.0329612 0.0716484
v -0.0395418 -0.037456 0.0716484
v -0.0352603 -0.0415117 0.0716484
v -0.0305654 -0.0450806 0.0716484
v -0.0255122 -0.0481211 0.0716484
v -0.0201598 -0.0505973 0.0716484
v -0.0145711 -0.0524804 0.0716484
v -0.00881157 -0.0537482 0.0716484
v -0.00294871 -0.0543858 0.0716484
v 0.00294871 -0.0543858 0.0716484
v 0.00881157 -0.0537482 0.0716484
v -0.0369386 -0.02808 0.0771171
v -0.0336861 -0.0319091 0.0771171
v -0.0300386 -0.0353642 0.0771171
v -0.026039 -0.0384046 0.0771171
v -0.0217341 -0.0409948 0.0771171
v -0.0171744 -0.0431044 0.0771171
v -0.0124133 -0.0447086 0.0771171
v -0.00750666 -0.0457886 0.0771171
v -0.00251204 -0.0463318 0.0771171
v 0.00251204 -0.0463318 0.0771171
v 0.00750666 -0.0457886 0.0771171
v -0.0300844 -0.0228695 0.0816818
v -0.0274354 -0.0259882 0.0816818
v -0.0244647 -0.0288021 0.0816818
v -0.0212073 -0.0312784 0.0816818
v -0.0177012 -0.0333879 0.0816818
v -0.0139875 -0.035106 0.0816818
v -0.0101099 -0.0364126 0.0816818
v -0.00611374 -0.0372922 0.0816818
v -0.00204591 -0.0377346 0.0816818
v 0.00204591 -0.0377346 0.0816818
v 0.00611374 -0.0372922 0.0816818
v -0.0228774 -0.017391 0.0852888
v -0.020863 -0.0197625 0.0852888
v -0.018604 -0.0219024 0.0852888
v -0.0161269 -0.0237854 0.0852888
v -0.0134607 -0.0253896 0.0852888
v -0.0106367 -0.0266961 0.0852888
v -0.007688 -0.0276897 0.0852888
v -0.00464915 -0.0283586 0.0852888
v -0.0015558 -0.028695 0.0852888
v 0.0015558 -0.028695 0.0852888
v 0.00464915 -0.0283586 0.0852888
v -0.00706445 -0.00669181 0.0894724
v -0.00774655 -0.00588878 0.0894724
v -0.0154023 -0.0117085 0.0878958
v -0.0140461 -0.0133052 0.0878958
v -0.0125252 -0.0147458 0.0878958
v -0.0108575 -0.0160136 0.0878958
v -0.00906246 -0.0170936 0.0878958
v -0.00716119 -0.0179732 0.0878958
v -0.00517596 -0.0186421 0.0878958
v -0.00313005 -0.0190925 0.0878958
v -0.00104744 -0.019319 0.0878958
v 0.00104744 -0.019319 0.0878958
v 0.00313005 -0.0190925 0.0878958
v -0.056141 -0.0660943 -0.0240775
v -0.0574972 -0.067691 -0.0145604
v -0.062958 -0.059637 -0.0240775
v -0.0644788 -0.0610776 -0.0145604
v -0.0690368 -0.0524804 -0.0240775
v -0.0498415 -0.0735107 -0.0145604
v -0.0486659 -0.0717768 -0.0240775
v -0.0416014 -0.0784686 -0.0145604
v -0.0406201 -0.0766177 -0.0240775
v -0.0328736 -0.0825065 -0.0145604
v -0.0320982 -0.0805604 -0.0240775
v -0.0237604 -0.0855771 -0.0145604
v -0.0231999 -0.0835586 -0.0240775
v -0.0201001 -0.0843579 -0.0240775
v -0.0196981 -0.0812543 -0.0333124
v -0.0135263 -0.0825065 -0.0333124
v -0.0128643 -0.0784686 -0.0421568
v -0.00452644 -0.0834853 -0.0333124
v -0.00430491 -0.0793995 -0.0421568
v 0.00452644 -0.0834853 -0.0333124
v 0.00430491 -0.0793995 -0.0421568
v 0.0135263 -0.0825065 -0.0333124
v 0.0128643 -0.0784686 -0.0421568
v 0.0223675 -0.0805604 -0.0333124
v 0.0212728 -0.0766177 -0.0421568
v 0.0309465 -0.0776698 -0.0333124
v -0.0652438 -0.0618022 0.0048725
v -0.0652438 -0.0618022 -0.0048725
v -0.0581793 -0.068494 0.0048725
v -0.0581793 -0.068494 -0.0048725
v -0.0504328 -0.0743828 0.0048725
v -0.0504328 -0.0743828 -0.0048725
v -0.0420949 -0.0793995 0.0048725
v -0.0420949 -0.0793995 -0.0048725
v -0.0332636 -0.0834853 0.0048725
v -0.0332636 -0.0834853 -0.0048725
v -0.0240422 -0.0865923 0.0048725
v -0.0240422 -0.0865923 -0.0048725
v -0.0125252 -0.0147458 0.0878958
v -0.00629953 -0.00741638 0.0894724
v -0.0140461 -0.0133052 0.0878958
v -0.00706445 -0.00669181 0.0894724
v -0.0154023 -0.0117085 0.0878958
v -0.00546075 -0.008054 0.0894724
v -0.0108575 -0.0160136 0.0878958
v -0.00455795 -0.0085972 0.0894724
v -0.00906246 -0.0170936 0.0878958
v -0.00360171 -0.00903961 0.0894724
v -0.00716119 -0.0179732 0.0878958
v -0.00260324 -0.00937603 0.0894724
v -0.00517596 -0.0186421 0.0878958
v -0.00157425 -0.00960252 0.0894724
v -0.00313005 -0.0190925 0.0878958
v -0.00052681 -0.00971644 0.0894724
v -0.00104744 -0.019319 0.0878958
v 0.00052681 -0.00971644 0.0894724
v 0.00104744 -0.019319 0.0878958
v 0.00157425 -0.00960252 0.0894724
v 0.00313005 -0.0190925 0.0878958
v -0.00764432 -0.0277018 -0.0852888
v -0.0101099 -0.0364126 -0.0816818
v -0.007688 -0.0276897 -0.0852888
v -0.0202462 -0.0864759 -0.0145604
v -0.0237604 -0.0855771 -0.0145604
v -0.0201001 -0.0843579 -0.0240775
v -0.0015558 -0.028695 -0.0852888
v -0.00204591 -0.0377346 -0.0816818
v -0.00464915 -0.0283586 -0.0852888
v -0.00611374 -0.0372922 -0.0816818
v -0.00990934 -0.0364677 -0.0816818
v -0.00251204 -0.0463318 -0.0771171
v -0.00452644 -0.0834853 -0.0333124
v -0.0046949 -0.0865923 -0.0240775
v -0.0135263 -0.0825065 -0.0333124
v -0.0140297 -0.0855771 -0.0240775
v 0.0046949 -0.0865923 -0.0240775
v 0.00452644 -0.0834853 -0.0333124
v 0.0140297 -0.0855771 -0.0240775
v 0.0135263 -0.0825065 -0.0333124
v 0.0231999 -0.0835586 -0.0240775
v 0.0223675 -0.0805604 -0.0333124
v 0.0320982 -0.0805604 -0.0240775
v 0.0309465 -0.0776698 -0.0333124
v 0.0406201 -0.0766177 -0.0240775
v -0.0143686 -0.0876444 -0.0145604
v 0.00464915 -0.0283586 -0.0852888
v 0.00611374 -0.0372922 -0.0816818
v 0.0015558 -0.028695 -0.0852888
v 0.00204591 -0.0377346 -0.0816818
v 0.00750666 -0.0457886 -0.0771171
v 0.00251204 -0.0463318 -0.0771171
v 0.00881157 -0.0537482 -0.0716484
v 0.00294871 -0.0543858 -0.0716484
v 0.0100132 -0.0610776 -0.0653396
v 0.0106367 -0.0266961 -0.0852888
v 0.0139875 -0.035106 -0.0816818
v 0.007688 -0.0276897 -0.0852888
v 0.0101099 -0.0364126 -0.0816818
v 0.0171744 -0.0431044 -0.0771171
v 0.0124133 -0.0447086 -0.0771171
v 0.0201598 -0.0505973 -0.0716484
v 0.0145711 -0.0524804 -0.0716484
v 0.0229089 -0.0574971 -0.0653396
v 0.0165581 -0.059637 -0.0653396
v 0.0253895 -0.0637228 -0.0582648
v 0.018351 -0.0660943 -0.0582648
v 0.0275723 -0.0692013 -0.0505068
v 0.0143686 -0.0876444 -0.0145604
v 0.0140297 -0.0855771 -0.0240775
v 0.0237604 -0.0855771 -0.0145604
v 0.0231999 -0.0835586 -0.0240775
v 0.0328736 -0.0825065 -0.0145604
v 0.0320982 -0.0805604 -0.0240775
v 0.0416014 -0.0784686 -0.0145604
v 0.0406201 -0.0766177 -0.0240775
v 0.0498415 -0.0735107 -0.0145604
v 0.0240422 -0.0865923 0.0048725
v 0.0240422 -0.0865923 -0.0048725
v 0.0332636 -0.0834853 0.0048725
v 0.0332636 -0.0834853 -0.0048725
v 0.0420949 -0.0793995 0.0048725
v 0.0420949 -0.0793995 -0.0048725
v 0.0504328 -0.0743828 0.0048725
v 0.0504328 -0.0743828 -0.0048725
v 0.0581793 -0.068494 0.0048725
v 0.0581793 -0.068494 -0.0048725
v 0.0652438 -0.0618022 0.0048725
v 0.0237604 -0.0855771 0.0145604
v 0.0328736 -0.0825065 0.0145604
v 0.0416014 -0.0784686 0.0145604
v 0.0498415 -0.0735107 0.0145604
v 0.0574972 -0.067691 0.0145604
v 0.0644788 -0.0610776 0.0145604
v 0.0707045 -0.0537482 0.0145604
v 0.0231999 -0.0835586 0.0240775
v 0.0320982 -0.0805604 0.0240775
v 0.0406201 -0.0766177 0.0240775
v 0.0486659 -0.0717768 0.0240775
v 0.056141 -0.0660943 0.0240775
v 0.062958 -0.059637 0.0240775
v 0.0690368 -0.0524804 0.0240775
v 0.0743062 -0.0447086 0.0240775
v 0.0223675 -0.0805604 0.0333124
v 0.0309465 -0.0776698 0.0333124
v 0.0391626 -0.0738686 0.0333124
v 0.0469197 -0.0692013 0.0333124
v 0.0541266 -0.0637228 0.0333124
v 0.060699 -0.0574971 0.0333124
v 0.0665597 -0.0505973 0.0333124
v 0.07164 -0.0431044 0.0333124
v 0.0758805 -0.035106 0.0333124
v 0.0212728 -0.0766177 0.0421568
v 0.0294319 -0.0738686 0.0421568
v 0.037246 -0.0702534 0.0421568
v 0.0446234 -0.0658146 0.0421568
v 0.0514776 -0.0606041 0.0421568
v 0.0577283 -0.0546832 0.0421568
v 0.0633022 -0.0481211 0.0421568
v 0.0681339 -0.0409948 0.0421568
v 0.0721668 -0.0333879 0.0421568
v 0.0753537 -0.0253896 0.0421568
v 0.0199287 -0.0717768 0.0505068
v 0.0275723 -0.0692013 0.0505068
v 0.0348927 -0.0658146 0.0505068
v 0.041804 -0.0616562 0.0505068
v 0.0482251 -0.056775 0.0505068
v 0.0540809 -0.0512281 0.0505068
v 0.0593026 -0.0450806 0.0505068
v 0.063829 -0.0384046 0.0505068
v 0.0676071 -0.0312784 0.0505068
v 0.0705926 -0.0237854 0.0505068
v 0.0727504 -0.0160136 0.0505068
v 0.018351 -0.0660943 0.0582648
v 0.0253895 -0.0637228 0.0582648
v 0.0321303 -0.0606041 0.0582648
v 0.0384944 -0.056775 0.0582648
v 0.0444072 -0.0522802 0.0582648
v 0.0497994 -0.0471725 0.0582648
v 0.0546077 -0.0415117 0.0582648
v 0.0587758 -0.0353642 0.0582648
v 0.0622548 -0.0288021 0.0582648
v 0.0650039 -0.0219024 0.0582648
v 0.0669909 -0.0147458 0.0582648
v 0.0681925 -0.00741638 0.0582648
v 0.0165581 -0.059637 0.0653396
v 0.0229089 -0.0574971 0.0653396
v 0.0289912 -0.0546832 0.0653396
v 0.0347335 -0.0512281 0.0653396
v 0.0400686 -0.0471725 0.0653396
v 0.044934 -0.0425637 0.0653396
v 0.0492725 -0.037456 0.0653396
v 0.0530334 -0.0319091 0.0653396
v 0.0561725 -0.0259882 0.0653396
v 0.0586531 -0.0197625 0.0653396
v 0.0604459 -0.0133052 0.0653396
v 0.0615301 -0.00669181 0.0653396
v 0.061893 0 0.0653396
v 0.0145711 -0.0524804 0.0716484
v 0.0201598 -0.0505973 0.0716484
v 0.0255122 -0.0481211 0.0716484
v 0.0305654 -0.0450806 0.0716484
v 0.0352603 -0.0415117 0.0716484
v 0.0395418 -0.037456 0.0716484
v 0.0433597 -0.0329612 0.0716484
v 0.0466693 -0.02808 0.0716484
v 0.0494317 -0.0228695 0.0716484
v 0.0516146 -0.017391 0.0716484
v 0.0531923 -0.0117085 0.0716484
v 0.0541464 -0.00588878 0.0716484
v 0.0544657 0 0.0716484
v 0.0541464 0.00588878 0.0716484
v 0.0124133 -0.0447086 0.0771171
v 0.0171744 -0.0431044 0.0771171
v 0.0217341 -0.0409948 0.0771171
v 0.026039 -0.0384046 0.0771171
v 0.0300386 -0.0353642 0.0771171
v 0.0336861 -0.0319091 0.0771171
v 0.0369386 -0.02808 0.0771171
v 0.039758 -0.0239216 0.0771171
v 0.0421114 -0.0194828 0.0771171
v 0.043971 -0.0148155 0.0771171
v 0.045315 -0.0099746 0.0771171
v 0.0461278 -0.00501671 0.0771171
v 0.0463998 0 0.0771171
v 0.0461278 0.00501671 0.0771171
v 0.045315 0.0099746 0.0771171
v 0.0101099 -0.0364126 0.0816818
v 0.0139875 -0.035106 0.0816818
v 0.0177012 -0.0333879 0.0816818
v 0.0212073 -0.0312784 0.0816818
v 0.0244647 -0.0288021 0.0816818
v 0.0274354 -0.0259882 0.0816818
v 0.0300844 -0.0228695 0.0816818
v 0.0323806 -0.0194828 0.0816818
v 0.0342973 -0.0158676 0.0816818
v 0.0358118 -0.0120664 0.0816818
v 0.0369065 -0.00812374 0.0816818
v 0.0375685 -0.00408582 0.0816818
v 0.03779 0 0.0816818
v 0.0375685 0.00408582 0.0816818
v 0.0369065 0.00812374 0.0816818
v 0.0358118 0.0120664 0.0816818
v 0.007688 -0.0276897 0.0852888
v 0.0106367 -0.0266961 0.0852888
v 0.0134607 -0.0253896 0.0852888
v 0.0161269 -0.0237854 0.0852888
v 0.018604 -0.0219024 0.0852888
v 0.020863 -0.0197625 0.0852888
v 0.0228774 -0.017391 0.0852888
v 0.0246236 -0.0148155 0.0852888
v 0.0260811 -0.0120664 0.0852888
v 0.0272328 -0.00917581 0.0852888
v 0.0280653 -0.00617763 0.0852888
v 0.0285687 -0.00310703 0.0852888
v 0.0287371 0 0.0852888
v 0.0285687 0.00310703 0.0852888
v 0.0280653 0.00617763 0.0852888
v 0.0272328 0.00917581 0.0852888
v 0.0260811 0.0120664 0.0852888
v 0.00360171 -0.00903961 0.0894724
v 0.00260324 -0.00937603 0.0894724
v 0.00517596 -0.0186421 0.0878958
v 0.00716119 -0.0179732 0.0878958
v 0.00906246 -0.0170936 0.0878958
v 0.0108575 -0.0160136 0.0878958
v 0.0125252 -0.0147458 0.0878958
v 0.0140461 -0.0133052 0.0878958
v 0.0154023 -0.0117085 0.0878958
v 0.0165779 -0.0099746 0.0878958
v 0.0175592 -0.00812374 0.0878958
v 0.0183346 -0.00617763 0.0878958
v 0.018895 -0.00415911 0.0878958
v 0.0192339 -0.00209182 0.0878958
v 0.0193473 0 0.0878958
v 0.0192339 0.00209182 0.0878958
v 0.018895 0.00415911 0.0878958
v 0.0183346 0.00617763 0.0878958
v 0.0175592 0.00812374 0.0878958
v 0.0165779 0.0099746 0.0878958
v 0.0161269 -0.0237854 -0.0852888
v 0.0212073 -0.0312784 -0.0816818
v 0.0134607 -0.0253896 -0.0852888
v 0.0177012 -0.0333879 -0.0816818
v 0.026039 -0.0384046 -0.0771171
v 0.0217341 -0.0409948 -0.0771171
v 0.0305654 -0.0450806 -0.0716484
v 0.0255122 -0.0481211 -0.0716484
v 0.0347335 -0.0512281 -0.0653396
v 0.0289912 -0.0546832 -0.0653396
v 0.0384944 -0.056775 -0.0582648
v 0.0321303 -0.0606041 -0.0582648
v 0.041804 -0.0616562 -0.0505068
v 0.0348927 -0.0658146 -0.0505068
v 0.0446234 -0.0658146 -0.0421568
v 0.037246 -0.0702534 -0.0421568
v 0.0469197 -0.0692013 -0.0333124
v 0.00906246 -0.0170936 0.0878958
v 0.00455795 -0.0085972 0.0894724
v 0.00716119 -0.0179732 0.0878958
v 0.00360171 -0.00903961 0.0894724
v 0.00517596 -0.0186421 0.0878958
v -5.51091e-18 6.74892e-34 0.09
v 0.00546075 -0.008054 0.0894724
v 0.0108575 -0.0160136 0.0878958
v 0.00629953 -0.00741638 0.0894724
v 0.0125252 -0.0147458 0.0878958
v 0.00706445 -0.00669181 0.0894724
v 0.0140461 -0.0133052 0.0878958
v 0.00774655 -0.00588878 0.0894724
v 0.0154023 -0.0117085 0.0878958
v 0.00833783 -0.00501671 0.0894724
v 0.0165779 -0.0099746 0.0878958
v 0.00883135 -0.00408582 0.0894724
v 0.0175592 -0.00812374 0.0878958
v 0.00922134 -0.00310703 0.0894724
v 0.0183346 -0.00617763 0.0878958
v 0.00950321 -0.00209182 0.0894724
v 0.018895 -0.00415911 0.0878958
v 0.00967367 -0.00105207 0.0894724
v 0.0192339 -0.00209182 0.0878958
v 0.00973071 0 0.0894724
v 0.0193473 0 0.0878958
v 0.00967367 0.00105207 0.0894724
v 0.0192339 0.00209182 0.0878958
v 0.00950321 0.00209182 0.0894724
v 0.018895 0.00415911 0.0878958
v 0.00922134 0.00310703 0.0894724
v 0.0183346 0.00617763 0.0878958
v 0.00883135 0.00408582 0.0894724
v 0.0175592 0.00812374 0.0878958
v 0.00833783 0.00501671 0.0894724
v 0.0165779 0.0099746 0.0878958
v 0.00774655 0.00588878 0.0894724
v 0.0244647 -0.0288021 -0.0816818
v 0.018604 -0.0219024 -0.0852888
v 0.0274354 -0.0259882 -0.0816818
v 0.020863 -0.0197625 -0.0852888
v 0.0300844 -0.0228695 -0.0816818
v 0.0228774 -0.017391 -0.0852888
v 0.0323806 -0.0194828 -0.0816818
v 0.0246236 -0.0148155 -0.0852888
v 0.0342973 -0.0158676 -0.0816818
v 0.0300386 -0.0353642 -0.0771171
v 0.0336861 -0.0319091 -0.0771171
v 0.0369386 -0.02808 -0.0771171
v 0.039758 -0.0239216 -0.0771171
v 0.0421114 -0.0194828 -0.0771171
v 0.043971 -0.0148155 -0.0771171
v 0.0352603 -0.0415117 -0.0716484
v 0.0395418 -0.037456 -0.0716484
v 0.0433597 -0.0329612 -0.0716484
v 0.0466693 -0.02808 -0.0716484
v 0.0494317 -0.0228695 -0.0716484
v 0.0516146 -0.017391 -0.0716484
v 0.0531923 -0.0117085 -0.0716484
v 0.0400686 -0.0471725 -0.0653396
v 0.044934 -0.0425637 -0.0653396
v 0.0492725 -0.037456 -0.0653396
v 0.0530334 -0.0319091 -0.0653396
v 0.0561725 -0.0259882 -0.0653396
v 0.0586531 -0.0197625 -0.0653396
v 0.0604459 -0.0133052 -0.0653396
v 0.0615301 -0.00669181 -0.0653396
v 0.0444072 -0.0522802 -0.0582648
v 0.0497994 -0.0471725 -0.0582648
v 0.0546077 -0.0415117 -0.0582648
v 0.0587758 -0.0353642 -0.0582648
v 0.0622548 -0.0288021 -0.0582648
v 0.0650039 -0.0219024 -0.0582648
v 0.0669909 -0.0147458 -0.0582648
v 0.0681925 -0.00741638 -0.0582648
v 0.0685946 0 -0.0582648
v 0.0482251 -0.056775 -0.0505068
v 0.0540809 -0.0512281 -0.0505068
v 0.0593026 -0.0450806 -0.0505068
v 0.063829 -0.0384046 -0.0505068
v 0.0676071 -0.0312784 -0.0505068
v 0.0705926 -0.0237854 -0.0505068
v 0.0727504 -0.0160136 -0.0505068
v 0.0740553 -0.008054 -0.0505068
v 0.074492 0 -0.0505068
v 0.0740553 0.008054 -0.0505068
v 0.0514776 -0.0606041 -0.0421568
v 0.0577283 -0.0546832 -0.0421568
v 0.0633022 -0.0481211 -0.0421568
v 0.0681339 -0.0409948 -0.0421568
v 0.0721668 -0.0333879 -0.0421568
v 0.0753537 -0.0253896 -0.0421568
v 0.077657 -0.0170936 -0.0421568
v 0.07905 -0.0085972 -0.0421568
v 0.0795161 0 -0.0421568
v 0.07905 0.0085972 -0.0421568
v 0.077657 0.0170936 -0.0421568
v 0.0541266 -0.0637228 -0.0333124
v 0.060699 -0.0574971 -0.0333124
v 0.0665597 -0.0505973 -0.0333124
v 0.07164 -0.0431044 -0.0333124
v 0.0758805 -0.035106 -0.0333124
v 0.0792313 -0.0266961 -0.0333124
v 0.0816532 -0.0179732 -0.0333124
v 0.0831178 -0.00903961 -0.0333124
v 0.0836079 0 -0.0333124
v 0.0831178 0.00903961 -0.0333124
v 0.0816532 0.0179732 -0.0333124
v 0.0792313 0.0266961 -0.0333124
v 0.056141 -0.0660943 -0.0240775
v 0.062958 -0.059637 -0.0240775
v 0.0690368 -0.0524804 -0.0240775
v 0.0743062 -0.0447086 -0.0240775
v 0.0787045 -0.0364126 -0.0240775
v 0.08218 -0.0276897 -0.0240775
v 0.084692 -0.0186421 -0.0240775
v 0.0862111 -0.00937603 -0.0240775
v 0.0867195 0 -0.0240775
v 0.0862111 0.00937603 -0.0240775
v 0.084692 0.0186421 -0.0240775
v 0.08218 0.0276897 -0.0240775
v 0.0787045 0.0364126 -0.0240775
v 0.0707045 -0.0537482 -0.0145604
v 0.0644788 -0.0610776 -0.0145604
v 0.0715433 -0.0543858 -0.0048725
v 0.077004 -0.0463318 -0.0048725
v 0.077004 -0.0463318 0.0048725
v 0.081562 -0.0377346 0.0048725
v 0.0806058 -0.0372922 0.0145604
v 0.0841652 -0.0283586 0.0145604
v 0.08218 -0.0276897 0.0240775
v 0.084692 -0.0186421 0.0240775
v 0.0816532 -0.0179732 0.0333124
v 0.0831178 -0.00903961 0.0333124
v 0.07905 -0.0085972 0.0421568
v 0.0795161 0 0.0421568
v 0.074492 0 0.0505068
v 0.0740553 0.008054 0.0505068
v 0.0681925 0.00741638 0.0582648
v 0.0669909 0.0147458 0.0582648
v 0.0604459 0.0133052 0.0653396
v 0.0586531 0.0197625 0.0653396
v 0.0516146 0.017391 0.0716484
v 0.0494317 0.0228695 0.0716484
v 0.0421114 0.0194828 0.0771171
v 0.039758 0.0239216 0.0771171
v 0.0323806 0.0194828 0.0816818
v 0.0300844 0.0228695 0.0816818
v 0.0228774 0.017391 0.0852888
v 0.020863 0.0197625 0.0852888
v 0.0140461 0.0133052 0.0878958
v 0.0125252 0.0147458 0.0878958
v 0.00629953 0.00741638 0.0894724
v 0.00546075 0.008054 0.0894724
v -5.51091e-18 6.74892e-34 0.09
v 0.0707045 -0.0537482 -0.0145604
v 0.0690368 -0.0524804 -0.0240775
v 0.0761012 -0.0457886 -0.0145604
v 0.0743062 -0.0447086 -0.0240775
v 0.0806058 -0.0372922 -0.0145604
v 0.0787045 -0.0364126 -0.0240775
v 0.0841652 -0.0283586 -0.0145604
v 0.08218 -0.0276897 -0.0240775
v 0.086738 -0.0190925 -0.0145604
v 0.084692 -0.0186421 -0.0240775
v 0.0882938 -0.00960252 -0.0145604
v 0.0862111 -0.00937603 -0.0240775
v 0.0888144 0 -0.0145604
v 0.0867195 0 -0.0240775
v 0.0882938 0.00960252 -0.0145604
v 0.0862111 0.00937603 -0.0240775
v 0.086738 0.0190925 -0.0145604
v 0.084692 0.0186421 -0.0240775
v 0.0841652 0.0283586 -0.0145604
v 0.08218 0.0276897 -0.0240775
v 0.0806058 0.0372922 -0.0145604
v 0.0787045 0.0364126 -0.0240775
v 0.0761012 0.0457886 -0.0145604
v 0.081562 -0.0377346 -0.0048725
v 0.077004 -0.0463318 -0.0048725
v 0.081562 -0.0377346 0.0048725
v 0.0851637 -0.028695 0.0048725
v 0.0841652 -0.0283586 0.0145604
v 0.086738 -0.0190925 0.0145604
v 0.084692 -0.0186421 0.0240775
v 0.0862111 -0.00937603 0.0240775
v 0.0831178 -0.00903961 0.0333124
v 0.0836079 0 0.0333124
v 0.0795161 0 0.0421568
v 0.07905 0.0085972 0.0421568
v 0.0740553 0.008054 0.0505068
v 0.0727504 0.0160136 0.0505068
v 0.0669909 0.0147458 0.0582648
v 0.0650039 0.0219024 0.0582648
v 0.0586531 0.0197625 0.0653396
v 0.0561725 0.0259882 0.0653396
v 0.0494317 0.0228695 0.0716484
v 0.0466693 0.02808 0.0716484
v 0.039758 0.0239216 0.0771171
v 0.0369386 0.02808 0.0771171
v 0.0300844 0.0228695 0.0816818
v 0.0274354 0.0259882 0.0816818
v 0.020863 0.0197625 0.0852888
v 0.018604 0.0219024 0.0852888
v 0.0125252 0.0147458 0.0878958
v 0.0108575 0.0160136 0.0878958
v 0.00546075 0.008054 0.0894724
v 0.00455795 0.0085972 0.0894724
v 0.081562 -0.0377346 -0.0048725
v 0.0806058 -0.0372922 -0.0145604
v 0.0851637 -0.028695 -0.0048725
v 0.0841652 -0.0283586 -0.0145604
v 0.0877669 -0.019319 -0.0048725
v 0.086738 -0.0190925 -0.0145604
v 0.0893412 -0.00971644 -0.0048725
v 0.0882938 -0.00960252 -0.0145604
v 0.089868 0 -0.0048725
v 0.0888144 0 -0.0145604
v 0.0893412 0.00971644 -0.0048725
v 0.0882938 0.00960252 -0.0145604
v 0.0877669 0.019319 -0.0048725
v 0.086738 0.0190925 -0.0145604
v 0.0851637 0.028695 -0.0048725
v 0.0841652 0.0283586 -0.0145604
v 0.081562 0.0377346 -0.0048725
v 0.0806058 0.0372922 -0.0145604
v 0.077004 0.0463318 -0.0048725
v 0.0761012 0.0457886 -0.0145604
v 0.0715433 0.0543858 -0.0048725
v 0.0272328 -0.00917581 -0.0852888
v 0.0280653 -0.00617763 -0.0852888
v 0.0369065 -0.00812374 -0.0816818
v 0.0375685 -0.00408582 -0.0816818
v 0.0461278 -0.00501671 -0.0771171
v 0.0463998 0 -0.0771171
v 0.0544657 0 -0.0716484
v 0.0541464 0.00588878 -0.0716484
v 0.0615301 0.00669181 -0.0653396
v 0.0604459 0.0133052 -0.0653396
v 0.0669909 0.0147458 -0.0582648
v 0.0650039 0.0219024 -0.0582648
v 0.0705926 0.0237854 -0.0505068
v 0.0676071 0.0312784 -0.0505068
v 0.0721668 0.0333879 -0.0421568
v 0.0681339 0.0409948 -0.0421568
v 0.07164 0.0431044 -0.0333124
v 0.0665597 0.0505973 -0.0333124
v 0.0690368 0.0524804 -0.0240775
v 0.062958 0.059637 -0.0240775
v 0.0644788 0.0610776 -0.0145604
v 0.0574972 0.067691 -0.0145604
v 0.0581793 0.068494 -0.0048725
v 0.0504328 0.0743828 -0.0048725
v 0.0504328 0.0743828 0.0048725
v 0.0420949 0.0793995 0.0048725
v 0.0416014 0.0784686 0.0145604
v 0.0328736 0.0825065 0.0145604
v 0.0320982 0.0805604 0.0240775
v 0.0231999 0.0835586 0.0240775
v 0.0223675 0.0805604 0.0333124
v 0.0135263 0.0825065 0.0333124
v 0.0128643 0.0784686 0.0421568
v 0.00430491 0.0793995 0.0421568
v 0.00403292 0.0743828 0.0505068
v -0.00403292 0.0743828 0.0505068
v -0.00371364 0.068494 0.0582648
v -0.0110974 0.067691 0.0582648
v -0.0100132 0.0610776 0.0653396
v 0.0877669 -0.019319 -0.0048725
v 0.0877669 -0.019319 0.0048725
v 0.0851637 -0.028695 -0.0048725
v 0.0851637 -0.028695 0.0048725
v 0.081562 -0.0377346 -0.0048725
v 0.086738 -0.0190925 0.0145604
v 0.0882938 -0.00960252 0.0145604
v 0.0862111 -0.00937603 0.0240775
v 0.0867195 0 0.0240775
v 0.0836079 0 0.0333124
v 0.0831178 0.00903961 0.0333124
v 0.07905 0.0085972 0.0421568
v 0.077657 0.0170936 0.0421568
v 0.0727504 0.0160136 0.0505068
v 0.0705926 0.0237854 0.0505068
v 0.0650039 0.0219024 0.0582648
v 0.0622548 0.0288021 0.0582648
v 0.0561725 0.0259882 0.0653396
v 0.0530334 0.0319091 0.0653396
v 0.0466693 0.02808 0.0716484
v 0.0433597 0.0329612 0.0716484
v 0.0369386 0.02808 0.0771171
v 0.0336861 0.0319091 0.0771171
v 0.0274354 0.0259882 0.0816818
v 0.0244647 0.0288021 0.0816818
v 0.018604 0.0219024 0.0852888
v 0.0161269 0.0237854 0.0852888
v 0.0108575 0.0160136 0.0878958
v 0.00906246 0.0170936 0.0878958
v 0.00455795 0.0085972 0.0894724
v 0.00360171 0.00903961 0.0894724
v 0.0877669 -0.019319 0.0048725
v 0.0877669 -0.019319 -0.0048725
v 0.0893412 -0.00971644 0.0048725
v 0.0893412 -0.00971644 -0.0048725
v 0.089868 0 0.0048725
v 0.089868 0 -0.0048725
v 0.0893412 0.00971644 0.0048725
v 0.0893412 0.00971644 -0.0048725
v 0.0877669 0.019319 0.0048725
v 0.0877669 0.019319 -0.0048725
v 0.0851637 0.028695 0.0048725
v 0.0851637 0.028695 -0.0048725
v 0.081562 0.0377346 0.0048725
v 0.081562 0.0377346 -0.0048725
v 0.077004 0.0463318 0.0048725
v 0.077004 0.0463318 -0.0048725
v 0.0715433 0.0543858 0.0048725
v 0.0715433 0.0543858 -0.0048725
v 0.0652438 0.0618022 0.0048725
v 0.0285687 -0.00310703 -0.0852888
v 0.03779 0 -0.0816818
v 0.0375685 -0.00408582 -0.0816818
v 0.0463998 0 -0.0771171
v 0.0541464 0.00588878 -0.0716484
v 0.0461278 0.00501671 -0.0771171
v 0.0888144 0 0.0145604
v 0.0882938 -0.00960252 0.0145604
v 0.0867195 0 0.0240775
v 0.0862111 0.00937603 0.0240775
v 0.0831178 0.00903961 0.0333124
v 0.0816532 0.0179732 0.0333124
v 0.077657 0.0170936 0.0421568
v 0.0753537 0.0253896 0.0421568
v 0.0705926 0.0237854 0.0505068
v 0.0676071 0.0312784 0.0505068
v 0.0622548 0.0288021 0.0582648
v 0.0587758 0.0353642 0.0582648
v 0.0530334 0.0319091 0.0653396
v 0.0492725 0.037456 0.0653396
v 0.0433597 0.0329612 0.0716484
v 0.0395418 0.037456 0.0716484
v 0.0336861 0.0319091 0.0771171
v 0.0300386 0.0353642 0.0771171
v 0.0244647 0.0288021 0.0816818
v 0.0212073 0.0312784 0.0816818
v 0.0161269 0.0237854 0.0852888
v 0.0134607 0.0253896 0.0852888
v 0.00906246 0.0170936 0.0878958
v 0.00716119 0.0179732 0.0878958
v 0.00360171 0.00903961 0.0894724
v 0.00260324 0.00937603 0.0894724
v 0.089868 0 0.0048725
v 0.0882938 0.00960252 0.0145604
v 0.0893412 0.00971644 0.0048725
v 0.086738 0.0190925 0.0145604
v 0.0877669 0.019319 0.0048725
v 0.0841652 0.0283586 0.0145604
v 0.0851637 0.028695 0.0048725
v 0.0806058 0.0372922 0.0145604
v 0.081562 0.0377346 0.0048725
v 0.0761012 0.0457886 0.0145604
v 0.077004 0.0463318 0.0048725
v 0.0707045 0.0537482 0.0145604
v 0.0715433 0.0543858 0.0048725
v 0.0644788 0.0610776 0.0145604
v 0.0652438 0.0618022 0.0048725
v 0.0574972 0.067691 0.0145604
v 0.0280653 -0.00617763 -0.0852888
v 0.0285687 -0.00310703 -0.0852888
v 0.0375685 -0.00408582 -0.0816818
v 0.0604459 0.0133052 -0.0653396
v 0.0541464 0.00588878 -0.0716484
v 0.0531923 0.0117085 -0.0716484
v 0.0461278 0.00501671 -0.0771171
v 0.0888144 0 0.0145604
v 0.0862111 0.00937603 0.0240775
v 0.084692 0.0186421 0.0240775
v 0.0816532 0.0179732 0.0333124
v 0.0792313 0.0266961 0.0333124
v 0.0753537 0.0253896 0.0421568
v 0.0721668 0.0333879 0.0421568
v 0.0676071 0.0312784 0.0505068
v 0.063829 0.0384046 0.0505068
v 0.0587758 0.0353642 0.0582648
v 0.0546077 0.0415117 0.0582648
v 0.0492725 0.037456 0.0653396
v 0.044934 0.0425637 0.0653396
v 0.0395418 0.037456 0.0716484
v 0.0352603 0.0415117 0.0716484
v 0.0300386 0.0353642 0.0771171
v 0.026039 0.0384046 0.0771171
v 0.0212073 0.0312784 0.0816818
v 0.0177012 0.0333879 0.0816818
v 0.0134607 0.0253896 0.0852888
v 0.0106367 0.0266961 0.0852888
v 0.00716119 0.0179732 0.0878958
v 0.00517596 0.0186421 0.0878958
v 0.00260324 0.00937603 0.0894724
v 0.00157425 0.00960252 0.0894724
v 0.0882938 0.00960252 0.0145604
v 0.086738 0.0190925 0.0145604
v 0.0280653 0.00617763 -0.0852888
v 0.0272328 0.00917581 -0.0852888
v 0.0358118 0.0120664 -0.0816818
v 0.0342973 0.0158676 -0.0816818
v 0.0421114 0.0194828 -0.0771171
v 0.039758 0.0239216 -0.0771171
v 0.0466693 0.02808 -0.0716484
v 0.0433597 0.0329612 -0.0716484
v 0.0492725 0.037456 -0.0653396
v 0.044934 0.0425637 -0.0653396
v 0.0497994 0.0471725 -0.0582648
v 0.0444072 0.0522802 -0.0582648
v 0.0482251 0.056775 -0.0505068
v 0.041804 0.0616562 -0.0505068
v 0.0446234 0.0658146 -0.0421568
v 0.037246 0.0702534 -0.0421568
v 0.0391626 0.0738686 -0.0333124
v 0.0309465 0.0776698 -0.0333124
v 0.0320982 0.0805604 -0.0240775
v 0.0231999 0.0835586 -0.0240775
v 0.0237604 0.0855771 -0.0145604
v 0.0197903 0.0844311 -0.0240775
v 0.0200557 0.0865203 -0.0145604
v 0.0140297 0.0855771 -0.0240775
v 0.0604459 0.0133052 -0.0653396
v 0.0531923 0.0117085 -0.0716484
v 0.0586531 0.0197625 -0.0653396
v 0.0650039 0.0219024 -0.0582648
v 0.0622548 0.0288021 -0.0582648
v 0.0676071 0.0312784 -0.0505068
v 0.063829 0.0384046 -0.0505068
v 0.0681339 0.0409948 -0.0421568
v 0.0633022 0.0481211 -0.0421568
v 0.0665597 0.0505973 -0.0333124
v 0.060699 0.0574971 -0.0333124
v 0.062958 0.059637 -0.0240775
v 0.056141 0.0660943 -0.0240775
v 0.0574972 0.067691 -0.0145604
v 0.0498415 0.0735107 -0.0145604
v 0.0504328 0.0743828 -0.0048725
v 0.0420949 0.0793995 -0.0048725
v 0.0420949 0.0793995 0.0048725
v 0.0332636 0.0834853 0.0048725
v 0.0328736 0.0825065 0.0145604
v 0.0237604 0.0855771 0.0145604
v 0.0231999 0.0835586 0.0240775
v 0.0140297 0.0855771 0.0240775
v 0.0135263 0.0825065 0.0333124
v 0.00452644 0.0834853 0.0333124
v 0.00430491 0.0793995 0.0421568
v -0.00430491 0.0793995 0.0421568
v -0.00403292 0.0743828 0.0505068
v -0.0120515 0.0735107 0.0505068
v -0.0110974 0.067691 0.0582648
v 0.084692 0.0186421 0.0240775
v 0.086738 0.0190925 0.0145604
v 0.08218 0.0276897 0.0240775
v 0.0841652 0.0283586 0.0145604
v 0.0787045 0.0364126 0.0240775
v 0.0806058 0.0372922 0.0145604
v 0.0743062 0.0447086 0.0240775
v 0.0761012 0.0457886 0.0145604
v 0.0690368 0.0524804 0.0240775
v 0.0707045 0.0537482 0.0145604
v 0.062958 0.059637 0.0240775
v 0.0644788 0.0610776 0.0145604
v 0.056141 0.0660943 0.0240775
v 0.0574972 0.067691 0.0145604
v 0.0486659 0.0717768 0.0240775
v 0.0792313 0.0266961 0.0333124
v 0.0758805 0.035106 0.0333124
v 0.0721668 0.0333879 0.0421568
v 0.0681339 0.0409948 0.0421568
v 0.063829 0.0384046 0.0505068
v 0.0593026 0.0450806 0.0505068
v 0.0546077 0.0415117 0.0582648
v 0.0497994 0.0471725 0.0582648
v 0.044934 0.0425637 0.0653396
v 0.0400686 0.0471725 0.0653396
v 0.0352603 0.0415117 0.0716484
v 0.0305654 0.0450806 0.0716484
v 0.026039 0.0384046 0.0771171
v 0.0217341 0.0409948 0.0771171
v 0.0177012 0.0333879 0.0816818
v 0.0139875 0.035106 0.0816818
v 0.0106367 0.0266961 0.0852888
v 0.007688 0.0276897 0.0852888
v 0.00517596 0.0186421 0.0878958
v 0.00313005 0.0190925 0.0878958
v 0.00157425 0.00960252 0.0894724
v 0.00052681 0.00971644 0.0894724
v 0.08218 0.0276897 0.0240775
v 0.0787045 0.0364126 0.0240775
v 0.07164 0.0431044 0.0333124
v 0.0743062 0.0447086 0.0240775
v 0.0665597 0.0505973 0.0333124
v 0.0690368 0.0524804 0.0240775
v 0.060699 0.0574971 0.0333124
v 0.062958 0.059637 0.0240775
v 0.0541266 0.0637228 0.0333124
v 0.056141 0.0660943 0.0240775
v 0.0469197 0.0692013 0.0333124
v 0.0486659 0.0717768 0.0240775
v 0.0391626 0.0738686 0.0333124
v 0.0758805 0.035106 0.0333124
v 0.0681339 0.0409948 0.0421568
v 0.0633022 0.0481211 0.0421568
v 0.0593026 0.0450806 0.0505068
v 0.0540809 0.0512281 0.0505068
v 0.0497994 0.0471725 0.0582648
v 0.0444072 0.0522802 0.0582648
v 0.0400686 0.0471725 0.0653396
v 0.0347335 0.0512281 0.0653396
v 0.0305654 0.0450806 0.0716484
v 0.0255122 0.0481211 0.0716484
v 0.0217341 0.0409948 0.0771171
v 0.0171744 0.0431044 0.0771171
v 0.0139875 0.035106 0.0816818
v 0.0101099 0.0364126 0.0816818
v 0.007688 0.0276897 0.0852888
v 0.00464915 0.0283586 0.0852888
v 0.00313005 0.0190925 0.0878958
v 0.00104744 0.019319 0.0878958
v 0.00052681 0.00971644 0.0894724
v -0.00052681 0.00971644 0.0894724
v 0.07164 0.0431044 0.0333124
v 0.0665597 0.0505973 0.0333124
v 0.020863 0.0197625 -0.0852888
v 0.0274354 0.0259882 -0.0816818
v 0.0228774 0.017391 -0.0852888
v 0.0300844 0.0228695 -0.0816818
v 0.0246236 0.0148155 -0.0852888
v 0.0336861 0.0319091 -0.0771171
v 0.0300386 0.0353642 -0.0771171
v 0.0352603 0.0415117 -0.0716484
v 0.0305654 0.0450806 -0.0716484
v 0.0347335 0.0512281 -0.0653396
v 0.0289912 0.0546832 -0.0653396
v 0.0321303 0.0606041 -0.0582648
v 0.0253895 0.0637228 -0.0582648
v 0.0275723 0.0692013 -0.0505068
v 0.0199287 0.0717768 -0.0505068
v 0.0212728 0.0766177 -0.0421568
v 0.0175343 0.0723989 -0.0505068
v 0.0185269 0.0773276 -0.0421568
v 0.0120515 0.0735107 -0.0505068
v 0.0128643 0.0784686 -0.0421568
v 0.00430491 0.0793995 -0.0421568
v 0.00452644 0.0834853 -0.0333124
v -0.00452644 0.0834853 -0.0333124
v -0.0046949 0.0865923 -0.0240775
v -0.0140297 0.0855771 -0.0240775
v 0.0244647 0.0288021 -0.0816818
v 0.018604 0.0219024 -0.0852888
v 0.0212073 0.0312784 -0.0816818
v 0.0633022 0.0481211 0.0421568
v 0.0665597 0.0505973 0.0333124
v 0.0577283 0.0546832 0.0421568
v 0.060699 0.0574971 0.0333124
v 0.0514776 0.0606041 0.0421568
v 0.0541266 0.0637228 0.0333124
v 0.0446234 0.0658146 0.0421568
v 0.0469197 0.0692013 0.0333124
v 0.037246 0.0702534 0.0421568
v 0.0391626 0.0738686 0.0333124
v 0.0294319 0.0738686 0.0421568
v 0.0540809 0.0512281 0.0505068
v 0.0482251 0.056775 0.0505068
v 0.0444072 0.0522802 0.0582648
v 0.0384944 0.056775 0.0582648
v 0.0347335 0.0512281 0.0653396
v 0.0289912 0.0546832 0.0653396
v 0.0255122 0.0481211 0.0716484
v 0.0201598 0.0505973 0.0716484
v 0.0171744 0.0431044 0.0771171
v 0.0124133 0.0447086 0.0771171
v 0.0101099 0.0364126 0.0816818
v 0.00611374 0.0372922 0.0816818
v 0.00464915 0.0283586 0.0852888
v 0.0015558 0.028695 0.0852888
v 0.00104744 0.019319 0.0878958
v -0.00104744 0.019319 0.0878958
v -0.00052681 0.00971644 0.0894724
v -0.00157425 0.00960252 0.0894724
v 0.0212073 0.0312784 -0.0816818
v 0.026039 0.0384046 -0.0771171
v 0.0244647 0.0288021 -0.0816818
v 0.0300386 0.0353642 -0.0771171
v 0.0274354 0.0259882 -0.0816818
v 0.0305654 0.0450806 -0.0716484
v 0.0255122 0.0481211 -0.0716484
v 0.0289912 0.0546832 -0.0653396
v 0.0229089 0.0574971 -0.0653396
v 0.0253895 0.0637228 -0.0582648
v 0.018351 0.0660943 -0.0582648
v 0.0199287 0.0717768 -0.0505068
v 0.01631 0.0666273 -0.0582648
v 0.0175343 0.0723989 -0.0505068
v 0.0110974 0.067691 -0.0582648
v 0.0120515 0.0735107 -0.0505068
v 0.00403292 0.0743828 -0.0505068
v 0.00430491 0.0793995 -0.0421568
v -0.00430491 0.0793995 -0.0421568
v -0.00452644 0.0834853 -0.0333124
v -0.0135263 0.0825065 -0.0333124
v -0.0140297 0.0855771 -0.0240775
v -0.0231999 0.0835586 -0.0240775
v -0.0237604 0.0855771 -0.0145604
v -0.0328736 0.0825065 -0.0145604
v -0.0332636 0.0834853 -0.0048725
v -0.0420949 0.0793995 -0.0048725
v -0.0420949 0.0793995 0.0048725
v -0.0504328 0.0743828 0.0048725
v -0.0498415 0.0735107 0.0145604
v -0.0574972 0.067691 0.0145604
v -0.056141 0.0660943 0.0240775
v -0.062958 0.059637 0.0240775
v -0.060699 0.0574971 0.0333124
v -0.0665597 0.0505973 0.0333124
v -0.0633022 0.0481211 0.0421568
v -0.0681339 0.0409948 0.0421568
v -0.063829 0.0384046 0.0505068
v -0.0676071 0.0312784 0.0505068
v -0.0622548 0.0288021 0.0582648
v -0.0650039 0.0219024 0.0582648
v -0.0586531 0.0197625 0.0653396
v -0.0604459 0.0133052 0.0653396
v -0.0531923 0.0117085 0.0716484
v -0.0541464 0.00588878 0.0716484
v -0.0461278 0.00501671 0.0771171
v 0.0255122 0.0481211 -0.0716484
v 0.026039 0.0384046 -0.0771171
v 0.0217341 0.0409948 -0.0771171
v 0.0212073 0.0312784 -0.0816818
v 0.0482251 0.056775 0.0505068
v 0.0514776 0.0606041 0.0421568
v 0.041804 0.0616562 0.0505068
v 0.0446234 0.0658146 0.0421568
v 0.0348927 0.0658146 0.0505068
v 0.037246 0.0702534 0.0421568
v 0.0275723 0.0692013 0.0505068
v 0.0294319 0.0738686 0.0421568
v 0.0199287 0.0717768 0.0505068
v 0.0384944 0.056775 0.0582648
v 0.0321303 0.0606041 0.0582648
v 0.0289912 0.0546832 0.0653396
v 0.0229089 0.0574971 0.0653396
v 0.0201598 0.0505973 0.0716484
v 0.0145711 0.0524804 0.0716484
v 0.0124133 0.0447086 0.0771171
v 0.00750666 0.0457886 0.0771171
v 0.00611374 0.0372922 0.0816818
v 0.00204591 0.0377346 0.0816818
v 0.0015558 0.028695 0.0852888
v -0.0015558 0.028695 0.0852888
v -0.00104744 0.019319 0.0878958
v -0.00313005 0.0190925 0.0878958
v -0.00157425 0.00960252 0.0894724
v -0.00260324 0.00937603 0.0894724
v 0.0134607 0.0253896 -0.0852888
v 0.0106367 0.0266961 -0.0852888
v 0.0139875 0.035106 -0.0816818
v 0.0101099 0.0364126 -0.0816818
v 0.0124133 0.0447086 -0.0771171
v 0.007688 0.0276897 -0.0852888
v 0.0255122 0.0481211 -0.0716484
v 0.0217341 0.0409948 -0.0771171
v 0.0201598 0.0505973 -0.0716484
v 0.0229089 0.0574971 -0.0653396
v 0.0165581 0.059637 -0.0653396
v 0.018351 0.0660943 -0.0582648
v 0.0148643 0.0600815 -0.0653396
v 0.01631 0.0666273 -0.0582648
v 0.0100132 0.0610776 -0.0653396
v 0.0110974 0.067691 -0.0582648
v 0.00371364 0.068494 -0.0582648
v 0.00403292 0.0743828 -0.0505068
v -0.00403292 0.0743828 -0.0505068
v -0.00430491 0.0793995 -0.0421568
v -0.0128643 0.0784686 -0.0421568
v -0.0135263 0.0825065 -0.0333124
v -0.0223675 0.0805604 -0.0333124
v -0.0231999 0.0835586 -0.0240775
v -0.0320982 0.0805604 -0.0240775
v -0.0328736 0.0825065 -0.0145604
v -0.0416014 0.0784686 -0.0145604
v -0.0420949 0.0793995 -0.0048725
v -0.0504328 0.0743828 -0.0048725
v -0.0504328 0.0743828 0.0048725
v -0.0581793 0.068494 0.0048725
v -0.0574972 0.067691 0.0145604
v -0.0644788 0.0610776 0.0145604
v -0.062958 0.059637 0.0240775
v -0.0690368 0.0524804 0.0240775
v -0.0665597 0.0505973 0.0333124
v -0.07164 0.0431044 0.0333124
v -0.0681339 0.0409948 0.0421568
v -0.0721668 0.0333879 0.0421568
v -0.0676071 0.0312784 0.0505068
v -0.0705926 0.0237854 0.0505068
v -0.0650039 0.0219024 0.0582648
v -0.0669909 0.0147458 0.0582648
v -0.0604459 0.0133052 0.0653396
v -0.0615301 0.00669181 0.0653396
v -0.0541464 0.00588878 0.0716484
v 0.0321303 0.0606041 0.0582648
v 0.0348927 0.0658146 0.0505068
v 0.0253895 0.0637228 0.0582648
v 0.0275723 0.0692013 0.0505068
v 0.018351 0.0660943 0.0582648
v 0.0199287 0.0717768 0.0505068
v 0.0110974 0.067691 0.0582648
v 0.0229089 0.0574971 0.0653396
v 0.0165581 0.059637 0.0653396
v 0.0145711 0.0524804 0.0716484
v 0.00881157 0.0537482 0.0716484
v 0.00750666 0.0457886 0.0771171
v 0.00251204 0.0463318 0.0771171
v 0.00204591 0.0377346 0.0816818
v -0.00204591 0.0377346 0.0816818
v -0.0015558 0.028695 0.0852888
v -0.00464915 0.0283586 0.0852888
v -0.00313005 0.0190925 0.0878958
v -0.00517596 0.0186421 0.0878958
v -0.00260324 0.00937603 0.0894724
v -0.00360171 0.00903961 0.0894724
v 0.0113648 0.0449865 -0.0771171
v 0.00934604 0.0366161 -0.0816818
v 0.00611374 0.0372922 -0.0816818
v 0.00464915 0.0283586 -0.0852888
v 0.00204591 0.0377346 -0.0816818
v 0.0015558 0.028695 -0.0852888
v -0.00204591 0.0377346 -0.0816818
v 0.00750666 0.0457886 -0.0771171
v 0.00251204 0.0463318 -0.0771171
v 0.00294871 0.0543858 -0.0716484
v -0.00294871 0.0543858 -0.0716484
v -0.00335082 0.0618022 -0.0653396
v -0.0100132 0.0610776 -0.0653396
v -0.0110974 0.067691 -0.0582648
v -0.018351 0.0660943 -0.0582648
v -0.0199287 0.0717768 -0.0505068
v -0.0275723 0.0692013 -0.0505068
v -0.0294319 0.0738686 -0.0421568
v -0.037246 0.0702534 -0.0421568
v -0.0391626 0.0738686 -0.0333124
v -0.0469197 0.0692013 -0.0333124
v -0.0486659 0.0717768 -0.0240775
v -0.056141 0.0660943 -0.0240775
v -0.0574972 0.067691 -0.0145604
v -0.0644788 0.0610776 -0.0145604
v -0.0652438 0.0618022 -0.0048725
v -0.0715433 0.0543858 -0.0048725
v -0.0715433 0.0543858 0.0048725
v -0.077004 0.0463318 0.0048725
v -0.0761012 0.0457886 0.0145604
v -0.0806058 0.0372922 0.0145604
v -0.0787045 0.0364126 0.0240775
v -0.08218 0.0276897 0.0240775
v -0.0792313 0.0266961 0.0333124
v -0.0816532 0.0179732 0.0333124
v -0.077657 0.0170936 0.0421568
v -0.07905 0.0085972 0.0421568
v -0.0740553 0.008054 0.0505068
v 0.00251204 0.0463318 -0.0771171
v 0.00611374 0.0372922 -0.0816818
v 0.00204591 0.0377346 -0.0816818
v 0.0200557 0.0865203 -0.0145604
v 0.0180194 0.0877496 -0.00867767
v 0.0237604 0.0855771 -0.0145604
v 0.00934604 0.0366161 -0.0816818
v 0.00717556 0.0278269 -0.0852888
v 0.00464915 0.0283586 -0.0852888
v -0.00251204 0.0463318 -0.0771171
v -0.00204591 0.0377346 -0.0816818
v -0.00750666 0.0457886 -0.0771171
v -0.00294871 0.0543858 -0.0716484
v -0.00881157 0.0537482 -0.0716484
v -0.0100132 0.0610776 -0.0653396
v -0.0165581 0.059637 -0.0653396
v -0.018351 0.0660943 -0.0582648
v -0.0253895 0.0637228 -0.0582648
v -0.0275723 0.0692013 -0.0505068
v -0.0348927 0.0658146 -0.0505068
v -0.037246 0.0702534 -0.0421568
v -0.0446234 0.0658146 -0.0421568
v -0.0469197 0.0692013 -0.0333124
v -0.0541266 0.0637228 -0.0333124
v -0.056141 0.0660943 -0.0240775
v -0.062958 0.059637 -0.0240775
v -0.0644788 0.0610776 -0.0145604
v -0.0707045 0.0537482 -0.0145604
v -0.0715433 0.0543858 -0.0048725
v -0.077004 0.0463318 -0.0048725
v -0.077004 0.0463318 0.0048725
v -0.081562 0.0377346 0.0048725
v -0.0806058 0.0372922 0.0145604
v -0.0841652 0.0283586 0.0145604
v -0.08218 0.0276897 0.0240775
v -0.084692 0.0186421 0.0240775
v -0.0816532 0.0179732 0.0333124
v -0.0831178 0.00903961 0.0333124
v -0.07905 0.0085972 0.0421568
v -0.00251204 0.0463318 -0.0771171
v -0.00750666 0.0457886 -0.0771171
v -0.00881157 0.0537482 -0.0716484
v -0.0145711 0.0524804 -0.0716484
v -0.0237604 0.0855771 -0.0145604
v -0.0143686 0.0876444 -0.0145604
v -0.0140297 0.0855771 -0.0240775
v -0.0106367 0.0266961 -0.0852888
v -0.0139875 0.035106 -0.0816818
v -0.007688 0.0276897 -0.0852888
v -0.0101099 0.0364126 -0.0816818
v -0.00464915 0.0283586 -0.0852888
v -0.0171744 0.0431044 -0.0771171
v -0.0217341 0.0409948 -0.0771171
v -0.0255122 0.0481211 -0.0716484
v -0.0305654 0.0450806 -0.0716484
v -0.0347335 0.0512281 -0.0653396
v -0.0400686 0.0471725 -0.0653396
v -0.0444072 0.0522802 -0.0582648
v -0.0497994 0.0471725 -0.0582648
v -0.0540809 0.0512281 -0.0505068
v -0.0593026 0.0450806 -0.0505068
v -0.0633022 0.0481211 -0.0421568
v -0.0681339 0.0409948 -0.0421568
v -0.07164 0.0431044 -0.0333124
v -0.0758805 0.035106 -0.0333124
v -0.0787045 0.0364126 -0.0240775
v -0.08218 0.0276897 -0.0240775
v -0.0841652 0.0283586 -0.0145604
v -0.086738 0.0190925 -0.0145604
v -0.0877669 0.019319 -0.0048725
v -0.0893412 0.00971644 -0.0048725
v -0.0893412 0.00971644 0.0048725
v -0.0177012 0.0333879 -0.0816818
v -0.0165581 0.059637 -0.0653396
v -0.0145711 0.0524804 -0.0716484
v -0.0229089 0.0574971 -0.0653396
v -0.0253895 0.0637228 -0.0582648
v -0.0321303 0.0606041 -0.0582648
v -0.0348927 0.0658146 -0.0505068
v -0.041804 0.0616562 -0.0505068
v -0.0446234 0.0658146 -0.0421568
v -0.0514776 0.0606041 -0.0421568
v -0.0541266 0.0637228 -0.0333124
v -0.060699 0.0574971 -0.0333124
v -0.062958 0.059637 -0.0240775
v -0.0690368 0.0524804 -0.0240775
v -0.0707045 0.0537482 -0.0145604
v -0.0761012 0.0457886 -0.0145604
v -0.077004 0.0463318 -0.0048725
v -0.081562 0.0377346 -0.0048725
v -0.081562 0.0377346 0.0048725
v -0.0851637 0.028695 0.0048725
v -0.0841652 0.0283586 0.0145604
v -0.086738 0.0190925 0.0145604
v -0.084692 0.0186421 0.0240775
v -0.0862111 0.00937603 0.0240775
v -0.0831178 0.00903961 0.0333124
v -0.0237604 0.0855771 0.0145604
v -0.0240422 0.0865923 0.0048725
v -0.0328736 0.0825065 0.0145604
v -0.0332636 0.0834853 0.0048725
v -0.0416014 0.0784686 0.0145604
v -0.0231999 0.0835586 0.0240775
v -0.0320982 0.0805604 0.0240775
v -0.0406201 0.0766177 0.0240775
v -0.0486659 0.0717768 0.0240775
v -0.0223675 0.0805604 0.0333124
v -0.0309465 0.0776698 0.0333124
v -0.0391626 0.0738686 0.0333124
v -0.0469197 0.0692013 0.0333124
v -0.0541266 0.0637228 0.0333124
v -0.0212728 0.0766177 0.0421568
v -0.0294319 0.0738686 0.0421568
v -0.037246 0.0702534 0.0421568
v -0.0446234 0.0658146 0.0421568
v -0.0514776 0.0606041 0.0421568
v -0.0577283 0.0546832 0.0421568
v -0.0199287 0.0717768 0.0505068
v -0.0275723 0.0692013 0.0505068
v -0.0348927 0.0658146 0.0505068
v -0.041804 0.0616562 0.0505068
v -0.0482251 0.056775 0.0505068
v -0.0540809 0.0512281 0.0505068
v -0.0593026 0.0450806 0.0505068
v -0.018351 0.0660943 0.0582648
v -0.0253895 0.0637228 0.0582648
v -0.0321303 0.0606041 0.0582648
v -0.0384944 0.056775 0.0582648
v -0.0444072 0.0522802 0.0582648
v -0.0497994 0.0471725 0.0582648
v -0.0546077 0.0415117 0.0582648
v -0.0587758 0.0353642 0.0582648
v -0.0165581 0.059637 0.0653396
v -0.0229089 0.0574971 0.0653396
v -0.0289912 0.0546832 0.0653396
v -0.0347335 0.0512281 0.0653396
v -0.0400686 0.0471725 0.0653396
v -0.044934 0.0425637 0.0653396
v -0.0492725 0.037456 0.0653396
v -0.0530334 0.0319091 0.0653396
v -0.0561725 0.0259882 0.0653396
v -0.0145711 0.0524804 0.0716484
v -0.0201598 0.0505973 0.0716484
v -0.0255122 0.0481211 0.0716484
v -0.0305654 0.0450806 0.0716484
v -0.0352603 0.0415117 0.0716484
v -0.0395418 0.037456 0.0716484
v -0.0433597 0.0329612 0.0716484
v -0.0466693 0.02808 0.0716484
v -0.0494317 0.0228695 0.0716484
v -0.0516146 0.017391 0.0716484
v -0.0171744 0.0431044 0.0771171
v -0.0217341 0.0409948 0.0771171
v -0.0177012 0.0333879 0.0816818
v -0.0212073 0.0312784 0.0816818
v -0.0161269 0.0237854 0.0852888
v -0.018604 0.0219024 0.0852888
v -0.0125252 0.0147458 0.0878958
v -0.0140461 0.0133052 0.0878958
v -0.00706445 0.00669181 0.0894724
v -0.00774655 0.00588878 0.0894724
v -0.0106367 0.0266961 0.0852888
v -0.00716119 0.0179732 0.0878958
v -0.007688 0.0276897 0.0852888
v -0.00517596 0.0186421 0.0878958
v -0.00464915 0.0283586 0.0852888
v -0.00455795 0.0085972 0.0894724
v -0.00360171 0.00903961 0.0894724
v -0.00906246 0.0170936 0.0878958
v -0.0101099 0.0364126 0.0816818
v -0.00611374 0.0372922 0.0816818
v -0.00750666 0.0457886 0.0771171
v -0.00251204 0.0463318 0.0771171
v -0.00294871 0.0543858 0.0716484
v 0.00294871 0.0543858 0.0716484
v 0.00335082 0.0618022 0.0653396
v 0.0100132 0.0610776 0.0653396
v 0.0110974 0.067691 0.0582648
v 0.018351 0.0660943 0.0582648
v -0.0217341 0.0409948 -0.0771171
v -0.0177012 0.0333879 -0.0816818
v -0.026039 0.0384046 -0.0771171
v -0.0305654 0.0450806 -0.0716484
v -0.0352603 0.0415117 -0.0716484
v -0.0400686 0.0471725 -0.0653396
v -0.044934 0.0425637 -0.0653396
v -0.0497994 0.0471725 -0.0582648
v -0.0546077 0.0415117 -0.0582648
v -0.0593026 0.0450806 -0.0505068
v -0.063829 0.0384046 -0.0505068
v -0.0681339 0.0409948 -0.0421568
v -0.0721668 0.0333879 -0.0421568
v -0.0758805 0.035106 -0.0333124
v -0.0792313 0.0266961 -0.0333124
v -0.08218 0.0276897 -0.0240775
v -0.084692 0.0186421 -0.0240775
v -0.086738 0.0190925 -0.0145604
v -0.0882938 0.00960252 -0.0145604
v -0.0893412 0.00971644 -0.0048725
v -0.0217341 0.0409948 0.0771171
v -0.0255122 0.0481211 0.0716484
v -0.026039 0.0384046 0.0771171
v -0.0305654 0.0450806 0.0716484
v -0.0300386 0.0353642 0.0771171
v -0.0352603 0.0415117 0.0716484
v -0.0336861 0.0319091 0.0771171
v -0.0395418 0.037456 0.0716484
v -0.0369386 0.02808 0.0771171
v -0.0433597 0.0329612 0.0716484
v -0.039758 0.0239216 0.0771171
v -0.0466693 0.02808 0.0716484
v -0.0421114 0.0194828 0.0771171
v -0.0494317 0.0228695 0.0716484
v -0.043971 0.0148155 0.0771171
v -0.0516146 0.017391 0.0716484
v -0.045315 0.0099746 0.0771171
v -0.0212073 0.0312784 0.0816818
v -0.0244647 0.0288021 0.0816818
v -0.018604 0.0219024 0.0852888
v -0.020863 0.0197625 0.0852888
v -0.0140461 0.0133052 0.0878958
v -0.0154023 0.0117085 0.0878958
v -0.00774655 0.00588878 0.0894724
v -0.00833783 0.00501671 0.0894724
v -0.00455795 0.0085972 0.0894724
v -0.00906246 0.0170936 0.0878958
v -0.00546075 0.008054 0.0894724
v -0.020863 0.0197625 -0.0852888
v -0.0274354 0.0259882 -0.0816818
v -0.018604 0.0219024 -0.0852888
v -0.0244647 0.0288021 -0.0816818
v -0.0161269 0.0237854 -0.0852888
v -0.0336861 0.0319091 -0.0771171
v -0.0369386 0.02808 -0.0771171
v -0.0433597 0.0329612 -0.0716484
v -0.0466693 0.02808 -0.0716484
v -0.0530334 0.0319091 -0.0653396
v -0.0561725 0.0259882 -0.0653396
v -0.0622548 0.0288021 -0.0582648
v -0.0650039 0.0219024 -0.0582648
v -0.0705926 0.0237854 -0.0505068
v -0.0727504 0.0160136 -0.0505068
v -0.077657 0.0170936 -0.0421568
v -0.07905 0.0085972 -0.0421568
v -0.0831178 0.00903961 -0.0333124
v -0.0300844 0.0228695 -0.0816818
v -0.0228774 0.017391 -0.0852888
v -0.0323806 0.0194828 -0.0816818
v -0.0244647 0.0288021 0.0816818
v -0.0300386 0.0353642 0.0771171
v -0.0274354 0.0259882 0.0816818
v -0.0336861 0.0319091 0.0771171
v -0.0300844 0.0228695 0.0816818
v -0.0369386 0.02808 0.0771171
v -0.0323806 0.0194828 0.0816818
v -0.039758 0.0239216 0.0771171
v -0.0342973 0.0158676 0.0816818
v -0.0421114 0.0194828 0.0771171
v -0.0358118 0.0120664 0.0816818
v -0.043971 0.0148155 0.0771171
v -0.0369065 0.00812374 0.0816818
v -0.045315 0.0099746 0.0771171
v -0.0375685 0.00408582 0.0816818
v -0.020863 0.0197625 0.0852888
v -0.0228774 0.017391 0.0852888
v -0.0154023 0.0117085 0.0878958
v -0.0165779 0.0099746 0.0878958
v -0.00833783 0.00501671 0.0894724
v -0.00883135 0.00408582 0.0894724
v -0.039758 0.0239216 -0.0771171
v -0.0369386 0.02808 -0.0771171
v -0.0274354 0.0259882 -0.0816818
v -0.0466693 0.02808 -0.0716484
v -0.0494317 0.0228695 -0.0716484
v -0.0561725 0.0259882 -0.0653396
v -0.0586531 0.0197625 -0.0653396
v -0.0650039 0.0219024 -0.0582648
v -0.0669909 0.0147458 -0.0582648
v -0.0727504 0.0160136 -0.0505068
v -0.0740553 0.008054 -0.0505068
v -0.07905 0.0085972 -0.0421568
v -0.0421114 0.0194828 -0.0771171
v -0.0323806 0.0194828 -0.0816818
v -0.0300844 0.0228695 0.0816818
v -0.0246236 0.0148155 0.0852888
v -0.0323806 0.0194828 0.0816818
v -0.0260811 0.0120664 0.0852888
v -0.0342973 0.0158676 0.0816818
v -0.0272328 0.00917581 0.0852888
v -0.0358118 0.0120664 0.0816818
v -0.0280653 0.00617763 0.0852888
v -0.0369065 0.00812374 0.0816818
v -0.0285687 0.00310703 0.0852888
v -0.0375685 0.00408582 0.0816818
v -0.0228774 0.017391 0.0852888
v -0.0165779 0.0099746 0.0878958
v -0.0175592 0.00812374 0.0878958
v -0.00883135 0.00408582 0.0894724
v -0.00922134 0.00310703 0.0894724
v -0.0260811 0.0120664 -0.0852888
v -0.0272328 0.00917581 -0.0852888
v -0.0358118 0.0120664 -0.0816818
v -0.0369065 0.00812374 -0.0816818
v -0.045315 0.0099746 -0.0771171
v -0.0461278 0.00501671 -0.0771171
v -0.0541464 0.00588878 -0.0716484
v -0.0494317 0.0228695 -0.0716484
v -0.0516146 0.017391 -0.0716484
v -0.0586531 0.0197625 -0.0653396
v -0.0604459 0.0133052 -0.0653396
v -0.0669909 0.0147458 -0.0582648
v -0.0681925 0.00741638 -0.0582648
v -0.0740553 0.008054 -0.0505068
v -0.0183346 0.00617763 0.0878958
v -0.0260811 0.0120664 0.0852888
v -0.018895 0.00415911 0.0878958
v -0.0272328 0.00917581 0.0852888
v -0.0192339 0.00209182 0.0878958
v -0.0280653 0.00617763 0.0852888
v -0.00950321 0.00209182 0.0894724
v -0.0280653 0.00617763 -0.0852888
v -0.0375685 0.00408582 -0.0816818
v -0.00967367 0.00105207 0.0894724
v 0.00881157 0.0537482 0.0716484
v 0.0165581 0.059637 0.0653396
v 0.0100132 0.0610776 0.0653396
v 0.018351 0.0660943 0.0582648
v 0.0143686 0.0876444 0.0145604
v 0.0140297 0.0855771 0.0240775
v 0.0237604 0.0855771 0.0145604
v 0.00251204 0.0463318 0.0771171
v 0.00294871 0.0543858 0.0716484
v 0.0046949 0.0865923 0.0240775
v 0.00452644 0.0834853 0.0333124
v -0.00452644 0.0834853 0.0333124
v -0.00430491 0.0793995 0.0421568
v -0.0128643 0.0784686 0.0421568
v -0.0120515 0.0735107 0.0505068
v -0.00204591 0.0377346 0.0816818
v -0.00251204 0.0463318 0.0771171
v -0.0046949 0.0865923 0.0240775
v -0.0135263 0.0825065 0.0333124
v -0.0140297 0.0855771 0.0240775
v -0.00464915 0.0283586 0.0852888
v -0.00611374 0.0372922 0.0816818
vn 0.994825 0.101164 -0.00947142
vn 0.999955 0 0.00947142
vn 0.994825 -0.101164 -0.00947142
vn 0.979486 -0.201289 0.00947142
vn 0.954096 -0.29935 -0.00947142
vn 0.918917 -0.394338 0.00947142
vn 0.874307 -0.48528 -0.00947142
vn 0.820727 -0.571243 0.00947142
vn 0.758724 -0.651343 -0.00947142
vn 0.688936 -0.72476 0.00947142
vn 0.612079 -0.79074 -0.00947142
vn 0.52894 -0.848606 0.00947142
vn 0.440374 -0.897764 -0.00947142
vn 0.34729 -0.93771 0.00947142
vn 0.250641 -0.968034 -0.00947142
vn 0.151421 -0.988424 0.00947142
vn 0.0506469 -0.998672 -0.00947142
vn -0.0506469 -0.998672 0.00947142
vn -0.151421 -0.988424 -0.00947142
vn -0.250641 -0.968034 0.00947142
vn -0.34729 -0.93771 -0.00947142
vn -0.440374 -0.897764 0.00947142
vn -0.52894 -0.848606 -0.00947142
vn -0.612079 -0.79074 0.00947142
vn -0.688936 -0.72476 -0.00947142
vn -0.758724 -0.651343 0.00947142
vn -0.820727 -0.571243 -0.00947142
vn -0.874307 -0.48528 0.00947142
vn -0.918917 -0.394338 -0.00947142
vn -0.954096 -0.29935 0.00947142
vn -0.979486 -0.201289 -0.00947142
vn -0.994825 -0.101164 0.00947142
vn -0.999955 0 -0.00947142
vn -0.994825 0.101164 0.00947142
vn -0.979486 0.201289 -0.00947142
vn -0.954096 0.29935 0.00947142
vn -0.918917 0.394338 -0.00947142
vn -0.874307 0.48528 0.00947142
vn -0.820727 0.571243 -0.00947142
vn -0.758724 0.651343 0.00947142
vn -0.688936 0.72476 -0.00947142
vn -0.612079 0.79074 0.00947142
vn -0.52894 0.848606 -0.00947142
vn -0.440374 0.897764 0.00947142
vn -0.34729 0.93771 -0.00947142
vn -0.250641 0.968034 0.00947142
vn -0.151421 0.988424 -0.00947142
vn -0.0506469 0.998672 0.00947142
vn 0.0506469 0.998672 -0.00947142
vn 0.151421 0.988424 0.00947142
vn 0.250641 0.968034 -0.00947142
vn 0.34729 0.93771 0.00947142
vn 0.440374 0.897764 -0.00947142
vn 0.52894 0.848606 0.00947142
vn 0.612079 0.79074 -0.00947142
vn 0.688936 0.72476 0.00947142
vn 0.758724 0.651343 -0.00947142
vn 0.820727 0.571243 0.00947142
vn 0.874307 0.48528 -0.00947142
vn 0.918917 0.394338 0.00947142
vn 0.954096 0.29935 -0.00947142
vn 0.979486 0.201289 0.00947142
vn 0 0 -1
vn -0.993712 0 0.111964
vn -0.993712 0 -0.111964
vn -0.943883 1.40308e-16 -0.330279
vn -0.846724 1.50678e-16 -0.532032
vn -0.707107 3.00392e-16 -0.707107
vn -0.532032 8.91246e-17 -0.846724
vn -0.330279 1.27011e-16 -0.943883
vn -0.111964 -3.96371e-17 -0.993712
vn 0.111964 4.47716e-17 -0.993712
vn 0.330279 1.40308e-16 -0.943883
vn 0.532032 2.26017e-16 -0.846724
vn 0.707107 1.00131e-16 -0.707107
vn 0.846724 8.91246e-17 -0.532032
vn 0.943883 -9.3539e-17 -0.330279
vn 0.993712 -3.96371e-17 -0.111964
vn 0.993712 4.47716e-17 0.111964
vn 0.943883 0 0.330279
vn 0.846724 0 0.532032
vn 0.707107 0 0.707107
vn 0.532032 0 0.846724
vn 0.330279 0 0.943883
vn 0.111964 0 0.993712
vn -0.111964 0 0.993712
vn -0.330279 0 0.943883
vn -0.532032 0 0.846724
vn -0.707107 0 0.707107
vn -0.846724 0 0.532032
vn -0.943883 0 0.330279
vn -0.993712 -4.75645e-17 -0.111964
vn -0.993712 0 0.111964
vn 0.993712 0 -0.111964
vn 0.943883 1.16924e-16 -0.330279
vn 0.846724 1.50678e-16 -0.532032
vn 0.707107 -2.19397e-31 -0.707107
vn 0.532032 1.37856e-17 -0.846724
vn 0.330279 -1.40308e-16 -0.943883
vn 0.111964 -4.75645e-17 -0.993712
vn -0.111964 4.47716e-17 -0.993712
vn -0.330279 1.16924e-16 -0.943883
vn -0.532032 -1.37856e-17 -0.846724
vn -0.707107 -2.19397e-31 -0.707107
vn -0.846724 -2.26017e-16 -0.532032
vn -0.943883 -9.3539e-17 -0.330279
vn 0 -1 0
vn 0 1 0
vn -0.288108 -0.0292977 -0.95715
vn -0.298571 -0.0161881 -0.95425
vn -0.298571 0.0161881 -0.95425
vn -0.370064 0.0200643 -0.92879
vn -0.468257 0.0253882 -0.883227
vn -0.560927 0.0304126 -0.827306
vn -0.646988 0.0350787 -0.761693
vn -0.725434 0.0393319 -0.687167
vn -0.795353 0.0431228 -0.604611
vn -0.855934 0.0464074 -0.514998
vn -0.906479 0.0491478 -0.419382
vn -0.946405 0.0513126 -0.318881
vn -0.975254 0.0528768 -0.21467
vn -0.992697 0.0538225 -0.107962
vn -0.998533 0.0541389 0
vn -0.992697 0.0538225 0.107962
vn -0.975254 0.0528768 0.21467
vn -0.946405 0.0513126 0.318881
vn -0.906479 0.0491478 0.419382
vn -0.855934 0.0464074 0.514998
vn -0.795353 0.0431228 0.604611
vn -0.725434 0.0393319 0.687167
vn -0.646988 0.0350787 0.761693
vn -0.560927 0.0304126 0.827306
vn -0.468257 0.0253882 0.883227
vn -0.370064 0.0200643 0.92879
vn -0.2675 0.0145034 0.963449
vn -0.161776 0.00877123 0.986789
vn -0.0541387 0.00293531 0.998529
vn -0.276681 -0.0868091 -0.957033
vn -0.286617 -0.0795787 -0.954735
vn -0.296262 -0.0485697 -0.953871
vn -0.365725 -0.0599576 -0.92879
vn -0.462768 -0.0758669 -0.883227
vn -0.554351 -0.0908813 -0.827306
vn -0.639403 -0.104825 -0.761693
vn -0.716929 -0.117534 -0.687167
vn -0.786028 -0.128863 -0.604611
vn -0.845899 -0.138678 -0.514998
vn -0.895851 -0.146867 -0.419382
vn -0.935309 -0.153336 -0.318881
vn -0.96382 -0.15801 -0.21467
vn -0.981059 -0.160836 -0.107962
vn -0.986827 -0.161782 0
vn -0.981059 -0.160836 0.107962
vn -0.96382 -0.15801 0.21467
vn -0.935309 -0.153336 0.318881
vn -0.895851 -0.146867 0.419382
vn -0.845899 -0.138678 0.514998
vn -0.786028 -0.128863 0.604611
vn -0.716929 -0.117534 0.687167
vn -0.639403 -0.104825 0.761693
vn -0.554351 -0.0908813 0.827306
vn -0.462768 -0.0758669 0.883227
vn -0.365725 -0.0599576 0.92879
vn -0.264364 -0.0433403 0.963449
vn -0.159879 -0.0262108 0.986789
vn -0.0535039 -0.00877153 0.998529
vn -0.25422 -0.141104 -0.956798
vn -0.261144 -0.13845 -0.955319
vn -0.279689 -0.111438 -0.953601
vn -0.344285 -0.137176 -0.92879
vn -0.435639 -0.173575 -0.883227
vn -0.521854 -0.207926 -0.827306
vn -0.601919 -0.239827 -0.761693
vn -0.674901 -0.268905 -0.687167
vn -0.739949 -0.294823 -0.604611
vn -0.796311 -0.317279 -0.514998
vn -0.843334 -0.336015 -0.419382
vn -0.880479 -0.350815 -0.318881
vn -0.907319 -0.361509 -0.21467
vn -0.923547 -0.367975 -0.107962
vn -0.928977 -0.370138 0
vn -0.923547 -0.367975 0.107962
vn -0.907319 -0.361509 0.21467
vn -0.880479 -0.350815 0.318881
vn -0.843334 -0.336015 0.419382
vn -0.796311 -0.317279 0.514998
vn -0.739949 -0.294823 0.604611
vn -0.674901 -0.268905 0.687167
vn -0.601919 -0.239827 0.761693
vn -0.521854 -0.207926 0.827306
vn -0.435639 -0.173575 0.883227
vn -0.344285 -0.137176 0.92879
vn -0.248866 -0.0991575 0.963449
vn -0.150507 -0.0599673 0.986789
vn -0.0503674 -0.0200682 0.998529
vn -0.221499 -0.190151 -0.956442
vn -0.223597 -0.189925 -0.955999
vn -0.249605 -0.169237 -0.953444
vn -0.306747 -0.20798 -0.92879
vn -0.388141 -0.263166 -0.883227
vn -0.464955 -0.315248 -0.827306
vn -0.536291 -0.363614 -0.761693
vn -0.601315 -0.407702 -0.687167
vn -0.659271 -0.446997 -0.604611
vn -0.709488 -0.481045 -0.514998
vn -0.751384 -0.509451 -0.419382
vn -0.784479 -0.53189 -0.318881
vn -0.808393 -0.548104 -0.21467
vn -0.822851 -0.557907 -0.107962
vn -0.827689 -0.561187 0
vn -0.822851 -0.557907 0.107962
vn -0.808393 -0.548104 0.21467
vn -0.784479 -0.53189 0.318881
vn -0.751384 -0.509451 0.419382
vn -0.709488 -0.481045 0.514998
vn -0.659271 -0.446997 0.604611
vn -0.601315 -0.407702 0.687167
vn -0.536291 -0.363614 0.761693
vn -0.464955 -0.315248 0.827306
vn -0.388141 -0.263166 0.883227
vn -0.306747 -0.20798 0.92879
vn -0.221732 -0.150338 0.963449
vn -0.134097 -0.0909198 0.986789
vn -0.0448758 -0.0304265 0.998529
vn -0.207482 -0.219036 -0.953401
vn -0.178486 -0.230585 -0.956542
vn -0.177892 -0.234013 -0.95582
vn -0.155428 -0.258324 -0.953473
vn -0.191068 -0.317557 -0.92879
vn -0.155614 -0.336354 -0.92879
vn -0.196905 -0.425603 -0.883227
vn -0.149735 -0.444397 -0.883227
vn -0.179368 -0.532345 -0.827306
vn -0.147583 -0.541438 -0.827686
vn -0.146532 -0.54177 -0.827655
vn -0.11805 -0.548616 -0.827698
vn -0.117066 -0.549284 -0.827395
vn -0.060736 -0.558458 -0.827306
vn -0.0700544 -0.64414 -0.761693
vn 0 -0.647938 -0.761693
vn 0 -0.726499 -0.687167
vn 0.0785484 -0.72224 -0.687167
vn 0.086119 -0.791851 -0.604611
vn 0.171228 -0.777898 -0.604611
vn 0.184271 -0.837151 -0.514998
vn 0.273702 -0.81232 -0.514998
vn 0.289865 -0.860289 -0.419382
vn 0.38118 -0.823906 -0.419382
vn 0.397969 -0.860195 -0.318881
vn 0.488639 -0.812125 -0.318881
vn 0.503535 -0.836881 -0.21467
vn 0.591066 -0.777534 -0.21467
vn 0.601637 -0.79144 -0.107962
vn 0.68368 -0.721752 -0.107962
vn 0.687699 -0.725995 0
vn 0.762162 -0.647386 0
vn 0.757707 -0.643602 0.107962
vn 0.822851 -0.557907 0.107962
vn 0.808393 -0.548104 0.21467
vn 0.862914 -0.457488 0.21467
vn 0.837388 -0.443955 0.318881
vn 0.880479 -0.350815 0.318881
vn 0.843334 -0.336015 0.419382
vn 0.87472 -0.242865 0.419382
vn 0.825947 -0.229323 0.514998
vn 0.845899 -0.138678 0.514998
vn 0.786028 -0.128863 0.604611
vn 0.795353 -0.0431228 0.604611
vn 0.725434 -0.0393319 0.687167
vn 0.725434 0.0393319 0.687167
vn 0.646988 0.0350787 0.761693
vn 0.639403 0.104825 0.761693
vn 0.554351 0.0908813 0.827306
vn 0.541276 0.150284 0.827306
vn 0.451852 0.125456 0.883227
vn 0.435639 0.173575 0.883227
vn 0.344285 0.137176 0.92879
vn 0.327436 0.173596 0.92879
vn 0.236687 0.125483 0.963449
vn 0.221732 0.150338 0.963449
vn 0.134097 0.0909198 0.986789
vn 0.12348 0.104885 0.986789
vn 0.041323 0.0351001 0.998529
vn -0.127945 -0.260833 -0.956868
vn -0.124319 -0.268712 -0.955164
vn -0.155614 -0.336354 -0.92879
vn -0.118335 -0.351207 -0.92879
vn -0.149735 -0.444397 -0.883227
vn -0.12407 -0.451679 -0.883511
vn -0.123189 -0.451941 -0.883501
vn -0.0994561 -0.457831 -0.883459
vn -0.0986299 -0.458364 -0.883275
vn -0.0507019 -0.466196 -0.883227
vn -0.060736 -0.558458 -0.827306
vn 0 -0.561751 -0.827306
vn 0 -0.647938 -0.761693
vn 0.0700544 -0.64414 -0.761693
vn 0.0785484 -0.72224 -0.687167
vn 0.156176 -0.709514 -0.687167
vn 0.171228 -0.777898 -0.604611
vn 0.25433 -0.754825 -0.604611
vn 0.273702 -0.81232 -0.514998
vn 0.359925 -0.777966 -0.514998
vn 0.38118 -0.823906 -0.419382
vn 0.468025 -0.777864 -0.419382
vn 0.488639 -0.812125 -0.318881
vn 0.573581 -0.754533 -0.318881
vn 0.591066 -0.777534 -0.21467
vn 0.671667 -0.70907 -0.21467
vn 0.68368 -0.721752 -0.107962
vn 0.757707 -0.643602 -0.107962
vn 0.762162 -0.647386 0
vn 0.827689 -0.561187 0
vn 0.822851 -0.557907 0.107962
vn 0.878348 -0.465671 0.107962
vn 0.862914 -0.457488 0.21467
vn 0.907319 -0.361509 0.21467
vn 0.880479 -0.350815 0.318881
vn 0.913248 -0.253562 0.318881
vn 0.87472 -0.242865 0.419382
vn 0.895851 -0.146867 0.419382
vn 0.845899 -0.138678 0.514998
vn 0.855934 -0.0464074 0.514998
vn 0.795353 -0.0431228 0.604611
vn 0.795353 0.0431228 0.604611
vn 0.725434 0.0393319 0.687167
vn 0.716929 0.117534 0.687167
vn 0.639403 0.104825 0.761693
vn 0.624321 0.173342 0.761693
vn 0.541276 0.150284 0.827306
vn 0.521854 0.207926 0.827306
vn 0.435639 0.173575 0.883227
vn 0.414319 0.219658 0.883227
vn 0.327436 0.173596 0.92879
vn 0.306747 0.20798 0.92879
vn 0.221732 0.150338 0.963449
vn 0.204178 0.17343 0.963449
vn 0.12348 0.104885 0.986789
vn 0.111417 0.117621 0.986789
vn 0.0372858 0.0393622 0.998529
vn -0.0726377 -0.280543 -0.957089
vn -0.0779571 -0.281637 -0.956349
vn -0.0960751 -0.285141 -0.953658
vn -0.118335 -0.351207 -0.92879
vn -0.0146658 -0.289186 -0.957161
vn -0.0324301 -0.298189 -0.953956
vn -0.0638064 -0.290968 -0.954603
vn -0.0793235 -0.361729 -0.928903
vn -0.0980418 -0.356922 -0.928975
vn 0.0438616 -0.286313 -0.957132
vn 0.0322902 -0.296903 -0.954361
vn 0 -0.299344 -0.954145
vn 0 -0.370607 -0.92879
vn 0 -0.468945 -0.883227
vn 0 -0.561751 -0.827306
vn 0.100766 -0.272076 -0.956985
vn 0.0948386 -0.281471 -0.954872
vn 0.0645908 -0.293439 -0.953793
vn 0.0796696 -0.361943 -0.92879
vn 0.100809 -0.457982 -0.883227
vn 0.12076 -0.548618 -0.827306
vn 0.139288 -0.63279 -0.761693
vn 0.156176 -0.709514 -0.687167
vn 0.153933 -0.246963 -0.95672
vn 0.152116 -0.252819 -0.955481
vn 0.126483 -0.273389 -0.953552
vn 0.155614 -0.336354 -0.92879
vn 0.196905 -0.425603 -0.883227
vn 0.235873 -0.509832 -0.827306
vn 0.272062 -0.588053 -0.761693
vn 0.305049 -0.659353 -0.687167
vn 0.33445 -0.722903 -0.604611
vn 0.359925 -0.777966 -0.514998
vn 0.20137 -0.211841 -0.956333
vn 0.201339 -0.212551 -0.956182
vn 0.182543 -0.240131 -0.953423
vn 0.224282 -0.295038 -0.92879
vn 0.283794 -0.373324 -0.883227
vn 0.339957 -0.447206 -0.827306
vn 0.392115 -0.515819 -0.761693
vn 0.439659 -0.578361 -0.687167
vn 0.482034 -0.634105 -0.604611
vn 0.51875 -0.682404 -0.514998
vn 0.549383 -0.722701 -0.419382
vn 0.573581 -0.754533 -0.318881
vn 0.229931 -0.195305 -0.953408
vn 0.239079 -0.166404 -0.956635
vn 0.243765 -0.165277 -0.955648
vn 0.26626 -0.141162 -0.953509
vn 0.327436 -0.173596 -0.92879
vn 0.344285 -0.137176 -0.92879
vn 0.435639 -0.173575 -0.883227
vn 0.451852 -0.125456 -0.883227
vn 0.541276 -0.150284 -0.827306
vn 0.554351 -0.0908813 -0.827306
vn 0.639403 -0.104825 -0.761693
vn 0.646988 -0.0350787 -0.761693
vn 0.725434 -0.0393319 -0.687167
vn 0.725434 0.0393319 -0.687167
vn 0.795353 0.0431228 -0.604611
vn 0.786028 0.128863 -0.604611
vn 0.845899 0.138678 -0.514998
vn 0.825947 0.229323 -0.514998
vn 0.87472 0.242865 -0.419382
vn 0.843334 0.336015 -0.419382
vn 0.880479 0.350815 -0.318881
vn 0.837388 0.443955 -0.318881
vn 0.862914 0.457488 -0.21467
vn 0.808393 0.548104 -0.21467
vn 0.822851 0.557907 -0.107962
vn 0.757707 0.643602 -0.107962
vn 0.762162 0.647386 0
vn 0.687699 0.725995 0
vn 0.68368 0.721752 0.107962
vn 0.601637 0.79144 0.107962
vn 0.591066 0.777534 0.21467
vn 0.503535 0.836881 0.21467
vn 0.488639 0.812125 0.318881
vn 0.397969 0.860195 0.318881
vn 0.38118 0.823906 0.419382
vn 0.289865 0.860289 0.419382
vn 0.273702 0.81232 0.514998
vn 0.184271 0.837151 0.514998
vn 0.171228 0.777898 0.604611
vn 0.086119 0.791851 0.604611
vn 0.0785484 0.72224 0.687167
vn 0 0.726499 0.687167
vn 0 0.647938 0.761693
vn -0.0700544 0.64414 0.761693
vn -0.060736 0.558458 0.827306
vn -0.12076 0.548618 0.827306
vn -0.100809 0.457982 0.883227
vn -0.149735 0.444397 0.883227
vn -0.118335 0.351207 0.92879
vn -0.155614 0.336354 0.92879
vn -0.112485 0.243133 0.963449
vn -0.138113 0.229546 0.963449
vn -0.0835266 0.138822 0.986789
vn -0.0980463 0.128978 0.986789
vn -0.0328115 0.0431627 0.998529
vn 0.26679 -0.114489 -0.95693
vn 0.275496 -0.109767 -0.955015
vn 0.344285 -0.137176 -0.92879
vn 0.357099 -0.0991479 -0.92879
vn 0.451852 -0.125456 -0.883227
vn 0.462768 -0.0758669 -0.883227
vn 0.554351 -0.0908813 -0.827306
vn 0.560927 -0.0304126 -0.827306
vn 0.646988 -0.0350787 -0.761693
vn 0.646988 0.0350787 -0.761693
vn 0.725434 0.0393319 -0.687167
vn 0.716929 0.117534 -0.687167
vn 0.786028 0.128863 -0.604611
vn 0.767488 0.213092 -0.604611
vn 0.825947 0.229323 -0.514998
vn 0.796311 0.317279 -0.514998
vn 0.843334 0.336015 -0.419382
vn 0.802061 0.425226 -0.419382
vn 0.837388 0.443955 -0.318881
vn 0.784479 0.53189 -0.318881
vn 0.808393 0.548104 -0.21467
vn 0.744394 0.632294 -0.21467
vn 0.757707 0.643602 -0.107962
vn 0.68368 0.721752 -0.107962
vn 0.687699 0.725995 0
vn 0.605174 0.796093 0
vn 0.601637 0.79144 0.107962
vn 0.51254 0.851849 0.107962
vn 0.503535 0.836881 0.21467
vn 0.4101 0.886417 0.21467
vn 0.397969 0.860195 0.318881
vn 0.302632 0.898181 0.318881
vn 0.289865 0.860289 0.419382
vn 0.195152 0.886586 0.419382
vn 0.184271 0.837151 0.514998
vn 0.0926787 0.852166 0.514998
vn 0.086119 0.791851 0.604611
vn 0 0.796521 0.604611
vn 0 0.726499 0.687167
vn -0.0785484 0.72224 0.687167
vn -0.0700544 0.64414 0.761693
vn -0.139288 0.63279 0.761693
vn -0.12076 0.548618 0.827306
vn -0.179368 0.532345 0.827306
vn -0.149735 0.444397 0.883227
vn -0.196905 0.425603 0.883227
vn -0.155614 0.336354 0.92879
vn -0.191068 0.317557 0.92879
vn -0.138113 0.229546 0.963449
vn -0.162122 0.213268 0.963449
vn -0.0980463 0.128978 0.986789
vn -0.111417 0.117621 0.986789
vn -0.0372858 0.0393622 0.998529
vn 0.289729 -0.0804428 -0.953722
vn 0.283807 -0.0583238 -0.957106
vn 0.294347 -0.0482558 -0.954479
vn 0.299217 -0.0162231 -0.954047
vn 0.370064 -0.0200643 -0.92879
vn 0.370064 0.0200643 -0.92879
vn 0.468257 0.0253882 -0.883227
vn 0.462768 0.0758669 -0.883227
vn 0.554351 0.0908813 -0.827306
vn 0.541276 0.150284 -0.827306
vn 0.624321 0.173342 -0.761693
vn 0.601919 0.239827 -0.761693
vn 0.674901 0.268905 -0.687167
vn 0.641871 0.340298 -0.687167
vn 0.703736 0.373097 -0.604611
vn 0.659271 0.446997 -0.604611
vn 0.709488 0.481045 -0.514998
vn 0.653319 0.554934 -0.514998
vn 0.691898 0.587704 -0.419382
vn 0.6243 0.659066 -0.419382
vn 0.651798 0.688095 -0.318881
vn 0.573581 0.754533 -0.318881
vn 0.591066 0.777534 -0.21467
vn 0.503535 0.836881 -0.21467
vn 0.51254 0.851849 -0.107962
vn 0.417435 0.902271 -0.107962
vn 0.419889 0.907575 0
vn 0.319302 0.947653 0
vn 0.317435 0.942114 0.107962
vn 0.25304 0.961396 0.108109
vn 0.222143 0.964971 0.139582
vn 0.289545 0 -0.957164
vn 0.299217 0.0162231 -0.954047
vn 0.370064 0.0200643 -0.92879
vn 0.365725 0.0599576 -0.92879
vn 0.462768 0.0758669 -0.883227
vn 0.451852 0.125456 -0.883227
vn 0.541276 0.150284 -0.827306
vn 0.521854 0.207926 -0.827306
vn 0.601919 0.239827 -0.761693
vn 0.572461 0.3035 -0.761693
vn 0.641871 0.340298 -0.687167
vn 0.601315 0.407702 -0.687167
vn 0.659271 0.446997 -0.604611
vn 0.607078 0.515657 -0.604611
vn 0.653319 0.554934 -0.514998
vn 0.58949 0.622317 -0.514998
vn 0.6243 0.659066 -0.419382
vn 0.549383 0.722701 -0.419382
vn 0.573581 0.754533 -0.318881
vn 0.488639 0.812125 -0.318881
vn 0.503535 0.836881 -0.21467
vn 0.4101 0.886417 -0.21467
vn 0.417435 0.902271 -0.107962
vn 0.317435 0.942114 -0.107962
vn 0.319302 0.947653 0
vn 0.275249 0.961373 0
vn 0.244334 0.9693 0.0275299
vn 0.294347 0.0482558 -0.954479
vn 0.283807 0.0583238 -0.957106
vn 0.289729 0.0804428 -0.953722
vn 0.275496 0.109767 -0.955015
vn 0.344285 0.137176 -0.92879
vn 0.327436 0.173596 -0.92879
vn 0.414319 0.219658 -0.883227
vn 0.388141 0.263166 -0.883227
vn 0.464955 0.315248 -0.827306
vn 0.428146 0.36367 -0.827306
vn 0.493834 0.419466 -0.761693
vn 0.445587 0.4704 -0.761693
vn 0.499613 0.527435 -0.687167
vn 0.439659 0.578361 -0.687167
vn 0.482034 0.634105 -0.604611
vn 0.410649 0.682504 -0.604611
vn 0.441928 0.73449 -0.514998
vn 0.359925 0.777966 -0.514998
vn 0.38118 0.823906 -0.419382
vn 0.289865 0.860289 -0.419382
vn 0.302632 0.898181 -0.318881
vn 0.236076 0.917795 -0.319249
vn 0.234978 0.918205 -0.318881
vn 0.186005 0.929051 -0.31979
vn 0.184906 0.929495 -0.319137
vn 0.102475 0.942239 -0.318881
vn 0.104615 0.961915 -0.252536
vn 0.0839656 0.967145 -0.23996
vn 0.0274439 0.969495 -0.243571
vn 0 0.962002 -0.273044
vn -0.0274439 0.969495 -0.243571
vn -0.0839656 0.967145 -0.23996
vn -0.104615 0.961915 -0.252536
vn -0.139807 0.964856 -0.222501
vn -0.175088 0.960805 -0.214938
vn -0.125916 0.984017 -0.125916
vn -0.795048 0.344001 -0.499562
vn -0.212564 0.96569 -0.149195
vn -0.25304 0.961396 -0.108109
vn -0.317435 0.942114 -0.107962
vn -0.319302 0.947653 0
vn -0.419889 0.907575 0
vn -0.417435 0.902271 0.107962
vn -0.51254 0.851849 0.107962
vn -0.503535 0.836881 0.21467
vn -0.591066 0.777534 0.21467
vn -0.573581 0.754533 0.318881
vn -0.651798 0.688095 0.318881
vn -0.6243 0.659066 0.419382
vn -0.691898 0.587704 0.419382
vn -0.653319 0.554934 0.514998
vn -0.709488 0.481045 0.514998
vn -0.659271 0.446997 0.604611
vn -0.703736 0.373097 0.604611
vn -0.641871 0.340298 0.687167
vn -0.674901 0.268905 0.687167
vn -0.601919 0.239827 0.761693
vn -0.624321 0.173342 0.761693
vn -0.541276 0.150284 0.827306
vn -0.554351 0.0908813 0.827306
vn -0.462768 0.0758669 0.883227
vn 0.26679 0.114489 -0.95693
vn 0.26626 0.141162 -0.953509
vn 0.327436 0.173596 -0.92879
vn 0.306747 0.20798 -0.92879
vn 0.388141 0.263166 -0.883227
vn 0.357412 0.303589 -0.883227
vn 0.428146 0.36367 -0.827306
vn 0.386316 0.407829 -0.827306
vn 0.445587 0.4704 -0.761693
vn 0.392115 0.515819 -0.761693
vn 0.439659 0.578361 -0.687167
vn 0.374549 0.622506 -0.687167
vn 0.410649 0.682504 -0.604611
vn 0.33445 0.722903 -0.604611
vn 0.359925 0.777966 -0.514998
vn 0.273702 0.81232 -0.514998
vn 0.289865 0.860289 -0.419382
vn 0.227174 0.87871 -0.419834
vn 0.226129 0.879124 -0.419531
vn 0.179229 0.889522 -0.420271
vn 0.178189 0.890012 -0.419676
vn 0.0981515 0.902488 -0.419382
vn 0.102475 0.942239 -0.318881
vn 0 0.947795 -0.318881
vn 0.243765 0.165277 -0.955648
vn 0.239079 0.166404 -0.956635
vn 0.229931 0.195305 -0.953408
vn 0.20137 0.211841 -0.956333
vn 0.201339 0.212551 -0.956182
vn 0.182543 0.240131 -0.953423
vn 0.224282 0.295038 -0.92879
vn 0.191068 0.317557 -0.92879
vn 0.241767 0.401819 -0.883227
vn 0.196905 0.425603 -0.883227
vn 0.235873 0.509832 -0.827306
vn 0.179368 0.532345 -0.827306
vn 0.206888 0.614021 -0.761693
vn 0.16513 0.626005 -0.762135
vn 0.164384 0.626298 -0.762056
vn 0.130992 0.634007 -0.762152
vn 0.130271 0.634451 -0.761906
vn 0.0700544 0.64414 -0.761693
vn 0.0785484 0.72224 -0.687167
vn 0 0.726499 -0.687167
vn 0 0.796521 -0.604611
vn -0.086119 0.791851 -0.604611
vn -0.0926787 0.852166 -0.514998
vn -0.184271 0.837151 -0.514998
vn -0.195152 0.886586 -0.419382
vn -0.289865 0.860289 -0.419382
vn -0.302632 0.898181 -0.318881
vn -0.397969 0.860195 -0.318881
vn -0.4101 0.886417 -0.21467
vn -0.503535 0.836881 -0.21467
vn -0.51254 0.851849 -0.107962
vn -0.601637 0.79144 -0.107962
vn -0.605174 0.796093 0
vn -0.687699 0.725995 0
vn -0.68368 0.721752 0.107962
vn -0.757707 0.643602 0.107962
vn -0.744394 0.632294 0.21467
vn -0.808393 0.548104 0.21467
vn -0.784479 0.53189 0.318881
vn -0.837388 0.443955 0.318881
vn -0.802061 0.425226 0.419382
vn -0.843334 0.336015 0.419382
vn -0.796311 0.317279 0.514998
vn -0.825947 0.229323 0.514998
vn -0.767488 0.213092 0.604611
vn -0.786028 0.128863 0.604611
vn -0.716929 0.117534 0.687167
vn 0.153933 0.246963 -0.95672
vn 0.152116 0.252819 -0.955481
vn 0.191068 0.317557 -0.92879
vn 0.155614 0.336354 -0.92879
vn 0.196905 0.425603 -0.883227
vn 0.149735 0.444397 -0.883227
vn 0.179368 0.532345 -0.827306
vn 0.14381 0.542475 -0.827671
vn 0.14316 0.542719 -0.827624
vn 0.114241 0.549521 -0.827632
vn 0.113615 0.5499 -0.827467
vn 0.060736 0.558458 -0.827306
vn 0.0700544 0.64414 -0.761693
vn 0 0.647938 -0.761693
vn 0 0.726499 -0.687167
vn -0.0785484 0.72224 -0.687167
vn -0.086119 0.791851 -0.604611
vn -0.171228 0.777898 -0.604611
vn -0.184271 0.837151 -0.514998
vn -0.273702 0.81232 -0.514998
vn -0.289865 0.860289 -0.419382
vn -0.38118 0.823906 -0.419382
vn -0.397969 0.860195 -0.318881
vn -0.488639 0.812125 -0.318881
vn -0.503535 0.836881 -0.21467
vn -0.591066 0.777534 -0.21467
vn -0.601637 0.79144 -0.107962
vn -0.68368 0.721752 -0.107962
vn -0.687699 0.725995 0
vn -0.762162 0.647386 0
vn -0.757707 0.643602 0.107962
vn -0.822851 0.557907 0.107962
vn -0.808393 0.548104 0.21467
vn -0.862914 0.457488 0.21467
vn -0.837388 0.443955 0.318881
vn -0.880479 0.350815 0.318881
vn -0.843334 0.336015 0.419382
vn -0.87472 0.242865 0.419382
vn -0.825947 0.229323 0.514998
vn -0.845899 0.138678 0.514998
vn -0.786028 0.128863 0.604611
vn 0.126483 0.273389 -0.953552
vn 0.100766 0.272076 -0.956985
vn 0.0948386 0.281471 -0.954872
vn 0.0772347 0.288477 -0.954367
vn 0.0957299 0.357559 -0.928971
vn 0.0952972 0.357702 -0.928961
vn 0.12059 0.45264 -0.883501
vn 0.120046 0.452833 -0.883477
vn 0.0615377 0.292398 -0.954315
vn 0.0438616 0.286313 -0.957132
vn 0.0322902 0.296903 -0.954361
vn 0 0.299344 -0.954145
vn 0 0.370607 -0.92879
vn -0.0400697 0.368435 -0.92879
vn -0.0507019 0.466196 -0.883227
vn -0.100809 0.457982 -0.883227
vn -0.12076 0.548618 -0.827306
vn -0.179368 0.532345 -0.827306
vn -0.206888 0.614021 -0.761693
vn -0.272062 0.588053 -0.761693
vn -0.305049 0.659353 -0.687167
vn -0.374549 0.622506 -0.687167
vn -0.410649 0.682504 -0.604611
vn -0.482034 0.634105 -0.604611
vn -0.51875 0.682404 -0.514998
vn -0.58949 0.622317 -0.514998
vn -0.6243 0.659066 -0.419382
vn -0.691898 0.587704 -0.419382
vn -0.722373 0.613589 -0.318881
vn -0.784479 0.53189 -0.318881
vn -0.808393 0.548104 -0.21467
vn -0.862914 0.457488 -0.21467
vn -0.878348 0.465671 -0.107962
vn -0.923547 0.367975 -0.107962
vn -0.928977 0.370138 0
vn -0.96355 0.267528 0
vn -0.957918 0.265965 0.107962
vn -0.981059 0.160836 0.107962
vn -0.96382 0.15801 0.21467
vn -0.0146658 0.289186 -0.957161
vn -0.0324301 0.298189 -0.953956
vn -0.0400697 0.368435 -0.92879
vn -0.0796696 0.361943 -0.92879
vn -0.100809 0.457982 -0.883227
vn -0.149735 0.444397 -0.883227
vn -0.179368 0.532345 -0.827306
vn -0.235873 0.509832 -0.827306
vn -0.272062 0.588053 -0.761693
vn -0.334047 0.55519 -0.761693
vn -0.374549 0.622506 -0.687167
vn -0.439659 0.578361 -0.687167
vn -0.482034 0.634105 -0.604611
vn -0.547767 0.57827 -0.604611
vn -0.58949 0.622317 -0.514998
vn -0.653319 0.554934 -0.514998
vn -0.691898 0.587704 -0.419382
vn -0.751384 0.509451 -0.419382
vn -0.784479 0.53189 -0.318881
vn -0.837388 0.443955 -0.318881
vn -0.862914 0.457488 -0.21467
vn -0.907319 0.361509 -0.21467
vn -0.923547 0.367975 -0.107962
vn -0.957918 0.265965 -0.107962
vn -0.96355 0.267528 0
vn -0.986827 0.161782 0
vn -0.981059 0.160836 0.107962
vn -0.0640351 0.290914 -0.954604
vn -0.0726508 0.280594 -0.957073
vn -0.0960751 0.285141 -0.953658
vn -0.124319 0.268712 -0.955164
vn -0.155614 0.336354 -0.92879
vn -0.191068 0.317557 -0.92879
vn -0.241767 0.401819 -0.883227
vn -0.283794 0.373324 -0.883227
vn -0.339957 0.447206 -0.827306
vn -0.386316 0.407829 -0.827306
vn -0.445587 0.4704 -0.761693
vn -0.493834 0.419466 -0.761693
vn -0.55371 0.470326 -0.687167
vn -0.601315 0.407702 -0.687167
vn -0.659271 0.446997 -0.604611
vn -0.703736 0.373097 -0.604611
vn -0.757339 0.401516 -0.514998
vn -0.796311 0.317279 -0.514998
vn -0.843334 0.336015 -0.419382
vn -0.87472 0.242865 -0.419382
vn -0.913248 0.253562 -0.318881
vn -0.935309 0.153336 -0.318881
vn -0.96382 0.15801 -0.21467
vn -0.127945 0.260833 -0.956868
vn -0.155428 0.258324 -0.953473
vn -0.191068 0.317557 -0.92879
vn -0.224282 0.295038 -0.92879
vn -0.283794 0.373324 -0.883227
vn -0.322493 0.340452 -0.883227
vn -0.386316 0.407829 -0.827306
vn -0.428146 0.36367 -0.827306
vn -0.493834 0.419466 -0.761693
vn -0.536291 0.363614 -0.761693
vn -0.601315 0.407702 -0.687167
vn -0.641871 0.340298 -0.687167
vn -0.703736 0.373097 -0.604611
vn -0.739949 0.294823 -0.604611
vn -0.796311 0.317279 -0.514998
vn -0.825947 0.229323 -0.514998
vn -0.87472 0.242865 -0.419382
vn -0.895851 0.146867 -0.419382
vn -0.935309 0.153336 -0.318881
vn -0.177892 0.234013 -0.95582
vn -0.178486 0.230585 -0.956542
vn -0.207482 0.219036 -0.953401
vn -0.221499 0.190151 -0.956442
vn -0.223597 0.189925 -0.955999
vn -0.249605 0.169237 -0.953444
vn -0.306747 0.20798 -0.92879
vn -0.327436 0.173596 -0.92879
vn -0.414319 0.219658 -0.883227
vn -0.435639 0.173575 -0.883227
vn -0.521854 0.207926 -0.827306
vn -0.541276 0.150284 -0.827306
vn -0.624321 0.173342 -0.761693
vn -0.639403 0.104825 -0.761693
vn -0.716929 0.117534 -0.687167
vn -0.25422 0.141104 -0.956798
vn -0.261144 0.13845 -0.955319
vn -0.344285 0.137176 -0.92879
vn -0.451852 0.125456 -0.883227
vn -0.554351 0.0908813 -0.827306
vn -0.279689 0.111438 -0.953601
vn -0.276681 0.0868091 -0.957033
vn -0.286617 0.0795787 -0.954735
vn -0.296262 0.0485697 -0.953871
vn -0.365725 0.0599576 -0.92879
vn -0.288108 0.0292977 -0.95715
vn 0.238675 0.967502 0.0835161
vn 0.211587 0.961247 0.176734
vn 0.125916 0.984017 0.125916
vn 0.175088 0.960805 0.214938
vn 0.139807 0.964856 0.222501
vn 0.104615 0.961915 0.252536
vn 0.0839656 0.967145 0.23996
vn 0.0274439 0.969495 0.243571
vn 0 0.962002 0.273044
vn -0.0274439 0.969495 0.243571
vn -0.0839656 0.967145 0.23996
vn -0.104615 0.961915 0.252536
vn -0.139807 0.964856 0.222501
vn -0.175088 0.960805 0.214938
vn -0.125916 0.984017 0.125916
vn -0.795048 0.344001 0.499562
vn -0.238675 0.967502 0.0835161
vn -0.25304 0.961396 0.108109
vn -0.212564 0.96569 0.149195
vn -0.209959 0.953852 0.21467
vn -0.203748 0.925636 0.318881
vn -0.195152 0.886586 0.419382
vn -0.184271 0.837151 0.514998
vn -0.171228 0.777898 0.604611
vn -0.156176 0.709514 0.687167
vn -0.139288 0.63279 0.761693
vn -0.244334 0.9693 0.0275299
vn -0.275249 0.961373 0
vn -0.319302 0.947653 0
vn -0.244334 0.9693 -0.0275299
vn -0.238675 0.967502 -0.0835161
vn 0.139807 0.964856 -0.222501
vn 0.175088 0.960805 -0.214938
vn 0.189374 0.958109 -0.214861
vn 0.191254 0.96762 -0.164722
vn 0.20788 0.969394 -0.13062
vn 0.125916 0.984017 -0.125916
vn 0.20567 0.975972 -0.0719669
vn 0.244465 0.96515 -0.0933951
vn 0.25304 0.961396 -0.108109
vn 0.317435 0.942114 -0.107962
vn 0.311858 0.92556 -0.21467
vn 0.4101 0.886417 -0.21467
vn 0.397969 0.860195 -0.318881
vn 0.488639 0.812125 -0.318881
vn 0.468025 0.777864 -0.419382
vn 0.549383 0.722701 -0.419382
vn 0.51875 0.682404 -0.514998
vn 0.58949 0.622317 -0.514998
vn 0.547767 0.57827 -0.604611
vn 0.607078 0.515657 -0.604611
vn 0.55371 0.470326 -0.687167
vn 0.601315 0.407702 -0.687167
vn 0.536291 0.363614 -0.761693
vn 0.572461 0.3035 -0.761693
vn 0.496314 0.263129 -0.827306
vn 0.521854 0.207926 -0.827306
vn 0.435639 0.173575 -0.883227
vn 0.451852 0.125456 -0.883227
vn 0.357099 0.0991479 -0.92879
vn 0.365725 0.0599576 -0.92879
vn 0.237299 0.971069 -0.0267372
vn 0.245452 0.969045 -0.0265424
vn 0.244334 -0.9693 -0.0275299
vn 0.275249 -0.961373 0
vn 0.244334 -0.9693 0.0275299
vn 0.238675 -0.967502 0.0835161
vn 0.25304 -0.961396 0.108109
vn 0.212564 -0.96569 0.149195
vn 0.209959 -0.953852 0.21467
vn 0.203748 -0.925636 0.318881
vn 0.195152 -0.886586 0.419382
vn 0.184271 -0.837151 0.514998
vn 0.171228 -0.777898 0.604611
vn 0.156176 -0.709514 0.687167
vn 0.139288 -0.63279 0.761693
vn 0.12076 -0.548618 0.827306
vn 0.100809 -0.457982 0.883227
vn 0.0796696 -0.361943 0.92879
vn 0.0575891 -0.26163 0.963449
vn 0.0348281 -0.158226 0.986789
vn 0.0116553 -0.0529506 0.998529
vn 0.238675 -0.967502 -0.0835161
vn 0.25304 -0.961396 -0.108109
vn 0.317435 -0.942114 -0.107962
vn 0.417435 -0.902271 -0.107962
vn 0.51254 -0.851849 -0.107962
vn 0.601637 -0.79144 -0.107962
vn 0.212564 -0.96569 -0.149195
vn 0.795048 -0.344001 -0.499562
vn 0.125916 -0.984017 -0.125916
vn 0.175088 -0.960805 -0.214938
vn 0.139807 -0.964856 -0.222501
vn 0.104615 -0.961915 -0.252536
vn 0.0839656 -0.967145 -0.23996
vn 0.0274439 -0.969495 -0.243571
vn -0 -0.962002 -0.273044
vn -0.0274439 -0.969495 -0.243571
vn -0.0839656 -0.967145 -0.23996
vn -0.104615 -0.961915 -0.252536
vn -0.139807 -0.964856 -0.222501
vn -0.175088 -0.960805 -0.214938
vn -0.125916 -0.984017 -0.125916
vn -0.192299 -0.967308 -0.16534
vn -0.208423 -0.969231 -0.130961
vn -0.246147 -0.962363 -0.115193
vn -0.25304 -0.961396 -0.108109
vn -0.317435 -0.942114 -0.107962
vn -0.417435 -0.902271 -0.107962
vn -0.51254 -0.851849 -0.107962
vn -0.601637 -0.79144 -0.107962
vn -0.68368 -0.721752 -0.107962
vn -0.757707 -0.643602 -0.107962
vn -0.244806 -0.965007 -0.0939779
vn -0.207093 -0.975634 -0.072465
vn -0.236042 -0.971379 -0.0265955
vn -0.244334 -0.9693 0.0275299
vn -0.275249 -0.961373 0
vn -0.245809 -0.968963 -0.0262262
vn -0.238675 -0.967502 0.0835161
vn -0.25304 -0.961396 0.108109
vn -0.317435 -0.942114 0.107962
vn -0.417435 -0.902271 0.107962
vn -0.51254 -0.851849 0.107962
vn -0.601637 -0.79144 0.107962
vn -0.68368 -0.721752 0.107962
vn -0.757707 -0.643602 0.107962
vn -0.222143 -0.964971 0.139582
vn -0.211587 -0.961247 0.176734
vn -0.209959 -0.953852 0.21467
vn -0.175088 -0.960805 0.214938
vn -0.139807 -0.964856 0.222501
vn -0.125916 -0.984017 0.125916
vn -0.104615 -0.961915 0.252536
vn -0.0839656 -0.967145 0.23996
vn -0.0274439 -0.969495 0.243571
vn 0 -0.962002 0.273044
vn 0.0274439 -0.969495 0.243571
vn 0.0839656 -0.967145 0.23996
vn 0.104615 -0.961915 0.252536
vn 0.139807 -0.964856 0.222501
vn 0.175088 -0.960805 0.214938
vn 0.125916 -0.984017 0.125916
vn 0.795048 -0.344001 0.499562
vn -0.0541387 -0.00293531 0.998529
vn -0.0535039 0.00877153 0.998529
vn -0.0522419 0.0145049 0.998529
vn -0.0503674 0.0200682 0.998529
vn -0.0479024 0.0253963 0.998529
vn -0.0448758 0.0304265 0.998529
vn -0.041323 0.0351001 0.998529
vn -0.0279524 0.0464572 0.998529
vn -0.0227656 0.0492071 0.998529
vn -0.017312 0.05138 0.998529
vn -0.0116553 0.0529506 0.998529
vn -0.00586202 0.0539004 0.998529
vn 0 0.0542182 0.998529
vn 0.00586202 0.0539004 0.998529
vn 0.0116553 0.0529506 0.998529
vn 0.017312 0.05138 0.998529
vn 0.0227656 0.0492071 0.998529
vn 0.0279524 0.0464572 0.998529
vn 0.0448758 0.0304265 0.998529
vn 0.0479024 0.0253963 0.998529
vn 0.0503674 0.0200682 0.998529
vn 0.0522419 0.0145049 0.998529
vn 0.0535039 0.00877153 0.998529
vn 0.0541387 0.00293531 0.998529
vn 0.0541387 -0.00293531 0.998529
vn 0.0535039 -0.00877153 0.998529
vn 0.0522419 -0.0145049 0.998529
vn 0.0503674 -0.0200682 0.998529
vn 0.0479024 -0.0253963 0.998529
vn 0.0448758 -0.0304265 0.998529
vn 0.041323 -0.0351001 0.998529
vn 0.0372858 -0.0393622 0.998529
vn 0.0328115 -0.0431627 0.998529
vn 0.0279524 -0.0464572 0.998529
vn 0.017312 -0.05138 0.998529
vn 0.00586202 -0.0539004 0.998529
vn 0 -0.0542182 0.998529
vn -0.00586202 -0.0539004 0.998529
vn -0.0116553 -0.0529506 0.998529
vn -0.017312 -0.05138 0.998529
vn -0.0227656 -0.0492071 0.998529
vn -0.0279524 -0.0464572 0.998529
vn -0.0328115 -0.0431627 0.998529
vn -0.0372858 -0.0393622 0.998529
vn -0.041323 -0.0351001 0.998529
vn -0.0479024 -0.0253963 0.998529
vn -0.0522419 -0.0145049 0.998529
vn -0.370064 -0.0200643 -0.92879
vn -0.468257 -0.0253882 -0.883227
vn -0.560927 -0.0304126 -0.827306
vn -0.646988 -0.0350787 -0.761693
vn -0.725434 -0.0393319 -0.687167
vn -0.795353 -0.0431228 -0.604611
vn -0.855934 -0.0464074 -0.514998
vn -0.906479 -0.0491478 -0.419382
vn -0.946405 -0.0513126 -0.318881
vn -0.975254 -0.0528768 -0.21467
vn -0.992697 -0.0538225 -0.107962
vn -0.998533 -0.0541389 0
vn -0.992697 -0.0538225 0.107962
vn -0.975254 -0.0528768 0.21467
vn -0.946405 -0.0513126 0.318881
vn -0.906479 -0.0491478 0.419382
vn -0.855934 -0.0464074 0.514998
vn -0.795353 -0.0431228 0.604611
vn -0.725434 -0.0393319 0.687167
vn -0.646988 -0.0350787 0.761693
vn -0.560927 -0.0304126 0.827306
vn -0.468257 -0.0253882 0.883227
vn -0.370064 -0.0200643 0.92879
vn -0.161776 -0.00877123 0.986789
vn -0.2675 -0.0145034 0.963449
vn -0.357099 -0.0991479 -0.92879
vn -0.451852 -0.125456 -0.883227
vn -0.541276 -0.150284 -0.827306
vn -0.624321 -0.173342 -0.761693
vn -0.700018 -0.194359 -0.687167
vn -0.767488 -0.213092 -0.604611
vn -0.825947 -0.229323 -0.514998
vn -0.87472 -0.242865 -0.419382
vn -0.913248 -0.253562 -0.318881
vn -0.941086 -0.261291 -0.21467
vn -0.957918 -0.265965 -0.107962
vn -0.96355 -0.267528 0
vn -0.957918 -0.265965 0.107962
vn -0.941086 -0.261291 0.21467
vn -0.913248 -0.253562 0.318881
vn -0.87472 -0.242865 0.419382
vn -0.825947 -0.229323 0.514998
vn -0.767488 -0.213092 0.604611
vn -0.700018 -0.194359 0.687167
vn -0.624321 -0.173342 0.761693
vn -0.541276 -0.150284 0.827306
vn -0.451852 -0.125456 0.883227
vn -0.357099 -0.0991479 0.92879
vn -0.156108 -0.0433432 0.986789
vn -0.258128 -0.071669 0.963449
vn -0.327436 -0.173596 -0.92879
vn -0.414319 -0.219658 -0.883227
vn -0.496314 -0.263129 -0.827306
vn -0.572461 -0.3035 -0.761693
vn -0.641871 -0.340298 -0.687167
vn -0.703736 -0.373097 -0.604611
vn -0.757339 -0.401516 -0.514998
vn -0.802061 -0.425226 -0.419382
vn -0.837388 -0.443955 -0.318881
vn -0.862914 -0.457488 -0.21467
vn -0.878348 -0.465671 -0.107962
vn -0.883512 -0.468408 0
vn -0.878348 -0.465671 0.107962
vn -0.862914 -0.457488 0.21467
vn -0.837388 -0.443955 0.318881
vn -0.802061 -0.425226 0.419382
vn -0.757339 -0.401516 0.514998
vn -0.703736 -0.373097 0.604611
vn -0.641871 -0.340298 0.687167
vn -0.572461 -0.3035 0.761693
vn -0.496314 -0.263129 0.827306
vn -0.414319 -0.219658 0.883227
vn -0.327436 -0.173596 0.92879
vn -0.143141 -0.0758884 0.986789
vn -0.236687 -0.125483 0.963449
vn -0.282463 -0.239926 -0.92879
vn -0.254866 -0.269059 -0.92879
vn -0.224282 -0.295038 -0.92879
vn -0.191068 -0.317557 -0.92879
vn -0.357412 -0.303589 -0.883227
vn -0.322493 -0.340452 -0.883227
vn -0.283794 -0.373324 -0.883227
vn -0.241767 -0.401819 -0.883227
vn -0.196905 -0.425603 -0.883227
vn -0.428146 -0.36367 -0.827306
vn -0.386316 -0.407829 -0.827306
vn -0.339957 -0.447206 -0.827306
vn -0.289613 -0.481341 -0.827306
vn -0.235873 -0.509832 -0.827306
vn -0.179368 -0.532345 -0.827306
vn -0.493834 -0.419466 -0.761693
vn -0.445587 -0.4704 -0.761693
vn -0.392115 -0.515819 -0.761693
vn -0.334047 -0.55519 -0.761693
vn -0.272062 -0.588053 -0.761693
vn -0.206888 -0.614021 -0.761693
vn -0.169026 -0.62494 -0.762155
vn -0.55371 -0.470326 -0.687167
vn -0.499613 -0.527435 -0.687167
vn -0.439659 -0.578361 -0.687167
vn -0.374549 -0.622506 -0.687167
vn -0.305049 -0.659353 -0.687167
vn -0.231972 -0.688469 -0.687167
vn -0.188175 -0.701198 -0.687686
vn -0.167819 -0.625346 -0.762089
vn -0.134915 -0.633033 -0.762278
vn -0.607078 -0.515657 -0.604611
vn -0.547767 -0.57827 -0.604611
vn -0.482034 -0.634105 -0.604611
vn -0.410649 -0.682504 -0.604611
vn -0.33445 -0.722903 -0.604611
vn -0.25433 -0.754825 -0.604611
vn -0.204835 -0.769307 -0.605153
vn -0.186828 -0.701676 -0.687565
vn -0.149884 -0.710104 -0.687958
vn -0.13378 -0.633811 -0.761831
vn -0.0700544 -0.64414 -0.761693
vn -0.653319 -0.554934 -0.514998
vn -0.58949 -0.622317 -0.514998
vn -0.51875 -0.682404 -0.514998
vn -0.441928 -0.73449 -0.514998
vn -0.359925 -0.777966 -0.514998
vn -0.273702 -0.81232 -0.514998
vn -0.218843 -0.828458 -0.515524
vn -0.203362 -0.76985 -0.604958
vn -0.162815 -0.778934 -0.605601
vn -0.148606 -0.710956 -0.687355
vn -0.0785484 -0.72224 -0.687167
vn 0 -0.726499 -0.687167
vn -0.691898 -0.587704 -0.419382
vn -0.6243 -0.659066 -0.419382
vn -0.549383 -0.722701 -0.419382
vn -0.468025 -0.777864 -0.419382
vn -0.38118 -0.823906 -0.419382
vn -0.289865 -0.860289 -0.419382
vn -0.230073 -0.877947 -0.419853
vn -0.21726 -0.829053 -0.515237
vn -0.173593 -0.838717 -0.516158
vn -0.161402 -0.779817 -0.604842
vn -0.086119 -0.791851 -0.604611
vn 0 -0.796521 -0.604611
vn 0.086119 -0.791851 -0.604611
vn -0.744394 -0.632294 -0.21467
vn -0.722373 -0.613589 -0.318881
vn -0.651798 -0.688095 -0.318881
vn -0.573581 -0.754533 -0.318881
vn -0.488639 -0.812125 -0.318881
vn -0.397969 -0.860195 -0.318881
vn -0.302632 -0.898181 -0.318881
vn -0.238432 -0.917181 -0.319263
vn -0.228395 -0.878573 -0.419458
vn -0.182129 -0.888748 -0.420662
vn -0.172055 -0.839588 -0.515257
vn -0.0926787 -0.852166 -0.514998
vn 0 -0.857191 -0.514998
vn 0.0926787 -0.852166 -0.514998
vn 0.184271 -0.837151 -0.514998
vn -0.762162 -0.647386 0
vn -0.744394 -0.632294 0.21467
vn -0.671667 -0.70907 0.21467
vn -0.591066 -0.777534 0.21467
vn -0.503535 -0.836881 0.21467
vn -0.4101 -0.886417 0.21467
vn -0.311858 -0.92556 0.21467
vn -0.209959 -0.953852 0.21467
vn -0.722373 -0.613589 0.318881
vn -0.651798 -0.688095 0.318881
vn -0.573581 -0.754533 0.318881
vn -0.488639 -0.812125 0.318881
vn -0.397969 -0.860195 0.318881
vn -0.302632 -0.898181 0.318881
vn -0.203748 -0.925636 0.318881
vn -0.102475 -0.942239 0.318881
vn 0 -0.947795 0.318881
vn 0.102475 -0.942239 0.318881
vn -0.691898 -0.587704 0.419382
vn -0.6243 -0.659066 0.419382
vn -0.549383 -0.722701 0.419382
vn -0.468025 -0.777864 0.419382
vn -0.38118 -0.823906 0.419382
vn -0.289865 -0.860289 0.419382
vn -0.195152 -0.886586 0.419382
vn -0.0981515 -0.902488 0.419382
vn 0 -0.90781 0.419382
vn 0.0981515 -0.902488 0.419382
vn -0.653319 -0.554934 0.514998
vn -0.58949 -0.622317 0.514998
vn -0.51875 -0.682404 0.514998
vn -0.441928 -0.73449 0.514998
vn -0.359925 -0.777966 0.514998
vn -0.273702 -0.81232 0.514998
vn -0.184271 -0.837151 0.514998
vn -0.0926787 -0.852166 0.514998
vn 0 -0.857191 0.514998
vn 0.0926787 -0.852166 0.514998
vn -0.607078 -0.515657 0.604611
vn -0.547767 -0.57827 0.604611
vn -0.482034 -0.634105 0.604611
vn -0.410649 -0.682504 0.604611
vn -0.33445 -0.722903 0.604611
vn -0.25433 -0.754825 0.604611
vn -0.171228 -0.777898 0.604611
vn -0.086119 -0.791851 0.604611
vn 0 -0.796521 0.604611
vn 0.086119 -0.791851 0.604611
vn -0.55371 -0.470326 0.687167
vn -0.499613 -0.527435 0.687167
vn -0.439659 -0.578361 0.687167
vn -0.374549 -0.622506 0.687167
vn -0.305049 -0.659353 0.687167
vn -0.231972 -0.688469 0.687167
vn -0.156176 -0.709514 0.687167
vn -0.0785484 -0.72224 0.687167
vn 0 -0.726499 0.687167
vn 0.0785484 -0.72224 0.687167
vn -0.493834 -0.419466 0.761693
vn -0.445587 -0.4704 0.761693
vn -0.392115 -0.515819 0.761693
vn -0.334047 -0.55519 0.761693
vn -0.272062 -0.588053 0.761693
vn -0.206888 -0.614021 0.761693
vn -0.139288 -0.63279 0.761693
vn -0.0700544 -0.64414 0.761693
vn 0 -0.647938 0.761693
vn 0.0700544 -0.64414 0.761693
vn -0.428146 -0.36367 0.827306
vn -0.386316 -0.407829 0.827306
vn -0.339957 -0.447206 0.827306
vn -0.289613 -0.481341 0.827306
vn -0.235873 -0.509832 0.827306
vn -0.179368 -0.532345 0.827306
vn -0.12076 -0.548618 0.827306
vn -0.060736 -0.558458 0.827306
vn 0 -0.561751 0.827306
vn 0.060736 -0.558458 0.827306
vn -0.357412 -0.303589 0.883227
vn -0.322493 -0.340452 0.883227
vn -0.283794 -0.373324 0.883227
vn -0.241767 -0.401819 0.883227
vn -0.196905 -0.425603 0.883227
vn -0.149735 -0.444397 0.883227
vn -0.100809 -0.457982 0.883227
vn -0.0507019 -0.466196 0.883227
vn 0 -0.468945 0.883227
vn 0.0507019 -0.466196 0.883227
vn -0.282463 -0.239926 0.92879
vn -0.254866 -0.269059 0.92879
vn -0.224282 -0.295038 0.92879
vn -0.191068 -0.317557 0.92879
vn -0.155614 -0.336354 0.92879
vn -0.118335 -0.351207 0.92879
vn -0.0796696 -0.361943 0.92879
vn -0.0400697 -0.368435 0.92879
vn 0 -0.370607 0.92879
vn 0.0400697 -0.368435 0.92879
vn -0.12348 -0.104885 0.986789
vn -0.204178 -0.17343 0.963449
vn -0.18423 -0.194489 0.963449
vn -0.162122 -0.213268 0.963449
vn -0.138113 -0.229546 0.963449
vn -0.112485 -0.243133 0.963449
vn -0.0855387 -0.25387 0.963449
vn -0.0575891 -0.26163 0.963449
vn -0.0289643 -0.266323 0.963449
vn 0 -0.267893 0.963449
vn 0.0289643 -0.266323 0.963449
vn -0.671667 -0.70907 -0.21467
vn -0.744394 -0.632294 -0.21467
vn -0.591066 -0.777534 -0.21467
vn -0.503535 -0.836881 -0.21467
vn -0.4101 -0.886417 -0.21467
vn -0.311858 -0.92556 -0.21467
vn -0.243862 -0.945692 -0.214936
vn -0.236673 -0.917814 -0.318753
vn -0.188363 -0.928429 -0.320218
vn -0.180478 -0.889566 -0.419644
vn -0.0981515 -0.902488 -0.419382
vn 0 -0.90781 -0.419382
vn 0.0981515 -0.902488 -0.419382
vn 0.195152 -0.886586 -0.419382
vn 0.289865 -0.860289 -0.419382
vn -0.687699 -0.725995 -0
vn -0.605174 -0.796093 -0
vn -0.515554 -0.856857 -0
vn -0.419889 -0.907575 -0
vn -0.319302 -0.947653 -0
vn -0.111417 -0.117621 0.986789
vn -0.12348 -0.104885 0.986789
vn -0.0980463 -0.128978 0.986789
vn -0.0835266 -0.138822 0.986789
vn -0.0680277 -0.147039 0.986789
vn -0.0517311 -0.153532 0.986789
vn -0.0348281 -0.158226 0.986789
vn -0.0175167 -0.161064 0.986789
vn 0 -0.162013 0.986789
vn 0.0175167 -0.161064 0.986789
vn -0.0987412 -0.356725 -0.928977
vn -0.242039 -0.946302 -0.214312
vn -0.0400697 -0.368435 -0.92879
vn -0.0786634 -0.362115 -0.928808
vn -0.0507019 -0.466196 -0.883227
vn -0.102475 -0.942239 -0.318881
vn -0.186612 -0.92916 -0.319119
vn -0.19226 -0.95728 -0.215991
vn 0 -0.947795 -0.318881
vn 0.102475 -0.942239 -0.318881
vn 0.203748 -0.925636 -0.318881
vn 0.302632 -0.898181 -0.318881
vn 0.397969 -0.860195 -0.318881
vn -0.190429 -0.957901 -0.214854
vn 0.0400697 -0.368435 -0.92879
vn 0.0507019 -0.466196 -0.883227
vn 0.060736 -0.558458 -0.827306
vn 0.0700544 -0.64414 -0.761693
vn 0.118335 -0.351207 -0.92879
vn 0.149735 -0.444397 -0.883227
vn 0.179368 -0.532345 -0.827306
vn 0.206888 -0.614021 -0.761693
vn 0.231972 -0.688469 -0.687167
vn 0.25433 -0.754825 -0.604611
vn 0.209959 -0.953852 -0.21467
vn 0.311858 -0.92556 -0.21467
vn 0.4101 -0.886417 -0.21467
vn 0.503535 -0.836881 -0.21467
vn 0.319302 -0.947653 0
vn 0.419889 -0.907575 0
vn 0.515554 -0.856857 0
vn 0.605174 -0.796093 0
vn 0.687699 -0.725995 0
vn 0.317435 -0.942114 0.107962
vn 0.417435 -0.902271 0.107962
vn 0.51254 -0.851849 0.107962
vn 0.601637 -0.79144 0.107962
vn 0.68368 -0.721752 0.107962
vn 0.757707 -0.643602 0.107962
vn 0.311858 -0.92556 0.21467
vn 0.4101 -0.886417 0.21467
vn 0.503535 -0.836881 0.21467
vn 0.591066 -0.777534 0.21467
vn 0.671667 -0.70907 0.21467
vn 0.744394 -0.632294 0.21467
vn 0.808393 -0.548104 0.21467
vn 0.302632 -0.898181 0.318881
vn 0.397969 -0.860195 0.318881
vn 0.488639 -0.812125 0.318881
vn 0.573581 -0.754533 0.318881
vn 0.651798 -0.688095 0.318881
vn 0.722373 -0.613589 0.318881
vn 0.784479 -0.53189 0.318881
vn 0.837388 -0.443955 0.318881
vn 0.289865 -0.860289 0.419382
vn 0.38118 -0.823906 0.419382
vn 0.468025 -0.777864 0.419382
vn 0.549383 -0.722701 0.419382
vn 0.6243 -0.659066 0.419382
vn 0.691898 -0.587704 0.419382
vn 0.751384 -0.509451 0.419382
vn 0.802061 -0.425226 0.419382
vn 0.843334 -0.336015 0.419382
vn 0.273702 -0.81232 0.514998
vn 0.359925 -0.777966 0.514998
vn 0.441928 -0.73449 0.514998
vn 0.51875 -0.682404 0.514998
vn 0.58949 -0.622317 0.514998
vn 0.653319 -0.554934 0.514998
vn 0.709488 -0.481045 0.514998
vn 0.757339 -0.401516 0.514998
vn 0.796311 -0.317279 0.514998
vn 0.825947 -0.229323 0.514998
vn 0.25433 -0.754825 0.604611
vn 0.33445 -0.722903 0.604611
vn 0.410649 -0.682504 0.604611
vn 0.482034 -0.634105 0.604611
vn 0.547767 -0.57827 0.604611
vn 0.607078 -0.515657 0.604611
vn 0.659271 -0.446997 0.604611
vn 0.703736 -0.373097 0.604611
vn 0.739949 -0.294823 0.604611
vn 0.767488 -0.213092 0.604611
vn 0.786028 -0.128863 0.604611
vn 0.231972 -0.688469 0.687167
vn 0.305049 -0.659353 0.687167
vn 0.374549 -0.622506 0.687167
vn 0.439659 -0.578361 0.687167
vn 0.499613 -0.527435 0.687167
vn 0.55371 -0.470326 0.687167
vn 0.601315 -0.407702 0.687167
vn 0.641871 -0.340298 0.687167
vn 0.674901 -0.268905 0.687167
vn 0.700018 -0.194359 0.687167
vn 0.716929 -0.117534 0.687167
vn 0.725434 -0.0393319 0.687167
vn 0.206888 -0.614021 0.761693
vn 0.272062 -0.588053 0.761693
vn 0.334047 -0.55519 0.761693
vn 0.392115 -0.515819 0.761693
vn 0.445587 -0.4704 0.761693
vn 0.493834 -0.419466 0.761693
vn 0.536291 -0.363614 0.761693
vn 0.572461 -0.3035 0.761693
vn 0.601919 -0.239827 0.761693
vn 0.624321 -0.173342 0.761693
vn 0.639403 -0.104825 0.761693
vn 0.646988 -0.0350787 0.761693
vn 0.646988 0.0350787 0.761693
vn 0.179368 -0.532345 0.827306
vn 0.235873 -0.509832 0.827306
vn 0.289613 -0.481341 0.827306
vn 0.339957 -0.447206 0.827306
vn 0.386316 -0.407829 0.827306
vn 0.428146 -0.36367 0.827306
vn 0.464955 -0.315248 0.827306
vn 0.496314 -0.263129 0.827306
vn 0.521854 -0.207926 0.827306
vn 0.541276 -0.150284 0.827306
vn 0.554351 -0.0908813 0.827306
vn 0.560927 -0.0304126 0.827306
vn 0.560927 0.0304126 0.827306
vn 0.554351 0.0908813 0.827306
vn 0.149735 -0.444397 0.883227
vn 0.196905 -0.425603 0.883227
vn 0.241767 -0.401819 0.883227
vn 0.283794 -0.373324 0.883227
vn 0.322493 -0.340452 0.883227
vn 0.357412 -0.303589 0.883227
vn 0.388141 -0.263166 0.883227
vn 0.414319 -0.219658 0.883227
vn 0.435639 -0.173575 0.883227
vn 0.451852 -0.125456 0.883227
vn 0.462768 -0.0758669 0.883227
vn 0.468257 -0.0253882 0.883227
vn 0.468257 0.0253882 0.883227
vn 0.462768 0.0758669 0.883227
vn 0.451852 0.125456 0.883227
vn 0.118335 -0.351207 0.92879
vn 0.155614 -0.336354 0.92879
vn 0.191068 -0.317557 0.92879
vn 0.224282 -0.295038 0.92879
vn 0.254866 -0.269059 0.92879
vn 0.282463 -0.239926 0.92879
vn 0.306747 -0.20798 0.92879
vn 0.327436 -0.173596 0.92879
vn 0.344285 -0.137176 0.92879
vn 0.357099 -0.0991479 0.92879
vn 0.365725 -0.0599576 0.92879
vn 0.370064 -0.0200643 0.92879
vn 0.370064 0.0200643 0.92879
vn 0.365725 0.0599576 0.92879
vn 0.357099 0.0991479 0.92879
vn 0.344285 0.137176 0.92879
vn 0.0517311 -0.153532 0.986789
vn 0.0855387 -0.25387 0.963449
vn 0.112485 -0.243133 0.963449
vn 0.138113 -0.229546 0.963449
vn 0.162122 -0.213268 0.963449
vn 0.18423 -0.194489 0.963449
vn 0.204178 -0.17343 0.963449
vn 0.221732 -0.150338 0.963449
vn 0.236687 -0.125483 0.963449
vn 0.248866 -0.0991575 0.963449
vn 0.258128 -0.071669 0.963449
vn 0.264364 -0.0433403 0.963449
vn 0.2675 -0.0145034 0.963449
vn 0.2675 0.0145034 0.963449
vn 0.264364 0.0433403 0.963449
vn 0.258128 0.071669 0.963449
vn 0.248866 0.0991575 0.963449
vn 0.236687 0.125483 0.963449
vn 0.191068 -0.317557 -0.92879
vn 0.241767 -0.401819 -0.883227
vn 0.289613 -0.481341 -0.827306
vn 0.334047 -0.55519 -0.761693
vn 0.374549 -0.622506 -0.687167
vn 0.410649 -0.682504 -0.604611
vn 0.441928 -0.73449 -0.514998
vn 0.468025 -0.777864 -0.419382
vn 0.0680277 -0.147039 0.986789
vn 0.0517311 -0.153532 0.986789
vn 0.0227656 -0.0492071 0.998529
vn 0.0835266 -0.138822 0.986789
vn 0.0980463 -0.128978 0.986789
vn 0.111417 -0.117621 0.986789
vn 0.12348 -0.104885 0.986789
vn 0.134097 -0.0909198 0.986789
vn 0.143141 -0.0758884 0.986789
vn 0.150507 -0.0599673 0.986789
vn 0.156108 -0.0433432 0.986789
vn 0.159879 -0.0262108 0.986789
vn 0.161776 -0.00877123 0.986789
vn 0.161776 0.00877123 0.986789
vn 0.159879 0.0262108 0.986789
vn 0.156108 0.0433432 0.986789
vn 0.150507 0.0599673 0.986789
vn 0.143141 0.0758884 0.986789
vn 0.134097 0.0909198 0.986789
vn 0.254866 -0.269059 -0.92879
vn 0.282463 -0.239926 -0.92879
vn 0.306747 -0.20798 -0.92879
vn 0.327436 -0.173596 -0.92879
vn 0.322493 -0.340452 -0.883227
vn 0.357412 -0.303589 -0.883227
vn 0.388141 -0.263166 -0.883227
vn 0.414319 -0.219658 -0.883227
vn 0.435639 -0.173575 -0.883227
vn 0.386316 -0.407829 -0.827306
vn 0.428146 -0.36367 -0.827306
vn 0.464955 -0.315248 -0.827306
vn 0.496314 -0.263129 -0.827306
vn 0.521854 -0.207926 -0.827306
vn 0.541276 -0.150284 -0.827306
vn 0.445587 -0.4704 -0.761693
vn 0.493834 -0.419466 -0.761693
vn 0.536291 -0.363614 -0.761693
vn 0.572461 -0.3035 -0.761693
vn 0.601919 -0.239827 -0.761693
vn 0.624321 -0.173342 -0.761693
vn 0.639403 -0.104825 -0.761693
vn 0.499613 -0.527435 -0.687167
vn 0.55371 -0.470326 -0.687167
vn 0.601315 -0.407702 -0.687167
vn 0.641871 -0.340298 -0.687167
vn 0.674901 -0.268905 -0.687167
vn 0.700018 -0.194359 -0.687167
vn 0.716929 -0.117534 -0.687167
vn 0.725434 -0.0393319 -0.687167
vn 0.547767 -0.57827 -0.604611
vn 0.607078 -0.515657 -0.604611
vn 0.659271 -0.446997 -0.604611
vn 0.703736 -0.373097 -0.604611
vn 0.739949 -0.294823 -0.604611
vn 0.767488 -0.213092 -0.604611
vn 0.786028 -0.128863 -0.604611
vn 0.795353 -0.0431228 -0.604611
vn 0.795353 0.0431228 -0.604611
vn 0.58949 -0.622317 -0.514998
vn 0.653319 -0.554934 -0.514998
vn 0.709488 -0.481045 -0.514998
vn 0.757339 -0.401516 -0.514998
vn 0.796311 -0.317279 -0.514998
vn 0.825947 -0.229323 -0.514998
vn 0.845899 -0.138678 -0.514998
vn 0.855934 -0.0464074 -0.514998
vn 0.855934 0.0464074 -0.514998
vn 0.845899 0.138678 -0.514998
vn 0.6243 -0.659066 -0.419382
vn 0.691898 -0.587704 -0.419382
vn 0.751384 -0.509451 -0.419382
vn 0.802061 -0.425226 -0.419382
vn 0.843334 -0.336015 -0.419382
vn 0.87472 -0.242865 -0.419382
vn 0.895851 -0.146867 -0.419382
vn 0.906479 -0.0491478 -0.419382
vn 0.906479 0.0491478 -0.419382
vn 0.895851 0.146867 -0.419382
vn 0.87472 0.242865 -0.419382
vn 0.651798 -0.688095 -0.318881
vn 0.722373 -0.613589 -0.318881
vn 0.784479 -0.53189 -0.318881
vn 0.837388 -0.443955 -0.318881
vn 0.880479 -0.350815 -0.318881
vn 0.913248 -0.253562 -0.318881
vn 0.935309 -0.153336 -0.318881
vn 0.946405 -0.0513126 -0.318881
vn 0.946405 0.0513126 -0.318881
vn 0.935309 0.153336 -0.318881
vn 0.913248 0.253562 -0.318881
vn 0.880479 0.350815 -0.318881
vn 0.744394 -0.632294 -0.21467
vn 0.671667 -0.70907 -0.21467
vn 0.757707 -0.643602 -0.107962
vn 0.822851 -0.557907 -0.107962
vn 0.827689 -0.561187 0
vn 0.883512 -0.468408 0
vn 0.878348 -0.465671 0.107962
vn 0.923547 -0.367975 0.107962
vn 0.907319 -0.361509 0.21467
vn 0.941086 -0.261291 0.21467
vn 0.913248 -0.253562 0.318881
vn 0.935309 -0.153336 0.318881
vn 0.895851 -0.146867 0.419382
vn 0.906479 -0.0491478 0.419382
vn 0.855934 -0.0464074 0.514998
vn 0.855934 0.0464074 0.514998
vn 0.795353 0.0431228 0.604611
vn 0.786028 0.128863 0.604611
vn 0.716929 0.117534 0.687167
vn 0.700018 0.194359 0.687167
vn 0.624321 0.173342 0.761693
vn 0.601919 0.239827 0.761693
vn 0.521854 0.207926 0.827306
vn 0.496314 0.263129 0.827306
vn 0.414319 0.219658 0.883227
vn 0.388141 0.263166 0.883227
vn 0.306747 0.20798 0.92879
vn 0.282463 0.239926 0.92879
vn 0.204178 0.17343 0.963449
vn 0.18423 0.194489 0.963449
vn 0.111417 0.117621 0.986789
vn 0.0980463 0.128978 0.986789
vn 0.0328115 0.0431627 0.998529
vn 0.808393 -0.548104 -0.21467
vn 0.862914 -0.457488 -0.21467
vn 0.907319 -0.361509 -0.21467
vn 0.941086 -0.261291 -0.21467
vn 0.96382 -0.15801 -0.21467
vn 0.975254 -0.0528768 -0.21467
vn 0.975254 0.0528768 -0.21467
vn 0.96382 0.15801 -0.21467
vn 0.941086 0.261291 -0.21467
vn 0.907319 0.361509 -0.21467
vn 0.862914 0.457488 -0.21467
vn 0.878348 -0.465671 -0.107962
vn 0.822851 -0.557907 -0.107962
vn 0.883512 -0.468408 0
vn 0.928977 -0.370138 0
vn 0.923547 -0.367975 0.107962
vn 0.957918 -0.265965 0.107962
vn 0.941086 -0.261291 0.21467
vn 0.96382 -0.15801 0.21467
vn 0.935309 -0.153336 0.318881
vn 0.946405 -0.0513126 0.318881
vn 0.906479 -0.0491478 0.419382
vn 0.906479 0.0491478 0.419382
vn 0.855934 0.0464074 0.514998
vn 0.845899 0.138678 0.514998
vn 0.786028 0.128863 0.604611
vn 0.767488 0.213092 0.604611
vn 0.700018 0.194359 0.687167
vn 0.674901 0.268905 0.687167
vn 0.601919 0.239827 0.761693
vn 0.572461 0.3035 0.761693
vn 0.496314 0.263129 0.827306
vn 0.464955 0.315248 0.827306
vn 0.388141 0.263166 0.883227
vn 0.357412 0.303589 0.883227
vn 0.282463 0.239926 0.92879
vn 0.254866 0.269059 0.92879
vn 0.18423 0.194489 0.963449
vn 0.162122 0.213268 0.963449
vn 0.0980463 0.128978 0.986789
vn 0.0835266 0.138822 0.986789
vn 0.923547 -0.367975 -0.107962
vn 0.957918 -0.265965 -0.107962
vn 0.981059 -0.160836 -0.107962
vn 0.992697 -0.0538225 -0.107962
vn 0.992697 0.0538225 -0.107962
vn 0.981059 0.160836 -0.107962
vn 0.957918 0.265965 -0.107962
vn 0.923547 0.367975 -0.107962
vn 0.878348 0.465671 -0.107962
vn 0.822851 0.557907 -0.107962
vn 0.357099 -0.0991479 -0.92879
vn 0.365725 -0.0599576 -0.92879
vn 0.462768 -0.0758669 -0.883227
vn 0.468257 -0.0253882 -0.883227
vn 0.560927 -0.0304126 -0.827306
vn 0.560927 0.0304126 -0.827306
vn 0.646988 0.0350787 -0.761693
vn 0.639403 0.104825 -0.761693
vn 0.716929 0.117534 -0.687167
vn 0.700018 0.194359 -0.687167
vn 0.767488 0.213092 -0.604611
vn 0.739949 0.294823 -0.604611
vn 0.796311 0.317279 -0.514998
vn 0.757339 0.401516 -0.514998
vn 0.802061 0.425226 -0.419382
vn 0.751384 0.509451 -0.419382
vn 0.784479 0.53189 -0.318881
vn 0.722373 0.613589 -0.318881
vn 0.744394 0.632294 -0.21467
vn 0.671667 0.70907 -0.21467
vn 0.68368 0.721752 -0.107962
vn 0.601637 0.79144 -0.107962
vn 0.605174 0.796093 0
vn 0.515554 0.856857 0
vn 0.51254 0.851849 0.107962
vn 0.417435 0.902271 0.107962
vn 0.4101 0.886417 0.21467
vn 0.311858 0.92556 0.21467
vn 0.302632 0.898181 0.318881
vn 0.203748 0.925636 0.318881
vn 0.195152 0.886586 0.419382
vn 0.0981515 0.902488 0.419382
vn 0.0926787 0.852166 0.514998
vn 0 0.857191 0.514998
vn 0 0.796521 0.604611
vn -0.086119 0.791851 0.604611
vn -0.0785484 0.72224 0.687167
vn 0.96355 -0.267528 0
vn 0.928977 -0.370138 0
vn 0.957918 -0.265965 0.107962
vn 0.981059 -0.160836 0.107962
vn 0.96382 -0.15801 0.21467
vn 0.975254 -0.0528768 0.21467
vn 0.946405 -0.0513126 0.318881
vn 0.946405 0.0513126 0.318881
vn 0.906479 0.0491478 0.419382
vn 0.895851 0.146867 0.419382
vn 0.845899 0.138678 0.514998
vn 0.825947 0.229323 0.514998
vn 0.767488 0.213092 0.604611
vn 0.739949 0.294823 0.604611
vn 0.674901 0.268905 0.687167
vn 0.641871 0.340298 0.687167
vn 0.572461 0.3035 0.761693
vn 0.536291 0.363614 0.761693
vn 0.464955 0.315248 0.827306
vn 0.428146 0.36367 0.827306
vn 0.357412 0.303589 0.883227
vn 0.322493 0.340452 0.883227
vn 0.254866 0.269059 0.92879
vn 0.224282 0.295038 0.92879
vn 0.162122 0.213268 0.963449
vn 0.138113 0.229546 0.963449
vn 0.0835266 0.138822 0.986789
vn 0.0680277 0.147039 0.986789
vn 0.986827 -0.161782 0
vn 0.998533 -0.0541389 0
vn 0.998533 0.0541389 0
vn 0.986827 0.161782 0
vn 0.96355 0.267528 0
vn 0.928977 0.370138 0
vn 0.883512 0.468408 0
vn 0.827689 0.561187 0
vn 0.762162 0.647386 0
vn 0.370064 -0.0200643 -0.92879
vn 0.468257 -0.0253882 -0.883227
vn 0.560927 0.0304126 -0.827306
vn 0.468257 0.0253882 -0.883227
vn 0.992697 -0.0538225 0.107962
vn 0.981059 -0.160836 0.107962
vn 0.975254 -0.0528768 0.21467
vn 0.975254 0.0528768 0.21467
vn 0.946405 0.0513126 0.318881
vn 0.935309 0.153336 0.318881
vn 0.895851 0.146867 0.419382
vn 0.87472 0.242865 0.419382
vn 0.825947 0.229323 0.514998
vn 0.796311 0.317279 0.514998
vn 0.739949 0.294823 0.604611
vn 0.703736 0.373097 0.604611
vn 0.641871 0.340298 0.687167
vn 0.601315 0.407702 0.687167
vn 0.536291 0.363614 0.761693
vn 0.493834 0.419466 0.761693
vn 0.428146 0.36367 0.827306
vn 0.386316 0.407829 0.827306
vn 0.322493 0.340452 0.883227
vn 0.283794 0.373324 0.883227
vn 0.224282 0.295038 0.92879
vn 0.191068 0.317557 0.92879
vn 0.138113 0.229546 0.963449
vn 0.112485 0.243133 0.963449
vn 0.0680277 0.147039 0.986789
vn 0.0517311 0.153532 0.986789
vn 0.992697 0.0538225 0.107962
vn 0.981059 0.160836 0.107962
vn 0.957918 0.265965 0.107962
vn 0.923547 0.367975 0.107962
vn 0.878348 0.465671 0.107962
vn 0.822851 0.557907 0.107962
vn 0.757707 0.643602 0.107962
vn 0.68368 0.721752 0.107962
vn 0.365725 -0.0599576 -0.92879
vn 0.639403 0.104825 -0.761693
vn 0.554351 0.0908813 -0.827306
vn 0.975254 0.0528768 0.21467
vn 0.96382 0.15801 0.21467
vn 0.935309 0.153336 0.318881
vn 0.913248 0.253562 0.318881
vn 0.87472 0.242865 0.419382
vn 0.843334 0.336015 0.419382
vn 0.796311 0.317279 0.514998
vn 0.757339 0.401516 0.514998
vn 0.703736 0.373097 0.604611
vn 0.659271 0.446997 0.604611
vn 0.601315 0.407702 0.687167
vn 0.55371 0.470326 0.687167
vn 0.493834 0.419466 0.761693
vn 0.445587 0.4704 0.761693
vn 0.386316 0.407829 0.827306
vn 0.339957 0.447206 0.827306
vn 0.283794 0.373324 0.883227
vn 0.241767 0.401819 0.883227
vn 0.191068 0.317557 0.92879
vn 0.155614 0.336354 0.92879
vn 0.112485 0.243133 0.963449
vn 0.0855387 0.25387 0.963449
vn 0.0517311 0.153532 0.986789
vn 0.0348281 0.158226 0.986789
vn 0.96382 0.15801 0.21467
vn 0.357099 0.0991479 -0.92879
vn 0.344285 0.137176 -0.92879
vn 0.435639 0.173575 -0.883227
vn 0.414319 0.219658 -0.883227
vn 0.496314 0.263129 -0.827306
vn 0.464955 0.315248 -0.827306
vn 0.536291 0.363614 -0.761693
vn 0.493834 0.419466 -0.761693
vn 0.55371 0.470326 -0.687167
vn 0.499613 0.527435 -0.687167
vn 0.547767 0.57827 -0.604611
vn 0.482034 0.634105 -0.604611
vn 0.51875 0.682404 -0.514998
vn 0.441928 0.73449 -0.514998
vn 0.468025 0.777864 -0.419382
vn 0.38118 0.823906 -0.419382
vn 0.397969 0.860195 -0.318881
vn 0.302632 0.898181 -0.318881
vn 0.311858 0.92556 -0.21467
vn 0.242127 0.94614 -0.214928
vn 0.240987 0.946528 -0.214499
vn 0.190522 0.957726 -0.21555
vn 0.624321 0.173342 -0.761693
vn 0.700018 0.194359 -0.687167
vn 0.674901 0.268905 -0.687167
vn 0.739949 0.294823 -0.604611
vn 0.703736 0.373097 -0.604611
vn 0.757339 0.401516 -0.514998
vn 0.709488 0.481045 -0.514998
vn 0.751384 0.509451 -0.419382
vn 0.691898 0.587704 -0.419382
vn 0.722373 0.613589 -0.318881
vn 0.651798 0.688095 -0.318881
vn 0.671667 0.70907 -0.21467
vn 0.591066 0.777534 -0.21467
vn 0.601637 0.79144 -0.107962
vn 0.51254 0.851849 -0.107962
vn 0.515554 0.856857 0
vn 0.419889 0.907575 0
vn 0.417435 0.902271 0.107962
vn 0.317435 0.942114 0.107962
vn 0.311858 0.92556 0.21467
vn 0.209959 0.953852 0.21467
vn 0.203748 0.925636 0.318881
vn 0.102475 0.942239 0.318881
vn 0.0981515 0.902488 0.419382
vn 0 0.90781 0.419382
vn 0 0.857191 0.514998
vn -0.0926787 0.852166 0.514998
vn -0.086119 0.791851 0.604611
vn 0.941086 0.261291 0.21467
vn 0.907319 0.361509 0.21467
vn 0.862914 0.457488 0.21467
vn 0.808393 0.548104 0.21467
vn 0.744394 0.632294 0.21467
vn 0.671667 0.70907 0.21467
vn 0.591066 0.777534 0.21467
vn 0.913248 0.253562 0.318881
vn 0.880479 0.350815 0.318881
vn 0.843334 0.336015 0.419382
vn 0.802061 0.425226 0.419382
vn 0.757339 0.401516 0.514998
vn 0.709488 0.481045 0.514998
vn 0.659271 0.446997 0.604611
vn 0.607078 0.515657 0.604611
vn 0.55371 0.470326 0.687167
vn 0.499613 0.527435 0.687167
vn 0.445587 0.4704 0.761693
vn 0.392115 0.515819 0.761693
vn 0.339957 0.447206 0.827306
vn 0.289613 0.481341 0.827306
vn 0.241767 0.401819 0.883227
vn 0.196905 0.425603 0.883227
vn 0.155614 0.336354 0.92879
vn 0.118335 0.351207 0.92879
vn 0.0855387 0.25387 0.963449
vn 0.0575891 0.26163 0.963449
vn 0.0348281 0.158226 0.986789
vn 0.0175167 0.161064 0.986789
vn 0.880479 0.350815 0.318881
vn 0.837388 0.443955 0.318881
vn 0.784479 0.53189 0.318881
vn 0.722373 0.613589 0.318881
vn 0.651798 0.688095 0.318881
vn 0.573581 0.754533 0.318881
vn 0.488639 0.812125 0.318881
vn 0.802061 0.425226 0.419382
vn 0.751384 0.509451 0.419382
vn 0.709488 0.481045 0.514998
vn 0.653319 0.554934 0.514998
vn 0.607078 0.515657 0.604611
vn 0.547767 0.57827 0.604611
vn 0.499613 0.527435 0.687167
vn 0.439659 0.578361 0.687167
vn 0.392115 0.515819 0.761693
vn 0.334047 0.55519 0.761693
vn 0.289613 0.481341 0.827306
vn 0.235873 0.509832 0.827306
vn 0.196905 0.425603 0.883227
vn 0.149735 0.444397 0.883227
vn 0.118335 0.351207 0.92879
vn 0.0796696 0.361943 0.92879
vn 0.0575891 0.26163 0.963449
vn 0.0289643 0.266323 0.963449
vn 0.0175167 0.161064 0.986789
vn 0 0.162013 0.986789
vn 0.751384 0.509451 0.419382
vn 0.282463 0.239926 -0.92879
vn 0.306747 0.20798 -0.92879
vn 0.357412 0.303589 -0.883227
vn 0.322493 0.340452 -0.883227
vn 0.386316 0.407829 -0.827306
vn 0.339957 0.447206 -0.827306
vn 0.392115 0.515819 -0.761693
vn 0.334047 0.55519 -0.761693
vn 0.374549 0.622506 -0.687167
vn 0.305049 0.659353 -0.687167
vn 0.33445 0.722903 -0.604611
vn 0.25433 0.754825 -0.604611
vn 0.273702 0.81232 -0.514998
vn 0.2155 0.829348 -0.515502
vn 0.214516 0.82975 -0.515264
vn 0.170246 0.83961 -0.515822
vn 0.169275 0.840124 -0.515304
vn 0.0926787 0.852166 -0.514998
vn 0.0981515 0.902488 -0.419382
vn 0 0.90781 -0.419382
vn 0 0.947795 -0.318881
vn -0.102475 0.942239 -0.318881
vn 0.254866 0.269059 -0.92879
vn 0.224282 0.295038 -0.92879
vn 0.691898 0.587704 0.419382
vn 0.6243 0.659066 0.419382
vn 0.549383 0.722701 0.419382
vn 0.468025 0.777864 0.419382
vn 0.38118 0.823906 0.419382
vn 0.653319 0.554934 0.514998
vn 0.58949 0.622317 0.514998
vn 0.547767 0.57827 0.604611
vn 0.482034 0.634105 0.604611
vn 0.439659 0.578361 0.687167
vn 0.374549 0.622506 0.687167
vn 0.334047 0.55519 0.761693
vn 0.272062 0.588053 0.761693
vn 0.235873 0.509832 0.827306
vn 0.179368 0.532345 0.827306
vn 0.149735 0.444397 0.883227
vn 0.100809 0.457982 0.883227
vn 0.0796696 0.361943 0.92879
vn 0.0400697 0.368435 0.92879
vn 0.0289643 0.266323 0.963449
vn 0 0.267893 0.963449
vn 0 0.162013 0.986789
vn -0.0175167 0.161064 0.986789
vn 0.58949 0.622317 0.514998
vn 0.283794 0.373324 -0.883227
vn 0.322493 0.340452 -0.883227
vn 0.339957 0.447206 -0.827306
vn 0.289613 0.481341 -0.827306
vn 0.334047 0.55519 -0.761693
vn 0.272062 0.588053 -0.761693
vn 0.305049 0.659353 -0.687167
vn 0.231972 0.688469 -0.687167
vn 0.25433 0.754825 -0.604611
vn 0.201166 0.770293 -0.605129
vn 0.200253 0.770669 -0.604953
vn 0.159138 0.779902 -0.605333
vn 0.158244 0.780417 -0.604904
vn 0.086119 0.791851 -0.604611
vn 0.0926787 0.852166 -0.514998
vn 0 0.857191 -0.514998
vn 0 0.90781 -0.419382
vn -0.0981515 0.902488 -0.419382
vn -0.102475 0.942239 -0.318881
vn -0.203748 0.925636 -0.318881
vn -0.209959 0.953852 -0.21467
vn -0.311858 0.92556 -0.21467
vn -0.317435 0.942114 -0.107962
vn -0.417435 0.902271 -0.107962
vn -0.419889 0.907575 0
vn -0.515554 0.856857 0
vn -0.51254 0.851849 0.107962
vn -0.601637 0.79144 0.107962
vn -0.591066 0.777534 0.21467
vn -0.671667 0.70907 0.21467
vn -0.651798 0.688095 0.318881
vn -0.722373 0.613589 0.318881
vn -0.691898 0.587704 0.419382
vn -0.751384 0.509451 0.419382
vn -0.709488 0.481045 0.514998
vn -0.757339 0.401516 0.514998
vn -0.703736 0.373097 0.604611
vn -0.739949 0.294823 0.604611
vn -0.674901 0.268905 0.687167
vn -0.700018 0.194359 0.687167
vn -0.624321 0.173342 0.761693
vn -0.639403 0.104825 0.761693
vn -0.554351 0.0908813 0.827306
vn 0.289613 0.481341 -0.827306
vn 0.241767 0.401819 -0.883227
vn 0.51875 0.682404 0.514998
vn 0.441928 0.73449 0.514998
vn 0.359925 0.777966 0.514998
vn 0.273702 0.81232 0.514998
vn 0.482034 0.634105 0.604611
vn 0.410649 0.682504 0.604611
vn 0.374549 0.622506 0.687167
vn 0.305049 0.659353 0.687167
vn 0.272062 0.588053 0.761693
vn 0.206888 0.614021 0.761693
vn 0.179368 0.532345 0.827306
vn 0.12076 0.548618 0.827306
vn 0.100809 0.457982 0.883227
vn 0.0507019 0.466196 0.883227
vn 0.0400697 0.368435 0.92879
vn 0 0.370607 0.92879
vn 0 0.267893 0.963449
vn -0.0289643 0.266323 0.963449
vn -0.0175167 0.161064 0.986789
vn -0.0348281 0.158226 0.986789
vn 0.155614 0.336354 -0.92879
vn 0.118335 0.351207 -0.92879
vn 0.149735 0.444397 -0.883227
vn 0.235873 0.509832 -0.827306
vn 0.272062 0.588053 -0.761693
vn 0.206888 0.614021 -0.761693
vn 0.231972 0.688469 -0.687167
vn 0.184317 0.702244 -0.687663
vn 0.183484 0.702583 -0.68754
vn 0.146009 0.7111 -0.687763
vn 0.145199 0.711591 -0.687427
vn 0.0785484 0.72224 -0.687167
vn 0.086119 0.791851 -0.604611
vn 0 0.796521 -0.604611
vn 0 0.857191 -0.514998
vn -0.0926787 0.852166 -0.514998
vn -0.0981515 0.902488 -0.419382
vn -0.195152 0.886586 -0.419382
vn -0.203748 0.925636 -0.318881
vn -0.302632 0.898181 -0.318881
vn -0.311858 0.92556 -0.21467
vn -0.4101 0.886417 -0.21467
vn -0.417435 0.902271 -0.107962
vn -0.51254 0.851849 -0.107962
vn -0.515554 0.856857 0
vn -0.605174 0.796093 0
vn -0.601637 0.79144 0.107962
vn -0.68368 0.721752 0.107962
vn -0.671667 0.70907 0.21467
vn -0.744394 0.632294 0.21467
vn -0.722373 0.613589 0.318881
vn -0.784479 0.53189 0.318881
vn -0.751384 0.509451 0.419382
vn -0.802061 0.425226 0.419382
vn -0.757339 0.401516 0.514998
vn -0.796311 0.317279 0.514998
vn -0.739949 0.294823 0.604611
vn -0.767488 0.213092 0.604611
vn -0.700018 0.194359 0.687167
vn -0.716929 0.117534 0.687167
vn -0.639403 0.104825 0.761693
vn 0.33445 0.722903 0.604611
vn 0.25433 0.754825 0.604611
vn 0.171228 0.777898 0.604611
vn 0.305049 0.659353 0.687167
vn 0.231972 0.688469 0.687167
vn 0.206888 0.614021 0.761693
vn 0.139288 0.63279 0.761693
vn 0.12076 0.548618 0.827306
vn 0.060736 0.558458 0.827306
vn 0.0507019 0.466196 0.883227
vn 0 0.468945 0.883227
vn 0 0.370607 0.92879
vn -0.0400697 0.368435 0.92879
vn -0.0289643 0.266323 0.963449
vn -0.0575891 0.26163 0.963449
vn -0.0348281 0.158226 0.986789
vn -0.0517311 0.153532 0.986789
vn 0.0959332 0.458626 -0.883436
vn 0.0758461 0.362596 -0.928855
vn 0.0400697 0.368435 -0.92879
vn 0 0.370607 -0.92879
vn 0.0954073 0.458926 -0.883337
vn 0.0507019 0.466196 -0.883227
vn 0.060736 0.558458 -0.827306
vn 0 0.561751 -0.827306
vn 0 0.647938 -0.761693
vn -0.0700544 0.64414 -0.761693
vn -0.0785484 0.72224 -0.687167
vn -0.156176 0.709514 -0.687167
vn -0.171228 0.777898 -0.604611
vn -0.25433 0.754825 -0.604611
vn -0.273702 0.81232 -0.514998
vn -0.359925 0.777966 -0.514998
vn -0.38118 0.823906 -0.419382
vn -0.468025 0.777864 -0.419382
vn -0.488639 0.812125 -0.318881
vn -0.573581 0.754533 -0.318881
vn -0.591066 0.777534 -0.21467
vn -0.671667 0.70907 -0.21467
vn -0.68368 0.721752 -0.107962
vn -0.757707 0.643602 -0.107962
vn -0.762162 0.647386 0
vn -0.827689 0.561187 0
vn -0.822851 0.557907 0.107962
vn -0.878348 0.465671 0.107962
vn -0.862914 0.457488 0.21467
vn -0.907319 0.361509 0.21467
vn -0.880479 0.350815 0.318881
vn -0.913248 0.253562 0.318881
vn -0.87472 0.242865 0.419382
vn -0.895851 0.146867 0.419382
vn -0.845899 0.138678 0.514998
vn 0.0507019 0.466196 -0.883227
vn 0.245055 0.962507 -0.116312
vn 0.0762658 0.362379 -0.928905
vn 0 0.468945 -0.883227
vn -0.0507019 0.466196 -0.883227
vn 0 0.561751 -0.827306
vn -0.060736 0.558458 -0.827306
vn -0.0700544 0.64414 -0.761693
vn -0.139288 0.63279 -0.761693
vn -0.156176 0.709514 -0.687167
vn -0.231972 0.688469 -0.687167
vn -0.25433 0.754825 -0.604611
vn -0.33445 0.722903 -0.604611
vn -0.359925 0.777966 -0.514998
vn -0.441928 0.73449 -0.514998
vn -0.468025 0.777864 -0.419382
vn -0.549383 0.722701 -0.419382
vn -0.573581 0.754533 -0.318881
vn -0.651798 0.688095 -0.318881
vn -0.671667 0.70907 -0.21467
vn -0.744394 0.632294 -0.21467
vn -0.757707 0.643602 -0.107962
vn -0.822851 0.557907 -0.107962
vn -0.827689 0.561187 0
vn -0.883512 0.468408 0
vn -0.878348 0.465671 0.107962
vn -0.923547 0.367975 0.107962
vn -0.907319 0.361509 0.21467
vn -0.941086 0.261291 0.21467
vn -0.913248 0.253562 0.318881
vn -0.935309 0.153336 0.318881
vn -0.895851 0.146867 0.419382
vn -0.060736 0.558458 -0.827306
vn -0.139288 0.63279 -0.761693
vn -0.12076 0.548618 -0.827306
vn -0.209959 0.953852 -0.21467
vn -0.118335 0.351207 -0.92879
vn -0.0796696 0.361943 -0.92879
vn -0.149735 0.444397 -0.883227
vn -0.196905 0.425603 -0.883227
vn -0.235873 0.509832 -0.827306
vn -0.289613 0.481341 -0.827306
vn -0.334047 0.55519 -0.761693
vn -0.392115 0.515819 -0.761693
vn -0.439659 0.578361 -0.687167
vn -0.499613 0.527435 -0.687167
vn -0.547767 0.57827 -0.604611
vn -0.607078 0.515657 -0.604611
vn -0.653319 0.554934 -0.514998
vn -0.709488 0.481045 -0.514998
vn -0.751384 0.509451 -0.419382
vn -0.802061 0.425226 -0.419382
vn -0.837388 0.443955 -0.318881
vn -0.880479 0.350815 -0.318881
vn -0.907319 0.361509 -0.21467
vn -0.941086 0.261291 -0.21467
vn -0.957918 0.265965 -0.107962
vn -0.981059 0.160836 -0.107962
vn -0.986827 0.161782 0
vn -0.196905 0.425603 -0.883227
vn -0.155614 0.336354 -0.92879
vn -0.206888 0.614021 -0.761693
vn -0.231972 0.688469 -0.687167
vn -0.305049 0.659353 -0.687167
vn -0.33445 0.722903 -0.604611
vn -0.410649 0.682504 -0.604611
vn -0.441928 0.73449 -0.514998
vn -0.51875 0.682404 -0.514998
vn -0.549383 0.722701 -0.419382
vn -0.6243 0.659066 -0.419382
vn -0.651798 0.688095 -0.318881
vn -0.722373 0.613589 -0.318881
vn -0.744394 0.632294 -0.21467
vn -0.808393 0.548104 -0.21467
vn -0.822851 0.557907 -0.107962
vn -0.878348 0.465671 -0.107962
vn -0.883512 0.468408 0
vn -0.928977 0.370138 0
vn -0.923547 0.367975 0.107962
vn -0.957918 0.265965 0.107962
vn -0.941086 0.261291 0.21467
vn -0.96382 0.15801 0.21467
vn -0.935309 0.153336 0.318881
vn -0.317435 0.942114 0.107962
vn -0.417435 0.902271 0.107962
vn -0.311858 0.92556 0.21467
vn -0.4101 0.886417 0.21467
vn -0.503535 0.836881 0.21467
vn -0.302632 0.898181 0.318881
vn -0.397969 0.860195 0.318881
vn -0.488639 0.812125 0.318881
vn -0.573581 0.754533 0.318881
vn -0.289865 0.860289 0.419382
vn -0.38118 0.823906 0.419382
vn -0.468025 0.777864 0.419382
vn -0.549383 0.722701 0.419382
vn -0.6243 0.659066 0.419382
vn -0.273702 0.81232 0.514998
vn -0.359925 0.777966 0.514998
vn -0.441928 0.73449 0.514998
vn -0.51875 0.682404 0.514998
vn -0.58949 0.622317 0.514998
vn -0.653319 0.554934 0.514998
vn -0.25433 0.754825 0.604611
vn -0.33445 0.722903 0.604611
vn -0.410649 0.682504 0.604611
vn -0.482034 0.634105 0.604611
vn -0.547767 0.57827 0.604611
vn -0.607078 0.515657 0.604611
vn -0.659271 0.446997 0.604611
vn -0.231972 0.688469 0.687167
vn -0.305049 0.659353 0.687167
vn -0.374549 0.622506 0.687167
vn -0.439659 0.578361 0.687167
vn -0.499613 0.527435 0.687167
vn -0.55371 0.470326 0.687167
vn -0.601315 0.407702 0.687167
vn -0.641871 0.340298 0.687167
vn -0.206888 0.614021 0.761693
vn -0.272062 0.588053 0.761693
vn -0.334047 0.55519 0.761693
vn -0.392115 0.515819 0.761693
vn -0.445587 0.4704 0.761693
vn -0.493834 0.419466 0.761693
vn -0.536291 0.363614 0.761693
vn -0.572461 0.3035 0.761693
vn -0.601919 0.239827 0.761693
vn -0.179368 0.532345 0.827306
vn -0.235873 0.509832 0.827306
vn -0.196905 0.425603 0.883227
vn -0.241767 0.401819 0.883227
vn -0.191068 0.317557 0.92879
vn -0.224282 0.295038 0.92879
vn -0.162122 0.213268 0.963449
vn -0.18423 0.194489 0.963449
vn -0.111417 0.117621 0.986789
vn -0.12348 0.104885 0.986789
vn -0.0855387 0.25387 0.963449
vn -0.0575891 0.26163 0.963449
vn -0.0680277 0.147039 0.986789
vn -0.0517311 0.153532 0.986789
vn -0.112485 0.243133 0.963449
vn -0.118335 0.351207 0.92879
vn -0.0796696 0.361943 0.92879
vn -0.100809 0.457982 0.883227
vn -0.0507019 0.466196 0.883227
vn -0.060736 0.558458 0.827306
vn 0 0.561751 0.827306
vn 0 0.647938 0.761693
vn 0.0700544 0.64414 0.761693
vn 0.0785484 0.72224 0.687167
vn 0.156176 0.709514 0.687167
vn -0.241767 0.401819 -0.883227
vn -0.289613 0.481341 -0.827306
vn -0.339957 0.447206 -0.827306
vn -0.392115 0.515819 -0.761693
vn -0.445587 0.4704 -0.761693
vn -0.499613 0.527435 -0.687167
vn -0.55371 0.470326 -0.687167
vn -0.607078 0.515657 -0.604611
vn -0.659271 0.446997 -0.604611
vn -0.709488 0.481045 -0.514998
vn -0.757339 0.401516 -0.514998
vn -0.802061 0.425226 -0.419382
vn -0.843334 0.336015 -0.419382
vn -0.880479 0.350815 -0.318881
vn -0.913248 0.253562 -0.318881
vn -0.941086 0.261291 -0.21467
vn -0.96382 0.15801 -0.21467
vn -0.981059 0.160836 -0.107962
vn -0.289613 0.481341 0.827306
vn -0.339957 0.447206 0.827306
vn -0.386316 0.407829 0.827306
vn -0.428146 0.36367 0.827306
vn -0.464955 0.315248 0.827306
vn -0.496314 0.263129 0.827306
vn -0.521854 0.207926 0.827306
vn -0.541276 0.150284 0.827306
vn -0.241767 0.401819 0.883227
vn -0.283794 0.373324 0.883227
vn -0.224282 0.295038 0.92879
vn -0.254866 0.269059 0.92879
vn -0.18423 0.194489 0.963449
vn -0.204178 0.17343 0.963449
vn -0.12348 0.104885 0.986789
vn -0.134097 0.0909198 0.986789
vn -0.0835266 0.138822 0.986789
vn -0.254866 0.269059 -0.92879
vn -0.224282 0.295038 -0.92879
vn -0.322493 0.340452 -0.883227
vn -0.357412 0.303589 -0.883227
vn -0.428146 0.36367 -0.827306
vn -0.464955 0.315248 -0.827306
vn -0.536291 0.363614 -0.761693
vn -0.572461 0.3035 -0.761693
vn -0.641871 0.340298 -0.687167
vn -0.674901 0.268905 -0.687167
vn -0.739949 0.294823 -0.604611
vn -0.767488 0.213092 -0.604611
vn -0.825947 0.229323 -0.514998
vn -0.845899 0.138678 -0.514998
vn -0.895851 0.146867 -0.419382
vn -0.282463 0.239926 -0.92879
vn -0.306747 0.20798 -0.92879
vn -0.322493 0.340452 0.883227
vn -0.357412 0.303589 0.883227
vn -0.388141 0.263166 0.883227
vn -0.414319 0.219658 0.883227
vn -0.435639 0.173575 0.883227
vn -0.451852 0.125456 0.883227
vn -0.462768 0.0758669 0.883227
vn -0.254866 0.269059 0.92879
vn -0.282463 0.239926 0.92879
vn -0.204178 0.17343 0.963449
vn -0.221732 0.150338 0.963449
vn -0.134097 0.0909198 0.986789
vn -0.143141 0.0758884 0.986789
vn -0.388141 0.263166 -0.883227
vn -0.357412 0.303589 -0.883227
vn -0.464955 0.315248 -0.827306
vn -0.496314 0.263129 -0.827306
vn -0.572461 0.3035 -0.761693
vn -0.601919 0.239827 -0.761693
vn -0.674901 0.268905 -0.687167
vn -0.700018 0.194359 -0.687167
vn -0.767488 0.213092 -0.604611
vn -0.786028 0.128863 -0.604611
vn -0.845899 0.138678 -0.514998
vn -0.414319 0.219658 -0.883227
vn -0.306747 0.20798 0.92879
vn -0.327436 0.173596 0.92879
vn -0.344285 0.137176 0.92879
vn -0.357099 0.0991479 0.92879
vn -0.365725 0.0599576 0.92879
vn -0.221732 0.150338 0.963449
vn -0.236687 0.125483 0.963449
vn -0.143141 0.0758884 0.986789
vn -0.150507 0.0599673 0.986789
vn -0.344285 0.137176 -0.92879
vn -0.357099 0.0991479 -0.92879
vn -0.451852 0.125456 -0.883227
vn -0.462768 0.0758669 -0.883227
vn -0.554351 0.0908813 -0.827306
vn -0.521854 0.207926 -0.827306
vn -0.601919 0.239827 -0.761693
vn -0.624321 0.173342 -0.761693
vn -0.700018 0.194359 -0.687167
vn -0.716929 0.117534 -0.687167
vn -0.786028 0.128863 -0.604611
vn -0.248866 0.0991575 0.963449
vn -0.258128 0.071669 0.963449
vn -0.264364 0.0433403 0.963449
vn -0.156108 0.0433432 0.986789
vn -0.150507 0.0599673 0.986789
vn -0.365725 0.0599576 -0.92879
vn -0.159879 0.0262108 0.986789
vn -0.357099 0.0991479 -0.92879
vn 0.139288 0.63279 0.761693
vn 0.156176 0.709514 0.687167
vn 0.209959 0.953852 0.21467
vn 0.060736 0.558458 0.827306
vn 0.0700544 0.64414 0.761693
vn 0.102475 0.942239 0.318881
vn 0 0.947795 0.318881
vn 0 0.90781 0.419382
vn -0.0981515 0.902488 0.419382
vn -0.0926787 0.852166 0.514998
vn 0 0.468945 0.883227
vn 0 0.561751 0.827306
vn -0.102475 0.942239 0.318881
vn -0.0400697 0.368435 0.92879
vn -0.0507019 0.466196 0.883227
f 1//1 2//1 3//1
f 3//2 2//2 4//2
f 3//3 4//3 5//3
f 5//4 4//4 6//4
f 5//5 6//5 7//5
f 7//6 6//6 8//6
f 7//7 8//7 9//7
f 9//8 8//8 10//8
f 9//9 10//9 11//9
f 11//10 10//10 12//10
f 11//11 12//11 13//11
f 13//12 12//12 14//12
f 13//13 14//13 15//13
f 15//14 14//14 16//14
f 15//15 16//15 17//15
f 17//16 16//16 18//16
f 17//17 18//17 19//17
f 19//18 18//18 20//18
f 19//19 20//19 21//19
f 21//20 20//20 22//20
f 21//21 22//21 23//21
f 23//22 22//22 24//22
f 23//23 24//23 25//23
f 25//24 24//24 26//24
f 25//25 26//25 27//25
f 27//26 26//26 28//26
f 27//27 28//27 29//27
f 29//28 28//28 30//28
f 29//29 30//29 31//29
f 31//30 30//30 32//30
f 31//31 32//31 33//31
f 33//32 32//32 34//32
f 33//33 34//33 35//33
f 35//34 34//34 36//34
f 35//35 36//35 37//35
f 37//36 36//36 38//36
f 37//37 38//37 39//37
f 39//38 38//38 40//38
f 39//39 40//39 41//39
f 41//40 40//40 42//40
f 41//41 42//41 43//41
f 43//42 42//42 44//42
f 43//43 44//43 45//43
f 45//44 44//44 46//44
f 45//45 46//45 47//45
f 47//46 46//46 48//46
f 47//47 48//47 49//47
f 49//48 48//48 50//48
f 49//49 50//49 51//49
f 51//50 50//50 52//50
f 51//51 52//51 53//51
f 53//52 52//52 54//52
f 53//53 54//53 55//53
f 55//54 54//54 56//54
f 55//55 56//55 57//55
f 57//56 56//56 58//56
f 57//57 58//57 59//57
f 59//58 58//58 60//58
f 59//59 60//59 61//59
f 61//60 60//60 62//60
f 61//61 62//61 63//61
f 63//62 62//62 64//62
f 65//63 66//63 67//63
f 67//63 66//63 68//63
f 67//63 68//63 63//63
f 63//63 68//63 69//63
f 63//63 69//63 61//63
f 61//63 69//63 70//63
f 61//63 70//63 59//63
f 59//63 70//63 71//63
f 59//63 71//63 57//63
f 57//63 71//63 72//63
f 57//63 72//63 55//63
f 55//63 72//63 73//63
f 55//63 73//63 53//63
f 53//63 73//63 47//63
f 53//63 47//63 51//63
f 51//63 47//63 49//63
f 66//63 65//63 74//63
f 74//63 65//63 75//63
f 74//63 75//63 76//63
f 76//63 75//63 77//63
f 76//63 77//63 78//63
f 78//63 77//63 79//63
f 78//63 79//63 80//63
f 80//63 79//63 81//63
f 80//63 81//63 82//63
f 82//63 81//63 83//63
f 82//63 83//63 84//63
f 84//63 83//63 85//63
f 84//63 85//63 86//63
f 87//64 88//64 89//64
f 89//64 88//64 90//64
f 89//65 90//65 91//65
f 91//65 90//65 92//65
f 91//66 92//66 93//66
f 93//66 92//66 94//66
f 93//67 94//67 95//67
f 95//67 94//67 96//67
f 95//68 96//68 97//68
f 97//68 96//68 98//68
f 97//69 98//69 99//69
f 99//69 98//69 100//69
f 99//70 100//70 101//70
f 101//70 100//70 102//70
f 101//71 102//71 103//71
f 103//71 102//71 104//71
f 103//72 104//72 105//72
f 105//72 104//72 106//72
f 105//73 106//73 107//73
f 107//73 106//73 108//73
f 107//74 108//74 109//74
f 109//74 108//74 110//74
f 109//75 110//75 111//75
f 111//75 110//75 112//75
f 111//76 112//76 113//76
f 113//76 112//76 114//76
f 113//77 114//77 115//77
f 115//77 114//77 116//77
f 115//78 116//78 117//78
f 117//78 116//78 118//78
f 117//79 118//79 119//79
f 119//79 118//79 120//79
f 119//80 120//80 121//80
f 121//80 120//80 122//80
f 121//81 122//81 123//81
f 123//81 122//81 124//81
f 123//82 124//82 125//82
f 125//82 124//82 126//82
f 125//83 126//83 127//83
f 127//83 126//83 128//83
f 127//84 128//84 129//84
f 129//84 128//84 130//84
f 129//85 130//85 131//85
f 131//85 130//85 132//85
f 131//86 132//86 133//86
f 133//86 132//86 134//86
f 133//87 134//87 135//87
f 135//87 134//87 136//87
f 135//88 136//88 137//88
f 137//88 136//88 138//88
f 137//89 138//89 139//89
f 139//89 138//89 140//89
f 139//90 140//90 141//90
f 141//90 140//90 142//90
f 141//91 142//91 143//91
f 143//91 142//91 144//91
f 145//92 146//92 147//92
f 147//92 146//92 148//92
f 147//93 148//93 149//93
f 149//93 148//93 150//93
f 149//91 150//91 151//91
f 151//91 150//91 152//91
f 151//90 152//90 153//90
f 153//90 152//90 154//90
f 153//89 154//89 155//89
f 155//89 154//89 156//89
f 155//88 156//88 157//88
f 157//88 156//88 158//88
f 157//87 158//87 159//87
f 159//87 158//87 160//87
f 159//86 160//86 161//86
f 161//86 160//86 162//86
f 161//85 162//85 163//85
f 163//85 162//85 164//85
f 163//84 164//84 165//84
f 165//84 164//84 166//84
f 165//83 166//83 167//83
f 167//83 166//83 168//83
f 167//82 168//82 169//82
f 169//82 168//82 170//82
f 169//81 170//81 171//81
f 171//81 170//81 172//81
f 171//80 172//80 173//80
f 173//80 172//80 174//80
f 173//79 174//79 175//79
f 175//79 174//79 176//79
f 175//94 176//94 177//94
f 177//94 176//94 178//94
f 177//95 178//95 179//95
f 179//95 178//95 180//95
f 179//96 180//96 181//96
f 181//96 180//96 182//96
f 181//97 182//97 183//97
f 183//97 182//97 184//97
f 183//98 184//98 185//98
f 185//98 184//98 186//98
f 185//99 186//99 187//99
f 187//99 186//99 188//99
f 187//100 188//100 189//100
f 189//100 188//100 190//100
f 189//101 190//101 191//101
f 191//101 190//101 192//101
f 191//102 192//102 193//102
f 193//102 192//102 194//102
f 193//103 194//103 195//103
f 195//103 194//103 196//103
f 195//104 196//104 197//104
f 197//104 196//104 198//104
f 197//105 198//105 199//105
f 199//105 198//105 200//105
f 199//106 200//106 201//106
f 201//106 200//106 202//106
f 203//107 204//107 205//107
f 205//107 204//107 206//107
f 206//107 204//107 207//107
f 206//107 207//107 208//107
f 208//107 207//107 209//107
f 208//107 209//107 210//107
f 210//107 209//107 211//107
f 210//107 211//107 212//107
f 212//107 211//107 213//107
f 212//107 213//107 214//107
f 214//107 213//107 215//107
f 214//107 215//107 216//107
f 216//107 215//107 217//107
f 216//107 217//107 218//107
f 218//107 217//107 219//107
f 218//107 219//107 220//107
f 220//107 219//107 221//107
f 220//107 221//107 222//107
f 222//107 221//107 223//107
f 222//107 223//107 224//107
f 224//107 223//107 225//107
f 224//107 225//107 226//107
f 226//107 225//107 227//107
f 226//107 227//107 228//107
f 228//107 227//107 229//107
f 228//107 229//107 230//107
f 231//108 232//108 233//108
f 233//108 232//108 234//108
f 234//108 232//108 235//108
f 234//108 235//108 236//108
f 236//108 235//108 237//108
f 236//108 237//108 238//108
f 238//108 237//108 239//108
f 238//108 239//108 240//108
f 240//108 239//108 241//108
f 240//108 241//108 242//108
f 242//108 241//108 243//108
f 242//108 243//108 244//108
f 244//108 243//108 245//108
f 244//108 245//108 246//108
f 246//108 245//108 247//108
f 246//108 247//108 248//108
f 248//108 247//108 249//108
f 248//108 249//108 250//108
f 250//108 249//108 251//108
f 250//108 251//108 252//108
f 252//108 251//108 253//108
f 252//108 253//108 254//108
f 254//108 253//108 255//108
f 254//108 255//108 256//108
f 256//108 255//108 257//108
f 256//108 257//108 258//108
f 259//109 260//109 261//109
f 261//110 260//110 262//110
f 261//111 262//111 263//111
f 263//112 262//112 264//112
f 263//112 264//112 265//112
f 265//113 264//113 266//113
f 265//113 266//113 267//113
f 267//114 266//114 268//114
f 267//114 268//114 269//114
f 269//115 268//115 270//115
f 269//115 270//115 271//115
f 271//116 270//116 272//116
f 271//116 272//116 273//116
f 273//117 272//117 274//117
f 273//117 274//117 275//117
f 275//118 274//118 276//118
f 275//118 276//118 277//118
f 277//119 276//119 278//119
f 277//119 278//119 279//119
f 279//120 278//120 280//120
f 279//120 280//120 281//120
f 281//121 280//121 282//121
f 281//121 282//121 283//121
f 283//122 282//122 284//122
f 283//122 284//122 285//122
f 285//123 284//123 286//123
f 285//123 286//123 287//123
f 287//124 286//124 288//124
f 287//124 288//124 289//124
f 289//125 288//125 290//125
f 289//125 290//125 291//125
f 291//126 290//126 292//126
f 291//126 292//126 293//126
f 293//127 292//127 294//127
f 293//127 294//127 295//127
f 295//128 294//128 296//128
f 295//128 296//128 297//128
f 297//129 296//129 298//129
f 297//129 298//129 299//129
f 299//130 298//130 300//130
f 299//130 300//130 301//130
f 301//131 300//131 302//131
f 301//131 302//131 303//131
f 303//132 302//132 304//132
f 303//132 304//132 305//132
f 305//133 304//133 306//133
f 305//133 306//133 307//133
f 307//134 306//134 308//134
f 307//134 308//134 309//134
f 309//135 308//135 310//135
f 309//135 310//135 311//135
f 311//136 310//136 312//136
f 311//136 312//136 313//136
f 313//137 312//137 314//137
f 315//138 316//138 317//138
f 317//139 316//139 318//139
f 317//140 318//140 319//140
f 319//141 318//141 320//141
f 319//141 320//141 321//141
f 321//142 320//142 322//142
f 321//142 322//142 323//142
f 323//143 322//143 324//143
f 323//143 324//143 325//143
f 325//144 324//144 326//144
f 325//144 326//144 327//144
f 327//145 326//145 328//145
f 327//145 328//145 329//145
f 329//146 328//146 330//146
f 329//146 330//146 331//146
f 331//147 330//147 332//147
f 331//147 332//147 333//147
f 333//148 332//148 334//148
f 333//148 334//148 335//148
f 335//149 334//149 336//149
f 335//149 336//149 337//149
f 337//150 336//150 338//150
f 337//150 338//150 339//150
f 339//151 338//151 340//151
f 339//151 340//151 341//151
f 341//152 340//152 342//152
f 341//152 342//152 343//152
f 343//153 342//153 344//153
f 343//153 344//153 345//153
f 345//154 344//154 346//154
f 345//154 346//154 347//154
f 347//155 346//155 348//155
f 347//155 348//155 349//155
f 349//156 348//156 350//156
f 349//156 350//156 351//156
f 351//157 350//157 352//157
f 351//157 352//157 353//157
f 353//158 352//158 354//158
f 353//158 354//158 355//158
f 355//159 354//159 356//159
f 355//159 356//159 357//159
f 357//160 356//160 358//160
f 357//160 358//160 359//160
f 359//161 358//161 360//161
f 359//161 360//161 361//161
f 361//162 360//162 362//162
f 361//162 362//162 363//162
f 363//163 362//163 364//163
f 363//163 364//163 365//163
f 365//164 364//164 366//164
f 365//164 366//164 367//164
f 367//165 366//165 368//165
f 367//165 368//165 369//165
f 369//166 368//166 370//166
f 371//167 372//167 373//167
f 373//168 372//168 374//168
f 373//169 374//169 375//169
f 375//170 374//170 376//170
f 375//170 376//170 377//170
f 377//171 376//171 378//171
f 377//171 378//171 379//171
f 379//172 378//172 380//172
f 379//172 380//172 381//172
f 381//173 380//173 382//173
f 381//173 382//173 383//173
f 383//174 382//174 384//174
f 383//174 384//174 385//174
f 385//175 384//175 386//175
f 385//175 386//175 387//175
f 387//176 386//176 388//176
f 387//176 388//176 389//176
f 389//177 388//177 390//177
f 389//177 390//177 391//177
f 391//178 390//178 392//178
f 391//178 392//178 393//178
f 393//179 392//179 394//179
f 393//179 394//179 395//179
f 395//180 394//180 396//180
f 395//180 396//180 397//180
f 397//181 396//181 398//181
f 397//181 398//181 399//181
f 399//182 398//182 400//182
f 399//182 400//182 401//182
f 401//183 400//183 402//183
f 401//183 402//183 403//183
f 403//184 402//184 404//184
f 403//184 404//184 405//184
f 405//185 404//185 406//185
f 405//185 406//185 407//185
f 407//186 406//186 408//186
f 407//186 408//186 409//186
f 409//187 408//187 410//187
f 409//187 410//187 411//187
f 411//188 410//188 412//188
f 411//188 412//188 413//188
f 413//189 412//189 414//189
f 413//189 414//189 415//189
f 415//190 414//190 416//190
f 415//190 416//190 417//190
f 417//191 416//191 418//191
f 417//191 418//191 419//191
f 419//192 418//192 420//192
f 419//192 420//192 421//192
f 421//193 420//193 422//193
f 421//193 422//193 423//193
f 423//194 422//194 424//194
f 423//194 424//194 425//194
f 425//195 424//195 426//195
f 427//196 428//196 429//196
f 429//197 428//197 430//197
f 429//198 430//198 431//198
f 431//199 430//199 432//199
f 431//199 432//199 433//199
f 433//200 432//200 434//200
f 433//200 434//200 435//200
f 435//201 434//201 436//201
f 435//201 436//201 437//201
f 437//202 436//202 438//202
f 437//202 438//202 439//202
f 439//203 438//203 440//203
f 439//203 440//203 441//203
f 441//204 440//204 442//204
f 441//204 442//204 443//204
f 443//205 442//205 444//205
f 443//205 444//205 445//205
f 445//206 444//206 446//206
f 445//206 446//206 447//206
f 447//207 446//207 448//207
f 447//207 448//207 449//207
f 449//208 448//208 450//208
f 449//208 450//208 451//208
f 451//209 450//209 452//209
f 451//209 452//209 453//209
f 453//210 452//210 454//210
f 453//210 454//210 455//210
f 455//211 454//211 456//211
f 455//211 456//211 457//211
f 457//212 456//212 458//212
f 457//212 458//212 459//212
f 459//213 458//213 460//213
f 459//213 460//213 461//213
f 461//214 460//214 462//214
f 461//214 462//214 463//214
f 463//215 462//215 464//215
f 463//215 464//215 465//215
f 465//216 464//216 466//216
f 465//216 466//216 467//216
f 467//217 466//217 468//217
f 467//217 468//217 469//217
f 469//218 468//218 470//218
f 469//218 470//218 471//218
f 471//219 470//219 472//219
f 471//219 472//219 473//219
f 473//220 472//220 474//220
f 473//220 474//220 475//220
f 475//221 474//221 476//221
f 475//221 476//221 477//221
f 477//222 476//222 478//222
f 477//222 478//222 479//222
f 479//223 478//223 480//223
f 479//223 480//223 481//223
f 481//224 480//224 482//224
f 483//225 484//225 485//225
f 485//226 484//226 486//226
f 485//227 486//227 487//227
f 487//228 486//228 488//228
f 487//229 488//229 489//229
f 489//230 488//230 490//230
f 489//231 490//231 491//231
f 491//232 490//232 492//232
f 491//233 492//233 493//233
f 493//234 492//234 494//234
f 493//235 494//235 495//235
f 495//236 494//236 496//236
f 495//237 496//237 497//237
f 497//238 496//238 498//238
f 497//239 498//239 499//239
f 499//240 498//240 500//240
f 499//241 500//241 501//241
f 501//242 500//242 502//242
f 501//243 502//243 503//243
f 503//244 502//244 504//244
f 503//245 504//245 505//245
f 505//246 504//246 506//246
f 505//247 506//247 507//247
f 507//248 506//248 508//248
f 507//249 508//249 509//249
f 509//250 508//250 510//250
f 509//251 510//251 511//251
f 511//252 510//252 512//252
f 511//253 512//253 513//253
f 513//254 512//254 514//254
f 513//255 514//255 515//255
f 515//256 514//256 516//256
f 515//257 516//257 517//257
f 517//258 516//258 518//258
f 517//259 518//259 519//259
f 519//260 518//260 520//260
f 519//261 520//261 521//261
f 521//262 520//262 522//262
f 521//263 522//263 523//263
f 523//264 522//264 524//264
f 523//265 524//265 525//265
f 525//266 524//266 526//266
f 525//267 526//267 527//267
f 527//268 526//268 528//268
f 527//269 528//269 529//269
f 529//270 528//270 530//270
f 529//271 530//271 531//271
f 531//272 530//272 532//272
f 531//273 532//273 533//273
f 533//274 532//274 534//274
f 533//275 534//275 535//275
f 535//276 534//276 536//276
f 535//277 536//277 537//277
f 537//278 536//278 538//278
f 537//279 538//279 539//279
f 539//280 538//280 540//280
f 539//281 540//281 541//281
f 541//282 540//282 542//282
f 541//283 542//283 543//283
f 544//284 545//284 546//284
f 546//285 545//285 547//285
f 546//286 547//286 548//286
f 548//287 547//287 549//287
f 548//288 549//288 550//288
f 550//289 549//289 551//289
f 550//290 551//290 552//290
f 552//291 551//291 553//291
f 552//292 553//292 554//292
f 554//293 553//293 555//293
f 554//294 555//294 556//294
f 556//295 555//295 557//295
f 556//296 557//296 558//296
f 558//297 557//297 559//297
f 558//298 559//298 560//298
f 560//299 559//299 561//299
f 560//300 561//300 562//300
f 562//301 561//301 563//301
f 562//302 563//302 564//302
f 564//303 563//303 565//303
f 564//304 565//304 566//304
f 566//305 565//305 567//305
f 566//306 567//306 568//306
f 568//307 567//307 569//307
f 568//308 569//308 570//308
f 570//309 569//309 571//309
f 570//310 571//310 572//310
f 572//311 571//311 573//311
f 572//312 573//312 574//312
f 574//313 573//313 575//313
f 574//314 575//314 576//314
f 576//315 575//315 577//315
f 576//316 577//316 578//316
f 578//317 577//317 579//317
f 578//318 579//318 580//318
f 580//319 579//319 581//319
f 580//320 581//320 582//320
f 582//321 581//321 583//321
f 582//322 583//322 584//322
f 584//323 583//323 585//323
f 584//324 585//324 586//324
f 586//325 585//325 587//325
f 586//326 587//326 588//326
f 588//327 587//327 589//327
f 588//328 589//328 590//328
f 590//329 589//329 591//329
f 590//330 591//330 592//330
f 592//331 591//331 593//331
f 592//332 593//332 594//332
f 594//333 593//333 595//333
f 594//334 595//334 596//334
f 596//335 595//335 597//335
f 596//336 597//336 598//336
f 598//337 597//337 599//337
f 598//338 599//338 600//338
f 600//339 599//339 601//339
f 600//340 601//340 602//340
f 603//341 604//341 605//341
f 605//342 604//342 606//342
f 605//343 606//343 607//343
f 607//344 606//344 608//344
f 609//345 610//345 603//345
f 603//346 610//346 611//346
f 603//347 611//347 604//347
f 604//348 611//348 612//348
f 604//349 612//349 608//349
f 613//350 614//350 609//350
f 609//351 614//351 615//351
f 609//352 615//352 610//352
f 610//353 615//353 616//353
f 610//353 616//353 617//353
f 617//354 616//354 618//354
f 617//354 618//354 619//354
f 619//355 618//355 620//355
f 621//356 622//356 613//356
f 613//357 622//357 623//357
f 613//358 623//358 614//358
f 614//359 623//359 624//359
f 614//359 624//359 625//359
f 625//360 624//360 626//360
f 625//360 626//360 627//360
f 627//361 626//361 628//361
f 627//361 628//361 629//361
f 629//362 628//362 630//362
f 629//362 630//362 631//362
f 631//363 630//363 632//363
f 633//364 634//364 621//364
f 621//365 634//365 635//365
f 621//366 635//366 622//366
f 622//367 635//367 636//367
f 622//367 636//367 637//367
f 637//368 636//368 638//368
f 637//368 638//368 639//368
f 639//369 638//369 640//369
f 639//369 640//369 641//369
f 641//370 640//370 642//370
f 641//370 642//370 643//370
f 643//371 642//371 644//371
f 643//371 644//371 645//371
f 645//372 644//372 646//372
f 645//372 646//372 647//372
f 647//373 646//373 648//373
f 649//374 650//374 633//374
f 633//375 650//375 651//375
f 633//376 651//376 634//376
f 634//377 651//377 652//377
f 634//377 652//377 653//377
f 653//378 652//378 654//378
f 653//378 654//378 655//378
f 655//379 654//379 656//379
f 655//379 656//379 657//379
f 657//380 656//380 658//380
f 657//380 658//380 659//380
f 659//381 658//381 660//381
f 659//381 660//381 661//381
f 661//382 660//382 662//382
f 661//382 662//382 663//382
f 663//383 662//383 664//383
f 663//383 664//383 665//383
f 665//384 664//384 666//384
f 665//384 666//384 667//384
f 667//385 666//385 668//385
f 650//386 649//386 669//386
f 669//387 649//387 670//387
f 669//388 670//388 671//388
f 671//389 670//389 672//389
f 671//390 672//390 673//390
f 673//391 672//391 674//391
f 673//392 674//392 675//392
f 675//393 674//393 676//393
f 675//394 676//394 677//394
f 677//395 676//395 678//395
f 677//396 678//396 679//396
f 679//397 678//397 680//397
f 679//398 680//398 681//398
f 681//399 680//399 682//399
f 681//400 682//400 683//400
f 683//401 682//401 684//401
f 683//402 684//402 685//402
f 685//403 684//403 686//403
f 685//404 686//404 687//404
f 687//405 686//405 688//405
f 687//406 688//406 689//406
f 689//407 688//407 690//407
f 689//408 690//408 691//408
f 691//409 690//409 692//409
f 691//410 692//410 693//410
f 693//411 692//411 694//411
f 693//412 694//412 695//412
f 695//413 694//413 696//413
f 695//414 696//414 697//414
f 697//415 696//415 698//415
f 697//416 698//416 699//416
f 699//417 698//417 700//417
f 699//418 700//418 701//418
f 701//419 700//419 702//419
f 701//420 702//420 703//420
f 703//421 702//421 704//421
f 703//422 704//422 705//422
f 705//423 704//423 706//423
f 705//424 706//424 707//424
f 707//425 706//425 708//425
f 707//426 708//426 709//426
f 709//427 708//427 710//427
f 709//428 710//428 711//428
f 711//429 710//429 712//429
f 711//430 712//430 713//430
f 713//431 712//431 714//431
f 713//432 714//432 715//432
f 715//433 714//433 716//433
f 715//434 716//434 717//434
f 717//435 716//435 718//435
f 717//436 718//436 719//436
f 719//437 718//437 720//437
f 719//438 720//438 721//438
f 721//439 720//439 722//439
f 721//440 722//440 723//440
f 724//441 725//441 726//441
f 726//442 725//442 727//442
f 726//443 727//443 728//443
f 728//444 727//444 729//444
f 728//445 729//445 730//445
f 730//446 729//446 731//446
f 730//447 731//447 732//447
f 732//448 731//448 733//448
f 732//449 733//449 734//449
f 734//450 733//450 735//450
f 734//451 735//451 736//451
f 736//452 735//452 737//452
f 736//453 737//453 738//453
f 738//454 737//454 739//454
f 738//455 739//455 740//455
f 740//456 739//456 741//456
f 740//457 741//457 742//457
f 742//458 741//458 743//458
f 742//459 743//459 744//459
f 744//460 743//460 745//460
f 744//461 745//461 746//461
f 746//462 745//462 747//462
f 746//463 747//463 748//463
f 748//464 747//464 749//464
f 748//465 749//465 750//465
f 750//466 749//466 751//466
f 750//467 751//467 752//467
f 752//468 751//468 753//468
f 752//469 753//469 754//469
f 754//470 753//470 755//470
f 754//471 755//471 756//471
f 756//472 755//472 757//472
f 756//473 757//473 758//473
f 758//474 757//474 759//474
f 758//475 759//475 760//475
f 760//476 759//476 761//476
f 760//477 761//477 762//477
f 762//478 761//478 763//478
f 762//479 763//479 764//479
f 764//480 763//480 765//480
f 764//481 765//481 766//481
f 766//482 765//482 767//482
f 766//483 767//483 768//483
f 768//484 767//484 769//484
f 768//485 769//485 770//485
f 770//486 769//486 771//486
f 770//487 771//487 772//487
f 772//488 771//488 773//488
f 772//489 773//489 774//489
f 774//490 773//490 775//490
f 774//491 775//491 776//491
f 776//492 775//492 777//492
f 776//493 777//493 778//493
f 779//494 780//494 781//494
f 781//495 780//495 782//495
f 781//496 782//496 783//496
f 783//497 782//497 784//497
f 783//498 784//498 785//498
f 785//499 784//499 786//499
f 785//500 786//500 787//500
f 787//501 786//501 788//501
f 787//502 788//502 789//502
f 789//503 788//503 790//503
f 789//504 790//504 791//504
f 791//505 790//505 792//505
f 791//506 792//506 793//506
f 793//507 792//507 794//507
f 793//508 794//508 795//508
f 795//509 794//509 796//509
f 795//510 796//510 797//510
f 797//511 796//511 798//511
f 797//512 798//512 799//512
f 799//513 798//513 800//513
f 799//514 800//514 801//514
f 801//515 800//515 802//515
f 801//516 802//516 803//516
f 803//517 802//517 804//517
f 803//518 804//518 805//518
f 805//519 804//519 806//519
f 805//520 806//520 807//520
f 807//521 806//521 808//521
f 807//522 808//522 809//522
f 809//523 808//523 810//523
f 809//524 810//524 811//524
f 812//525 813//525 814//525
f 814//526 813//526 815//526
f 814//527 815//527 816//527
f 816//528 815//528 817//528
f 816//529 817//529 818//529
f 818//530 817//530 819//530
f 818//531 819//531 820//531
f 820//532 819//532 821//532
f 820//533 821//533 822//533
f 822//534 821//534 823//534
f 822//535 823//535 824//535
f 824//536 823//536 825//536
f 824//537 825//537 826//537
f 826//538 825//538 827//538
f 826//539 827//539 828//539
f 828//540 827//540 829//540
f 828//541 829//541 830//541
f 830//542 829//542 831//542
f 830//543 831//543 832//543
f 832//544 831//544 833//544
f 832//545 833//545 834//545
f 834//546 833//546 835//546
f 834//547 835//547 836//547
f 836//548 835//548 837//548
f 836//549 837//549 838//549
f 838//550 837//550 839//550
f 838//551 839//551 840//551
f 815//552 841//552 842//552
f 842//553 841//553 843//553
f 842//554 843//554 844//554
f 844//555 843//555 845//555
f 844//556 845//556 846//556
f 846//557 845//557 847//557
f 846//558 847//558 848//558
f 848//559 847//559 849//559
f 848//560 849//560 850//560
f 850//561 849//561 851//561
f 850//562 851//562 852//562
f 852//563 851//563 853//563
f 852//564 853//564 854//564
f 854//565 853//565 855//565
f 854//566 855//566 856//566
f 856//567 855//567 857//567
f 856//568 857//568 858//568
f 858//569 857//569 859//569
f 858//570 859//570 860//570
f 860//571 859//571 861//571
f 860//572 861//572 862//572
f 862//573 861//573 863//573
f 862//574 863//574 864//574
f 864//575 863//575 865//575
f 864//576 865//576 866//576
f 866//577 865//577 867//577
f 866//578 867//578 868//578
f 868//579 867//579 869//579
f 869//580 867//580 870//580
f 870//581 867//581 871//581
f 870//582 871//582 872//582
f 872//583 871//583 873//583
f 873//584 871//584 874//584
f 873//585 874//585 875//585
f 875//586 874//586 876//586
f 875//587 876//587 877//587
f 877//588 876//588 878//588
f 878//589 876//589 879//589
f 878//590 879//590 880//590
f 880//591 879//591 881//591
f 880//592 881//592 882//592
f 882//593 881//593 883//593
f 882//594 883//594 884//594
f 884//595 883//595 885//595
f 884//596 885//596 886//596
f 886//597 885//597 887//597
f 886//598 887//598 888//598
f 888//599 887//599 889//599
f 888//600 889//600 890//600
f 890//601 889//601 891//601
f 890//602 891//602 892//602
f 892//603 891//603 893//603
f 892//604 893//604 894//604
f 894//605 893//605 895//605
f 894//606 895//606 896//606
f 896//607 895//607 897//607
f 896//608 897//608 898//608
f 898//609 897//609 899//609
f 898//610 899//610 900//610
f 900//611 899//611 901//611
f 900//612 901//612 902//612
f 903//613 904//613 905//613
f 905//614 904//614 906//614
f 905//615 906//615 907//615
f 907//616 906//616 908//616
f 907//617 908//617 909//617
f 909//618 908//618 910//618
f 909//619 910//619 911//619
f 911//620 910//620 912//620
f 911//621 912//621 913//621
f 913//622 912//622 914//622
f 913//623 914//623 915//623
f 915//624 914//624 916//624
f 915//625 916//625 917//625
f 917//626 916//626 918//626
f 917//627 918//627 919//627
f 919//628 918//628 920//628
f 919//629 920//629 921//629
f 921//630 920//630 922//630
f 921//631 922//631 923//631
f 923//632 922//632 924//632
f 923//633 924//633 925//633
f 925//634 924//634 926//634
f 925//635 926//635 927//635
f 927//636 926//636 928//636
f 906//637 904//637 929//637
f 929//638 904//638 930//638
f 929//639 930//639 931//639
f 931//640 930//640 932//640
f 931//641 932//641 933//641
f 933//642 932//642 934//642
f 933//643 934//643 935//643
f 935//644 934//644 936//644
f 935//645 936//645 937//645
f 937//646 936//646 938//646
f 937//647 938//647 939//647
f 939//648 938//648 940//648
f 939//649 940//649 941//649
f 941//650 940//650 942//650
f 941//651 942//651 943//651
f 943//652 942//652 944//652
f 943//653 944//653 945//653
f 945//654 944//654 946//654
f 945//655 946//655 947//655
f 947//656 946//656 948//656
f 947//657 948//657 949//657
f 949//658 948//658 950//658
f 949//659 950//659 951//659
f 951//660 950//660 952//660
f 951//661 952//661 953//661
f 953//662 952//662 954//662
f 953//663 954//663 955//663
f 955//664 954//664 956//664
f 955//665 956//665 957//665
f 957//666 956//666 958//666
f 957//667 958//667 959//667
f 959//668 958//668 960//668
f 959//669 960//669 961//669
f 961//670 960//670 962//670
f 961//671 962//671 963//671
f 963//672 962//672 964//672
f 963//673 964//673 965//673
f 965//674 964//674 966//674
f 965//675 966//675 967//675
f 967//676 966//676 968//676
f 967//677 968//677 969//677
f 969//678 968//678 970//678
f 969//679 970//679 971//679
f 971//680 970//680 972//680
f 971//681 972//681 973//681
f 973//682 972//682 974//682
f 973//683 974//683 975//683
f 976//684 977//684 978//684
f 978//685 977//685 979//685
f 978//686 979//686 980//686
f 980//687 979//687 981//687
f 980//688 981//688 982//688
f 982//689 981//689 983//689
f 982//690 983//690 984//690
f 984//691 983//691 985//691
f 984//692 985//692 986//692
f 986//693 985//693 987//693
f 986//694 987//694 988//694
f 988//695 987//695 989//695
f 988//696 989//696 990//696
f 990//697 989//697 991//697
f 990//698 991//698 992//698
f 992//699 991//699 993//699
f 992//700 993//700 994//700
f 994//701 993//701 995//701
f 994//702 995//702 996//702
f 996//703 995//703 997//703
f 996//704 997//704 998//704
f 998//705 997//705 999//705
f 998//706 999//706 1000//706
f 1000//707 999//707 1001//707
f 1000//708 1001//708 1002//708
f 1002//709 1001//709 1003//709
f 1002//710 1003//710 1004//710
f 1004//711 1003//711 1005//711
f 1004//712 1005//712 1006//712
f 1006//713 1005//713 1007//713
f 1006//714 1007//714 1008//714
f 1008//715 1007//715 1009//715
f 1008//716 1009//716 1010//716
f 1010//717 1009//717 1011//717
f 1010//718 1011//718 1012//718
f 1012//719 1011//719 1013//719
f 1012//720 1013//720 1014//720
f 1014//721 1013//721 1015//721
f 1014//722 1015//722 1016//722
f 1016//723 1015//723 1017//723
f 1016//724 1017//724 1018//724
f 1019//725 1020//725 1021//725
f 1021//726 1020//726 1022//726
f 1021//727 1022//727 1023//727
f 1023//728 1022//728 1024//728
f 1023//729 1024//729 1025//729
f 1025//730 1024//730 1026//730
f 1025//731 1026//731 1027//731
f 1027//732 1026//732 1028//732
f 1024//733 1022//733 1029//733
f 1029//734 1022//734 1030//734
f 1029//735 1030//735 1031//735
f 1031//736 1030//736 1032//736
f 1031//737 1032//737 1033//737
f 1033//738 1032//738 1034//738
f 1033//739 1034//739 1035//739
f 1035//740 1034//740 1036//740
f 1035//741 1036//741 1037//741
f 1037//742 1036//742 1038//742
f 1037//743 1038//743 1039//743
f 1039//744 1038//744 1040//744
f 1039//745 1040//745 1041//745
f 1041//746 1040//746 1042//746
f 1041//747 1042//747 1043//747
f 1043//748 1042//748 1044//748
f 1043//749 1044//749 1045//749
f 1045//750 1044//750 1046//750
f 1045//751 1046//751 1047//751
f 1047//752 1046//752 1048//752
f 1047//753 1048//753 1049//753
f 1049//754 1048//754 1050//754
f 1049//755 1050//755 1051//755
f 1051//756 1050//756 1052//756
f 1051//757 1052//757 1053//757
f 1053//758 1052//758 1054//758
f 1053//759 1054//759 1055//759
f 1055//760 1054//760 1056//760
f 1055//761 1056//761 1057//761
f 1057//762 1056//762 1058//762
f 1057//763 1058//763 1059//763
f 1060//764 1061//764 1062//764
f 1062//765 1061//765 1063//765
f 1062//766 1063//766 1064//766
f 1064//767 1063//767 1065//767
f 1064//768 1065//768 1066//768
f 1066//769 1065//769 1067//769
f 1066//770 1067//770 1068//770
f 1068//771 1067//771 1069//771
f 1068//772 1069//772 1070//772
f 1070//773 1069//773 1071//773
f 1070//774 1071//774 1072//774
f 1072//775 1071//775 1073//775
f 1072//776 1073//776 1074//776
f 1074//777 1073//777 1075//777
f 1074//778 1075//778 1076//778
f 1076//779 1075//779 1077//779
f 1076//780 1077//780 1078//780
f 1078//781 1077//781 1079//781
f 1078//782 1079//782 1080//782
f 1080//783 1079//783 1081//783
f 1080//784 1081//784 1082//784
f 1082//785 1081//785 1083//785
f 1082//786 1083//786 1084//786
f 1084//787 1083//787 1085//787
f 1084//788 1085//788 1086//788
f 1086//789 1085//789 1087//789
f 1086//790 1087//790 1088//790
f 1063//791 1089//791 1090//791
f 1090//792 1089//792 1091//792
f 1090//793 1091//793 1092//793
f 1092//794 1091//794 1093//794
f 1092//795 1093//795 1094//795
f 1094//796 1093//796 1095//796
f 1094//797 1095//797 1096//797
f 1096//798 1095//798 1097//798
f 1096//799 1097//799 1098//799
f 1098//800 1097//800 1099//800
f 1098//801 1099//801 1100//801
f 1100//802 1099//802 1101//802
f 1100//803 1101//803 1102//803
f 1102//804 1101//804 1103//804
f 1102//805 1103//805 1104//805
f 1104//806 1103//806 1105//806
f 1104//807 1105//807 1106//807
f 1106//808 1105//808 1107//808
f 1106//809 1107//809 1108//809
f 1108//810 1107//810 1109//810
f 1108//811 1109//811 1110//811
f 1110//812 1109//812 1111//812
f 1110//813 1111//813 1112//813
f 1091//814 1113//814 1093//814
f 1093//815 1113//815 1114//815
f 1093//816 1114//816 1095//816
f 1095//817 1114//817 1115//817
f 1095//818 1115//818 1097//818
f 1097//819 1115//819 1116//819
f 1097//820 1116//820 1099//820
f 1099//821 1116//821 1117//821
f 1099//822 1117//822 1101//822
f 1101//823 1117//823 1118//823
f 1101//824 1118//824 1103//824
f 1103//825 1118//825 1119//825
f 1103//826 1119//826 1105//826
f 1105//827 1119//827 1120//827
f 1105//828 1120//828 1107//828
f 1107//829 1120//829 1121//829
f 1107//830 1121//830 1109//830
f 1109//831 1121//831 1122//831
f 1109//832 1122//832 1111//832
f 1114//833 1113//833 1123//833
f 1123//834 1113//834 1124//834
f 1123//835 1124//835 1125//835
f 1125//836 1124//836 1126//836
f 1125//837 1126//837 1127//837
f 1127//838 1126//838 1128//838
f 1127//839 1128//839 1129//839
f 1129//840 1128//840 1130//840
f 1129//841 1130//841 1131//841
f 1131//842 1130//842 1132//842
f 1131//843 1132//843 1133//843
f 1133//844 1132//844 1134//844
f 1133//845 1134//845 1135//845
f 1135//846 1134//846 1136//846
f 1135//847 1136//847 1137//847
f 1126//848 1138//848 1128//848
f 1128//849 1138//849 1139//849
f 1128//840 1139//840 1130//840
f 1130//850 1139//850 1140//850
f 1130//842 1140//842 1132//842
f 1132//851 1140//851 1141//851
f 1132//844 1141//844 1134//844
f 1134//852 1141//852 1142//852
f 1134//846 1142//846 1136//846
f 1139//853 1138//853 1143//853
f 1143//854 1138//854 1144//854
f 1143//855 1144//855 1145//855
f 1145//856 1144//856 1146//856
f 1145//857 1146//857 1147//857
f 1144//858 1148//858 1146//858
f 1149//859 1150//859 1151//859
f 1152//860 1153//860 1154//860
f 1154//861 1153//861 1155//861
f 1154//862 1155//862 1156//862
f 1156//863 1155//863 1157//863
f 1156//864 1157//864 1158//864
f 1158//865 1157//865 1159//865
f 1158//866 1159//866 1160//866
f 1158//867 1160//867 1161//867
f 1161//868 1160//868 1162//868
f 1161//869 1162//869 1163//869
f 1161//870 1163//870 1164//870
f 1164//871 1163//871 1165//871
f 1164//872 1165//872 1166//872
f 1166//873 1165//873 1167//873
f 1166//874 1167//874 1168//874
f 1169//875 1170//875 1168//875
f 1168//876 1170//876 1171//876
f 1168//877 1171//877 1166//877
f 1166//878 1171//878 1172//878
f 1166//878 1172//878 1164//878
f 1164//879 1172//879 1173//879
f 1164//879 1173//879 1174//879
f 1174//880 1173//880 1175//880
f 1174//880 1175//880 1176//880
f 1176//881 1175//881 1177//881
f 1176//881 1177//881 1178//881
f 1178//882 1177//882 1179//882
f 1178//882 1179//882 1180//882
f 1180//883 1179//883 1181//883
f 1180//883 1181//883 1182//883
f 1182//884 1181//884 1183//884
f 1169//885 1184//885 1170//885
f 1170//886 1184//886 1185//886
f 1170//887 1185//887 1186//887
f 1184//888 1187//888 1185//888
f 1185//889 1187//889 1188//889
f 1189//890 1190//890 1191//890
f 1191//891 1190//891 1192//891
f 1191//892 1192//892 1193//892
f 1193//893 1192//893 1194//893
f 1193//894 1194//894 1195//894
f 1190//895 1194//895 1192//895
f 1196//896 1197//896 1195//896
f 1195//897 1197//897 1198//897
f 1195//898 1198//898 1199//898
f 1199//899 1198//899 1200//899
f 1199//900 1200//900 1201//900
f 1201//901 1200//901 1202//901
f 1201//902 1202//902 1203//902
f 1203//903 1202//903 1204//903
f 1203//904 1204//904 1205//904
f 1205//905 1204//905 1206//905
f 1205//906 1206//906 1207//906
f 1207//907 1206//907 1208//907
f 1207//908 1208//908 1209//908
f 1209//909 1208//909 1210//909
f 1209//910 1210//910 1211//910
f 1211//911 1210//911 1212//911
f 1211//912 1212//912 1213//912
f 1213//913 1212//913 1214//913
f 1213//914 1214//914 1215//914
f 1215//915 1214//915 1216//915
f 1215//916 1216//916 1217//916
f 1217//917 1216//917 1218//917
f 1217//918 1218//918 1219//918
f 1219//919 1218//919 1220//919
f 1196//920 1221//920 1197//920
f 1197//921 1221//921 1198//921
f 1222//922 1223//922 1224//922
f 1224//923 1223//923 1225//923
f 1224//924 1225//924 1226//924
f 1226//925 1225//925 1227//925
f 1227//926 1225//926 1228//926
f 1227//927 1228//927 1229//927
f 1229//928 1228//928 1230//928
f 1229//928 1230//928 1231//928
f 1231//929 1230//929 1232//929
f 1231//929 1232//929 1233//929
f 1233//930 1232//930 1234//930
f 1233//930 1234//930 1235//930
f 1235//931 1234//931 1236//931
f 1235//931 1236//931 1237//931
f 1237//932 1236//932 1238//932
f 1237//932 1238//932 1239//932
f 1239//933 1238//933 1240//933
f 1239//933 1240//933 1241//933
f 1241//934 1240//934 1242//934
f 1241//934 1242//934 1243//934
f 1243//935 1242//935 1244//935
f 1243//935 1244//935 1245//935
f 1245//936 1244//936 1246//936
f 1245//936 1246//936 1247//936
f 1247//937 1246//937 1248//937
f 1247//937 1248//937 1249//937
f 1249//938 1248//938 1250//938
f 1249//938 1250//938 1251//938
f 1251//939 1250//939 1252//939
f 1251//939 1252//939 1253//939
f 1253//940 1252//940 1254//940
f 1255//941 1256//941 1257//941
f 1257//942 1256//942 1258//942
f 1257//943 1258//943 1259//943
f 1259//943 1258//943 1260//943
f 1259//944 1260//944 1261//944
f 1261//944 1260//944 1262//944
f 1261//945 1262//945 1263//945
f 1263//945 1262//945 1264//945
f 1263//946 1264//946 1265//946
f 1258//947 1256//947 1266//947
f 1266//948 1256//948 1267//948
f 1266//949 1267//949 1268//949
f 1266//950 1268//950 1269//950
f 1269//951 1268//951 1270//951
f 1269//952 1270//952 1271//952
f 1271//953 1270//953 1272//953
f 1271//954 1272//954 1273//954
f 1271//955 1273//955 1274//955
f 1274//956 1273//956 1275//956
f 1274//957 1275//957 1276//957
f 1274//958 1276//958 1277//958
f 1277//959 1276//959 1278//959
f 1277//960 1278//960 1279//960
f 1279//961 1278//961 1280//961
f 1279//962 1280//962 1281//962
f 1281//963 1280//963 1282//963
f 1281//964 1282//964 1283//964
f 1283//965 1282//965 1284//965
f 1283//966 1284//966 1285//966
f 1285//966 1284//966 1286//966
f 1285//967 1286//967 1287//967
f 1287//967 1286//967 1288//967
f 1287//968 1288//968 1289//968
f 1289//968 1288//968 1290//968
f 1289//969 1290//969 1291//969
f 1291//969 1290//969 1292//969
f 1291//970 1292//970 1293//970
f 1293//970 1292//970 1294//970
f 1293//971 1294//971 1295//971
f 1295//971 1294//971 1296//971
f 1284//972 1282//972 1297//972
f 1297//973 1282//973 1298//973
f 1297//974 1298//974 1299//974
f 1300//975 1301//975 1299//975
f 1299//976 1301//976 1284//976
f 1299//977 1284//977 1297//977
f 1300//978 1302//978 1301//978
f 1301//979 1302//979 1303//979
f 1301//980 1303//980 1304//980
f 1304//980 1303//980 1305//980
f 1304//981 1305//981 1306//981
f 1306//981 1305//981 1307//981
f 1306//982 1307//982 1308//982
f 1308//982 1307//982 1309//982
f 1308//983 1309//983 1310//983
f 1310//983 1309//983 1311//983
f 1310//984 1311//984 1312//984
f 1312//984 1311//984 1313//984
f 1312//985 1313//985 1314//985
f 1314//985 1313//985 1315//985
f 1302//986 1316//986 1303//986
f 1303//987 1316//987 1317//987
f 1303//988 1317//988 1318//988
f 1318//989 1317//989 1319//989
f 1318//990 1319//990 1320//990
f 1316//991 1319//991 1317//991
f 1318//992 1320//992 1321//992
f 1321//993 1320//993 1322//993
f 1321//994 1322//994 1323//994
f 1321//995 1323//995 1324//995
f 1324//996 1323//996 1325//996
f 1324//997 1325//997 1326//997
f 1324//998 1326//998 1327//998
f 1327//999 1326//999 1328//999
f 1327//1000 1328//1000 1329//1000
f 1329//1001 1328//1001 1330//1001
f 1329//1002 1330//1002 1331//1002
f 1332//1003 1333//1003 1334//1003
f 1335//1004 1333//1004 1336//1004
f 1336//1005 1333//1005 1337//1005
f 1337//1006 1333//1006 1338//1006
f 1338//1007 1333//1007 1339//1007
f 1339//1008 1333//1008 1340//1008
f 1340//1009 1333//1009 1341//1009
f 1342//1010 1333//1010 1343//1010
f 1343//1011 1333//1011 1344//1011
f 1344//1012 1333//1012 1345//1012
f 1345//1013 1333//1013 1346//1013
f 1346//1014 1333//1014 1347//1014
f 1347//1015 1333//1015 1348//1015
f 1348//1016 1333//1016 1349//1016
f 1349//1017 1333//1017 1350//1017
f 1350//1018 1333//1018 1351//1018
f 1351//1019 1333//1019 1352//1019
f 1352//1020 1333//1020 1353//1020
f 1354//1021 1333//1021 1355//1021
f 1355//1022 1333//1022 1356//1022
f 1356//1023 1333//1023 1357//1023
f 1357//1024 1333//1024 1358//1024
f 1358//1025 1333//1025 1359//1025
f 1359//1026 1333//1026 1360//1026
f 1360//1027 1361//1027 1362//1027
f 1362//1028 1361//1028 1363//1028
f 1363//1029 1361//1029 1364//1029
f 1364//1030 1361//1030 1365//1030
f 1365//1031 1361//1031 1366//1031
f 1366//1032 1361//1032 1367//1032
f 1367//1033 1361//1033 1368//1033
f 1368//1034 1361//1034 1369//1034
f 1369//1035 1361//1035 1370//1035
f 1370//1036 1361//1036 1371//1036
f 1372//1037 1361//1037 1373//1037
f 1374//1038 1361//1038 1375//1038
f 1375//1039 1361//1039 1376//1039
f 1376//1040 1361//1040 1377//1040
f 1377//1041 1361//1041 1378//1041
f 1378//1042 1361//1042 1379//1042
f 1379//1043 1361//1043 1380//1043
f 1380//1044 1361//1044 1381//1044
f 1381//1045 1361//1045 1382//1045
f 1382//1046 1361//1046 1383//1046
f 1383//1047 1361//1047 1384//1047
f 1385//1048 1361//1048 1386//1048
f 1387//1049 1361//1049 1388//1049
f 1389//1050 1390//1050 1391//1050
f 1391//1050 1390//1050 1392//1050
f 1390//1051 1393//1051 1392//1051
f 1392//1051 1393//1051 1394//1051
f 1393//1052 1395//1052 1394//1052
f 1394//1052 1395//1052 1396//1052
f 1395//1053 1397//1053 1396//1053
f 1396//1053 1397//1053 1398//1053
f 1397//1054 1399//1054 1398//1054
f 1398//1054 1399//1054 1400//1054
f 1399//1055 1401//1055 1400//1055
f 1400//1055 1401//1055 1402//1055
f 1401//1056 1403//1056 1402//1056
f 1402//1056 1403//1056 1404//1056
f 1403//1057 1405//1057 1404//1057
f 1404//1057 1405//1057 1406//1057
f 1405//1058 1407//1058 1406//1058
f 1406//1058 1407//1058 1408//1058
f 1407//1059 1409//1059 1408//1059
f 1408//1059 1409//1059 1410//1059
f 1409//1060 1411//1060 1410//1060
f 1410//1060 1411//1060 1412//1060
f 1411//1061 1413//1061 1412//1061
f 1412//1061 1413//1061 1414//1061
f 1413//1062 1415//1062 1414//1062
f 1414//1062 1415//1062 1416//1062
f 1415//1063 1417//1063 1416//1063
f 1416//1063 1417//1063 1418//1063
f 1417//1064 1419//1064 1418//1064
f 1418//1064 1419//1064 1420//1064
f 1419//1065 1421//1065 1420//1065
f 1420//1065 1421//1065 1422//1065
f 1421//1066 1423//1066 1422//1066
f 1422//1066 1423//1066 1424//1066
f 1423//1067 1425//1067 1424//1067
f 1424//1067 1425//1067 1426//1067
f 1425//1068 1427//1068 1426//1068
f 1426//1068 1427//1068 1428//1068
f 1427//1069 1429//1069 1428//1069
f 1428//1069 1429//1069 1430//1069
f 1429//1070 1431//1070 1430//1070
f 1430//1070 1431//1070 1432//1070
f 1431//1071 1433//1071 1432//1071
f 1432//1071 1433//1071 1434//1071
f 1433//1072 1435//1072 1434//1072
f 1434//1072 1435//1072 1436//1072
f 1437//1073 1438//1073 1439//1073
f 1435//1074 1440//1074 1436//1074
f 1436//1074 1440//1074 1439//1074
f 1440//1073 1437//1073 1439//1073
f 1441//1075 1442//1075 1443//1075
f 1443//1075 1442//1075 1444//1075
f 1442//1076 1445//1076 1444//1076
f 1444//1076 1445//1076 1446//1076
f 1445//1077 1447//1077 1446//1077
f 1446//1077 1447//1077 1448//1077
f 1447//1078 1449//1078 1448//1078
f 1448//1078 1449//1078 1450//1078
f 1449//1079 1451//1079 1450//1079
f 1450//1079 1451//1079 1452//1079
f 1451//1080 1453//1080 1452//1080
f 1452//1080 1453//1080 1454//1080
f 1453//1081 1455//1081 1454//1081
f 1454//1081 1455//1081 1456//1081
f 1455//1082 1457//1082 1456//1082
f 1456//1082 1457//1082 1458//1082
f 1457//1083 1459//1083 1458//1083
f 1458//1083 1459//1083 1460//1083
f 1459//1084 1461//1084 1460//1084
f 1460//1084 1461//1084 1462//1084
f 1461//1085 1463//1085 1462//1085
f 1462//1085 1463//1085 1464//1085
f 1463//1086 1465//1086 1464//1086
f 1464//1086 1465//1086 1466//1086
f 1465//1087 1467//1087 1466//1087
f 1466//1087 1467//1087 1468//1087
f 1467//1088 1469//1088 1468//1088
f 1468//1088 1469//1088 1470//1088
f 1469//1089 1471//1089 1470//1089
f 1470//1089 1471//1089 1472//1089
f 1471//1090 1473//1090 1472//1090
f 1472//1090 1473//1090 1474//1090
f 1473//1091 1475//1091 1474//1091
f 1474//1091 1475//1091 1476//1091
f 1475//1092 1477//1092 1476//1092
f 1476//1092 1477//1092 1478//1092
f 1477//1093 1479//1093 1478//1093
f 1478//1093 1479//1093 1480//1093
f 1479//1094 1481//1094 1480//1094
f 1480//1094 1481//1094 1482//1094
f 1481//1095 1483//1095 1482//1095
f 1482//1095 1483//1095 1484//1095
f 1483//1096 1485//1096 1484//1096
f 1484//1096 1485//1096 1486//1096
f 1485//1097 1487//1097 1486//1097
f 1486//1097 1487//1097 1488//1097
f 1489//1098 1490//1098 1491//1098
f 1487//1099 1492//1099 1488//1099
f 1488//1099 1492//1099 1491//1099
f 1492//1098 1489//1098 1491//1098
f 1493//1100 1494//1100 1495//1100
f 1495//1100 1494//1100 1496//1100
f 1494//1101 1497//1101 1496//1101
f 1496//1101 1497//1101 1498//1101
f 1497//1102 1499//1102 1498//1102
f 1498//1102 1499//1102 1500//1102
f 1499//1103 1501//1103 1500//1103
f 1500//1103 1501//1103 1502//1103
f 1501//1104 1503//1104 1502//1104
f 1502//1104 1503//1104 1504//1104
f 1503//1105 1505//1105 1504//1105
f 1504//1105 1505//1105 1506//1105
f 1505//1106 1507//1106 1506//1106
f 1506//1106 1507//1106 1508//1106
f 1507//1107 1509//1107 1508//1107
f 1508//1107 1509//1107 1510//1107
f 1509//1108 1511//1108 1510//1108
f 1510//1108 1511//1108 1512//1108
f 1511//1109 1513//1109 1512//1109
f 1512//1109 1513//1109 1514//1109
f 1513//1110 1515//1110 1514//1110
f 1514//1110 1515//1110 1516//1110
f 1515//1111 1517//1111 1516//1111
f 1516//1111 1517//1111 1518//1111
f 1517//1112 1519//1112 1518//1112
f 1518//1112 1519//1112 1520//1112
f 1519//1113 1521//1113 1520//1113
f 1520//1113 1521//1113 1522//1113
f 1521//1114 1523//1114 1522//1114
f 1522//1114 1523//1114 1524//1114
f 1523//1115 1525//1115 1524//1115
f 1524//1115 1525//1115 1526//1115
f 1525//1116 1527//1116 1526//1116
f 1526//1116 1527//1116 1528//1116
f 1527//1117 1529//1117 1528//1117
f 1528//1117 1529//1117 1530//1117
f 1529//1118 1531//1118 1530//1118
f 1530//1118 1531//1118 1532//1118
f 1531//1119 1533//1119 1532//1119
f 1532//1119 1533//1119 1534//1119
f 1533//1120 1535//1120 1534//1120
f 1534//1120 1535//1120 1536//1120
f 1535//1121 1537//1121 1536//1121
f 1536//1121 1537//1121 1538//1121
f 1537//1122 1539//1122 1538//1122
f 1538//1122 1539//1122 1540//1122
f 1541//1123 1542//1123 1543//1123
f 1539//1124 1544//1124 1540//1124
f 1540//1124 1544//1124 1543//1124
f 1544//1123 1541//1123 1543//1123
f 1545//1125 1546//1125 1547//1125
f 1547//1125 1546//1125 1548//1125
f 1547//1126 1548//1126 1549//1126
f 1549//1126 1548//1126 1550//1126
f 1549//1127 1550//1127 1551//1127
f 1551//1127 1550//1127 1552//1127
f 1551//1128 1552//1128 1553//1128
f 1554//1129 1545//1129 1555//1129
f 1555//1129 1545//1129 1547//1129
f 1555//1130 1547//1130 1556//1130
f 1556//1130 1547//1130 1549//1130
f 1556//1131 1549//1131 1557//1131
f 1557//1131 1549//1131 1551//1131
f 1557//1132 1551//1132 1558//1132
f 1558//1132 1551//1132 1553//1132
f 1558//1133 1553//1133 1559//1133
f 1560//1134 1554//1134 1561//1134
f 1561//1134 1554//1134 1555//1134
f 1561//1135 1555//1135 1562//1135
f 1562//1135 1555//1135 1556//1135
f 1562//1136 1556//1136 1563//1136
f 1563//1136 1556//1136 1557//1136
f 1563//1137 1557//1137 1564//1137
f 1564//1137 1557//1137 1558//1137
f 1564//1138 1558//1138 1565//1138
f 1565//1138 1558//1138 1559//1138
f 1565//1139 1559//1139 1566//1139
f 1567//1140 1560//1140 1568//1140
f 1568//1140 1560//1140 1561//1140
f 1568//1141 1561//1141 1569//1141
f 1569//1141 1561//1141 1562//1141
f 1569//1142 1562//1142 1570//1142
f 1570//1142 1562//1142 1563//1142
f 1570//1143 1563//1143 1571//1143
f 1571//1143 1563//1143 1564//1143
f 1571//1144 1564//1144 1572//1144
f 1572//1144 1564//1144 1565//1144
f 1572//1145 1565//1145 1573//1145
f 1573//1145 1565//1145 1566//1145
f 1573//1146 1566//1146 1574//1146
f 1575//1147 1567//1147 1576//1147
f 1576//1147 1567//1147 1568//1147
f 1576//1148 1568//1148 1577//1148
f 1577//1148 1568//1148 1569//1148
f 1577//1149 1569//1149 1578//1149
f 1578//1149 1569//1149 1570//1149
f 1578//1150 1570//1150 1579//1150
f 1579//1150 1570//1150 1571//1150
f 1579//1151 1571//1151 1580//1151
f 1580//1151 1571//1151 1572//1151
f 1580//1152 1572//1152 1581//1152
f 1581//1152 1572//1152 1573//1152
f 1581//1153 1573//1153 1582//1153
f 1582//1154 1573//1154 1574//1154
f 1582//1155 1574//1155 1583//1155
f 1584//1156 1575//1156 1585//1156
f 1585//1156 1575//1156 1576//1156
f 1585//1157 1576//1157 1586//1157
f 1586//1157 1576//1157 1577//1157
f 1586//1158 1577//1158 1587//1158
f 1587//1158 1577//1158 1578//1158
f 1587//1159 1578//1159 1588//1159
f 1588//1159 1578//1159 1579//1159
f 1588//1160 1579//1160 1589//1160
f 1589//1160 1579//1160 1580//1160
f 1589//1161 1580//1161 1590//1161
f 1590//1161 1580//1161 1581//1161
f 1590//1162 1581//1162 1591//1162
f 1591//1163 1581//1163 1582//1163
f 1591//1164 1582//1164 1592//1164
f 1592//1165 1582//1165 1583//1165
f 1592//1166 1583//1166 1593//1166
f 1594//1167 1584//1167 1595//1167
f 1595//1167 1584//1167 1585//1167
f 1595//1168 1585//1168 1596//1168
f 1596//1168 1585//1168 1586//1168
f 1596//1169 1586//1169 1597//1169
f 1597//1169 1586//1169 1587//1169
f 1597//1170 1587//1170 1598//1170
f 1598//1170 1587//1170 1588//1170
f 1598//1171 1588//1171 1599//1171
f 1599//1171 1588//1171 1589//1171
f 1599//1172 1589//1172 1600//1172
f 1600//1172 1589//1172 1590//1172
f 1600//1173 1590//1173 1601//1173
f 1601//1174 1590//1174 1591//1174
f 1601//1175 1591//1175 1602//1175
f 1602//1176 1591//1176 1592//1176
f 1602//1177 1592//1177 1603//1177
f 1603//1177 1592//1177 1593//1177
f 1603//1178 1593//1178 1604//1178
f 1605//1179 1594//1179 1606//1179
f 1606//1179 1594//1179 1595//1179
f 1606//1180 1595//1180 1607//1180
f 1607//1180 1595//1180 1596//1180
f 1607//1181 1596//1181 1608//1181
f 1608//1181 1596//1181 1597//1181
f 1608//1182 1597//1182 1609//1182
f 1609//1182 1597//1182 1598//1182
f 1609//1183 1598//1183 1610//1183
f 1610//1183 1598//1183 1599//1183
f 1610//1184 1599//1184 1611//1184
f 1611//1184 1599//1184 1600//1184
f 1611//1185 1600//1185 1612//1185
f 1612//1186 1600//1186 1601//1186
f 1612//1187 1601//1187 1613//1187
f 1613//1188 1601//1188 1602//1188
f 1613//1189 1602//1189 1614//1189
f 1614//1189 1602//1189 1603//1189
f 1614//1190 1603//1190 1615//1190
f 1615//1190 1603//1190 1604//1190
f 1615//1191 1604//1191 1616//1191
f 1617//1192 1618//1192 1619//1192
f 1619//1193 1605//1193 1620//1193
f 1620//1193 1605//1193 1606//1193
f 1620//1194 1606//1194 1621//1194
f 1621//1194 1606//1194 1607//1194
f 1621//1195 1607//1195 1622//1195
f 1622//1195 1607//1195 1608//1195
f 1622//1196 1608//1196 1623//1196
f 1623//1196 1608//1196 1609//1196
f 1623//1197 1609//1197 1624//1197
f 1624//1197 1609//1197 1610//1197
f 1624//1198 1610//1198 1625//1198
f 1625//1198 1610//1198 1611//1198
f 1625//1199 1611//1199 1626//1199
f 1626//1200 1611//1200 1612//1200
f 1626//1201 1612//1201 1627//1201
f 1627//1202 1612//1202 1613//1202
f 1627//1203 1613//1203 1628//1203
f 1628//1203 1613//1203 1614//1203
f 1628//1204 1614//1204 1629//1204
f 1629//1204 1614//1204 1615//1204
f 1629//1205 1615//1205 1630//1205
f 1630//1205 1615//1205 1616//1205
f 1630//1206 1616//1206 1631//1206
f 1632//1207 1633//1207 1634//1207
f 1632//1207 1634//1207 1635//1207
f 1636//1208 1637//1208 1638//1208
f 1638//1208 1637//1208 1639//1208
f 1638//1209 1639//1209 1640//1209
f 1640//1209 1639//1209 1641//1209
f 1640//1210 1641//1210 1642//1210
f 1642//1210 1641//1210 1643//1210
f 1642//1211 1643//1211 1644//1211
f 1644//1211 1643//1211 1645//1211
f 1644//1212 1645//1212 1646//1212
f 1646//1212 1645//1212 1647//1212
f 1646//1213 1647//1213 1648//1213
f 1648//1213 1647//1213 1649//1213
f 1648//1214 1649//1214 1650//1214
f 1651//1215 1636//1215 1652//1215
f 1652//1215 1636//1215 1638//1215
f 1652//1216 1638//1216 1653//1216
f 1653//1216 1638//1216 1640//1216
f 1653//1217 1640//1217 1654//1217
f 1654//1217 1640//1217 1642//1217
f 1654//1218 1642//1218 1655//1218
f 1655//1218 1642//1218 1644//1218
f 1655//1219 1644//1219 1656//1219
f 1656//1219 1644//1219 1646//1219
f 1656//1220 1646//1220 1657//1220
f 1657//1220 1646//1220 1648//1220
f 1657//1221 1648//1221 1658//1221
f 1658//1221 1648//1221 1650//1221
f 1658//1222 1650//1222 1659//1222
f 1659//1222 1650//1222 1660//1222
f 1659//1223 1660//1223 1661//1223
f 1661//1223 1660//1223 1662//1223
f 1661//1224 1662//1224 1663//1224
f 1663//1224 1662//1224 1664//1224
f 1665//1225 1651//1225 1666//1225
f 1666//1225 1651//1225 1652//1225
f 1666//1226 1652//1226 1667//1226
f 1667//1226 1652//1226 1653//1226
f 1667//1227 1653//1227 1668//1227
f 1668//1227 1653//1227 1654//1227
f 1668//1228 1654//1228 1669//1228
f 1669//1228 1654//1228 1655//1228
f 1669//1229 1655//1229 1670//1229
f 1670//1229 1655//1229 1656//1229
f 1670//1230 1656//1230 1671//1230
f 1671//1230 1656//1230 1657//1230
f 1671//1231 1657//1231 1672//1231
f 1672//1231 1657//1231 1658//1231
f 1672//1232 1658//1232 1673//1232
f 1673//1232 1658//1232 1659//1232
f 1673//1233 1659//1233 1674//1233
f 1674//1233 1659//1233 1661//1233
f 1674//1234 1661//1234 1675//1234
f 1675//1234 1661//1234 1663//1234
f 1676//1235 1665//1235 1677//1235
f 1677//1235 1665//1235 1666//1235
f 1677//1236 1666//1236 1678//1236
f 1678//1236 1666//1236 1667//1236
f 1678//1237 1667//1237 1679//1237
f 1679//1237 1667//1237 1668//1237
f 1679//1238 1668//1238 1680//1238
f 1680//1238 1668//1238 1669//1238
f 1680//1239 1669//1239 1681//1239
f 1681//1239 1669//1239 1670//1239
f 1681//1240 1670//1240 1682//1240
f 1682//1240 1670//1240 1671//1240
f 1682//1241 1671//1241 1683//1241
f 1683//1241 1671//1241 1672//1241
f 1683//1242 1672//1242 1684//1242
f 1684//1242 1672//1242 1673//1242
f 1684//1243 1673//1243 1685//1243
f 1685//1243 1673//1243 1674//1243
f 1685//1244 1674//1244 1686//1244
f 1686//1244 1674//1244 1675//1244
f 1687//1245 1676//1245 1688//1245
f 1688//1245 1676//1245 1677//1245
f 1688//1246 1677//1246 1689//1246
f 1689//1246 1677//1246 1678//1246
f 1689//1247 1678//1247 1690//1247
f 1690//1247 1678//1247 1679//1247
f 1690//1248 1679//1248 1691//1248
f 1691//1248 1679//1248 1680//1248
f 1691//1249 1680//1249 1692//1249
f 1692//1249 1680//1249 1681//1249
f 1692//1250 1681//1250 1693//1250
f 1693//1250 1681//1250 1682//1250
f 1693//1251 1682//1251 1694//1251
f 1694//1251 1682//1251 1683//1251
f 1694//1252 1683//1252 1695//1252
f 1695//1252 1683//1252 1684//1252
f 1695//1253 1684//1253 1696//1253
f 1696//1253 1684//1253 1685//1253
f 1696//1254 1685//1254 1697//1254
f 1697//1254 1685//1254 1686//1254
f 1698//1255 1687//1255 1699//1255
f 1699//1255 1687//1255 1688//1255
f 1699//1256 1688//1256 1700//1256
f 1700//1256 1688//1256 1689//1256
f 1700//1257 1689//1257 1701//1257
f 1701//1257 1689//1257 1690//1257
f 1701//1258 1690//1258 1702//1258
f 1702//1258 1690//1258 1691//1258
f 1702//1259 1691//1259 1703//1259
f 1703//1259 1691//1259 1692//1259
f 1703//1260 1692//1260 1704//1260
f 1704//1260 1692//1260 1693//1260
f 1704//1261 1693//1261 1705//1261
f 1705//1261 1693//1261 1694//1261
f 1705//1262 1694//1262 1706//1262
f 1706//1262 1694//1262 1695//1262
f 1706//1263 1695//1263 1707//1263
f 1707//1263 1695//1263 1696//1263
f 1707//1264 1696//1264 1708//1264
f 1708//1264 1696//1264 1697//1264
f 1709//1265 1698//1265 1710//1265
f 1710//1265 1698//1265 1699//1265
f 1710//1266 1699//1266 1711//1266
f 1711//1266 1699//1266 1700//1266
f 1711//1267 1700//1267 1712//1267
f 1712//1267 1700//1267 1701//1267
f 1712//1268 1701//1268 1713//1268
f 1713//1268 1701//1268 1702//1268
f 1713//1269 1702//1269 1714//1269
f 1714//1269 1702//1269 1703//1269
f 1714//1270 1703//1270 1715//1270
f 1715//1270 1703//1270 1704//1270
f 1715//1271 1704//1271 1716//1271
f 1716//1271 1704//1271 1705//1271
f 1716//1272 1705//1272 1717//1272
f 1717//1272 1705//1272 1706//1272
f 1717//1273 1706//1273 1718//1273
f 1718//1273 1706//1273 1707//1273
f 1718//1274 1707//1274 1719//1274
f 1719//1274 1707//1274 1708//1274
f 1720//1275 1709//1275 1721//1275
f 1721//1275 1709//1275 1710//1275
f 1721//1276 1710//1276 1722//1276
f 1722//1276 1710//1276 1711//1276
f 1722//1277 1711//1277 1723//1277
f 1723//1277 1711//1277 1712//1277
f 1723//1278 1712//1278 1724//1278
f 1724//1278 1712//1278 1713//1278
f 1724//1279 1713//1279 1725//1279
f 1725//1279 1713//1279 1714//1279
f 1725//1280 1714//1280 1726//1280
f 1726//1280 1714//1280 1715//1280
f 1726//1281 1715//1281 1727//1281
f 1727//1281 1715//1281 1716//1281
f 1727//1282 1716//1282 1728//1282
f 1728//1282 1716//1282 1717//1282
f 1728//1283 1717//1283 1729//1283
f 1729//1283 1717//1283 1718//1283
f 1729//1284 1718//1284 1730//1284
f 1730//1284 1718//1284 1719//1284
f 1731//1285 1720//1285 1732//1285
f 1732//1285 1720//1285 1721//1285
f 1732//1286 1721//1286 1733//1286
f 1733//1286 1721//1286 1722//1286
f 1733//1287 1722//1287 1734//1287
f 1734//1287 1722//1287 1723//1287
f 1734//1288 1723//1288 1735//1288
f 1735//1288 1723//1288 1724//1288
f 1735//1289 1724//1289 1736//1289
f 1736//1289 1724//1289 1725//1289
f 1736//1290 1725//1290 1737//1290
f 1737//1290 1725//1290 1726//1290
f 1737//1291 1726//1291 1738//1291
f 1738//1291 1726//1291 1727//1291
f 1738//1292 1727//1292 1739//1292
f 1739//1292 1727//1292 1728//1292
f 1739//1293 1728//1293 1740//1293
f 1740//1293 1728//1293 1729//1293
f 1740//1294 1729//1294 1741//1294
f 1741//1294 1729//1294 1730//1294
f 1742//1295 1731//1295 1743//1295
f 1743//1295 1731//1295 1732//1295
f 1743//1296 1732//1296 1744//1296
f 1744//1296 1732//1296 1733//1296
f 1744//1297 1733//1297 1745//1297
f 1745//1297 1733//1297 1734//1297
f 1745//1298 1734//1298 1746//1298
f 1746//1298 1734//1298 1735//1298
f 1746//1299 1735//1299 1747//1299
f 1747//1299 1735//1299 1736//1299
f 1747//1300 1736//1300 1748//1300
f 1748//1300 1736//1300 1737//1300
f 1748//1301 1737//1301 1749//1301
f 1749//1301 1737//1301 1738//1301
f 1749//1302 1738//1302 1750//1302
f 1750//1302 1738//1302 1739//1302
f 1750//1303 1739//1303 1751//1303
f 1751//1303 1739//1303 1740//1303
f 1751//1304 1740//1304 1752//1304
f 1752//1304 1740//1304 1741//1304
f 1753//1305 1754//1305 1755//1305
f 1755//1306 1742//1306 1756//1306
f 1756//1306 1742//1306 1743//1306
f 1756//1307 1743//1307 1757//1307
f 1757//1307 1743//1307 1744//1307
f 1757//1308 1744//1308 1758//1308
f 1758//1308 1744//1308 1745//1308
f 1758//1309 1745//1309 1759//1309
f 1759//1309 1745//1309 1746//1309
f 1759//1310 1746//1310 1760//1310
f 1760//1310 1746//1310 1747//1310
f 1760//1311 1747//1311 1761//1311
f 1761//1311 1747//1311 1748//1311
f 1761//1312 1748//1312 1762//1312
f 1762//1312 1748//1312 1749//1312
f 1762//1313 1749//1313 1763//1313
f 1763//1313 1749//1313 1750//1313
f 1763//1314 1750//1314 1764//1314
f 1764//1314 1750//1314 1751//1314
f 1764//1315 1751//1315 1765//1315
f 1765//1315 1751//1315 1752//1315
f 1766//1316 1767//1316 1768//1316
f 1768//1316 1767//1316 1769//1316
f 1768//1317 1769//1317 1770//1317
f 1767//1318 1766//1318 1771//1318
f 1771//1318 1766//1318 1772//1318
f 1771//1319 1772//1319 1773//1319
f 1773//1319 1772//1319 1774//1319
f 1773//1320 1774//1320 1775//1320
f 1775//1320 1774//1320 1776//1320
f 1775//1321 1776//1321 1777//1321
f 1777//1321 1776//1321 1778//1321
f 1777//1322 1778//1322 1779//1322
f 1779//1323 1778//1323 1780//1323
f 1779//1324 1780//1324 1781//1324
f 1781//1325 1780//1325 1782//1325
f 1781//1326 1782//1326 1783//1326
f 1783//1326 1782//1326 1784//1326
f 1783//1327 1784//1327 1785//1327
f 1785//1327 1784//1327 1786//1327
f 1785//1328 1786//1328 1787//1328
f 1787//1328 1786//1328 1788//1328
f 1787//1329 1788//1329 1789//1329
f 1789//1329 1788//1329 1790//1329
f 1789//1330 1790//1330 1791//1330
f 1792//1331 1793//1331 1794//1331
f 1794//1331 1793//1331 1795//1331
f 1794//1332 1795//1332 1796//1332
f 1796//1332 1795//1332 1797//1332
f 1796//1333 1797//1333 1798//1333
f 1798//1333 1797//1333 1799//1333
f 1798//1334 1799//1334 1800//1334
f 1800//1334 1799//1334 1801//1334
f 1800//1335 1801//1335 1802//1335
f 1802//1335 1801//1335 1803//1335
f 1804//1336 1805//1336 1806//1336
f 1806//1336 1805//1336 1807//1336
f 1806//1337 1807//1337 1808//1337
f 1805//1338 1804//1338 1809//1338
f 1809//1338 1804//1338 1810//1338
f 1809//1339 1810//1339 1811//1339
f 1811//1339 1810//1339 1812//1339
f 1811//1340 1812//1340 1813//1340
f 1813//1340 1812//1340 1814//1340
f 1813//1341 1814//1341 1815//1341
f 1815//1341 1814//1341 1816//1341
f 1815//1342 1816//1342 1817//1342
f 1817//1342 1816//1342 1818//1342
f 1817//1343 1818//1343 1819//1343
f 1819//1343 1818//1343 1820//1343
f 1819//1344 1820//1344 1821//1344
f 1821//1344 1820//1344 1822//1344
f 1821//1345 1822//1345 1823//1345
f 1823//1345 1822//1345 1824//1345
f 1825//1346 1826//1346 1827//1346
f 1828//1347 1829//1347 1830//1347
f 1831//1348 1832//1348 1833//1348
f 1833//1348 1832//1348 1834//1348
f 1833//1349 1834//1349 1835//1349
f 1832//1350 1836//1350 1834//1350
f 1837//1351 1838//1351 1839//1351
f 1839//1351 1838//1351 1840//1351
f 1839//1352 1840//1352 1830//1352
f 1830//1353 1840//1353 1828//1353
f 1838//1354 1837//1354 1841//1354
f 1841//1354 1837//1354 1842//1354
f 1841//1355 1842//1355 1843//1355
f 1843//1355 1842//1355 1844//1355
f 1843//1356 1844//1356 1845//1356
f 1845//1356 1844//1356 1846//1356
f 1845//1357 1846//1357 1847//1357
f 1847//1357 1846//1357 1848//1357
f 1847//1358 1848//1358 1849//1358
f 1828//1359 1840//1359 1850//1359
f 1851//1360 1852//1360 1853//1360
f 1853//1360 1852//1360 1854//1360
f 1852//1361 1855//1361 1854//1361
f 1854//1361 1855//1361 1856//1361
f 1855//1362 1857//1362 1856//1362
f 1856//1362 1857//1362 1858//1362
f 1857//1363 1859//1363 1858//1363
f 1860//1364 1861//1364 1862//1364
f 1862//1364 1861//1364 1863//1364
f 1861//1365 1864//1365 1863//1365
f 1863//1365 1864//1365 1865//1365
f 1864//1366 1866//1366 1865//1366
f 1865//1366 1866//1366 1867//1366
f 1866//1367 1868//1367 1867//1367
f 1867//1367 1868//1367 1869//1367
f 1868//1368 1870//1368 1869//1368
f 1869//1368 1870//1368 1871//1368
f 1870//1369 1872//1369 1871//1369
f 1873//1370 1874//1370 1875//1370
f 1875//1370 1874//1370 1876//1370
f 1875//1371 1876//1371 1877//1371
f 1877//1371 1876//1371 1878//1371
f 1877//1372 1878//1372 1879//1372
f 1879//1372 1878//1372 1880//1372
f 1879//1373 1880//1373 1881//1373
f 1882//1374 1883//1374 1884//1374
f 1884//1374 1883//1374 1885//1374
f 1884//1375 1885//1375 1886//1375
f 1886//1375 1885//1375 1887//1375
f 1886//1376 1887//1376 1888//1376
f 1888//1376 1887//1376 1889//1376
f 1888//1377 1889//1377 1890//1377
f 1890//1377 1889//1377 1891//1377
f 1890//1378 1891//1378 1892//1378
f 1893//1379 1882//1379 1894//1379
f 1894//1379 1882//1379 1884//1379
f 1894//1380 1884//1380 1895//1380
f 1895//1380 1884//1380 1886//1380
f 1895//1381 1886//1381 1896//1381
f 1896//1381 1886//1381 1888//1381
f 1896//1382 1888//1382 1897//1382
f 1897//1382 1888//1382 1890//1382
f 1897//1383 1890//1383 1898//1383
f 1898//1383 1890//1383 1892//1383
f 1898//1384 1892//1384 1899//1384
f 1900//1385 1893//1385 1901//1385
f 1901//1385 1893//1385 1894//1385
f 1901//1386 1894//1386 1902//1386
f 1902//1386 1894//1386 1895//1386
f 1902//1387 1895//1387 1903//1387
f 1903//1387 1895//1387 1896//1387
f 1903//1388 1896//1388 1904//1388
f 1904//1388 1896//1388 1897//1388
f 1904//1389 1897//1389 1905//1389
f 1905//1389 1897//1389 1898//1389
f 1905//1390 1898//1390 1906//1390
f 1906//1390 1898//1390 1899//1390
f 1906//1391 1899//1391 1907//1391
f 1908//1392 1900//1392 1909//1392
f 1909//1392 1900//1392 1901//1392
f 1909//1393 1901//1393 1910//1393
f 1910//1393 1901//1393 1902//1393
f 1910//1394 1902//1394 1911//1394
f 1911//1394 1902//1394 1903//1394
f 1911//1395 1903//1395 1912//1395
f 1912//1395 1903//1395 1904//1395
f 1912//1396 1904//1396 1913//1396
f 1913//1396 1904//1396 1905//1396
f 1913//1397 1905//1397 1914//1397
f 1914//1397 1905//1397 1906//1397
f 1914//1398 1906//1398 1915//1398
f 1915//1398 1906//1398 1907//1398
f 1915//1399 1907//1399 1916//1399
f 1917//1400 1908//1400 1918//1400
f 1918//1400 1908//1400 1909//1400
f 1918//1401 1909//1401 1919//1401
f 1919//1401 1909//1401 1910//1401
f 1919//1402 1910//1402 1920//1402
f 1920//1402 1910//1402 1911//1402
f 1920//1403 1911//1403 1921//1403
f 1921//1403 1911//1403 1912//1403
f 1921//1404 1912//1404 1922//1404
f 1922//1404 1912//1404 1913//1404
f 1922//1405 1913//1405 1923//1405
f 1923//1405 1913//1405 1914//1405
f 1923//1406 1914//1406 1924//1406
f 1924//1406 1914//1406 1915//1406
f 1924//1407 1915//1407 1925//1407
f 1925//1407 1915//1407 1916//1407
f 1925//1408 1916//1408 1926//1408
f 1927//1409 1917//1409 1928//1409
f 1928//1409 1917//1409 1918//1409
f 1928//1410 1918//1410 1929//1410
f 1929//1410 1918//1410 1919//1410
f 1929//1411 1919//1411 1930//1411
f 1930//1411 1919//1411 1920//1411
f 1930//1412 1920//1412 1931//1412
f 1931//1412 1920//1412 1921//1412
f 1931//1413 1921//1413 1932//1413
f 1932//1413 1921//1413 1922//1413
f 1932//1414 1922//1414 1933//1414
f 1933//1414 1922//1414 1923//1414
f 1933//1415 1923//1415 1934//1415
f 1934//1415 1923//1415 1924//1415
f 1934//1416 1924//1416 1935//1416
f 1935//1416 1924//1416 1925//1416
f 1935//1417 1925//1417 1936//1417
f 1936//1417 1925//1417 1926//1417
f 1936//1418 1926//1418 1937//1418
f 1938//1419 1927//1419 1939//1419
f 1939//1419 1927//1419 1928//1419
f 1939//1420 1928//1420 1940//1420
f 1940//1420 1928//1420 1929//1420
f 1940//1421 1929//1421 1941//1421
f 1941//1421 1929//1421 1930//1421
f 1941//1422 1930//1422 1942//1422
f 1942//1422 1930//1422 1931//1422
f 1942//1423 1931//1423 1943//1423
f 1943//1423 1931//1423 1932//1423
f 1943//1424 1932//1424 1944//1424
f 1944//1424 1932//1424 1933//1424
f 1944//1425 1933//1425 1945//1425
f 1945//1425 1933//1425 1934//1425
f 1945//1426 1934//1426 1946//1426
f 1946//1426 1934//1426 1935//1426
f 1946//1427 1935//1427 1947//1427
f 1947//1427 1935//1427 1936//1427
f 1947//1428 1936//1428 1948//1428
f 1948//1428 1936//1428 1937//1428
f 1948//1429 1937//1429 1949//1429
f 1950//1430 1938//1430 1951//1430
f 1951//1430 1938//1430 1939//1430
f 1951//1431 1939//1431 1952//1431
f 1952//1431 1939//1431 1940//1431
f 1952//1432 1940//1432 1953//1432
f 1953//1432 1940//1432 1941//1432
f 1953//1433 1941//1433 1954//1433
f 1954//1433 1941//1433 1942//1433
f 1954//1434 1942//1434 1955//1434
f 1955//1434 1942//1434 1943//1434
f 1955//1435 1943//1435 1956//1435
f 1956//1435 1943//1435 1944//1435
f 1956//1436 1944//1436 1957//1436
f 1957//1436 1944//1436 1945//1436
f 1957//1437 1945//1437 1958//1437
f 1958//1437 1945//1437 1946//1437
f 1958//1438 1946//1438 1959//1438
f 1959//1438 1946//1438 1947//1438
f 1959//1439 1947//1439 1960//1439
f 1960//1439 1947//1439 1948//1439
f 1960//1440 1948//1440 1961//1440
f 1961//1440 1948//1440 1949//1440
f 1961//1441 1949//1441 1962//1441
f 1963//1442 1950//1442 1964//1442
f 1964//1442 1950//1442 1951//1442
f 1964//1443 1951//1443 1965//1443
f 1965//1443 1951//1443 1952//1443
f 1965//1444 1952//1444 1966//1444
f 1966//1444 1952//1444 1953//1444
f 1966//1445 1953//1445 1967//1445
f 1967//1445 1953//1445 1954//1445
f 1967//1446 1954//1446 1968//1446
f 1968//1446 1954//1446 1955//1446
f 1968//1447 1955//1447 1969//1447
f 1969//1447 1955//1447 1956//1447
f 1969//1448 1956//1448 1970//1448
f 1970//1448 1956//1448 1957//1448
f 1970//1449 1957//1449 1971//1449
f 1971//1449 1957//1449 1958//1449
f 1971//1450 1958//1450 1972//1450
f 1972//1450 1958//1450 1959//1450
f 1972//1451 1959//1451 1973//1451
f 1973//1451 1959//1451 1960//1451
f 1973//1452 1960//1452 1974//1452
f 1974//1452 1960//1452 1961//1452
f 1974//1453 1961//1453 1975//1453
f 1975//1453 1961//1453 1962//1453
f 1975//1454 1962//1454 1976//1454
f 1977//1455 1963//1455 1978//1455
f 1978//1455 1963//1455 1964//1455
f 1978//1456 1964//1456 1979//1456
f 1979//1456 1964//1456 1965//1456
f 1979//1457 1965//1457 1980//1457
f 1980//1457 1965//1457 1966//1457
f 1980//1458 1966//1458 1981//1458
f 1981//1458 1966//1458 1967//1458
f 1981//1459 1967//1459 1982//1459
f 1982//1459 1967//1459 1968//1459
f 1982//1460 1968//1460 1983//1460
f 1983//1460 1968//1460 1969//1460
f 1983//1461 1969//1461 1984//1461
f 1984//1461 1969//1461 1970//1461
f 1984//1462 1970//1462 1985//1462
f 1985//1462 1970//1462 1971//1462
f 1985//1463 1971//1463 1986//1463
f 1986//1463 1971//1463 1972//1463
f 1986//1464 1972//1464 1987//1464
f 1987//1464 1972//1464 1973//1464
f 1987//1465 1973//1465 1988//1465
f 1988//1465 1973//1465 1974//1465
f 1988//1466 1974//1466 1989//1466
f 1989//1466 1974//1466 1975//1466
f 1989//1467 1975//1467 1990//1467
f 1990//1467 1975//1467 1976//1467
f 1990//1468 1976//1468 1991//1468
f 1992//1469 1977//1469 1993//1469
f 1993//1469 1977//1469 1978//1469
f 1993//1470 1978//1470 1994//1470
f 1994//1470 1978//1470 1979//1470
f 1994//1471 1979//1471 1995//1471
f 1995//1471 1979//1471 1980//1471
f 1995//1472 1980//1472 1996//1472
f 1996//1472 1980//1472 1981//1472
f 1996//1473 1981//1473 1997//1473
f 1997//1473 1981//1473 1982//1473
f 1997//1474 1982//1474 1998//1474
f 1998//1474 1982//1474 1983//1474
f 1998//1475 1983//1475 1999//1475
f 1999//1475 1983//1475 1984//1475
f 1999//1476 1984//1476 2000//1476
f 2000//1476 1984//1476 1985//1476
f 2000//1477 1985//1477 2001//1477
f 2001//1477 1985//1477 1986//1477
f 2001//1478 1986//1478 2002//1478
f 2002//1478 1986//1478 1987//1478
f 2002//1479 1987//1479 2003//1479
f 2003//1479 1987//1479 1988//1479
f 2003//1480 1988//1480 2004//1480
f 2004//1480 1988//1480 1989//1480
f 2004//1481 1989//1481 2005//1481
f 2005//1481 1989//1481 1990//1481
f 2005//1482 1990//1482 2006//1482
f 2006//1482 1990//1482 1991//1482
f 2006//1483 1991//1483 2007//1483
f 2008//1484 1992//1484 2009//1484
f 2009//1484 1992//1484 1993//1484
f 2009//1485 1993//1485 2010//1485
f 2010//1485 1993//1485 1994//1485
f 2010//1486 1994//1486 2011//1486
f 2011//1486 1994//1486 1995//1486
f 2011//1487 1995//1487 2012//1487
f 2012//1487 1995//1487 1996//1487
f 2012//1488 1996//1488 2013//1488
f 2013//1488 1996//1488 1997//1488
f 2013//1489 1997//1489 2014//1489
f 2014//1489 1997//1489 1998//1489
f 2014//1490 1998//1490 2015//1490
f 2015//1490 1998//1490 1999//1490
f 2015//1491 1999//1491 2016//1491
f 2016//1491 1999//1491 2000//1491
f 2016//1492 2000//1492 2017//1492
f 2017//1492 2000//1492 2001//1492
f 2017//1493 2001//1493 2018//1493
f 2018//1493 2001//1493 2002//1493
f 2018//1494 2002//1494 2019//1494
f 2019//1494 2002//1494 2003//1494
f 2019//1495 2003//1495 2020//1495
f 2020//1495 2003//1495 2004//1495
f 2020//1496 2004//1496 2021//1496
f 2021//1496 2004//1496 2005//1496
f 2021//1497 2005//1497 2022//1497
f 2022//1497 2005//1497 2006//1497
f 2022//1498 2006//1498 2023//1498
f 2023//1498 2006//1498 2007//1498
f 2023//1499 2007//1499 2024//1499
f 2025//1500 2026//1500 2027//1500
f 2027//1501 2008//1501 2028//1501
f 2028//1501 2008//1501 2009//1501
f 2028//1502 2009//1502 2029//1502
f 2029//1502 2009//1502 2010//1502
f 2029//1503 2010//1503 2030//1503
f 2030//1503 2010//1503 2011//1503
f 2030//1504 2011//1504 2031//1504
f 2031//1504 2011//1504 2012//1504
f 2031//1505 2012//1505 2032//1505
f 2032//1505 2012//1505 2013//1505
f 2032//1506 2013//1506 2033//1506
f 2033//1506 2013//1506 2014//1506
f 2033//1507 2014//1507 2034//1507
f 2034//1507 2014//1507 2015//1507
f 2034//1508 2015//1508 2035//1508
f 2035//1508 2015//1508 2016//1508
f 2035//1509 2016//1509 2036//1509
f 2036//1509 2016//1509 2017//1509
f 2036//1510 2017//1510 2037//1510
f 2037//1510 2017//1510 2018//1510
f 2037//1511 2018//1511 2038//1511
f 2038//1511 2018//1511 2019//1511
f 2038//1512 2019//1512 2039//1512
f 2039//1512 2019//1512 2020//1512
f 2039//1513 2020//1513 2040//1513
f 2040//1513 2020//1513 2021//1513
f 2040//1514 2021//1514 2041//1514
f 2041//1514 2021//1514 2022//1514
f 2041//1515 2022//1515 2042//1515
f 2042//1515 2022//1515 2023//1515
f 2042//1516 2023//1516 2043//1516
f 2043//1516 2023//1516 2024//1516
f 2043//1517 2024//1517 2044//1517
f 2045//1518 2046//1518 2047//1518
f 2047//1518 2046//1518 2048//1518
f 2046//1519 2049//1519 2048//1519
f 2048//1519 2049//1519 2050//1519
f 2049//1520 2051//1520 2050//1520
f 2050//1520 2051//1520 2052//1520
f 2051//1521 2053//1521 2052//1521
f 2052//1521 2053//1521 2054//1521
f 2053//1522 2055//1522 2054//1522
f 2054//1522 2055//1522 2056//1522
f 2055//1523 2057//1523 2056//1523
f 2056//1523 2057//1523 2058//1523
f 2057//1524 2059//1524 2058//1524
f 2058//1524 2059//1524 2060//1524
f 2059//1525 2061//1525 2060//1525
f 2062//1526 2063//1526 2064//1526
f 2064//1526 2063//1526 2065//1526
f 2064//1527 2065//1527 2066//1527
f 2063//1528 2067//1528 2065//1528
f 2063//1529 2062//1529 2068//1529
f 2068//1529 2062//1529 2069//1529
f 2068//1530 2069//1530 2070//1530
f 2070//1530 2069//1530 2071//1530
f 2070//1531 2071//1531 2072//1531
f 2072//1531 2071//1531 2073//1531
f 2072//1532 2073//1532 2074//1532
f 2074//1532 2073//1532 2075//1532
f 2074//1533 2075//1533 2076//1533
f 2076//1533 2075//1533 2077//1533
f 2076//1534 2077//1534 2078//1534
f 2078//1534 2077//1534 2079//1534
f 2078//1535 2079//1535 2080//1535
f 2080//1535 2079//1535 2081//1535
f 2080//1536 2081//1536 2082//1536
f 2082//1536 2081//1536 2083//1536
f 2082//1537 2083//1537 2084//1537
f 2084//1537 2083//1537 2085//1537
f 2084//1538 2085//1538 2086//1538
f 2086//1538 2085//1538 2087//1538
f 2086//1539 2087//1539 2088//1539
f 2088//1539 2087//1539 2089//1539
f 2088//1540 2089//1540 2090//1540
f 2090//1540 2089//1540 2091//1540
f 2090//1541 2091//1541 2092//1541
f 2092//1541 2091//1541 2093//1541
f 2092//1542 2093//1542 2094//1542
f 2094//1542 2093//1542 2095//1542
f 2094//1543 2095//1543 2096//1543
f 2096//1543 2095//1543 2097//1543
f 2096//1544 2097//1544 2098//1544
f 2099//1545 2100//1545 2101//1545
f 2101//1545 2100//1545 2102//1545
f 2101//1546 2102//1546 2103//1546
f 2103//1546 2102//1546 2104//1546
f 2103//1547 2104//1547 2105//1547
f 2105//1547 2104//1547 2106//1547
f 2105//1548 2106//1548 2107//1548
f 2108//1549 2099//1549 2109//1549
f 2109//1549 2099//1549 2101//1549
f 2109//1550 2101//1550 2110//1550
f 2110//1550 2101//1550 2103//1550
f 2110//1551 2103//1551 2111//1551
f 2111//1551 2103//1551 2105//1551
f 2111//1552 2105//1552 2112//1552
f 2112//1552 2105//1552 2107//1552
f 2112//1553 2107//1553 2113//1553
f 2114//1554 2108//1554 2115//1554
f 2115//1554 2108//1554 2109//1554
f 2115//1555 2109//1555 2116//1555
f 2116//1555 2109//1555 2110//1555
f 2116//1556 2110//1556 2117//1556
f 2117//1556 2110//1556 2111//1556
f 2117//1557 2111//1557 2118//1557
f 2118//1557 2111//1557 2112//1557
f 2118//1558 2112//1558 2119//1558
f 2119//1558 2112//1558 2113//1558
f 2119//1559 2113//1559 2120//1559
f 2121//1560 2114//1560 2122//1560
f 2122//1560 2114//1560 2115//1560
f 2122//1561 2115//1561 2123//1561
f 2123//1561 2115//1561 2116//1561
f 2123//1562 2116//1562 2124//1562
f 2124//1562 2116//1562 2117//1562
f 2124//1563 2117//1563 2125//1563
f 2125//1563 2117//1563 2118//1563
f 2125//1564 2118//1564 2126//1564
f 2126//1564 2118//1564 2119//1564
f 2126//1565 2119//1565 2127//1565
f 2127//1565 2119//1565 2120//1565
f 2127//1566 2120//1566 2128//1566
f 2129//1567 2121//1567 2130//1567
f 2130//1567 2121//1567 2122//1567
f 2130//1568 2122//1568 2131//1568
f 2131//1568 2122//1568 2123//1568
f 2131//1569 2123//1569 2132//1569
f 2132//1569 2123//1569 2124//1569
f 2132//1570 2124//1570 2133//1570
f 2133//1570 2124//1570 2125//1570
f 2133//1571 2125//1571 2134//1571
f 2134//1571 2125//1571 2126//1571
f 2134//1572 2126//1572 2135//1572
f 2135//1572 2126//1572 2127//1572
f 2135//1573 2127//1573 2136//1573
f 2136//1573 2127//1573 2128//1573
f 2136//1574 2128//1574 2137//1574
f 2138//1575 2129//1575 2139//1575
f 2139//1575 2129//1575 2130//1575
f 2139//1576 2130//1576 2140//1576
f 2140//1576 2130//1576 2131//1576
f 2140//1577 2131//1577 2141//1577
f 2141//1577 2131//1577 2132//1577
f 2141//1578 2132//1578 2142//1578
f 2142//1578 2132//1578 2133//1578
f 2142//1579 2133//1579 2143//1579
f 2143//1579 2133//1579 2134//1579
f 2143//1580 2134//1580 2144//1580
f 2144//1580 2134//1580 2135//1580
f 2144//1581 2135//1581 2145//1581
f 2145//1581 2135//1581 2136//1581
f 2145//1582 2136//1582 2146//1582
f 2146//1582 2136//1582 2137//1582
f 2146//1583 2137//1583 2147//1583
f 2148//1584 2138//1584 2149//1584
f 2149//1584 2138//1584 2139//1584
f 2149//1585 2139//1585 2150//1585
f 2150//1585 2139//1585 2140//1585
f 2150//1586 2140//1586 2151//1586
f 2151//1586 2140//1586 2141//1586
f 2151//1587 2141//1587 2152//1587
f 2152//1587 2141//1587 2142//1587
f 2152//1588 2142//1588 2153//1588
f 2153//1588 2142//1588 2143//1588
f 2153//1589 2143//1589 2154//1589
f 2154//1589 2143//1589 2144//1589
f 2154//1590 2144//1590 2155//1590
f 2155//1590 2144//1590 2145//1590
f 2155//1591 2145//1591 2156//1591
f 2156//1591 2145//1591 2146//1591
f 2156//1592 2146//1592 2157//1592
f 2157//1592 2146//1592 2147//1592
f 2157//1593 2147//1593 2158//1593
f 2159//1594 2148//1594 2160//1594
f 2160//1594 2148//1594 2149//1594
f 2160//1595 2149//1595 2161//1595
f 2161//1595 2149//1595 2150//1595
f 2161//1596 2150//1596 2162//1596
f 2162//1596 2150//1596 2151//1596
f 2162//1597 2151//1597 2163//1597
f 2163//1597 2151//1597 2152//1597
f 2163//1598 2152//1598 2164//1598
f 2164//1598 2152//1598 2153//1598
f 2164//1599 2153//1599 2165//1599
f 2165//1599 2153//1599 2154//1599
f 2165//1600 2154//1600 2166//1600
f 2166//1600 2154//1600 2155//1600
f 2166//1601 2155//1601 2167//1601
f 2167//1601 2155//1601 2156//1601
f 2167//1602 2156//1602 2168//1602
f 2168//1602 2156//1602 2157//1602
f 2168//1603 2157//1603 2169//1603
f 2169//1603 2157//1603 2158//1603
f 2169//1604 2158//1604 2170//1604
f 2171//1605 2159//1605 2172//1605
f 2172//1605 2159//1605 2160//1605
f 2172//1606 2160//1606 2173//1606
f 2173//1606 2160//1606 2161//1606
f 2173//1607 2161//1607 2174//1607
f 2174//1607 2161//1607 2162//1607
f 2174//1608 2162//1608 2175//1608
f 2175//1608 2162//1608 2163//1608
f 2175//1609 2163//1609 2176//1609
f 2176//1609 2163//1609 2164//1609
f 2176//1610 2164//1610 2177//1610
f 2177//1610 2164//1610 2165//1610
f 2177//1611 2165//1611 2178//1611
f 2178//1611 2165//1611 2166//1611
f 2178//1612 2166//1612 2179//1612
f 2179//1612 2166//1612 2167//1612
f 2179//1613 2167//1613 2180//1613
f 2180//1613 2167//1613 2168//1613
f 2180//1614 2168//1614 2181//1614
f 2181//1614 2168//1614 2169//1614
f 2181//1615 2169//1615 2182//1615
f 2182//1615 2169//1615 2170//1615
f 2182//1616 2170//1616 2183//1616
f 2173//1617 2184//1617 2172//1617
f 2172//1617 2184//1617 2185//1617
f 2172//1618 2185//1618 2171//1618
f 2185//1619 2184//1619 2186//1619
f 2186//1620 2184//1620 2187//1620
f 2186//1621 2187//1621 2188//1621
f 2188//1622 2187//1622 2189//1622
f 2188//1623 2189//1623 2190//1623
f 2190//1624 2189//1624 2191//1624
f 2190//1625 2191//1625 2192//1625
f 2192//1626 2191//1626 2193//1626
f 2192//1627 2193//1627 2194//1627
f 2194//1628 2193//1628 2195//1628
f 2194//1629 2195//1629 2196//1629
f 2196//1630 2195//1630 2197//1630
f 2196//1631 2197//1631 2198//1631
f 2198//1632 2197//1632 2199//1632
f 2198//1633 2199//1633 2200//1633
f 2200//1634 2199//1634 2201//1634
f 2200//1635 2201//1635 2202//1635
f 2202//1636 2201//1636 2203//1636
f 2202//1637 2203//1637 2204//1637
f 2204//1638 2203//1638 2205//1638
f 2204//1639 2205//1639 2206//1639
f 2206//1640 2205//1640 2207//1640
f 2206//1641 2207//1641 2208//1641
f 2208//1642 2207//1642 2209//1642
f 2208//1643 2209//1643 2210//1643
f 2210//1644 2209//1644 2211//1644
f 2210//1645 2211//1645 2212//1645
f 2212//1646 2211//1646 2213//1646
f 2212//1647 2213//1647 2214//1647
f 2214//1648 2213//1648 2215//1648
f 2214//1649 2215//1649 2216//1649
f 2217//1650 2218//1650 2219//1650
f 2219//1650 2218//1650 2220//1650
f 2219//1651 2220//1651 2221//1651
f 2221//1651 2220//1651 2222//1651
f 2221//1652 2222//1652 2223//1652
f 2223//1652 2222//1652 2224//1652
f 2223//1653 2224//1653 2225//1653
f 2225//1653 2224//1653 2226//1653
f 2225//1654 2226//1654 2227//1654
f 2227//1654 2226//1654 2228//1654
f 2227//1655 2228//1655 2229//1655
f 2229//1655 2228//1655 2230//1655
f 2229//1656 2230//1656 2231//1656
f 2231//1656 2230//1656 2232//1656
f 2231//1657 2232//1657 2233//1657
f 2233//1657 2232//1657 2234//1657
f 2233//1658 2234//1658 2235//1658
f 2235//1658 2234//1658 2236//1658
f 2235//1659 2236//1659 2237//1659
f 2237//1659 2236//1659 2238//1659
f 2237//1660 2238//1660 2239//1660
f 2221//1661 2240//1661 2219//1661
f 2219//1661 2240//1661 2241//1661
f 2219//1662 2241//1662 2217//1662
f 2241//1663 2240//1663 2242//1663
f 2242//1664 2240//1664 2243//1664
f 2242//1665 2243//1665 2244//1665
f 2244//1666 2243//1666 2245//1666
f 2244//1667 2245//1667 2246//1667
f 2246//1668 2245//1668 2247//1668
f 2246//1669 2247//1669 2248//1669
f 2248//1670 2247//1670 2249//1670
f 2248//1671 2249//1671 2250//1671
f 2250//1672 2249//1672 2251//1672
f 2250//1673 2251//1673 2252//1673
f 2252//1674 2251//1674 2253//1674
f 2252//1675 2253//1675 2254//1675
f 2254//1676 2253//1676 2255//1676
f 2254//1677 2255//1677 2256//1677
f 2256//1678 2255//1678 2257//1678
f 2256//1679 2257//1679 2258//1679
f 2258//1680 2257//1680 2259//1680
f 2258//1681 2259//1681 2260//1681
f 2260//1682 2259//1682 2261//1682
f 2260//1683 2261//1683 2262//1683
f 2262//1684 2261//1684 2263//1684
f 2262//1685 2263//1685 2264//1685
f 2264//1686 2263//1686 2265//1686
f 2264//1687 2265//1687 2266//1687
f 2266//1688 2265//1688 2267//1688
f 2266//1689 2267//1689 2268//1689
f 2268//1690 2267//1690 2269//1690
f 2270//1691 2271//1691 2272//1691
f 2272//1691 2271//1691 2273//1691
f 2272//1692 2273//1692 2274//1692
f 2274//1692 2273//1692 2275//1692
f 2274//1693 2275//1693 2276//1693
f 2276//1693 2275//1693 2277//1693
f 2276//1694 2277//1694 2278//1694
f 2278//1694 2277//1694 2279//1694
f 2278//1695 2279//1695 2280//1695
f 2280//1695 2279//1695 2281//1695
f 2280//1696 2281//1696 2282//1696
f 2282//1696 2281//1696 2283//1696
f 2282//1697 2283//1697 2284//1697
f 2284//1697 2283//1697 2285//1697
f 2284//1698 2285//1698 2286//1698
f 2286//1698 2285//1698 2287//1698
f 2286//1699 2287//1699 2288//1699
f 2288//1699 2287//1699 2289//1699
f 2288//1700 2289//1700 2290//1700
f 2291//1701 2292//1701 2293//1701
f 2293//1702 2292//1702 2294//1702
f 2293//1703 2294//1703 2295//1703
f 2295//1704 2294//1704 2296//1704
f 2295//1705 2296//1705 2297//1705
f 2297//1706 2296//1706 2298//1706
f 2297//1707 2298//1707 2299//1707
f 2299//1708 2298//1708 2300//1708
f 2299//1709 2300//1709 2301//1709
f 2301//1710 2300//1710 2302//1710
f 2301//1711 2302//1711 2303//1711
f 2303//1712 2302//1712 2304//1712
f 2303//1713 2304//1713 2305//1713
f 2305//1714 2304//1714 2306//1714
f 2305//1715 2306//1715 2307//1715
f 2307//1716 2306//1716 2308//1716
f 2307//1717 2308//1717 2309//1717
f 2309//1718 2308//1718 2310//1718
f 2309//1719 2310//1719 2311//1719
f 2311//1720 2310//1720 2312//1720
f 2311//1721 2312//1721 2313//1721
f 2313//1722 2312//1722 2314//1722
f 2313//1723 2314//1723 2315//1723
f 2315//1724 2314//1724 2316//1724
f 2315//1725 2316//1725 2317//1725
f 2317//1726 2316//1726 2318//1726
f 2317//1727 2318//1727 2319//1727
f 2319//1728 2318//1728 2320//1728
f 2319//1729 2320//1729 2321//1729
f 2321//1730 2320//1730 2322//1730
f 2321//1731 2322//1731 2323//1731
f 2323//1732 2322//1732 2324//1732
f 2323//1733 2324//1733 2325//1733
f 2325//1734 2324//1734 2326//1734
f 2325//1735 2326//1735 2327//1735
f 2327//1736 2326//1736 2328//1736
f 2327//1737 2328//1737 2329//1737
f 2330//1738 2331//1738 2332//1738
f 2332//1738 2331//1738 2333//1738
f 2332//1739 2333//1739 2334//1739
f 2333//1740 2331//1740 2335//1740
f 2335//1741 2331//1741 2336//1741
f 2335//1742 2336//1742 2337//1742
f 2337//1743 2336//1743 2338//1743
f 2337//1744 2338//1744 2339//1744
f 2339//1745 2338//1745 2340//1745
f 2339//1746 2340//1746 2341//1746
f 2341//1747 2340//1747 2342//1747
f 2341//1748 2342//1748 2343//1748
f 2343//1749 2342//1749 2344//1749
f 2343//1750 2344//1750 2345//1750
f 2345//1751 2344//1751 2346//1751
f 2345//1752 2346//1752 2347//1752
f 2347//1753 2346//1753 2348//1753
f 2347//1754 2348//1754 2349//1754
f 2349//1755 2348//1755 2350//1755
f 2349//1756 2350//1756 2351//1756
f 2351//1757 2350//1757 2352//1757
f 2351//1758 2352//1758 2353//1758
f 2353//1759 2352//1759 2354//1759
f 2353//1760 2354//1760 2355//1760
f 2355//1761 2354//1761 2356//1761
f 2355//1762 2356//1762 2357//1762
f 2357//1763 2356//1763 2358//1763
f 2357//1764 2358//1764 2359//1764
f 2359//1765 2358//1765 2360//1765
f 2361//1766 2362//1766 2363//1766
f 2363//1766 2362//1766 2364//1766
f 2363//1767 2364//1767 2365//1767
f 2365//1767 2364//1767 2366//1767
f 2365//1768 2366//1768 2367//1768
f 2367//1768 2366//1768 2368//1768
f 2367//1769 2368//1769 2369//1769
f 2369//1769 2368//1769 2370//1769
f 2369//1770 2370//1770 2371//1770
f 2371//1770 2370//1770 2372//1770
f 2371//1771 2372//1771 2373//1771
f 2373//1771 2372//1771 2374//1771
f 2373//1772 2374//1772 2375//1772
f 2375//1772 2374//1772 2376//1772
f 2375//1773 2376//1773 2377//1773
f 2377//1773 2376//1773 2378//1773
f 2377//1774 2378//1774 2379//1774
f 2380//1775 2381//1775 2382//1775
f 2382//1776 2381//1776 2383//1776
f 2384//1777 2383//1777 2385//1777
f 2385//1778 2383//1778 2381//1778
f 2365//1779 2386//1779 2363//1779
f 2363//1779 2386//1779 2387//1779
f 2363//1780 2387//1780 2361//1780
f 2387//1781 2386//1781 2388//1781
f 2388//1782 2386//1782 2389//1782
f 2388//1783 2389//1783 2390//1783
f 2390//1784 2389//1784 2391//1784
f 2390//1785 2391//1785 2392//1785
f 2392//1786 2391//1786 2393//1786
f 2392//1787 2393//1787 2394//1787
f 2394//1788 2393//1788 2395//1788
f 2394//1789 2395//1789 2396//1789
f 2396//1790 2395//1790 2397//1790
f 2396//1791 2397//1791 2398//1791
f 2398//1792 2397//1792 2399//1792
f 2398//1793 2399//1793 2400//1793
f 2400//1794 2399//1794 2401//1794
f 2400//1795 2401//1795 2402//1795
f 2402//1796 2401//1796 2403//1796
f 2402//1797 2403//1797 2404//1797
f 2404//1798 2403//1798 2405//1798
f 2404//1799 2405//1799 2406//1799
f 2406//1800 2405//1800 2407//1800
f 2406//1801 2407//1801 2408//1801
f 2408//1802 2407//1802 2409//1802
f 2408//1803 2409//1803 2410//1803
f 2410//1804 2409//1804 2411//1804
f 2386//1805 2412//1805 2413//1805
f 2413//1805 2412//1805 2414//1805
f 2413//1806 2414//1806 2415//1806
f 2415//1806 2414//1806 2416//1806
f 2415//1807 2416//1807 2417//1807
f 2417//1807 2416//1807 2418//1807
f 2417//1808 2418//1808 2419//1808
f 2419//1808 2418//1808 2420//1808
f 2419//1809 2420//1809 2421//1809
f 2421//1809 2420//1809 2422//1809
f 2421//1810 2422//1810 2423//1810
f 2423//1810 2422//1810 2424//1810
f 2423//1811 2424//1811 2425//1811
f 2425//1811 2424//1811 2426//1811
f 2425//1812 2426//1812 2427//1812
f 2428//1813 2429//1813 2430//1813
f 2431//1814 2432//1814 2433//1814
f 2433//1815 2432//1815 2434//1815
f 2435//1816 2413//1816 2436//1816
f 2436//1817 2413//1817 2437//1817
f 2436//1818 2437//1818 2438//1818
f 2438//1819 2437//1819 2439//1819
f 2438//1820 2439//1820 2440//1820
f 2440//1821 2439//1821 2441//1821
f 2440//1822 2441//1822 2442//1822
f 2442//1823 2441//1823 2443//1823
f 2442//1824 2443//1824 2444//1824
f 2444//1825 2443//1825 2445//1825
f 2444//1826 2445//1826 2446//1826
f 2446//1827 2445//1827 2447//1827
f 2446//1828 2447//1828 2448//1828
f 2448//1829 2447//1829 2449//1829
f 2448//1830 2449//1830 2450//1830
f 2450//1831 2449//1831 2451//1831
f 2450//1832 2451//1832 2452//1832
f 2452//1833 2451//1833 2453//1833
f 2452//1834 2453//1834 2454//1834
f 2454//1835 2453//1835 2455//1835
f 2454//1836 2455//1836 2456//1836
f 2456//1837 2455//1837 2457//1837
f 2456//1838 2457//1838 2458//1838
f 2458//1839 2457//1839 2459//1839
f 2437//1840 2460//1840 2461//1840
f 2462//1841 2463//1841 2464//1841
f 2464//1842 2463//1842 2465//1842
f 2464//1843 2465//1843 2466//1843
f 2466//1844 2465//1844 2467//1844
f 2466//1845 2467//1845 2468//1845
f 2468//1846 2467//1846 2469//1846
f 2468//1847 2469//1847 2470//1847
f 2470//1848 2469//1848 2471//1848
f 2470//1849 2471//1849 2472//1849
f 2472//1850 2471//1850 2473//1850
f 2472//1851 2473//1851 2474//1851
f 2474//1852 2473//1852 2475//1852
f 2474//1853 2475//1853 2476//1853
f 2476//1854 2475//1854 2477//1854
f 2476//1855 2477//1855 2478//1855
f 2478//1856 2477//1856 2479//1856
f 2478//1857 2479//1857 2480//1857
f 2480//1858 2479//1858 2481//1858
f 2480//1859 2481//1859 2482//1859
f 2482//1860 2481//1860 2483//1860
f 2482//1861 2483//1861 2484//1861
f 2484//1862 2483//1862 2485//1862
f 2486//1863 2487//1863 2488//1863
f 2486//1864 2488//1864 2489//1864
f 2489//1865 2488//1865 2490//1865
f 2489//1866 2490//1866 2491//1866
f 2491//1867 2490//1867 2492//1867
f 2491//1868 2492//1868 2493//1868
f 2493//1869 2492//1869 2494//1869
f 2493//1870 2494//1870 2495//1870
f 2495//1871 2494//1871 2496//1871
f 2495//1872 2496//1872 2497//1872
f 2497//1873 2496//1873 2498//1873
f 2497//1874 2498//1874 2499//1874
f 2499//1875 2498//1875 2500//1875
f 2499//1876 2500//1876 2501//1876
f 2501//1877 2500//1877 2502//1877
f 2501//1878 2502//1878 2503//1878
f 2503//1879 2502//1879 2504//1879
f 2503//1880 2504//1880 2505//1880
f 2505//1881 2504//1881 2506//1881
f 2505//1882 2506//1882 2507//1882
f 2507//1883 2506//1883 2508//1883
f 2507//1884 2508//1884 2509//1884
f 2509//1885 2508//1885 2510//1885
f 2509//1886 2510//1886 2511//1886
f 2511//1887 2510//1887 2512//1887
f 2511//1888 2512//1888 2513//1888
f 2513//1889 2512//1889 2514//1889
f 2513//1890 2514//1890 2515//1890
f 2516//1891 2517//1891 2518//1891
f 2518//1891 2517//1891 2519//1891
f 2518//1892 2519//1892 2520//1892
f 2520//1892 2519//1892 2521//1892
f 2520//1893 2521//1893 2522//1893
f 2522//1893 2521//1893 2523//1893
f 2522//1894 2523//1894 2524//1894
f 2524//1894 2523//1894 2525//1894
f 2524//1895 2525//1895 2526//1895
f 2526//1895 2525//1895 2527//1895
f 2526//1896 2527//1896 2528//1896
f 2528//1896 2527//1896 2529//1896
f 2528//1897 2529//1897 2530//1897
f 2516//1898 2518//1898 2531//1898
f 2531//1899 2518//1899 2532//1899
f 2531//1900 2532//1900 2533//1900
f 2533//1901 2532//1901 2534//1901
f 2533//1902 2534//1902 2535//1902
f 2535//1903 2534//1903 2536//1903
f 2535//1904 2536//1904 2537//1904
f 2537//1905 2536//1905 2538//1905
f 2537//1906 2538//1906 2539//1906
f 2539//1907 2538//1907 2540//1907
f 2539//1908 2540//1908 2541//1908
f 2541//1909 2540//1909 2542//1909
f 2541//1910 2542//1910 2543//1910
f 2543//1911 2542//1911 2544//1911
f 2543//1912 2544//1912 2545//1912
f 2545//1913 2544//1913 2546//1913
f 2545//1914 2546//1914 2547//1914
f 2547//1915 2546//1915 2548//1915
f 2547//1916 2548//1916 2549//1916
f 2549//1917 2548//1917 2550//1917
f 2549//1918 2550//1918 2551//1918
f 2551//1919 2550//1919 2552//1919
f 2532//1920 2553//1920 2554//1920
f 2532//1921 2554//1921 2555//1921
f 2555//1921 2554//1921 2556//1921
f 2555//1922 2556//1922 2557//1922
f 2557//1922 2556//1922 2558//1922
f 2557//1923 2558//1923 2559//1923
f 2559//1923 2558//1923 2560//1923
f 2559//1924 2560//1924 2561//1924
f 2561//1924 2560//1924 2562//1924
f 2561//1925 2562//1925 2563//1925
f 2563//1925 2562//1925 2564//1925
f 2563//1926 2564//1926 2565//1926
f 2566//1927 2555//1927 2567//1927
f 2567//1928 2555//1928 2568//1928
f 2567//1929 2568//1929 2569//1929
f 2569//1930 2568//1930 2570//1930
f 2569//1931 2570//1931 2571//1931
f 2571//1932 2570//1932 2572//1932
f 2571//1933 2572//1933 2573//1933
f 2573//1934 2572//1934 2574//1934
f 2573//1935 2574//1935 2575//1935
f 2575//1936 2574//1936 2576//1936
f 2575//1937 2576//1937 2577//1937
f 2577//1938 2576//1938 2578//1938
f 2577//1939 2578//1939 2579//1939
f 2579//1940 2578//1940 2580//1940
f 2579//1941 2580//1941 2581//1941
f 2581//1942 2580//1942 2582//1942
f 2581//1943 2582//1943 2583//1943
f 2583//1944 2582//1944 2584//1944
f 2583//1945 2584//1945 2585//1945
f 2585//1946 2584//1946 2586//1946
f 2568//1947 2587//1947 2588//1947
f 2589//1948 2590//1948 2591//1948
f 2591//1948 2590//1948 2592//1948
f 2591//1949 2592//1949 2593//1949
f 2592//1950 2590//1950 2594//1950
f 2594//1951 2590//1951 2595//1951
f 2594//1952 2595//1952 2596//1952
f 2596//1953 2595//1953 2597//1953
f 2596//1954 2597//1954 2598//1954
f 2598//1955 2597//1955 2599//1955
f 2598//1956 2599//1956 2600//1956
f 2600//1957 2599//1957 2601//1957
f 2600//1958 2601//1958 2602//1958
f 2602//1959 2601//1959 2603//1959
f 2602//1960 2603//1960 2604//1960
f 2604//1961 2603//1961 2605//1961
f 2604//1962 2605//1962 2606//1962
f 2606//1963 2605//1963 2607//1963
f 2606//1964 2607//1964 2608//1964
f 2608//1965 2607//1965 2609//1965
f 2608//1966 2609//1966 2610//1966
f 2610//1967 2609//1967 2611//1967
f 2610//1968 2611//1968 2612//1968
f 2612//1969 2611//1969 2613//1969
f 2590//1970 2589//1970 2614//1970
f 2614//1970 2589//1970 2615//1970
f 2614//1971 2615//1971 2616//1971
f 2617//1972 2618//1972 2619//1972
f 2619//1972 2618//1972 2620//1972
f 2619//1973 2620//1973 2621//1973
f 2621//1973 2620//1973 2622//1973
f 2621//1974 2622//1974 2623//1974
f 2623//1974 2622//1974 2624//1974
f 2623//1975 2624//1975 2625//1975
f 2625//1975 2624//1975 2626//1975
f 2625//1976 2626//1976 2627//1976
f 2617//1977 2619//1977 2628//1977
f 2628//1978 2619//1978 2629//1978
f 2628//1979 2629//1979 2630//1979
f 2630//1980 2629//1980 2631//1980
f 2630//1981 2631//1981 2632//1981
f 2632//1982 2631//1982 2633//1982
f 2632//1983 2633//1983 2634//1983
f 2634//1984 2633//1984 2635//1984
f 2634//1985 2635//1985 2636//1985
f 2636//1986 2635//1986 2637//1986
f 2636//1987 2637//1987 2638//1987
f 2638//1988 2637//1988 2639//1988
f 2638//1989 2639//1989 2640//1989
f 2640//1990 2639//1990 2641//1990
f 2640//1991 2641//1991 2642//1991
f 2642//1992 2641//1992 2643//1992
f 2642//1993 2643//1993 2644//1993
f 2644//1994 2643//1994 2645//1994
f 2629//1995 2619//1995 2621//1995
f 2646//1996 2647//1996 2648//1996
f 2648//1996 2647//1996 2649//1996
f 2648//1997 2649//1997 2650//1997
f 2649//1998 2647//1998 2651//1998
f 2651//1999 2647//1999 2652//1999
f 2651//2000 2652//2000 2653//2000
f 2653//2001 2652//2001 2654//2001
f 2653//2002 2654//2002 2655//2002
f 2655//2003 2654//2003 2656//2003
f 2655//2004 2656//2004 2657//2004
f 2657//2005 2656//2005 2658//2005
f 2657//2006 2658//2006 2659//2006
f 2659//2007 2658//2007 2660//2007
f 2659//2008 2660//2008 2661//2008
f 2661//2009 2660//2009 2662//2009
f 2661//2010 2662//2010 2663//2010
f 2663//2011 2662//2011 2664//2011
f 2663//2012 2664//2012 2665//2012
f 2665//2013 2664//2013 2666//2013
f 2665//2014 2666//2014 2667//2014
f 2667//2015 2666//2015 2668//2015
f 2667//2016 2668//2016 2669//2016
f 2669//2017 2668//2017 2670//2017
f 2669//2018 2670//2018 2671//2018
f 2671//2019 2670//2019 2672//2019
f 2671//2020 2672//2020 2673//2020
f 2673//2021 2672//2021 2674//2021
f 2673//2022 2674//2022 2675//2022
f 2675//2023 2674//2023 2676//2023
f 2675//2024 2676//2024 2677//2024
f 2677//2025 2676//2025 2678//2025
f 2677//2026 2678//2026 2679//2026
f 2679//2027 2678//2027 2680//2027
f 2679//2028 2680//2028 2681//2028
f 2681//2029 2680//2029 2682//2029
f 2681//2030 2682//2030 2683//2030
f 2683//2031 2682//2031 2684//2031
f 2683//2032 2684//2032 2685//2032
f 2685//2033 2684//2033 2686//2033
f 2685//2034 2686//2034 2687//2034
f 2687//2035 2686//2035 2688//2035
f 2687//2036 2688//2036 2689//2036
f 2689//2037 2688//2037 2690//2037
f 2689//2038 2690//2038 2691//2038
f 2692//2039 2693//2039 2694//2039
f 2694//2040 2693//2040 2695//2040
f 2696//2041 2697//2041 2698//2041
f 2698//2041 2697//2041 2699//2041
f 2698//2042 2699//2042 2700//2042
f 2700//2042 2699//2042 2701//2042
f 2700//2043 2701//2043 2702//2043
f 2702//2043 2701//2043 2703//2043
f 2702//2044 2703//2044 2704//2044
f 2696//2045 2698//2045 2705//2045
f 2705//2046 2698//2046 2706//2046
f 2705//2047 2706//2047 2707//2047
f 2707//2048 2706//2048 2708//2048
f 2707//2049 2708//2049 2709//2049
f 2709//2050 2708//2050 2710//2050
f 2709//2051 2710//2051 2711//2051
f 2711//2052 2710//2052 2712//2052
f 2711//2053 2712//2053 2713//2053
f 2713//2054 2712//2054 2714//2054
f 2713//2055 2714//2055 2715//2055
f 2715//2056 2714//2056 2716//2056
f 2715//2057 2716//2057 2717//2057
f 2717//2058 2716//2058 2718//2058
f 2717//2059 2718//2059 2719//2059
f 2719//2060 2718//2060 2720//2060
f 2706//2046 2698//2046 2700//2046
f 2721//2061 2722//2061 2723//2061
f 2723//2062 2722//2062 2724//2062
f 2723//2063 2724//2063 2725//2063
f 2726//2062 2724//2062 2722//2062
f 2727//2064 2728//2064 2729//2064
f 2727//2065 2729//2065 2730//2065
f 2730//2066 2729//2066 2731//2066
f 2730//2067 2731//2067 2732//2067
f 2732//2068 2731//2068 2733//2068
f 2732//2069 2733//2069 2734//2069
f 2734//2070 2733//2070 2735//2070
f 2734//2071 2735//2071 2736//2071
f 2736//2072 2735//2072 2737//2072
f 2736//2073 2737//2073 2738//2073
f 2738//2074 2737//2074 2739//2074
f 2738//2075 2739//2075 2740//2075
f 2740//2076 2739//2076 2741//2076
f 2740//2077 2741//2077 2742//2077
f 2742//2078 2741//2078 2743//2078
f 2742//2079 2743//2079 2744//2079
f 2744//2080 2743//2080 2745//2080
f 2744//2081 2745//2081 2746//2081
f 2746//2082 2745//2082 2747//2082
f 2746//2083 2747//2083 2748//2083
f 2748//2084 2747//2084 2749//2084
f 2748//2085 2749//2085 2750//2085
f 2750//2086 2749//2086 2751//2086
f 2750//2087 2751//2087 2752//2087
f 2752//2088 2751//2088 2753//2088
f 2752//2089 2753//2089 2754//2089
f 2754//2090 2753//2090 2755//2090
f 2754//2091 2755//2091 2756//2091
f 2756//2092 2755//2092 2757//2092
f 2756//2093 2757//2093 2758//2093
f 2758//2094 2757//2094 2759//2094
f 2758//2095 2759//2095 2760//2095
f 2760//2096 2759//2096 2761//2096
f 2760//2097 2761//2097 2762//2097
f 2762//2098 2761//2098 2763//2098
f 2762//2099 2763//2099 2764//2099
f 2764//2100 2763//2100 2765//2100
f 2764//2101 2765//2101 2766//2101
f 2767//2102 2768//2102 2769//2102
f 2769//2102 2768//2102 2770//2102
f 2769//2103 2770//2103 2771//2103
f 2771//2103 2770//2103 2772//2103
f 2771//2104 2772//2104 2773//2104
f 2767//2105 2769//2105 2774//2105
f 2774//2106 2769//2106 2775//2106
f 2774//2107 2775//2107 2776//2107
f 2776//2108 2775//2108 2777//2108
f 2776//2109 2777//2109 2778//2109
f 2778//2110 2777//2110 2779//2110
f 2778//2111 2779//2111 2780//2111
f 2780//2112 2779//2112 2781//2112
f 2780//2113 2781//2113 2782//2113
f 2782//2114 2781//2114 2783//2114
f 2782//2115 2783//2115 2784//2115
f 2784//2116 2783//2116 2785//2116
f 2784//2117 2785//2117 2786//2117
f 2786//2118 2785//2118 2787//2118
f 2775//2106 2769//2106 2771//2106
f 2788//2119 2789//2119 2790//2119
f 2790//2120 2789//2120 2791//2120
f 2790//2121 2791//2121 2792//2121
f 2792//2121 2791//2121 2793//2121
f 2792//2122 2793//2122 2794//2122
f 2788//2123 2790//2123 2795//2123
f 2795//2124 2790//2124 2796//2124
f 2795//2125 2796//2125 2797//2125
f 2797//2126 2796//2126 2798//2126
f 2797//2127 2798//2127 2799//2127
f 2799//2128 2798//2128 2800//2128
f 2799//2129 2800//2129 2801//2129
f 2801//2130 2800//2130 2802//2130
f 2801//2131 2802//2131 2803//2131
f 2803//2132 2802//2132 2804//2132
f 2803//2133 2804//2133 2805//2133
f 2805//2134 2804//2134 2806//2134
f 2805//2135 2806//2135 2807//2135
f 2807//2136 2806//2136 2808//2136
f 2807//2137 2808//2137 2809//2137
f 2809//2138 2808//2138 2810//2138
f 2809//2139 2810//2139 2811//2139
f 2811//2140 2810//2140 2812//2140
f 2811//2141 2812//2141 2813//2141
f 2813//2142 2812//2142 2814//2142
f 2813//2143 2814//2143 2815//2143
f 2815//2144 2814//2144 2816//2144
f 2815//2145 2816//2145 2817//2145
f 2817//2146 2816//2146 2818//2146
f 2817//2147 2818//2147 2819//2147
f 2819//2148 2818//2148 2820//2148
f 2819//2149 2820//2149 2821//2149
f 2821//2150 2820//2150 2822//2150
f 2821//2151 2822//2151 2823//2151
f 2823//2152 2822//2152 2824//2152
f 2823//2153 2824//2153 2825//2153
f 2826//2154 2827//2154 2828//2154
f 2829//2155 2830//2155 2831//2155
f 2832//2156 2833//2156 2834//2156
f 2826//2157 2828//2157 2835//2157
f 2835//2157 2828//2157 2836//2157
f 2835//2158 2836//2158 2837//2158
f 2826//2159 2835//2159 2838//2159
f 2838//2160 2835//2160 2839//2160
f 2838//2161 2839//2161 2840//2161
f 2840//2162 2839//2162 2841//2162
f 2840//2163 2841//2163 2842//2163
f 2842//2164 2841//2164 2843//2164
f 2842//2165 2843//2165 2844//2165
f 2844//2166 2843//2166 2845//2166
f 2844//2167 2845//2167 2846//2167
f 2846//2168 2845//2168 2847//2168
f 2846//2169 2847//2169 2848//2169
f 2848//2170 2847//2170 2849//2170
f 2848//2171 2849//2171 2850//2171
f 2850//2172 2849//2172 2851//2172
f 2850//2173 2851//2173 2852//2173
f 2852//2174 2851//2174 2853//2174
f 2852//2175 2853//2175 2854//2175
f 2854//2176 2853//2176 2855//2176
f 2854//2177 2855//2177 2856//2177
f 2856//2178 2855//2178 2857//2178
f 2856//2179 2857//2179 2858//2179
f 2858//2180 2857//2180 2859//2180
f 2858//2181 2859//2181 2860//2181
f 2860//2182 2859//2182 2861//2182
f 2860//2183 2861//2183 2862//2183
f 2862//2184 2861//2184 2863//2184
f 2862//2185 2863//2185 2864//2185
f 2839//2186 2865//2186 2866//2186
f 2841//2187 2867//2187 2868//2187
f 2868//2188 2867//2188 2866//2188
f 2869//2189 2870//2189 2871//2189
f 2872//2190 2873//2190 2874//2190
f 2874//2190 2873//2190 2875//2190
f 2874//2191 2875//2191 2876//2191
f 2875//2192 2873//2192 2877//2192
f 2877//2193 2873//2193 2878//2193
f 2877//2194 2878//2194 2879//2194
f 2879//2195 2878//2195 2880//2195
f 2879//2196 2880//2196 2881//2196
f 2881//2197 2880//2197 2882//2197
f 2881//2198 2882//2198 2883//2198
f 2883//2199 2882//2199 2884//2199
f 2883//2200 2884//2200 2885//2200
f 2885//2201 2884//2201 2886//2201
f 2885//2202 2886//2202 2887//2202
f 2887//2203 2886//2203 2888//2203
f 2887//2204 2888//2204 2889//2204
f 2889//2205 2888//2205 2890//2205
f 2889//2206 2890//2206 2891//2206
f 2891//2207 2890//2207 2892//2207
f 2891//2208 2892//2208 2893//2208
f 2893//2209 2892//2209 2894//2209
f 2893//2210 2894//2210 2895//2210
f 2895//2211 2894//2211 2896//2211
f 2895//2212 2896//2212 2897//2212
f 2878//2213 2873//2213 2898//2213
f 2898//2214 2873//2214 2872//2214
f 2899//2215 2900//2215 2901//2215
f 2899//2216 2901//2216 2902//2216
f 2902//2217 2901//2217 2903//2217
f 2902//2218 2903//2218 2904//2218
f 2904//2219 2903//2219 2905//2219
f 2904//2220 2905//2220 2906//2220
f 2906//2221 2905//2221 2907//2221
f 2906//2222 2907//2222 2908//2222
f 2908//2223 2907//2223 2909//2223
f 2908//2224 2909//2224 2910//2224
f 2910//2225 2909//2225 2911//2225
f 2910//2226 2911//2226 2912//2226
f 2912//2227 2911//2227 2913//2227
f 2912//2228 2913//2228 2914//2228
f 2914//2229 2913//2229 2915//2229
f 2914//2230 2915//2230 2916//2230
f 2916//2231 2915//2231 2917//2231
f 2916//2232 2917//2232 2918//2232
f 2918//2233 2917//2233 2919//2233
f 2918//2234 2919//2234 2920//2234
f 2920//2235 2919//2235 2921//2235
f 2920//2236 2921//2236 2922//2236
f 2923//2237 2924//2237 2925//2237
f 2925//2237 2924//2237 2926//2237
f 2925//2238 2926//2238 2927//2238
f 2928//2239 2923//2239 2929//2239
f 2929//2239 2923//2239 2925//2239
f 2929//2240 2925//2240 2930//2240
f 2930//2240 2925//2240 2927//2240
f 2930//2241 2927//2241 2931//2241
f 2932//2242 2928//2242 2933//2242
f 2933//2242 2928//2242 2929//2242
f 2933//2243 2929//2243 2934//2243
f 2934//2243 2929//2243 2930//2243
f 2934//2244 2930//2244 2935//2244
f 2935//2244 2930//2244 2931//2244
f 2935//2245 2931//2245 2936//2245
f 2937//2246 2932//2246 2938//2246
f 2938//2246 2932//2246 2933//2246
f 2938//2247 2933//2247 2939//2247
f 2939//2247 2933//2247 2934//2247
f 2939//2248 2934//2248 2940//2248
f 2940//2248 2934//2248 2935//2248
f 2940//2249 2935//2249 2941//2249
f 2941//2249 2935//2249 2936//2249
f 2941//2250 2936//2250 2942//2250
f 2943//2251 2937//2251 2944//2251
f 2944//2251 2937//2251 2938//2251
f 2944//2252 2938//2252 2945//2252
f 2945//2252 2938//2252 2939//2252
f 2945//2253 2939//2253 2946//2253
f 2946//2253 2939//2253 2940//2253
f 2946//2254 2940//2254 2947//2254
f 2947//2254 2940//2254 2941//2254
f 2947//2255 2941//2255 2948//2255
f 2948//2255 2941//2255 2942//2255
f 2948//2256 2942//2256 2949//2256
f 2950//2257 2943//2257 2951//2257
f 2951//2257 2943//2257 2944//2257
f 2951//2258 2944//2258 2952//2258
f 2952//2258 2944//2258 2945//2258
f 2952//2259 2945//2259 2953//2259
f 2953//2259 2945//2259 2946//2259
f 2953//2260 2946//2260 2954//2260
f 2954//2260 2946//2260 2947//2260
f 2954//2261 2947//2261 2955//2261
f 2955//2261 2947//2261 2948//2261
f 2955//2262 2948//2262 2956//2262
f 2956//2262 2948//2262 2949//2262
f 2956//2263 2949//2263 2957//2263
f 2958//2264 2950//2264 2959//2264
f 2959//2264 2950//2264 2951//2264
f 2959//2265 2951//2265 2960//2265
f 2960//2265 2951//2265 2952//2265
f 2960//2266 2952//2266 2961//2266
f 2961//2266 2952//2266 2953//2266
f 2961//2267 2953//2267 2962//2267
f 2962//2267 2953//2267 2954//2267
f 2962//2268 2954//2268 2963//2268
f 2963//2268 2954//2268 2955//2268
f 2963//2269 2955//2269 2964//2269
f 2964//2269 2955//2269 2956//2269
f 2964//2270 2956//2270 2965//2270
f 2965//2270 2956//2270 2957//2270
f 2965//2271 2957//2271 2966//2271
f 2967//2272 2958//2272 2968//2272
f 2968//2272 2958//2272 2959//2272
f 2968//2273 2959//2273 2969//2273
f 2969//2273 2959//2273 2960//2273
f 2969//2274 2960//2274 2970//2274
f 2970//2274 2960//2274 2961//2274
f 2970//2275 2961//2275 2971//2275
f 2971//2275 2961//2275 2962//2275
f 2971//2276 2962//2276 2972//2276
f 2972//2276 2962//2276 2963//2276
f 2972//2277 2963//2277 2973//2277
f 2973//2277 2963//2277 2964//2277
f 2973//2278 2964//2278 2974//2278
f 2974//2278 2964//2278 2965//2278
f 2974//2279 2965//2279 2975//2279
f 2975//2279 2965//2279 2966//2279
f 2975//2280 2966//2280 2976//2280
f 2967//2281 2968//2281 2977//2281
f 2977//2282 2968//2282 2978//2282
f 2977//2283 2978//2283 2979//2283
f 2979//2284 2978//2284 2980//2284
f 2979//2285 2980//2285 2981//2285
f 2981//2286 2980//2286 2982//2286
f 2981//2287 2982//2287 2983//2287
f 2983//2288 2982//2288 2984//2288
f 2983//2289 2984//2289 2985//2289
f 2985//2290 2984//2290 2986//2290
f 2978//2282 2968//2282 2969//2282
f 2987//2291 2988//2291 2989//2291
f 2989//2291 2988//2291 2990//2291
f 2989//2292 2990//2292 2991//2292
f 2992//2293 2993//2293 2988//2293
f 2988//2294 2993//2294 2990//2294
f 2992//2293 2988//2293 2994//2293
f 2994//2295 2988//2295 2987//2295
f 2987//2296 2989//2296 2995//2296
f 2995//2297 2989//2297 2996//2297
f 2995//2298 2996//2298 2997//2298
f 2997//2299 2996//2299 2998//2299
f 2997//2300 2998//2300 2999//2300
f 2999//2301 2998//2301 3000//2301
f 2999//2302 3000//2302 3001//2302
f 3001//2303 3000//2303 3002//2303
f 3001//2304 3002//2304 3003//2304
f 3003//2305 3002//2305 3004//2305
f 2996//2297 2989//2297 2991//2297
f 3005//2306 3006//2306 3007//2306
f 3005//2307 3007//2307 3008//2307
f 3008//2308 3007//2308 3009//2308
f 3008//2309 3009//2309 3010//2309
f 3010//2310 3009//2310 3011//2310
f 3010//2311 3011//2311 3012//2311
f 3012//2312 3011//2312 3013//2312
f 3012//2313 3013//2313 3014//2313
f 3014//2314 3013//2314 3015//2314
f 3014//2315 3015//2315 3016//2315
f 3016//2316 3015//2316 3017//2316
f 3016//2317 3017//2317 3018//2317
f 3018//2318 3017//2318 3019//2318
f 3018//2319 3019//2319 3020//2319
f 3020//2320 3019//2320 3021//2320
f 3020//2321 3021//2321 3022//2321
f 3022//2322 3021//2322 3023//2322
f 3022//2323 3023//2323 3024//2323
f 3025//2324 3026//2324 3027//2324
f 3027//2324 3026//2324 3028//2324
f 3027//2325 3028//2325 3029//2325
f 3029//2325 3028//2325 3030//2325
f 3029//2326 3030//2326 3031//2326
f 3031//2326 3030//2326 3032//2326
f 3031//2327 3032//2327 3033//2327
f 3033//2327 3032//2327 3034//2327
f 3033//2328 3034//2328 3035//2328
f 3035//2328 3034//2328 3036//2328
f 3035//2329 3036//2329 3037//2329
f 3037//2329 3036//2329 3038//2329
f 3037//2330 3038//2330 3039//2330
f 3039//2330 3038//2330 3040//2330
f 3039//2331 3040//2331 3041//2331
f 3025//2332 3027//2332 3042//2332
f 3042//2333 3027//2333 3043//2333
f 3042//2334 3043//2334 3044//2334
f 3044//2335 3043//2335 3045//2335
f 3044//2336 3045//2336 3046//2336
f 3046//2337 3045//2337 3047//2337
f 3046//2338 3047//2338 3048//2338
f 3048//2339 3047//2339 3049//2339
f 3043//2333 3027//2333 3029//2333
f 3050//2340 3051//2340 3052//2340
f 3053//2341 3054//2341 3055//2341
f 3055//2341 3054//2341 3056//2341
f 3055//2342 3056//2342 3057//2342
f 3056//2343 3054//2343 3058//2343
f 3058//2344 3054//2344 3059//2344
f 3058//2345 3059//2345 3060//2345
f 3060//2346 3059//2346 3061//2346
f 3060//2347 3061//2347 3062//2347
f 3062//2348 3061//2348 3063//2348
f 3062//2349 3063//2349 3064//2349
f 3064//2350 3063//2350 3065//2350
f 3064//2351 3065//2351 3066//2351
f 3066//2352 3065//2352 3067//2352
f 3066//2353 3067//2353 3068//2353
f 3068//2354 3067//2354 3069//2354
f 3068//2355 3069//2355 3070//2355
f 3054//2356 3053//2356 3071//2356
f 3071//2356 3053//2356 3072//2356
f 3071//2357 3072//2357 3073//2357
f 3074//2358 3075//2358 3076//2358
f 3076//2358 3075//2358 3077//2358
f 3076//2359 3077//2359 3078//2359
f 3078//2359 3077//2359 3079//2359
f 3078//2360 3079//2360 3080//2360
f 3080//2360 3079//2360 3081//2360
f 3080//2361 3081//2361 3082//2361
f 3082//2361 3081//2361 3083//2361
f 3082//2362 3083//2362 3084//2362
f 3084//2362 3083//2362 3085//2362
f 3084//2363 3085//2363 3086//2363
f 3086//2363 3085//2363 3087//2363
f 3086//2364 3087//2364 3088//2364
f 3074//2365 3076//2365 3089//2365
f 3089//2366 3076//2366 3090//2366
f 3089//2367 3090//2367 3091//2367
f 3091//2368 3090//2368 3092//2368
f 3091//2369 3092//2369 3093//2369
f 3093//2370 3092//2370 3094//2370
f 3090//2366 3076//2366 3078//2366
f 3073//2371 3095//2371 3071//2371
f 3071//2371 3095//2371 3096//2371
f 3071//2372 3096//2372 3097//2372
f 3096//2373 3095//2373 3098//2373
f 3098//2374 3095//2374 3099//2374
f 3098//2375 3099//2375 3100//2375
f 3100//2376 3099//2376 3101//2376
f 3100//2377 3101//2377 3102//2377
f 3102//2378 3101//2378 3103//2378
f 3102//2379 3103//2379 3104//2379
f 3104//2380 3103//2380 3105//2380
f 3104//2381 3105//2381 3106//2381
f 3099//2374 3095//2374 3107//2374
f 3107//2382 3095//2382 3108//2382
f 3090//2383 3109//2383 3110//2383
f 3110//2383 3109//2383 3111//2383
f 3110//2384 3111//2384 3112//2384
f 3112//2384 3111//2384 3113//2384
f 3112//2385 3113//2385 3114//2385
f 3114//2385 3113//2385 3115//2385
f 3114//2386 3115//2386 3116//2386
f 3116//2386 3115//2386 3117//2386
f 3116//2387 3117//2387 3118//2387
f 3118//2387 3117//2387 3119//2387
f 3120//2388 3110//2388 3121//2388
f 3121//2389 3110//2389 3122//2389
f 3121//2390 3122//2390 3123//2390
f 3123//2391 3122//2391 3124//2391
f 3122//2389 3110//2389 3112//2389
f 3125//2392 3126//2392 3127//2392
f 3127//2393 3126//2393 3128//2393
f 3127//2394 3128//2394 3129//2394
f 3129//2395 3128//2395 3130//2395
f 3129//2396 3130//2396 3131//2396
f 3132//2397 3107//2397 3133//2397
f 3132//2398 3133//2398 3134//2398
f 3134//2399 3133//2399 3135//2399
f 3134//2400 3135//2400 3136//2400
f 3136//2401 3135//2401 3137//2401
f 3136//2402 3137//2402 3138//2402
f 3122//2403 3112//2403 3139//2403
f 3139//2403 3140//2403 3114//2403
f 3139//2404 3114//2404 3141//2404
f 3141//2404 3142//2404 3116//2404
f 3141//2405 3116//2405 3143//2405
f 3143//2405 3144//2405 3118//2405
f 3145//2406 3124//2406 3139//2406
f 3139//2407 3124//2407 3122//2407
f 3145//2406 3139//2406 3141//2406
f 3146//2408 3147//2408 3128//2408
f 3128//2395 3147//2395 3130//2395
f 3145//2409 3141//2409 3148//2409
f 3148//2409 3141//2409 3143//2409
f 3126//2410 3146//2410 3128//2410
f 3149//2411 3150//2411 3151//2411
f 3151//2412 3150//2412 3152//2412
f 3153//2413 3154//2413 3155//2413
f 3156//2414 3149//2414 3157//2414
f 3157//2415 3149//2415 3151//2415
f 3154//2416 3158//2416 3159//2416
f 3159//2417 3158//2417 3160//2417
f 3159//2418 3160//2418 3161//2418
f 3161//2419 3160//2419 3162//2419
f 3161//2420 3162//2420 3163//2420
f 3164//2421 3156//2421 3165//2421
f 3165//2422 3156//2422 3157//2422
f 3158//2417 3166//2417 3160//2417
f 3160//2423 3166//2423 3167//2423
f 3160//2419 3167//2419 3162//2419
f 3168//2423 3167//2423 3166//2423
f 3169//2424 3164//2424 3170//2424
f 3170//2425 3164//2425 3165//2425
