g 0
v 0.0244882 0.0968246 -0.00503246
v 0.0244882 0 -0.00503246
v 0.025 0.0968246 3.06162e-18
v 0.025 0 3.06162e-18
v 0.0244882 0.0968246 0.00503246
v 0.0244882 0 0.00503246
v 0.0229739 0.0968246 0.0098589
v 0.0229739 0 0.0098589
v 0.0205191 0.0968246 0.0142817
v 0.0205191 0 0.0142817
v 0.0172242 0.0968246 0.0181198
v 0.0172242 0 0.0181198
v 0.0132241 0.0968246 0.0212161
v 0.0132241 0 0.0212161
v 0.00868263 0.0968246 0.0234438
v 0.00868263 0 0.0234438
v 0.00378569 0.0968246 0.0247117
v 0.00378569 0 0.0247117
v -0.00126623 0.0968246 0.0249679
v -0.00126623 0 0.0249679
v -0.00626631 0.0968246 0.0242019
v -0.00626631 0 0.0242019
v -0.0110099 0.0968246 0.0224451
v -0.0110099 0 0.0224451
v -0.0153026 0.0968246 0.0197694
v -0.0153026 0 0.0197694
v -0.018969 0.0968246 0.0162843
v -0.018969 0 0.0162843
v -0.0218587 0.0968246 0.0121325
v -0.0218587 0 0.0121325
v -0.0238535 0.0968246 0.00748408
v -0.0238535 0 0.00748408
v -0.0248717 0.0968246 0.00252921
v -0.0248717 0 0.00252921
v -0.0248717 0.0968246 -0.00252921
v -0.0248717 0 -0.00252921
v -0.0238535 0.0968246 -0.00748408
v -0.0238535 0 -0.00748408
v -0.0218587 0.0968246 -0.0121325
v -0.0218587 0 -0.0121325
v -0.018969 0.0968246 -0.0162843
v -0.018969 0 -0.0162843
v -0.0153026 0.0968246 -0.0197694
v -0.0153026 0 -0.0197694
v -0.0110099 0.0968246 -0.0224451
v -0.0110099 0 -0.0224451
v -0.00626631 0.0968246 -0.0242019
v -0.00626631 0 -0.0242019
v -0.00126623 0.0968246 -0.0249679
v -0.00126623 0 -0.0249679
v 0.00378569 0.0968246 -0.0247117
v 0.00378569 0 -0.0247117
v 0.00868263 0.0968246 -0.0234438
v 0.00868263 0 -0.0234438
v 0.0132241 0.0968246 -0.0212161
v 0.0132241 0 -0.0212161
v 0.0172242 0.0968246 -0.0181198
v 0.0172242 0 -0.0181198
v 0.0205191 0.0968246 -0.0142817
v 0.0205191 0 -0.0142817
v 0.0229739 0.0968246 -0.0098589
v 0.0229739 0 -0.0098589
v 0.0244882 0.0968246 -0.00503246
v 0.0244882 0 -0.00503246
v 0.0244882 -0.0968246 0.00503246
v 0.0244882 0 0.00503246
v 0.025 -0.0968246 -3.06162e-18
v 0.025 0 3.06162e-18
v 0.0244882 -0.0968246 -0.00503246
v 0.0229739 -0.0968246 -0.0098589
v 0.0205191 -0.0968246 -0.0142817
v 0.0172242 -0.0968246 -0.0181198
v 0.0132241 -0.0968246 -0.0212161
v 0.00868263 -0.0968246 -0.0234438
v 0.00378569 -0.0968246 -0.0247117
v -0.00126623 -0.0968246 -0.0249679
v -0.00626631 -0.0968246 -0.0242019
v -0.00126623 0 -0.0249679
v -0.00626631 0 -0.0242019
v -0.0110099 -0.0968246 -0.0224451
v -0.0110099 0 -0.0224451
v -0.0153026 -0.0968246 -0.0197694
v -0.0153026 0 -0.0197694
v -0.018969 -0.0968246 -0.0162843
v -0.018969 0 -0.0162843
v -0.0218587 -0.0968246 -0.0121325
v -0.0218587 0 -0.0121325
v -0.0238535 -0.0968246 -0.00748408
v -0.0238535 0 -0.00748408
v -0.0248717 -0.0968246 -0.00252921
v -0.0248717 0 -0.00252921
v -0.0248717 -0.0968246 0.00252921
v -0.0248717 0 0.00252921
v -0.0238535 -0.0968246 0.00748408
v -0.0238535 0 0.00748408
v -0.0218587 -0.0968246 0.0121325
v -0.0218587 0 0.0121325
v -0.018969 -0.0968246 0.0162843
v -0.018969 0 0.0162843
v -0.0153026 -0.0968246 0.0197694
v -0.0153026 0 0.0197694
v -0.0110099 -0.0968246 0.0224451
v -0.0110099 0 0.0224451
v -0.00626631 -0.0968246 0.0242019
v -0.00626631 0 0.0242019
v -0.00126623 -0.0968246 0.0249679
v -0.00126623 0 0.0249679
v 0.00378569 -0.0968246 0.0247117
v 0.00378569 0 0.0247117
v 0.00868263 -0.0968246 0.0234438
v 0.00868263 0 0.0234438
v 0.0132241 -0.0968246 0.0212161
v 0.0132241 0 0.0212161
v 0.0172242 -0.0968246 0.0181198
v 0.0172242 0 0.0181198
v 0.0205191 -0.0968246 0.0142817
v 0.0205191 0 0.0142817
v 0.0229739 -0.0968246 0.0098589
v 0.0229739 0 0.0098589
v 0.0244882 -0.0968246 0.00503246
v 0.0244882 0 0.00503246
v 8.74908e-18 -0.0714417 -0.069972
v -0.00861134 -0.0709208 -0.069972
v 0.00861134 -0.0709208 -0.069972
v 0.0170971 -0.0693657 -0.069972
v -0.0170971 -0.0693657 -0.069972
v 0.0253336 -0.0667991 -0.069972
v -0.0253336 -0.0667991 -0.069972
v 0.0332006 -0.0632585 -0.069972
v -0.0332006 -0.0632585 -0.069972
v 0.0405835 -0.0587954 -0.069972
v -0.0405835 -0.0587954 -0.069972
v 0.0473746 -0.0534749 -0.069972
v -0.0473746 -0.0534749 -0.069972
v 0.0534749 -0.0473746 -0.069972
v -0.0534749 -0.0473746 -0.069972
v 0.0587954 -0.0405835 -0.069972
v -0.0587954 -0.0405835 -0.069972
v 0.0632585 -0.0332006 -0.069972
v -0.0632585 -0.0332006 -0.069972
v 0.0667991 -0.0253336 -0.069972
v -0.0667991 -0.0253336 -0.069972
v 0.0693657 -0.0170971 -0.069972
v -0.0693657 -0.0170971 -0.069972
v 0.0709208 -0.00861134 -0.069972
v -0.0709208 -0.00861134 -0.069972
v 0.0714417 4.37454e-18 -0.069972
v -0.0714417 4.37454e-18 -0.069972
v 0.0709208 0.00861134 -0.069972
v -0.0709208 0.00861134 -0.069972
v 0.0693657 0.0170971 -0.069972
v -0.0693657 0.0170971 -0.069972
v 0.0667991 0.0253336 -0.069972
v -0.0667991 0.0253336 -0.069972
v 0.0632585 0.0332006 -0.069972
v -0.0632585 0.0332006 -0.069972
v 0.0587954 0.0405835 -0.069972
v -0.0587954 0.0405835 -0.069972
v 0.0534749 0.0473746 -0.069972
v -0.0534749 0.0473746 -0.069972
v 0.0473746 0.0534749 -0.069972
v -0.0473746 0.0534749 -0.069972
v 0.0405835 0.0587954 -0.069972
v -0.0405835 0.0587954 -0.069972
v 0.0332006 0.0632585 -0.069972
v -0.0332006 0.0632585 -0.069972
v 0.0253336 0.0667991 -0.069972
v -0.0253336 0.0667991 -0.069972
v 0.0170971 0.0693657 -0.069972
v -0.0170971 0.0693657 -0.069972
v 0.00861134 0.0709208 -0.069972
v -0.00861134 0.0709208 -0.069972
v 0 0.0714417 -0.069972
v 0.0244882 0.0968246 0.00503246
v 0.02497 0.0966998 0.00506492
v 0.025 0.0968246 3.06162e-18
v 0.0249722 0.0966992 -0.00506492
v 0.0244882 0.0968246 -0.00503246
v 0.0229739 0.0968246 -0.0098589
v 0.0247244 0.0957048 -0.0151428
v 0.0205191 0.0968246 -0.0142817
v 0.0172242 0.0968246 -0.0181198
v 0.0242226 0.0937283 -0.0250653
v 0.0146594 0.0956914 -0.0250653
v 0.0142002 0.0926938 -0.0347305
v 0.00490323 0.0966835 -0.0250653
v 0.00474964 0.0936549 -0.0347305
v -0.00126623 0.0968246 -0.0249679
v -0.00474964 0.0936549 -0.0347305
v -0.00490323 0.0966835 -0.0250653
v -0.0146594 0.0956914 -0.0250653
v -0.0110099 0.0968246 -0.0224451
v -0.0153026 0.0968246 -0.0197694
v -0.018969 0.0968246 -0.0162843
v -0.0242651 0.0937173 -0.0250653
v -0.0247762 0.0956914 -0.0151428
v -0.03433 0.0926938 -0.0151428
v -0.034686 0.0936549 -0.00506492
v -0.0439829 0.0896652 -0.00506492
v -0.0439829 0.0896652 0.00506492
v -0.0528285 0.0847555 0.00506492
v -0.0522864 0.0838858 0.0151428
v -0.0605047 0.0781657 0.0151428
v -0.0592566 0.0765532 0.0250653
v -0.0666973 0.0701655 0.0250653
v -0.064608 0.0679676 0.0347305
v -0.0711527 0.0610826 0.0347305
v -0.0681216 0.0584805 0.0440394
v -0.0736885 0.0512887 0.0440394
v -0.0696536 0.0484804 0.0528964
v -0.0742009 0.0411849 0.0528964
v -0.0691412 0.0383765 0.0612106
v -0.072669 0.0311847 0.0612106
v -0.0666054 0.0285826 0.0688967
v -0.0691553 0.0216976 0.0688967
v -0.06215 0.0194997 0.0758758
v -0.0638039 0.013112 0.0758758
v -0.0559574 0.0114995 0.0820763
v -0.0568337 0.00577942 0.0820763
v -0.0482812 0.00490972 0.0874347
v -0.0485302 5.94323e-18 0.0874347
v -0.0394356 4.82947e-18 0.0918958
v -0.0392333 -0.00398963 0.0918958
v -0.0297827 -0.00302861 0.0954139
v -0.0293235 -0.00602614 0.0954139
v -0.0197178 -0.00405211 0.097953
v -0.0192067 -0.00602614 0.097953
v -0.00965287 -0.00302861 0.0994869
v -0.00929694 -0.00398963 0.0994869
v -6.12323e-18 7.4988e-34 0.1
v 0.0244882 0.0968246 0.00503246
v 0.0229739 0.0968246 0.0098589
v 0.02497 0.0966998 0.00506492
v 0.024718 0.0957064 0.0151428
v 0.034686 0.0936549 0.00506492
v 0.03433 0.0926938 0.0151428
v 0.0439829 0.0896652 0.00506492
v 0.0435316 0.0887451 0.0151428
v 0.0528285 0.0847555 0.00506492
v 0.0522864 0.0838858 0.0151428
v 0.061132 0.0789761 0.00506492
v 0.0605047 0.0781657 0.0151428
v 0.0688083 0.0723862 0.00506492
v 0.0681022 0.0716435 0.0151428
v 0.0757784 0.0650536 0.00506492
v 0.0750008 0.0643861 0.0151428
v 0.081971 0.0570535 0.00506492
v 0.0811299 0.0564681 0.0151428
v 0.0873224 0.0484679 0.00506492
v 0.0864264 0.0479706 0.0151428
v 0.0917778 0.039385 0.00506492
v 0.0908361 0.0389808 0.0151428
v 0.0952915 0.0298979 0.00506492
v 0.0943136 0.0295911 0.0151428
v 0.0978273 0.020104 0.00506492
v 0.0968234 0.0198977 0.0151428
v 0.0993592 0.0101038 0.00506492
v 0.0983397 0.0100002 0.0151428
v 0.0998717 3.96288e-18 0.00506492
v 0.0988468 3.66074e-18 0.0151428
v 0.0993592 -0.0101038 0.00506492
v 0.0983397 -0.0100002 0.0151428
v 0.0978273 -0.020104 0.00506492
v 0.0968234 -0.0198977 0.0151428
v 0.0952915 -0.0298979 0.00506492
v 0.0943136 -0.0295911 0.0151428
v 0.0917778 -0.039385 0.00506492
v 0.0908361 -0.0389808 0.0151428
v 0.0873224 -0.0484679 0.00506492
v 0.0864264 -0.0479706 0.0151428
v 0.081971 -0.0570535 0.00506492
v 0.0811299 -0.0564681 0.0151428
v 0.0757784 -0.0650536 0.00506492
v 0.0750008 -0.0643861 0.0151428
v 0.0688083 -0.0723862 0.00506492
v 0.0681022 -0.0716435 0.0151428
v 0.061132 -0.0789761 0.00506492
v 0.0605047 -0.0781657 0.0151428
v 0.0528285 -0.0847555 0.00506492
v 0.0522864 -0.0838858 0.0151428
v 0.0439829 -0.0896652 0.00506492
v 0.0435316 -0.0887451 0.0151428
v 0.034686 -0.0936549 0.00506492
v 0.03433 -0.0926938 0.0151428
v 0.024718 -0.0957064 0.0151428
v 0.0242121 -0.093731 0.0250653
v 0.0172242 -0.0968246 0.0181198
v 0.0146594 -0.0956914 0.0250653
v 0.0132241 -0.0968246 0.0212161
v 0.00868263 -0.0968246 0.0234438
v 0.00490323 -0.0966835 0.0250653
v 0.00378569 -0.0968246 0.0247117
v -0.00126623 -0.0968246 0.0249679
v 0.00474964 -0.0936549 0.0347305
v -0.00474964 -0.0936549 0.0347305
v 0.00454731 -0.0896652 0.0440394
v -0.00454731 -0.0896652 0.0440394
v 0.00429831 -0.0847555 0.0528964
v -0.00429831 -0.0847555 0.0528964
v 0.00400521 -0.0789761 0.0612106
v -0.00400521 -0.0789761 0.0612106
v 0.00367102 -0.0723862 0.0688967
v -0.00367102 -0.0723862 0.0688967
v 0.00329915 -0.0650536 0.0758758
v -0.00329915 -0.0650536 0.0758758
v 0.00289343 -0.0570535 0.0820763
v -0.00289343 -0.0570535 0.0820763
v 0.00245801 -0.0484679 0.0874347
v -0.00245801 -0.0484679 0.0874347
v 0.00199738 -0.039385 0.0918958
v -0.00199738 -0.039385 0.0918958
v 0.00151625 -0.0298979 0.0954139
v -0.00151625 -0.0298979 0.0954139
v 0.00101956 -0.020104 0.097953
v -0.00101956 -0.020104 0.097953
v 0.000512409 -0.0101038 0.0994869
v -0.000512409 -0.0101038 0.0994869
v -6.12323e-18 7.4988e-34 0.1
v 0.0229739 0.0968246 0.0098589
v 0.0205191 0.0968246 0.0142817
v 0.024718 0.0957064 0.0151428
v 0.0172242 0.0968246 0.0181198
v 0.0242121 0.093731 0.0250653
v 0.0146594 0.0956914 0.0250653
v 0.0142002 0.0926938 0.0347305
v 0.00474964 0.0936549 0.0347305
v 0.00454731 0.0896652 0.0440394
v -0.00454731 0.0896652 0.0440394
v -0.00429831 0.0847555 0.0528964
v -0.0128508 0.0838858 0.0528964
v -0.0119745 0.0781657 0.0612106
v -0.019821 0.0765532 0.0612106
v -0.0181671 0.0701655 0.0688967
v -0.0251724 0.0679676 0.0688967
v -0.0226225 0.0610826 0.0758758
v -0.0286861 0.0584805 0.0758758
v -0.0251583 0.0512887 0.0820763
v -0.030218 0.0484804 0.0820763
v -0.0256707 0.0411849 0.0874347
v -0.0297056 0.0383765 0.0874347
v -0.0241388 0.0311847 0.0918958
v -0.0271698 0.0285826 0.0918958
v -0.0206251 0.0216976 0.0954139
v -0.0227144 0.0194997 0.0954139
v -0.0152737 0.013112 0.097953
v -0.0165218 0.0114995 0.097953
v -0.00830353 0.00577942 0.0994869
v -0.00884562 0.00490972 0.0994869
v -6.12323e-18 7.4988e-34 0.1
v 0.0172242 0.0968246 0.0181198
v 0.0132241 0.0968246 0.0212161
v 0.0146594 0.0956914 0.0250653
v 0.00868263 0.0968246 0.0234438
v 0.00490323 0.0966835 0.0250653
v 0.00378569 0.0968246 0.0247117
v -0.00126623 0.0968246 0.0249679
v -0.00626631 0.0968246 0.0242019
v -0.00490323 0.0966835 0.0250653
v -0.00474964 0.0936549 0.0347305
v 0.00474964 0.0936549 0.0347305
v -0.00454731 0.0896652 0.0440394
v -0.0110099 0.0968246 0.0224451
v -0.0146594 0.0956914 0.0250653
v -0.0142002 0.0926938 0.0347305
v -0.023505 0.0907816 0.0347305
v -0.0225037 0.0869144 0.0440394
v -0.0311812 0.0841918 0.0440394
v -0.0294739 0.0795818 0.0528964
v -0.0373738 0.0761917 0.0528964
v -0.0348253 0.0709962 0.0612106
v -0.0418292 0.0671087 0.0612106
v -0.0383389 0.0615091 0.0688967
v -0.044365 0.0573149 0.0688967
v -0.0398709 0.051509 0.0758758
v -0.0448774 0.047211 0.0758758
v -0.0393585 0.0414051 0.0820763
v -0.0433454 0.0372108 0.0820763
v -0.0368227 0.0316112 0.0874347
v -0.0398318 0.0277238 0.0874347
v -0.0323673 0.0225283 0.0918958
v -0.0344804 0.0191382 0.0918958
v -0.0261747 0.0145282 0.0954139
v -0.0275102 0.0118056 0.0954139
v -0.0184985 0.00793833 0.097953
v -0.0192067 0.00602614 0.097953
v -0.00965287 0.00302861 0.0994869
v -0.00990974 0.0020365 0.0994869
v -6.12323e-18 7.4988e-34 0.1
v -0.0153026 0.0968246 0.0197694
v -0.018969 0.0968246 0.0162843
v -0.0146594 0.0956914 0.0250653
v -0.0242651 0.0937173 0.0250653
v -0.0247762 0.0956914 0.0151428
v -0.0336218 0.0907816 0.0250653
v -0.03433 0.0926938 0.0151428
v -0.0426335 0.0869144 0.0250653
v -0.0435316 0.0887451 0.0151428
v -0.0512078 0.0821553 0.0250653
v -0.0522864 0.0838858 0.0151428
v -0.0592566 0.0765532 0.0250653
v -0.0218587 0.0968246 0.0121325
v -0.0238535 0.0968246 0.00748408
v -0.0250331 0.0966835 0.00506492
v -0.0248717 0.0968246 0.00252921
v -0.0248717 0.0968246 -0.00252921
v -0.0250331 0.0966835 -0.00506492
v -0.0238535 0.0968246 -0.00748408
v -0.0218587 0.0968246 -0.0121325
v -0.0247762 0.0956914 -0.0151428
v -0.018969 0.0968246 -0.0162843
v -0.0110099 0.0968246 -0.0224451
v -0.00626631 0.0968246 -0.0242019
v -0.00490323 0.0966835 -0.0250653
v -0.00126623 0.0968246 -0.0249679
v 0.00378569 0.0968246 -0.0247117
v 0.00490323 0.0966835 -0.0250653
v 0.00868263 0.0968246 -0.0234438
v 0.0146594 0.0956914 -0.0250653
v 0.0132241 0.0968246 -0.0212161
v 0.0172242 0.0968246 -0.0181198
v 0.0244882 -0.0968246 -0.00503246
v 0.0249722 -0.0966992 -0.00506492
v 0.025 -0.0968246 -3.06162e-18
v 0.02497 -0.0966998 0.00506492
v 0.0244882 -0.0968246 0.00503246
v 0.0229739 -0.0968246 0.0098589
v 0.024718 -0.0957064 0.0151428
v 0.0205191 -0.0968246 0.0142817
v 0.0172242 -0.0968246 0.0181198
v 0.0229739 -0.0968246 -0.0098589
v 0.0247244 -0.0957048 -0.0151428
v 0.034686 -0.0936549 -0.00506492
v 0.03433 -0.0926938 -0.0151428
v 0.0439829 -0.0896652 -0.00506492
v 0.0435316 -0.0887451 -0.0151428
v 0.0528285 -0.0847555 -0.00506492
v 0.0522864 -0.0838858 -0.0151428
v 0.061132 -0.0789761 -0.00506492
v 0.0605047 -0.0781657 -0.0151428
v 0.0688083 -0.0723862 -0.00506492
v 0.0681022 -0.0716435 -0.0151428
v 0.0757784 -0.0650536 -0.00506492
v 0.0750008 -0.0643861 -0.0151428
v 0.081971 -0.0570535 -0.00506492
v 0.0811299 -0.0564681 -0.0151428
v 0.0873224 -0.0484679 -0.00506492
v 0.0864264 -0.0479706 -0.0151428
v 0.0917778 -0.039385 -0.00506492
v 0.0908361 -0.0389808 -0.0151428
v 0.0952915 -0.0298979 -0.00506492
v 0.0943136 -0.0295911 -0.0151428
v 0.0978273 -0.020104 -0.00506492
v 0.0968234 -0.0198977 -0.0151428
v 0.0993592 -0.0101038 -0.00506492
v 0.0983397 -0.0100002 -0.0151428
v 0.0998717 4.22707e-18 -0.00506492
v 0.0988468 4.44518e-18 -0.0151428
v 0.0993592 0.0101038 -0.00506492
v 0.0983397 0.0100002 -0.0151428
v 0.0978273 0.020104 -0.00506492
v 0.0968234 0.0198977 -0.0151428
v 0.0952915 0.0298979 -0.00506492
v 0.0943136 0.0295911 -0.0151428
v 0.0917778 0.039385 -0.00506492
v 0.0908361 0.0389808 -0.0151428
v 0.0873224 0.0484679 -0.00506492
v 0.0864264 0.0479706 -0.0151428
v 0.081971 0.0570535 -0.00506492
v 0.0811299 0.0564681 -0.0151428
v 0.0757784 0.0650536 -0.00506492
v 0.0750008 0.0643861 -0.0151428
v 0.0688083 0.0723862 -0.00506492
v 0.0681022 0.0716435 -0.0151428
v 0.061132 0.0789761 -0.00506492
v 0.0605047 0.0781657 -0.0151428
v 0.0528285 0.0847555 -0.00506492
v 0.0522864 0.0838858 -0.0151428
v 0.0439829 0.0896652 -0.00506492
v 0.0435316 0.0887451 -0.0151428
v 0.034686 0.0936549 -0.00506492
v 0.03433 0.0926938 -0.0151428
v 0.0247244 0.0957048 -0.0151428
v 0.0242226 0.0937283 -0.0250653
v 0.0229739 -0.0968246 -0.0098589
v 0.0205191 -0.0968246 -0.0142817
v 0.0247244 -0.0957048 -0.0151428
v 0.0172242 -0.0968246 -0.0181198
v 0.0242226 -0.0937283 -0.0250653
v 0.0146594 -0.0956914 -0.0250653
v 0.0142002 -0.0926938 -0.0347305
v 0.00474964 -0.0936549 -0.0347305
v 0.00454731 -0.0896652 -0.0440394
v -0.00454731 -0.0896652 -0.0440394
v -0.00429831 -0.0847555 -0.0528964
v -0.0128508 -0.0838858 -0.0528964
v -0.0119745 -0.0781657 -0.0612106
v -0.0212287 -0.0821664 -0.0528964
v -0.0197997 -0.0765587 -0.0612106
v -0.0212715 -0.0821553 -0.0528964
v -0.019821 -0.0765532 -0.0612106
v -0.0274641 -0.0741552 -0.0612106
v -0.0251724 -0.0679676 -0.0688967
v -0.0319194 -0.0650722 -0.0688967
v -0.0253336 -0.0667991 -0.069972
v -0.0332006 -0.0632585 -0.069972
v -0.0383389 -0.0615091 -0.0688967
v -0.0405835 -0.0587954 -0.069972
v -0.044365 -0.0573149 -0.0688967
v -0.0473746 -0.0534749 -0.069972
v -0.0499358 -0.0525325 -0.0688967
v -0.0534749 -0.0473746 -0.069972
v -0.0549942 -0.047211 -0.0688967
v -0.0587954 -0.0405835 -0.069972
v -0.0594883 -0.0414051 -0.0688967
v -0.063372 -0.0351743 -0.0688967
v -0.064904 -0.0451745 -0.0612106
v -0.0691412 -0.0383765 -0.0612106
v -0.0696536 -0.0484804 -0.0528964
v -0.0742009 -0.0411849 -0.0528964
v -0.0736885 -0.0512887 -0.0440394
v -0.0784992 -0.0435706 -0.0440394
v -0.0769673 -0.0535708 -0.0347305
v -0.081992 -0.0455093 -0.0347305
v -0.0794562 -0.0553032 -0.0250653
v -0.0846435 -0.046981 -0.0250653
v -0.0811299 -0.0564681 -0.0151428
v -0.0864264 -0.0479706 -0.0151428
v -0.081971 -0.0570535 -0.00506492
v -0.0873224 -0.0484679 -0.00506492
v -0.081971 -0.0570535 0.00506492
v -0.0873224 -0.0484679 0.00506492
v -0.0811299 -0.0564681 0.0151428
v -0.0864264 -0.0479706 0.0151428
v -0.0794562 -0.0553032 0.0250653
v -0.0846435 -0.046981 0.0250653
v -0.0769673 -0.0535708 0.0347305
v -0.081992 -0.0455093 0.0347305
v -0.0736885 -0.0512887 0.0440394
v -0.0784992 -0.0435706 0.0440394
v -0.0696536 -0.0484804 0.0528964
v -0.0742009 -0.0411849 0.0528964
v -0.064904 -0.0451745 0.0612106
v -0.0691412 -0.0383765 0.0612106
v -0.0594883 -0.0414051 0.0688967
v -0.063372 -0.0351743 0.0688967
v -0.0534623 -0.0372108 0.0758758
v -0.0569525 -0.0316112 0.0758758
v -0.0468876 -0.0326347 0.0820763
v -0.0499486 -0.0277238 0.0820763
v -0.0398318 -0.0277238 0.0874347
v -0.0424322 -0.0235518 0.0874347
v -0.0323673 -0.0225283 0.0918958
v -0.0344804 -0.0191382 0.0918958
v -0.0245706 -0.0171017 0.0954139
v -0.0261747 -0.0145282 0.0954139
v -0.0165218 -0.0114995 0.097953
v -0.0176005 -0.00976906 0.097953
v -0.00830353 -0.00577942 0.0994869
v -0.00884562 -0.00490972 0.0994869
v -6.12323e-18 7.4988e-34 0.1
v 0.0172242 -0.0968246 -0.0181198
v 0.0132241 -0.0968246 -0.0212161
v 0.0146594 -0.0956914 -0.0250653
v 0.00868263 -0.0968246 -0.0234438
v 0.00490323 -0.0966835 -0.0250653
v 0.00378569 -0.0968246 -0.0247117
v -0.00126623 -0.0968246 -0.0249679
v -0.00626631 -0.0968246 -0.0242019
v -0.00490323 -0.0966835 -0.0250653
v -0.00474964 -0.0936549 -0.0347305
v 0.00474964 -0.0936549 -0.0347305
v -0.00454731 -0.0896652 -0.0440394
v -0.0146594 -0.0956914 -0.0250653
v -0.0110099 -0.0968246 -0.0224451
v -0.0153026 -0.0968246 -0.0197694
v -0.024148 -0.0937476 -0.0250653
v -0.018969 -0.0968246 -0.0162843
v -0.0246334 -0.0957282 -0.0151428
v -0.0218587 -0.0968246 -0.0121325
v -0.0247762 -0.0956914 -0.0151428
v -0.0238535 -0.0968246 -0.00748408
v -0.0250331 -0.0966835 -0.00506492
v -0.0248654 -0.0967267 -0.00506492
v -0.0248717 -0.0968246 -0.00252921
v -0.0248717 -0.0968246 0.00252921
v -0.0250331 -0.0966835 0.00506492
v -0.034686 -0.0936549 -0.00506492
v -0.034686 -0.0936549 0.00506492
v -0.0439829 -0.0896652 -0.00506492
v -0.0439829 -0.0896652 0.00506492
v -0.0528285 -0.0847555 -0.00506492
v -0.0528285 -0.0847555 0.00506492
v -0.061132 -0.0789761 -0.00506492
v -0.061132 -0.0789761 0.00506492
v -0.0688083 -0.0723862 -0.00506492
v -0.0688083 -0.0723862 0.00506492
v -0.0757784 -0.0650536 -0.00506492
v -0.0757784 -0.0650536 0.00506492
v -0.081971 -0.0570535 -0.00506492
v -0.081971 -0.0570535 0.00506492
v -0.0238535 -0.0968246 0.00748408
v -0.0247762 -0.0956914 0.0151428
v -0.03433 -0.0926938 0.0151428
v -0.0435316 -0.0887451 0.0151428
v -0.0522864 -0.0838858 0.0151428
v -0.0605047 -0.0781657 0.0151428
v -0.0681022 -0.0716435 0.0151428
v -0.0750008 -0.0643861 0.0151428
v -0.0811299 -0.0564681 0.0151428
v -0.0218587 -0.0968246 0.0121325
v -0.018969 -0.0968246 0.0162843
v -0.0242651 -0.0937173 0.0250653
v -0.0153026 -0.0968246 0.0197694
v -0.0146594 -0.0956914 0.0250653
v -0.0110099 -0.0968246 0.0224451
v -0.00626631 -0.0968246 0.0242019
v -0.00490323 -0.0966835 0.0250653
v -0.00126623 -0.0968246 0.0249679
v -0.00474964 -0.0936549 0.0347305
v 0.00861134 -0.0709208 -0.069972
v 0.00367102 -0.0723862 -0.0688967
v 8.74908e-18 -0.0714417 -0.069972
v -0.00367102 -0.0723862 -0.0688967
v -0.00861134 -0.0709208 -0.069972
v -0.0109754 -0.0716435 -0.0688967
v -0.0170971 -0.0693657 -0.069972
v -0.0181646 -0.0701662 -0.0688967
v -0.019821 -0.0765532 -0.0612106
v -0.0251724 -0.0679676 -0.0688967
v 0.0109754 -0.0716435 -0.0688967
v 0.0170971 -0.0693657 -0.069972
v 0.0181662 -0.0701658 -0.0688967
v 0.0253336 -0.0667991 -0.069972
v 0.0251724 -0.0679676 -0.0688967
v 0.0319194 -0.0650722 -0.0688967
v 0.0348253 -0.0709962 -0.0612106
v 0.0418292 -0.0671087 -0.0612106
v 0.0448902 -0.0720197 -0.0528964
v 0.051946 -0.0671087 -0.0528964
v 0.0549552 -0.0709962 -0.0440394
v 0.0618558 -0.0650722 -0.0440394
v 0.064608 -0.0679676 -0.0347305
v 0.0711527 -0.0610826 -0.0347305
v 0.0734536 -0.0630579 -0.0250653
v 0.0794562 -0.0553032 -0.0250653
v 0.0811299 -0.0564681 -0.0151428
v 0.0864264 -0.0479706 -0.0151428
v 0.0332006 -0.0632585 -0.069972
v 0.0383389 -0.0615091 -0.0688967
v 0.0484039 -0.0625326 -0.0612106
v 0.0584688 -0.0615091 -0.0528964
v 0.0681216 -0.0584805 -0.0440394
v 0.0769673 -0.0535708 -0.0347305
v 0.0846435 -0.046981 -0.0250653
v 0.0908361 -0.0389808 -0.0151428
v 0.0405835 -0.0587954 -0.069972
v 0.044365 -0.0573149 -0.0688967
v 0.0544818 -0.0573149 -0.0612106
v 0.0643916 -0.0552784 -0.0528964
v 0.0736885 -0.0512887 -0.0440394
v 0.081992 -0.0455093 -0.0347305
v 0.0889622 -0.0381767 -0.0250653
v 0.0943136 -0.0295911 -0.0151428
v 0.0473746 -0.0534749 -0.069972
v 0.0499358 -0.0525325 -0.0688967
v 0.0600008 -0.051509 -0.0612106
v 0.0696536 -0.0484804 -0.0528964
v 0.0784992 -0.0435706 -0.0440394
v 0.0861755 -0.0369808 -0.0347305
v 0.092368 -0.0289807 -0.0250653
v 0.0968234 -0.0198977 -0.0151428
v 0.0534749 -0.0473746 -0.069972
v 0.0549942 -0.047211 -0.0688967
v 0.064904 -0.0451745 -0.0612106
v 0.0742009 -0.0411849 -0.0528964
v 0.0825045 -0.0354054 -0.0440394
v 0.0894746 -0.0280728 -0.0347305
v 0.0948261 -0.0194872 -0.0250653
v 0.0983397 -0.0100002 -0.0151428
v 0.0587954 -0.0405835 -0.069972
v 0.0594883 -0.0414051 -0.0688967
v 0.0691412 -0.0383765 -0.0612106
v 0.0779868 -0.0334668 -0.0528964
v 0.0856631 -0.026877 -0.0440394
v 0.0918556 -0.0188768 -0.0347305
v 0.096311 -0.00979387 -0.0250653
v 0.0988468 4.44518e-18 -0.0151428
v 0.063372 -0.0351743 -0.0688967
v 0.0632585 -0.0332006 -0.069972
v 0.0666054 -0.0285826 -0.0688967
v 0.0667991 -0.0253336 -0.069972
v 0.0691553 -0.0216976 -0.0688967
v 0.0693657 -0.0170971 -0.069972
v 0.0709956 -0.01459 -0.0688967
v 0.0709208 -0.00861134 -0.069972
v 0.0721074 -0.00733261 -0.0688967
v 0.0714417 4.37454e-18 -0.069972
v 0.0724793 4.4098e-18 -0.0688967
v 0.0721074 0.00733261 -0.0688967
v 0.0786719 0.00800015 -0.0612106
v 0.0774589 0.0159182 -0.0612106
v 0.0831272 0.0170831 -0.0528964
v 0.0809725 0.0254053 -0.0528964
v 0.0856631 0.026877 -0.0440394
v 0.0825045 0.0354054 -0.0440394
v 0.0861755 0.0369808 -0.0347305
v 0.081992 0.0455093 -0.0347305
v 0.0846435 0.046981 -0.0250653
v 0.0794562 0.0553032 -0.0250653
v 0.0811299 0.0564681 -0.0151428
v 0.0750008 0.0643861 -0.0151428
v 0.0709208 0.00861134 -0.069972
v 0.0709956 0.01459 -0.0688967
v 0.075451 0.0236729 -0.0612106
v 0.0779868 0.0334668 -0.0528964
v 0.0784992 0.0435706 -0.0440394
v 0.0769673 0.0535708 -0.0347305
v 0.0734536 0.0630579 -0.0250653
v 0.0681022 0.0716435 -0.0151428
v 0.0693657 0.0170971 -0.069972
v 0.0691553 0.0216976 -0.0688967
v 0.072669 0.0311847 -0.0612106
v 0.0742009 0.0411849 -0.0528964
v 0.0736885 0.0512887 -0.0440394
v 0.0711527 0.0610826 -0.0347305
v 0.0666973 0.0701655 -0.0250653
v 0.0605047 0.0781657 -0.0151428
v 0.0667991 0.0253336 -0.069972
v 0.0666054 0.0285826 -0.0688967
v 0.0691412 0.0383765 -0.0612106
v 0.0696536 0.0484804 -0.0528964
v 0.0681216 0.0584805 -0.0440394
v 0.064608 0.0679676 -0.0347305
v 0.0592566 0.0765532 -0.0250653
v 0.0522864 0.0838858 -0.0151428
v 0.0632585 0.0332006 -0.069972
v 0.063372 0.0351743 -0.0688967
v 0.064904 0.0451745 -0.0612106
v 0.0643916 0.0552784 -0.0528964
v 0.0618558 0.0650722 -0.0440394
v 0.0574004 0.0741552 -0.0347305
v 0.0512078 0.0821553 -0.0250653
v 0.0435316 0.0887451 -0.0151428
v 0.0587954 0.0405835 -0.069972
v 0.0594883 0.0414051 -0.0688967
v 0.0600008 0.051509 -0.0612106
v 0.0584688 0.0615091 -0.0528964
v 0.0549552 0.0709962 -0.0440394
v 0.0496037 0.0795818 -0.0347305
v 0.0426335 0.0869144 -0.0250653
v 0.03433 0.0926938 -0.0151428
v 0.0549942 0.047211 -0.0688967
v 0.0534749 0.0473746 -0.069972
v 0.0499358 0.0525325 -0.0688967
v 0.0473746 0.0534749 -0.069972
v 0.044365 0.0573149 -0.0688967
v 0.0405835 0.0587954 -0.069972
v 0.0383389 0.0615091 -0.0688967
v 0.0332006 0.0632585 -0.069972
v 0.0319194 0.0650722 -0.0688967
v 0.0253336 0.0667991 -0.069972
v 0.0251724 0.0679676 -0.0688967
v 0.0181662 0.0701658 -0.0688967
v 0.0274641 0.0741552 -0.0612106
v 0.0198133 0.0765552 -0.0612106
v 0.0294739 0.0795818 -0.0528964
v 0.0212559 0.0821593 -0.0528964
v 0.0311812 0.0841918 -0.0440394
v 0.0224796 0.0869206 -0.0440394
v 0.0325686 0.0879379 -0.0347305
v 0.0234718 0.0907902 -0.0347305
v 0.0336218 0.0907816 -0.0250653
v 0.0242226 0.0937283 -0.0250653
v 0.0170971 0.0693657 -0.069972
v 0.0109754 0.0716435 -0.0688967
v 0.0119745 0.0781657 -0.0612106
v 0.0128508 0.0838858 -0.0528964
v 0.0135953 0.0887451 -0.0440394
v 0.0142002 0.0926938 -0.0347305
v 0.00861134 0.0709208 -0.069972
v 0.00367102 0.0723862 -0.0688967
v 0.00400521 0.0789761 -0.0612106
v -0.00400521 0.0789761 -0.0612106
v -0.00429831 0.0847555 -0.0528964
v -0.0128508 0.0838858 -0.0528964
v -0.0135953 0.0887451 -0.0440394
v -0.0225037 0.0869144 -0.0440394
v -0.023505 0.0907816 -0.0347305
v -0.0325686 0.0879379 -0.0347305
v -0.0336218 0.0907816 -0.0250653
v -0.0426335 0.0869144 -0.0250653
v -0.0435316 0.0887451 -0.0151428
v -0.0522864 0.0838858 -0.0151428
v -0.0528285 0.0847555 -0.00506492
v -0.061132 0.0789761 -0.00506492
v -0.061132 0.0789761 0.00506492
v -0.0688083 0.0723862 0.00506492
v -0.0681022 0.0716435 0.0151428
v -0.0750008 0.0643861 0.0151428
v -0.0734536 0.0630579 0.0250653
v -0.0794562 0.0553032 0.0250653
v -0.0769673 0.0535708 0.0347305
v -0.081992 0.0455093 0.0347305
v -0.0784992 0.0435706 0.0440394
v -0.0825045 0.0354054 0.0440394
v -0.0779868 0.0334668 0.0528964
v -0.0809725 0.0254053 0.0528964
v -0.075451 0.0236729 0.0612106
v -0.0774589 0.0159182 0.0612106
v -0.0709956 0.01459 0.0688967
v -0.0721074 0.00733261 0.0688967
v -0.064803 0.00658983 0.0758758
v -0.0651372 7.97701e-18 0.0758758
v -0.0571268 6.99602e-18 0.0820763
v -0.0568337 -0.00577942 0.0820763
v -0.0482812 -0.00490972 0.0874347
v -0.0475368 -0.00976906 0.0874347
v -0.0386283 -0.00793833 0.0918958
v -0.037627 -0.0118056 0.0918958
v -0.0285634 -0.00896183 0.0954139
v -0.0275102 -0.0118056 0.0954139
v -0.0184985 -0.00793833 0.097953
v -0.0176005 -0.00976906 0.097953
v -0.00884562 -0.00490972 0.0994869
v 0.00861134 0.0709208 -0.069972
v 0 0.0714417 -0.069972
v 0.00367102 0.0723862 -0.0688967
v -0.00367102 0.0723862 -0.0688967
v -0.00400521 0.0789761 -0.0612106
v -0.0119745 0.0781657 -0.0612106
v -0.0128508 0.0838858 -0.0528964
v -0.0212715 0.0821553 -0.0528964
v -0.0225037 0.0869144 -0.0440394
v -0.0311812 0.0841918 -0.0440394
v -0.0325686 0.0879379 -0.0347305
v -0.0412981 0.0841918 -0.0347305
v -0.0426335 0.0869144 -0.0250653
v -0.0512078 0.0821553 -0.0250653
v -0.0522864 0.0838858 -0.0151428
v -0.0605047 0.0781657 -0.0151428
v -0.061132 0.0789761 -0.00506492
v -0.0688083 0.0723862 -0.00506492
v -0.0688083 0.0723862 0.00506492
v -0.0757784 0.0650536 0.00506492
v -0.0750008 0.0643861 0.0151428
v -0.0811299 0.0564681 0.0151428
v -0.0794562 0.0553032 0.0250653
v -0.0846435 0.046981 0.0250653
v -0.081992 0.0455093 0.0347305
v -0.0861755 0.0369808 0.0347305
v -0.0825045 0.0354054 0.0440394
v -0.0856631 0.026877 0.0440394
v -0.0809725 0.0254053 0.0528964
v -0.0831272 0.0170831 0.0528964
v -0.0774589 0.0159182 0.0612106
v -0.0786719 0.00800015 0.0612106
v -0.0721074 0.00733261 0.0688967
v -0.0724793 8.87615e-18 0.0688967
v -0.0651372 7.97701e-18 0.0758758
v -0.064803 -0.00658983 0.0758758
v -0.0568337 -0.00577942 0.0820763
v -0.0559574 -0.0114995 0.0820763
v -0.0475368 -0.00976906 0.0874347
v -0.0463046 -0.0145282 0.0874347
v -0.037627 -0.0118056 0.0918958
v -0.0362396 -0.0155517 0.0918958
v -0.0275102 -0.0118056 0.0954139
v -0.0261747 -0.0145282 0.0954139
v -0.0176005 -0.00976906 0.097953
v 0 0.0714417 -0.069972
v -0.00861134 0.0709208 -0.069972
v -0.00367102 0.0723862 -0.0688967
v -0.0109754 0.0716435 -0.0688967
v -0.0119745 0.0781657 -0.0612106
v -0.019821 0.0765532 -0.0612106
v -0.0212715 0.0821553 -0.0528964
v -0.0294739 0.0795818 -0.0528964
v -0.0311812 0.0841918 -0.0440394
v -0.0395388 0.0806053 -0.0440394
v -0.0412981 0.0841918 -0.0347305
v -0.0496037 0.0795818 -0.0347305
v -0.0512078 0.0821553 -0.0250653
v -0.0592566 0.0765532 -0.0250653
v -0.0605047 0.0781657 -0.0151428
v -0.0681022 0.0716435 -0.0151428
v -0.0688083 0.0723862 -0.00506492
v -0.0757784 0.0650536 -0.00506492
v -0.0757784 0.0650536 0.00506492
v -0.081971 0.0570535 0.00506492
v -0.0811299 0.0564681 0.0151428
v -0.0864264 0.0479706 0.0151428
v -0.0846435 0.046981 0.0250653
v -0.0889622 0.0381767 0.0250653
v -0.0861755 0.0369808 0.0347305
v -0.0894746 0.0280728 0.0347305
v -0.0856631 0.026877 0.0440394
v -0.0879426 0.0180727 0.0440394
v -0.0831272 0.0170831 0.0528964
v -0.084429 0.00858559 0.0528964
v -0.0786719 0.00800015 0.0612106
v -0.0790776 9.68421e-18 0.0612106
v -0.0724793 8.87615e-18 0.0688967
v -0.0721074 -0.00733261 0.0688967
v -0.064803 -0.00658983 0.0758758
v -0.0638039 -0.013112 0.0758758
v -0.0559574 -0.0114995 0.0820763
v -0.0545069 -0.0171017 0.0820763
v -0.0463046 -0.0145282 0.0874347
v -0.0445972 -0.0191382 0.0874347
v -0.0362396 -0.0155517 0.0918958
v -0.0344804 -0.0191382 0.0918958
v -0.0261747 -0.0145282 0.0954139
v -0.00861134 0.0709208 -0.069972
v -0.0170971 0.0693657 -0.069972
v -0.0109754 0.0716435 -0.0688967
v -0.0181671 0.0701655 -0.0688967
v -0.019821 0.0765532 -0.0612106
v -0.0274641 0.0741552 -0.0612106
v -0.0294739 0.0795818 -0.0528964
v -0.0373738 0.0761917 -0.0528964
v -0.0395388 0.0806053 -0.0440394
v -0.0474906 0.0761917 -0.0440394
v -0.0496037 0.0795818 -0.0347305
v -0.0574004 0.0741552 -0.0347305
v -0.0592566 0.0765532 -0.0250653
v -0.0666973 0.0701655 -0.0250653
v -0.0681022 0.0716435 -0.0151428
v -0.0750008 0.0643861 -0.0151428
v -0.0757784 0.0650536 -0.00506492
v -0.081971 0.0570535 -0.00506492
v -0.081971 0.0570535 0.00506492
v -0.0873224 0.0484679 0.00506492
v -0.0864264 0.0479706 0.0151428
v -0.0908361 0.0389808 0.0151428
v -0.0889622 0.0381767 0.0250653
v -0.092368 0.0289807 0.0250653
v -0.0894746 0.0280728 0.0347305
v -0.0918556 0.0188768 0.0347305
v -0.0879426 0.0180727 0.0440394
v -0.0893198 0.00908294 0.0440394
v -0.084429 0.00858559 0.0528964
v -0.0848644 1.03929e-17 0.0528964
v -0.0790776 9.68421e-18 0.0612106
v -0.0786719 -0.00800015 0.0612106
v -0.0721074 -0.00733261 0.0688967
v -0.0709956 -0.01459 0.0688967
v -0.0638039 -0.013112 0.0758758
v -0.06215 -0.0194997 0.0758758
v -0.0545069 -0.0171017 0.0820763
v -0.0524971 -0.0225283 0.0820763
v -0.0445972 -0.0191382 0.0874347
v -0.0424322 -0.0235518 0.0874347
v -0.0344804 -0.0191382 0.0918958
v -0.0170971 0.0693657 -0.069972
v -0.0253336 0.0667991 -0.069972
v -0.0181671 0.0701655 -0.0688967
v -0.0251724 0.0679676 -0.0688967
v -0.0274641 0.0741552 -0.0612106
v -0.0348253 0.0709962 -0.0612106
v -0.0373738 0.0761917 -0.0528964
v -0.0448902 0.0720197 -0.0528964
v -0.0474906 0.0761917 -0.0440394
v -0.0549552 0.0709962 -0.0440394
v -0.0574004 0.0741552 -0.0347305
v -0.064608 0.0679676 -0.0347305
v -0.0666973 0.0701655 -0.0250653
v -0.0734536 0.0630579 -0.0250653
v -0.0750008 0.0643861 -0.0151428
v -0.0811299 0.0564681 -0.0151428
v -0.081971 0.0570535 -0.00506492
v -0.0873224 0.0484679 -0.00506492
v -0.0873224 0.0484679 0.00506492
v -0.0917778 0.039385 0.00506492
v -0.0908361 0.0389808 0.0151428
v -0.0943136 0.0295911 0.0151428
v -0.092368 0.0289807 0.0250653
v -0.0948261 0.0194872 0.0250653
v -0.0918556 0.0188768 0.0347305
v -0.0932941 0.00948708 0.0347305
v -0.0893198 0.00908294 0.0440394
v -0.0897805 1.09949e-17 0.0440394
v -0.0848644 1.03929e-17 0.0528964
v -0.084429 -0.00858559 0.0528964
v -0.0786719 -0.00800015 0.0612106
v -0.0774589 -0.0159182 0.0612106
v -0.0709956 -0.01459 0.0688967
v -0.0691553 -0.0216976 0.0688967
v -0.06215 -0.0194997 0.0758758
v -0.0598584 -0.0256873 0.0758758
v -0.0524971 -0.0225283 0.0820763
v -0.0499486 -0.0277238 0.0820763
v -0.0424322 -0.0235518 0.0874347
v -0.0251724 0.0679676 -0.0688967
v -0.0253336 0.0667991 -0.069972
v -0.0319194 0.0650722 -0.0688967
v -0.0332006 0.0632585 -0.069972
v -0.0383389 0.0615091 -0.0688967
v -0.0405835 0.0587954 -0.069972
v -0.044365 0.0573149 -0.0688967
v -0.0473746 0.0534749 -0.069972
v -0.0499358 0.0525325 -0.0688967
v -0.0534749 0.0473746 -0.069972
v -0.0549942 0.047211 -0.0688967
v -0.0587954 0.0405835 -0.069972
v -0.0594883 0.0414051 -0.0688967
v -0.063372 0.0351743 -0.0688967
v -0.0691412 0.0383765 -0.0612106
v -0.072669 0.0311847 -0.0612106
v -0.0779868 0.0334668 -0.0528964
v -0.0809725 0.0254053 -0.0528964
v -0.0856631 0.026877 -0.0440394
v -0.0879426 0.0180727 -0.0440394
v -0.0918556 0.0188768 -0.0347305
v -0.0932941 0.00948708 -0.0347305
v -0.096311 0.00979387 -0.0250653
v -0.0968077 1.18555e-17 -0.0250653
v -0.0988468 1.21052e-17 -0.0151428
v -0.0983397 -0.0100002 -0.0151428
v -0.0993592 -0.0101038 -0.00506492
v -0.0978273 -0.020104 -0.00506492
v -0.0978273 -0.020104 0.00506492
v -0.0952915 -0.0298979 0.00506492
v -0.0943136 -0.0295911 0.0151428
v -0.0908361 -0.0389808 0.0151428
v -0.0889622 -0.0381767 0.0250653
v -0.0846435 -0.046981 0.0250653
v -0.081992 -0.0455093 0.0347305
v -0.0632585 0.0332006 -0.069972
v -0.0666054 0.0285826 -0.0688967
v -0.075451 0.0236729 -0.0612106
v -0.0831272 0.0170831 -0.0528964
v -0.0893198 0.00908294 -0.0440394
v -0.0937752 1.14842e-17 -0.0347305
v -0.096311 -0.00979387 -0.0250653
v -0.0968234 -0.0198977 -0.0151428
v -0.0952915 -0.0298979 -0.00506492
v -0.0917778 -0.039385 0.00506492
v -0.0864264 -0.0479706 0.0151428
v -0.0667991 0.0253336 -0.069972
v -0.0691553 0.0216976 -0.0688967
v -0.0774589 0.0159182 -0.0612106
v -0.084429 0.00858559 -0.0528964
v -0.0897805 1.09949e-17 -0.0440394
v -0.0932941 -0.00948708 -0.0347305
v -0.0948261 -0.0194872 -0.0250653
v -0.0943136 -0.0295911 -0.0151428
v -0.0917778 -0.039385 -0.00506492
v -0.0873224 -0.0484679 0.00506492
v -0.0693657 0.0170971 -0.069972
v -0.0709956 0.01459 -0.0688967
v -0.0786719 0.00800015 -0.0612106
v -0.0848644 1.03929e-17 -0.0528964
v -0.0893198 -0.00908294 -0.0440394
v -0.0918556 -0.0188768 -0.0347305
v -0.092368 -0.0289807 -0.0250653
v -0.0908361 -0.0389808 -0.0151428
v -0.0873224 -0.0484679 -0.00506492
v -0.0709208 0.00861134 -0.069972
v -0.0721074 0.00733261 -0.0688967
v -0.0790776 9.68421e-18 -0.0612106
v -0.084429 -0.00858559 -0.0528964
v -0.0879426 -0.0180727 -0.0440394
v -0.0894746 -0.0280728 -0.0347305
v -0.0889622 -0.0381767 -0.0250653
v -0.0864264 -0.0479706 -0.0151428
v -0.0714417 4.37454e-18 -0.069972
v -0.0724793 8.87615e-18 -0.0688967
v -0.0786719 -0.00800015 -0.0612106
v -0.0831272 -0.0170831 -0.0528964
v -0.0856631 -0.026877 -0.0440394
v -0.0861755 -0.0369808 -0.0347305
v -0.0846435 -0.046981 -0.0250653
v -0.0721074 -0.00733261 -0.0688967
v -0.0709208 -0.00861134 -0.069972
v -0.0709956 -0.01459 -0.0688967
v -0.0693657 -0.0170971 -0.069972
v -0.0691553 -0.0216976 -0.0688967
v -0.0667991 -0.0253336 -0.069972
v -0.0666054 -0.0285826 -0.0688967
v -0.0632585 -0.0332006 -0.069972
v -0.063372 -0.0351743 -0.0688967
v -0.0587954 -0.0405835 -0.069972
v -0.0251724 -0.0679676 -0.0688967
v -0.0253336 -0.0667991 -0.069972
v -0.0181671 -0.0701655 -0.0688967
v -0.0170971 -0.0693657 -0.069972
v -0.0101168 1.23895e-18 0.0994869
v -6.12323e-18 7.4988e-34 0.1
v -0.0100649 0.0010235 0.0994869
v -0.00990974 0.0020365 0.0994869
v -0.00965287 0.00302861 0.0994869
v -0.00929694 0.00398963 0.0994869
v -0.00884562 0.00490972 0.0994869
v -0.00830353 0.00577942 0.0994869
v -0.00767623 0.00658983 0.0994869
v -0.00697016 0.00733261 0.0994869
v -0.00619257 0.00800015 0.0994869
v -0.00535144 0.00858559 0.0994869
v -0.00445539 0.00908294 0.0994869
v -0.00351363 0.00948708 0.0994869
v -0.00253581 0.00979387 0.0994869
v -0.00153197 0.0100002 0.0994869
v -0.000512409 0.0101038 0.0994869
v 0.000512409 0.0101038 0.0994869
v 0.00153197 0.0100002 0.0994869
v 0.00253538 0.00979398 0.0994869
v 0.00351363 0.00948708 0.0994869
v 0.00445539 0.00908294 0.0994869
v 0.00535144 0.00858559 0.0994869
v 0.00619257 0.00800015 0.0994869
v 0.00697016 0.00733261 0.0994869
v 0.00767623 0.00658983 0.0994869
v 0.00830353 0.00577942 0.0994869
v 0.00884562 0.00490972 0.0994869
v 0.00929694 0.00398963 0.0994869
v -6.12323e-18 7.4988e-34 0.1
v 0.00965287 0.00302861 0.0994869
v 0.00990974 0.0020365 0.0994869
v 0.0100649 0.0010235 0.0994869
v 0.0101168 2.67622e-20 0.0994869
v 0.0100649 -0.0010235 0.0994869
v 0.00990974 -0.0020365 0.0994869
v 0.00965287 -0.00302861 0.0994869
v 0.00929694 -0.00398963 0.0994869
v 0.00884562 -0.00490972 0.0994869
v 0.00830353 -0.00577942 0.0994869
v 0.00767623 -0.00658983 0.0994869
v 0.00697016 -0.00733261 0.0994869
v 0.00619257 -0.00800015 0.0994869
v 0.00535144 -0.00858559 0.0994869
v 0.00445539 -0.00908294 0.0994869
v 0.00351363 -0.00948708 0.0994869
v 0.00253538 -0.00979398 0.0994869
v -0.000512409 -0.0101038 0.0994869
v -0.00153197 -0.0100002 0.0994869
v -0.00253581 -0.00979387 0.0994869
v -0.00351363 -0.00948708 0.0994869
v -0.00445539 -0.00908294 0.0994869
v -0.00535144 -0.00858559 0.0994869
v -0.00619257 -0.00800015 0.0994869
v -0.00697016 -0.00733261 0.0994869
v -0.00767623 -0.00658983 0.0994869
v -0.00830353 -0.00577942 0.0994869
v -0.00884562 -0.00490972 0.0994869
v -6.12323e-18 7.4988e-34 0.1
v -0.00929694 -0.00398963 0.0994869
v -0.00965287 -0.00302861 0.0994869
v -0.00990974 -0.0020365 0.0994869
v -0.0100649 -0.0010235 0.0994869
v -0.0101168 1.23895e-18 0.0994869
v -0.0786719 -0.00800015 -0.0612106
v -0.0724793 8.87615e-18 -0.0688967
v -0.0721074 -0.00733261 -0.0688967
v -0.0988468 1.21052e-17 -0.0151428
v -0.0998717 1.22307e-17 -0.00506492
v -0.0983397 0.0100002 -0.0151428
v -0.0993592 0.0101038 -0.00506492
v -0.0968234 0.0198977 -0.0151428
v -0.0978273 0.020104 -0.00506492
v -0.0943136 0.0295911 -0.0151428
v -0.0952915 0.0298979 -0.00506492
v -0.0908361 0.0389808 -0.0151428
v -0.0917778 0.039385 -0.00506492
v -0.0864264 0.0479706 -0.0151428
v -0.0873224 0.0484679 -0.00506492
v -0.0811299 0.0564681 -0.0151428
v -0.0998717 1.22307e-17 0.00506492
v -0.0993592 0.0101038 0.00506492
v -0.0978273 0.020104 0.00506492
v -0.0952915 0.0298979 0.00506492
v -0.0917778 0.039385 0.00506492
v -0.0993592 -0.0101038 -0.00506492
v -0.0993592 -0.0101038 0.00506492
v -0.0983397 -0.0100002 0.0151428
v -0.0988468 1.21052e-17 0.0151428
v -0.096311 -0.00979387 0.0250653
v -0.0968077 1.18555e-17 0.0250653
v -0.0932941 -0.00948708 0.0347305
v -0.0937752 1.14842e-17 0.0347305
v -0.0893198 -0.00908294 0.0440394
v -0.0897805 1.09949e-17 0.0440394
v -0.084429 -0.00858559 0.0528964
v -0.0983397 0.0100002 0.0151428
v -0.0968234 0.0198977 0.0151428
v -0.0943136 0.0295911 0.0151428
v -0.096311 0.00979387 0.0250653
v -0.0948261 0.0194872 0.0250653
v -0.0932941 0.00948708 0.0347305
v -0.064803 0.00658983 0.0758758
v -0.0571268 6.99602e-18 0.0820763
v -0.0568337 0.00577942 0.0820763
v -0.0485302 5.94323e-18 0.0874347
v -0.0392333 -0.00398963 0.0918958
v -0.0482812 -0.00490972 0.0874347
v -0.0394356 4.82947e-18 0.0918958
v -0.0299363 3.66614e-18 0.0954139
v -0.0392333 0.00398963 0.0918958
v -0.0297827 0.00302861 0.0954139
v -0.0386283 0.00793833 0.0918958
v -0.0293235 0.00602614 0.0954139
v -0.037627 0.0118056 0.0918958
v -0.0285634 0.00896183 0.0954139
v -0.0362396 0.0155517 0.0918958
v -0.0275102 0.0118056 0.0954139
v -0.0344804 0.0191382 0.0918958
v -0.0201299 2.4652e-18 0.097953
v -0.0200266 0.0020365 0.097953
v -0.0197178 0.00405211 0.097953
v -0.0192067 0.00602614 0.097953
v -0.0297827 -0.00302861 0.0954139
v -0.0200266 -0.0020365 0.097953
v -0.0100649 -0.0010235 0.0994869
v -0.0101168 1.23895e-18 0.0994869
v -0.0100649 0.0010235 0.0994869
v -0.00990974 0.0020365 0.0994869
v -6.12323e-18 7.4988e-34 0.1
v 0.00153197 -0.0100002 0.0994869
v 0.00253538 -0.00979398 0.0994869
v 0.0050439 -0.0194877 0.097953
v 0.0069912 -0.0188768 0.097953
v 0.010397 -0.0280728 0.0954139
v 0.00886507 -0.0180727 0.097953
v 0.0131838 -0.026877 0.0954139
v 0.010648 -0.0170831 0.097953
v 0.0158352 -0.0254053 0.0954139
v 0.0123216 -0.0159182 0.097953
v 0.0183242 -0.0236729 0.0954139
v 0.0138688 -0.01459 0.097953
v 0.0206251 -0.0216976 0.0954139
v 0.0152737 -0.013112 0.097953
v 0.0227144 -0.0194997 0.0954139
v 0.0165218 -0.0114995 0.097953
v 0.0245706 -0.0171017 0.0954139
v 0.0176005 -0.00976906 0.097953
v 0.0261747 -0.0145282 0.0954139
v 0.0184985 -0.00793833 0.097953
v 0.0275102 -0.0118056 0.0954139
v 0.0192067 -0.00602614 0.097953
v 0.0285634 -0.00896183 0.0954139
v 0.0197178 -0.00405211 0.097953
v 0.0293235 -0.00602614 0.0954139
v 0.0200266 -0.0020365 0.097953
v 0.0297827 -0.00302861 0.0954139
v 0.0201299 1.065e-19 0.097953
v 0.0299363 2.37573e-19 0.0954139
v 0.0200266 0.0020365 0.097953
v 0.0297827 0.00302861 0.0954139
v 0.0197178 0.00405211 0.097953
v 0.0293235 0.00602614 0.0954139
v 0.0192067 0.00602614 0.097953
v 0.0285634 0.00896183 0.0954139
v 0.0184985 0.00793833 0.097953
v 0.0275102 0.0118056 0.0954139
v 0.0176005 0.00976906 0.097953
v 0.0261747 0.0145282 0.0954139
v 0.0165218 0.0114995 0.097953
v 0.0245706 0.0171017 0.0954139
v 0.0152737 0.013112 0.097953
v 0.0227144 0.0194997 0.0954139
v 0.0138688 0.01459 0.097953
v 0.0206251 0.0216976 0.0954139
v 0.0123216 0.0159182 0.097953
v 0.0183242 0.0236729 0.0954139
v 0.010648 0.0170831 0.097953
v 0.0158352 0.0254053 0.0954139
v 0.00886507 0.0180727 0.097953
v 0.0131838 0.026877 0.0954139
v 0.0069912 0.0188768 0.097953
v 0.010397 0.0280728 0.0954139
v 0.0050439 0.0194877 0.097953
v 0.00749983 0.0289816 0.0954139
v 0.00304822 0.0198977 0.097953
v 0.00453319 0.0295911 0.0954139
v 0.00101956 0.020104 0.097953
v 0.00151625 0.0298979 0.0954139
v -0.00101956 0.020104 0.097953
v -0.00151625 0.0298979 0.0954139
v -0.00304822 0.0198977 0.097953
v -0.00453319 0.0295911 0.0954139
v -0.0050456 0.0194872 0.097953
v -0.00750361 0.0289807 0.0954139
v -0.0069912 0.0188768 0.097953
v -0.010397 0.0280728 0.0954139
v -0.00886507 0.0180727 0.097953
v -0.0131838 0.026877 0.0954139
v -0.010648 0.0170831 0.097953
v -0.0158352 0.0254053 0.0954139
v -0.0123216 0.0159182 0.097953
v -0.0183242 0.0236729 0.0954139
v -0.0138688 0.01459 0.097953
v -0.0206251 0.0216976 0.0954139
v -0.0152737 0.013112 0.097953
v 0.00253538 0.00979398 0.0994869
v 0.00153197 0.0100002 0.0994869
v 0.000512409 0.0101038 0.0994869
v -0.000512409 0.0101038 0.0994869
v -0.00153197 0.0100002 0.0994869
v -0.00253581 0.00979387 0.0994869
v -0.00351363 0.00948708 0.0994869
v -0.00445539 0.00908294 0.0994869
v -0.00535144 0.00858559 0.0994869
v -0.00619257 0.00800015 0.0994869
v -0.00697016 0.00733261 0.0994869
v -0.00767623 0.00658983 0.0994869
v -0.00830353 0.00577942 0.0994869
v 0.0050439 0.0194877 0.097953
v 0.0069912 0.0188768 0.097953
v 0.00351363 0.00948708 0.0994869
v 0.00886507 0.0180727 0.097953
v 0.00445539 0.00908294 0.0994869
v 0.010648 0.0170831 0.097953
v 0.00535144 0.00858559 0.0994869
v 0.0123216 0.0159182 0.097953
v 0.00619257 0.00800015 0.0994869
v 0.0138688 0.01459 0.097953
v 0.00697016 0.00733261 0.0994869
v 0.0152737 0.013112 0.097953
v 0.00767623 0.00658983 0.0994869
v 0.0165218 0.0114995 0.097953
v 0.00830353 0.00577942 0.0994869
v 0.0176005 0.00976906 0.097953
v 0.00884562 0.00490972 0.0994869
v 0.0184985 0.00793833 0.097953
v 0.00929694 0.00398963 0.0994869
v 0.0192067 0.00602614 0.097953
v 0.00965287 0.00302861 0.0994869
v 0.0197178 0.00405211 0.097953
v 0.00990974 0.0020365 0.0994869
v 0.0200266 0.0020365 0.097953
v 0.0100649 0.0010235 0.0994869
v 0.0201299 1.065e-19 0.097953
v 0.0101168 2.67622e-20 0.0994869
v 0.0200266 -0.0020365 0.097953
v 0.0100649 -0.0010235 0.0994869
v 0.0197178 -0.00405211 0.097953
v 0.00990974 -0.0020365 0.0994869
v 0.0192067 -0.00602614 0.097953
v 0.00965287 -0.00302861 0.0994869
v 0.0184985 -0.00793833 0.097953
v 0.00929694 -0.00398963 0.0994869
v 0.0176005 -0.00976906 0.097953
v 0.00884562 -0.00490972 0.0994869
v 0.0165218 -0.0114995 0.097953
v 0.00830353 -0.00577942 0.0994869
v 0.0152737 -0.013112 0.097953
v 0.00767623 -0.00658983 0.0994869
v 0.0138688 -0.01459 0.097953
v 0.00697016 -0.00733261 0.0994869
v 0.0123216 -0.0159182 0.097953
v 0.00619257 -0.00800015 0.0994869
v 0.010648 -0.0170831 0.097953
v 0.00535144 -0.00858559 0.0994869
v 0.00886507 -0.0180727 0.097953
v 0.00445539 -0.00908294 0.0994869
v 0.0069912 -0.0188768 0.097953
v 0.00351363 -0.00948708 0.0994869
v 0.00253538 -0.00979398 0.0994869
v 0.00749983 0.0289816 0.0954139
v 0.00987799 0.0381784 0.0918958
v 0.00453319 0.0295911 0.0954139
v 0.00597164 0.0389808 0.0918958
v 0.00151625 0.0298979 0.0954139
v 0.00199738 0.039385 0.0918958
v -0.00151625 0.0298979 0.0954139
v -0.00199738 0.039385 0.0918958
v -0.00453319 0.0295911 0.0954139
v -0.00597164 0.0389808 0.0918958
v -0.00750361 0.0289807 0.0954139
v -0.00988463 0.0381767 0.0918958
v -0.010397 0.0280728 0.0954139
v -0.0136962 0.0369808 0.0918958
v -0.0131838 0.026877 0.0954139
v -0.0173672 0.0354054 0.0918958
v -0.0158352 0.0254053 0.0954139
v -0.02086 0.0334668 0.0918958
v -0.0183242 0.0236729 0.0954139
v -0.0241388 0.0311847 0.0918958
v -0.0206251 0.0216976 0.0954139
v 0.012154 0.0469836 0.0874347
v 0.00734882 0.0479706 0.0874347
v 0.00245801 0.0484679 0.0874347
v -0.00245801 0.0484679 0.0874347
v -0.00734882 0.0479706 0.0874347
v -0.0121642 0.046981 0.0874347
v -0.0168548 0.0455093 0.0874347
v -0.0213724 0.0435706 0.0874347
v -0.0256707 0.0411849 0.0874347
v 0.00987799 0.0381784 0.0918958
v 0.00749983 0.0289816 0.0954139
v 0.0136962 0.0369808 0.0918958
v 0.010397 0.0280728 0.0954139
v 0.0173672 0.0354054 0.0918958
v 0.0131838 0.026877 0.0954139
v 0.02086 0.0334668 0.0918958
v 0.0158352 0.0254053 0.0954139
v 0.0241388 0.0311847 0.0918958
v 0.0183242 0.0236729 0.0954139
v 0.0271698 0.0285826 0.0918958
v 0.0206251 0.0216976 0.0954139
v 0.0299221 0.0256873 0.0918958
v 0.0227144 0.0194997 0.0954139
v 0.0323673 0.0225283 0.0918958
v 0.0245706 0.0171017 0.0954139
v 0.0344804 0.0191382 0.0918958
v 0.0261747 0.0145282 0.0954139
v 0.0362396 0.0155517 0.0918958
v 0.0275102 0.0118056 0.0954139
v 0.037627 0.0118056 0.0918958
v 0.0285634 0.00896183 0.0954139
v 0.0386283 0.00793833 0.0918958
v 0.0293235 0.00602614 0.0954139
v 0.0392333 0.00398963 0.0918958
v 0.0297827 0.00302861 0.0954139
v 0.0394356 4.17278e-19 0.0918958
v 0.0299363 2.37573e-19 0.0954139
v 0.0392333 -0.00398963 0.0918958
v 0.0297827 -0.00302861 0.0954139
v 0.0386283 -0.00793833 0.0918958
v 0.0293235 -0.00602614 0.0954139
v 0.037627 -0.0118056 0.0918958
v 0.0285634 -0.00896183 0.0954139
v 0.0362396 -0.0155517 0.0918958
v 0.0275102 -0.0118056 0.0954139
v 0.0344804 -0.0191382 0.0918958
v 0.0261747 -0.0145282 0.0954139
v 0.0323673 -0.0225283 0.0918958
v 0.0245706 -0.0171017 0.0954139
v 0.0299221 -0.0256873 0.0918958
v 0.0227144 -0.0194997 0.0954139
v 0.0271698 -0.0285826 0.0918958
v 0.0206251 -0.0216976 0.0954139
v 0.0241388 -0.0311847 0.0918958
v 0.0183242 -0.0236729 0.0954139
v 0.02086 -0.0334668 0.0918958
v 0.0158352 -0.0254053 0.0954139
v 0.0173672 -0.0354054 0.0918958
v 0.0131838 -0.026877 0.0954139
v 0.0136962 -0.0369808 0.0918958
v 0.010397 -0.0280728 0.0954139
v 0.00749983 -0.0289816 0.0954139
v 0.0050439 -0.0194877 0.097953
v 0.00304822 -0.0198977 0.097953
v 0.00153197 -0.0100002 0.0994869
v 0.00101956 -0.020104 0.097953
v 0.000512409 -0.0101038 0.0994869
v 0.012154 0.0469836 0.0874347
v 0.0143046 0.0553069 0.0820763
v 0.00734882 0.0479706 0.0874347
v 0.00865059 0.0564681 0.0820763
v 0.00245801 0.0484679 0.0874347
v 0.00289343 0.0570535 0.0820763
v -0.00245801 0.0484679 0.0874347
v -0.00289343 0.0570535 0.0820763
v -0.00734882 0.0479706 0.0874347
v -0.00865059 0.0564681 0.0820763
v -0.0121642 0.046981 0.0874347
v -0.014319 0.0553032 0.0820763
v -0.0168548 0.0455093 0.0874347
v -0.0198404 0.0535708 0.0820763
v -0.0213724 0.0435706 0.0874347
v -0.0251583 0.0512887 0.0820763
v -0.0256707 0.0411849 0.0874347
v 0.00987799 0.0381784 0.0918958
v 0.0168548 0.0455093 0.0874347
v 0.0136962 0.0369808 0.0918958
v 0.0213724 0.0435706 0.0874347
v 0.0173672 0.0354054 0.0918958
v 0.0256707 0.0411849 0.0874347
v 0.02086 0.0334668 0.0918958
v 0.0297056 0.0383765 0.0874347
v 0.0241388 0.0311847 0.0918958
v 0.0334357 0.0351743 0.0874347
v 0.0271698 0.0285826 0.0918958
v 0.0368227 0.0316112 0.0874347
v 0.0299221 0.0256873 0.0918958
v 0.0398318 0.0277238 0.0874347
v 0.0323673 0.0225283 0.0918958
v 0.0424322 0.0235518 0.0874347
v 0.0344804 0.0191382 0.0918958
v 0.0445972 0.0191382 0.0874347
v 0.0362396 0.0155517 0.0918958
v 0.0463046 0.0145282 0.0874347
v 0.037627 0.0118056 0.0918958
v 0.0475368 0.00976906 0.0874347
v 0.0386283 0.00793833 0.0918958
v 0.0482812 0.00490972 0.0874347
v 0.0392333 0.00398963 0.0918958
v 0.0485302 6.41889e-19 0.0874347
v 0.0394356 4.17278e-19 0.0918958
v 0.0482812 -0.00490972 0.0874347
v 0.0392333 -0.00398963 0.0918958
v 0.0475368 -0.00976906 0.0874347
v 0.0386283 -0.00793833 0.0918958
v 0.0463046 -0.0145282 0.0874347
v 0.037627 -0.0118056 0.0918958
v 0.0445972 -0.0191382 0.0874347
v 0.0362396 -0.0155517 0.0918958
v 0.0424322 -0.0235518 0.0874347
v 0.0344804 -0.0191382 0.0918958
v 0.0398318 -0.0277238 0.0874347
v 0.0323673 -0.0225283 0.0918958
v 0.0368227 -0.0316112 0.0874347
v 0.0299221 -0.0256873 0.0918958
v 0.0334357 -0.0351743 0.0874347
v 0.0271698 -0.0285826 0.0918958
v 0.0297056 -0.0383765 0.0874347
v 0.0241388 -0.0311847 0.0918958
v 0.0256707 -0.0411849 0.0874347
v 0.02086 -0.0334668 0.0918958
v 0.0213724 -0.0435706 0.0874347
v 0.0173672 -0.0354054 0.0918958
v 0.0168548 -0.0455093 0.0874347
v 0.0136962 -0.0369808 0.0918958
v 0.00987799 -0.0381784 0.0918958
v 0.00749983 -0.0289816 0.0954139
v 0.00453319 -0.0295911 0.0954139
v 0.00304822 -0.0198977 0.097953
v 0.00151625 -0.0298979 0.0954139
v 0.00101956 -0.020104 0.097953
v 0.0143046 0.0553069 0.0820763
v 0.0163076 0.0630628 0.0758758
v 0.00865059 0.0564681 0.0820763
v 0.00986359 0.0643861 0.0758758
v 0.00289343 0.0570535 0.0820763
v 0.00329915 0.0650536 0.0758758
v -0.00289343 0.0570535 0.0820763
v -0.00329915 0.0650536 0.0758758
v -0.00865059 0.0564681 0.0820763
v -0.00986359 0.0643861 0.0758758
v -0.014319 0.0553032 0.0820763
v -0.0163268 0.0630579 0.0758758
v -0.0198404 0.0535708 0.0820763
v -0.0226225 0.0610826 0.0758758
v -0.0251583 0.0512887 0.0820763
v 0.012154 0.0469836 0.0874347
v 0.0198404 0.0535708 0.0820763
v 0.0168548 0.0455093 0.0874347
v 0.0251583 0.0512887 0.0820763
v 0.0213724 0.0435706 0.0874347
v 0.030218 0.0484804 0.0820763
v 0.0256707 0.0411849 0.0874347
v 0.0349677 0.0451745 0.0820763
v 0.0297056 0.0383765 0.0874347
v 0.0393585 0.0414051 0.0820763
v 0.0334357 0.0351743 0.0874347
v 0.0433454 0.0372108 0.0820763
v 0.0368227 0.0316112 0.0874347
v 0.0468876 0.0326347 0.0820763
v 0.0398318 0.0277238 0.0874347
v 0.0499486 0.0277238 0.0820763
v 0.0424322 0.0235518 0.0874347
v 0.0524971 0.0225283 0.0820763
v 0.0445972 0.0191382 0.0874347
v 0.0545069 0.0171017 0.0820763
v 0.0463046 0.0145282 0.0874347
v 0.0559574 0.0114995 0.0820763
v 0.0475368 0.00976906 0.0874347
v 0.0568337 0.00577942 0.0820763
v 0.0482812 0.00490972 0.0874347
v 0.0571268 9.06711e-19 0.0820763
v 0.0485302 6.41889e-19 0.0874347
v 0.0568337 -0.00577942 0.0820763
v 0.0482812 -0.00490972 0.0874347
v 0.0559574 -0.0114995 0.0820763
v 0.0475368 -0.00976906 0.0874347
v 0.0545069 -0.0171017 0.0820763
v 0.0463046 -0.0145282 0.0874347
v 0.0524971 -0.0225283 0.0820763
v 0.0445972 -0.0191382 0.0874347
v 0.0499486 -0.0277238 0.0820763
v 0.0424322 -0.0235518 0.0874347
v 0.0468876 -0.0326347 0.0820763
v 0.0398318 -0.0277238 0.0874347
v 0.0433454 -0.0372108 0.0820763
v 0.0368227 -0.0316112 0.0874347
v 0.0393585 -0.0414051 0.0820763
v 0.0334357 -0.0351743 0.0874347
v 0.0349677 -0.0451745 0.0820763
v 0.0297056 -0.0383765 0.0874347
v 0.030218 -0.0484804 0.0820763
v 0.0256707 -0.0411849 0.0874347
v 0.0251583 -0.0512887 0.0820763
v 0.0213724 -0.0435706 0.0874347
v 0.0198404 -0.0535708 0.0820763
v 0.0168548 -0.0455093 0.0874347
v 0.012154 -0.0469836 0.0874347
v 0.00987799 -0.0381784 0.0918958
v 0.00597164 -0.0389808 0.0918958
v 0.00453319 -0.0295911 0.0954139
v 0.00199738 -0.039385 0.0918958
v 0.00151625 -0.0298979 0.0954139
v 0.0163076 0.0630628 0.0758758
v 0.0181427 0.0701718 0.0688967
v 0.00986359 0.0643861 0.0758758
v 0.0109754 0.0716435 0.0688967
v 0.00329915 0.0650536 0.0758758
v 0.00367102 0.0723862 0.0688967
v -0.00329915 0.0650536 0.0758758
v -0.00367102 0.0723862 0.0688967
v -0.00986359 0.0643861 0.0758758
v -0.0109754 0.0716435 0.0688967
v -0.0163268 0.0630579 0.0758758
v -0.0181671 0.0701655 0.0688967
v -0.0226225 0.0610826 0.0758758
v 0.0143046 0.0553069 0.0820763
v 0.0226225 0.0610826 0.0758758
v 0.0198404 0.0535708 0.0820763
v 0.0286861 0.0584805 0.0758758
v 0.0251583 0.0512887 0.0820763
v 0.0344553 0.0552784 0.0758758
v 0.030218 0.0484804 0.0820763
v 0.0398709 0.051509 0.0758758
v 0.0349677 0.0451745 0.0820763
v 0.0448774 0.047211 0.0758758
v 0.0393585 0.0414051 0.0820763
v 0.0494234 0.0424286 0.0758758
v 0.0433454 0.0372108 0.0820763
v 0.0534623 0.0372108 0.0758758
v 0.0468876 0.0326347 0.0820763
v 0.0569525 0.0316112 0.0758758
v 0.0499486 0.0277238 0.0820763
v 0.0598584 0.0256873 0.0758758
v 0.0524971 0.0225283 0.0820763
v 0.06215 0.0194997 0.0758758
v 0.0545069 0.0171017 0.0820763
v 0.0638039 0.013112 0.0758758
v 0.0559574 0.0114995 0.0820763
v 0.064803 0.00658983 0.0758758
v 0.0568337 0.00577942 0.0820763
v 0.0651372 1.20616e-18 0.0758758
v 0.0571268 9.06711e-19 0.0820763
v 0.064803 -0.00658983 0.0758758
v 0.0568337 -0.00577942 0.0820763
v 0.0638039 -0.013112 0.0758758
v 0.0559574 -0.0114995 0.0820763
v 0.06215 -0.0194997 0.0758758
v 0.0545069 -0.0171017 0.0820763
v 0.0598584 -0.0256873 0.0758758
v 0.0524971 -0.0225283 0.0820763
v 0.0569525 -0.0316112 0.0758758
v 0.0499486 -0.0277238 0.0820763
v 0.0534623 -0.0372108 0.0758758
v 0.0468876 -0.0326347 0.0820763
v 0.0494234 -0.0424286 0.0758758
v 0.0433454 -0.0372108 0.0820763
v 0.0448774 -0.047211 0.0758758
v 0.0393585 -0.0414051 0.0820763
v 0.0398709 -0.051509 0.0758758
v 0.0349677 -0.0451745 0.0820763
v 0.0344553 -0.0552784 0.0758758
v 0.030218 -0.0484804 0.0820763
v 0.0286861 -0.0584805 0.0758758
v 0.0251583 -0.0512887 0.0820763
v 0.0226225 -0.0610826 0.0758758
v 0.0198404 -0.0535708 0.0820763
v 0.0143046 -0.0553069 0.0820763
v 0.012154 -0.0469836 0.0874347
v 0.00734882 -0.0479706 0.0874347
v 0.00597164 -0.0389808 0.0918958
v 0.00245801 -0.0484679 0.0874347
v 0.00199738 -0.039385 0.0918958
v 0.0181427 0.0701718 0.0688967
v 0.019791 0.0765609 0.0612106
v 0.0109754 0.0716435 0.0688967
v 0.0119745 0.0781657 0.0612106
v 0.00367102 0.0723862 0.0688967
v 0.00400521 0.0789761 0.0612106
v -0.00367102 0.0723862 0.0688967
v -0.00400521 0.0789761 0.0612106
v -0.0109754 0.0716435 0.0688967
v -0.0119745 0.0781657 0.0612106
v -0.0181671 0.0701655 0.0688967
v 0.0163076 0.0630628 0.0758758
v 0.0251724 0.0679676 0.0688967
v 0.0226225 0.0610826 0.0758758
v 0.0319194 0.0650722 0.0688967
v 0.0286861 0.0584805 0.0758758
v 0.0383389 0.0615091 0.0688967
v 0.0344553 0.0552784 0.0758758
v 0.044365 0.0573149 0.0688967
v 0.0398709 0.051509 0.0758758
v 0.0499358 0.0525325 0.0688967
v 0.0448774 0.047211 0.0758758
v 0.0549942 0.047211 0.0688967
v 0.0494234 0.0424286 0.0758758
v 0.0594883 0.0414051 0.0688967
v 0.0534623 0.0372108 0.0758758
v 0.063372 0.0351743 0.0688967
v 0.0569525 0.0316112 0.0758758
v 0.0666054 0.0285826 0.0688967
v 0.0598584 0.0256873 0.0758758
v 0.0691553 0.0216976 0.0688967
v 0.06215 0.0194997 0.0758758
v 0.0709956 0.01459 0.0688967
v 0.0638039 0.013112 0.0758758
v 0.0721074 0.00733261 0.0688967
v 0.064803 0.00658983 0.0758758
v 0.0724793 1.53385e-18 0.0688967
v 0.0651372 1.20616e-18 0.0758758
v 0.0721074 -0.00733261 0.0688967
v 0.064803 -0.00658983 0.0758758
v 0.0709956 -0.01459 0.0688967
v 0.0638039 -0.013112 0.0758758
v 0.0691553 -0.0216976 0.0688967
v 0.06215 -0.0194997 0.0758758
v 0.0666054 -0.0285826 0.0688967
v 0.0598584 -0.0256873 0.0758758
v 0.063372 -0.0351743 0.0688967
v 0.0569525 -0.0316112 0.0758758
v 0.0594883 -0.0414051 0.0688967
v 0.0534623 -0.0372108 0.0758758
v 0.0549942 -0.047211 0.0688967
v 0.0494234 -0.0424286 0.0758758
v 0.0499358 -0.0525325 0.0688967
v 0.0448774 -0.047211 0.0758758
v 0.044365 -0.0573149 0.0688967
v 0.0398709 -0.051509 0.0758758
v 0.0383389 -0.0615091 0.0688967
v 0.0344553 -0.0552784 0.0758758
v 0.0319194 -0.0650722 0.0688967
v 0.0286861 -0.0584805 0.0758758
v 0.0251724 -0.0679676 0.0688967
v 0.0226225 -0.0610826 0.0758758
v 0.0163076 -0.0630628 0.0758758
v 0.0143046 -0.0553069 0.0820763
v 0.00865059 -0.0564681 0.0820763
v 0.00734882 -0.0479706 0.0874347
v 0.00289343 -0.0570535 0.0820763
v 0.00245801 -0.0484679 0.0874347
v 0.019791 0.0765609 0.0612106
v 0.0212358 0.0821645 0.0528964
v 0.0119745 0.0781657 0.0612106
v 0.0128508 0.0838858 0.0528964
v 0.00400521 0.0789761 0.0612106
v 0.00429831 0.0847555 0.0528964
v -0.00400521 0.0789761 0.0612106
v -0.00429831 0.0847555 0.0528964
v -0.0119745 0.0781657 0.0612106
v 0.0181427 0.0701718 0.0688967
v 0.0274641 0.0741552 0.0612106
v 0.0251724 0.0679676 0.0688967
v 0.0348253 0.0709962 0.0612106
v 0.0319194 0.0650722 0.0688967
v 0.0418292 0.0671087 0.0612106
v 0.0383389 0.0615091 0.0688967
v 0.0484039 0.0625326 0.0612106
v 0.044365 0.0573149 0.0688967
v 0.0544818 0.0573149 0.0612106
v 0.0499358 0.0525325 0.0688967
v 0.0600008 0.051509 0.0612106
v 0.0549942 0.047211 0.0688967
v 0.064904 0.0451745 0.0612106
v 0.0594883 0.0414051 0.0688967
v 0.0691412 0.0383765 0.0612106
v 0.063372 0.0351743 0.0688967
v 0.072669 0.0311847 0.0612106
v 0.0666054 0.0285826 0.0688967
v 0.075451 0.0236729 0.0612106
v 0.0691553 0.0216976 0.0688967
v 0.0774589 0.0159182 0.0612106
v 0.0709956 0.01459 0.0688967
v 0.0786719 0.00800015 0.0612106
v 0.0721074 0.00733261 0.0688967
v 0.0790776 1.88267e-18 0.0612106
v 0.0724793 1.53385e-18 0.0688967
v 0.0786719 -0.00800015 0.0612106
v 0.0721074 -0.00733261 0.0688967
v 0.0774589 -0.0159182 0.0612106
v 0.0709956 -0.01459 0.0688967
v 0.075451 -0.0236729 0.0612106
v 0.0691553 -0.0216976 0.0688967
v 0.072669 -0.0311847 0.0612106
v 0.0666054 -0.0285826 0.0688967
v 0.0691412 -0.0383765 0.0612106
v 0.063372 -0.0351743 0.0688967
v 0.064904 -0.0451745 0.0612106
v 0.0594883 -0.0414051 0.0688967
v 0.0600008 -0.051509 0.0612106
v 0.0549942 -0.047211 0.0688967
v 0.0544818 -0.0573149 0.0612106
v 0.0499358 -0.0525325 0.0688967
v 0.0484039 -0.0625326 0.0612106
v 0.044365 -0.0573149 0.0688967
v 0.0418292 -0.0671087 0.0612106
v 0.0383389 -0.0615091 0.0688967
v 0.0348253 -0.0709962 0.0612106
v 0.0319194 -0.0650722 0.0688967
v 0.0274641 -0.0741552 0.0612106
v 0.0251724 -0.0679676 0.0688967
v 0.0181427 -0.0701718 0.0688967
v 0.0163076 -0.0630628 0.0758758
v 0.00986359 -0.0643861 0.0758758
v 0.00865059 -0.0564681 0.0820763
v 0.00329915 -0.0650536 0.0758758
v 0.00289343 -0.0570535 0.0820763
v 0.0212358 0.0821645 0.0528964
v 0.0224621 0.0869252 0.0440394
v 0.0128508 0.0838858 0.0528964
v 0.0135953 0.0887451 0.0440394
v 0.00429831 0.0847555 0.0528964
v 0.00454731 0.0896652 0.0440394
v -0.00429831 0.0847555 0.0528964
v 0.019791 0.0765609 0.0612106
v 0.0294739 0.0795818 0.0528964
v 0.0274641 0.0741552 0.0612106
v 0.0373738 0.0761917 0.0528964
v 0.0348253 0.0709962 0.0612106
v 0.0448902 0.0720197 0.0528964
v 0.0418292 0.0671087 0.0612106
v 0.051946 0.0671087 0.0528964
v 0.0484039 0.0625326 0.0612106
v 0.0584688 0.0615091 0.0528964
v 0.0544818 0.0573149 0.0612106
v 0.0643916 0.0552784 0.0528964
v 0.0600008 0.051509 0.0612106
v 0.0696536 0.0484804 0.0528964
v 0.064904 0.0451745 0.0612106
v 0.0742009 0.0411849 0.0528964
v 0.0691412 0.0383765 0.0612106
v 0.0779868 0.0334668 0.0528964
v 0.072669 0.0311847 0.0612106
v 0.0809725 0.0254053 0.0528964
v 0.075451 0.0236729 0.0612106
v 0.0831272 0.0170831 0.0528964
v 0.0774589 0.0159182 0.0612106
v 0.084429 0.00858559 0.0528964
v 0.0786719 0.00800015 0.0612106
v 0.0848644 2.24493e-18 0.0528964
v 0.0790776 1.88267e-18 0.0612106
v 0.084429 -0.00858559 0.0528964
v 0.0786719 -0.00800015 0.0612106
v 0.0831272 -0.0170831 0.0528964
v 0.0774589 -0.0159182 0.0612106
v 0.0809725 -0.0254053 0.0528964
v 0.075451 -0.0236729 0.0612106
v 0.0779868 -0.0334668 0.0528964
v 0.072669 -0.0311847 0.0612106
v 0.0742009 -0.0411849 0.0528964
v 0.0691412 -0.0383765 0.0612106
v 0.0696536 -0.0484804 0.0528964
v 0.064904 -0.0451745 0.0612106
v 0.0643916 -0.0552784 0.0528964
v 0.0600008 -0.051509 0.0612106
v 0.0584688 -0.0615091 0.0528964
v 0.0544818 -0.0573149 0.0612106
v 0.051946 -0.0671087 0.0528964
v 0.0484039 -0.0625326 0.0612106
v 0.0448902 -0.0720197 0.0528964
v 0.0418292 -0.0671087 0.0612106
v 0.0373738 -0.0761917 0.0528964
v 0.0348253 -0.0709962 0.0612106
v 0.0294739 -0.0795818 0.0528964
v 0.0274641 -0.0741552 0.0612106
v 0.019791 -0.0765609 0.0612106
v 0.0181427 -0.0701718 0.0688967
v 0.0109754 -0.0716435 0.0688967
v 0.00986359 -0.0643861 0.0758758
v 0.00367102 -0.0723862 0.0688967
v 0.00329915 -0.0650536 0.0758758
v 0.0224621 0.0869252 0.0440394
v 0.0234576 0.0907939 0.0347305
v 0.0135953 0.0887451 0.0440394
v 0.0142002 0.0926938 0.0347305
v 0.00454731 0.0896652 0.0440394
v 0.0212358 0.0821645 0.0528964
v 0.0311812 0.0841918 0.0440394
v 0.0294739 0.0795818 0.0528964
v 0.0395388 0.0806053 0.0440394
v 0.0373738 0.0761917 0.0528964
v 0.0474906 0.0761917 0.0440394
v 0.0448902 0.0720197 0.0528964
v 0.0549552 0.0709962 0.0440394
v 0.051946 0.0671087 0.0528964
v 0.0618558 0.0650722 0.0440394
v 0.0584688 0.0615091 0.0528964
v 0.0681216 0.0584805 0.0440394
v 0.0643916 0.0552784 0.0528964
v 0.0736885 0.0512887 0.0440394
v 0.0696536 0.0484804 0.0528964
v 0.0784992 0.0435706 0.0440394
v 0.0742009 0.0411849 0.0528964
v 0.0825045 0.0354054 0.0440394
v 0.0779868 0.0334668 0.0528964
v 0.0856631 0.026877 0.0440394
v 0.0809725 0.0254053 0.0528964
v 0.0879426 0.0180727 0.0440394
v 0.0831272 0.0170831 0.0528964
v 0.0893198 0.00908294 0.0440394
v 0.084429 0.00858559 0.0528964
v 0.0897805 2.61247e-18 0.0440394
v 0.0848644 2.24493e-18 0.0528964
v 0.0893198 -0.00908294 0.0440394
v 0.084429 -0.00858559 0.0528964
v 0.0879426 -0.0180727 0.0440394
v 0.0831272 -0.0170831 0.0528964
v 0.0856631 -0.026877 0.0440394
v 0.0809725 -0.0254053 0.0528964
v 0.0825045 -0.0354054 0.0440394
v 0.0779868 -0.0334668 0.0528964
v 0.0784992 -0.0435706 0.0440394
v 0.0742009 -0.0411849 0.0528964
v 0.0736885 -0.0512887 0.0440394
v 0.0696536 -0.0484804 0.0528964
v 0.0681216 -0.0584805 0.0440394
v 0.0643916 -0.0552784 0.0528964
v 0.0618558 -0.0650722 0.0440394
v 0.0584688 -0.0615091 0.0528964
v 0.0549552 -0.0709962 0.0440394
v 0.051946 -0.0671087 0.0528964
v 0.0474906 -0.0761917 0.0440394
v 0.0448902 -0.0720197 0.0528964
v 0.0395388 -0.0806053 0.0440394
v 0.0373738 -0.0761917 0.0528964
v 0.0311812 -0.0841918 0.0440394
v 0.0294739 -0.0795818 0.0528964
v 0.0212358 -0.0821645 0.0528964
v 0.019791 -0.0765609 0.0612106
v 0.0119745 -0.0781657 0.0612106
v 0.0109754 -0.0716435 0.0688967
v 0.00400521 -0.0789761 0.0612106
v 0.00367102 -0.0723862 0.0688967
v 0.0142002 0.0926938 0.0347305
v 0.0234576 0.0907939 0.0347305
v 0.0242121 0.093731 0.0250653
v 0.0336218 0.0907816 0.0250653
v 0.03433 0.0926938 0.0151428
v 0.0435316 0.0887451 0.0151428
v 0.0224621 0.0869252 0.0440394
v 0.0325686 0.0879379 0.0347305
v 0.0311812 0.0841918 0.0440394
v 0.0412981 0.0841918 0.0347305
v 0.0395388 0.0806053 0.0440394
v 0.0496037 0.0795818 0.0347305
v 0.0474906 0.0761917 0.0440394
v 0.0574004 0.0741552 0.0347305
v 0.0549552 0.0709962 0.0440394
v 0.064608 0.0679676 0.0347305
v 0.0618558 0.0650722 0.0440394
v 0.0711527 0.0610826 0.0347305
v 0.0681216 0.0584805 0.0440394
v 0.0769673 0.0535708 0.0347305
v 0.0736885 0.0512887 0.0440394
v 0.081992 0.0455093 0.0347305
v 0.0784992 0.0435706 0.0440394
v 0.0861755 0.0369808 0.0347305
v 0.0825045 0.0354054 0.0440394
v 0.0894746 0.0280728 0.0347305
v 0.0856631 0.026877 0.0440394
v 0.0918556 0.0188768 0.0347305
v 0.0879426 0.0180727 0.0440394
v 0.0932941 0.00948708 0.0347305
v 0.0893198 0.00908294 0.0440394
v 0.0937752 2.97678e-18 0.0347305
v 0.0897805 2.61247e-18 0.0440394
v 0.0932941 -0.00948708 0.0347305
v 0.0893198 -0.00908294 0.0440394
v 0.0918556 -0.0188768 0.0347305
v 0.0879426 -0.0180727 0.0440394
v 0.0894746 -0.0280728 0.0347305
v 0.0856631 -0.026877 0.0440394
v 0.0861755 -0.0369808 0.0347305
v 0.0825045 -0.0354054 0.0440394
v 0.081992 -0.0455093 0.0347305
v 0.0784992 -0.0435706 0.0440394
v 0.0769673 -0.0535708 0.0347305
v 0.0736885 -0.0512887 0.0440394
v 0.0711527 -0.0610826 0.0347305
v 0.0681216 -0.0584805 0.0440394
v 0.064608 -0.0679676 0.0347305
v 0.0618558 -0.0650722 0.0440394
v 0.0574004 -0.0741552 0.0347305
v 0.0549552 -0.0709962 0.0440394
v 0.0496037 -0.0795818 0.0347305
v 0.0474906 -0.0761917 0.0440394
v 0.0412981 -0.0841918 0.0347305
v 0.0395388 -0.0806053 0.0440394
v 0.0325686 -0.0879379 0.0347305
v 0.0311812 -0.0841918 0.0440394
v 0.0224621 -0.0869252 0.0440394
v 0.0212358 -0.0821645 0.0528964
v 0.0128508 -0.0838858 0.0528964
v 0.0119745 -0.0781657 0.0612106
v 0.00429831 -0.0847555 0.0528964
v 0.00400521 -0.0789761 0.0612106
v 0.03433 0.0926938 0.0151428
v 0.024718 0.0957064 0.0151428
v 0.0242121 0.093731 0.0250653
v 0.0249722 0.0966992 -0.00506492
v 0.02497 0.0966998 0.00506492
v 0.034686 0.0936549 0.00506492
v -0.00126623 0.0968246 0.0249679
v 0.00474964 0.0936549 0.0347305
v 0.00490323 0.0966835 0.0250653
v 0.0146594 0.0956914 0.0250653
v -0.00490323 0.0966835 0.0250653
v -0.0142002 0.0926938 0.0347305
v -0.00474964 0.0936549 0.0347305
v -0.0135953 0.0887451 0.0440394
v -0.00454731 0.0896652 0.0440394
v -0.0128508 0.0838858 0.0528964
v -0.0225037 0.0869144 0.0440394
v -0.0212715 0.0821553 0.0528964
v -0.019821 0.0765532 0.0612106
v -0.023505 0.0907816 -0.0347305
v -0.0242651 0.0937173 -0.0250653
v -0.0142002 0.0926938 -0.0347305
v -0.0146594 0.0956914 -0.0250653
v -0.00474964 0.0936549 -0.0347305
v -0.03433 0.0926938 -0.0151428
v -0.0336218 0.0907816 -0.0250653
v -0.0247762 0.0956914 -0.0151428
v -0.034686 0.0936549 -0.00506492
v -0.0250331 0.0966835 -0.00506492
v -0.034686 0.0936549 0.00506492
v -0.0250331 0.0966835 0.00506492
v -0.03433 0.0926938 0.0151428
v -0.0247762 0.0956914 0.0151428
v -0.0146594 0.0956914 0.0250653
v -0.0242651 0.0937173 0.0250653
v -0.023505 0.0907816 0.0347305
v -0.0325686 0.0879379 0.0347305
v -0.0311812 0.0841918 0.0440394
v -0.0395388 0.0806053 0.0440394
v -0.0373738 0.0761917 0.0528964
v -0.0448902 0.0720197 0.0528964
v -0.0418292 0.0671087 0.0612106
v -0.0484039 0.0625326 0.0612106
v -0.044365 0.0573149 0.0688967
v -0.0499358 0.0525325 0.0688967
v -0.0448774 0.047211 0.0758758
v -0.0494234 0.0424286 0.0758758
v -0.0433454 0.0372108 0.0820763
v -0.0468876 0.0326347 0.0820763
v -0.0398318 0.0277238 0.0874347
v -0.0424322 0.0235518 0.0874347
v -0.0344804 0.0191382 0.0918958
v -0.0362396 0.0155517 0.0918958
v -0.0336218 0.0907816 0.0250653
v -0.0225037 0.0869144 0.0440394
v -0.0294739 0.0795818 0.0528964
v -0.0212715 0.0821553 0.0528964
v -0.0274641 0.0741552 0.0612106
v -0.019821 0.0765532 0.0612106
v -0.0251724 0.0679676 0.0688967
v -0.023505 0.0907816 -0.0347305
v -0.0142002 0.0926938 -0.0347305
v -0.0135953 0.0887451 -0.0440394
v -0.00454731 0.0896652 -0.0440394
v -0.00429831 0.0847555 -0.0528964
v 0.00429831 0.0847555 -0.0528964
v 0.00400521 0.0789761 -0.0612106
v 0.0119745 0.0781657 -0.0612106
v 0.0109754 0.0716435 -0.0688967
v -0.00474964 0.0936549 -0.0347305
v 0.00454731 0.0896652 -0.0440394
v 0.00474964 0.0936549 -0.0347305
v 0.0135953 0.0887451 -0.0440394
v 0.0142002 0.0926938 -0.0347305
v 0.0128508 0.0838858 -0.0528964
v 0.034686 0.0936549 -0.00506492
v 0.0247244 0.0957048 -0.0151428
v 0.0249722 0.0966992 -0.00506492
v 0.0181662 -0.0701658 -0.0688967
v 0.0198133 -0.0765552 -0.0612106
v 0.0109754 -0.0716435 -0.0688967
v 0.0119745 -0.0781657 -0.0612106
v 0.00367102 -0.0723862 -0.0688967
v 0.00400521 -0.0789761 -0.0612106
v -0.00367102 -0.0723862 -0.0688967
v -0.00400521 -0.0789761 -0.0612106
v -0.0109754 -0.0716435 -0.0688967
v -0.0119745 -0.0781657 -0.0612106
v -0.0197997 -0.0765587 -0.0612106
v 0.0212559 -0.0821593 -0.0528964
v 0.0128508 -0.0838858 -0.0528964
v 0.00429831 -0.0847555 -0.0528964
v -0.00429831 -0.0847555 -0.0528964
v 0.0274641 -0.0741552 -0.0612106
v 0.0251724 -0.0679676 -0.0688967
v 0.0348253 -0.0709962 -0.0612106
v 0.0224796 -0.0869206 -0.0440394
v 0.0135953 -0.0887451 -0.0440394
v 0.00454731 -0.0896652 -0.0440394
v 0.0294739 -0.0795818 -0.0528964
v 0.0373738 -0.0761917 -0.0528964
v 0.0448902 -0.0720197 -0.0528964
v 0.0234718 -0.0907902 -0.0347305
v 0.0142002 -0.0926938 -0.0347305
v 0.0311812 -0.0841918 -0.0440394
v 0.0395388 -0.0806053 -0.0440394
v 0.0474906 -0.0761917 -0.0440394
v 0.0549552 -0.0709962 -0.0440394
v 0.0242226 -0.0937283 -0.0250653
v 0.0336218 -0.0907816 -0.0250653
v 0.03433 -0.0926938 -0.0151428
v 0.0435316 -0.0887451 -0.0151428
v 0.0325686 -0.0879379 -0.0347305
v 0.0412981 -0.0841918 -0.0347305
v 0.0496037 -0.0795818 -0.0347305
v 0.0574004 -0.0741552 -0.0347305
v 0.064608 -0.0679676 -0.0347305
v 0.0247244 -0.0957048 -0.0151428
v -0.00126623 -0.0968246 -0.0249679
v 0.00474964 -0.0936549 -0.0347305
v 0.00490323 -0.0966835 -0.0250653
v 0.0146594 -0.0956914 -0.0250653
v -0.00474964 -0.0936549 -0.0347305
v -0.00490323 -0.0966835 -0.0250653
v -0.0142002 -0.0926938 -0.0347305
v -0.0146594 -0.0956914 -0.0250653
v -0.024148 -0.0937476 -0.0250653
v -0.00454731 -0.0896652 -0.0440394
v -0.0135953 -0.0887451 -0.0440394
v -0.0234136 -0.0908052 -0.0347305
v -0.0242651 -0.0937173 -0.0250653
v -0.0247762 -0.0956914 -0.0151428
v -0.0336218 -0.0907816 -0.0250653
v -0.03433 -0.0926938 -0.0151428
v -0.0426335 -0.0869144 -0.0250653
v -0.0435316 -0.0887451 -0.0151428
v -0.0512078 -0.0821553 -0.0250653
v -0.0522864 -0.0838858 -0.0151428
v -0.0592566 -0.0765532 -0.0250653
v -0.0605047 -0.0781657 -0.0151428
v -0.0666973 -0.0701655 -0.0250653
v -0.0681022 -0.0716435 -0.0151428
v -0.0734536 -0.0630579 -0.0250653
v -0.0750008 -0.0643861 -0.0151428
v -0.0794562 -0.0553032 -0.0250653
v -0.0811299 -0.0564681 -0.0151428
v -0.0128508 -0.0838858 -0.0528964
v -0.0224373 -0.0869316 -0.0440394
v -0.0212287 -0.0821664 -0.0528964
v -0.0225037 -0.0869144 -0.0440394
v -0.0212715 -0.0821553 -0.0528964
v -0.0294739 -0.0795818 -0.0528964
v -0.0274641 -0.0741552 -0.0612106
v -0.0348253 -0.0709962 -0.0612106
v -0.0319194 -0.0650722 -0.0688967
v -0.0383389 -0.0615091 -0.0688967
v -0.0135953 -0.0887451 -0.0440394
v -0.0234136 -0.0908052 -0.0347305
v -0.0181646 -0.0701662 -0.0688967
v -0.0109754 -0.0716435 -0.0688967
v -0.0197997 -0.0765587 -0.0612106
v -0.03433 -0.0926938 -0.0151428
v -0.0247762 -0.0956914 -0.0151428
v -0.0250331 -0.0966835 -0.00506492
v -0.024148 -0.0937476 -0.0250653
v -0.0246334 -0.0957282 -0.0151428
v -0.023505 -0.0907816 -0.0347305
v -0.0242651 -0.0937173 -0.0250653
v -0.0325686 -0.0879379 -0.0347305
v -0.0336218 -0.0907816 -0.0250653
v -0.0412981 -0.0841918 -0.0347305
v -0.0426335 -0.0869144 -0.0250653
v -0.0496037 -0.0795818 -0.0347305
v -0.0512078 -0.0821553 -0.0250653
v -0.0574004 -0.0741552 -0.0347305
v -0.0592566 -0.0765532 -0.0250653
v -0.064608 -0.0679676 -0.0347305
v -0.0666973 -0.0701655 -0.0250653
v -0.0711527 -0.0610826 -0.0347305
v -0.0734536 -0.0630579 -0.0250653
v -0.0769673 -0.0535708 -0.0347305
v -0.0794562 -0.0553032 -0.0250653
v -0.019821 -0.0765532 -0.0612106
v -0.00253581 -0.00979387 0.0994869
v -0.0050456 -0.0194872 0.097953
v -0.00153197 -0.0100002 0.0994869
v -0.00304822 -0.0198977 0.097953
v -0.000512409 -0.0101038 0.0994869
v -0.00101956 -0.020104 0.097953
v -0.00750361 -0.0289807 0.0954139
v -0.00453319 -0.0295911 0.0954139
v -0.00151625 -0.0298979 0.0954139
v -0.0069912 -0.0188768 0.097953
v -0.00351363 -0.00948708 0.0994869
v -0.00886507 -0.0180727 0.097953
v -0.00445539 -0.00908294 0.0994869
v -0.010648 -0.0170831 0.097953
v -0.00535144 -0.00858559 0.0994869
v -0.0123216 -0.0159182 0.097953
v -0.00619257 -0.00800015 0.0994869
v -0.0138688 -0.01459 0.097953
v -0.00697016 -0.00733261 0.0994869
v -0.0152737 -0.013112 0.097953
v -0.00767623 -0.00658983 0.0994869
v -0.0165218 -0.0114995 0.097953
v -0.00830353 -0.00577942 0.0994869
v -0.00988463 -0.0381767 0.0918958
v -0.00597164 -0.0389808 0.0918958
v -0.00199738 -0.039385 0.0918958
v -0.010397 -0.0280728 0.0954139
v -0.0131838 -0.026877 0.0954139
v -0.0158352 -0.0254053 0.0954139
v -0.0183242 -0.0236729 0.0954139
v -0.0206251 -0.0216976 0.0954139
v -0.0227144 -0.0194997 0.0954139
v -0.0245706 -0.0171017 0.0954139
v -0.0121642 -0.046981 0.0874347
v -0.00734882 -0.0479706 0.0874347
v -0.00245801 -0.0484679 0.0874347
v -0.00750361 -0.0289807 0.0954139
v -0.0136962 -0.0369808 0.0918958
v -0.0173672 -0.0354054 0.0918958
v -0.02086 -0.0334668 0.0918958
v -0.0241388 -0.0311847 0.0918958
v -0.0271698 -0.0285826 0.0918958
v -0.0299221 -0.0256873 0.0918958
v -0.0323673 -0.0225283 0.0918958
v -0.014319 -0.0553032 0.0820763
v -0.00865059 -0.0564681 0.0820763
v -0.00289343 -0.0570535 0.0820763
v -0.0168548 -0.0455093 0.0874347
v -0.0213724 -0.0435706 0.0874347
v -0.0256707 -0.0411849 0.0874347
v -0.0297056 -0.0383765 0.0874347
v -0.0334357 -0.0351743 0.0874347
v -0.0368227 -0.0316112 0.0874347
v -0.0398318 -0.0277238 0.0874347
v -0.0163268 -0.0630579 0.0758758
v -0.00986359 -0.0643861 0.0758758
v -0.00329915 -0.0650536 0.0758758
v -0.0198404 -0.0535708 0.0820763
v -0.0251583 -0.0512887 0.0820763
v -0.030218 -0.0484804 0.0820763
v -0.0349677 -0.0451745 0.0820763
v -0.0393585 -0.0414051 0.0820763
v -0.0433454 -0.0372108 0.0820763
v -0.0468876 -0.0326347 0.0820763
v -0.0181671 -0.0701655 0.0688967
v -0.0109754 -0.0716435 0.0688967
v -0.00367102 -0.0723862 0.0688967
v -0.0226225 -0.0610826 0.0758758
v -0.0286861 -0.0584805 0.0758758
v -0.0344553 -0.0552784 0.0758758
v -0.0398709 -0.051509 0.0758758
v -0.0448774 -0.047211 0.0758758
v -0.0494234 -0.0424286 0.0758758
v -0.0534623 -0.0372108 0.0758758
v -0.019821 -0.0765532 0.0612106
v -0.0119745 -0.0781657 0.0612106
v -0.00400521 -0.0789761 0.0612106
v -0.0251724 -0.0679676 0.0688967
v -0.0319194 -0.0650722 0.0688967
v -0.0383389 -0.0615091 0.0688967
v -0.044365 -0.0573149 0.0688967
v -0.0499358 -0.0525325 0.0688967
v -0.0549942 -0.047211 0.0688967
v -0.0594883 -0.0414051 0.0688967
v -0.0212715 -0.0821553 0.0528964
v -0.0128508 -0.0838858 0.0528964
v -0.00429831 -0.0847555 0.0528964
v -0.0274641 -0.0741552 0.0612106
v -0.0348253 -0.0709962 0.0612106
v -0.0418292 -0.0671087 0.0612106
v -0.0484039 -0.0625326 0.0612106
v -0.0544818 -0.0573149 0.0612106
v -0.0600008 -0.051509 0.0612106
v -0.064904 -0.0451745 0.0612106
v -0.0225037 -0.0869144 0.0440394
v -0.0135953 -0.0887451 0.0440394
v -0.00454731 -0.0896652 0.0440394
v -0.0294739 -0.0795818 0.0528964
v -0.0373738 -0.0761917 0.0528964
v -0.0448902 -0.0720197 0.0528964
v -0.051946 -0.0671087 0.0528964
v -0.0584688 -0.0615091 0.0528964
v -0.0643916 -0.0552784 0.0528964
v -0.0696536 -0.0484804 0.0528964
v -0.023505 -0.0907816 0.0347305
v -0.0142002 -0.0926938 0.0347305
v -0.00474964 -0.0936549 0.0347305
v -0.0311812 -0.0841918 0.0440394
v -0.0395388 -0.0806053 0.0440394
v -0.0474906 -0.0761917 0.0440394
v -0.0549552 -0.0709962 0.0440394
v -0.0618558 -0.0650722 0.0440394
v -0.0681216 -0.0584805 0.0440394
v -0.0736885 -0.0512887 0.0440394
v -0.0242651 -0.0937173 0.0250653
v -0.0146594 -0.0956914 0.0250653
v -0.00490323 -0.0966835 0.0250653
v -0.0325686 -0.0879379 0.0347305
v -0.0412981 -0.0841918 0.0347305
v -0.0496037 -0.0795818 0.0347305
v -0.0574004 -0.0741552 0.0347305
v -0.064608 -0.0679676 0.0347305
v -0.0711527 -0.0610826 0.0347305
v -0.0769673 -0.0535708 0.0347305
v -0.03433 -0.0926938 0.0151428
v -0.0247762 -0.0956914 0.0151428
v -0.0336218 -0.0907816 0.0250653
v -0.0426335 -0.0869144 0.0250653
v -0.0512078 -0.0821553 0.0250653
v -0.0592566 -0.0765532 0.0250653
v -0.0666973 -0.0701655 0.0250653
v -0.0734536 -0.0630579 0.0250653
v -0.0794562 -0.0553032 0.0250653
v -0.03433 -0.0926938 -0.0151428
v -0.0250331 -0.0966835 -0.00506492
v -0.034686 -0.0936549 -0.00506492
v -0.0224373 -0.0869316 -0.0440394
v -0.023505 -0.0907816 -0.0347305
v -0.0225037 -0.0869144 -0.0440394
v -0.0311812 -0.0841918 -0.0440394
v -0.0294739 -0.0795818 -0.0528964
v -0.0373738 -0.0761917 -0.0528964
v -0.0348253 -0.0709962 -0.0612106
v -0.0418292 -0.0671087 -0.0612106
v -0.0383389 -0.0615091 -0.0688967
v -0.044365 -0.0573149 -0.0688967
v -0.0325686 -0.0879379 -0.0347305
v 0.00474964 -0.0936549 0.0347305
v 0.00490323 -0.0966835 0.0250653
v 0.0142002 -0.0926938 0.0347305
v 0.0146594 -0.0956914 0.0250653
v 0.0242121 -0.093731 0.0250653
v 0.0128508 -0.0838858 0.0528964
v 0.00429831 -0.0847555 0.0528964
v 0.00454731 -0.0896652 0.0440394
v 0.0135953 -0.0887451 0.0440394
v 0.0234576 -0.0907939 0.0347305
v 0.0336218 -0.0907816 0.0250653
v 0.03433 -0.0926938 0.0151428
v 0.0426335 -0.0869144 0.0250653
v 0.0435316 -0.0887451 0.0151428
v 0.0512078 -0.0821553 0.0250653
v 0.0522864 -0.0838858 0.0151428
v 0.0592566 -0.0765532 0.0250653
v 0.0605047 -0.0781657 0.0151428
v 0.0666973 -0.0701655 0.0250653
v 0.0681022 -0.0716435 0.0151428
v 0.0734536 -0.0630579 0.0250653
v 0.0750008 -0.0643861 0.0151428
v 0.0794562 -0.0553032 0.0250653
v 0.0811299 -0.0564681 0.0151428
v 0.0846435 -0.046981 0.0250653
v 0.0864264 -0.0479706 0.0151428
v 0.0889622 -0.0381767 0.0250653
v 0.0908361 -0.0389808 0.0151428
v 0.092368 -0.0289807 0.0250653
v 0.0943136 -0.0295911 0.0151428
v 0.0948261 -0.0194872 0.0250653
v 0.0968234 -0.0198977 0.0151428
v 0.096311 -0.00979387 0.0250653
v 0.0983397 -0.0100002 0.0151428
v 0.0968077 3.32913e-18 0.0250653
v 0.0988468 3.66074e-18 0.0151428
v 0.096311 0.00979387 0.0250653
v 0.0983397 0.0100002 0.0151428
v 0.0948261 0.0194872 0.0250653
v 0.0968234 0.0198977 0.0151428
v 0.092368 0.0289807 0.0250653
v 0.0943136 0.0295911 0.0151428
v 0.0889622 0.0381767 0.0250653
v 0.0908361 0.0389808 0.0151428
v 0.0846435 0.046981 0.0250653
v 0.0864264 0.0479706 0.0151428
v 0.0794562 0.0553032 0.0250653
v 0.0811299 0.0564681 0.0151428
v 0.0734536 0.0630579 0.0250653
v 0.0750008 0.0643861 0.0151428
v 0.0666973 0.0701655 0.0250653
v 0.0681022 0.0716435 0.0151428
v 0.0592566 0.0765532 0.0250653
v 0.0605047 0.0781657 0.0151428
v 0.0512078 0.0821553 0.0250653
v 0.0522864 0.0838858 0.0151428
v 0.0426335 0.0869144 0.0250653
v 0.0435316 0.0887451 0.0151428
v 0.0336218 0.0907816 0.0250653
v -6.12323e-18 7.4988e-34 0.1
v 0.000512409 -0.0101038 0.0994869
v 0.00153197 -0.0100002 0.0994869
v 0.0224621 -0.0869252 0.0440394
v 0.0128508 -0.0838858 0.0528964
v 0.0135953 -0.0887451 0.0440394
v 0.00454731 -0.0896652 0.0440394
v 0.0234576 -0.0907939 0.0347305
v 0.034686 -0.0936549 0.00506492
v 0.024718 -0.0957064 0.0151428
v 0.02497 -0.0966998 0.00506492
v 0.0249722 -0.0966992 -0.00506492
v 0.0325686 -0.0879379 0.0347305
v 0.0336218 -0.0907816 0.0250653
v 0.0412981 -0.0841918 -0.0347305
v 0.0426335 -0.0869144 -0.0250653
v 0.0325686 -0.0879379 -0.0347305
v 0.0336218 -0.0907816 -0.0250653
v 0.0234718 -0.0907902 -0.0347305
v 0.0522864 -0.0838858 -0.0151428
v 0.0435316 -0.0887451 -0.0151428
v 0.0512078 -0.0821553 -0.0250653
v 0.0496037 -0.0795818 -0.0347305
v 0.0592566 -0.0765532 -0.0250653
v 0.0574004 -0.0741552 -0.0347305
v 0.0666973 -0.0701655 -0.0250653
v 0.064608 -0.0679676 -0.0347305
v 0.0734536 -0.0630579 -0.0250653
v 0.0439829 -0.0896652 -0.00506492
v 0.0439829 -0.0896652 0.00506492
v 0.034686 -0.0936549 -0.00506492
v 0.0528285 -0.0847555 0.00506492
v 0.0528285 -0.0847555 -0.00506492
v 0.061132 -0.0789761 0.00506492
v 0.061132 -0.0789761 -0.00506492
v 0.0688083 -0.0723862 0.00506492
v 0.0688083 -0.0723862 -0.00506492
v 0.0757784 -0.0650536 0.00506492
v 0.0757784 -0.0650536 -0.00506492
v 0.081971 -0.0570535 0.00506492
v 0.081971 -0.0570535 -0.00506492
v 0.0873224 -0.0484679 0.00506492
v 0.0873224 -0.0484679 -0.00506492
v 0.0917778 -0.039385 0.00506492
v 0.0917778 -0.039385 -0.00506492
v 0.0952915 -0.0298979 0.00506492
v 0.0952915 -0.0298979 -0.00506492
v 0.0978273 -0.020104 0.00506492
v 0.0978273 -0.020104 -0.00506492
v 0.0993592 -0.0101038 0.00506492
v 0.0993592 -0.0101038 -0.00506492
v 0.0998717 3.96288e-18 0.00506492
v 0.0998717 4.22707e-18 -0.00506492
v 0.0993592 0.0101038 0.00506492
v 0.0993592 0.0101038 -0.00506492
v 0.0978273 0.020104 0.00506492
v 0.0978273 0.020104 -0.00506492
v 0.0952915 0.0298979 0.00506492
v 0.0952915 0.0298979 -0.00506492
v 0.0917778 0.039385 0.00506492
v 0.0917778 0.039385 -0.00506492
v 0.0873224 0.0484679 0.00506492
v 0.0873224 0.0484679 -0.00506492
v 0.081971 0.0570535 0.00506492
v 0.081971 0.0570535 -0.00506492
v 0.0757784 0.0650536 0.00506492
v 0.0757784 0.0650536 -0.00506492
v 0.0688083 0.0723862 0.00506492
v 0.0688083 0.0723862 -0.00506492
v 0.061132 0.0789761 0.00506492
v 0.061132 0.0789761 -0.00506492
v 0.0528285 0.0847555 0.00506492
v 0.0528285 0.0847555 -0.00506492
v 0.0439829 0.0896652 0.00506492
v 0.0439829 0.0896652 -0.00506492
v 0.034686 0.0936549 0.00506492
v 0.034686 0.0936549 -0.00506492
v 0.0249722 0.0966992 -0.00506492
v 0.0325686 -0.0879379 0.0347305
v 0.0336218 -0.0907816 0.0250653
v 0.0412981 -0.0841918 0.0347305
v 0.0426335 -0.0869144 0.0250653
v 0.0496037 -0.0795818 0.0347305
v 0.0512078 -0.0821553 0.0250653
v 0.0574004 -0.0741552 0.0347305
v 0.0592566 -0.0765532 0.0250653
v 0.064608 -0.0679676 0.0347305
v 0.0666973 -0.0701655 0.0250653
v 0.0711527 -0.0610826 0.0347305
v 0.0734536 -0.0630579 0.0250653
v 0.0769673 -0.0535708 0.0347305
v 0.0794562 -0.0553032 0.0250653
v 0.081992 -0.0455093 0.0347305
v 0.0846435 -0.046981 0.0250653
v 0.0861755 -0.0369808 0.0347305
v 0.0889622 -0.0381767 0.0250653
v 0.0894746 -0.0280728 0.0347305
v 0.092368 -0.0289807 0.0250653
v 0.0918556 -0.0188768 0.0347305
v 0.0948261 -0.0194872 0.0250653
v 0.0932941 -0.00948708 0.0347305
v 0.096311 -0.00979387 0.0250653
v 0.0937752 2.97678e-18 0.0347305
v 0.0968077 3.32913e-18 0.0250653
v 0.0932941 0.00948708 0.0347305
v 0.096311 0.00979387 0.0250653
v 0.0918556 0.0188768 0.0347305
v 0.0948261 0.0194872 0.0250653
v 0.0894746 0.0280728 0.0347305
v 0.092368 0.0289807 0.0250653
v 0.0861755 0.0369808 0.0347305
v 0.0889622 0.0381767 0.0250653
v 0.081992 0.0455093 0.0347305
v 0.0846435 0.046981 0.0250653
v 0.0769673 0.0535708 0.0347305
v 0.0794562 0.0553032 0.0250653
v 0.0711527 0.0610826 0.0347305
v 0.0734536 0.0630579 0.0250653
v 0.064608 0.0679676 0.0347305
v 0.0666973 0.0701655 0.0250653
v 0.0574004 0.0741552 0.0347305
v 0.0592566 0.0765532 0.0250653
v 0.0496037 0.0795818 0.0347305
v 0.0512078 0.0821553 0.0250653
v 0.0412981 0.0841918 0.0347305
v 0.0426335 0.0869144 0.0250653
v 0.0325686 0.0879379 0.0347305
v 0.0336218 0.0907816 0.0250653
v 0.0234576 0.0907939 0.0347305
v 0.00445539 -0.00908294 0.0994869
v -6.12323e-18 7.4988e-34 0.1
v 0.00351363 -0.00948708 0.0994869
v 0.0605047 -0.0781657 -0.0151428
v 0.0522864 -0.0838858 -0.0151428
v 0.0512078 -0.0821553 -0.0250653
v 0.0426335 -0.0869144 -0.0250653
v 0.0592566 -0.0765532 -0.0250653
v 0.0681022 -0.0716435 -0.0151428
v 0.0666973 -0.0701655 -0.0250653
v 0.0750008 -0.0643861 -0.0151428
v 0.0734536 -0.0630579 -0.0250653
v 0.0811299 -0.0564681 -0.0151428
v 0.0594883 -0.0414051 -0.0688967
v 0.063372 -0.0351743 -0.0688967
v 0.0691412 -0.0383765 -0.0612106
v 0.072669 -0.0311847 -0.0612106
v 0.0779868 -0.0334668 -0.0528964
v 0.0809725 -0.0254053 -0.0528964
v 0.0856631 -0.026877 -0.0440394
v 0.0879426 -0.0180727 -0.0440394
v 0.0918556 -0.0188768 -0.0347305
v 0.0932941 -0.00948708 -0.0347305
v 0.096311 -0.00979387 -0.0250653
v 0.0968077 4.60957e-18 -0.0250653
v 0.0988468 4.44518e-18 -0.0151428
v 0.0983397 0.0100002 -0.0151428
v 0.0666054 -0.0285826 -0.0688967
v 0.075451 -0.0236729 -0.0612106
v 0.0831272 -0.0170831 -0.0528964
v 0.0893198 -0.00908294 -0.0440394
v 0.0937752 4.71324e-18 -0.0347305
v 0.096311 0.00979387 -0.0250653
v 0.0968234 0.0198977 -0.0151428
v 0.0691553 -0.0216976 -0.0688967
v 0.0774589 -0.0159182 -0.0612106
v 0.084429 -0.00858559 -0.0528964
v 0.0897805 4.74995e-18 -0.0440394
v 0.0932941 0.00948708 -0.0347305
v 0.0948261 0.0194872 -0.0250653
v 0.0943136 0.0295911 -0.0151428
v 0.0709956 -0.01459 -0.0688967
v 0.0786719 -0.00800015 -0.0612106
v 0.0848644 4.71436e-18 -0.0528964
v 0.0893198 0.00908294 -0.0440394
v 0.0918556 0.0188768 -0.0347305
v 0.092368 0.0289807 -0.0250653
v 0.0908361 0.0389808 -0.0151428
v 0.0721074 -0.00733261 -0.0688967
v 0.0790776 4.60207e-18 -0.0612106
v 0.084429 0.00858559 -0.0528964
v 0.0879426 0.0180727 -0.0440394
v 0.0894746 0.0280728 -0.0347305
v 0.0889622 0.0381767 -0.0250653
v 0.0864264 0.0479706 -0.0151428
v 0.0724793 4.4098e-18 -0.0688967
v 0.0786719 0.00800015 -0.0612106
v 0.0831272 0.0170831 -0.0528964
v 0.0856631 0.026877 -0.0440394
v 0.0861755 0.0369808 -0.0347305
v 0.0846435 0.046981 -0.0250653
v 0.0811299 0.0564681 -0.0151428
v 0.0499358 0.0525325 -0.0688967
v 0.0544818 0.0573149 -0.0612106
v 0.0549942 0.047211 -0.0688967
v 0.0600008 0.051509 -0.0612106
v 0.0594883 0.0414051 -0.0688967
v 0.0584688 0.0615091 -0.0528964
v 0.051946 0.0671087 -0.0528964
v 0.0549552 0.0709962 -0.0440394
v 0.0474906 0.0761917 -0.0440394
v 0.0496037 0.0795818 -0.0347305
v 0.0412981 0.0841918 -0.0347305
v 0.0426335 0.0869144 -0.0250653
v 0.0336218 0.0907816 -0.0250653
v 0.03433 0.0926938 -0.0151428
v 0.0484039 0.0625326 -0.0612106
v 0.044365 0.0573149 -0.0688967
v 0.0418292 0.0671087 -0.0612106
v 0.0383389 0.0615091 -0.0688967
v 0.0348253 0.0709962 -0.0612106
v 0.0319194 0.0650722 -0.0688967
v 0.0274641 0.0741552 -0.0612106
v 0.0251724 0.0679676 -0.0688967
v 0.0448902 0.0720197 -0.0528964
v 0.0395388 0.0806053 -0.0440394
v 0.0325686 0.0879379 -0.0347305
v -6.12323e-18 7.4988e-34 0.1
v 0.00619257 0.00800015 0.0994869
v 0.00535144 0.00858559 0.0994869
v 0.0373738 0.0761917 -0.0528964
v 0.0294739 0.0795818 -0.0528964
v 0.0311812 0.0841918 -0.0440394
v -0.0251724 0.0679676 -0.0688967
v -0.0319194 0.0650722 -0.0688967
v -0.0348253 0.0709962 -0.0612106
v -0.0418292 0.0671087 -0.0612106
v -0.0448902 0.0720197 -0.0528964
v -0.051946 0.0671087 -0.0528964
v -0.0549552 0.0709962 -0.0440394
v -0.0618558 0.0650722 -0.0440394
v -0.064608 0.0679676 -0.0347305
v -0.0711527 0.0610826 -0.0347305
v -0.0734536 0.0630579 -0.0250653
v -0.0794562 0.0553032 -0.0250653
v -0.0811299 0.0564681 -0.0151428
v -0.0864264 0.0479706 -0.0151428
v -0.03433 0.0926938 -0.0151428
v -0.0336218 0.0907816 -0.0250653
v -0.0435316 0.0887451 -0.0151428
v -0.0439829 0.0896652 -0.00506492
v -0.0528285 0.0847555 -0.00506492
v -0.0528285 0.0847555 0.00506492
v -0.061132 0.0789761 0.00506492
v -0.0605047 0.0781657 0.0151428
v -0.0681022 0.0716435 0.0151428
v -0.0666973 0.0701655 0.0250653
v -0.0734536 0.0630579 0.0250653
v -0.0711527 0.0610826 0.0347305
v -0.0769673 0.0535708 0.0347305
v -0.0736885 0.0512887 0.0440394
v -0.0784992 0.0435706 0.0440394
v -0.0742009 0.0411849 0.0528964
v -0.0779868 0.0334668 0.0528964
v -0.072669 0.0311847 0.0612106
v -0.075451 0.0236729 0.0612106
v -0.0691553 0.0216976 0.0688967
v -0.0709956 0.01459 0.0688967
v -0.0638039 0.013112 0.0758758
v -0.064803 0.00658983 0.0758758
v -0.0568337 0.00577942 0.0820763
v -0.034686 0.0936549 0.00506492
v -0.034686 0.0936549 -0.00506492
v -0.0439829 0.0896652 0.00506492
v -0.03433 0.0926938 0.0151428
v -0.0435316 0.0887451 0.0151428
v -0.0522864 0.0838858 0.0151428
v -0.0325686 0.0879379 0.0347305
v -0.0336218 0.0907816 0.0250653
v -0.0412981 0.0841918 0.0347305
v -0.0426335 0.0869144 0.0250653
v -0.0496037 0.0795818 0.0347305
v -0.0512078 0.0821553 0.0250653
v -0.0574004 0.0741552 0.0347305
v -0.0592566 0.0765532 0.0250653
v -0.064608 0.0679676 0.0347305
v -0.0395388 0.0806053 0.0440394
v -0.0474906 0.0761917 0.0440394
v -0.0448902 0.0720197 0.0528964
v -0.051946 0.0671087 0.0528964
v -0.0484039 0.0625326 0.0612106
v -0.0544818 0.0573149 0.0612106
v -0.0499358 0.0525325 0.0688967
v -0.0549942 0.047211 0.0688967
v -0.0494234 0.0424286 0.0758758
v -0.0534623 0.0372108 0.0758758
v -0.0468876 0.0326347 0.0820763
v -0.0499486 0.0277238 0.0820763
v -0.0424322 0.0235518 0.0874347
v -0.0445972 0.0191382 0.0874347
v -0.0362396 0.0155517 0.0918958
v -0.037627 0.0118056 0.0918958
v -0.0274641 0.0741552 0.0612106
v -0.0294739 0.0795818 0.0528964
v -0.0348253 0.0709962 0.0612106
v -0.0251724 0.0679676 0.0688967
v -0.0319194 0.0650722 0.0688967
v -0.0383389 0.0615091 0.0688967
v -0.0286861 0.0584805 0.0758758
v -0.0344553 0.0552784 0.0758758
v -0.030218 0.0484804 0.0820763
v -0.0349677 0.0451745 0.0820763
v -0.0297056 0.0383765 0.0874347
v -0.0334357 0.0351743 0.0874347
v -0.0271698 0.0285826 0.0918958
v -0.0299221 0.0256873 0.0918958
v -0.0227144 0.0194997 0.0954139
v -0.0245706 0.0171017 0.0954139
v -0.0165218 0.0114995 0.097953
v -0.0176005 0.00976906 0.097953
v -0.00884562 0.00490972 0.0994869
v -0.00929694 0.00398963 0.0994869
v -0.0319194 0.0650722 -0.0688967
v -0.0383389 0.0615091 -0.0688967
v -0.0418292 0.0671087 -0.0612106
v -0.0484039 0.0625326 -0.0612106
v -0.051946 0.0671087 -0.0528964
v -0.0584688 0.0615091 -0.0528964
v -0.0618558 0.0650722 -0.0440394
v -0.0681216 0.0584805 -0.0440394
v -0.0711527 0.0610826 -0.0347305
v -0.0769673 0.0535708 -0.0347305
v -0.0794562 0.0553032 -0.0250653
v -0.0846435 0.046981 -0.0250653
v -0.0864264 0.0479706 -0.0151428
v -0.0908361 0.0389808 -0.0151428
v -0.0474906 0.0761917 0.0440394
v -0.0496037 0.0795818 0.0347305
v -0.0549552 0.0709962 0.0440394
v -0.0574004 0.0741552 0.0347305
v -0.0618558 0.0650722 0.0440394
v -0.064608 0.0679676 0.0347305
v -0.0681216 0.0584805 0.0440394
v -0.0349677 0.0451745 0.0820763
v -0.0344553 0.0552784 0.0758758
v -0.0398709 0.051509 0.0758758
v -0.0383389 0.0615091 0.0688967
v -0.044365 0.0573149 -0.0688967
v -0.0544818 0.0573149 -0.0612106
v -0.0643916 0.0552784 -0.0528964
v -0.0736885 0.0512887 -0.0440394
v -0.081992 0.0455093 -0.0347305
v -0.0889622 0.0381767 -0.0250653
v -0.0943136 0.0295911 -0.0151428
v -0.051946 0.0671087 0.0528964
v -0.0584688 0.0615091 0.0528964
v -0.0544818 0.0573149 0.0612106
v -0.0600008 0.051509 0.0612106
v -0.0549942 0.047211 0.0688967
v -0.0594883 0.0414051 0.0688967
v -0.0534623 0.0372108 0.0758758
v -0.0569525 0.0316112 0.0758758
v -0.0499486 0.0277238 0.0820763
v -0.0524971 0.0225283 0.0820763
v -0.0445972 0.0191382 0.0874347
v -0.0463046 0.0145282 0.0874347
v -0.037627 0.0118056 0.0918958
v -0.0386283 0.00793833 0.0918958
v -0.0549552 0.0709962 0.0440394
v -0.0618558 0.0650722 0.0440394
v -0.0334357 0.0351743 0.0874347
v -0.0349677 0.0451745 0.0820763
v -0.0393585 0.0414051 0.0820763
v -0.0398709 0.051509 0.0758758
v -0.0499358 0.0525325 -0.0688967
v -0.0600008 0.051509 -0.0612106
v -0.0544818 0.0573149 -0.0612106
v -0.0643916 0.0552784 -0.0528964
v -0.0696536 0.0484804 -0.0528964
v -0.0736885 0.0512887 -0.0440394
v -0.0784992 0.0435706 -0.0440394
v -0.081992 0.0455093 -0.0347305
v -0.0861755 0.0369808 -0.0347305
v -0.0889622 0.0381767 -0.0250653
v -0.092368 0.0289807 -0.0250653
v -0.0943136 0.0295911 -0.0151428
v -0.0968234 0.0198977 -0.0151428
v -0.0584688 0.0615091 0.0528964
v -0.0643916 0.0552784 0.0528964
v -0.0681216 0.0584805 0.0440394
v -0.0696536 0.0484804 0.0528964
v -0.0299221 0.0256873 0.0918958
v -0.0368227 0.0316112 0.0874347
v -0.0549942 0.047211 -0.0688967
v -0.064904 0.0451745 -0.0612106
v -0.0742009 0.0411849 -0.0528964
v -0.0825045 0.0354054 -0.0440394
v -0.0894746 0.0280728 -0.0347305
v -0.0948261 0.0194872 -0.0250653
v -0.0983397 0.0100002 -0.0151428
v -0.0600008 0.051509 0.0612106
v -0.064904 0.0451745 0.0612106
v -0.0594883 0.0414051 0.0688967
v -0.063372 0.0351743 0.0688967
v -0.0569525 0.0316112 0.0758758
v -0.0598584 0.0256873 0.0758758
v -0.0524971 0.0225283 0.0820763
v -0.0545069 0.0171017 0.0820763
v -0.0463046 0.0145282 0.0874347
v -0.0475368 0.00976906 0.0874347
v -0.0386283 0.00793833 0.0918958
v -0.0392333 0.00398963 0.0918958
v -0.0245706 0.0171017 0.0954139
v -0.0323673 0.0225283 0.0918958
v -0.0594883 0.0414051 -0.0688967
v -0.0691412 0.0383765 -0.0612106
v -0.0779868 0.0334668 -0.0528964
v -0.0691412 0.0383765 0.0612106
v -0.0666054 0.0285826 0.0688967
v -0.06215 0.0194997 0.0758758
v -0.0559574 0.0114995 0.0820763
v -0.0482812 0.00490972 0.0874347
v -0.0394356 4.82947e-18 0.0918958
v -0.0261747 0.0145282 0.0954139
v -0.0176005 0.00976906 0.097953
v -0.0184985 0.00793833 0.097953
v -0.00929694 0.00398963 0.0994869
v -0.00965287 0.00302861 0.0994869
v -0.0549942 0.047211 -0.0688967
v -0.064904 0.0451745 -0.0612106
v -0.0894746 0.0280728 -0.0347305
v -0.0825045 0.0354054 -0.0440394
v -0.0856631 0.026877 -0.0440394
v -0.0948261 0.0194872 -0.0250653
v -0.0918556 0.0188768 -0.0347305
v -0.0983397 0.0100002 -0.0151428
v -0.096311 0.00979387 -0.0250653
v -0.0988468 1.21052e-17 -0.0151428
v -0.0786719 -0.00800015 -0.0612106
v -0.0721074 -0.00733261 -0.0688967
v -0.0774589 -0.0159182 -0.0612106
v -0.0709956 -0.01459 -0.0688967
v -0.075451 -0.0236729 -0.0612106
v -0.0691553 -0.0216976 -0.0688967
v -0.072669 -0.0311847 -0.0612106
v -0.0666054 -0.0285826 -0.0688967
v -0.0691412 -0.0383765 -0.0612106
v -0.063372 -0.0351743 -0.0688967
v -0.0993592 -0.0101038 -0.00506492
v -0.0978273 -0.020104 0.00506492
v -0.0993592 -0.0101038 0.00506492
v -0.0968234 -0.0198977 0.0151428
v -0.0983397 -0.0100002 0.0151428
v -0.0948261 -0.0194872 0.0250653
v -0.096311 -0.00979387 0.0250653
v -0.0918556 -0.0188768 0.0347305
v -0.0932941 -0.00948708 0.0347305
v -0.0879426 -0.0180727 0.0440394
v -0.0893198 -0.00908294 0.0440394
v -0.0831272 -0.0170831 0.0528964
v -0.084429 -0.00858559 0.0528964
v -0.0774589 -0.0159182 0.0612106
v -0.0293235 -0.00602614 0.0954139
v -0.0392333 -0.00398963 0.0918958
v -0.0386283 -0.00793833 0.0918958
v -0.0482812 -0.00490972 0.0874347
v -0.00990974 -0.0020365 0.0994869
v -0.0100649 -0.0010235 0.0994869
v -0.0200266 -0.0020365 0.097953
v -0.0197178 -0.00405211 0.097953
v -0.0297827 -0.00302861 0.0954139
v -0.0786719 -0.00800015 -0.0612106
v -0.0774589 -0.0159182 -0.0612106
v -0.0831272 -0.0170831 -0.0528964
v -0.0809725 -0.0254053 -0.0528964
v -0.0856631 -0.026877 -0.0440394
v -0.0825045 -0.0354054 -0.0440394
v -0.0861755 -0.0369808 -0.0347305
v -0.081992 -0.0455093 -0.0347305
v -0.0846435 -0.046981 -0.0250653
v -0.075451 -0.0236729 -0.0612106
v -0.0978273 -0.020104 0.00506492
v -0.0943136 -0.0295911 0.0151428
v -0.0968234 -0.0198977 0.0151428
v -0.092368 -0.0289807 0.0250653
v -0.0948261 -0.0194872 0.0250653
v -0.0894746 -0.0280728 0.0347305
v -0.0918556 -0.0188768 0.0347305
v -0.0856631 -0.026877 0.0440394
v -0.0879426 -0.0180727 0.0440394
v -0.0809725 -0.0254053 0.0528964
v -0.0831272 -0.0170831 0.0528964
v -0.075451 -0.0236729 0.0612106
v -0.0774589 -0.0159182 0.0612106
v -0.0691553 -0.0216976 0.0688967
v -0.0192067 -0.00602614 0.097953
v -0.0293235 -0.00602614 0.0954139
v -0.0285634 -0.00896183 0.0954139
v -0.0386283 -0.00793833 0.0918958
v -0.00965287 -0.00302861 0.0994869
v -0.00990974 -0.0020365 0.0994869
v -0.0197178 -0.00405211 0.097953
v -0.0809725 -0.0254053 -0.0528964
v -0.0779868 -0.0334668 -0.0528964
v -0.072669 -0.0311847 -0.0612106
v -0.0742009 -0.0411849 -0.0528964
v -0.0691412 -0.0383765 -0.0612106
v -0.0889622 -0.0381767 0.0250653
v -0.0861755 -0.0369808 0.0347305
v -0.0825045 -0.0354054 0.0440394
v -0.0779868 -0.0334668 0.0528964
v -0.072669 -0.0311847 0.0612106
v -0.0666054 -0.0285826 0.0688967
v -0.0598584 -0.0256873 0.0758758
v -0.00929694 -0.00398963 0.0994869
v -0.0184985 -0.00793833 0.097953
v -0.0825045 -0.0354054 -0.0440394
v -0.0784992 -0.0435706 -0.0440394
v -0.081992 -0.0455093 -0.0347305
v -0.081992 -0.0455093 0.0347305
v -0.0784992 -0.0435706 0.0440394
v -0.0742009 -0.0411849 0.0528964
v -0.0691412 -0.0383765 0.0612106
v -0.063372 -0.0351743 0.0688967
v -0.0569525 -0.0316112 0.0758758
v -0.0499486 -0.0277238 0.0820763
v -0.00884562 -0.00490972 0.0994869
v -0.064904 -0.0451745 -0.0612106
v -0.0594883 -0.0414051 -0.0688967
v -0.0600008 -0.051509 -0.0612106
v -0.0549942 -0.047211 -0.0688967
v -0.0544818 -0.0573149 -0.0612106
v -0.0499358 -0.0525325 -0.0688967
v -0.0484039 -0.0625326 -0.0612106
v -0.044365 -0.0573149 -0.0688967
v -0.0418292 -0.0671087 -0.0612106
v -0.0696536 -0.0484804 -0.0528964
v -0.0643916 -0.0552784 -0.0528964
v -0.0584688 -0.0615091 -0.0528964
v -0.051946 -0.0671087 -0.0528964
v -0.0448902 -0.0720197 -0.0528964
v -0.0373738 -0.0761917 -0.0528964
v -0.0711527 -0.0610826 -0.0347305
v -0.0769673 -0.0535708 -0.0347305
v -0.0736885 -0.0512887 -0.0440394
v -0.0681216 -0.0584805 -0.0440394
v -0.0618558 -0.0650722 -0.0440394
v -0.0549552 -0.0709962 -0.0440394
v -0.0474906 -0.0761917 -0.0440394
v -0.0395388 -0.0806053 -0.0440394
v -0.0311812 -0.0841918 -0.0440394
v -0.0757784 -0.0650536 -0.00506492
v -0.081971 -0.0570535 -0.00506492
v -0.0811299 -0.0564681 -0.0151428
v -0.0750008 -0.0643861 -0.0151428
v -0.0734536 -0.0630579 0.0250653
v -0.0794562 -0.0553032 0.0250653
v -0.0811299 -0.0564681 0.0151428
v -0.0750008 -0.0643861 0.0151428
v -0.064608 -0.0679676 -0.0347305
v -0.0574004 -0.0741552 -0.0347305
v -0.0496037 -0.0795818 -0.0347305
v -0.0412981 -0.0841918 -0.0347305
v -0.0325686 -0.0879379 -0.0347305
v -0.0688083 -0.0723862 -0.00506492
v -0.0681022 -0.0716435 -0.0151428
v -0.061132 -0.0789761 -0.00506492
v -0.0605047 -0.0781657 -0.0151428
v -0.0528285 -0.0847555 -0.00506492
v -0.0522864 -0.0838858 -0.0151428
v -0.0439829 -0.0896652 -0.00506492
v -0.0435316 -0.0887451 -0.0151428
v -0.034686 -0.0936549 -0.00506492
v -0.03433 -0.0926938 -0.0151428
v -0.0666973 -0.0701655 0.0250653
v -0.0681022 -0.0716435 0.0151428
v -0.0592566 -0.0765532 0.0250653
v -0.0605047 -0.0781657 0.0151428
v -0.0512078 -0.0821553 0.0250653
v -0.0522864 -0.0838858 0.0151428
v -0.0426335 -0.0869144 0.0250653
v -0.0435316 -0.0887451 0.0151428
v -0.0336218 -0.0907816 0.0250653
v -0.03433 -0.0926938 0.0151428
v -0.0242651 -0.0937173 0.0250653
vn -0.994869 0 0.101168
vn -0.994869 -0 -0.101168
vn -0.954139 -0 -0.299363
vn -0.874347 -0 -0.485302
vn -0.758758 -0 -0.651372
vn -0.612106 -0 -0.790776
vn -0.440394 -0 -0.897805
vn -0.250653 2.12162e-17 -0.968077
vn -0.0506492 -2.72231e-18 -0.998717
vn 0.151428 8.47813e-18 -0.988468
vn 0.347305 -5.16477e-17 -0.937752
vn 0.528964 -1.97788e-18 -0.848644
vn 0.688967 3.70309e-17 -0.724793
vn 0.820763 0 -0.571268
vn 0.918958 0 -0.394356
vn 0.97953 0 -0.201299
vn 1 0 0
vn 0.97953 0 0.201299
vn 0.918958 0 0.394356
vn 0.820763 0 0.571268
vn 0.688967 0 0.724793
vn 0.528964 -7.49912e-18 0.848644
vn 0.347305 4.85365e-17 0.937752
vn 0.151428 0 0.988468
vn -0.0506492 0 0.998717
vn -0.250653 0 0.968077
vn -0.440394 0 0.897805
vn -0.612106 0 0.790776
vn -0.758758 0 0.651372
vn -0.874347 0 0.485302
vn -0.954139 0 0.299363
vn -0.994869 0 -0.101168
vn -0.994869 -6.39793e-18 0.101168
vn 0.97953 0 0.201299
vn 1 0 0
vn 0.97953 0 -0.201299
vn 0.918958 0 -0.394356
vn 0.820763 0 -0.571268
vn 0.688967 0 -0.724793
vn 0.528964 7.49912e-18 -0.848644
vn 0.347305 -4.85365e-17 -0.937752
vn 0.151428 0 -0.988468
vn -0.0506492 0 -0.998717
vn -0.250653 0 -0.968077
vn -0.440394 0 -0.897805
vn -0.612106 0 -0.790776
vn -0.758758 0 -0.651372
vn -0.874347 0 -0.485302
vn -0.954139 0 -0.299363
vn 0 0 -1
vn 0.24912 0.968141 0.0253331
vn 0.974327 -0.225136 0.000220031
vn 0.249124 0.96814 -0.0253334
vn 0.245215 0.966411 -0.0769368
vn 0.301715 0.948037 -0.100968
vn 0.230644 0.96458 -0.128018
vn 0.217017 0.958225 -0.186303
vn 0.22232 0.953974 -0.201263
vn 0.195784 0.953793 -0.227921
vn 0.191877 0.934758 -0.299016
vn 0.0965398 0.949353 -0.299013
vn 0.0171021 0.954032 -0.299217
vn 0 0.951123 -0.308811
vn -0.0289957 0.953716 -0.299307
vn -0.0965398 0.949353 -0.299013
vn -0.0971813 0.955662 -0.277968
vn -0.139215 0.964746 -0.22335
vn -0.218129 0.948558 -0.229471
vn -0.19638 0.955596 -0.219706
vn -0.225571 0.953212 -0.201256
vn -0.29325 0.934657 -0.201051
vn -0.297831 0.949256 -0.10104
vn -0.392338 0.914255 -0.10104
vn -0.394356 0.918958 0
vn -0.485302 0.874347 0
vn -0.482818 0.869872 0.10104
vn -0.568345 0.816563 0.10104
vn -0.559603 0.804004 0.201051
vn -0.638072 0.743265 0.201051
vn -0.621571 0.724044 0.299013
vn -0.691633 0.657446 0.299013
vn -0.666187 0.633258 0.393928
vn -0.726835 0.562612 0.393928
vn -0.691621 0.535355 0.484826
vn -0.742234 0.462638 0.484826
vn -0.696828 0.434336 0.570774
vn -0.737194 0.361611 0.570774
vn -0.681588 0.334335 0.650891
vn -0.711915 0.263664 0.650891
vn -0.646516 0.239443 0.724351
vn -0.667423 0.172808 0.724351
vn -0.593042 0.153549 0.790395
vn -0.605533 0.0927643 0.790395
vn -0.523348 0.0801739 0.848339
vn -0.528774 0.0268164 0.848339
vn -0.440284 0.0223287 0.897581
vn -0.440284 -0.0223287 0.897581
vn -0.347251 -0.0176106 0.937607
vn -0.343688 -0.0526511 0.937607
vn -0.24806 -0.0380015 0.967999
vn -0.242943 -0.0629024 0.967999
vn -0.146778 -0.0380034 0.988439
vn -0.14218 -0.0526577 0.988439
vn -0.0475572 -0.0176133 0.998713
vn 0.245198 0.966416 0.0769312
vn 0.30183 0.947998 0.100991
vn 0.297522 0.949356 0.101017
vn 0.297542 0.949347 0.101038
vn 0.392338 0.914255 0.10104
vn 0.482818 0.869872 0.10104
vn 0.568345 0.816563 0.10104
vn 0.648039 0.754875 0.10104
vn 0.721084 0.685441 0.10104
vn 0.786729 0.608973 0.10104
vn 0.844301 0.526257 0.10104
vn 0.89321 0.43814 0.10104
vn 0.932953 0.345528 0.10104
vn 0.963123 0.24937 0.10104
vn 0.98341 0.150653 0.10104
vn 0.993605 0.05039 0.10104
vn 0.993605 -0.05039 0.10104
vn 0.98341 -0.150653 0.10104
vn 0.963123 -0.24937 0.10104
vn 0.932953 -0.345528 0.10104
vn 0.89321 -0.43814 0.10104
vn 0.844301 -0.526257 0.10104
vn 0.786729 -0.608973 0.10104
vn 0.721084 -0.685441 0.10104
vn 0.648039 -0.754875 0.10104
vn 0.568345 -0.816563 0.10104
vn 0.482818 -0.869872 0.10104
vn 0.392338 -0.914255 0.10104
vn 0.297542 -0.949347 0.101038
vn 0.292967 -0.93475 0.201027
vn 0.222297 -0.953982 0.201253
vn 0.195731 -0.953808 0.227904
vn 0.169898 -0.960707 0.21949
vn 0.117648 -0.963657 0.239841
vn 0.0962878 -0.946876 0.306847
vn 0.0554287 -0.975243 0.214078
vn 0.0164955 -0.94548 0.325264
vn 0.0171021 -0.954032 0.299217
vn 0 -0.951123 0.308811
vn 0 -0.919141 0.393928
vn 0 -0.874611 0.484826
vn 0 -0.821107 0.570774
vn 0 -0.759171 0.650891
vn 0 -0.689432 0.724351
vn 0 -0.612598 0.790395
vn 0 -0.529453 0.848339
vn 0 -0.44085 0.897581
vn 0 -0.347698 0.937607
vn 0 -0.250954 0.967999
vn 0 -0.151618 0.988439
vn 0 -0.0507141 0.998713
vn 0.23062 0.964588 0.128005
vn 0.216981 0.958239 0.186272
vn 0.222297 0.953982 0.201253
vn 0.195731 0.953808 0.227904
vn 0.191824 0.934768 0.299017
vn 0.0965398 0.949353 0.299013
vn 0.092988 0.914425 0.393928
vn 0 0.919141 0.393928
vn 0 0.874611 0.484826
vn -0.0884829 0.870124 0.484826
vn -0.08307 0.816894 0.570774
vn -0.165288 0.804299 0.570774
vn -0.15282 0.743631 0.650891
vn -0.227268 0.724355 0.650891
vn -0.20639 0.657814 0.724351
vn -0.271881 0.633559 0.724351
vn -0.241581 0.562951 0.790395
vn -0.297295 0.535623 0.790395
vn -0.256945 0.462926 0.848339
vn -0.30246 0.434556 0.848339
vn -0.251844 0.361834 0.897581
vn -0.287158 0.334499 0.897581
vn -0.226481 0.263818 0.937607
vn -0.252009 0.239552 0.937607
vn -0.18189 0.172899 0.967999
vn -0.198449 0.153611 0.967999
vn -0.119896 0.0928062 0.988439
vn -0.12867 0.0802004 0.988439
vn -0.0430382 0.0268259 0.998713
vn 0.169898 0.960707 0.21949
vn 0.117648 0.963657 0.239841
vn 0.0962878 0.946876 0.306847
vn 0.0554287 0.975243 0.214078
vn 0.0164955 0.94548 0.325264
vn -0.0322726 0.977026 0.210664
vn -0.0289957 0.953716 0.299307
vn 0 0.951123 0.308811
vn 0 0.919141 0.393928
vn -0.13443 0.922052 0.362972
vn -0.0971813 0.955662 0.277968
vn -0.0965398 0.949353 0.299013
vn -0.192089 0.934715 0.299013
vn -0.185022 0.900326 0.393928
vn -0.275157 0.876989 0.393928
vn -0.261826 0.834501 0.484826
vn -0.344908 0.80373 0.484826
vn -0.323808 0.754563 0.570774
vn -0.398485 0.717932 0.570774
vn -0.368427 0.663779 0.650891
vn -0.43369 0.6231 0.650891
vn -0.39385 0.56586 0.724351
vn -0.449077 0.523112 0.724351
vn -0.399029 0.464813 0.790395
vn -0.444006 0.422059 0.790395
vn -0.383744 0.364776 0.848339
vn -0.418679 0.324082 0.848339
vn -0.348614 0.269847 0.897581
vn -0.374125 0.233194 0.897581
vn -0.295072 0.18392 0.937607
vn -0.312165 0.153124 0.937607
vn -0.225308 0.110519 0.967999
vn -0.235333 0.0871578 0.967999
vn -0.14218 0.0526577 0.988439
vn -0.146778 0.0380034 0.988439
vn -0.0490952 0.0127116 0.998713
vn -0.139215 0.964746 0.22335
vn -0.218129 0.948558 0.229471
vn -0.19638 0.955596 0.219706
vn -0.225571 0.953212 0.201256
vn -0.29325 0.934657 0.201051
vn -0.386303 0.900193 0.201051
vn -0.475393 0.856493 0.201051
vn -0.559603 0.804004 0.201051
vn -0.217954 0.964097 0.1517
vn -0.258359 0.959666 0.110871
vn -0.319637 0.942153 0.100896
vn -0.20233 0.978434 0.0415799
vn -0.658355 0.752708 0
vn -0.20233 0.978434 -0.0415799
vn -0.67591 0.677505 -0.290056
vn -0.2678 0.95815 -0.10115
vn -0.217954 0.964097 -0.1517
vn -0.13443 0.922052 -0.362972
vn -0.0322726 0.977026 -0.210664
vn 0.0164955 0.94548 -0.325264
vn 0.0554287 0.975243 -0.214078
vn 0.0962878 0.946876 -0.306847
vn 0.117648 0.963657 -0.239841
vn 0.169898 0.960707 -0.21949
vn 0.249124 -0.96814 -0.0253334
vn 0.974327 0.225136 0.000220031
vn 0.24912 -0.968141 0.0253331
vn 0.245198 -0.966416 0.0769312
vn 0.30183 -0.947998 0.100991
vn 0.23062 -0.964588 0.128005
vn 0.216981 -0.958239 0.186272
vn 0.245215 -0.966411 -0.0769368
vn 0.301715 -0.948037 -0.100968
vn 0.297533 -0.949354 -0.100995
vn 0.297574 -0.949337 -0.101038
vn 0.392338 -0.914255 -0.10104
vn 0.482818 -0.869872 -0.10104
vn 0.568345 -0.816563 -0.10104
vn 0.648039 -0.754875 -0.10104
vn 0.721084 -0.685441 -0.10104
vn 0.786729 -0.608973 -0.10104
vn 0.844301 -0.526257 -0.10104
vn 0.89321 -0.43814 -0.10104
vn 0.932953 -0.345528 -0.10104
vn 0.963123 -0.24937 -0.10104
vn 0.98341 -0.150653 -0.10104
vn 0.993605 -0.05039 -0.10104
vn 0.993605 0.05039 -0.10104
vn 0.98341 0.150653 -0.10104
vn 0.963123 0.24937 -0.10104
vn 0.932953 0.345528 -0.10104
vn 0.89321 0.43814 -0.10104
vn 0.844301 0.526257 -0.10104
vn 0.786729 0.608973 -0.10104
vn 0.721084 0.685441 -0.10104
vn 0.648039 0.754875 -0.10104
vn 0.568345 0.816563 -0.10104
vn 0.482818 0.869872 -0.10104
vn 0.392338 0.914255 -0.10104
vn 0.297574 0.949337 -0.101038
vn 0.293 0.934745 -0.201007
vn 0.230644 -0.96458 -0.128018
vn 0.217017 -0.958225 -0.186303
vn 0.22232 -0.953974 -0.201263
vn 0.195784 -0.953793 -0.227921
vn 0.191877 -0.934758 -0.299016
vn 0.0965398 -0.949353 -0.299013
vn 0.092988 -0.914425 -0.393928
vn -0 -0.919141 -0.393928
vn -0 -0.874611 -0.484826
vn -0.0884829 -0.870124 -0.484826
vn -0.08307 -0.816894 -0.570774
vn -0.165077 -0.804339 -0.570779
vn -0.165166 -0.804273 -0.570846
vn -0.205519 -0.794616 -0.571268
vn -0.205616 -0.794591 -0.571268
vn -0.245809 -0.783451 -0.570774
vn -0.227268 -0.724355 -0.650891
vn -0.299384 -0.697646 -0.650891
vn -0.287419 -0.669765 -0.684694
vn -0.283168 -0.629174 -0.723848
vn -0.361341 -0.651011 -0.667546
vn -0.351513 -0.581473 -0.733708
vn -0.429095 -0.616497 -0.660158
vn -0.417971 -0.5335 -0.735308
vn -0.487429 -0.567787 -0.663348
vn -0.484149 -0.484149 -0.728835
vn -0.533594 -0.507219 -0.676762
vn -0.551524 -0.432092 -0.713525
vn -0.565551 -0.437769 -0.698934
vn -0.614945 -0.383298 -0.689148
vn -0.644266 -0.401574 -0.650891
vn -0.696828 -0.434336 -0.570774
vn -0.742234 -0.462638 -0.484826
vn -0.780024 -0.486193 -0.393928
vn -0.809818 -0.504763 -0.299013
vn -0.831316 -0.518163 -0.201051
vn -0.844301 -0.526257 -0.10104
vn -0.848644 -0.528964 0
vn -0.844301 -0.526257 0.10104
vn -0.831316 -0.518163 0.201051
vn -0.809818 -0.504763 0.299013
vn -0.780024 -0.486193 0.393928
vn -0.742234 -0.462638 0.484826
vn -0.696828 -0.434336 0.570774
vn -0.644266 -0.401574 0.650891
vn -0.585082 -0.364685 0.724351
vn -0.519877 -0.324042 0.790395
vn -0.449318 -0.280062 0.848339
vn -0.374125 -0.233194 0.897581
vn -0.295072 -0.18392 0.937607
vn -0.212971 -0.132746 0.967999
vn -0.12867 -0.0802004 0.988439
vn -0.0430382 -0.0268259 0.998713
vn 0.169898 -0.960707 -0.21949
vn 0.117648 -0.963657 -0.239841
vn 0.0962878 -0.946876 -0.306847
vn 0.0554287 -0.975243 -0.214078
vn 0.0164955 -0.94548 -0.325264
vn -0.0322726 -0.977026 -0.210664
vn -0.0289957 -0.953716 -0.299307
vn 0 -0.951123 -0.308811
vn -0 -0.919141 -0.393928
vn -0.096289 -0.946887 -0.306812
vn -0.101095 -0.956697 -0.272965
vn -0.139215 -0.964746 -0.22335
vn -0.195408 -0.953886 -0.227852
vn -0.203877 -0.955214 -0.214478
vn -0.225085 -0.953317 -0.201305
vn -0.217111 -0.964379 -0.151114
vn -0.248083 -0.961105 -0.121372
vn -0.258359 -0.959666 -0.110871
vn -0.319637 -0.942153 -0.100896
vn -0.249282 -0.966235 -0.0651854
vn -0.249633 -0.967596 -0.0379668
vn -0.186623 -0.981683 -0.0383519
vn -0.658355 -0.752708 0
vn -0.299363 -0.954139 0
vn -0.394356 -0.918958 0
vn -0.485302 -0.874347 0
vn -0.571268 -0.820763 0
vn -0.651372 -0.758758 0
vn -0.724793 -0.688967 0
vn -0.790776 -0.612106 0
vn -0.20233 -0.978434 0.0415799
vn -0.319637 -0.942153 0.100896
vn -0.297831 -0.949256 0.10104
vn -0.392338 -0.914255 0.10104
vn -0.482818 -0.869872 0.10104
vn -0.568345 -0.816563 0.10104
vn -0.648039 -0.754875 0.10104
vn -0.721084 -0.685441 0.10104
vn -0.786729 -0.608973 0.10104
vn -0.258359 -0.959666 0.110871
vn -0.217954 -0.964097 0.1517
vn -0.225571 -0.953212 0.201256
vn -0.204191 -0.955072 0.214809
vn -0.196001 -0.953754 0.227895
vn -0.139215 -0.964746 0.22335
vn -0.101095 -0.956697 0.272965
vn -0.096289 -0.946887 0.306812
vn -0.0322726 -0.977026 0.210664
vn -0.0289957 -0.953716 0.299307
vn 0.0409623 -0.677187 -0.73467
vn 0 -0.751314 -0.659944
vn -0.0409623 -0.677187 -0.73467
vn -0.0755348 -0.742794 -0.665245
vn -0.123861 -0.675888 -0.726522
vn -0.147469 -0.717659 -0.680602
vn -0.179956 -0.695081 -0.696045
vn -0.190172 -0.73454 -0.651372
vn -0.227268 -0.724355 -0.650891
vn 0.0755348 -0.742794 -0.665245
vn 0.123861 -0.675888 -0.726522
vn 0.147482 -0.717682 -0.680575
vn 0.209728 -0.673041 -0.709246
vn 0.212536 -0.677415 -0.704228
vn 0.287419 -0.669765 -0.684694
vn 0.299384 -0.697646 -0.650891
vn 0.368427 -0.663779 -0.650891
vn 0.398485 -0.717932 -0.570774
vn 0.469072 -0.673935 -0.570774
vn 0.499637 -0.717849 -0.484826
vn 0.569697 -0.663618 -0.484826
vn 0.598703 -0.697406 -0.393928
vn 0.666187 -0.633258 -0.393928
vn 0.691633 -0.657446 -0.299013
vn 0.754597 -0.584101 -0.299013
vn 0.774629 -0.599607 -0.201051
vn 0.831316 -0.518163 -0.201051
vn 0.283168 -0.629174 -0.723848
vn 0.361341 -0.651011 -0.667546
vn 0.43369 -0.6231 -0.650891
vn 0.534847 -0.623022 -0.570774
vn 0.633912 -0.602578 -0.484826
vn 0.726835 -0.562612 -0.393928
vn 0.809818 -0.504763 -0.299013
vn 0.879472 -0.431402 -0.201051
vn 0.351513 -0.581473 -0.733708
vn 0.429095 -0.616497 -0.660158
vn 0.494503 -0.576027 -0.650891
vn 0.595133 -0.565716 -0.570774
vn 0.691621 -0.535355 -0.484826
vn 0.780024 -0.486193 -0.393928
vn 0.856729 -0.420246 -0.299013
vn 0.918604 -0.340214 -0.201051
vn 0.417971 -0.5335 -0.735308
vn 0.487429 -0.567787 -0.663348
vn 0.550242 -0.523044 -0.650891
vn 0.649312 -0.502605 -0.570774
vn 0.742234 -0.462638 -0.484826
vn 0.825209 -0.404784 -0.393928
vn 0.894849 -0.331416 -0.299013
vn 0.94831 -0.245534 -0.201051
vn 0.484149 -0.484149 -0.728835
vn 0.533594 -0.507219 -0.676762
vn 0.600334 -0.464693 -0.650891
vn 0.696828 -0.434336 -0.570774
vn 0.78523 -0.385173 -0.484826
vn 0.861927 -0.319223 -0.393928
vn 0.923787 -0.239185 -0.299013
vn 0.968285 -0.148336 -0.201051
vn 0.551524 -0.432092 -0.713525
vn 0.565551 -0.437769 -0.698934
vn 0.644266 -0.401574 -0.650891
vn 0.737194 -0.361611 -0.570774
vn 0.820168 -0.303757 -0.484826
vn 0.8898 -0.230385 -0.393928
vn 0.943245 -0.1445 -0.299013
vn 0.978324 -0.049615 -0.201051
vn 0.614945 -0.383298 -0.689148
vn 0.593178 -0.358589 -0.720801
vn 0.6663 -0.326836 -0.67024
vn 0.62087 -0.279431 -0.73242
vn 0.703842 -0.260674 -0.660799
vn 0.646715 -0.201525 -0.735627
vn 0.725694 -0.187895 -0.661864
vn 0.671413 -0.123041 -0.730798
vn 0.730828 -0.111959 -0.673317
vn 0.695426 -0.0420655 -0.717365
vn 0.719146 -0.036471 -0.693901
vn 0.719146 0.036471 -0.693901
vn 0.758197 0.0384514 -0.650891
vn 0.750417 0.11496 -0.650891
vn 0.811638 0.124338 -0.570774
vn 0.794895 0.205813 -0.570774
vn 0.846691 0.219223 -0.484826
vn 0.820168 0.303757 -0.484826
vn 0.861927 0.319223 -0.393928
vn 0.825209 0.404784 -0.393928
vn 0.856729 0.420246 -0.299013
vn 0.809818 0.504763 -0.299013
vn 0.831316 0.518163 -0.201051
vn 0.774629 0.599607 -0.201051
vn 0.695426 0.0420655 -0.717365
vn 0.730828 0.111959 -0.673317
vn 0.734936 0.190288 -0.650891
vn 0.769995 0.285175 -0.570774
vn 0.78523 0.385173 -0.484826
vn 0.780024 0.486193 -0.393928
vn 0.754597 0.584101 -0.299013
vn 0.709993 0.674899 -0.201051
vn 0.671413 0.123041 -0.730798
vn 0.725694 0.187895 -0.661864
vn 0.711915 0.263664 -0.650891
vn 0.737194 0.361611 -0.570774
vn 0.742234 0.462638 -0.484826
vn 0.726835 0.562612 -0.393928
vn 0.691633 0.657446 -0.299013
vn 0.638072 0.743265 -0.201051
vn 0.646715 0.201525 -0.735627
vn 0.703842 0.260674 -0.660799
vn 0.681588 0.334335 -0.650891
vn 0.696828 0.434336 -0.570774
vn 0.691621 0.535355 -0.484826
vn 0.666187 0.633258 -0.393928
vn 0.621571 0.724044 -0.299013
vn 0.559603 0.804004 -0.201051
vn 0.62087 0.279431 -0.73242
vn 0.6663 0.326836 -0.67024
vn 0.644266 0.401574 -0.650891
vn 0.649312 0.502605 -0.570774
vn 0.633912 0.602578 -0.484826
vn 0.598703 0.697406 -0.393928
vn 0.545132 0.783213 -0.299013
vn 0.475393 0.856493 -0.201051
vn 0.593178 0.358589 -0.720801
vn 0.614945 0.383298 -0.689148
vn 0.600334 0.464693 -0.650891
vn 0.595133 0.565716 -0.570774
vn 0.569697 0.663618 -0.484826
vn 0.525076 0.754397 -0.393928
vn 0.463099 0.834344 -0.299013
vn 0.386303 0.900193 -0.201051
vn 0.565551 0.437769 -0.698934
vn 0.551524 0.432092 -0.713525
vn 0.533594 0.507219 -0.676762
vn 0.484149 0.484149 -0.728835
vn 0.487429 0.567787 -0.663348
vn 0.417971 0.5335 -0.735308
vn 0.429095 0.616497 -0.660158
vn 0.351513 0.581473 -0.733708
vn 0.361341 0.651011 -0.667546
vn 0.283168 0.629174 -0.723848
vn 0.287419 0.669765 -0.684694
vn 0.212536 0.677415 -0.704228
vn 0.227263 0.724357 -0.650891
vn 0.227236 0.724383 -0.650871
vn 0.24577 0.783464 -0.570773
vn 0.24574 0.783491 -0.570749
vn 0.261748 0.834526 -0.484824
vn 0.261716 0.834553 -0.484794
vn 0.275036 0.877028 -0.393926
vn 0.275001 0.877054 -0.393892
vn 0.285501 0.910539 -0.299011
vn 0.285464 0.910563 -0.298972
vn 0.293039 0.934723 -0.201048
vn 0.209728 0.673041 -0.709246
vn 0.147482 0.717682 -0.680575
vn 0.152812 0.743615 -0.650911
vn 0.152782 0.743638 -0.650892
vn 0.165243 0.80429 -0.5708
vn 0.165211 0.804313 -0.570776
vn 0.175973 0.856707 -0.484858
vn 0.175939 0.856731 -0.484828
vn 0.184894 0.900336 -0.393965
vn 0.184857 0.900359 -0.393931
vn 0.191915 0.934738 -0.299054
vn 0.123861 0.675888 -0.726522
vn 0.0755348 0.742794 -0.665245
vn 0.0768041 0.755276 -0.650891
vn 0 0.759171 -0.650891
vn 0 0.821107 -0.570774
vn -0.08307 0.816894 -0.570774
vn -0.0884829 0.870124 -0.484826
vn -0.176058 0.856708 -0.484826
vn -0.185022 0.900326 -0.393928
vn -0.275157 0.876989 -0.393928
vn -0.285667 0.910486 -0.299013
vn -0.376314 0.876915 -0.299013
vn -0.386303 0.900193 -0.201051
vn -0.475393 0.856493 -0.201051
vn -0.482818 0.869872 -0.10104
vn -0.568345 0.816563 -0.10104
vn -0.571268 0.820763 0
vn -0.651372 0.758758 0
vn -0.648039 0.754875 0.10104
vn -0.721084 0.685441 0.10104
vn -0.709993 0.674899 0.201051
vn -0.774629 0.599607 0.201051
vn -0.754597 0.584101 0.299013
vn -0.809818 0.504763 0.299013
vn -0.780024 0.486193 0.393928
vn -0.825209 0.404784 0.393928
vn -0.78523 0.385173 0.484826
vn -0.820168 0.303757 0.484826
vn -0.769995 0.285175 0.570774
vn -0.794895 0.205813 0.570774
vn -0.734936 0.190288 0.650891
vn -0.750417 0.11496 0.650891
vn -0.681481 0.104399 0.724351
vn -0.688547 0.0349191 0.724351
vn -0.611811 0.0310276 0.790395
vn -0.611811 -0.0310276 0.790395
vn -0.528774 -0.0268164 0.848339
vn -0.523348 -0.0801739 0.848339
vn -0.435766 -0.066757 0.897581
vn -0.426777 -0.1105 0.897581
vn -0.336598 -0.0871513 0.937607
vn -0.326054 -0.120757 0.937607
vn -0.235333 -0.0871578 0.967999
vn -0.225308 -0.110519 0.967999
vn -0.136123 -0.0667716 0.988439
vn 0.0409623 0.677187 -0.73467
vn 0 0.751314 -0.659944
vn 0 0.759171 -0.650891
vn -0.0768041 0.755276 -0.650891
vn -0.08307 0.816894 -0.570774
vn -0.165288 0.804299 -0.570774
vn -0.176058 0.856708 -0.484826
vn -0.261826 0.834501 -0.484826
vn -0.275157 0.876989 -0.393928
vn -0.362469 0.844652 -0.393928
vn -0.376314 0.876915 -0.299013
vn -0.463099 0.834344 -0.299013
vn -0.475393 0.856493 -0.201051
vn -0.559603 0.804004 -0.201051
vn -0.568345 0.816563 -0.10104
vn -0.648039 0.754875 -0.10104
vn -0.651372 0.758758 0
vn -0.724793 0.688967 0
vn -0.721084 0.685441 0.10104
vn -0.786729 0.608973 0.10104
vn -0.774629 0.599607 0.201051
vn -0.831316 0.518163 0.201051
vn -0.809818 0.504763 0.299013
vn -0.856729 0.420246 0.299013
vn -0.825209 0.404784 0.393928
vn -0.861927 0.319223 0.393928
vn -0.820168 0.303757 0.484826
vn -0.846691 0.219223 0.484826
vn -0.794895 0.205813 0.570774
vn -0.811638 0.124338 0.570774
vn -0.750417 0.11496 0.650891
vn -0.758197 0.0384514 0.650891
vn -0.688547 0.0349191 0.724351
vn -0.688547 -0.0349191 0.724351
vn -0.611811 -0.0310276 0.790395
vn -0.605533 -0.0927643 0.790395
vn -0.523348 -0.0801739 0.848339
vn -0.512552 -0.132709 0.848339
vn -0.426777 -0.1105 0.897581
vn -0.413408 -0.15311 0.897581
vn -0.326054 -0.120757 0.937607
vn -0.312165 -0.153124 0.937607
vn -0.225308 -0.110519 0.967999
vn -0.0409623 0.677187 -0.73467
vn -0.0755348 0.742794 -0.665245
vn -0.0768041 0.755276 -0.650891
vn -0.15282 0.743631 -0.650891
vn -0.165288 0.804299 -0.570774
vn -0.245809 0.783451 -0.570774
vn -0.261826 0.834501 -0.484826
vn -0.344908 0.80373 -0.484826
vn -0.362469 0.844652 -0.393928
vn -0.446061 0.803648 -0.393928
vn -0.463099 0.834344 -0.299013
vn -0.545132 0.783213 -0.299013
vn -0.559603 0.804004 -0.201051
vn -0.638072 0.743265 -0.201051
vn -0.648039 0.754875 -0.10104
vn -0.721084 0.685441 -0.10104
vn -0.724793 0.688967 0
vn -0.790776 0.612106 0
vn -0.786729 0.608973 0.10104
vn -0.844301 0.526257 0.10104
vn -0.831316 0.518163 0.201051
vn -0.879472 0.431402 0.201051
vn -0.856729 0.420246 0.299013
vn -0.894849 0.331416 0.299013
vn -0.861927 0.319223 0.393928
vn -0.8898 0.230385 0.393928
vn -0.846691 0.219223 0.484826
vn -0.864525 0.13244 0.484826
vn -0.811638 0.124338 0.570774
vn -0.820053 0.0415884 0.570774
vn -0.758197 0.0384514 0.650891
vn -0.758197 -0.0384514 0.650891
vn -0.688547 -0.0349191 0.724351
vn -0.681481 -0.104399 0.724351
vn -0.605533 -0.0927643 0.790395
vn -0.593042 -0.153549 0.790395
vn -0.512552 -0.132709 0.848339
vn -0.496496 -0.183882 0.848339
vn -0.413408 -0.15311 0.897581
vn -0.395797 -0.194148 0.897581
vn -0.312165 -0.153124 0.937607
vn -0.123861 0.675888 -0.726522
vn -0.14749 0.717695 -0.68056
vn -0.15282 0.743631 -0.650891
vn -0.227268 0.724355 -0.650891
vn -0.245809 0.783451 -0.570774
vn -0.323808 0.754563 -0.570774
vn -0.344908 0.80373 -0.484826
vn -0.42445 0.764713 -0.484826
vn -0.446061 0.803648 -0.393928
vn -0.525076 0.754397 -0.393928
vn -0.545132 0.783213 -0.299013
vn -0.621571 0.724044 -0.299013
vn -0.638072 0.743265 -0.201051
vn -0.709993 0.674899 -0.201051
vn -0.721084 0.685441 -0.10104
vn -0.786729 0.608973 -0.10104
vn -0.790776 0.612106 0
vn -0.848644 0.528964 0
vn -0.844301 0.526257 0.10104
vn -0.89321 0.43814 0.10104
vn -0.879472 0.431402 0.201051
vn -0.918604 0.340214 0.201051
vn -0.894849 0.331416 0.299013
vn -0.923787 0.239185 0.299013
vn -0.8898 0.230385 0.393928
vn -0.908542 0.139184 0.393928
vn -0.864525 0.13244 0.484826
vn -0.873488 0.0442983 0.484826
vn -0.820053 0.0415884 0.570774
vn -0.820053 -0.0415884 0.570774
vn -0.758197 -0.0384514 0.650891
vn -0.750417 -0.11496 0.650891
vn -0.681481 -0.104399 0.724351
vn -0.667423 -0.172808 0.724351
vn -0.593042 -0.153549 0.790395
vn -0.574465 -0.212758 0.790395
vn -0.496496 -0.183882 0.848339
vn -0.475346 -0.233168 0.848339
vn -0.395797 -0.194148 0.897581
vn -0.209724 0.673027 -0.709261
vn -0.21254 0.677415 -0.704227
vn -0.227268 0.724355 -0.650891
vn -0.299384 0.697646 -0.650891
vn -0.323808 0.754563 -0.570774
vn -0.398485 0.717932 -0.570774
vn -0.42445 0.764713 -0.484826
vn -0.499637 0.717849 -0.484826
vn -0.525076 0.754397 -0.393928
vn -0.598703 0.697406 -0.393928
vn -0.621571 0.724044 -0.299013
vn -0.691633 0.657446 -0.299013
vn -0.709993 0.674899 -0.201051
vn -0.774629 0.599607 -0.201051
vn -0.786729 0.608973 -0.10104
vn -0.844301 0.526257 -0.10104
vn -0.848644 0.528964 0
vn -0.897805 0.440394 0
vn -0.89321 0.43814 0.10104
vn -0.932953 0.345528 0.10104
vn -0.918604 0.340214 0.201051
vn -0.94831 0.245534 0.201051
vn -0.923787 0.239185 0.299013
vn -0.943245 0.1445 0.299013
vn -0.908542 0.139184 0.393928
vn -0.917961 0.0465537 0.393928
vn -0.873488 0.0442983 0.484826
vn -0.873488 -0.0442983 0.484826
vn -0.820053 -0.0415884 0.570774
vn -0.811638 -0.124338 0.570774
vn -0.750417 -0.11496 0.650891
vn -0.734936 -0.190288 0.650891
vn -0.667423 -0.172808 0.724351
vn -0.646516 -0.239443 0.724351
vn -0.574465 -0.212758 0.790395
vn -0.549993 -0.269784 0.790395
vn -0.475346 -0.233168 0.848339
vn -0.287419 0.669765 -0.684694
vn -0.283168 0.629174 -0.723848
vn -0.361341 0.651011 -0.667546
vn -0.351513 0.581473 -0.733708
vn -0.429095 0.616497 -0.660158
vn -0.417971 0.5335 -0.735308
vn -0.487429 0.567787 -0.663348
vn -0.484149 0.484149 -0.728835
vn -0.533594 0.507219 -0.676762
vn -0.551524 0.432092 -0.713525
vn -0.565551 0.437769 -0.698934
vn -0.614945 0.383298 -0.689148
vn -0.644266 0.401574 -0.650891
vn -0.681588 0.334335 -0.650891
vn -0.737194 0.361611 -0.570774
vn -0.769995 0.285175 -0.570774
vn -0.820168 0.303757 -0.484826
vn -0.846691 0.219223 -0.484826
vn -0.8898 0.230385 -0.393928
vn -0.908542 0.139184 -0.393928
vn -0.943245 0.1445 -0.299013
vn -0.953024 0.0483319 -0.299013
vn -0.978324 0.049615 -0.201051
vn -0.978324 -0.049615 -0.201051
vn -0.993605 -0.05039 -0.10104
vn -0.98341 -0.150653 -0.10104
vn -0.988468 -0.151428 0
vn -0.968077 -0.250653 -0
vn -0.963123 -0.24937 0.10104
vn -0.932953 -0.345528 0.10104
vn -0.918604 -0.340214 0.201051
vn -0.879472 -0.431402 0.201051
vn -0.856729 -0.420246 0.299013
vn -0.593178 0.358589 -0.720801
vn -0.6663 0.326836 -0.67024
vn -0.681588 0.334335 -0.650891
vn -0.711915 0.263664 -0.650891
vn -0.769995 0.285175 -0.570774
vn -0.794895 0.205813 -0.570774
vn -0.846691 0.219223 -0.484826
vn -0.864525 0.13244 -0.484826
vn -0.908542 0.139184 -0.393928
vn -0.917961 0.0465537 -0.393928
vn -0.953024 0.0483319 -0.299013
vn -0.953024 -0.0483319 -0.299013
vn -0.978324 -0.049615 -0.201051
vn -0.968285 -0.148336 -0.201051
vn -0.98341 -0.150653 -0.10104
vn -0.963123 -0.24937 -0.10104
vn -0.968077 -0.250653 0
vn -0.937752 -0.347305 -0
vn -0.932953 -0.345528 0.10104
vn -0.89321 -0.43814 0.10104
vn -0.879472 -0.431402 0.201051
vn -0.62087 0.279431 -0.73242
vn -0.703842 0.260674 -0.660799
vn -0.711915 0.263664 -0.650891
vn -0.734936 0.190288 -0.650891
vn -0.794895 0.205813 -0.570774
vn -0.811638 0.124338 -0.570774
vn -0.864525 0.13244 -0.484826
vn -0.873488 0.0442983 -0.484826
vn -0.917961 0.0465537 -0.393928
vn -0.917961 -0.0465537 -0.393928
vn -0.953024 -0.0483319 -0.299013
vn -0.943245 -0.1445 -0.299013
vn -0.968285 -0.148336 -0.201051
vn -0.94831 -0.245534 -0.201051
vn -0.963123 -0.24937 -0.10104
vn -0.932953 -0.345528 -0.10104
vn -0.937752 -0.347305 0
vn -0.897805 -0.440394 -0
vn -0.89321 -0.43814 0.10104
vn -0.646715 0.201525 -0.735627
vn -0.725694 0.187895 -0.661864
vn -0.734936 0.190288 -0.650891
vn -0.750417 0.11496 -0.650891
vn -0.811638 0.124338 -0.570774
vn -0.820053 0.0415884 -0.570774
vn -0.873488 0.0442983 -0.484826
vn -0.873488 -0.0442983 -0.484826
vn -0.917961 -0.0465537 -0.393928
vn -0.908542 -0.139184 -0.393928
vn -0.943245 -0.1445 -0.299013
vn -0.923787 -0.239185 -0.299013
vn -0.94831 -0.245534 -0.201051
vn -0.918604 -0.340214 -0.201051
vn -0.932953 -0.345528 -0.10104
vn -0.89321 -0.43814 -0.10104
vn -0.897805 -0.440394 0
vn -0.671413 0.123041 -0.730798
vn -0.730828 0.111959 -0.673317
vn -0.750417 0.11496 -0.650891
vn -0.758197 0.0384514 -0.650891
vn -0.820053 0.0415884 -0.570774
vn -0.820053 -0.0415884 -0.570774
vn -0.873488 -0.0442983 -0.484826
vn -0.864525 -0.13244 -0.484826
vn -0.908542 -0.139184 -0.393928
vn -0.8898 -0.230385 -0.393928
vn -0.923787 -0.239185 -0.299013
vn -0.894849 -0.331416 -0.299013
vn -0.918604 -0.340214 -0.201051
vn -0.879472 -0.431402 -0.201051
vn -0.89321 -0.43814 -0.10104
vn -0.695426 0.0420655 -0.717365
vn -0.719146 0.036471 -0.693901
vn -0.758197 -0.0384514 -0.650891
vn -0.811638 -0.124338 -0.570774
vn -0.846691 -0.219223 -0.484826
vn -0.861927 -0.319223 -0.393928
vn -0.856729 -0.420246 -0.299013
vn -0.719146 -0.036471 -0.693901
vn -0.695426 -0.0420655 -0.717365
vn -0.730828 -0.111959 -0.673317
vn -0.671413 -0.123041 -0.730798
vn -0.725694 -0.187895 -0.661864
vn -0.646715 -0.201525 -0.735627
vn -0.703842 -0.260674 -0.660799
vn -0.62087 -0.279431 -0.73242
vn -0.6663 -0.326836 -0.67024
vn -0.593178 -0.358589 -0.720801
vn -0.21254 -0.677415 -0.704227
vn -0.209724 -0.673027 -0.709261
vn -0.050649 0.00256863 0.998713
vn -0.0501293 0.00767952 0.998713
vn -0.0475572 0.0176133 0.998713
vn -0.0455313 0.0223342 0.998713
vn -0.0401035 0.0310424 0.998713
vn -0.0367572 0.0349403 0.998713
vn -0.0330338 0.0384797 0.998713
vn -0.0289713 0.0416243 0.998713
vn -0.0246116 0.0443417 0.998713
vn -0.0199994 0.0466041 0.998713
vn -0.0151819 0.0483883 0.998713
vn -0.0102087 0.049676 0.998713
vn -0.00513066 0.0504539 0.998713
vn 0 0.0507141 0.998713
vn 0.00513066 0.0504539 0.998713
vn 0.0102076 0.0496761 0.998713
vn 0.0151809 0.0483887 0.998713
vn 0.0199994 0.0466041 0.998713
vn 0.0246116 0.0443417 0.998713
vn 0.0330338 0.0384797 0.998713
vn 0.0367572 0.0349403 0.998713
vn 0.0401035 0.0310424 0.998713
vn 0.0430382 0.0268259 0.998713
vn 0.0455313 0.0223342 0.998713
vn 0.0475572 0.0176133 0.998713
vn 0.0490952 0.0127116 0.998713
vn 0.0501293 0.00767952 0.998713
vn 0.050649 0.00256863 0.998713
vn 0.050649 -0.00256863 0.998713
vn 0.0501293 -0.00767952 0.998713
vn 0.0490952 -0.0127116 0.998713
vn 0.0475572 -0.0176133 0.998713
vn 0.0455313 -0.0223342 0.998713
vn 0.0430382 -0.0268259 0.998713
vn 0.0401035 -0.0310424 0.998713
vn 0.0367572 -0.0349403 0.998713
vn 0.0330338 -0.0384797 0.998713
vn 0.0289713 -0.0416243 0.998713
vn 0.0246116 -0.0443417 0.998713
vn 0.0151809 -0.0483887 0.998713
vn -0.00513066 -0.0504539 0.998713
vn -0.0102087 -0.049676 0.998713
vn -0.0151819 -0.0483883 0.998713
vn -0.0199994 -0.0466041 0.998713
vn -0.0246116 -0.0443417 0.998713
vn -0.0289713 -0.0416243 0.998713
vn -0.0330338 -0.0384797 0.998713
vn -0.0367572 -0.0349403 0.998713
vn -0.0401035 -0.0310424 0.998713
vn -0.0455313 -0.0223342 0.998713
vn -0.0490952 -0.0127116 0.998713
vn -0.0501293 -0.00767952 0.998713
vn -0.050649 -0.00256863 0.998713
vn -0.758197 -0.0384514 -0.650891
vn -0.993605 0.05039 -0.10104
vn -0.98341 0.150653 -0.10104
vn -0.963123 0.24937 -0.10104
vn -0.932953 0.345528 -0.10104
vn -0.89321 0.43814 -0.10104
vn -0.844301 0.526257 -0.10104
vn -0.998717 0.0506492 0
vn -0.988468 0.151428 0
vn -0.968077 0.250653 0
vn -0.937752 0.347305 0
vn -0.897805 0.440394 0
vn -0.993605 -0.05039 -0.10104
vn -0.998717 -0.0506492 0
vn -0.993605 -0.05039 0.10104
vn -0.978324 -0.049615 0.201051
vn -0.953024 -0.0483319 0.299013
vn -0.917961 -0.0465537 0.393928
vn -0.873488 -0.0442983 0.484826
vn -0.993605 0.05039 0.10104
vn -0.98341 0.150653 0.10104
vn -0.963123 0.24937 0.10104
vn -0.932953 0.345528 0.10104
vn -0.978324 0.049615 0.201051
vn -0.968285 0.148336 0.201051
vn -0.94831 0.245534 0.201051
vn -0.953024 0.0483319 0.299013
vn -0.943245 0.1445 0.299013
vn -0.917961 0.0465537 0.393928
vn -0.611811 0.0310276 0.790395
vn -0.528774 0.0268164 0.848339
vn -0.440284 -0.0223287 0.897581
vn -0.528774 -0.0268164 0.848339
vn -0.347251 0.0176106 0.937607
vn -0.343688 0.0526511 0.937607
vn -0.336598 0.0871513 0.937607
vn -0.326054 0.120757 0.937607
vn -0.312165 0.153124 0.937607
vn -0.250632 0.0127106 0.967999
vn -0.24806 0.0380015 0.967999
vn -0.242943 0.0629024 0.967999
vn -0.235333 0.0871578 0.967999
vn -0.347251 -0.0176106 0.937607
vn -0.250632 -0.0127106 0.967999
vn -0.151423 -0.00767932 0.988439
vn -0.151423 0.00767932 0.988439
vn -0.14987 0.0229592 0.988439
vn -0.146778 0.0380034 0.988439
vn 0.0102076 -0.0496761 0.998713
vn 0.0305171 -0.148514 0.988439
vn 0.0453827 -0.144667 0.988439
vn 0.0751162 -0.239449 0.967999
vn 0.0989653 -0.230616 0.967999
vn 0.121789 -0.219421 0.967999
vn 0.143362 -0.205974 0.967999
vn 0.163465 -0.190414 0.967999
vn 0.18189 -0.172899 0.967999
vn 0.198449 -0.153611 0.967999
vn 0.212971 -0.132746 0.967999
vn 0.225308 -0.110519 0.967999
vn 0.235333 -0.0871578 0.967999
vn 0.242943 -0.0629024 0.967999
vn 0.24806 -0.0380015 0.967999
vn 0.250632 -0.0127106 0.967999
vn 0.250632 0.0127106 0.967999
vn 0.24806 0.0380015 0.967999
vn 0.242943 0.0629024 0.967999
vn 0.235333 0.0871578 0.967999
vn 0.225308 0.110519 0.967999
vn 0.212971 0.132746 0.967999
vn 0.198449 0.153611 0.967999
vn 0.18189 0.172899 0.967999
vn 0.163465 0.190414 0.967999
vn 0.143362 0.205974 0.967999
vn 0.121789 0.219421 0.967999
vn 0.0989653 0.230616 0.967999
vn 0.0751162 0.239449 0.967999
vn 0.0505056 0.245817 0.967999
vn 0.0253886 0.249667 0.967999
vn 0 0.250954 0.967999
vn -0.0253886 0.249667 0.967999
vn -0.0505167 0.245817 0.967999
vn -0.0751265 0.239445 0.967999
vn -0.0989653 0.230616 0.967999
vn -0.121789 0.219421 0.967999
vn -0.143362 0.205974 0.967999
vn -0.163465 0.190414 0.967999
vn -0.18189 0.172899 0.967999
vn 0.0305171 0.148514 0.988439
vn 0.0153389 0.15084 0.988439
vn 0 0.151618 0.988439
vn -0.0153389 0.15084 0.988439
vn -0.0305205 0.148514 0.988439
vn -0.0453888 0.144665 0.988439
vn -0.0597914 0.13933 0.988439
vn -0.0735805 0.132567 0.988439
vn -0.0866145 0.124442 0.988439
vn -0.0987597 0.115041 0.988439
vn -0.109892 0.10446 0.988439
vn -0.119896 0.0928062 0.988439
vn 0.0453827 0.144667 0.988439
vn 0.0597914 0.13933 0.988439
vn 0.0735805 0.132567 0.988439
vn 0.0866145 0.124442 0.988439
vn 0.0987597 0.115041 0.988439
vn 0.109892 0.10446 0.988439
vn 0.119896 0.0928062 0.988439
vn 0.12867 0.0802004 0.988439
vn 0.136123 0.0667716 0.988439
vn 0.14218 0.0526577 0.988439
vn 0.146778 0.0380034 0.988439
vn 0.14987 0.0229592 0.988439
vn 0.151423 0.00767932 0.988439
vn 0.151423 -0.00767932 0.988439
vn 0.14987 -0.0229592 0.988439
vn 0.146778 -0.0380034 0.988439
vn 0.14218 -0.0526577 0.988439
vn 0.136123 -0.0667716 0.988439
vn 0.12867 -0.0802004 0.988439
vn 0.119896 -0.0928062 0.988439
vn 0.109892 -0.10446 0.988439
vn 0.0987597 -0.115041 0.988439
vn 0.0866145 -0.124442 0.988439
vn 0.0735805 -0.132567 0.988439
vn 0.0597914 -0.13933 0.988439
vn 0.0453857 -0.144666 0.988439
vn 0.069968 0.340581 0.937608
vn 0.035176 0.345914 0.937607
vn 0 0.347698 0.937607
vn -0.035176 0.345914 0.937607
vn -0.069991 0.34058 0.937607
vn -0.104088 0.331752 0.937607
vn -0.137117 0.319519 0.937607
vn -0.168738 0.304008 0.937607
vn -0.198629 0.285378 0.937607
vn -0.226481 0.263818 0.937607
vn 0.0887038 0.431828 0.897584
vn 0.0886952 0.431834 0.897582
vn 0.0446001 0.438588 0.897581
vn 0 0.44085 0.897581
vn -0.0446001 0.438588 0.897581
vn -0.0887425 0.431826 0.897581
vn -0.131974 0.420632 0.897581
vn -0.173852 0.405123 0.897581
vn -0.213945 0.385456 0.897581
vn -0.251844 0.361834 0.897581
vn 0.10406 0.331764 0.937605
vn 0.137117 0.319519 0.937607
vn 0.168738 0.304008 0.937607
vn 0.198629 0.285378 0.937607
vn 0.226481 0.263818 0.937607
vn 0.252009 0.239552 0.937607
vn 0.274951 0.212828 0.937607
vn 0.295072 0.18392 0.937607
vn 0.312165 0.153124 0.937607
vn 0.326054 0.120757 0.937607
vn 0.336598 0.0871513 0.937607
vn 0.343688 0.0526511 0.937607
vn 0.347251 0.0176106 0.937607
vn 0.347251 -0.0176106 0.937607
vn 0.343688 -0.0526511 0.937607
vn 0.336598 -0.0871513 0.937607
vn 0.326054 -0.120757 0.937607
vn 0.312165 -0.153124 0.937607
vn 0.295072 -0.18392 0.937607
vn 0.274951 -0.212828 0.937607
vn 0.252009 -0.239552 0.937607
vn 0.226481 -0.263818 0.937607
vn 0.198629 -0.285378 0.937607
vn 0.168738 -0.304008 0.937607
vn 0.137117 -0.319519 0.937607
vn 0.104067 -0.33176 0.937606
vn 0.0751114 -0.239452 0.967998
vn 0.0505056 -0.245817 0.967999
vn 0.0305139 -0.148515 0.988439
vn 0.0153389 -0.15084 0.988439
vn 0.10652 0.518619 0.848344
vn 0.10651 0.518627 0.848341
vn 0.0535639 0.526737 0.848339
vn 0 0.529453 0.848339
vn -0.0535639 0.526737 0.848339
vn -0.106578 0.518615 0.848339
vn -0.158499 0.505172 0.848339
vn -0.208793 0.486545 0.848339
vn -0.256945 0.462926 0.848339
vn 0.13193 0.420652 0.897578
vn 0.131938 0.420645 0.89758
vn 0.173852 0.405123 0.897581
vn 0.213945 0.385456 0.897581
vn 0.251844 0.361834 0.897581
vn 0.287158 0.334499 0.897581
vn 0.319525 0.303731 0.897581
vn 0.348614 0.269847 0.897581
vn 0.374125 0.233194 0.897581
vn 0.395797 0.194148 0.897581
vn 0.413408 0.15311 0.897581
vn 0.426777 0.1105 0.897581
vn 0.435766 0.066757 0.897581
vn 0.440284 0.0223287 0.897581
vn 0.440284 -0.0223287 0.897581
vn 0.435766 -0.066757 0.897581
vn 0.426777 -0.1105 0.897581
vn 0.413408 -0.15311 0.897581
vn 0.395797 -0.194148 0.897581
vn 0.374125 -0.233194 0.897581
vn 0.348614 -0.269847 0.897581
vn 0.319525 -0.303731 0.897581
vn 0.287158 -0.334499 0.897581
vn 0.251844 -0.361834 0.897581
vn 0.213945 -0.385456 0.897581
vn 0.173852 -0.405123 0.897581
vn 0.131938 -0.420645 0.89758
vn 0.10406 -0.331764 0.937605
vn 0.069968 -0.340581 0.937608
vn 0.0505006 -0.24582 0.967999
vn 0.0253886 -0.249667 0.967999
vn 0.123235 0.600065 0.790402
vn 0.123223 0.600074 0.790397
vn 0.0619755 0.609455 0.790395
vn 0 0.612598 0.790395
vn -0.0619755 0.609455 0.790395
vn -0.123315 0.600058 0.790395
vn -0.183389 0.584503 0.790395
vn -0.241581 0.562951 0.790395
vn 0.158435 0.5052 0.848335
vn 0.158445 0.505191 0.848338
vn 0.208793 0.486545 0.848339
vn 0.256945 0.462926 0.848339
vn 0.30246 0.434556 0.848339
vn 0.344871 0.401727 0.848339
vn 0.383744 0.364776 0.848339
vn 0.418679 0.324082 0.848339
vn 0.449318 0.280062 0.848339
vn 0.475346 0.233168 0.848339
vn 0.496496 0.183882 0.848339
vn 0.512552 0.132709 0.848339
vn 0.523348 0.0801739 0.848339
vn 0.528774 0.0268164 0.848339
vn 0.528774 -0.0268164 0.848339
vn 0.523348 -0.0801739 0.848339
vn 0.512552 -0.132709 0.848339
vn 0.496496 -0.183882 0.848339
vn 0.475346 -0.233168 0.848339
vn 0.449318 -0.280062 0.848339
vn 0.418679 -0.324082 0.848339
vn 0.383744 -0.364776 0.848339
vn 0.344871 -0.401727 0.848339
vn 0.30246 -0.434556 0.848339
vn 0.256945 -0.462926 0.848339
vn 0.208793 -0.486545 0.848339
vn 0.158445 -0.505191 0.848338
vn 0.13193 -0.420652 0.897578
vn 0.0887038 -0.431828 0.897584
vn 0.0699611 -0.340585 0.937607
vn 0.035176 -0.345914 0.937607
vn 0.138677 0.67533 0.724361
vn 0.138663 0.67534 0.724354
vn 0.0697486 0.685894 0.724351
vn 0 0.689432 0.724351
vn -0.0697486 0.685894 0.724351
vn -0.138782 0.675319 0.724351
vn -0.20639 0.657814 0.724351
vn 0.183303 0.58454 0.790388
vn 0.183314 0.58453 0.790393
vn 0.241581 0.562951 0.790395
vn 0.297295 0.535623 0.790395
vn 0.349957 0.502798 0.790395
vn 0.399029 0.464813 0.790395
vn 0.444006 0.422059 0.790395
vn 0.484427 0.374975 0.790395
vn 0.519877 0.324042 0.790395
vn 0.549993 0.269784 0.790395
vn 0.574465 0.212758 0.790395
vn 0.593042 0.153549 0.790395
vn 0.605533 0.0927643 0.790395
vn 0.611811 0.0310276 0.790395
vn 0.611811 -0.0310276 0.790395
vn 0.605533 -0.0927643 0.790395
vn 0.593042 -0.153549 0.790395
vn 0.574465 -0.212758 0.790395
vn 0.549993 -0.269784 0.790395
vn 0.519877 -0.324042 0.790395
vn 0.484427 -0.374975 0.790395
vn 0.444006 -0.422059 0.790395
vn 0.399029 -0.464813 0.790395
vn 0.349957 -0.502798 0.790395
vn 0.297295 -0.535623 0.790395
vn 0.241581 -0.562951 0.790395
vn 0.183314 -0.58453 0.790393
vn 0.158435 -0.5052 0.848335
vn 0.10652 -0.518619 0.848344
vn 0.0886952 -0.431834 0.897582
vn 0.0446001 -0.438588 0.897581
vn 0.152688 0.743647 0.650904
vn 0.152674 0.743658 0.650894
vn 0.0768041 0.755276 0.650891
vn 0 0.759171 0.650891
vn -0.0768041 0.755276 0.650891
vn -0.15282 0.743631 0.650891
vn 0.206279 0.65786 0.724341
vn 0.206291 0.657848 0.724348
vn 0.271881 0.633559 0.724351
vn 0.334583 0.602802 0.724351
vn 0.39385 0.56586 0.724351
vn 0.449077 0.523112 0.724351
vn 0.499695 0.474996 0.724351
vn 0.545186 0.422005 0.724351
vn 0.585082 0.364685 0.724351
vn 0.618975 0.303622 0.724351
vn 0.646516 0.239443 0.724351
vn 0.667423 0.172808 0.724351
vn 0.681481 0.104399 0.724351
vn 0.688547 0.0349191 0.724351
vn 0.688547 -0.0349191 0.724351
vn 0.681481 -0.104399 0.724351
vn 0.667423 -0.172808 0.724351
vn 0.646516 -0.239443 0.724351
vn 0.618975 -0.303622 0.724351
vn 0.585082 -0.364685 0.724351
vn 0.545186 -0.422005 0.724351
vn 0.499695 -0.474996 0.724351
vn 0.449077 -0.523112 0.724351
vn 0.39385 -0.56586 0.724351
vn 0.334583 -0.602802 0.724351
vn 0.271881 -0.633559 0.724351
vn 0.206291 -0.657848 0.724348
vn 0.183303 -0.58454 0.790388
vn 0.123235 -0.600065 0.790402
vn 0.10651 -0.518627 0.848341
vn 0.0535639 -0.526737 0.848339
vn 0.165128 0.80432 0.57079
vn 0.165112 0.804332 0.570778
vn 0.08307 0.816894 0.570774
vn 0 0.821107 0.570774
vn -0.08307 0.816894 0.570774
vn 0.227129 0.72441 0.650878
vn 0.227143 0.724397 0.650887
vn 0.299384 0.697646 0.650891
vn 0.368427 0.663779 0.650891
vn 0.43369 0.6231 0.650891
vn 0.494503 0.576027 0.650891
vn 0.550242 0.523044 0.650891
vn 0.600334 0.464693 0.650891
vn 0.644266 0.401574 0.650891
vn 0.681588 0.334335 0.650891
vn 0.711915 0.263664 0.650891
vn 0.734936 0.190288 0.650891
vn 0.750417 0.11496 0.650891
vn 0.758197 0.0384514 0.650891
vn 0.758197 -0.0384514 0.650891
vn 0.750417 -0.11496 0.650891
vn 0.734936 -0.190288 0.650891
vn 0.711915 -0.263664 0.650891
vn 0.681588 -0.334335 0.650891
vn 0.644266 -0.401574 0.650891
vn 0.600334 -0.464693 0.650891
vn 0.550242 -0.523044 0.650891
vn 0.494503 -0.576027 0.650891
vn 0.43369 -0.6231 0.650891
vn 0.368427 -0.663779 0.650891
vn 0.299384 -0.697646 0.650891
vn 0.227143 -0.724397 0.650887
vn 0.206279 -0.65786 0.724341
vn 0.138677 -0.67533 0.724361
vn 0.123223 -0.600074 0.790397
vn 0.0619755 -0.609455 0.790395
vn 0.175869 0.856736 0.484845
vn 0.175852 0.856747 0.48483
vn 0.0884829 0.870124 0.484826
vn 0 0.874611 0.484826
vn 0.245642 0.783515 0.570758
vn 0.245657 0.783501 0.57077
vn 0.323808 0.754563 0.570774
vn 0.398485 0.717932 0.570774
vn 0.469072 0.673935 0.570774
vn 0.534847 0.623022 0.570774
vn 0.595133 0.565716 0.570774
vn 0.649312 0.502605 0.570774
vn 0.696828 0.434336 0.570774
vn 0.737194 0.361611 0.570774
vn 0.769995 0.285175 0.570774
vn 0.794895 0.205813 0.570774
vn 0.811638 0.124338 0.570774
vn 0.820053 0.0415884 0.570774
vn 0.820053 -0.0415884 0.570774
vn 0.811638 -0.124338 0.570774
vn 0.794895 -0.205813 0.570774
vn 0.769995 -0.285175 0.570774
vn 0.737194 -0.361611 0.570774
vn 0.696828 -0.434336 0.570774
vn 0.649312 -0.502605 0.570774
vn 0.595133 -0.565716 0.570774
vn 0.534847 -0.623022 0.570774
vn 0.469072 -0.673935 0.570774
vn 0.398485 -0.717932 0.570774
vn 0.323808 -0.754563 0.570774
vn 0.245657 -0.783501 0.57077
vn 0.227129 -0.72441 0.650878
vn 0.152688 -0.743647 0.650904
vn 0.138663 -0.67534 0.724354
vn 0.0697486 -0.685894 0.724351
vn 0.184805 0.900362 0.393949
vn 0.184786 0.900373 0.393933
vn 0.092988 0.914425 0.393928
vn 0.26163 0.834573 0.484807
vn 0.261645 0.83456 0.484821
vn 0.344908 0.80373 0.484826
vn 0.42445 0.764713 0.484826
vn 0.499637 0.717849 0.484826
vn 0.569697 0.663618 0.484826
vn 0.633912 0.602578 0.484826
vn 0.691621 0.535355 0.484826
vn 0.742234 0.462638 0.484826
vn 0.78523 0.385173 0.484826
vn 0.820168 0.303757 0.484826
vn 0.846691 0.219223 0.484826
vn 0.864525 0.13244 0.484826
vn 0.873488 0.0442983 0.484826
vn 0.873488 -0.0442983 0.484826
vn 0.864525 -0.13244 0.484826
vn 0.846691 -0.219223 0.484826
vn 0.820168 -0.303757 0.484826
vn 0.78523 -0.385173 0.484826
vn 0.742234 -0.462638 0.484826
vn 0.691621 -0.535355 0.484826
vn 0.633912 -0.602578 0.484826
vn 0.569697 -0.663618 0.484826
vn 0.499637 -0.717849 0.484826
vn 0.42445 -0.764713 0.484826
vn 0.344908 -0.80373 0.484826
vn 0.261645 -0.83456 0.484821
vn 0.245642 -0.783515 0.570758
vn 0.165128 -0.80432 0.57079
vn 0.152674 -0.743658 0.650894
vn 0.0768041 -0.755276 0.650891
vn 0.191844 0.934759 0.299036
vn 0.285412 0.910574 0.298991
vn 0.292986 0.93474 0.201048
vn 0.386303 0.900193 0.201051
vn 0.274931 0.877069 0.393907
vn 0.274948 0.877056 0.393924
vn 0.362469 0.844652 0.393928
vn 0.446061 0.803648 0.393928
vn 0.525076 0.754397 0.393928
vn 0.598703 0.697406 0.393928
vn 0.666187 0.633258 0.393928
vn 0.726835 0.562612 0.393928
vn 0.780024 0.486193 0.393928
vn 0.825209 0.404784 0.393928
vn 0.861927 0.319223 0.393928
vn 0.8898 0.230385 0.393928
vn 0.908542 0.139184 0.393928
vn 0.917961 0.0465537 0.393928
vn 0.917961 -0.0465537 0.393928
vn 0.908542 -0.139184 0.393928
vn 0.8898 -0.230385 0.393928
vn 0.861927 -0.319223 0.393928
vn 0.825209 -0.404784 0.393928
vn 0.780024 -0.486193 0.393928
vn 0.726835 -0.562612 0.393928
vn 0.666187 -0.633258 0.393928
vn 0.598703 -0.697406 0.393928
vn 0.525076 -0.754397 0.393928
vn 0.446061 -0.803648 0.393928
vn 0.362469 -0.844652 0.393928
vn 0.274948 -0.877056 0.393924
vn 0.26163 -0.834573 0.484807
vn 0.175869 -0.856736 0.484845
vn 0.165112 -0.804332 0.570778
vn 0.08307 -0.816894 0.570774
vn 0.292967 0.93475 0.201027
vn 0.299052 0.954237 1.12173e-05
vn 0.0171021 0.954032 0.299217
vn 0.0965398 0.949353 0.299013
vn -0.0965398 0.949353 0.299013
vn -0.092988 0.914425 0.393928
vn -0.0884829 0.870124 0.484826
vn -0.185022 0.900326 0.393928
vn -0.176058 0.856708 0.484826
vn -0.165288 0.804299 0.570774
vn -0.192089 0.934715 -0.299013
vn -0.0965398 0.949353 -0.299013
vn -0.29325 0.934657 -0.201051
vn -0.285667 0.910486 -0.299013
vn -0.297831 0.949256 -0.10104
vn -0.299363 0.954139 0
vn -0.297831 0.949256 0.10104
vn -0.192089 0.934715 0.299013
vn -0.285667 0.910486 0.299013
vn -0.275157 0.876989 0.393928
vn -0.362469 0.844652 0.393928
vn -0.344908 0.80373 0.484826
vn -0.42445 0.764713 0.484826
vn -0.398485 0.717932 0.570774
vn -0.469072 0.673935 0.570774
vn -0.43369 0.6231 0.650891
vn -0.494503 0.576027 0.650891
vn -0.449077 0.523112 0.724351
vn -0.499695 0.474996 0.724351
vn -0.444006 0.422059 0.790395
vn -0.484427 0.374975 0.790395
vn -0.418679 0.324082 0.848339
vn -0.449318 0.280062 0.848339
vn -0.374125 0.233194 0.897581
vn -0.395797 0.194148 0.897581
vn -0.285667 0.910486 0.299013
vn -0.261826 0.834501 0.484826
vn -0.245809 0.783451 0.570774
vn -0.227268 0.724355 0.650891
vn -0.185022 0.900326 -0.393928
vn -0.092988 0.914425 -0.393928
vn -0.0884829 0.870124 -0.484826
vn 0 0.874611 -0.484826
vn 0 0.821107 -0.570774
vn 0.08307 0.816894 -0.570774
vn 0.0768041 0.755276 -0.650891
vn 0 0.919141 -0.393928
vn 0.092988 0.914425 -0.393928
vn 0.0884829 0.870124 -0.484826
vn 0.297533 0.949354 -0.100995
vn 0.152812 -0.743615 -0.650911
vn 0.152782 -0.743638 -0.650892
vn 0.0768041 -0.755276 -0.650891
vn -0 -0.759171 -0.650891
vn -0.0768041 -0.755276 -0.650891
vn -0.152716 -0.74365 -0.650893
vn 0.165243 -0.80429 -0.5708
vn 0.165211 -0.804313 -0.570776
vn 0.08307 -0.816894 -0.570774
vn -0 -0.821107 -0.570774
vn -0.08307 -0.816894 -0.570774
vn 0.227236 -0.724383 -0.650871
vn 0.227263 -0.724357 -0.650891
vn 0.299384 -0.697646 -0.650891
vn 0.175973 -0.856707 -0.484858
vn 0.175939 -0.856731 -0.484828
vn 0.0884829 -0.870124 -0.484826
vn -0 -0.874611 -0.484826
vn 0.24574 -0.783491 -0.570749
vn 0.24577 -0.783464 -0.570773
vn 0.323808 -0.754563 -0.570774
vn 0.398485 -0.717932 -0.570774
vn 0.184894 -0.900336 -0.393965
vn 0.184857 -0.900359 -0.393931
vn 0.092988 -0.914425 -0.393928
vn 0.261716 -0.834553 -0.484794
vn 0.261748 -0.834526 -0.484824
vn 0.344908 -0.80373 -0.484826
vn 0.42445 -0.764713 -0.484826
vn 0.499637 -0.717849 -0.484826
vn 0.191915 -0.934738 -0.299054
vn 0.285464 -0.910563 -0.298972
vn 0.293039 -0.934723 -0.201048
vn 0.386303 -0.900193 -0.201051
vn 0.275001 -0.877054 -0.393892
vn 0.275036 -0.877028 -0.393926
vn 0.362469 -0.844652 -0.393928
vn 0.446061 -0.803648 -0.393928
vn 0.525076 -0.754397 -0.393928
vn 0.598703 -0.697406 -0.393928
vn 0.293 -0.934745 -0.201007
vn 0.0171021 -0.954032 -0.299217
vn 0.0965398 -0.949353 -0.299013
vn -0.0965398 -0.949353 -0.299013
vn -0.191505 -0.934833 -0.299022
vn -0.092988 -0.914425 -0.393928
vn -0.184568 -0.900416 -0.393937
vn -0.191611 -0.934777 -0.299126
vn -0.238581 -0.92383 -0.299362
vn -0.244929 -0.948414 -0.201298
vn -0.29325 -0.934657 -0.201051
vn -0.386303 -0.900193 -0.201051
vn -0.475393 -0.856493 -0.201051
vn -0.559603 -0.804004 -0.201051
vn -0.638072 -0.743265 -0.201051
vn -0.709993 -0.674899 -0.201051
vn -0.774629 -0.599607 -0.201051
vn -0.0884829 -0.870124 -0.484826
vn -0.17573 -0.856771 -0.484833
vn -0.175825 -0.856706 -0.484913
vn -0.218834 -0.846519 -0.485302
vn -0.218937 -0.846492 -0.485302
vn -0.261826 -0.834501 -0.484826
vn -0.245809 -0.783451 -0.570774
vn -0.323808 -0.754563 -0.570774
vn -0.299384 -0.697646 -0.650891
vn -0.368427 -0.663779 -0.650891
vn -0.184669 -0.900354 -0.39403
vn -0.152797 -0.743587 -0.650946
vn -0.297831 -0.949256 -0.10104
vn -0.244814 -0.948444 -0.201297
vn -0.229891 -0.889738 -0.394355
vn -0.238693 -0.923801 -0.299363
vn -0.285667 -0.910486 -0.299013
vn -0.376314 -0.876915 -0.299013
vn -0.463099 -0.834344 -0.299013
vn -0.545132 -0.783213 -0.299013
vn -0.621571 -0.724044 -0.299013
vn -0.691633 -0.657446 -0.299013
vn -0.754597 -0.584101 -0.299013
vn -0.190082 -0.734563 -0.651372
vn -0.0305205 -0.148514 0.988439
vn -0.0153389 -0.15084 0.988439
vn -0.0505167 -0.245817 0.967999
vn -0.0253886 -0.249667 0.967999
vn -0.0453888 -0.144665 0.988439
vn -0.0597914 -0.13933 0.988439
vn -0.0735805 -0.132567 0.988439
vn -0.0866145 -0.124442 0.988439
vn -0.0987597 -0.115041 0.988439
vn -0.109892 -0.10446 0.988439
vn -0.119896 -0.0928062 0.988439
vn -0.069991 -0.34058 0.937607
vn -0.035176 -0.345914 0.937607
vn -0.0751265 -0.239445 0.967999
vn -0.0989653 -0.230616 0.967999
vn -0.121789 -0.219421 0.967999
vn -0.143362 -0.205974 0.967999
vn -0.163465 -0.190414 0.967999
vn -0.18189 -0.172899 0.967999
vn -0.198449 -0.153611 0.967999
vn -0.0887425 -0.431826 0.897581
vn -0.0446001 -0.438588 0.897581
vn -0.104088 -0.331752 0.937607
vn -0.137117 -0.319519 0.937607
vn -0.168738 -0.304008 0.937607
vn -0.198629 -0.285378 0.937607
vn -0.226481 -0.263818 0.937607
vn -0.252009 -0.239552 0.937607
vn -0.274951 -0.212828 0.937607
vn -0.106578 -0.518615 0.848339
vn -0.0535639 -0.526737 0.848339
vn -0.131974 -0.420632 0.897581
vn -0.173852 -0.405123 0.897581
vn -0.213945 -0.385456 0.897581
vn -0.251844 -0.361834 0.897581
vn -0.287158 -0.334499 0.897581
vn -0.319525 -0.303731 0.897581
vn -0.348614 -0.269847 0.897581
vn -0.123315 -0.600058 0.790395
vn -0.0619755 -0.609455 0.790395
vn -0.158499 -0.505172 0.848339
vn -0.208793 -0.486545 0.848339
vn -0.256945 -0.462926 0.848339
vn -0.30246 -0.434556 0.848339
vn -0.344871 -0.401727 0.848339
vn -0.383744 -0.364776 0.848339
vn -0.418679 -0.324082 0.848339
vn -0.138782 -0.675319 0.724351
vn -0.0697486 -0.685894 0.724351
vn -0.183389 -0.584503 0.790395
vn -0.241581 -0.562951 0.790395
vn -0.297295 -0.535623 0.790395
vn -0.349957 -0.502798 0.790395
vn -0.399029 -0.464813 0.790395
vn -0.444006 -0.422059 0.790395
vn -0.484427 -0.374975 0.790395
vn -0.15282 -0.743631 0.650891
vn -0.0768041 -0.755276 0.650891
vn -0.20639 -0.657814 0.724351
vn -0.271881 -0.633559 0.724351
vn -0.334583 -0.602802 0.724351
vn -0.39385 -0.56586 0.724351
vn -0.449077 -0.523112 0.724351
vn -0.499695 -0.474996 0.724351
vn -0.545186 -0.422005 0.724351
vn -0.165288 -0.804299 0.570774
vn -0.08307 -0.816894 0.570774
vn -0.227268 -0.724355 0.650891
vn -0.299384 -0.697646 0.650891
vn -0.368427 -0.663779 0.650891
vn -0.43369 -0.6231 0.650891
vn -0.494503 -0.576027 0.650891
vn -0.550242 -0.523044 0.650891
vn -0.600334 -0.464693 0.650891
vn -0.176058 -0.856708 0.484826
vn -0.0884829 -0.870124 0.484826
vn -0.245809 -0.783451 0.570774
vn -0.323808 -0.754563 0.570774
vn -0.398485 -0.717932 0.570774
vn -0.469072 -0.673935 0.570774
vn -0.534847 -0.623022 0.570774
vn -0.595133 -0.565716 0.570774
vn -0.649312 -0.502605 0.570774
vn -0.185022 -0.900326 0.393928
vn -0.092988 -0.914425 0.393928
vn -0.261826 -0.834501 0.484826
vn -0.344908 -0.80373 0.484826
vn -0.42445 -0.764713 0.484826
vn -0.499637 -0.717849 0.484826
vn -0.569697 -0.663618 0.484826
vn -0.633912 -0.602578 0.484826
vn -0.691621 -0.535355 0.484826
vn -0.192089 -0.934715 0.299013
vn -0.0965398 -0.949353 0.299013
vn -0.275157 -0.876989 0.393928
vn -0.362469 -0.844652 0.393928
vn -0.446061 -0.803648 0.393928
vn -0.525076 -0.754397 0.393928
vn -0.598703 -0.697406 0.393928
vn -0.666187 -0.633258 0.393928
vn -0.726835 -0.562612 0.393928
vn -0.29325 -0.934657 0.201051
vn -0.285667 -0.910486 0.299013
vn -0.376314 -0.876915 0.299013
vn -0.463099 -0.834344 0.299013
vn -0.545132 -0.783213 0.299013
vn -0.621571 -0.724044 0.299013
vn -0.691633 -0.657446 0.299013
vn -0.754597 -0.584101 0.299013
vn -0.297831 -0.949256 -0.10104
vn -0.229999 -0.88971 -0.394356
vn -0.275157 -0.876989 -0.393928
vn -0.261826 -0.834501 -0.484826
vn -0.344908 -0.80373 -0.484826
vn -0.323808 -0.754563 -0.570774
vn -0.398485 -0.717932 -0.570774
vn -0.368427 -0.663779 -0.650891
vn -0.43369 -0.6231 -0.650891
vn 0.0965398 -0.949353 0.299013
vn 0.191824 -0.934768 0.299017
vn 0.0884829 -0.870124 0.484826
vn 0.092988 -0.914425 0.393928
vn 0.184786 -0.900373 0.393933
vn 0.191844 -0.934759 0.299036
vn 0.285412 -0.910574 0.298991
vn 0.292986 -0.93474 0.201048
vn 0.386303 -0.900193 0.201051
vn 0.475393 -0.856493 0.201051
vn 0.559603 -0.804004 0.201051
vn 0.638072 -0.743265 0.201051
vn 0.709993 -0.674899 0.201051
vn 0.774629 -0.599607 0.201051
vn 0.831316 -0.518163 0.201051
vn 0.879472 -0.431402 0.201051
vn 0.918604 -0.340214 0.201051
vn 0.94831 -0.245534 0.201051
vn 0.968285 -0.148336 0.201051
vn 0.978324 -0.049615 0.201051
vn 0.978324 0.049615 0.201051
vn 0.968285 0.148336 0.201051
vn 0.94831 0.245534 0.201051
vn 0.918604 0.340214 0.201051
vn 0.879472 0.431402 0.201051
vn 0.831316 0.518163 0.201051
vn 0.774629 0.599607 0.201051
vn 0.709993 0.674899 0.201051
vn 0.638072 0.743265 0.201051
vn 0.559603 0.804004 0.201051
vn 0.475393 0.856493 0.201051
vn 0.386303 0.900193 0.201051
vn 0.00513066 -0.0504539 0.998713
vn 0.175852 -0.856747 0.48483
vn 0.0884829 -0.870124 0.484826
vn 0.184805 -0.900362 0.393949
vn 0.297522 -0.949356 0.101017
vn 0.299052 -0.954237 1.12173e-05
vn 0.274931 -0.877069 0.393907
vn 0.28543 -0.910562 0.29901
vn 0.376314 -0.876915 -0.299013
vn 0.285501 -0.910539 -0.299011
vn 0.475393 -0.856493 -0.201051
vn 0.386303 -0.900193 -0.201051
vn 0.463099 -0.834344 -0.299013
vn 0.545132 -0.783213 -0.299013
vn 0.621571 -0.724044 -0.299013
vn 0.691633 -0.657446 -0.299013
vn 0.394356 -0.918958 0
vn 0.299063 -0.954233 0
vn 0.485302 -0.874347 0
vn 0.571268 -0.820763 0
vn 0.651372 -0.758758 0
vn 0.724793 -0.688967 0
vn 0.790776 -0.612106 0
vn 0.848644 -0.528964 0
vn 0.897805 -0.440394 0
vn 0.937752 -0.347305 0
vn 0.968077 -0.250653 0
vn 0.988468 -0.151428 0
vn 0.998717 -0.0506492 0
vn 0.998717 0.0506492 1.32096e-18
vn 0.988468 0.151428 0
vn 0.968077 0.250653 0
vn 0.937752 0.347305 0
vn 0.897805 0.440394 0
vn 0.848644 0.528964 0
vn 0.790776 0.612106 0
vn 0.724793 0.688967 0
vn 0.651372 0.758758 0
vn 0.571268 0.820763 0
vn 0.485302 0.874347 0
vn 0.394356 0.918958 0
vn 0.299063 0.954233 0
vn 0.376314 -0.876915 0.299013
vn 0.463099 -0.834344 0.299013
vn 0.545132 -0.783213 0.299013
vn 0.621571 -0.724044 0.299013
vn 0.691633 -0.657446 0.299013
vn 0.754597 -0.584101 0.299013
vn 0.809818 -0.504763 0.299013
vn 0.856729 -0.420246 0.299013
vn 0.894849 -0.331416 0.299013
vn 0.923787 -0.239185 0.299013
vn 0.943245 -0.1445 0.299013
vn 0.953024 -0.0483319 0.299013
vn 0.953024 0.0483319 0.299013
vn 0.943245 0.1445 0.299013
vn 0.923787 0.239185 0.299013
vn 0.894849 0.331416 0.299013
vn 0.856729 0.420246 0.299013
vn 0.809818 0.504763 0.299013
vn 0.754597 0.584101 0.299013
vn 0.691633 0.657446 0.299013
vn 0.621571 0.724044 0.299013
vn 0.545132 0.783213 0.299013
vn 0.463099 0.834344 0.299013
vn 0.376314 0.876915 0.299013
vn 0.28543 0.910562 0.29901
vn 0.0199994 -0.0466041 0.998713
vn 0.559603 -0.804004 -0.201051
vn 0.475393 -0.856493 -0.201051
vn 0.638072 -0.743265 -0.201051
vn 0.709993 -0.674899 -0.201051
vn 0.774629 -0.599607 -0.201051
vn 0.644266 -0.401574 -0.650891
vn 0.681588 -0.334335 -0.650891
vn 0.737194 -0.361611 -0.570774
vn 0.769995 -0.285175 -0.570774
vn 0.820168 -0.303757 -0.484826
vn 0.846691 -0.219223 -0.484826
vn 0.8898 -0.230385 -0.393928
vn 0.908542 -0.139184 -0.393928
vn 0.943245 -0.1445 -0.299013
vn 0.953024 -0.0483319 -0.299013
vn 0.978324 -0.049615 -0.201051
vn 0.978324 0.049615 -0.201051
vn 0.711915 -0.263664 -0.650891
vn 0.794895 -0.205813 -0.570774
vn 0.864525 -0.13244 -0.484826
vn 0.917961 -0.0465537 -0.393928
vn 0.953024 0.0483319 -0.299013
vn 0.968285 0.148336 -0.201051
vn 0.734936 -0.190288 -0.650891
vn 0.811638 -0.124338 -0.570774
vn 0.873488 -0.0442983 -0.484826
vn 0.917961 0.0465537 -0.393928
vn 0.943245 0.1445 -0.299013
vn 0.94831 0.245534 -0.201051
vn 0.750417 -0.11496 -0.650891
vn 0.820053 -0.0415884 -0.570774
vn 0.873488 0.0442983 -0.484826
vn 0.908542 0.139184 -0.393928
vn 0.923787 0.239185 -0.299013
vn 0.918604 0.340214 -0.201051
vn 0.758197 -0.0384514 -0.650891
vn 0.820053 0.0415884 -0.570774
vn 0.864525 0.13244 -0.484826
vn 0.8898 0.230385 -0.393928
vn 0.894849 0.331416 -0.299013
vn 0.879472 0.431402 -0.201051
vn 0.758197 0.0384514 -0.650891
vn 0.811638 0.124338 -0.570774
vn 0.846691 0.219223 -0.484826
vn 0.861927 0.319223 -0.393928
vn 0.856729 0.420246 -0.299013
vn 0.831316 0.518163 -0.201051
vn 0.550242 0.523044 -0.650891
vn 0.600334 0.464693 -0.650891
vn 0.595133 0.565716 -0.570774
vn 0.534847 0.623022 -0.570774
vn 0.569697 0.663618 -0.484826
vn 0.499637 0.717849 -0.484826
vn 0.525076 0.754397 -0.393928
vn 0.446061 0.803648 -0.393928
vn 0.463099 0.834344 -0.299013
vn 0.376314 0.876915 -0.299013
vn 0.386303 0.900193 -0.201051
vn 0.494503 0.576027 -0.650891
vn 0.43369 0.6231 -0.650891
vn 0.368427 0.663779 -0.650891
vn 0.299384 0.697646 -0.650891
vn 0.469072 0.673935 -0.570774
vn 0.42445 0.764713 -0.484826
vn 0.362469 0.844652 -0.393928
vn 0.0289713 0.0416243 0.998713
vn 0.398485 0.717932 -0.570774
vn 0.323808 0.754563 -0.570774
vn 0.344908 0.80373 -0.484826
vn -0.299384 0.697646 -0.650891
vn -0.368427 0.663779 -0.650891
vn -0.398485 0.717932 -0.570774
vn -0.469072 0.673935 -0.570774
vn -0.499637 0.717849 -0.484826
vn -0.569697 0.663618 -0.484826
vn -0.598703 0.697406 -0.393928
vn -0.666187 0.633258 -0.393928
vn -0.691633 0.657446 -0.299013
vn -0.754597 0.584101 -0.299013
vn -0.774629 0.599607 -0.201051
vn -0.831316 0.518163 -0.201051
vn -0.386303 0.900193 -0.201051
vn -0.392338 0.914255 -0.10104
vn -0.482818 0.869872 -0.10104
vn -0.485302 0.874347 0
vn -0.571268 0.820763 0
vn -0.568345 0.816563 0.10104
vn -0.648039 0.754875 0.10104
vn -0.638072 0.743265 0.201051
vn -0.709993 0.674899 0.201051
vn -0.691633 0.657446 0.299013
vn -0.754597 0.584101 0.299013
vn -0.726835 0.562612 0.393928
vn -0.780024 0.486193 0.393928
vn -0.742234 0.462638 0.484826
vn -0.78523 0.385173 0.484826
vn -0.737194 0.361611 0.570774
vn -0.769995 0.285175 0.570774
vn -0.711915 0.263664 0.650891
vn -0.734936 0.190288 0.650891
vn -0.667423 0.172808 0.724351
vn -0.681481 0.104399 0.724351
vn -0.605533 0.0927643 0.790395
vn -0.394356 0.918958 0
vn -0.392338 0.914255 0.10104
vn -0.482818 0.869872 0.10104
vn -0.376314 0.876915 0.299013
vn -0.463099 0.834344 0.299013
vn -0.545132 0.783213 0.299013
vn -0.621571 0.724044 0.299013
vn -0.362469 0.844652 0.393928
vn -0.446061 0.803648 0.393928
vn -0.42445 0.764713 0.484826
vn -0.499637 0.717849 0.484826
vn -0.469072 0.673935 0.570774
vn -0.534847 0.623022 0.570774
vn -0.494503 0.576027 0.650891
vn -0.550242 0.523044 0.650891
vn -0.499695 0.474996 0.724351
vn -0.545186 0.422005 0.724351
vn -0.484427 0.374975 0.790395
vn -0.519877 0.324042 0.790395
vn -0.449318 0.280062 0.848339
vn -0.475346 0.233168 0.848339
vn -0.395797 0.194148 0.897581
vn -0.413408 0.15311 0.897581
vn -0.323808 0.754563 0.570774
vn -0.299384 0.697646 0.650891
vn -0.368427 0.663779 0.650891
vn -0.271881 0.633559 0.724351
vn -0.334583 0.602802 0.724351
vn -0.297295 0.535623 0.790395
vn -0.349957 0.502798 0.790395
vn -0.30246 0.434556 0.848339
vn -0.344871 0.401727 0.848339
vn -0.287158 0.334499 0.897581
vn -0.319525 0.303731 0.897581
vn -0.252009 0.239552 0.937607
vn -0.274951 0.212828 0.937607
vn -0.198449 0.153611 0.967999
vn -0.212971 0.132746 0.967999
vn -0.12867 0.0802004 0.988439
vn -0.136123 0.0667716 0.988439
vn -0.368427 0.663779 -0.650891
vn -0.43369 0.6231 -0.650891
vn -0.469072 0.673935 -0.570774
vn -0.534847 0.623022 -0.570774
vn -0.569697 0.663618 -0.484826
vn -0.633912 0.602578 -0.484826
vn -0.666187 0.633258 -0.393928
vn -0.726835 0.562612 -0.393928
vn -0.754597 0.584101 -0.299013
vn -0.809818 0.504763 -0.299013
vn -0.831316 0.518163 -0.201051
vn -0.879472 0.431402 -0.201051
vn -0.525076 0.754397 0.393928
vn -0.598703 0.697406 0.393928
vn -0.666187 0.633258 0.393928
vn -0.349957 0.502798 0.790395
vn -0.39385 0.56586 0.724351
vn -0.43369 0.6231 -0.650891
vn -0.494503 0.576027 -0.650891
vn -0.534847 0.623022 -0.570774
vn -0.595133 0.565716 -0.570774
vn -0.633912 0.602578 -0.484826
vn -0.691621 0.535355 -0.484826
vn -0.726835 0.562612 -0.393928
vn -0.780024 0.486193 -0.393928
vn -0.809818 0.504763 -0.299013
vn -0.856729 0.420246 -0.299013
vn -0.879472 0.431402 -0.201051
vn -0.918604 0.340214 -0.201051
vn -0.499637 0.717849 0.484826
vn -0.569697 0.663618 0.484826
vn -0.534847 0.623022 0.570774
vn -0.595133 0.565716 0.570774
vn -0.550242 0.523044 0.650891
vn -0.600334 0.464693 0.650891
vn -0.545186 0.422005 0.724351
vn -0.585082 0.364685 0.724351
vn -0.519877 0.324042 0.790395
vn -0.549993 0.269784 0.790395
vn -0.475346 0.233168 0.848339
vn -0.496496 0.183882 0.848339
vn -0.413408 0.15311 0.897581
vn -0.426777 0.1105 0.897581
vn -0.344871 0.401727 0.848339
vn -0.399029 0.464813 0.790395
vn -0.494503 0.576027 -0.650891
vn -0.550242 0.523044 -0.650891
vn -0.595133 0.565716 -0.570774
vn -0.649312 0.502605 -0.570774
vn -0.691621 0.535355 -0.484826
vn -0.742234 0.462638 -0.484826
vn -0.780024 0.486193 -0.393928
vn -0.825209 0.404784 -0.393928
vn -0.856729 0.420246 -0.299013
vn -0.894849 0.331416 -0.299013
vn -0.918604 0.340214 -0.201051
vn -0.94831 0.245534 -0.201051
vn -0.633912 0.602578 0.484826
vn -0.691621 0.535355 0.484826
vn -0.319525 0.303731 0.897581
vn -0.383744 0.364776 0.848339
vn -0.600334 0.464693 -0.650891
vn -0.696828 0.434336 -0.570774
vn -0.78523 0.385173 -0.484826
vn -0.861927 0.319223 -0.393928
vn -0.923787 0.239185 -0.299013
vn -0.968285 0.148336 -0.201051
vn -0.595133 0.565716 0.570774
vn -0.649312 0.502605 0.570774
vn -0.600334 0.464693 0.650891
vn -0.644266 0.401574 0.650891
vn -0.585082 0.364685 0.724351
vn -0.618975 0.303622 0.724351
vn -0.549993 0.269784 0.790395
vn -0.574465 0.212758 0.790395
vn -0.496496 0.183882 0.848339
vn -0.512552 0.132709 0.848339
vn -0.426777 0.1105 0.897581
vn -0.435766 0.066757 0.897581
vn -0.274951 0.212828 0.937607
vn -0.348614 0.269847 0.897581
vn -0.644266 0.401574 -0.650891
vn -0.696828 0.434336 -0.570774
vn -0.78523 0.385173 -0.484826
vn -0.737194 0.361611 -0.570774
vn -0.696828 0.434336 0.570774
vn -0.644266 0.401574 0.650891
vn -0.681588 0.334335 0.650891
vn -0.618975 0.303622 0.724351
vn -0.646516 0.239443 0.724351
vn -0.574465 0.212758 0.790395
vn -0.593042 0.153549 0.790395
vn -0.512552 0.132709 0.848339
vn -0.523348 0.0801739 0.848339
vn -0.435766 0.066757 0.897581
vn -0.440284 0.0223287 0.897581
vn -0.295072 0.18392 0.937607
vn -0.212971 0.132746 0.967999
vn -0.225308 0.110519 0.967999
vn -0.136123 0.0667716 0.988439
vn -0.14218 0.0526577 0.988439
vn -0.600334 0.464693 -0.650891
vn -0.861927 0.319223 -0.393928
vn -0.820168 0.303757 -0.484826
vn -0.923787 0.239185 -0.299013
vn -0.8898 0.230385 -0.393928
vn -0.968285 0.148336 -0.201051
vn -0.943245 0.1445 -0.299013
vn -0.978324 0.049615 -0.201051
vn -0.750417 -0.11496 -0.650891
vn -0.734936 -0.190288 -0.650891
vn -0.711915 -0.263664 -0.650891
vn -0.681588 -0.334335 -0.650891
vn -0.988468 -0.151428 0
vn -0.98341 -0.150653 0.10104
vn -0.968285 -0.148336 0.201051
vn -0.943245 -0.1445 0.299013
vn -0.908542 -0.139184 0.393928
vn -0.864525 -0.13244 0.484826
vn -0.811638 -0.124338 0.570774
vn -0.343688 -0.0526511 0.937607
vn -0.435766 -0.066757 0.897581
vn -0.14987 -0.0229592 0.988439
vn -0.24806 -0.0380015 0.967999
vn -0.811638 -0.124338 -0.570774
vn -0.794895 -0.205813 -0.570774
vn -0.846691 -0.219223 -0.484826
vn -0.820168 -0.303757 -0.484826
vn -0.861927 -0.319223 -0.393928
vn -0.825209 -0.404784 -0.393928
vn -0.856729 -0.420246 -0.299013
vn -0.963123 -0.24937 0.10104
vn -0.94831 -0.245534 0.201051
vn -0.923787 -0.239185 0.299013
vn -0.8898 -0.230385 0.393928
vn -0.846691 -0.219223 0.484826
vn -0.794895 -0.205813 0.570774
vn -0.734936 -0.190288 0.650891
vn -0.242943 -0.0629024 0.967999
vn -0.336598 -0.0871513 0.937607
vn -0.146778 -0.0380034 0.988439
vn -0.769995 -0.285175 -0.570774
vn -0.737194 -0.361611 -0.570774
vn -0.918604 -0.340214 0.201051
vn -0.894849 -0.331416 0.299013
vn -0.861927 -0.319223 0.393928
vn -0.820168 -0.303757 0.484826
vn -0.769995 -0.285175 0.570774
vn -0.711915 -0.263664 0.650891
vn -0.646516 -0.239443 0.724351
vn -0.14218 -0.0526577 0.988439
vn -0.235333 -0.0871578 0.967999
vn -0.820168 -0.303757 -0.484826
vn -0.78523 -0.385173 -0.484826
vn -0.825209 -0.404784 -0.393928
vn -0.856729 -0.420246 0.299013
vn -0.825209 -0.404784 0.393928
vn -0.78523 -0.385173 0.484826
vn -0.737194 -0.361611 0.570774
vn -0.681588 -0.334335 0.650891
vn -0.618975 -0.303622 0.724351
vn -0.549993 -0.269784 0.790395
vn -0.136123 -0.0667716 0.988439
vn -0.600334 -0.464693 -0.650891
vn -0.550242 -0.523044 -0.650891
vn -0.494503 -0.576027 -0.650891
vn -0.43369 -0.6231 -0.650891
vn -0.649312 -0.502605 -0.570774
vn -0.595133 -0.565716 -0.570774
vn -0.534847 -0.623022 -0.570774
vn -0.469072 -0.673935 -0.570774
vn -0.398485 -0.717932 -0.570774
vn -0.726835 -0.562612 -0.393928
vn -0.691621 -0.535355 -0.484826
vn -0.633912 -0.602578 -0.484826
vn -0.569697 -0.663618 -0.484826
vn -0.499637 -0.717849 -0.484826
vn -0.42445 -0.764713 -0.484826
vn -0.344908 -0.80373 -0.484826
vn -0.786729 -0.608973 -0.10104
vn -0.774629 -0.599607 0.201051
vn -0.666187 -0.633258 -0.393928
vn -0.598703 -0.697406 -0.393928
vn -0.525076 -0.754397 -0.393928
vn -0.446061 -0.803648 -0.393928
vn -0.362469 -0.844652 -0.393928
vn -0.721084 -0.685441 -0.10104
vn -0.648039 -0.754875 -0.10104
vn -0.568345 -0.816563 -0.10104
vn -0.482818 -0.869872 -0.10104
vn -0.392338 -0.914255 -0.10104
vn -0.709993 -0.674899 0.201051
vn -0.638072 -0.743265 0.201051
vn -0.559603 -0.804004 0.201051
vn -0.475393 -0.856493 0.201051
vn -0.386303 -0.900193 0.201051
vn -0.29325 -0.934657 0.201051
f 1//1 2//1 3//1
f 3//1 2//1 4//1
f 3//2 4//2 5//2
f 5//2 4//2 6//2
f 5//3 6//3 7//3
f 7//3 6//3 8//3
f 7//4 8//4 9//4
f 9//4 8//4 10//4
f 9//5 10//5 11//5
f 11//5 10//5 12//5
f 11//6 12//6 13//6
f 13//6 12//6 14//6
f 13//7 14//7 15//7
f 15//7 14//7 16//7
f 15//8 16//8 17//8
f 17//8 16//8 18//8
f 17//9 18//9 19//9
f 19//9 18//9 20//9
f 19//10 20//10 21//10
f 21//10 20//10 22//10
f 21//11 22//11 23//11
f 23//11 22//11 24//11
f 23//12 24//12 25//12
f 25//12 24//12 26//12
f 25//13 26//13 27//13
f 27//13 26//13 28//13
f 27//14 28//14 29//14
f 29//14 28//14 30//14
f 29//15 30//15 31//15
f 31//15 30//15 32//15
f 31//16 32//16 33//16
f 33//16 32//16 34//16
f 33//17 34//17 35//17
f 35//17 34//17 36//17
f 35//18 36//18 37//18
f 37//18 36//18 38//18
f 37//19 38//19 39//19
f 39//19 38//19 40//19
f 39//20 40//20 41//20
f 41//20 40//20 42//20
f 41//21 42//21 43//21
f 43//21 42//21 44//21
f 43//22 44//22 45//22
f 45//22 44//22 46//22
f 45//23 46//23 47//23
f 47//23 46//23 48//23
f 47//24 48//24 49//24
f 49//24 48//24 50//24
f 49//25 50//25 51//25
f 51//25 50//25 52//25
f 51//26 52//26 53//26
f 53//26 52//26 54//26
f 53//27 54//27 55//27
f 55//27 54//27 56//27
f 55//28 56//28 57//28
f 57//28 56//28 58//28
f 57//29 58//29 59//29
f 59//29 58//29 60//29
f 59//30 60//30 61//30
f 61//30 60//30 62//30
f 61//31 62//31 63//31
f 63//31 62//31 64//31
f 65//32 66//32 67//32
f 67//32 66//32 68//32
f 67//33 68//33 69//33
f 69//33 68//33 64//33
f 69//31 64//31 70//31
f 70//31 64//31 62//31
f 70//30 62//30 71//30
f 71//30 62//30 60//30
f 71//29 60//29 72//29
f 72//29 60//29 58//29
f 72//28 58//28 73//28
f 73//28 58//28 56//28
f 73//27 56//27 74//27
f 74//27 56//27 54//27
f 74//26 54//26 75//26
f 75//26 54//26 52//26
f 75//25 52//25 76//25
f 76//25 52//25 50//25
f 76//24 50//24 77//24
f 77//24 78//24 79//24
f 77//23 79//23 80//23
f 80//23 79//23 81//23
f 80//22 81//22 82//22
f 82//22 81//22 83//22
f 82//21 83//21 84//21
f 84//21 83//21 85//21
f 84//20 85//20 86//20
f 86//20 85//20 87//20
f 86//19 87//19 88//19
f 88//19 87//19 89//19
f 88//34 89//34 90//34
f 90//34 89//34 91//34
f 90//35 91//35 92//35
f 92//35 91//35 93//35
f 92//36 93//36 94//36
f 94//36 93//36 95//36
f 94//37 95//37 96//37
f 96//37 95//37 97//37
f 96//38 97//38 98//38
f 98//38 97//38 99//38
f 98//39 99//39 100//39
f 100//39 99//39 101//39
f 100//40 101//40 102//40
f 102//40 101//40 103//40
f 102//41 103//41 104//41
f 104//41 103//41 105//41
f 104//42 105//42 106//42
f 106//42 105//42 107//42
f 106//43 107//43 108//43
f 108//43 107//43 109//43
f 108//44 109//44 110//44
f 110//44 109//44 111//44
f 110//45 111//45 112//45
f 112//45 111//45 113//45
f 112//46 113//46 114//46
f 114//46 113//46 115//46
f 114//47 115//47 116//47
f 116//47 115//47 117//47
f 116//48 117//48 118//48
f 118//48 117//48 119//48
f 118//49 119//49 120//49
f 120//49 119//49 121//49
f 122//50 123//50 124//50
f 124//50 123//50 125//50
f 125//50 123//50 126//50
f 125//50 126//50 127//50
f 127//50 126//50 128//50
f 127//50 128//50 129//50
f 129//50 128//50 130//50
f 129//50 130//50 131//50
f 131//50 130//50 132//50
f 131//50 132//50 133//50
f 133//50 132//50 134//50
f 133//50 134//50 135//50
f 135//50 134//50 136//50
f 135//50 136//50 137//50
f 137//50 136//50 138//50
f 137//50 138//50 139//50
f 139//50 138//50 140//50
f 139//50 140//50 141//50
f 141//50 140//50 142//50
f 141//50 142//50 143//50
f 143//50 142//50 144//50
f 143//50 144//50 145//50
f 145//50 144//50 146//50
f 145//50 146//50 147//50
f 147//50 146//50 148//50
f 147//50 148//50 149//50
f 149//50 148//50 150//50
f 149//50 150//50 151//50
f 151//50 150//50 152//50
f 151//50 152//50 153//50
f 153//50 152//50 154//50
f 153//50 154//50 155//50
f 155//50 154//50 156//50
f 155//50 156//50 157//50
f 157//50 156//50 158//50
f 157//50 158//50 159//50
f 159//50 158//50 160//50
f 159//50 160//50 161//50
f 161//50 160//50 162//50
f 161//50 162//50 163//50
f 163//50 162//50 164//50
f 163//50 164//50 165//50
f 165//50 164//50 166//50
f 165//50 166//50 167//50
f 167//50 166//50 168//50
f 167//50 168//50 169//50
f 169//50 168//50 170//50
f 169//50 170//50 171//50
f 171//50 170//50 172//50
f 171//50 172//50 173//50
f 174//51 175//51 176//51
f 176//52 175//52 177//52
f 176//53 177//53 178//53
f 178//54 177//54 179//54
f 179//55 177//55 180//55
f 179//56 180//56 181//56
f 181//57 180//57 182//57
f 182//58 180//58 183//58
f 182//59 183//59 184//59
f 184//60 183//60 185//60
f 184//61 185//61 186//61
f 186//61 185//61 187//61
f 186//62 187//62 188//62
f 188//63 187//63 189//63
f 188//64 189//64 190//64
f 190//65 189//65 191//65
f 190//66 191//66 192//66
f 192//67 191//67 193//67
f 193//68 191//68 194//68
f 194//69 191//69 195//69
f 194//70 195//70 196//70
f 196//71 195//71 197//71
f 196//72 197//72 198//72
f 198//73 197//73 199//73
f 198//74 199//74 200//74
f 200//75 199//75 201//75
f 200//76 201//76 202//76
f 202//77 201//77 203//77
f 202//78 203//78 204//78
f 204//79 203//79 205//79
f 204//80 205//80 206//80
f 206//81 205//81 207//81
f 206//82 207//82 208//82
f 208//83 207//83 209//83
f 208//84 209//84 210//84
f 210//85 209//85 211//85
f 210//86 211//86 212//86
f 212//87 211//87 213//87
f 212//88 213//88 214//88
f 214//89 213//89 215//89
f 214//90 215//90 216//90
f 216//91 215//91 217//91
f 216//92 217//92 218//92
f 218//93 217//93 219//93
f 218//94 219//94 220//94
f 220//95 219//95 221//95
f 220//96 221//96 222//96
f 222//97 221//97 223//97
f 222//98 223//98 224//98
f 224//99 223//99 225//99
f 224//100 225//100 226//100
f 226//101 225//101 227//101
f 226//102 227//102 228//102
f 228//103 227//103 229//103
f 228//104 229//104 230//104
f 231//105 232//105 233//105
f 233//106 232//106 234//106
f 233//107 234//107 235//107
f 235//108 234//108 236//108
f 235//109 236//109 237//109
f 237//109 236//109 238//109
f 237//110 238//110 239//110
f 239//110 238//110 240//110
f 239//111 240//111 241//111
f 241//111 240//111 242//111
f 241//112 242//112 243//112
f 243//112 242//112 244//112
f 243//113 244//113 245//113
f 245//113 244//113 246//113
f 245//114 246//114 247//114
f 247//114 246//114 248//114
f 247//115 248//115 249//115
f 249//115 248//115 250//115
f 249//116 250//116 251//116
f 251//116 250//116 252//116
f 251//117 252//117 253//117
f 253//117 252//117 254//117
f 253//118 254//118 255//118
f 255//118 254//118 256//118
f 255//119 256//119 257//119
f 257//119 256//119 258//119
f 257//120 258//120 259//120
f 259//120 258//120 260//120
f 259//121 260//121 261//121
f 261//121 260//121 262//121
f 261//122 262//122 263//122
f 263//122 262//122 264//122
f 263//123 264//123 265//123
f 265//123 264//123 266//123
f 265//124 266//124 267//124
f 267//124 266//124 268//124
f 267//125 268//125 269//125
f 269//125 268//125 270//125
f 269//126 270//126 271//126
f 271//126 270//126 272//126
f 271//127 272//127 273//127
f 273//127 272//127 274//127
f 273//128 274//128 275//128
f 275//128 274//128 276//128
f 275//129 276//129 277//129
f 277//129 276//129 278//129
f 277//130 278//130 279//130
f 279//130 278//130 280//130
f 279//131 280//131 281//131
f 281//131 280//131 282//131
f 281//132 282//132 283//132
f 283//132 282//132 284//132
f 283//133 284//133 285//133
f 285//134 284//134 286//134
f 285//135 286//135 287//135
f 287//136 286//136 288//136
f 287//137 288//137 289//137
f 289//138 288//138 290//138
f 290//139 288//139 291//139
f 290//140 291//140 292//140
f 292//141 291//141 293//141
f 293//142 291//142 294//142
f 293//143 294//143 295//143
f 295//144 294//144 296//144
f 295//144 296//144 297//144
f 297//145 296//145 298//145
f 297//145 298//145 299//145
f 299//146 298//146 300//146
f 299//146 300//146 301//146
f 301//147 300//147 302//147
f 301//147 302//147 303//147
f 303//148 302//148 304//148
f 303//148 304//148 305//148
f 305//149 304//149 306//149
f 305//149 306//149 307//149
f 307//150 306//150 308//150
f 307//150 308//150 309//150
f 309//151 308//151 310//151
f 309//151 310//151 311//151
f 311//152 310//152 312//152
f 311//152 312//152 313//152
f 313//153 312//153 314//153
f 313//153 314//153 315//153
f 315//154 314//154 316//154
f 315//154 316//154 317//154
f 317//155 316//155 318//155
f 319//156 320//156 321//156
f 321//157 320//157 322//157
f 321//158 322//158 323//158
f 323//159 322//159 324//159
f 323//160 324//160 325//160
f 325//161 324//161 326//161
f 325//162 326//162 327//162
f 327//163 326//163 328//163
f 327//164 328//164 329//164
f 329//165 328//165 330//165
f 329//166 330//166 331//166
f 331//167 330//167 332//167
f 331//168 332//168 333//168
f 333//169 332//169 334//169
f 333//170 334//170 335//170
f 335//171 334//171 336//171
f 335//172 336//172 337//172
f 337//173 336//173 338//173
f 337//174 338//174 339//174
f 339//175 338//175 340//175
f 339//176 340//176 341//176
f 341//177 340//177 342//177
f 341//178 342//178 343//178
f 343//179 342//179 344//179
f 343//180 344//180 345//180
f 345//181 344//181 346//181
f 345//182 346//182 347//182
f 347//183 346//183 348//183
f 347//184 348//184 349//184
f 350//185 351//185 352//185
f 352//186 351//186 353//186
f 352//187 353//187 354//187
f 354//188 353//188 355//188
f 354//189 355//189 356//189
f 357//190 358//190 356//190
f 356//191 358//191 359//191
f 356//192 359//192 360//192
f 360//193 359//193 361//193
f 357//194 362//194 358//194
f 358//195 362//195 363//195
f 358//196 363//196 364//196
f 364//197 363//197 365//197
f 364//198 365//198 366//198
f 366//199 365//199 367//199
f 366//200 367//200 368//200
f 368//201 367//201 369//201
f 368//202 369//202 370//202
f 370//203 369//203 371//203
f 370//204 371//204 372//204
f 372//205 371//205 373//205
f 372//206 373//206 374//206
f 374//207 373//207 375//207
f 374//208 375//208 376//208
f 376//209 375//209 377//209
f 376//210 377//210 378//210
f 378//211 377//211 379//211
f 378//212 379//212 380//212
f 380//213 379//213 381//213
f 380//214 381//214 382//214
f 382//215 381//215 383//215
f 382//216 383//216 384//216
f 384//217 383//217 385//217
f 384//218 385//218 386//218
f 386//219 385//219 387//219
f 386//220 387//220 388//220
f 362//221 389//221 363//221
f 363//222 389//222 390//222
f 391//223 390//223 392//223
f 392//224 390//224 393//224
f 392//225 393//225 394//225
f 394//225 393//225 395//225
f 394//226 395//226 396//226
f 396//226 395//226 397//226
f 396//227 397//227 398//227
f 398//227 397//227 399//227
f 398//228 399//228 400//228
f 390//229 401//229 393//229
f 393//230 401//230 402//230
f 393//231 402//231 403//231
f 403//232 402//232 404//232
f 403//233 404//233 405//233
f 403//233 405//233 406//233
f 406//234 405//234 407//234
f 406//235 407//235 408//235
f 406//236 408//236 409//236
f 409//237 408//237 410//237
f 411//238 412//238 413//238
f 413//239 412//239 414//239
f 414//240 415//240 416//240
f 416//241 415//241 417//241
f 416//242 417//242 418//242
f 418//243 417//243 419//243
f 418//244 419//244 420//244
f 421//245 422//245 423//245
f 423//246 422//246 424//246
f 423//247 424//247 425//247
f 425//248 424//248 426//248
f 426//249 424//249 427//249
f 426//250 427//250 428//250
f 428//251 427//251 429//251
f 421//252 430//252 422//252
f 422//253 430//253 431//253
f 422//254 431//254 432//254
f 432//255 431//255 433//255
f 432//256 433//256 434//256
f 434//256 433//256 435//256
f 434//257 435//257 436//257
f 436//257 435//257 437//257
f 436//258 437//258 438//258
f 438//258 437//258 439//258
f 438//259 439//259 440//259
f 440//259 439//259 441//259
f 440//260 441//260 442//260
f 442//260 441//260 443//260
f 442//261 443//261 444//261
f 444//261 443//261 445//261
f 444//262 445//262 446//262
f 446//262 445//262 447//262
f 446//263 447//263 448//263
f 448//263 447//263 449//263
f 448//264 449//264 450//264
f 450//264 449//264 451//264
f 450//265 451//265 452//265
f 452//265 451//265 453//265
f 452//266 453//266 454//266
f 454//266 453//266 455//266
f 454//267 455//267 456//267
f 456//267 455//267 457//267
f 456//268 457//268 458//268
f 458//268 457//268 459//268
f 458//269 459//269 460//269
f 460//269 459//269 461//269
f 460//270 461//270 462//270
f 462//270 461//270 463//270
f 462//271 463//271 464//271
f 464//271 463//271 465//271
f 464//272 465//272 466//272
f 466//272 465//272 467//272
f 466//273 467//273 468//273
f 468//273 467//273 469//273
f 468//274 469//274 470//274
f 470//274 469//274 471//274
f 470//275 471//275 472//275
f 472//275 471//275 473//275
f 472//276 473//276 474//276
f 474//276 473//276 475//276
f 474//277 475//277 476//277
f 476//277 475//277 477//277
f 476//278 477//278 478//278
f 478//278 477//278 479//278
f 478//279 479//279 480//279
f 480//279 479//279 481//279
f 480//280 481//280 482//280
f 482//281 481//281 483//281
f 484//282 485//282 486//282
f 486//283 485//283 487//283
f 486//284 487//284 488//284
f 488//285 487//285 489//285
f 488//286 489//286 490//286
f 490//287 489//287 491//287
f 490//288 491//288 492//288
f 492//289 491//289 493//289
f 492//290 493//290 494//290
f 494//291 493//291 495//291
f 494//292 495//292 496//292
f 496//293 495//293 497//293
f 496//294 497//294 498//294
f 498//295 497//295 499//295
f 498//296 499//296 500//296
f 500//297 499//297 501//297
f 500//298 501//298 502//298
f 502//299 501//299 503//299
f 502//300 503//300 504//300
f 504//301 503//301 505//301
f 505//302 503//302 506//302
f 505//303 506//303 507//303
f 507//304 506//304 508//304
f 507//305 508//305 509//305
f 509//306 508//306 510//306
f 509//307 510//307 511//307
f 511//308 510//308 512//308
f 511//309 512//309 513//309
f 513//310 512//310 514//310
f 513//311 514//311 515//311
f 515//312 514//312 516//312
f 515//312 516//312 517//312
f 517//313 516//313 518//313
f 517//313 518//313 519//313
f 519//314 518//314 520//314
f 519//314 520//314 521//314
f 521//315 520//315 522//315
f 521//315 522//315 523//315
f 523//316 522//316 524//316
f 523//316 524//316 525//316
f 525//317 524//317 526//317
f 525//317 526//317 527//317
f 527//318 526//318 528//318
f 527//318 528//318 529//318
f 529//319 528//319 530//319
f 529//319 530//319 531//319
f 531//320 530//320 532//320
f 531//320 532//320 533//320
f 533//321 532//321 534//321
f 533//321 534//321 535//321
f 535//322 534//322 536//322
f 535//322 536//322 537//322
f 537//323 536//323 538//323
f 537//323 538//323 539//323
f 539//324 538//324 540//324
f 539//324 540//324 541//324
f 541//325 540//325 542//325
f 541//325 542//325 543//325
f 543//326 542//326 544//326
f 543//326 544//326 545//326
f 545//327 544//327 546//327
f 545//327 546//327 547//327
f 547//328 546//328 548//328
f 547//328 548//328 549//328
f 549//329 548//329 550//329
f 549//329 550//329 551//329
f 551//330 550//330 552//330
f 551//330 552//330 553//330
f 553//331 552//331 554//331
f 553//331 554//331 555//331
f 555//332 554//332 556//332
f 555//332 556//332 557//332
f 557//333 556//333 558//333
f 557//333 558//333 559//333
f 559//334 558//334 560//334
f 561//335 562//335 563//335
f 563//336 562//336 564//336
f 563//337 564//337 565//337
f 565//338 564//338 566//338
f 565//339 566//339 567//339
f 568//340 569//340 567//340
f 567//341 569//341 570//341
f 567//342 570//342 571//342
f 571//343 570//343 572//343
f 569//344 568//344 573//344
f 573//345 568//345 574//345
f 573//346 574//346 575//346
f 573//347 575//347 576//347
f 576//348 575//348 577//348
f 576//349 577//349 578//349
f 578//350 577//350 579//350
f 578//351 579//351 580//351
f 580//352 579//352 581//352
f 580//353 581//353 582//353
f 582//354 581//354 583//354
f 582//355 583//355 584//355
f 584//356 583//356 581//356
f 584//357 585//357 582//357
f 582//357 585//357 586//357
f 582//358 586//358 587//358
f 587//358 586//358 588//358
f 587//359 588//359 589//359
f 589//359 588//359 590//359
f 589//360 590//360 591//360
f 591//360 590//360 592//360
f 591//361 592//361 593//361
f 593//361 592//361 594//361
f 593//362 594//362 595//362
f 595//362 594//362 596//362
f 595//363 596//363 597//363
f 597//363 596//363 598//363
f 597//364 598//364 599//364
f 599//364 598//364 600//364
f 585//365 601//365 586//365
f 586//366 601//366 602//366
f 586//367 602//367 588//367
f 588//367 602//367 603//367
f 588//368 603//368 590//368
f 590//368 603//368 604//368
f 590//369 604//369 592//369
f 592//369 604//369 605//369
f 592//370 605//370 594//370
f 594//370 605//370 606//370
f 594//371 606//371 596//371
f 596//371 606//371 607//371
f 596//372 607//372 598//372
f 598//372 607//372 608//372
f 598//373 608//373 600//373
f 600//373 608//373 609//373
f 601//374 610//374 602//374
f 602//375 610//375 611//375
f 602//376 611//376 612//376
f 612//377 611//377 613//377
f 612//378 613//378 614//378
f 614//379 613//379 615//379
f 614//380 615//380 616//380
f 614//381 616//381 617//381
f 617//382 616//382 618//382
f 617//383 618//383 619//383
f 620//384 621//384 622//384
f 622//385 621//385 623//385
f 622//386 623//386 624//386
f 624//387 623//387 625//387
f 624//388 625//388 626//388
f 626//389 625//389 627//389
f 626//390 627//390 627//390
f 627//391 627//391 628//391
f 627//392 628//392 629//392
f 621//393 620//393 630//393
f 630//394 620//394 631//394
f 630//395 631//395 632//395
f 632//396 631//396 633//396
f 632//397 633//397 634//397
f 634//398 633//398 635//398
f 634//399 635//399 636//399
f 636//400 635//400 637//400
f 636//401 637//401 638//401
f 638//402 637//402 639//402
f 638//403 639//403 640//403
f 640//404 639//404 641//404
f 640//405 641//405 642//405
f 642//406 641//406 643//406
f 642//407 643//407 644//407
f 644//408 643//408 645//408
f 644//409 645//409 646//409
f 646//410 645//410 647//410
f 633//411 648//411 635//411
f 635//412 648//412 649//412
f 635//400 649//400 637//400
f 637//413 649//413 650//413
f 637//402 650//402 639//402
f 639//414 650//414 651//414
f 639//404 651//404 641//404
f 641//415 651//415 652//415
f 641//406 652//406 643//406
f 643//416 652//416 653//416
f 643//408 653//408 645//408
f 645//417 653//417 654//417
f 645//410 654//410 647//410
f 647//418 654//418 655//418
f 648//419 656//419 649//419
f 649//420 656//420 657//420
f 649//413 657//413 650//413
f 650//421 657//421 658//421
f 650//414 658//414 651//414
f 651//422 658//422 659//422
f 651//415 659//415 652//415
f 652//423 659//423 660//423
f 652//416 660//416 653//416
f 653//424 660//424 661//424
f 653//417 661//417 654//417
f 654//425 661//425 662//425
f 654//418 662//418 655//418
f 655//426 662//426 663//426
f 656//427 664//427 657//427
f 657//428 664//428 665//428
f 657//421 665//421 658//421
f 658//429 665//429 666//429
f 658//422 666//422 659//422
f 659//430 666//430 667//430
f 659//423 667//423 660//423
f 660//431 667//431 668//431
f 660//424 668//424 661//424
f 661//432 668//432 669//432
f 661//425 669//425 662//425
f 662//433 669//433 670//433
f 662//426 670//426 663//426
f 663//434 670//434 671//434
f 664//435 672//435 665//435
f 665//436 672//436 673//436
f 665//429 673//429 666//429
f 666//437 673//437 674//437
f 666//430 674//430 667//430
f 667//438 674//438 675//438
f 667//431 675//431 668//431
f 668//439 675//439 676//439
f 668//432 676//432 669//432
f 669//440 676//440 677//440
f 669//433 677//433 670//433
f 670//441 677//441 678//441
f 670//434 678//434 671//434
f 671//442 678//442 679//442
f 672//443 680//443 673//443
f 673//444 680//444 681//444
f 673//437 681//437 674//437
f 674//445 681//445 682//445
f 674//438 682//438 675//438
f 675//446 682//446 683//446
f 675//439 683//439 676//439
f 676//447 683//447 684//447
f 676//440 684//440 677//440
f 677//448 684//448 685//448
f 677//441 685//441 678//441
f 678//449 685//449 686//449
f 678//442 686//442 679//442
f 679//450 686//450 687//450
f 681//451 680//451 688//451
f 688//452 680//452 689//452
f 688//453 689//453 690//453
f 690//454 689//454 691//454
f 690//455 691//455 692//455
f 692//456 691//456 693//456
f 692//457 693//457 694//457
f 694//458 693//458 695//458
f 694//459 695//459 696//459
f 696//460 695//460 697//460
f 696//461 697//461 698//461
f 698//462 697//462 699//462
f 698//463 699//463 700//463
f 700//464 699//464 701//464
f 700//465 701//465 702//465
f 702//466 701//466 703//466
f 702//467 703//467 704//467
f 704//468 703//468 705//468
f 704//469 705//469 706//469
f 706//470 705//470 707//470
f 706//471 707//471 708//471
f 708//472 707//472 709//472
f 708//473 709//473 710//473
f 710//474 709//474 711//474
f 697//475 712//475 699//475
f 699//476 712//476 713//476
f 699//464 713//464 701//464
f 701//477 713//477 714//477
f 701//466 714//466 703//466
f 703//478 714//478 715//478
f 703//468 715//468 705//468
f 705//479 715//479 716//479
f 705//470 716//470 707//470
f 707//480 716//480 717//480
f 707//472 717//472 709//472
f 709//481 717//481 718//481
f 709//474 718//474 711//474
f 711//482 718//482 719//482
f 712//483 720//483 713//483
f 713//484 720//484 721//484
f 713//477 721//477 714//477
f 714//485 721//485 722//485
f 714//478 722//478 715//478
f 715//486 722//486 723//486
f 715//479 723//479 716//479
f 716//487 723//487 724//487
f 716//480 724//480 717//480
f 717//488 724//488 725//488
f 717//481 725//481 718//481
f 718//489 725//489 726//489
f 718//482 726//482 719//482
f 719//490 726//490 727//490
f 720//491 728//491 721//491
f 721//492 728//492 729//492
f 721//485 729//485 722//485
f 722//493 729//493 730//493
f 722//486 730//486 723//486
f 723//494 730//494 731//494
f 723//487 731//487 724//487
f 724//495 731//495 732//495
f 724//488 732//488 725//488
f 725//496 732//496 733//496
f 725//489 733//489 726//489
f 726//497 733//497 734//497
f 726//490 734//490 727//490
f 727//498 734//498 735//498
f 728//499 736//499 729//499
f 729//500 736//500 737//500
f 729//493 737//493 730//493
f 730//501 737//501 738//501
f 730//494 738//494 731//494
f 731//502 738//502 739//502
f 731//495 739//495 732//495
f 732//503 739//503 740//503
f 732//496 740//496 733//496
f 733//504 740//504 741//504
f 733//497 741//497 734//497
f 734//505 741//505 742//505
f 734//498 742//498 735//498
f 735//506 742//506 743//506
f 736//507 744//507 737//507
f 737//508 744//508 745//508
f 737//501 745//501 738//501
f 738//509 745//509 746//509
f 738//502 746//502 739//502
f 739//510 746//510 747//510
f 739//503 747//503 740//503
f 740//511 747//511 748//511
f 740//504 748//504 741//504
f 741//512 748//512 749//512
f 741//505 749//505 742//505
f 742//513 749//513 750//513
f 742//506 750//506 743//506
f 743//514 750//514 751//514
f 745//515 744//515 752//515
f 752//516 744//516 753//516
f 752//517 753//517 754//517
f 754//518 753//518 755//518
f 754//519 755//519 756//519
f 756//520 755//520 757//520
f 756//521 757//521 758//521
f 758//522 757//522 759//522
f 758//523 759//523 760//523
f 760//524 759//524 761//524
f 760//525 761//525 762//525
f 762//526 761//526 763//526
f 762//527 763//527 764//527
f 764//528 763//528 765//528
f 764//529 765//529 766//529
f 766//530 765//530 767//530
f 766//531 767//531 768//531
f 768//532 767//532 769//532
f 768//533 769//533 770//533
f 770//534 769//534 771//534
f 770//535 771//535 772//535
f 772//536 771//536 773//536
f 772//537 773//537 751//537
f 761//538 774//538 763//538
f 763//539 774//539 775//539
f 763//540 775//540 765//540
f 765//541 775//541 776//541
f 765//542 776//542 767//542
f 767//543 776//543 777//543
f 767//544 777//544 769//544
f 769//545 777//545 778//545
f 769//546 778//546 771//546
f 771//547 778//547 779//547
f 771//548 779//548 773//548
f 774//549 780//549 775//549
f 775//550 780//550 781//550
f 775//551 781//551 782//551
f 782//552 781//552 783//552
f 782//553 783//553 784//553
f 784//554 783//554 785//554
f 784//555 785//555 786//555
f 786//556 785//556 787//556
f 786//557 787//557 788//557
f 788//558 787//558 789//558
f 788//559 789//559 790//559
f 790//560 789//560 791//560
f 790//561 791//561 792//561
f 792//562 791//562 793//562
f 792//563 793//563 794//563
f 794//564 793//564 795//564
f 794//565 795//565 796//565
f 796//566 795//566 797//566
f 796//567 797//567 798//567
f 798//568 797//568 799//568
f 798//569 799//569 800//569
f 800//570 799//570 801//570
f 800//571 801//571 802//571
f 802//572 801//572 803//572
f 802//573 803//573 804//573
f 804//574 803//574 805//574
f 804//575 805//575 806//575
f 806//576 805//576 807//576
f 806//577 807//577 808//577
f 808//578 807//578 809//578
f 808//579 809//579 810//579
f 810//580 809//580 811//580
f 810//581 811//581 812//581
f 812//582 811//582 813//582
f 812//583 813//583 814//583
f 814//584 813//584 815//584
f 814//585 815//585 816//585
f 816//586 815//586 817//586
f 816//587 817//587 818//587
f 818//588 817//588 819//588
f 818//589 819//589 820//589
f 820//590 819//590 821//590
f 820//591 821//591 822//591
f 822//592 821//592 823//592
f 822//593 823//593 824//593
f 825//594 826//594 827//594
f 827//595 826//595 828//595
f 827//596 828//596 829//596
f 829//597 828//597 830//597
f 829//598 830//598 831//598
f 831//599 830//599 832//599
f 831//600 832//600 833//600
f 833//601 832//601 834//601
f 833//602 834//602 835//602
f 835//603 834//603 836//603
f 835//604 836//604 837//604
f 837//605 836//605 838//605
f 837//606 838//606 839//606
f 839//607 838//607 840//607
f 839//608 840//608 841//608
f 841//609 840//609 842//609
f 841//610 842//610 843//610
f 843//611 842//611 844//611
f 843//612 844//612 845//612
f 845//613 844//613 846//613
f 845//614 846//614 847//614
f 847//615 846//615 848//615
f 847//616 848//616 849//616
f 849//617 848//617 850//617
f 849//618 850//618 851//618
f 851//619 850//619 852//619
f 851//620 852//620 853//620
f 853//621 852//621 854//621
f 853//622 854//622 855//622
f 855//623 854//623 856//623
f 855//624 856//624 857//624
f 857//625 856//625 858//625
f 857//626 858//626 859//626
f 859//627 858//627 860//627
f 859//628 860//628 861//628
f 861//629 860//629 862//629
f 861//630 862//630 863//630
f 863//631 862//631 864//631
f 863//632 864//632 865//632
f 865//633 864//633 866//633
f 865//634 866//634 867//634
f 867//635 866//635 868//635
f 867//636 868//636 869//636
f 870//637 871//637 872//637
f 872//638 871//638 873//638
f 872//639 873//639 874//639
f 874//640 873//640 875//640
f 874//641 875//641 876//641
f 876//642 875//642 877//642
f 876//643 877//643 878//643
f 878//644 877//644 879//644
f 878//645 879//645 880//645
f 880//646 879//646 881//646
f 880//647 881//647 882//647
f 882//648 881//648 883//648
f 882//649 883//649 884//649
f 884//650 883//650 885//650
f 884//651 885//651 886//651
f 886//652 885//652 887//652
f 886//653 887//653 888//653
f 888//654 887//654 889//654
f 888//655 889//655 890//655
f 890//656 889//656 891//656
f 890//657 891//657 892//657
f 892//658 891//658 893//658
f 892//659 893//659 894//659
f 894//660 893//660 895//660
f 894//661 895//661 896//661
f 896//662 895//662 897//662
f 896//663 897//663 898//663
f 898//664 897//664 899//664
f 898//665 899//665 900//665
f 900//666 899//666 901//666
f 900//667 901//667 902//667
f 902//668 901//668 903//668
f 902//669 903//669 904//669
f 904//670 903//670 905//670
f 904//671 905//671 906//671
f 906//672 905//672 907//672
f 906//673 907//673 908//673
f 908//674 907//674 909//674
f 908//675 909//675 910//675
f 910//676 909//676 911//676
f 910//677 911//677 912//677
f 913//678 914//678 915//678
f 915//679 914//679 916//679
f 915//680 916//680 917//680
f 917//681 916//681 918//681
f 917//682 918//682 919//682
f 919//683 918//683 920//683
f 919//684 920//684 921//684
f 921//685 920//685 922//685
f 921//686 922//686 923//686
f 923//687 922//687 924//687
f 923//688 924//688 925//688
f 925//689 924//689 926//689
f 925//690 926//690 927//690
f 927//691 926//691 928//691
f 927//692 928//692 929//692
f 929//693 928//693 930//693
f 929//694 930//694 931//694
f 931//695 930//695 932//695
f 931//696 932//696 933//696
f 933//697 932//697 934//697
f 933//698 934//698 935//698
f 935//699 934//699 936//699
f 935//700 936//700 937//700
f 937//701 936//701 938//701
f 937//702 938//702 939//702
f 939//703 938//703 940//703
f 939//704 940//704 941//704
f 941//705 940//705 942//705
f 941//706 942//706 943//706
f 943//707 942//707 944//707
f 943//708 944//708 945//708
f 945//709 944//709 946//709
f 945//710 946//710 947//710
f 947//711 946//711 948//711
f 947//712 948//712 949//712
f 949//713 948//713 950//713
f 949//714 950//714 951//714
f 951//715 950//715 952//715
f 951//716 952//716 953//716
f 954//717 955//717 956//717
f 956//718 955//718 957//718
f 956//719 957//719 958//719
f 958//720 957//720 959//720
f 958//721 959//721 960//721
f 960//722 959//722 961//722
f 960//723 961//723 962//723
f 962//724 961//724 963//724
f 962//725 963//725 964//725
f 964//726 963//726 965//726
f 964//727 965//727 966//727
f 966//728 965//728 967//728
f 966//729 967//729 968//729
f 968//730 967//730 969//730
f 968//731 969//731 970//731
f 970//732 969//732 971//732
f 970//733 971//733 972//733
f 972//734 971//734 973//734
f 972//735 973//735 974//735
f 974//736 973//736 975//736
f 974//737 975//737 976//737
f 976//738 975//738 977//738
f 976//739 977//739 978//739
f 978//740 977//740 979//740
f 978//741 979//741 980//741
f 980//742 979//742 981//742
f 980//743 981//743 982//743
f 982//744 981//744 983//744
f 982//745 983//745 984//745
f 984//746 983//746 985//746
f 984//747 985//747 986//747
f 986//748 985//748 987//748
f 986//749 987//749 988//749
f 988//750 987//750 989//750
f 988//751 989//751 990//751
f 990//752 989//752 991//752
f 990//753 991//753 992//753
f 993//754 994//754 995//754
f 995//755 994//755 996//755
f 995//756 996//756 997//756
f 997//757 996//757 998//757
f 997//758 998//758 999//758
f 999//759 998//759 1000//759
f 999//760 1000//760 1001//760
f 1001//761 1000//761 1002//761
f 1001//762 1002//762 1003//762
f 1003//763 1002//763 1004//763
f 1003//764 1004//764 1005//764
f 1005//765 1004//765 1006//765
f 1005//766 1006//766 1007//766
f 1007//767 1006//767 1008//767
f 1007//768 1008//768 1009//768
f 1009//769 1008//769 1010//769
f 1009//770 1010//770 1011//770
f 1011//771 1010//771 1012//771
f 1011//772 1012//772 1013//772
f 1013//773 1012//773 1014//773
f 1013//774 1014//774 1015//774
f 1015//775 1014//775 1016//775
f 1015//776 1016//776 1017//776
f 1017//777 1016//777 1018//777
f 1017//778 1018//778 1019//778
f 1019//779 1018//779 1020//779
f 1019//780 1020//780 1021//780
f 1021//781 1020//781 1022//781
f 1021//782 1022//782 1023//782
f 1023//783 1022//783 1024//783
f 1023//784 1024//784 1025//784
f 1025//785 1024//785 1026//785
f 1025//786 1026//786 1027//786
f 1004//787 1028//787 1006//787
f 1006//788 1028//788 1029//788
f 1006//789 1029//789 1008//789
f 1008//790 1029//790 1030//790
f 1008//791 1030//791 1010//791
f 1010//792 1030//792 1031//792
f 1010//793 1031//793 1012//793
f 1012//794 1031//794 1032//794
f 1012//795 1032//795 1014//795
f 1014//796 1032//796 1033//796
f 1014//797 1033//797 1016//797
f 1016//798 1033//798 1034//798
f 1016//799 1034//799 1018//799
f 1018//800 1034//800 1035//800
f 1018//801 1035//801 1020//801
f 1020//802 1035//802 1036//802
f 1020//803 1036//803 1022//803
f 1022//804 1036//804 1037//804
f 1022//805 1037//805 1024//805
f 1024//806 1037//806 1038//806
f 1024//807 1038//807 1026//807
f 1028//808 1039//808 1029//808
f 1029//809 1039//809 1040//809
f 1029//810 1040//810 1030//810
f 1030//811 1040//811 1041//811
f 1030//812 1041//812 1031//812
f 1031//813 1041//813 1042//813
f 1031//814 1042//814 1032//814
f 1032//815 1042//815 1043//815
f 1032//816 1043//816 1033//816
f 1033//817 1043//817 1044//817
f 1033//818 1044//818 1034//818
f 1034//819 1044//819 1045//819
f 1034//820 1045//820 1035//820
f 1035//821 1045//821 1046//821
f 1035//822 1046//822 1036//822
f 1036//823 1046//823 1047//823
f 1036//824 1047//824 1037//824
f 1037//825 1047//825 1048//825
f 1037//826 1048//826 1038//826
f 1039//827 1049//827 1040//827
f 1040//828 1049//828 1050//828
f 1040//829 1050//829 1041//829
f 1041//830 1050//830 1051//830
f 1041//831 1051//831 1042//831
f 1042//832 1051//832 1052//832
f 1042//833 1052//833 1043//833
f 1043//834 1052//834 1053//834
f 1043//835 1053//835 1044//835
f 1044//836 1053//836 1054//836
f 1044//837 1054//837 1045//837
f 1045//838 1054//838 1055//838
f 1045//839 1055//839 1046//839
f 1046//840 1055//840 1056//840
f 1046//841 1056//841 1047//841
f 1047//842 1056//842 1057//842
f 1047//843 1057//843 1048//843
f 1049//844 1058//844 1050//844
f 1050//845 1058//845 1059//845
f 1050//846 1059//846 1051//846
f 1051//847 1059//847 1060//847
f 1051//848 1060//848 1052//848
f 1052//849 1060//849 1061//849
f 1052//850 1061//850 1053//850
f 1053//851 1061//851 1062//851
f 1053//852 1062//852 1054//852
f 1054//853 1062//853 1063//853
f 1054//854 1063//854 1055//854
f 1055//855 1063//855 1064//855
f 1055//856 1064//856 1056//856
f 1056//857 1064//857 1065//857
f 1056//858 1065//858 1057//858
f 1058//859 1066//859 1059//859
f 1059//860 1066//860 1067//860
f 1059//847 1067//847 1060//847
f 1060//861 1067//861 1068//861
f 1060//849 1068//849 1061//849
f 1061//862 1068//862 1069//862
f 1061//851 1069//851 1062//851
f 1062//863 1069//863 1070//863
f 1062//853 1070//853 1063//853
f 1063//864 1070//864 1071//864
f 1063//855 1071//855 1064//855
f 1064//865 1071//865 1072//865
f 1064//857 1072//857 1065//857
f 1067//866 1066//866 1073//866
f 1073//867 1066//867 1074//867
f 1073//868 1074//868 1075//868
f 1075//869 1074//869 1076//869
f 1075//870 1076//870 1077//870
f 1077//871 1076//871 1078//871
f 1077//872 1078//872 1079//872
f 1079//873 1078//873 1080//873
f 1079//874 1080//874 1081//874
f 1081//875 1080//875 1082//875
f 1083//876 1084//876 1085//876
f 1085//877 1084//877 1086//877
f 1087//878 1088//878 1089//878
f 1089//879 1088//879 1090//879
f 1091//880 1088//880 1092//880
f 1092//881 1088//881 1093//881
f 1094//882 1088//882 1095//882
f 1095//883 1088//883 1096//883
f 1096//884 1088//884 1097//884
f 1097//885 1088//885 1098//885
f 1098//886 1088//886 1099//886
f 1099//887 1088//887 1100//887
f 1100//888 1088//888 1101//888
f 1101//889 1088//889 1102//889
f 1102//890 1088//890 1103//890
f 1103//891 1088//891 1104//891
f 1104//892 1088//892 1105//892
f 1105//893 1088//893 1106//893
f 1106//894 1088//894 1107//894
f 1107//895 1088//895 1108//895
f 1108//896 1088//896 1109//896
f 1110//897 1088//897 1111//897
f 1111//898 1088//898 1112//898
f 1112//899 1088//899 1113//899
f 1113//900 1088//900 1114//900
f 1114//901 1088//901 1115//901
f 1115//902 1116//902 1117//902
f 1117//903 1116//903 1118//903
f 1118//904 1116//904 1119//904
f 1119//905 1116//905 1120//905
f 1120//906 1116//906 1121//906
f 1121//907 1116//907 1122//907
f 1122//908 1116//908 1123//908
f 1123//909 1116//909 1124//909
f 1124//910 1116//910 1125//910
f 1125//911 1116//911 1126//911
f 1126//912 1116//912 1127//912
f 1127//913 1116//913 1128//913
f 1128//914 1116//914 1129//914
f 1129//915 1116//915 1130//915
f 1130//916 1116//916 1131//916
f 1132//917 1116//917 1133//917
f 1134//918 1116//918 1135//918
f 1135//919 1116//919 1136//919
f 1136//920 1116//920 1137//920
f 1137//921 1116//921 1138//921
f 1138//922 1116//922 1139//922
f 1139//923 1116//923 1140//923
f 1140//924 1116//924 1141//924
f 1141//925 1116//925 1142//925
f 1142//926 1116//926 1143//926
f 1144//927 1145//927 1146//927
f 1147//928 1145//928 1148//928
f 1148//929 1145//929 1149//929
f 1149//930 1145//930 1150//930
f 1151//931 1152//931 1153//931
f 1154//932 1155//932 1156//932
f 1156//932 1155//932 1157//932
f 1156//933 1157//933 1158//933
f 1158//933 1157//933 1159//933
f 1158//934 1159//934 1160//934
f 1160//934 1159//934 1161//934
f 1160//935 1161//935 1162//935
f 1162//935 1161//935 1163//935
f 1162//936 1163//936 1164//936
f 1164//936 1163//936 1165//936
f 1164//937 1165//937 1166//937
f 1155//938 1167//938 1157//938
f 1157//938 1167//938 1168//938
f 1157//939 1168//939 1159//939
f 1159//939 1168//939 1169//939
f 1159//940 1169//940 1161//940
f 1161//940 1169//940 1170//940
f 1161//941 1170//941 1163//941
f 1163//941 1170//941 1171//941
f 1163//942 1171//942 1165//942
f 1154//943 1172//943 1155//943
f 1155//944 1172//944 1173//944
f 1155//944 1173//944 1167//944
f 1167//945 1173//945 1174//945
f 1167//945 1174//945 1175//945
f 1175//946 1174//946 1176//946
f 1175//946 1176//946 1177//946
f 1177//947 1176//947 1178//947
f 1177//947 1178//947 1179//947
f 1179//948 1178//948 1180//948
f 1179//948 1180//948 1181//948
f 1181//949 1180//949 1182//949
f 1167//950 1175//950 1168//950
f 1168//950 1175//950 1183//950
f 1168//951 1183//951 1169//951
f 1169//951 1183//951 1184//951
f 1169//952 1184//952 1170//952
f 1170//952 1184//952 1185//952
f 1170//953 1185//953 1171//953
f 1175//954 1177//954 1183//954
f 1183//954 1177//954 1186//954
f 1183//955 1186//955 1184//955
f 1184//955 1186//955 1187//955
f 1184//956 1187//956 1185//956
f 1177//957 1179//957 1186//957
f 1186//957 1179//957 1188//957
f 1186//958 1188//958 1187//958
f 1179//959 1181//959 1188//959
f 1189//960 1190//960 1191//960
f 1191//961 1190//961 1192//961
f 1193//962 1192//962 1194//962
f 1194//963 1192//963 1190//963
f 1195//964 1196//964 1197//964
f 1197//964 1196//964 1198//964
f 1197//965 1198//965 1199//965
f 1199//965 1198//965 1200//965
f 1199//966 1200//966 1201//966
f 1201//966 1200//966 1202//966
f 1201//967 1202//967 1203//967
f 1203//967 1202//967 1204//967
f 1203//968 1204//968 1205//968
f 1196//969 1206//969 1198//969
f 1198//969 1206//969 1207//969
f 1198//970 1207//970 1200//970
f 1200//970 1207//970 1208//970
f 1200//971 1208//971 1202//971
f 1202//971 1208//971 1209//971
f 1202//972 1209//972 1204//972
f 1195//973 1210//973 1196//973
f 1196//974 1210//974 1211//974
f 1196//974 1211//974 1206//974
f 1206//975 1211//975 1212//975
f 1206//975 1212//975 1213//975
f 1206//976 1213//976 1207//976
f 1207//976 1213//976 1214//976
f 1207//977 1214//977 1208//977
f 1208//977 1214//977 1215//977
f 1208//978 1215//978 1209//978
f 1216//979 1217//979 1218//979
f 1218//980 1217//980 1219//980
f 1218//981 1219//981 1220//981
f 1220//982 1219//982 1221//982
f 1220//983 1221//983 1222//983
f 1222//983 1221//983 1223//983
f 1222//984 1223//984 1224//984
f 1224//984 1223//984 1225//984
f 1224//985 1225//985 1226//985
f 1226//985 1225//985 1227//985
f 1226//986 1227//986 1228//986
f 1228//986 1227//986 1229//986
f 1228//987 1229//987 1230//987
f 1230//987 1229//987 1231//987
f 1230//988 1231//988 1232//988
f 1232//988 1231//988 1233//988
f 1232//989 1233//989 1234//989
f 1234//989 1233//989 1235//989
f 1234//990 1235//990 1236//990
f 1236//990 1235//990 1237//990
f 1236//991 1237//991 1238//991
f 1238//991 1237//991 1239//991
f 1238//992 1239//992 1240//992
f 1240//992 1239//992 1241//992
f 1240//993 1241//993 1242//993
f 1242//993 1241//993 1243//993
f 1242//994 1243//994 1244//994
f 1244//994 1243//994 1245//994
f 1244//995 1245//995 1246//995
f 1246//995 1245//995 1247//995
f 1246//996 1247//996 1248//996
f 1248//996 1247//996 1249//996
f 1248//997 1249//997 1250//997
f 1250//997 1249//997 1251//997
f 1250//998 1251//998 1252//998
f 1252//998 1251//998 1253//998
f 1252//999 1253//999 1254//999
f 1254//999 1253//999 1255//999
f 1254//1000 1255//1000 1256//1000
f 1256//1000 1255//1000 1257//1000
f 1256//1001 1257//1001 1258//1001
f 1258//1001 1257//1001 1259//1001
f 1258//1002 1259//1002 1260//1002
f 1260//1002 1259//1002 1261//1002
f 1260//1003 1261//1003 1262//1003
f 1262//1003 1261//1003 1263//1003
f 1262//1004 1263//1004 1264//1004
f 1264//1004 1263//1004 1265//1004
f 1264//1005 1265//1005 1266//1005
f 1266//1005 1265//1005 1267//1005
f 1266//1006 1267//1006 1268//1006
f 1268//1006 1267//1006 1269//1006
f 1268//1007 1269//1007 1270//1007
f 1270//1007 1269//1007 1271//1007
f 1270//1008 1271//1008 1272//1008
f 1272//1008 1271//1008 1273//1008
f 1272//1009 1273//1009 1274//1009
f 1274//1009 1273//1009 1275//1009
f 1274//1010 1275//1010 1276//1010
f 1276//1010 1275//1010 1277//1010
f 1276//1011 1277//1011 1278//1011
f 1278//1011 1277//1011 1279//1011
f 1278//1012 1279//1012 1280//1012
f 1280//1012 1279//1012 1281//1012
f 1280//1013 1281//1013 1282//1013
f 1282//1013 1281//1013 1283//1013
f 1282//1014 1283//1014 1284//1014
f 1284//1014 1283//1014 1285//1014
f 1284//1015 1285//1015 1286//1015
f 1286//1015 1285//1015 1287//1015
f 1286//1016 1287//1016 1288//1016
f 1288//1016 1287//1016 1289//1016
f 1288//1017 1289//1017 1290//1017
f 1290//1017 1289//1017 1291//1017
f 1290//1018 1291//1018 1292//1018
f 1293//1019 1270//1019 1294//1019
f 1294//1019 1270//1019 1272//1019
f 1294//1020 1272//1020 1295//1020
f 1295//1020 1272//1020 1274//1020
f 1295//1021 1274//1021 1296//1021
f 1296//1021 1274//1021 1276//1021
f 1296//1022 1276//1022 1297//1022
f 1297//1022 1276//1022 1278//1022
f 1297//1023 1278//1023 1298//1023
f 1298//1023 1278//1023 1280//1023
f 1298//1024 1280//1024 1299//1024
f 1299//1024 1280//1024 1282//1024
f 1299//1025 1282//1025 1300//1025
f 1300//1025 1282//1025 1284//1025
f 1300//1026 1284//1026 1301//1026
f 1301//1026 1284//1026 1286//1026
f 1301//1027 1286//1027 1302//1027
f 1302//1027 1286//1027 1288//1027
f 1302//1028 1288//1028 1303//1028
f 1303//1028 1288//1028 1290//1028
f 1303//1029 1290//1029 1304//1029
f 1304//1029 1290//1029 1292//1029
f 1304//1030 1292//1030 1305//1030
f 1306//1031 1293//1031 1307//1031
f 1307//1031 1293//1031 1308//1031
f 1307//1032 1308//1032 1309//1032
f 1309//1032 1308//1032 1310//1032
f 1309//1033 1310//1033 1311//1033
f 1311//1033 1310//1033 1312//1033
f 1311//1034 1312//1034 1313//1034
f 1313//1034 1312//1034 1314//1034
f 1313//1035 1314//1035 1315//1035
f 1315//1035 1314//1035 1316//1035
f 1315//1036 1316//1036 1317//1036
f 1317//1036 1316//1036 1318//1036
f 1317//1037 1318//1037 1319//1037
f 1319//1037 1318//1037 1320//1037
f 1319//1038 1320//1038 1321//1038
f 1321//1038 1320//1038 1322//1038
f 1321//1039 1322//1039 1323//1039
f 1323//1039 1322//1039 1324//1039
f 1323//1040 1324//1040 1325//1040
f 1325//1040 1324//1040 1326//1040
f 1325//1041 1326//1041 1327//1041
f 1327//1041 1326//1041 1328//1041
f 1327//1042 1328//1042 1329//1042
f 1329//1042 1328//1042 1330//1042
f 1329//1043 1330//1043 1331//1043
f 1331//1043 1330//1043 1332//1043
f 1331//1044 1332//1044 1333//1044
f 1333//1044 1332//1044 1334//1044
f 1333//1045 1334//1045 1335//1045
f 1335//1045 1334//1045 1336//1045
f 1335//1046 1336//1046 1337//1046
f 1337//1046 1336//1046 1338//1046
f 1337//1047 1338//1047 1339//1047
f 1339//1047 1338//1047 1340//1047
f 1339//1048 1340//1048 1341//1048
f 1341//1048 1340//1048 1342//1048
f 1341//1049 1342//1049 1343//1049
f 1343//1049 1342//1049 1344//1049
f 1343//1050 1344//1050 1345//1050
f 1345//1050 1344//1050 1346//1050
f 1345//1051 1346//1051 1347//1051
f 1347//1051 1346//1051 1348//1051
f 1347//1052 1348//1052 1349//1052
f 1349//1052 1348//1052 1350//1052
f 1349//1053 1350//1053 1351//1053
f 1351//1053 1350//1053 1352//1053
f 1351//1054 1352//1054 1353//1054
f 1353//1054 1352//1054 1354//1054
f 1353//1055 1354//1055 1355//1055
f 1355//1055 1354//1055 1356//1055
f 1355//1056 1356//1056 1357//1056
f 1358//1057 1359//1057 1360//1057
f 1360//1057 1359//1057 1361//1057
f 1360//1058 1361//1058 1362//1058
f 1362//1058 1361//1058 1363//1058
f 1362//1059 1363//1059 1364//1059
f 1364//1059 1363//1059 1365//1059
f 1364//1060 1365//1060 1366//1060
f 1366//1060 1365//1060 1367//1060
f 1366//1061 1367//1061 1368//1061
f 1368//1061 1367//1061 1369//1061
f 1368//1062 1369//1062 1370//1062
f 1370//1062 1369//1062 1371//1062
f 1370//1063 1371//1063 1372//1063
f 1372//1063 1371//1063 1373//1063
f 1372//1064 1373//1064 1374//1064
f 1374//1064 1373//1064 1375//1064
f 1374//1065 1375//1065 1376//1065
f 1376//1065 1375//1065 1377//1065
f 1376//1066 1377//1066 1378//1066
f 1359//1067 1379//1067 1361//1067
f 1361//1068 1379//1068 1380//1068
f 1361//1069 1380//1069 1363//1069
f 1363//1069 1380//1069 1381//1069
f 1363//1070 1381//1070 1365//1070
f 1365//1070 1381//1070 1382//1070
f 1365//1071 1382//1071 1367//1071
f 1367//1071 1382//1071 1383//1071
f 1367//1072 1383//1072 1369//1072
f 1369//1072 1383//1072 1384//1072
f 1369//1073 1384//1073 1371//1073
f 1371//1073 1384//1073 1385//1073
f 1371//1074 1385//1074 1373//1074
f 1373//1074 1385//1074 1386//1074
f 1373//1075 1386//1075 1375//1075
f 1375//1075 1386//1075 1387//1075
f 1375//1076 1387//1076 1377//1076
f 1388//1077 1389//1077 1390//1077
f 1390//1077 1389//1077 1391//1077
f 1390//1078 1391//1078 1392//1078
f 1392//1078 1391//1078 1393//1078
f 1392//1079 1393//1079 1394//1079
f 1394//1079 1393//1079 1395//1079
f 1394//1080 1395//1080 1396//1080
f 1396//1080 1395//1080 1397//1080
f 1396//1081 1397//1081 1398//1081
f 1398//1081 1397//1081 1399//1081
f 1398//1082 1399//1082 1400//1082
f 1400//1082 1399//1082 1401//1082
f 1400//1083 1401//1083 1402//1083
f 1402//1083 1401//1083 1403//1083
f 1402//1084 1403//1084 1404//1084
f 1404//1084 1403//1084 1405//1084
f 1404//1085 1405//1085 1406//1085
f 1406//1085 1405//1085 1407//1085
f 1406//1086 1407//1086 1408//1086
f 1408//1086 1407//1086 1409//1086
f 1408//1087 1409//1087 1410//1087
f 1410//1087 1409//1087 1411//1087
f 1410//1088 1411//1088 1412//1088
f 1412//1088 1411//1088 1413//1088
f 1412//1089 1413//1089 1414//1089
f 1414//1089 1413//1089 1415//1089
f 1414//1090 1415//1090 1416//1090
f 1416//1090 1415//1090 1417//1090
f 1416//1091 1417//1091 1418//1091
f 1418//1091 1417//1091 1419//1091
f 1418//1092 1419//1092 1420//1092
f 1420//1092 1419//1092 1421//1092
f 1420//1093 1421//1093 1422//1093
f 1422//1093 1421//1093 1423//1093
f 1422//1094 1423//1094 1424//1094
f 1424//1094 1423//1094 1425//1094
f 1424//1095 1425//1095 1426//1095
f 1426//1095 1425//1095 1427//1095
f 1426//1096 1427//1096 1428//1096
f 1428//1096 1427//1096 1429//1096
f 1428//1097 1429//1097 1430//1097
f 1430//1097 1429//1097 1431//1097
f 1430//1098 1431//1098 1432//1098
f 1432//1098 1431//1098 1433//1098
f 1432//1099 1433//1099 1434//1099
f 1434//1099 1433//1099 1435//1099
f 1434//1100 1435//1100 1436//1100
f 1436//1100 1435//1100 1437//1100
f 1436//1101 1437//1101 1438//1101
f 1438//1101 1437//1101 1439//1101
f 1438//1102 1439//1102 1440//1102
f 1440//1103 1439//1103 1441//1103
f 1440//1104 1441//1104 1442//1104
f 1442//1105 1441//1105 1443//1105
f 1442//1106 1443//1106 1444//1106
f 1444//1106 1443//1106 1445//1106
f 1446//1107 1447//1107 1448//1107
f 1448//1108 1447//1108 1449//1108
f 1448//1109 1449//1109 1450//1109
f 1450//1109 1449//1109 1451//1109
f 1450//1110 1451//1110 1452//1110
f 1452//1110 1451//1110 1453//1110
f 1452//1111 1453//1111 1454//1111
f 1454//1111 1453//1111 1455//1111
f 1454//1112 1455//1112 1456//1112
f 1456//1112 1455//1112 1457//1112
f 1456//1113 1457//1113 1458//1113
f 1458//1113 1457//1113 1459//1113
f 1458//1114 1459//1114 1460//1114
f 1460//1114 1459//1114 1461//1114
f 1460//1115 1461//1115 1462//1115
f 1446//1116 1463//1116 1464//1116
f 1464//1117 1463//1117 1465//1117
f 1464//1118 1465//1118 1466//1118
f 1466//1118 1465//1118 1467//1118
f 1466//1119 1467//1119 1468//1119
f 1468//1119 1467//1119 1469//1119
f 1468//1120 1469//1120 1470//1120
f 1470//1120 1469//1120 1471//1120
f 1470//1121 1471//1121 1472//1121
f 1472//1121 1471//1121 1473//1121
f 1472//1122 1473//1122 1474//1122
f 1474//1122 1473//1122 1475//1122
f 1474//1123 1475//1123 1476//1123
f 1476//1123 1475//1123 1477//1123
f 1476//1124 1477//1124 1478//1124
f 1478//1124 1477//1124 1479//1124
f 1478//1125 1479//1125 1480//1125
f 1480//1125 1479//1125 1481//1125
f 1480//1126 1481//1126 1482//1126
f 1482//1126 1481//1126 1483//1126
f 1482//1127 1483//1127 1484//1127
f 1484//1127 1483//1127 1485//1127
f 1484//1128 1485//1128 1486//1128
f 1486//1128 1485//1128 1487//1128
f 1486//1129 1487//1129 1488//1129
f 1488//1129 1487//1129 1489//1129
f 1488//1130 1489//1130 1490//1130
f 1490//1130 1489//1130 1491//1130
f 1490//1131 1491//1131 1492//1131
f 1492//1131 1491//1131 1493//1131
f 1492//1132 1493//1132 1494//1132
f 1494//1132 1493//1132 1495//1132
f 1494//1133 1495//1133 1496//1133
f 1496//1133 1495//1133 1497//1133
f 1496//1134 1497//1134 1498//1134
f 1498//1134 1497//1134 1499//1134
f 1498//1135 1499//1135 1500//1135
f 1500//1135 1499//1135 1501//1135
f 1500//1136 1501//1136 1502//1136
f 1502//1136 1501//1136 1503//1136
f 1502//1137 1503//1137 1504//1137
f 1504//1137 1503//1137 1505//1137
f 1504//1138 1505//1138 1506//1138
f 1506//1138 1505//1138 1507//1138
f 1506//1139 1507//1139 1508//1139
f 1508//1139 1507//1139 1509//1139
f 1508//1140 1509//1140 1510//1140
f 1510//1140 1509//1140 1511//1140
f 1510//1141 1511//1141 1512//1141
f 1512//1141 1511//1141 1513//1141
f 1512//1142 1513//1142 1514//1142
f 1514//1143 1513//1143 1515//1143
f 1514//1144 1515//1144 1516//1144
f 1516//1145 1515//1145 1517//1145
f 1516//1146 1517//1146 1518//1146
f 1518//1146 1517//1146 1519//1146
f 1520//1147 1521//1147 1522//1147
f 1522//1148 1521//1148 1523//1148
f 1522//1149 1523//1149 1524//1149
f 1524//1149 1523//1149 1525//1149
f 1524//1150 1525//1150 1526//1150
f 1526//1150 1525//1150 1527//1150
f 1526//1151 1527//1151 1528//1151
f 1528//1151 1527//1151 1529//1151
f 1528//1152 1529//1152 1530//1152
f 1530//1152 1529//1152 1531//1152
f 1530//1153 1531//1153 1532//1153
f 1532//1153 1531//1153 1533//1153
f 1532//1154 1533//1154 1534//1154
f 1520//1155 1535//1155 1536//1155
f 1536//1156 1535//1156 1537//1156
f 1536//1157 1537//1157 1538//1157
f 1538//1157 1537//1157 1539//1157
f 1538//1158 1539//1158 1540//1158
f 1540//1158 1539//1158 1541//1158
f 1540//1159 1541//1159 1542//1159
f 1542//1159 1541//1159 1543//1159
f 1542//1160 1543//1160 1544//1160
f 1544//1160 1543//1160 1545//1160
f 1544//1161 1545//1161 1546//1161
f 1546//1161 1545//1161 1547//1161
f 1546//1162 1547//1162 1548//1162
f 1548//1162 1547//1162 1549//1162
f 1548//1163 1549//1163 1550//1163
f 1550//1163 1549//1163 1551//1163
f 1550//1164 1551//1164 1552//1164
f 1552//1164 1551//1164 1553//1164
f 1552//1165 1553//1165 1554//1165
f 1554//1165 1553//1165 1555//1165
f 1554//1166 1555//1166 1556//1166
f 1556//1166 1555//1166 1557//1166
f 1556//1167 1557//1167 1558//1167
f 1558//1167 1557//1167 1559//1167
f 1558//1168 1559//1168 1560//1168
f 1560//1168 1559//1168 1561//1168
f 1560//1169 1561//1169 1562//1169
f 1562//1169 1561//1169 1563//1169
f 1562//1170 1563//1170 1564//1170
f 1564//1170 1563//1170 1565//1170
f 1564//1171 1565//1171 1566//1171
f 1566//1171 1565//1171 1567//1171
f 1566//1172 1567//1172 1568//1172
f 1568//1172 1567//1172 1569//1172
f 1568//1173 1569//1173 1570//1173
f 1570//1173 1569//1173 1571//1173
f 1570//1174 1571//1174 1572//1174
f 1572//1174 1571//1174 1573//1174
f 1572//1175 1573//1175 1574//1175
f 1574//1175 1573//1175 1575//1175
f 1574//1176 1575//1176 1576//1176
f 1576//1176 1575//1176 1577//1176
f 1576//1177 1577//1177 1578//1177
f 1578//1177 1577//1177 1579//1177
f 1578//1178 1579//1178 1580//1178
f 1580//1178 1579//1178 1581//1178
f 1580//1179 1581//1179 1582//1179
f 1582//1179 1581//1179 1583//1179
f 1582//1180 1583//1180 1584//1180
f 1584//1180 1583//1180 1585//1180
f 1584//1181 1585//1181 1586//1181
f 1586//1182 1585//1182 1587//1182
f 1586//1183 1587//1183 1588//1183
f 1588//1184 1587//1184 1589//1184
f 1588//1185 1589//1185 1590//1185
f 1590//1185 1589//1185 1591//1185
f 1592//1186 1593//1186 1594//1186
f 1594//1187 1593//1187 1595//1187
f 1594//1188 1595//1188 1596//1188
f 1596//1188 1595//1188 1597//1188
f 1596//1189 1597//1189 1598//1189
f 1598//1189 1597//1189 1599//1189
f 1598//1190 1599//1190 1600//1190
f 1600//1190 1599//1190 1601//1190
f 1600//1191 1601//1191 1602//1191
f 1602//1191 1601//1191 1603//1191
f 1602//1192 1603//1192 1604//1192
f 1592//1193 1605//1193 1606//1193
f 1606//1194 1605//1194 1607//1194
f 1606//1195 1607//1195 1608//1195
f 1608//1195 1607//1195 1609//1195
f 1608//1196 1609//1196 1610//1196
f 1610//1196 1609//1196 1611//1196
f 1610//1197 1611//1197 1612//1197
f 1612//1197 1611//1197 1613//1197
f 1612//1198 1613//1198 1614//1198
f 1614//1198 1613//1198 1615//1198
f 1614//1199 1615//1199 1616//1199
f 1616//1199 1615//1199 1617//1199
f 1616//1200 1617//1200 1618//1200
f 1618//1200 1617//1200 1619//1200
f 1618//1201 1619//1201 1620//1201
f 1620//1201 1619//1201 1621//1201
f 1620//1202 1621//1202 1622//1202
f 1622//1202 1621//1202 1623//1202
f 1622//1203 1623//1203 1624//1203
f 1624//1203 1623//1203 1625//1203
f 1624//1204 1625//1204 1626//1204
f 1626//1204 1625//1204 1627//1204
f 1626//1205 1627//1205 1628//1205
f 1628//1205 1627//1205 1629//1205
f 1628//1206 1629//1206 1630//1206
f 1630//1206 1629//1206 1631//1206
f 1630//1207 1631//1207 1632//1207
f 1632//1207 1631//1207 1633//1207
f 1632//1208 1633//1208 1634//1208
f 1634//1208 1633//1208 1635//1208
f 1634//1209 1635//1209 1636//1209
f 1636//1209 1635//1209 1637//1209
f 1636//1210 1637//1210 1638//1210
f 1638//1210 1637//1210 1639//1210
f 1638//1211 1639//1211 1640//1211
f 1640//1211 1639//1211 1641//1211
f 1640//1212 1641//1212 1642//1212
f 1642//1212 1641//1212 1643//1212
f 1642//1213 1643//1213 1644//1213
f 1644//1213 1643//1213 1645//1213
f 1644//1214 1645//1214 1646//1214
f 1646//1214 1645//1214 1647//1214
f 1646//1215 1647//1215 1648//1215
f 1648//1215 1647//1215 1649//1215
f 1648//1216 1649//1216 1650//1216
f 1650//1216 1649//1216 1651//1216
f 1650//1217 1651//1217 1652//1217
f 1652//1217 1651//1217 1653//1217
f 1652//1218 1653//1218 1654//1218
f 1654//1218 1653//1218 1655//1218
f 1654//1219 1655//1219 1656//1219
f 1656//1220 1655//1220 1657//1220
f 1656//1221 1657//1221 1658//1221
f 1658//1222 1657//1222 1659//1222
f 1658//1223 1659//1223 1660//1223
f 1660//1223 1659//1223 1661//1223
f 1662//1224 1663//1224 1664//1224
f 1664//1225 1663//1225 1665//1225
f 1664//1226 1665//1226 1666//1226
f 1666//1226 1665//1226 1667//1226
f 1666//1227 1667//1227 1668//1227
f 1668//1227 1667//1227 1669//1227
f 1668//1228 1669//1228 1670//1228
f 1670//1228 1669//1228 1671//1228
f 1670//1229 1671//1229 1672//1229
f 1662//1230 1673//1230 1674//1230
f 1674//1231 1673//1231 1675//1231
f 1674//1232 1675//1232 1676//1232
f 1676//1232 1675//1232 1677//1232
f 1676//1233 1677//1233 1678//1233
f 1678//1233 1677//1233 1679//1233
f 1678//1234 1679//1234 1680//1234
f 1680//1234 1679//1234 1681//1234
f 1680//1235 1681//1235 1682//1235
f 1682//1235 1681//1235 1683//1235
f 1682//1236 1683//1236 1684//1236
f 1684//1236 1683//1236 1685//1236
f 1684//1237 1685//1237 1686//1237
f 1686//1237 1685//1237 1687//1237
f 1686//1238 1687//1238 1688//1238
f 1688//1238 1687//1238 1689//1238
f 1688//1239 1689//1239 1690//1239
f 1690//1239 1689//1239 1691//1239
f 1690//1240 1691//1240 1692//1240
f 1692//1240 1691//1240 1693//1240
f 1692//1241 1693//1241 1694//1241
f 1694//1241 1693//1241 1695//1241
f 1694//1242 1695//1242 1696//1242
f 1696//1242 1695//1242 1697//1242
f 1696//1243 1697//1243 1698//1243
f 1698//1243 1697//1243 1699//1243
f 1698//1244 1699//1244 1700//1244
f 1700//1244 1699//1244 1701//1244
f 1700//1245 1701//1245 1702//1245
f 1702//1245 1701//1245 1703//1245
f 1702//1246 1703//1246 1704//1246
f 1704//1246 1703//1246 1705//1246
f 1704//1247 1705//1247 1706//1247
f 1706//1247 1705//1247 1707//1247
f 1706//1248 1707//1248 1708//1248
f 1708//1248 1707//1248 1709//1248
f 1708//1249 1709//1249 1710//1249
f 1710//1249 1709//1249 1711//1249
f 1710//1250 1711//1250 1712//1250
f 1712//1250 1711//1250 1713//1250
f 1712//1251 1713//1251 1714//1251
f 1714//1251 1713//1251 1715//1251
f 1714//1252 1715//1252 1716//1252
f 1716//1252 1715//1252 1717//1252
f 1716//1253 1717//1253 1718//1253
f 1718//1253 1717//1253 1719//1253
f 1718//1254 1719//1254 1720//1254
f 1720//1254 1719//1254 1721//1254
f 1720//1255 1721//1255 1722//1255
f 1722//1255 1721//1255 1723//1255
f 1722//1256 1723//1256 1724//1256
f 1724//1257 1723//1257 1725//1257
f 1724//1258 1725//1258 1726//1258
f 1726//1259 1725//1259 1727//1259
f 1726//1260 1727//1260 1728//1260
f 1728//1260 1727//1260 1729//1260
f 1730//1261 1731//1261 1732//1261
f 1732//1262 1731//1262 1733//1262
f 1732//1263 1733//1263 1734//1263
f 1734//1263 1733//1263 1735//1263
f 1734//1264 1735//1264 1736//1264
f 1736//1264 1735//1264 1737//1264
f 1736//1265 1737//1265 1738//1265
f 1730//1266 1739//1266 1740//1266
f 1740//1267 1739//1267 1741//1267
f 1740//1268 1741//1268 1742//1268
f 1742//1268 1741//1268 1743//1268
f 1742//1269 1743//1269 1744//1269
f 1744//1269 1743//1269 1745//1269
f 1744//1270 1745//1270 1746//1270
f 1746//1270 1745//1270 1747//1270
f 1746//1271 1747//1271 1748//1271
f 1748//1271 1747//1271 1749//1271
f 1748//1272 1749//1272 1750//1272
f 1750//1272 1749//1272 1751//1272
f 1750//1273 1751//1273 1752//1273
f 1752//1273 1751//1273 1753//1273
f 1752//1274 1753//1274 1754//1274
f 1754//1274 1753//1274 1755//1274
f 1754//1275 1755//1275 1756//1275
f 1756//1275 1755//1275 1757//1275
f 1756//1276 1757//1276 1758//1276
f 1758//1276 1757//1276 1759//1276
f 1758//1277 1759//1277 1760//1277
f 1760//1277 1759//1277 1761//1277
f 1760//1278 1761//1278 1762//1278
f 1762//1278 1761//1278 1763//1278
f 1762//1279 1763//1279 1764//1279
f 1764//1279 1763//1279 1765//1279
f 1764//1280 1765//1280 1766//1280
f 1766//1280 1765//1280 1767//1280
f 1766//1281 1767//1281 1768//1281
f 1768//1281 1767//1281 1769//1281
f 1768//1282 1769//1282 1770//1282
f 1770//1282 1769//1282 1771//1282
f 1770//1283 1771//1283 1772//1283
f 1772//1283 1771//1283 1773//1283
f 1772//1284 1773//1284 1774//1284
f 1774//1284 1773//1284 1775//1284
f 1774//1285 1775//1285 1776//1285
f 1776//1285 1775//1285 1777//1285
f 1776//1286 1777//1286 1778//1286
f 1778//1286 1777//1286 1779//1286
f 1778//1287 1779//1287 1780//1287
f 1780//1287 1779//1287 1781//1287
f 1780//1288 1781//1288 1782//1288
f 1782//1288 1781//1288 1783//1288
f 1782//1289 1783//1289 1784//1289
f 1784//1289 1783//1289 1785//1289
f 1784//1290 1785//1290 1786//1290
f 1786//1290 1785//1290 1787//1290
f 1786//1291 1787//1291 1788//1291
f 1788//1291 1787//1291 1789//1291
f 1788//1292 1789//1292 1790//1292
f 1790//1293 1789//1293 1791//1293
f 1790//1294 1791//1294 1792//1294
f 1792//1295 1791//1295 1793//1295
f 1792//1296 1793//1296 1794//1296
f 1794//1296 1793//1296 1795//1296
f 1796//1297 1797//1297 1798//1297
f 1798//1298 1797//1298 1799//1298
f 1798//1299 1799//1299 1800//1299
f 1800//1299 1799//1299 1801//1299
f 1800//1300 1801//1300 1802//1300
f 1796//1301 1803//1301 1804//1301
f 1804//1302 1803//1302 1805//1302
f 1804//1303 1805//1303 1806//1303
f 1806//1303 1805//1303 1807//1303
f 1806//1304 1807//1304 1808//1304
f 1808//1304 1807//1304 1809//1304
f 1808//1305 1809//1305 1810//1305
f 1810//1305 1809//1305 1811//1305
f 1810//1306 1811//1306 1812//1306
f 1812//1306 1811//1306 1813//1306
f 1812//1307 1813//1307 1814//1307
f 1814//1307 1813//1307 1815//1307
f 1814//1308 1815//1308 1816//1308
f 1816//1308 1815//1308 1817//1308
f 1816//1309 1817//1309 1818//1309
f 1818//1309 1817//1309 1819//1309
f 1818//1310 1819//1310 1820//1310
f 1820//1310 1819//1310 1821//1310
f 1820//1311 1821//1311 1822//1311
f 1822//1311 1821//1311 1823//1311
f 1822//1312 1823//1312 1824//1312
f 1824//1312 1823//1312 1825//1312
f 1824//1313 1825//1313 1826//1313
f 1826//1313 1825//1313 1827//1313
f 1826//1314 1827//1314 1828//1314
f 1828//1314 1827//1314 1829//1314
f 1828//1315 1829//1315 1830//1315
f 1830//1315 1829//1315 1831//1315
f 1830//1316 1831//1316 1832//1316
f 1832//1316 1831//1316 1833//1316
f 1832//1317 1833//1317 1834//1317
f 1834//1317 1833//1317 1835//1317
f 1834//1318 1835//1318 1836//1318
f 1836//1318 1835//1318 1837//1318
f 1836//1319 1837//1319 1838//1319
f 1838//1319 1837//1319 1839//1319
f 1838//1320 1839//1320 1840//1320
f 1840//1320 1839//1320 1841//1320
f 1840//1321 1841//1321 1842//1321
f 1842//1321 1841//1321 1843//1321
f 1842//1322 1843//1322 1844//1322
f 1844//1322 1843//1322 1845//1322
f 1844//1323 1845//1323 1846//1323
f 1846//1323 1845//1323 1847//1323
f 1846//1324 1847//1324 1848//1324
f 1848//1324 1847//1324 1849//1324
f 1848//1325 1849//1325 1850//1325
f 1850//1325 1849//1325 1851//1325
f 1850//1326 1851//1326 1852//1326
f 1852//1326 1851//1326 1853//1326
f 1852//1327 1853//1327 1854//1327
f 1854//1328 1853//1328 1855//1328
f 1854//1329 1855//1329 1856//1329
f 1856//1330 1855//1330 1857//1330
f 1856//1331 1857//1331 1858//1331
f 1858//1331 1857//1331 1859//1331
f 1860//1332 1861//1332 1862//1332
f 1862//1333 1861//1333 1863//1333
f 1862//1334 1863//1334 1864//1334
f 1860//1335 1865//1335 1866//1335
f 1866//1336 1865//1336 1867//1336
f 1866//1337 1867//1337 1868//1337
f 1868//1337 1867//1337 1869//1337
f 1868//1338 1869//1338 1870//1338
f 1870//1338 1869//1338 1871//1338
f 1870//1339 1871//1339 1872//1339
f 1872//1339 1871//1339 1873//1339
f 1872//1340 1873//1340 1874//1340
f 1874//1340 1873//1340 1875//1340
f 1874//1341 1875//1341 1876//1341
f 1876//1341 1875//1341 1877//1341
f 1876//1342 1877//1342 1878//1342
f 1878//1342 1877//1342 1879//1342
f 1878//1343 1879//1343 1880//1343
f 1880//1343 1879//1343 1881//1343
f 1880//1344 1881//1344 1882//1344
f 1882//1344 1881//1344 1883//1344
f 1882//1345 1883//1345 1884//1345
f 1884//1345 1883//1345 1885//1345
f 1884//1346 1885//1346 1886//1346
f 1886//1346 1885//1346 1887//1346
f 1886//1347 1887//1347 1888//1347
f 1888//1347 1887//1347 1889//1347
f 1888//1348 1889//1348 1890//1348
f 1890//1348 1889//1348 1891//1348
f 1890//1349 1891//1349 1892//1349
f 1892//1349 1891//1349 1893//1349
f 1892//1350 1893//1350 1894//1350
f 1894//1350 1893//1350 1895//1350
f 1894//1351 1895//1351 1896//1351
f 1896//1351 1895//1351 1897//1351
f 1896//1352 1897//1352 1898//1352
f 1898//1352 1897//1352 1899//1352
f 1898//1353 1899//1353 1900//1353
f 1900//1353 1899//1353 1901//1353
f 1900//1354 1901//1354 1902//1354
f 1902//1354 1901//1354 1903//1354
f 1902//1355 1903//1355 1904//1355
f 1904//1355 1903//1355 1905//1355
f 1904//1356 1905//1356 1906//1356
f 1906//1356 1905//1356 1907//1356
f 1906//1357 1907//1357 1908//1357
f 1908//1357 1907//1357 1909//1357
f 1908//1358 1909//1358 1910//1358
f 1910//1358 1909//1358 1911//1358
f 1910//1359 1911//1359 1912//1359
f 1912//1359 1911//1359 1913//1359
f 1912//1360 1913//1360 1914//1360
f 1914//1360 1913//1360 1915//1360
f 1914//1361 1915//1361 1916//1361
f 1916//1362 1915//1362 1917//1362
f 1916//1363 1917//1363 1918//1363
f 1918//1364 1917//1364 1919//1364
f 1918//1365 1919//1365 1920//1365
f 1920//1365 1919//1365 1921//1365
f 1922//1366 1923//1366 1924//1366
f 1924//1367 1923//1367 1925//1367
f 1924//1368 1925//1368 1926//1368
f 1926//1369 1925//1369 1927//1369
f 1923//1370 1928//1370 1929//1370
f 1929//1371 1928//1371 1930//1371
f 1929//1372 1930//1372 1931//1372
f 1931//1372 1930//1372 1932//1372
f 1931//1373 1932//1373 1933//1373
f 1933//1373 1932//1373 1934//1373
f 1933//1374 1934//1374 1935//1374
f 1935//1374 1934//1374 1936//1374
f 1935//1375 1936//1375 1937//1375
f 1937//1375 1936//1375 1938//1375
f 1937//1376 1938//1376 1939//1376
f 1939//1376 1938//1376 1940//1376
f 1939//1377 1940//1377 1941//1377
f 1941//1377 1940//1377 1942//1377
f 1941//1378 1942//1378 1943//1378
f 1943//1378 1942//1378 1944//1378
f 1943//1379 1944//1379 1945//1379
f 1945//1379 1944//1379 1946//1379
f 1945//1380 1946//1380 1947//1380
f 1947//1380 1946//1380 1948//1380
f 1947//1381 1948//1381 1949//1381
f 1949//1381 1948//1381 1950//1381
f 1949//1382 1950//1382 1951//1382
f 1951//1382 1950//1382 1952//1382
f 1951//1383 1952//1383 1953//1383
f 1953//1383 1952//1383 1954//1383
f 1953//1384 1954//1384 1955//1384
f 1955//1384 1954//1384 1956//1384
f 1955//1385 1956//1385 1957//1385
f 1957//1385 1956//1385 1958//1385
f 1957//1386 1958//1386 1959//1386
f 1959//1386 1958//1386 1960//1386
f 1959//1387 1960//1387 1961//1387
f 1961//1387 1960//1387 1962//1387
f 1961//1388 1962//1388 1963//1388
f 1963//1388 1962//1388 1964//1388
f 1963//1389 1964//1389 1965//1389
f 1965//1389 1964//1389 1966//1389
f 1965//1390 1966//1390 1967//1390
f 1967//1390 1966//1390 1968//1390
f 1967//1391 1968//1391 1969//1391
f 1969//1391 1968//1391 1970//1391
f 1969//1392 1970//1392 1971//1392
f 1971//1392 1970//1392 1972//1392
f 1971//1393 1972//1393 1973//1393
f 1973//1393 1972//1393 1974//1393
f 1973//1394 1974//1394 1975//1394
f 1975//1394 1974//1394 1976//1394
f 1975//1395 1976//1395 1977//1395
f 1977//1395 1976//1395 1978//1395
f 1977//1396 1978//1396 1979//1396
f 1979//1397 1978//1397 1980//1397
f 1979//1398 1980//1398 1981//1398
f 1981//1399 1980//1399 1982//1399
f 1981//1400 1982//1400 1983//1400
f 1983//1400 1982//1400 1984//1400
f 1985//1401 1986//1401 1987//1401
f 1988//1402 1989//1402 1990//1402
f 1991//1403 1992//1403 1993//1403
f 1993//1404 1992//1404 1994//1404
f 1995//1405 1996//1405 1997//1405
f 1997//1406 1996//1406 1998//1406
f 1997//1406 1998//1406 1999//1406
f 1999//1407 1998//1407 2000//1407
f 1996//1408 2001//1408 1998//1408
f 1998//1409 2001//1409 2002//1409
f 1998//1409 2002//1409 2000//1409
f 2000//1410 2002//1410 2003//1410
f 2004//1411 2005//1411 2006//1411
f 2006//1411 2005//1411 2007//1411
f 2006//1412 2007//1412 2008//1412
f 2009//1413 2005//1413 2010//1413
f 2010//1414 2005//1414 2004//1414
f 2011//1415 2012//1415 2013//1415
f 2013//1416 2012//1416 2014//1416
f 2013//1416 2014//1416 2015//1416
f 2015//1417 2014//1417 2016//1417
f 2015//1417 2016//1417 2017//1417
f 2018//1418 2019//1418 2020//1418
f 2020//1419 2019//1419 2021//1419
f 2020//1420 2021//1420 2022//1420
f 2022//1421 2021//1421 2023//1421
f 2022//1422 2023//1422 2024//1422
f 2024//1423 2023//1423 2025//1423
f 2024//1424 2025//1424 2026//1424
f 2026//1425 2025//1425 2027//1425
f 2026//1426 2027//1426 2028//1426
f 2028//1427 2027//1427 2029//1427
f 2028//1428 2029//1428 2030//1428
f 2030//1429 2029//1429 2031//1429
f 2030//1430 2031//1430 2032//1430
f 2032//1431 2031//1431 2033//1431
f 2032//1432 2033//1432 2034//1432
f 2034//1433 2033//1433 2035//1433
f 2034//1434 2035//1434 2036//1434
f 2036//1435 2035//1435 2037//1435
f 2021//1436 2019//1436 2038//1436
f 2039//1437 2040//1437 2041//1437
f 2041//1438 2040//1438 2042//1438
f 2041//1438 2042//1438 2043//1438
f 2043//1439 2042//1439 2044//1439
f 2045//1440 2046//1440 2047//1440
f 2047//1441 2046//1441 2048//1441
f 2047//1442 2048//1442 2049//1442
f 2049//1443 2048//1443 2050//1443
f 2049//1444 2050//1444 2051//1444
f 2051//1445 2050//1445 2052//1445
f 2051//1446 2052//1446 2053//1446
f 2048//1441 2046//1441 2054//1441
f 2048//1447 2054//1447 2055//1447
f 2055//1447 2054//1447 2056//1447
f 2055//1448 2056//1448 2057//1448
f 2057//1448 2056//1448 2058//1448
f 2048//1443 2055//1443 2050//1443
f 2050//1449 2055//1449 2059//1449
f 2050//1445 2059//1445 2052//1445
f 2059//1449 2055//1449 2057//1449
f 2060//1450 2061//1450 2062//1450
f 2063//1451 2064//1451 2065//1451
f 2065//1452 2064//1452 2066//1452
f 2065//1453 2066//1453 2067//1453
f 2067//1453 2066//1453 2068//1453
f 2067//1454 2068//1454 2069//1454
f 2069//1454 2068//1454 2070//1454
f 2069//1455 2070//1455 2071//1455
f 2071//1455 2070//1455 2072//1455
f 2071//1456 2072//1456 2073//1456
f 2064//1457 2074//1457 2066//1457
f 2066//1458 2074//1458 2075//1458
f 2066//1459 2075//1459 2068//1459
f 2068//1459 2075//1459 2076//1459
f 2068//1460 2076//1460 2070//1460
f 2070//1460 2076//1460 2077//1460
f 2070//1461 2077//1461 2072//1461
f 2064//1462 2063//1462 2078//1462
f 2078//1463 2063//1463 2079//1463
f 2078//1464 2079//1464 2080//1464
f 2074//1465 2081//1465 2075//1465
f 2075//1466 2081//1466 2082//1466
f 2075//1467 2082//1467 2076//1467
f 2076//1467 2082//1467 2083//1467
f 2076//1468 2083//1468 2077//1468
f 2074//1469 2064//1469 2084//1469
f 2084//1470 2064//1470 2078//1470
f 2084//1471 2078//1471 2085//1471
f 2085//1471 2078//1471 2080//1471
f 2085//1472 2080//1472 2086//1472
f 2081//1473 2087//1473 2082//1473
f 2082//1474 2087//1474 2088//1474
f 2082//1475 2088//1475 2083//1475
f 2081//1476 2074//1476 2089//1476
f 2089//1477 2074//1477 2084//1477
f 2089//1478 2084//1478 2090//1478
f 2090//1478 2084//1478 2085//1478
f 2090//1479 2085//1479 2091//1479
f 2091//1479 2085//1479 2086//1479
f 2091//1480 2086//1480 2092//1480
f 2088//1481 2087//1481 2093//1481
f 2093//1482 2087//1482 2094//1482
f 2093//1483 2094//1483 2095//1483
f 2095//1484 2094//1484 2096//1484
f 2087//1485 2081//1485 2097//1485
f 2097//1486 2081//1486 2089//1486
f 2097//1487 2089//1487 2098//1487
f 2098//1487 2089//1487 2090//1487
f 2098//1488 2090//1488 2099//1488
f 2099//1488 2090//1488 2091//1488
f 2099//1489 2091//1489 2100//1489
f 2100//1489 2091//1489 2092//1489
f 2100//1490 2092//1490 2101//1490
f 2095//1491 2102//1491 2093//1491
f 2103//1492 2104//1492 2105//1492
f 2105//1493 2104//1493 2106//1493
f 2107//1494 2108//1494 2109//1494
f 2109//1494 2108//1494 2110//1494
f 2109//1495 2110//1495 2111//1495
f 2112//1496 2107//1496 2113//1496
f 2113//1496 2107//1496 2109//1496
f 2113//1497 2109//1497 2114//1497
f 2114//1498 2109//1498 2111//1498
f 2114//1499 2111//1499 2115//1499
f 2115//1500 2111//1500 2116//1500
f 2115//1501 2116//1501 2117//1501
f 2117//1501 2116//1501 2118//1501
f 2117//1502 2118//1502 2119//1502
f 2119//1502 2118//1502 2120//1502
f 2119//1503 2120//1503 2121//1503
f 2121//1503 2120//1503 2122//1503
f 2121//1504 2122//1504 2123//1504
f 2123//1504 2122//1504 2124//1504
f 2123//1505 2124//1505 2125//1505
f 2125//1505 2124//1505 2126//1505
f 2125//1506 2126//1506 2127//1506
f 2127//1506 2126//1506 2128//1506
f 2127//1507 2128//1507 2129//1507
f 2129//1507 2128//1507 2130//1507
f 2112//1508 2113//1508 2131//1508
f 2131//1509 2113//1509 2132//1509
f 2131//1510 2132//1510 2133//1510
f 2133//1511 2132//1511 2134//1511
f 2133//1512 2134//1512 2135//1512
f 2135//1513 2134//1513 2136//1513
f 2135//1514 2136//1514 2137//1514
f 2137//1515 2136//1515 2138//1515
f 2137//1516 2138//1516 2139//1516
f 2139//1517 2138//1517 2140//1517
f 2132//1518 2141//1518 2142//1518
f 2143//1519 2144//1519 2145//1519
f 2146//1520 2147//1520 2148//1520
f 2147//1521 2149//1521 2150//1521
f 2132//1522 2142//1522 2151//1522
f 2151//1523 2142//1523 2152//1523
f 2151//1524 2152//1524 2153//1524
f 2153//1524 2152//1524 2154//1524
f 2153//1525 2154//1525 2155//1525
f 2155//1525 2154//1525 2156//1525
f 2155//1526 2156//1526 2157//1526
f 2157//1526 2156//1526 2158//1526
f 2157//1527 2158//1527 2159//1527
f 2159//1527 2158//1527 2160//1527
f 2159//1528 2160//1528 2161//1528
f 2161//1528 2160//1528 2162//1528
f 2161//1529 2162//1529 2163//1529
f 2163//1529 2162//1529 2164//1529
f 2163//1530 2164//1530 2165//1530
f 2165//1530 2164//1530 2166//1530
f 2167//1531 2143//1531 2145//1531
f 2168//1532 2169//1532 2170//1532
f 2170//1532 2169//1532 2171//1532
f 2170//1533 2171//1533 2172//1533
f 2172//1533 2171//1533 2173//1533
f 2169//1534 2174//1534 2171//1534
f 2171//1534 2174//1534 2175//1534
f 2171//1535 2175//1535 2173//1535
f 2173//1535 2175//1535 2176//1535
f 2169//1536 2168//1536 2177//1536
f 2177//1536 2168//1536 2178//1536
f 2177//1537 2178//1537 2179//1537
f 2179//1537 2178//1537 2180//1537
f 2179//1538 2180//1538 2181//1538
f 2181//1538 2180//1538 2182//1538
f 2181//1539 2182//1539 2183//1539
f 2183//1539 2182//1539 2184//1539
f 2183//1540 2184//1540 2185//1540
f 2185//1540 2184//1540 2186//1540
f 2185//1541 2186//1541 2187//1541
f 2187//1541 2186//1541 2188//1541
f 2187//1542 2188//1542 2189//1542
f 2189//1542 2188//1542 2190//1542
f 2174//1543 2191//1543 2175//1543
f 2175//1543 2191//1543 2192//1543
f 2175//1544 2192//1544 2176//1544
f 2176//1544 2192//1544 2193//1544
f 2174//1545 2169//1545 2194//1545
f 2194//1545 2169//1545 2177//1545
f 2194//1546 2177//1546 2195//1546
f 2195//1546 2177//1546 2179//1546
f 2195//1547 2179//1547 2196//1547
f 2196//1547 2179//1547 2181//1547
f 2196//1548 2181//1548 2197//1548
f 2197//1548 2181//1548 2183//1548
f 2197//1549 2183//1549 2198//1549
f 2198//1549 2183//1549 2185//1549
f 2198//1550 2185//1550 2199//1550
f 2199//1550 2185//1550 2187//1550
f 2199//1551 2187//1551 2200//1551
f 2200//1551 2187//1551 2189//1551
f 2191//1552 2201//1552 2192//1552
f 2192//1552 2201//1552 2202//1552
f 2192//1553 2202//1553 2193//1553
f 2193//1553 2202//1553 2203//1553
f 2191//1554 2204//1554 2205//1554
f 2205//1554 2204//1554 2194//1554
f 2205//1555 2194//1555 2206//1555
f 2206//1555 2194//1555 2195//1555
f 2206//1556 2195//1556 2207//1556
f 2207//1556 2195//1556 2196//1556
f 2207//1557 2196//1557 2208//1557
f 2208//1557 2196//1557 2197//1557
f 2208//1558 2197//1558 2209//1558
f 2209//1558 2197//1558 2198//1558
f 2209//1559 2198//1559 2210//1559
f 2210//1559 2198//1559 2199//1559
f 2210//1560 2199//1560 2211//1560
f 2211//1560 2199//1560 2200//1560
f 2201//1561 2212//1561 2202//1561
f 2202//1561 2212//1561 2213//1561
f 2202//1562 2213//1562 2203//1562
f 2203//1562 2213//1562 2214//1562
f 2201//1563 2191//1563 2215//1563
f 2215//1563 2191//1563 2205//1563
f 2215//1564 2205//1564 2216//1564
f 2216//1564 2205//1564 2206//1564
f 2216//1565 2206//1565 2217//1565
f 2217//1565 2206//1565 2207//1565
f 2217//1566 2207//1566 2218//1566
f 2218//1566 2207//1566 2208//1566
f 2218//1567 2208//1567 2219//1567
f 2219//1567 2208//1567 2209//1567
f 2219//1568 2209//1568 2220//1568
f 2220//1568 2209//1568 2210//1568
f 2220//1569 2210//1569 2221//1569
f 2221//1569 2210//1569 2211//1569
f 2212//1570 2222//1570 2213//1570
f 2213//1570 2222//1570 2223//1570
f 2213//1571 2223//1571 2214//1571
f 2214//1571 2223//1571 2224//1571
f 2212//1572 2201//1572 2225//1572
f 2225//1572 2201//1572 2215//1572
f 2225//1573 2215//1573 2226//1573
f 2226//1573 2215//1573 2216//1573
f 2226//1574 2216//1574 2227//1574
f 2227//1574 2216//1574 2217//1574
f 2227//1575 2217//1575 2228//1575
f 2228//1575 2217//1575 2218//1575
f 2228//1576 2218//1576 2229//1576
f 2229//1576 2218//1576 2219//1576
f 2229//1577 2219//1577 2230//1577
f 2230//1577 2219//1577 2220//1577
f 2230//1578 2220//1578 2231//1578
f 2231//1578 2220//1578 2221//1578
f 2222//1579 2232//1579 2223//1579
f 2223//1579 2232//1579 2233//1579
f 2223//1580 2233//1580 2224//1580
f 2224//1580 2233//1580 2234//1580
f 2222//1581 2212//1581 2235//1581
f 2235//1581 2212//1581 2225//1581
f 2235//1582 2225//1582 2236//1582
f 2236//1582 2225//1582 2226//1582
f 2236//1583 2226//1583 2237//1583
f 2237//1583 2226//1583 2227//1583
f 2237//1584 2227//1584 2238//1584
f 2238//1584 2227//1584 2228//1584
f 2238//1585 2228//1585 2239//1585
f 2239//1585 2228//1585 2229//1585
f 2239//1586 2229//1586 2240//1586
f 2240//1586 2229//1586 2230//1586
f 2240//1587 2230//1587 2241//1587
f 2241//1587 2230//1587 2231//1587
f 2232//1588 2242//1588 2233//1588
f 2233//1588 2242//1588 2243//1588
f 2233//1589 2243//1589 2234//1589
f 2234//1589 2243//1589 2244//1589
f 2232//1590 2222//1590 2245//1590
f 2245//1590 2222//1590 2235//1590
f 2245//1591 2235//1591 2246//1591
f 2246//1591 2235//1591 2236//1591
f 2246//1592 2236//1592 2247//1592
f 2247//1592 2236//1592 2237//1592
f 2247//1593 2237//1593 2248//1593
f 2248//1593 2237//1593 2238//1593
f 2248//1594 2238//1594 2249//1594
f 2249//1594 2238//1594 2239//1594
f 2249//1595 2239//1595 2250//1595
f 2250//1595 2239//1595 2240//1595
f 2250//1596 2240//1596 2251//1596
f 2251//1596 2240//1596 2241//1596
f 2242//1597 2252//1597 2243//1597
f 2243//1597 2252//1597 2253//1597
f 2243//1598 2253//1598 2244//1598
f 2244//1598 2253//1598 2254//1598
f 2242//1599 2232//1599 2255//1599
f 2255//1599 2232//1599 2245//1599
f 2255//1600 2245//1600 2256//1600
f 2256//1600 2245//1600 2246//1600
f 2256//1601 2246//1601 2257//1601
f 2257//1601 2246//1601 2247//1601
f 2257//1602 2247//1602 2258//1602
f 2258//1602 2247//1602 2248//1602
f 2258//1603 2248//1603 2259//1603
f 2259//1603 2248//1603 2249//1603
f 2259//1604 2249//1604 2260//1604
f 2260//1604 2249//1604 2250//1604
f 2260//1605 2250//1605 2261//1605
f 2261//1605 2250//1605 2251//1605
f 2252//1606 2262//1606 2253//1606
f 2253//1606 2262//1606 2263//1606
f 2253//1607 2263//1607 2254//1607
f 2254//1607 2263//1607 2264//1607
f 2252//1608 2242//1608 2265//1608
f 2265//1608 2242//1608 2255//1608
f 2265//1609 2255//1609 2266//1609
f 2266//1609 2255//1609 2256//1609
f 2266//1610 2256//1610 2267//1610
f 2267//1610 2256//1610 2257//1610
f 2267//1611 2257//1611 2268//1611
f 2268//1611 2257//1611 2258//1611
f 2268//1612 2258//1612 2269//1612
f 2269//1612 2258//1612 2259//1612
f 2269//1613 2259//1613 2270//1613
f 2270//1613 2259//1613 2260//1613
f 2270//1614 2260//1614 2271//1614
f 2271//1614 2260//1614 2261//1614
f 2262//1615 2272//1615 2263//1615
f 2263//1615 2272//1615 2273//1615
f 2263//1616 2273//1616 2264//1616
f 2264//1616 2273//1616 2274//1616
f 2262//1617 2252//1617 2275//1617
f 2275//1617 2252//1617 2265//1617
f 2275//1618 2265//1618 2276//1618
f 2276//1618 2265//1618 2266//1618
f 2276//1619 2266//1619 2277//1619
f 2277//1619 2266//1619 2267//1619
f 2277//1620 2267//1620 2278//1620
f 2278//1620 2267//1620 2268//1620
f 2278//1621 2268//1621 2279//1621
f 2279//1621 2268//1621 2269//1621
f 2279//1622 2269//1622 2280//1622
f 2280//1622 2269//1622 2270//1622
f 2280//1623 2270//1623 2281//1623
f 2281//1623 2270//1623 2271//1623
f 2272//1624 2282//1624 2273//1624
f 2273//1624 2282//1624 2283//1624
f 2273//1625 2283//1625 2274//1625
f 2274//1625 2283//1625 2284//1625
f 2272//1626 2262//1626 2285//1626
f 2285//1626 2262//1626 2275//1626
f 2285//1627 2275//1627 2286//1627
f 2286//1627 2275//1627 2276//1627
f 2286//1628 2276//1628 2287//1628
f 2287//1628 2276//1628 2277//1628
f 2287//1629 2277//1629 2288//1629
f 2288//1629 2277//1629 2278//1629
f 2288//1630 2278//1630 2289//1630
f 2289//1630 2278//1630 2279//1630
f 2289//1631 2279//1631 2290//1631
f 2290//1631 2279//1631 2280//1631
f 2290//1632 2280//1632 2291//1632
f 2291//1632 2280//1632 2281//1632
f 2292//1633 2293//1633 2282//1633
f 2282//1634 2272//1634 2294//1634
f 2294//1634 2272//1634 2285//1634
f 2294//1635 2285//1635 2295//1635
f 2295//1635 2285//1635 2286//1635
f 2295//1636 2286//1636 2296//1636
f 2296//1636 2286//1636 2287//1636
f 2296//1637 2287//1637 2297//1637
f 2297//1637 2287//1637 2288//1637
f 2297//1638 2288//1638 2298//1638
f 2298//1638 2288//1638 2289//1638
f 2298//1639 2289//1639 2299//1639
f 2299//1639 2289//1639 2290//1639
f 2299//1640 2290//1640 2300//1640
f 2300//1640 2290//1640 2291//1640
f 2301//1641 2302//1641 2303//1641
f 2304//1642 2305//1642 2306//1642
f 2306//1643 2305//1643 2307//1643
f 2306//1644 2307//1644 2308//1644
f 2308//1645 2307//1645 2309//1645
f 2308//1646 2309//1646 2310//1646
f 2310//1647 2309//1647 2311//1647
f 2310//1648 2311//1648 2312//1648
f 2312//1649 2311//1649 2313//1649
f 2307//1643 2305//1643 2314//1643
f 2315//1650 2316//1650 2317//1650
f 2317//1650 2316//1650 2318//1650
f 2317//1651 2318//1651 2319//1651
f 2320//1652 2321//1652 2322//1652
f 2322//1653 2315//1653 2323//1653
f 2323//1653 2315//1653 2317//1653
f 2323//1654 2317//1654 2324//1654
f 2324//1655 2317//1655 2319//1655
f 2324//1656 2319//1656 2325//1656
f 2325//1657 2319//1657 2326//1657
f 2325//1658 2326//1658 2327//1658
f 2327//1658 2326//1658 2328//1658
f 2327//1659 2328//1659 2329//1659
f 2329//1659 2328//1659 2330//1659
f 2329//1660 2330//1660 2331//1660
f 2331//1660 2330//1660 2332//1660
f 2331//1661 2332//1661 2333//1661
f 2333//1661 2332//1661 2334//1661
f 2333//1662 2334//1662 2335//1662
f 2335//1662 2334//1662 2336//1662
f 2335//1663 2336//1663 2337//1663
f 2337//1663 2336//1663 2338//1663
f 2337//1664 2338//1664 2339//1664
f 2339//1664 2338//1664 2340//1664
f 2339//1665 2340//1665 2341//1665
f 2341//1665 2340//1665 2342//1665
f 2341//1666 2342//1666 2343//1666
f 2343//1666 2342//1666 2344//1666
f 2343//1667 2344//1667 2345//1667
f 2345//1667 2344//1667 2346//1667
f 2345//1668 2346//1668 2347//1668
f 2347//1668 2346//1668 2348//1668
f 2347//1669 2348//1669 2349//1669
f 2349//1669 2348//1669 2350//1669
f 2349//1670 2350//1670 2351//1670
f 2351//1670 2350//1670 2352//1670
f 2351//1671 2352//1671 2353//1671
f 2353//1671 2352//1671 2354//1671
f 2353//1672 2354//1672 2355//1672
f 2355//1672 2354//1672 2356//1672
f 2355//1673 2356//1673 2357//1673
f 2357//1673 2356//1673 2358//1673
f 2357//1674 2358//1674 2359//1674
f 2359//1674 2358//1674 2360//1674
f 2359//1675 2360//1675 2361//1675
f 2361//1675 2360//1675 2362//1675
f 2361//1676 2362//1676 2363//1676
f 2363//1676 2362//1676 2364//1676
f 2363//1677 2364//1677 2365//1677
f 2365//1677 2364//1677 2366//1677
f 2365//1678 2366//1678 2367//1678
f 2367//1678 2366//1678 2368//1678
f 2367//1679 2368//1679 2369//1679
f 2369//1679 2368//1679 2370//1679
f 2369//1680 2370//1680 2371//1680
f 2371//1680 2370//1680 2372//1680
f 2371//1681 2372//1681 2373//1681
f 2374//1682 2375//1682 2376//1682
f 2377//1683 2378//1683 2379//1683
f 2379//1684 2378//1684 2380//1684
f 2377//1685 2379//1685 2381//1685
f 2382//1686 2383//1686 2384//1686
f 2382//1687 2384//1687 2385//1687
f 2386//1688 2377//1688 2381//1688
f 2386//1689 2381//1689 2387//1689
f 2388//1690 2389//1690 2390//1690
f 2390//1690 2389//1690 2391//1690
f 2390//1691 2391//1691 2392//1691
f 2393//1692 2394//1692 2389//1692
f 2389//1693 2394//1693 2391//1693
f 2389//1694 2388//1694 2395//1694
f 2395//1694 2388//1694 2396//1694
f 2395//1695 2396//1695 2397//1695
f 2397//1695 2396//1695 2398//1695
f 2397//1696 2398//1696 2399//1696
f 2399//1696 2398//1696 2400//1696
f 2399//1697 2400//1697 2401//1697
f 2402//1698 2403//1698 2404//1698
f 2404//1698 2403//1698 2382//1698
f 2404//1699 2382//1699 2385//1699
f 2403//1700 2402//1700 2405//1700
f 2405//1700 2402//1700 2406//1700
f 2405//1701 2406//1701 2407//1701
f 2407//1701 2406//1701 2408//1701
f 2407//1702 2408//1702 2409//1702
f 2409//1702 2408//1702 2410//1702
f 2409//1703 2410//1703 2411//1703
f 2411//1703 2410//1703 2412//1703
f 2411//1704 2412//1704 2413//1704
f 2413//1704 2412//1704 2414//1704
f 2413//1705 2414//1705 2415//1705
f 2415//1705 2414//1705 2416//1705
f 2415//1706 2416//1706 2417//1706
f 2417//1706 2416//1706 2418//1706
f 2417//1707 2418//1707 2419//1707
f 2419//1707 2418//1707 2420//1707
f 2419//1708 2420//1708 2421//1708
f 2421//1708 2420//1708 2422//1708
f 2421//1709 2422//1709 2423//1709
f 2423//1709 2422//1709 2424//1709
f 2423//1710 2424//1710 2425//1710
f 2425//1710 2424//1710 2426//1710
f 2425//1711 2426//1711 2427//1711
f 2427//1711 2426//1711 2428//1711
f 2427//1712 2428//1712 2429//1712
f 2429//1712 2428//1712 2430//1712
f 2429//1713 2430//1713 2431//1713
f 2431//1713 2430//1713 2432//1713
f 2431//1714 2432//1714 2433//1714
f 2433//1714 2432//1714 2434//1714
f 2433//1715 2434//1715 2435//1715
f 2435//1715 2434//1715 2436//1715
f 2435//1716 2436//1716 2437//1716
f 2437//1716 2436//1716 2438//1716
f 2437//1717 2438//1717 2439//1717
f 2439//1717 2438//1717 2440//1717
f 2439//1718 2440//1718 2441//1718
f 2441//1718 2440//1718 2442//1718
f 2441//1719 2442//1719 2443//1719
f 2443//1719 2442//1719 2444//1719
f 2443//1720 2444//1720 2445//1720
f 2445//1720 2444//1720 2446//1720
f 2445//1721 2446//1721 2447//1721
f 2447//1721 2446//1721 2448//1721
f 2447//1722 2448//1722 2449//1722
f 2449//1722 2448//1722 2450//1722
f 2449//1723 2450//1723 2451//1723
f 2452//1724 2453//1724 2454//1724
f 2454//1724 2453//1724 2455//1724
f 2454//1725 2455//1725 2456//1725
f 2456//1725 2455//1725 2457//1725
f 2456//1726 2457//1726 2458//1726
f 2458//1726 2457//1726 2459//1726
f 2458//1727 2459//1727 2460//1727
f 2460//1727 2459//1727 2461//1727
f 2460//1728 2461//1728 2462//1728
f 2462//1728 2461//1728 2463//1728
f 2462//1729 2463//1729 2464//1729
f 2464//1729 2463//1729 2465//1729
f 2464//1730 2465//1730 2466//1730
f 2466//1730 2465//1730 2467//1730
f 2466//1731 2467//1731 2468//1731
f 2468//1731 2467//1731 2469//1731
f 2468//1732 2469//1732 2470//1732
f 2470//1732 2469//1732 2471//1732
f 2470//1733 2471//1733 2472//1733
f 2472//1733 2471//1733 2473//1733
f 2472//1734 2473//1734 2474//1734
f 2474//1734 2473//1734 2475//1734
f 2474//1735 2475//1735 2476//1735
f 2476//1735 2475//1735 2477//1735
f 2476//1736 2477//1736 2478//1736
f 2478//1736 2477//1736 2479//1736
f 2478//1737 2479//1737 2480//1737
f 2480//1737 2479//1737 2481//1737
f 2480//1738 2481//1738 2482//1738
f 2482//1738 2481//1738 2483//1738
f 2482//1739 2483//1739 2484//1739
f 2484//1739 2483//1739 2485//1739
f 2484//1740 2485//1740 2486//1740
f 2486//1740 2485//1740 2487//1740
f 2486//1741 2487//1741 2488//1741
f 2488//1741 2487//1741 2489//1741
f 2488//1742 2489//1742 2490//1742
f 2490//1742 2489//1742 2491//1742
f 2490//1743 2491//1743 2492//1743
f 2492//1743 2491//1743 2493//1743
f 2492//1744 2493//1744 2494//1744
f 2494//1744 2493//1744 2495//1744
f 2494//1745 2495//1745 2496//1745
f 2496//1745 2495//1745 2497//1745
f 2496//1746 2497//1746 2498//1746
f 2498//1746 2497//1746 2499//1746
f 2498//1747 2499//1747 2500//1747
f 2500//1747 2499//1747 2501//1747
f 2500//1748 2501//1748 2502//1748
f 2503//1749 2504//1749 2505//1749
f 2506//1750 2507//1750 2508//1750
f 2508//1751 2507//1751 2509//1751
f 2506//1750 2508//1750 2510//1750
f 2511//1752 2506//1752 2510//1752
f 2511//1752 2510//1752 2512//1752
f 2513//1753 2511//1753 2512//1753
f 2513//1753 2512//1753 2514//1753
f 2515//1754 2513//1754 2514//1754
f 2516//1755 2517//1755 2518//1755
f 2518//1756 2517//1756 2519//1756
f 2518//1757 2519//1757 2520//1757
f 2520//1758 2519//1758 2521//1758
f 2520//1759 2521//1759 2522//1759
f 2522//1760 2521//1760 2523//1760
f 2522//1761 2523//1761 2524//1761
f 2524//1762 2523//1762 2525//1762
f 2524//1763 2525//1763 2526//1763
f 2526//1764 2525//1764 2527//1764
f 2526//1765 2527//1765 2528//1765
f 2528//1766 2527//1766 2529//1766
f 2517//1756 2530//1756 2519//1756
f 2519//1767 2530//1767 2531//1767
f 2519//1758 2531//1758 2521//1758
f 2521//1768 2531//1768 2532//1768
f 2521//1760 2532//1760 2523//1760
f 2523//1769 2532//1769 2533//1769
f 2523//1762 2533//1762 2525//1762
f 2525//1770 2533//1770 2534//1770
f 2525//1764 2534//1764 2527//1764
f 2527//1771 2534//1771 2535//1771
f 2527//1766 2535//1766 2529//1766
f 2529//1772 2535//1772 2536//1772
f 2530//1767 2537//1767 2531//1767
f 2531//1773 2537//1773 2538//1773
f 2531//1768 2538//1768 2532//1768
f 2532//1774 2538//1774 2539//1774
f 2532//1769 2539//1769 2533//1769
f 2533//1775 2539//1775 2540//1775
f 2533//1770 2540//1770 2534//1770
f 2534//1776 2540//1776 2541//1776
f 2534//1771 2541//1771 2535//1771
f 2535//1777 2541//1777 2542//1777
f 2535//1772 2542//1772 2536//1772
f 2536//1778 2542//1778 2543//1778
f 2537//1773 2544//1773 2538//1773
f 2538//1779 2544//1779 2545//1779
f 2538//1774 2545//1774 2539//1774
f 2539//1780 2545//1780 2546//1780
f 2539//1775 2546//1775 2540//1775
f 2540//1781 2546//1781 2547//1781
f 2540//1776 2547//1776 2541//1776
f 2541//1782 2547//1782 2548//1782
f 2541//1777 2548//1777 2542//1777
f 2542//1783 2548//1783 2549//1783
f 2542//1778 2549//1778 2543//1778
f 2543//1784 2549//1784 2550//1784
f 2544//1779 2551//1779 2545//1779
f 2545//1785 2551//1785 2552//1785
f 2545//1780 2552//1780 2546//1780
f 2546//1786 2552//1786 2553//1786
f 2546//1781 2553//1781 2547//1781
f 2547//1787 2553//1787 2554//1787
f 2547//1782 2554//1782 2548//1782
f 2548//1788 2554//1788 2555//1788
f 2548//1783 2555//1783 2549//1783
f 2549//1789 2555//1789 2556//1789
f 2549//1784 2556//1784 2550//1784
f 2550//1790 2556//1790 2557//1790
f 2558//1791 2559//1791 2552//1791
f 2552//1786 2559//1786 2553//1786
f 2554//1787 2553//1787 2560//1787
f 2560//1792 2553//1792 2559//1792
f 2551//1785 2558//1785 2552//1785
f 2555//1788 2554//1788 2561//1788
f 2561//1793 2554//1793 2560//1793
f 2556//1789 2555//1789 2562//1789
f 2562//1794 2555//1794 2561//1794
f 2557//1790 2556//1790 2563//1790
f 2563//1795 2556//1795 2562//1795
f 2564//1796 2557//1796 2563//1796
f 2565//1797 2566//1797 2567//1797
f 2567//1797 2566//1797 2568//1797
f 2567//1798 2568//1798 2569//1798
f 2568//1799 2566//1799 2570//1799
f 2570//1800 2566//1800 2571//1800
f 2570//1801 2571//1801 2572//1801
f 2572//1802 2571//1802 2573//1802
f 2572//1803 2573//1803 2574//1803
f 2574//1804 2573//1804 2575//1804
f 2574//1805 2575//1805 2576//1805
f 2576//1806 2575//1806 2577//1806
f 2576//1807 2577//1807 2578//1807
f 2566//1808 2565//1808 2579//1808
f 2579//1808 2565//1808 2580//1808
f 2579//1809 2580//1809 2581//1809
f 2581//1809 2580//1809 2582//1809
f 2581//1810 2582//1810 2583//1810
f 2583//1810 2582//1810 2584//1810
f 2583//1811 2584//1811 2585//1811
f 2585//1811 2584//1811 2586//1811
f 2566//1800 2579//1800 2571//1800
f 2571//1812 2579//1812 2587//1812
f 2571//1802 2587//1802 2573//1802
f 2573//1813 2587//1813 2588//1813
f 2573//1804 2588//1804 2575//1804
f 2575//1814 2588//1814 2589//1814
f 2575//1806 2589//1806 2577//1806
f 2587//1812 2579//1812 2581//1812
f 2590//1815 2591//1815 2592//1815
f 2587//1816 2581//1816 2593//1816
f 2593//1816 2581//1816 2583//1816
f 2593//1817 2583//1817 2594//1817
f 2594//1817 2583//1817 2585//1817
f 2587//1813 2593//1813 2588//1813
f 2588//1818 2593//1818 2595//1818
f 2588//1814 2595//1814 2589//1814
f 2595//1818 2593//1818 2594//1818
f 2596//1819 2597//1819 2598//1819
f 2598//1820 2597//1820 2599//1820
f 2598//1821 2599//1821 2600//1821
f 2600//1822 2599//1822 2601//1822
f 2600//1823 2601//1823 2602//1823
f 2602//1824 2601//1824 2603//1824
f 2602//1825 2603//1825 2604//1825
f 2604//1826 2603//1826 2605//1826
f 2604//1827 2605//1827 2606//1827
f 2606//1828 2605//1828 2607//1828
f 2606//1829 2607//1829 2608//1829
f 2608//1830 2607//1830 2609//1830
f 2610//1831 2611//1831 2612//1831
f 2610//1832 2612//1832 2613//1832
f 2613//1833 2612//1833 2614//1833
f 2613//1834 2614//1834 2615//1834
f 2615//1835 2614//1835 2616//1835
f 2615//1836 2616//1836 2617//1836
f 2617//1837 2616//1837 2618//1837
f 2617//1838 2618//1838 2619//1838
f 2619//1839 2618//1839 2620//1839
f 2619//1840 2620//1840 2621//1840
f 2621//1841 2620//1841 2622//1841
f 2621//1842 2622//1842 2623//1842
f 2623//1843 2622//1843 2624//1843
f 2623//1844 2624//1844 2625//1844
f 2625//1845 2624//1845 2626//1845
f 2625//1846 2626//1846 2627//1846
f 2627//1847 2626//1847 2628//1847
f 2627//1848 2628//1848 2629//1848
f 2629//1849 2628//1849 2630//1849
f 2629//1850 2630//1850 2631//1850
f 2631//1851 2630//1851 2632//1851
f 2631//1852 2632//1852 2633//1852
f 2634//1853 2635//1853 2636//1853
f 2637//1854 2634//1854 2638//1854
f 2638//1854 2634//1854 2636//1854
f 2638//1855 2636//1855 2639//1855
f 2640//1856 2641//1856 2642//1856
f 2642//1856 2641//1856 2643//1856
f 2642//1857 2643//1857 2644//1857
f 2644//1857 2643//1857 2645//1857
f 2644//1858 2645//1858 2646//1858
f 2646//1858 2645//1858 2647//1858
f 2646//1859 2647//1859 2648//1859
f 2640//1860 2642//1860 2649//1860
f 2649//1861 2642//1861 2650//1861
f 2649//1862 2650//1862 2651//1862
f 2651//1863 2650//1863 2652//1863
f 2651//1864 2652//1864 2653//1864
f 2653//1865 2652//1865 2654//1865
f 2653//1866 2654//1866 2655//1866
f 2655//1867 2654//1867 2656//1867
f 2655//1868 2656//1868 2657//1868
f 2657//1869 2656//1869 2658//1869
f 2657//1870 2658//1870 2659//1870
f 2659//1871 2658//1871 2660//1871
f 2659//1872 2660//1872 2661//1872
f 2661//1873 2660//1873 2662//1873
f 2661//1874 2662//1874 2663//1874
f 2663//1875 2662//1875 2664//1875
f 2650//1861 2642//1861 2644//1861
f 2665//1876 2666//1876 2667//1876
f 2668//1877 2665//1877 2669//1877
f 2669//1877 2665//1877 2667//1877
f 2669//1878 2667//1878 2670//1878
f 2668//1879 2669//1879 2671//1879
f 2671//1880 2669//1880 2672//1880
f 2671//1881 2672//1881 2673//1881
f 2673//1882 2672//1882 2674//1882
f 2673//1883 2674//1883 2675//1883
f 2675//1884 2674//1884 2676//1884
f 2675//1885 2676//1885 2677//1885
f 2677//1886 2676//1886 2678//1886
f 2677//1887 2678//1887 2679//1887
f 2679//1888 2678//1888 2680//1888
f 2679//1889 2680//1889 2681//1889
f 2681//1890 2680//1890 2682//1890
f 2681//1891 2682//1891 2683//1891
f 2683//1892 2682//1892 2684//1892
f 2672//1880 2669//1880 2670//1880
f 2685//1893 2686//1893 2687//1893
f 2687//1894 2686//1894 2688//1894
f 2687//1895 2688//1895 2689//1895
f 2689//1896 2688//1896 2690//1896
f 2689//1897 2690//1897 2691//1897
f 2691//1898 2690//1898 2692//1898
f 2691//1899 2692//1899 2693//1899
f 2693//1900 2692//1900 2694//1900
f 2693//1901 2694//1901 2695//1901
f 2695//1902 2694//1902 2696//1902
f 2695//1903 2696//1903 2697//1903
f 2697//1904 2696//1904 2698//1904
f 2699//1905 2700//1905 2701//1905
f 2701//1905 2700//1905 2702//1905
f 2701//1906 2702//1906 2703//1906
f 2703//1906 2702//1906 2704//1906
f 2703//1907 2704//1907 2705//1907
f 2706//1908 2707//1908 2708//1908
f 2708//1909 2707//1909 2709//1909
f 2686//1910 2710//1910 2688//1910
f 2688//1911 2710//1911 2711//1911
f 2688//1912 2711//1912 2690//1912
f 2690//1913 2711//1913 2712//1913
f 2690//1914 2712//1914 2692//1914
f 2692//1915 2712//1915 2713//1915
f 2692//1916 2713//1916 2694//1916
f 2694//1917 2713//1917 2714//1917
f 2694//1918 2714//1918 2696//1918
f 2696//1919 2714//1919 2715//1919
f 2696//1920 2715//1920 2698//1920
f 2698//1921 2715//1921 2716//1921
f 2699//1922 2701//1922 2717//1922
f 2717//1923 2701//1923 2718//1923
f 2717//1924 2718//1924 2719//1924
f 2719//1925 2718//1925 2720//1925
f 2719//1926 2720//1926 2721//1926
f 2721//1927 2720//1927 2722//1927
f 2721//1928 2722//1928 2723//1928
f 2723//1929 2722//1929 2724//1929
f 2723//1930 2724//1930 2725//1930
f 2725//1931 2724//1931 2726//1931
f 2725//1932 2726//1932 2727//1932
f 2727//1933 2726//1933 2728//1933
f 2727//1934 2728//1934 2729//1934
f 2729//1935 2728//1935 2730//1935
f 2718//1923 2731//1923 2732//1923
f 2733//1936 2734//1936 2735//1936
f 2735//1937 2734//1937 2736//1937
f 2710//1938 2737//1938 2711//1938
f 2711//1939 2737//1939 2738//1939
f 2739//1940 2738//1940 2740//1940
f 2740//1941 2738//1941 2741//1941
f 2740//1942 2741//1942 2742//1942
f 2742//1943 2741//1943 2743//1943
f 2742//1944 2743//1944 2744//1944
f 2744//1945 2743//1945 2745//1945
f 2744//1946 2745//1946 2746//1946
f 2746//1947 2745//1947 2747//1947
f 2746//1948 2747//1948 2748//1948
f 2748//1949 2747//1949 2749//1949
f 2750//1950 2732//1950 2751//1950
f 2751//1950 2732//1950 2752//1950
f 2751//1951 2752//1951 2753//1951
f 2754//1952 2733//1952 2755//1952
f 2755//1953 2733//1953 2735//1953
f 2737//1939 2756//1939 2738//1939
f 2738//1954 2756//1954 2757//1954
f 2738//1941 2757//1941 2741//1941
f 2741//1955 2757//1955 2758//1955
f 2741//1943 2758//1943 2743//1943
f 2743//1956 2758//1956 2759//1956
f 2743//1945 2759//1945 2745//1945
f 2745//1957 2759//1957 2760//1957
f 2745//1947 2760//1947 2747//1947
f 2747//1958 2760//1958 2761//1958
f 2747//1949 2761//1949 2749//1949
f 2749//1959 2761//1959 2762//1959
f 2750//1960 2751//1960 2763//1960
f 2763//1961 2751//1961 2764//1961
f 2763//1962 2764//1962 2765//1962
f 2765//1963 2764//1963 2766//1963
f 2765//1964 2766//1964 2767//1964
f 2767//1965 2766//1965 2768//1965
f 2767//1966 2768//1966 2769//1966
f 2769//1967 2768//1967 2770//1967
f 2769//1968 2770//1968 2771//1968
f 2771//1969 2770//1969 2772//1969
f 2771//1970 2772//1970 2773//1970
f 2773//1971 2772//1971 2774//1971
f 2764//1961 2751//1961 2753//1961
f 2775//1972 2754//1972 2776//1972
f 2776//1973 2754//1973 2755//1973
f 2777//1974 2778//1974 2757//1974
f 2757//1975 2778//1975 2758//1975
f 2759//1976 2758//1976 2779//1976
f 2779//1977 2758//1977 2778//1977
f 2764//1978 2753//1978 2780//1978
f 2764//1979 2780//1979 2766//1979
f 2766//1980 2780//1980 2781//1980
f 2766//1981 2781//1981 2768//1981
f 2768//1982 2781//1982 2782//1982
f 2768//1983 2782//1983 2770//1983
f 2770//1984 2782//1984 2783//1984
f 2770//1985 2783//1985 2772//1985
f 2772//1986 2783//1986 2784//1986
f 2772//1987 2784//1987 2774//1987
f 2774//1988 2784//1988 2785//1988
f 2775//1989 2776//1989 2786//1989
f 2775//1990 2786//1990 2787//1990
f 2787//1991 2786//1991 2788//1991
f 2787//1992 2788//1992 2789//1992
f 2789//1993 2788//1993 2790//1993
f 2791//1994 2777//1994 2792//1994
f 2793//1995 2794//1995 2795//1995
f 2795//1996 2794//1996 2779//1996
f 2796//1997 2793//1997 2797//1997
f 2797//1998 2793//1998 2795//1998
f 2798//1999 2796//1999 2799//1999
f 2799//2000 2796//2000 2797//2000
f 2800//2001 2798//2001 2799//2001
f 2801//2002 2802//2002 2803//2002
f 2803//2002 2802//2002 2804//2002
f 2803//2003 2804//2003 2805//2003
f 2805//2003 2804//2003 2806//2003
f 2805//2004 2806//2004 2807//2004
f 2807//2004 2806//2004 2808//2004
f 2807//2005 2808//2005 2809//2005
f 2809//2005 2808//2005 2810//2005
f 2811//2006 2812//2006 2813//2006
f 2813//2007 2812//2007 2814//2007
f 2813//2007 2814//2007 2815//2007
f 2815//2008 2814//2008 2816//2008
f 2815//2008 2816//2008 2817//2008
f 2817//2009 2816//2009 2818//2009
f 2817//2009 2818//2009 2819//2009
f 2819//2010 2818//2010 2820//2010
f 2819//2010 2820//2010 2821//2010
f 2821//2011 2820//2011 2822//2011
f 2821//2011 2822//2011 2823//2011
f 2823//2012 2822//2012 2824//2012
f 2825//2013 2826//2013 2827//2013
f 2827//2014 2826//2014 2828//2014
f 2829//2015 2830//2015 2831//2015
f 2829//2015 2831//2015 2832//2015
f 2832//2016 2831//2016 2833//2016
f 2834//2017 2835//2017 2836//2017
f 2836//2018 2835//2018 2837//2018
f 2836//2019 2837//2019 2838//2019
f 2838//2020 2837//2020 2839//2020
f 2838//2021 2839//2021 2840//2021
f 2840//2022 2839//2022 2841//2022
f 2840//2023 2841//2023 2842//2023
f 2837//2018 2835//2018 2843//2018
f 2844//2024 2845//2024 2846//2024
f 2846//2025 2845//2025 2847//2025
f 2846//2025 2847//2025 2848//2025
f 2848//2026 2847//2026 2849//2026
f 2848//2026 2849//2026 2850//2026
f 2850//2027 2849//2027 2851//2027
f 2850//2027 2851//2027 2852//2027
f 2852//2028 2851//2028 2853//2028
f 2852//2028 2853//2028 2854//2028
f 2854//2029 2853//2029 2855//2029
f 2854//2029 2855//2029 2856//2029
f 2856//2030 2855//2030 2857//2030
f 2858//2031 2859//2031 2860//2031
f 2860//2032 2859//2032 2861//2032
f 2862//2033 2863//2033 2864//2033
f 2865//2034 2843//2034 2866//2034
f 2866//2034 2843//2034 2867//2034
f 2866//2035 2867//2035 2868//2035
f 2868//2035 2867//2035 2869//2035
f 2845//2036 2870//2036 2847//2036
f 2847//2037 2870//2037 2871//2037
f 2847//2037 2871//2037 2849//2037
f 2849//2038 2871//2038 2872//2038
f 2849//2038 2872//2038 2851//2038
f 2851//2039 2872//2039 2873//2039
f 2851//2039 2873//2039 2853//2039
f 2853//2040 2873//2040 2874//2040
f 2853//2040 2874//2040 2855//2040
f 2855//2041 2874//2041 2875//2041
f 2855//2041 2875//2041 2857//2041
f 2857//2042 2875//2042 2876//2042
f 2877//2043 2858//2043 2878//2043
f 2878//2044 2858//2044 2860//2044
f 2865//2045 2866//2045 2879//2045
f 2879//2046 2866//2046 2880//2046
f 2879//2047 2880//2047 2881//2047
f 2880//2046 2866//2046 2868//2046
f 2870//2048 2882//2048 2871//2048
f 2871//2049 2882//2049 2883//2049
f 2871//2049 2883//2049 2872//2049
f 2872//2050 2883//2050 2884//2050
f 2872//2050 2884//2050 2873//2050
f 2873//2051 2884//2051 2885//2051
f 2873//2051 2885//2051 2874//2051
f 2874//2052 2885//2052 2886//2052
f 2874//2052 2886//2052 2875//2052
f 2875//2053 2886//2053 2887//2053
f 2875//2053 2887//2053 2876//2053
f 2876//2054 2887//2054 2888//2054
f 2889//2055 2877//2055 2878//2055
f 2890//2056 2891//2056 2892//2056
f 2892//2056 2891//2056 2893//2056
f 2892//2057 2893//2057 2894//2057
f 2894//2057 2893//2057 2895//2057
f 2894//2058 2895//2058 2896//2058
f 2896//2058 2895//2058 2897//2058
f 2896//2059 2897//2059 2898//2059
f 2899//2060 2890//2060 2900//2060
f 2900//2060 2890//2060 2892//2060
f 2900//2061 2892//2061 2901//2061
f 2901//2061 2892//2061 2894//2061
f 2901//2062 2894//2062 2902//2062
f 2902//2062 2894//2062 2896//2062
f 2902//2063 2896//2063 2903//2063
f 2903//2063 2896//2063 2898//2063
f 2903//2064 2898//2064 2904//2064
f 2905//2065 2906//2065 2907//2065
f 2907//2066 2899//2066 2908//2066
f 2908//2066 2899//2066 2900//2066
f 2908//2067 2900//2067 2909//2067
f 2909//2067 2900//2067 2901//2067
f 2909//2068 2901//2068 2910//2068
f 2910//2068 2901//2068 2902//2068
f 2910//2069 2902//2069 2911//2069
f 2911//2069 2902//2069 2903//2069
f 2911//2070 2903//2070 2912//2070
f 2912//2070 2903//2070 2904//2070
f 2912//2071 2904//2071 2913//2071
f 2914//2072 2915//2072 2916//2072
f 2914//2072 2916//2072 2917//2072
f 2918//2073 2919//2073 2920//2073
f 2918//2073 2920//2073 2921//2073
f 2909//2074 2922//2074 2908//2074
f 2908//2074 2922//2074 2905//2074
f 2908//2065 2905//2065 2907//2065
f 2922//2075 2909//2075 2923//2075
f 2923//2075 2909//2075 2910//2075
f 2923//2076 2910//2076 2924//2076
f 2924//2076 2910//2076 2911//2076
f 2924//2077 2911//2077 2925//2077
f 2925//2077 2911//2077 2912//2077
f 2925//2078 2912//2078 2926//2078
f 2926//2078 2912//2078 2913//2078
f 2914//2079 2917//2079 2927//2079
f 2927//2079 2917//2079 2928//2079
f 2927//2080 2928//2080 2929//2080
f 2929//2080 2928//2080 2930//2080
f 2929//2081 2930//2081 2931//2081
f 2931//2081 2930//2081 2932//2081
f 2931//2082 2932//2082 2933//2082
f 2933//2082 2932//2082 2934//2082
f 2933//2083 2934//2083 2935//2083
f 2935//2083 2934//2083 2936//2083
f 2918//2084 2921//2084 2937//2084
f 2937//2084 2921//2084 2938//2084
f 2937//2085 2938//2085 2939//2085
f 2939//2085 2938//2085 2940//2085
f 2939//2086 2940//2086 2941//2086
f 2941//2086 2940//2086 2942//2086
f 2941//2087 2942//2087 2943//2087
f 2943//2087 2942//2087 2944//2087
f 2943//2088 2944//2088 2945//2088
f 2945//2088 2944//2088 2946//2088
f 2945//2089 2946//2089 2947//2089
