g 0
v 0.0248039 -0.096875 0
v 0.0149827 -0.0988712 0
v 0.0249061 -0.102164 0
v 0.023893 -0.107357 0
v 0.00501101 -0.0998744 0
v 0.0218098 -0.11222 0
v 0.01875 -0.116536 0
v -0.00501101 -0.0998744 0
v 0.0148505 -0.120111 0
v -0.0148505 -0.120111 0
v 0.0102859 -0.122786 0
v -0.0102859 -0.122786 0
v 0.00526077 -0.12444 0
v -0.00526077 -0.12444 0
v 1.53081e-18 -0.125 0
v -0.0149827 -0.0988712 0
v -0.023893 -0.107357 0
v -0.0218098 -0.11222 0
v -0.01875 -0.116536 0
v -0.0248039 -0.096875 0
v -0.0249061 -0.102164 0
v 0.0195156 -0.084375 -0.05
v 0.0213373 -0.0869701 -0.0445071
v 0.0223876 -0.0888737 -0.05
v 0.0226427 -0.0893979 -0.0386682
v 0.02354 -0.0915816 -0.0325374
v 0.0242392 -0.0938795 -0.05
v 0.0241275 -0.0934466 -0.0261784
v 0.0244833 -0.09494 -0.0196687
v 0.024682 -0.0960182 -0.0130831
v 0.0247784 -0.0966617 -0.00649978
v 0.024986 -0.0991642 -0.05
v 0.0249061 -0.102164 0
v 0.024594 -0.104487 -0.05
v 0.023893 -0.107357 0
v 0.0230811 -0.109605 -0.05
v 0.0218098 -0.11222 0
v 0.0205161 -0.114286 -0.05
v 0.01875 -0.116536 0
v 0.0170161 -0.118315 -0.05
v 0.0148505 -0.120111 0
v 0.0127405 -0.12151 -0.05
v 0.0102859 -0.122786 0
v 0.00788426 -0.123724 -0.05
v 0.00526077 -0.12444 0
v 0.00266863 -0.124857 -0.05
v 1.53081e-18 -0.125 0
v -0.00266863 -0.124857 -0.05
v -0.00526077 -0.12444 0
v -0.00788426 -0.123724 -0.05
v -0.0102859 -0.122786 0
v -0.0127405 -0.12151 -0.05
v -0.0148505 -0.120111 0
v -0.0170161 -0.118315 -0.05
v -0.01875 -0.116536 0
v -0.0205161 -0.114286 -0.05
v -0.0218098 -0.11222 0
v -0.0230811 -0.109605 -0.05
v -0.023893 -0.107357 0
v -0.024594 -0.104487 -0.05
v -0.0249061 -0.102164 0
v -0.024986 -0.0991642 -0.05
v -0.0248039 -0.096875 0
v -0.0247784 -0.0966617 -0.00649978
v 0.0247784 -0.0966617 -0.00649978
v 0.0248039 -0.096875 0
v 0.0249061 -0.102164 0
v -0.024682 -0.0960182 -0.0130831
v -0.0244833 -0.09494 -0.0196687
v -0.0242392 -0.0938795 -0.05
v -0.0241275 -0.0934466 -0.0261784
v -0.02354 -0.0915816 -0.0325374
v -0.0223876 -0.0888737 -0.05
v -0.0226427 -0.0893979 -0.0386682
v -0.0213373 -0.0869701 -0.0445071
v -0.0195156 -0.084375 -0.05
v -0.00982117 -0.0860438 -0.05
v 0 -0.0866025 -0.05
v 0.0230811 -0.109605 -0.05
v 0.0205161 -0.114286 -0.05
v 0.0170161 -0.118315 -0.05
v -0.0170161 -0.118315 -0.05
v -0.0127405 -0.12151 -0.05
v 0.0127405 -0.12151 -0.05
v -0.00788426 -0.123724 -0.05
v 0.00788426 -0.123724 -0.05
v -0.00266863 -0.124857 -0.05
v 0.00266863 -0.124857 -0.05
v 0.00982117 -0.0860438 -0.05
v 0.024986 -0.0991642 -0.05
v 0.024594 -0.104487 -0.05
v 0.0195156 -0.084375 -0.05
v 0.0223876 -0.0888737 -0.05
v 0.0242392 -0.0938795 -0.05
v 0.0195156 0.084375 -0.05
v 0.00982117 0.0860438 -0.05
v 0.0223876 0.0888737 -0.05
v 0.0242392 0.0938795 -0.05
v 0.024986 0.0991642 -0.05
v -1.06058e-17 0.0866025 -0.05
v 0.024594 0.104487 -0.05
v 0.0230811 0.109605 -0.05
v -0.0230811 0.109605 -0.05
v 0.0205161 0.114286 -0.05
v -0.0205161 0.114286 -0.05
v 0.0170161 0.118315 -0.05
v -0.0170161 0.118315 -0.05
v 0.0127405 0.12151 -0.05
v -0.0127405 0.12151 -0.05
v 0.00788426 0.123724 -0.05
v -0.00788426 0.123724 -0.05
v 0.00266863 0.124857 -0.05
v -0.00266863 0.124857 -0.05
v -0.00982117 0.0860438 -0.05
v -0.024986 0.0991642 -0.05
v -0.024594 0.104487 -0.05
v -0.0195156 0.084375 -0.05
v -0.0223876 0.0888737 -0.05
v -0.0242392 0.0938795 -0.05
v 0.0249061 0.102164 0
v 0.0248039 0.096875 0
v 0.0247784 0.0966617 -0.00649978
v 0.024682 0.0960182 -0.0130831
v 0.0244833 0.09494 -0.0196687
v 0.0241275 0.0934466 -0.0261784
v 0.0242392 0.0938795 -0.05
v 0.02354 0.0915816 -0.0325374
v 0.0223876 0.0888737 -0.05
v 0.0226427 0.0893979 -0.0386682
v 0.0213373 0.0869701 -0.0445071
v 0.0195156 0.084375 -0.05
v 0.024986 0.0991642 -0.05
v 0.024594 0.104487 -0.05
v 0.023893 0.107357 0
v 0.0230811 0.109605 -0.05
v 0.0218098 0.11222 0
v 0.0205161 0.114286 -0.05
v 0.01875 0.116536 0
v 0.0170161 0.118315 -0.05
v 0.0148505 0.120111 0
v 0.0127405 0.12151 -0.05
v 0.0102859 0.122786 0
v 0.00788426 0.123724 -0.05
v 0.00526077 0.12444 0
v 0.00266863 0.124857 -0.05
v 1.53081e-18 0.125 0
v -0.00266863 0.124857 -0.05
v -0.00526077 0.12444 0
v -0.00788426 0.123724 -0.05
v -0.0102859 0.122786 0
v -0.0127405 0.12151 -0.05
v -0.0148505 0.120111 0
v -0.0170161 0.118315 -0.05
v -0.01875 0.116536 0
v -0.0205161 0.114286 -0.05
v -0.0218098 0.11222 0
v -0.0230811 0.109605 -0.05
v -0.023893 0.107357 0
v -0.024594 0.104487 -0.05
v -0.0249061 0.102164 0
v -0.024986 0.0991642 -0.05
v -0.0248039 0.096875 0
v -0.0247784 0.0966617 -0.00649978
v -0.0242392 0.0938795 -0.05
v -0.024682 0.0960182 -0.0130831
v -0.0244833 0.09494 -0.0196687
v -0.0241275 0.0934466 -0.0261784
v -0.02354 0.0915816 -0.0325374
v -0.0223876 0.0888737 -0.05
v -0.0226427 0.0893979 -0.0386682
v -0.0213373 0.0869701 -0.0445071
v -0.0195156 0.084375 -0.05
v -0.0149827 0.0988712 0
v -0.00501101 0.0998744 0
v 0.00501101 0.0998744 0
v 0.0148505 0.120111 0
v 0.0102859 0.122786 0
v -0.0102859 0.122786 0
v -0.00526077 0.12444 0
v 0.00526077 0.12444 0
v 1.53081e-18 0.125 0
v 0.0149827 0.0988712 0
v 0.023893 0.107357 0
v 0.0218098 0.11222 0
v 0.01875 0.116536 0
v 0.0248039 0.096875 0
v 0.0249061 0.102164 0
v 0.049414 -0.00763246 0.095
v 0.05 6.12323e-18 0.095
v 0.045 -5.51091e-18 0.1
v 0.049414 0.00763246 0.095
v 0.0444173 0.00721851 0.1
v 0.0476698 0.015086 0.095
v 0.0426841 0.0142501 0.1
v 0.0448083 0.022186 0.095
v 0.0398455 0.0209125 0.1
v 0.0408965 0.0287659 0.095
v 0.0359749 0.0270334 0.1
v 0.0360261 0.0346716 0.095
v 0.0311726 0.0324541 0.1
v 0.0303113 0.0397646 0.095
v 0.0255629 0.0370343 0.1
v 0.023886 0.0439256 0.095
v 0.0192912 0.0406553 0.1
v 0.0169008 0.047057 0.095
v 0.0125198 0.0432233 0.1
v 0.00951956 0.0490854 0.095
v 0.00542415 0.0446719 0.1
v 0.00191514 0.0499633 0.095
v -0.00181197 0.0449635 0.1
v -0.00573417 0.0496701 0.095
v -0.00900116 0.0440906 0.1
v -0.0132491 0.0482127 0.095
v -0.0159572 0.0420757 0.1
v -0.0204534 0.0456252 0.095
v -0.0225 0.0389711 0.1
v -0.0271784 0.0419683 0.095
v -0.02846 0.0348572 0.1
v -0.0332663 0.0373277 0.095
v -0.033683 0.0298405 0.1
v -0.0385745 0.0318121 0.095
v -0.0380336 0.024051 0.1
v -0.0429785 0.0255509 0.095
v -0.0413991 0.0176385 0.1
v -0.0463751 0.0186909 0.095
v -0.0436924 0.0107692 0.1
v -0.0486848 0.0113927 0.095
v -0.0448541 0.003621 0.1
v -0.0498533 0.00382746 0.095
v -0.0498533 -0.00382746 0.095
v -0.0448541 -0.003621 0.1
v -0.0486848 -0.0113927 0.095
v -0.0436924 -0.0107692 0.1
v -0.0463751 -0.0186909 0.095
v -0.0413991 -0.0176385 0.1
v -0.0429785 -0.0255509 0.095
v -0.0380336 -0.024051 0.1
v -0.0385745 -0.0318121 0.095
v -0.033683 -0.0298405 0.1
v -0.0332663 -0.0373277 0.095
v -0.02846 -0.0348572 0.1
v -0.0271784 -0.0419683 0.095
v -0.0225 -0.0389711 0.1
v -0.0204534 -0.0456252 0.095
v -0.0159572 -0.0420757 0.1
v -0.0132491 -0.0482127 0.095
v -0.00900116 -0.0440906 0.1
v -0.00573417 -0.0496701 0.095
v -0.00181197 -0.0449635 0.1
v 0.00191514 -0.0499633 0.095
v 0.00542415 -0.0446719 0.1
v 0.00951956 -0.0490854 0.095
v 0.0125198 -0.0432233 0.1
v 0.0169008 -0.047057 0.095
v 0.0192912 -0.0406553 0.1
v 0.023886 -0.0439256 0.095
v 0.0255629 -0.0370343 0.1
v 0.0303113 -0.0397646 0.095
v 0.0311726 -0.0324541 0.1
v 0.0360261 -0.0346716 0.095
v 0.0359749 -0.0270334 0.1
v 0.0408965 -0.0287659 0.095
v 0.0398455 -0.0209125 0.1
v 0.0448083 -0.022186 0.095
v 0.0426841 -0.0142501 0.1
v 0.0476698 -0.015086 0.095
v 0.0444173 -0.00721851 0.1
v 0.049414 -0.00763246 0.095
v 0.045 -5.51091e-18 0.1
v -0.049414 -0.00763246 0.0866025
v -0.0498533 -0.00382746 0.095
v -0.05 6.12323e-18 0.0866025
v -0.0498533 0.00382746 0.095
v -0.049414 0.00763246 0.0866025
v -0.0486848 0.0113927 0.095
v -0.0476698 0.015086 0.0866025
v -0.0463751 0.0186909 0.095
v -0.0448083 0.022186 0.0866025
v -0.0429785 0.0255509 0.095
v -0.0408965 0.0287659 0.0866025
v -0.0385745 0.0318121 0.095
v -0.0360261 0.0346716 0.0866025
v -0.0332663 0.0373277 0.095
v -0.0303113 0.0397646 0.0866025
v -0.0271784 0.0419683 0.095
v -0.023886 0.0439256 0.0866025
v -0.0204534 0.0456252 0.095
v -0.0169008 0.047057 0.0866025
v -0.0132491 0.0482127 0.095
v -0.00951956 0.0490854 0.0866025
v -0.00573417 0.0496701 0.095
v -0.00191514 0.0499633 0.0866025
v 0.00191514 0.0499633 0.095
v 0.00573417 0.0496701 0.0866025
v 0.00951956 0.0490854 0.095
v 0.0132491 0.0482127 0.0866025
v 0.0169008 0.047057 0.095
v 0.0204534 0.0456252 0.0866025
v 0.023886 0.0439256 0.095
v 0.0271784 0.0419683 0.0866025
v 0.0303113 0.0397646 0.095
v 0.0332663 0.0373277 0.0866025
v 0.0360261 0.0346716 0.095
v 0.0385745 0.0318121 0.0866025
v 0.0408965 0.0287659 0.095
v 0.0429785 0.0255509 0.0866025
v 0.0448083 0.022186 0.095
v 0.0463751 0.0186909 0.0866025
v 0.0476698 0.015086 0.095
v 0.0486848 0.0113927 0.0866025
v 0.049414 0.00763246 0.095
v 0.0498533 0.00382746 0.0866025
v 0.05 6.12323e-18 0.095
v 0.0498533 -0.00382746 0.0866025
v 0.049414 -0.00763246 0.095
v 0.0486848 -0.0113927 0.0866025
v 0.0476698 -0.015086 0.095
v 0.0463751 -0.0186909 0.0866025
v 0.0448083 -0.022186 0.095
v 0.0429785 -0.0255509 0.0866025
v 0.0408965 -0.0287659 0.095
v 0.0385745 -0.0318121 0.0866025
v 0.0360261 -0.0346716 0.095
v 0.0332663 -0.0373277 0.0866025
v 0.0303113 -0.0397646 0.095
v 0.0271784 -0.0419683 0.0866025
v 0.023886 -0.0439256 0.095
v 0.0204534 -0.0456252 0.0866025
v 0.0169008 -0.047057 0.095
v 0.0132491 -0.0482127 0.0866025
v 0.00951956 -0.0490854 0.095
v 0.00573417 -0.0496701 0.0866025
v 0.00191514 -0.0499633 0.095
v -0.00191514 -0.0499633 0.0866025
v -0.00573417 -0.0496701 0.095
v -0.00951956 -0.0490854 0.0866025
v -0.0132491 -0.0482127 0.095
v -0.0169008 -0.047057 0.0866025
v -0.0204534 -0.0456252 0.095
v -0.023886 -0.0439256 0.0866025
v -0.0271784 -0.0419683 0.095
v -0.0303113 -0.0397646 0.0866025
v -0.0332663 -0.0373277 0.095
v -0.0360261 -0.0346716 0.0866025
v -0.0385745 -0.0318121 0.095
v -0.0408965 -0.0287659 0.0866025
v -0.0429785 -0.0255509 0.095
v -0.0448083 -0.022186 0.0866025
v -0.0463751 -0.0186909 0.095
v -0.0476698 -0.015086 0.0866025
v -0.0486848 -0.0113927 0.095
v -0.049414 -0.00763246 0.0866025
v -0.0498533 -0.00382746 0.095
v 0.0444173 0.00721851 0.1
v -0.0448541 0.003621 0.1
v 0.045 -5.51091e-18 0.1
v -0.0448541 -0.003621 0.1
v 0.0444173 -0.00721851 0.1
v -0.0436924 -0.0107692 0.1
v 0.0426841 -0.0142501 0.1
v -0.0413991 -0.0176385 0.1
v 0.0398455 -0.0209125 0.1
v -0.0380336 -0.024051 0.1
v 0.0359749 -0.0270334 0.1
v -0.033683 -0.0298405 0.1
v 0.0311726 -0.0324541 0.1
v -0.02846 -0.0348572 0.1
v 0.0255629 -0.0370343 0.1
v -0.0225 -0.0389711 0.1
v 0.0192912 -0.0406553 0.1
v -0.0159572 -0.0420757 0.1
v 0.0125198 -0.0432233 0.1
v -0.00900116 -0.0440906 0.1
v 0.00542415 -0.0446719 0.1
v -0.00181197 -0.0449635 0.1
v -0.0436924 0.0107692 0.1
v 0.0426841 0.0142501 0.1
v -0.0413991 0.0176385 0.1
v 0.0398455 0.0209125 0.1
v -0.0380336 0.024051 0.1
v 0.0359749 0.0270334 0.1
v -0.033683 0.0298405 0.1
v 0.0311726 0.0324541 0.1
v -0.02846 0.0348572 0.1
v 0.0255629 0.0370343 0.1
v -0.0225 0.0389711 0.1
v 0.0192912 0.0406553 0.1
v -0.0159572 0.0420757 0.1
v 0.0125198 0.0432233 0.1
v -0.00900116 0.0440906 0.1
v 0.00542415 0.0446719 0.1
v -0.00181197 0.0449635 0.1
v -0.0213373 -0.0869701 -0.0445071
v -0.0223521 -0.085477 -0.0468408
v -0.0195156 -0.084375 -0.05
v -0.0236365 -0.0851308 -0.0468408
v -0.022143 -0.079752 -0.0561187
v -0.0306359 -0.0768904 -0.0561187
v -0.0282105 -0.0708031 -0.0647386
v -0.0357003 -0.0673379 -0.0647386
v -0.0322124 -0.0607591 -0.0725996
v -0.0385928 -0.0569201 -0.0725996
v -0.0339616 -0.0500896 -0.0796093
v -0.0391781 -0.0461241 -0.0796093
v -0.0333763 -0.0392936 -0.0856857
v -0.037429 -0.0354546 -0.0856857
v -0.0304838 -0.0288758 -0.0907575
v -0.0334271 -0.0254106 -0.0907575
v -0.0254194 -0.0193233 -0.0947653
v -0.0273596 -0.0164617 -0.0947653
v -0.0184199 -0.0110829 -0.0976621
v -0.0195102 -0.00902637 -0.0976621
v -0.00981262 -0.0045398 -0.0994138
v -0.0102459 -0.00345226 -0.0994138
v -6.12323e-18 -7.4988e-34 -0.1
v -0.0226427 -0.0893979 -0.0386682
v -0.0248528 -0.0895116 -0.0370138
v -0.023367 -0.0899109 -0.0370138
v -0.02354 -0.0915816 -0.0325374
v -0.0241275 -0.0934466 -0.0261784
v -0.0240962 -0.0932934 -0.0267528
v -0.0257777 -0.0928429 -0.0267528
v -0.034385 -0.0862998 -0.0370138
v -0.0327022 -0.0820762 -0.0468408
v -0.0413845 -0.0780594 -0.0468408
v -0.0387697 -0.0731273 -0.0561187
v -0.0464488 -0.0685069 -0.0561187
v -0.0427715 -0.0630833 -0.0647386
v -0.0493413 -0.0580891 -0.0647386
v -0.0445207 -0.0524138 -0.0725996
v -0.0499267 -0.0472931 -0.0725996
v -0.0439354 -0.0416178 -0.0796093
v -0.0481775 -0.0366236 -0.0796093
v -0.0410429 -0.0312 -0.0856857
v -0.0441756 -0.0265796 -0.0856857
v -0.0359785 -0.0216475 -0.0907575
v -0.0381081 -0.0176307 -0.0907575
v -0.028979 -0.0134071 -0.0947653
v -0.0302587 -0.0101953 -0.0947653
v -0.0203717 -0.00686404 -0.0976621
v -0.0209945 -0.00462123 -0.0976621
v -0.0105591 -0.00232424 -0.0994138
v -0.0107485 -0.00116897 -0.0994138
v -6.12323e-18 -7.4988e-34 -0.1
v -0.0244833 -0.09494 -0.0196687
v -0.0264004 -0.0950857 -0.0161782
v -0.024682 -0.0960182 -0.0130831
v -0.0267136 -0.0962137 -0.00541389
v -0.0247784 -0.0966617 -0.00649978
v -0.0248039 -0.096875 0
v -0.0149827 -0.0988712 0
v -0.0161545 -0.0985379 0.00541389
v -0.0267136 -0.0962137 0.00541389
v -0.0369595 -0.0927614 -0.00541389
v -0.0365262 -0.0916739 -0.0161782
v -0.0462238 -0.0871873 -0.0161782
v -0.0451335 -0.0851308 -0.0267528
v -0.0540732 -0.079752 -0.0267528
v -0.052133 -0.0768904 -0.0370138
v -0.0601407 -0.0708031 -0.0370138
v -0.0571974 -0.0673379 -0.0468408
v -0.0641426 -0.0607591 -0.0468408
v -0.0600898 -0.0569201 -0.0561187
v -0.0658918 -0.0500896 -0.0561187
v -0.0606752 -0.0461241 -0.0647386
v -0.0653064 -0.0392936 -0.0647386
v -0.058926 -0.0354546 -0.0725996
v -0.0624139 -0.0288758 -0.0725996
v -0.0549241 -0.0254106 -0.0796093
v -0.0573495 -0.0193233 -0.0796093
v -0.0488566 -0.0164617 -0.0856857
v -0.05035 -0.0110829 -0.0856857
v -0.0410072 -0.00902637 -0.0907575
v -0.0417428 -0.0045398 -0.0907575
v -0.031743 -0.00345226 -0.0947653
v -0.0319302 -3.91032e-18 -0.0947653
v -0.021497 -2.63263e-18 -0.0976621
v -0.021371 0.00232424 -0.0976621
v -0.0107485 0.00116897 -0.0994138
v -0.0105591 0.00232424 -0.0994138
v -6.12323e-18 -7.4988e-34 -0.1
v -0.0161545 -0.0985379 0.00541389
v -0.0149827 -0.0988712 0
v -0.00540595 -0.0997069 0.00541389
v -0.00501101 -0.0998744 0
v 0.00501101 -0.0998744 0
v 0.00540595 -0.0997069 0.00541389
v 0.0149827 -0.0988712 0
v 0.0161545 -0.0985379 0.00541389
v 0.0248039 -0.096875 0
v 0.0267136 -0.0962137 0.00541389
v 0.0267136 -0.0962137 -0.00541389
v 0.0369595 -0.0927614 0.00541389
v 0.0369595 -0.0927614 -0.00541389
v 0.0467721 -0.0882216 0.00541389
v 0.0467721 -0.0882216 -0.00541389
v 0.0560364 -0.0826475 0.00541389
v 0.0560364 -0.0826475 -0.00541389
v 0.0646437 -0.0761044 0.00541389
v 0.0646437 -0.0761044 -0.00541389
v 0.0724931 -0.0686691 0.00541389
v 0.0724931 -0.0686691 -0.00541389
v 0.0794926 -0.0604287 0.00541389
v 0.0794926 -0.0604287 -0.00541389
v 0.0855601 -0.0514798 0.00541389
v 0.0855601 -0.0514798 -0.00541389
v 0.0906244 -0.0419273 0.00541389
v 0.0906244 -0.0419273 -0.00541389
v 0.0946263 -0.0318833 0.00541389
v 0.0946263 -0.0318833 -0.00541389
v 0.0975188 -0.0214655 0.00541389
v 0.0975188 -0.0214655 -0.00541389
v 0.099268 -0.010796 0.00541389
v 0.099268 -0.010796 -0.00541389
v 0.0998533 0 0.00541389
v 0.0998533 0 -0.00541389
v 0.099268 0.010796 0.00541389
v 0.099268 0.010796 -0.00541389
v 0.0975188 0.0214655 0.00541389
v 0.0975188 0.0214655 -0.00541389
v 0.0946263 0.0318833 0.00541389
v 0.0946263 0.0318833 -0.00541389
v 0.0906244 0.0419273 0.00541389
v 0.0906244 0.0419273 -0.00541389
v 0.0855601 0.0514798 0.00541389
v 0.0855601 0.0514798 -0.00541389
v 0.0794926 0.0604287 0.00541389
v 0.0794926 0.0604287 -0.00541389
v 0.0724931 0.0686691 0.00541389
v 0.0724931 0.0686691 -0.00541389
v 0.0646437 0.0761044 0.00541389
v 0.0646437 0.0761044 -0.00541389
v 0.0560364 0.0826475 0.00541389
v 0.0560364 0.0826475 -0.00541389
v 0.0467721 0.0882216 0.00541389
v 0.0467721 0.0882216 -0.00541389
v 0.0369595 0.0927614 0.00541389
v 0.0369595 0.0927614 -0.00541389
v 0.0267136 0.0962137 0.00541389
v 0.0267136 0.0962137 -0.00541389
v 0.0248039 0.096875 0
v 0.0252037 0.0966202 -0.00541389
v 0.0247784 0.0966617 -0.00649978
v 0.024682 0.0960182 -0.0130831
v 0.0264004 0.0950857 -0.0161782
v 0.024786 0.0955192 -0.0161782
v 0.0244833 0.09494 -0.0196687
v 0.0248039 -0.096875 0
v 0.0247784 -0.0966617 -0.00649978
v 0.0267136 -0.0962137 -0.00541389
v 0.024682 -0.0960182 -0.0130831
v 0.0264004 -0.0950857 -0.0161782
v 0.0244833 -0.09494 -0.0196687
v 0.0257777 -0.0928429 -0.0267528
v 0.0241275 -0.0934466 -0.0261784
v 0.02354 -0.0915816 -0.0325374
v 0.0248528 -0.0895116 -0.0370138
v 0.0226427 -0.0893979 -0.0386682
v 0.0213373 -0.0869701 -0.0445071
v 0.0236365 -0.0851308 -0.0468408
v 0.0195156 -0.084375 -0.05
v 0.022143 -0.079752 -0.0561187
v 0.0133905 -0.0816785 -0.0561187
v 0.0123304 -0.0752122 -0.0647386
v 0.00412626 -0.0761044 -0.0647386
v 0.00372313 -0.0686691 -0.0725996
v -0.00372313 -0.0686691 -0.0725996
v -0.00327635 -0.0604287 -0.0796093
v -0.00979063 -0.0597202 -0.0796093
v -0.00834073 -0.0508762 -0.0856857
v -0.0156627 -0.0584554 -0.0796093
v -0.0134182 -0.0497786 -0.0856857
v -0.0161901 -0.0583116 -0.0796093
v -0.0137925 -0.0496762 -0.0856857
v -0.0190826 -0.0478938 -0.0856857
v -0.0155417 -0.0390067 -0.0907575
v -0.019668 -0.0370977 -0.0907575
v -0.0149564 -0.0282107 -0.0947653
v -0.0179188 -0.0264282 -0.0947653
v -0.0120639 -0.0177929 -0.0976621
v -0.0139169 -0.0163842 -0.0976621
v -0.00699948 -0.00824042 -0.0994138
v -0.00784939 -0.00743534 -0.0994138
v -6.12323e-18 -7.4988e-34 -0.1
v 0.00982117 -0.0860438 -0.05
v 0.00448102 -0.0826475 -0.0561187
v -0.00412626 -0.0761044 -0.0647386
v -0.0111257 -0.067864 -0.0725996
v -0.0176985 -0.0664535 -0.0725996
v -0.0183979 -0.0662633 -0.0725996
v -0.0223998 -0.0562193 -0.0796093
v -0.024149 -0.0455498 -0.0856857
v -0.0235636 -0.0347538 -0.0907575
v -0.0206711 -0.024336 -0.0947653
v -0.0156068 -0.0147835 -0.0976621
v -0.00860728 -0.00654308 -0.0994138
v 0 -0.0866025 -0.05
v -0.00448102 -0.0826475 -0.0561187
v -0.0123304 -0.0752122 -0.0647386
v -0.019504 -0.0736784 -0.0647386
v -0.02039 -0.0734381 -0.0647386
v -0.0254544 -0.0638857 -0.0725996
v -0.0283469 -0.0534679 -0.0796093
v -0.0289322 -0.0426718 -0.0856857
v -0.027183 -0.0320024 -0.0907575
v -0.0231811 -0.0219583 -0.0947653
v -0.0171136 -0.0130095 -0.0976621
v -0.00926426 -0.00557412 -0.0994138
v -0.00982117 -0.0860438 -0.05
v -0.0133905 -0.0816785 -0.0561187
v -0.0210604 -0.0800447 -0.0561187
v -0.022143 -0.079752 -0.0561187
v -0.0282105 -0.0708031 -0.0647386
v -0.0322124 -0.0607591 -0.0725996
v -0.0339616 -0.0500896 -0.0796093
v -0.0333763 -0.0392936 -0.0856857
v -0.0304838 -0.0288758 -0.0907575
v -0.0254194 -0.0193233 -0.0947653
v -0.0184199 -0.0110829 -0.0976621
v -0.00981262 -0.0045398 -0.0994138
v -6.12323e-18 -7.4988e-34 -0.1
v -0.0195156 -0.084375 -0.05
v -0.0247784 0.0966617 -0.00649978
v -0.0267136 0.0962137 -0.00541389
v -0.0248039 0.096875 0
v -0.0267136 0.0962137 0.00541389
v -0.0161545 0.0985379 0.00541389
v -0.0264004 0.0950857 0.0161782
v -0.0159651 0.0973827 0.0161782
v -0.0257777 0.0928429 0.0267528
v -0.0155885 0.0950857 0.0267528
v -0.0248528 0.0895116 0.0370138
v -0.0150292 0.0916739 0.0370138
v -0.0236365 0.0851308 0.0468408
v -0.0142936 0.0871873 0.0468408
v -0.022143 0.079752 0.0561187
v -0.0133905 0.0816785 0.0561187
v -0.02039 0.0734381 0.0647386
v -0.0123304 0.0752122 0.0647386
v -0.0183979 0.0662633 0.0725996
v -0.0111257 0.067864 0.0725996
v -0.0161901 0.0583116 0.0796093
v -0.00979063 0.0597202 0.0796093
v -0.0137925 0.0496762 0.0856857
v -0.00834073 0.0508762 0.0856857
v -0.00951956 0.0490854 0.0866025
v -0.00191514 0.0499633 0.0866025
v -0.024682 0.0960182 -0.0130831
v -0.0264004 0.0950857 -0.0161782
v -0.0369595 0.0927614 -0.00541389
v -0.0365262 0.0916739 -0.0161782
v -0.0467721 0.0882216 -0.00541389
v -0.0462238 0.0871873 -0.0161782
v -0.0560364 0.0826475 -0.00541389
v -0.0553794 0.0816785 -0.0161782
v -0.0646437 0.0761044 -0.00541389
v -0.0638858 0.0752122 -0.0161782
v -0.0724931 0.0686691 -0.00541389
v -0.0716432 0.067864 -0.0161782
v -0.0794926 0.0604287 -0.00541389
v -0.0785606 0.0597202 -0.0161782
v -0.0855601 0.0514798 -0.00541389
v -0.0845569 0.0508762 -0.0161782
v -0.0906244 0.0419273 -0.00541389
v -0.0895619 0.0414358 -0.0161782
v -0.0946263 0.0318833 -0.00541389
v -0.0935169 0.0315095 -0.0161782
v -0.0975188 0.0214655 -0.00541389
v -0.0963755 0.0212139 -0.0161782
v -0.099268 0.010796 -0.00541389
v -0.0981042 0.0106695 -0.0161782
v -0.0998533 -1.22285e-17 -0.00541389
v -0.0986826 -1.20851e-17 -0.0161782
v -0.099268 -0.010796 -0.00541389
v -0.0981042 -0.0106695 -0.0161782
v -0.0975188 -0.0214655 -0.00541389
v -0.0963755 -0.0212139 -0.0161782
v -0.0946263 -0.0318833 -0.00541389
v -0.0935169 -0.0315095 -0.0161782
v -0.0906244 -0.0419273 -0.00541389
v -0.0895619 -0.0414358 -0.0161782
v -0.0855601 -0.0514798 -0.00541389
v -0.0845569 -0.0508762 -0.0161782
v -0.0794926 -0.0604287 -0.00541389
v -0.0785606 -0.0597202 -0.0161782
v -0.0724931 -0.0686691 -0.00541389
v -0.0716432 -0.067864 -0.0161782
v -0.0646437 -0.0761044 -0.00541389
v -0.0638858 -0.0752122 -0.0161782
v -0.0560364 -0.0826475 -0.00541389
v -0.0553794 -0.0816785 -0.0161782
v -0.0467721 -0.0882216 -0.00541389
v -0.0462238 -0.0871873 -0.0161782
v -0.0369595 -0.0927614 -0.00541389
v -0.024682 0.0960182 -0.0130831
v -0.0244833 0.09494 -0.0196687
v -0.0264004 0.0950857 -0.0161782
v -0.0257777 0.0928429 -0.0267528
v -0.0365262 0.0916739 -0.0161782
v -0.0356647 0.0895116 -0.0267528
v -0.0462238 0.0871873 -0.0161782
v -0.0451335 0.0851308 -0.0267528
v -0.0553794 0.0816785 -0.0161782
v -0.0540732 0.079752 -0.0267528
v -0.0638858 0.0752122 -0.0161782
v -0.0623789 0.0734381 -0.0267528
v -0.0716432 0.067864 -0.0161782
v -0.0699533 0.0662633 -0.0267528
v -0.0785606 0.0597202 -0.0161782
v -0.0767075 0.0583116 -0.0267528
v -0.0845569 0.0508762 -0.0161782
v -0.0825625 0.0496762 -0.0267528
v -0.0895619 0.0414358 -0.0161782
v -0.0874494 0.0404584 -0.0267528
v -0.0935169 0.0315095 -0.0161782
v -0.0913111 0.0307663 -0.0267528
v -0.0963755 0.0212139 -0.0161782
v -0.0941023 0.0207135 -0.0267528
v -0.0981042 0.0106695 -0.0161782
v -0.0957902 0.0104178 -0.0267528
v -0.0986826 -1.20851e-17 -0.0161782
v -0.096355 -1.18001e-17 -0.0267528
v -0.0981042 -0.0106695 -0.0161782
v -0.0957902 -0.0104178 -0.0267528
v -0.0963755 -0.0212139 -0.0161782
v -0.0941023 -0.0207135 -0.0267528
v -0.0935169 -0.0315095 -0.0161782
v -0.0913111 -0.0307663 -0.0267528
v -0.0895619 -0.0414358 -0.0161782
v -0.0874494 -0.0404584 -0.0267528
v -0.0845569 -0.0508762 -0.0161782
v -0.0825625 -0.0496762 -0.0267528
v -0.0785606 -0.0597202 -0.0161782
v -0.0767075 -0.0583116 -0.0267528
v -0.0716432 -0.067864 -0.0161782
v -0.0699533 -0.0662633 -0.0267528
v -0.0638858 -0.0752122 -0.0161782
v -0.0623789 -0.0734381 -0.0267528
v -0.0553794 -0.0816785 -0.0161782
v -0.0540732 -0.079752 -0.0267528
v -0.0462238 -0.0871873 -0.0161782
v -0.0244833 0.09494 -0.0196687
v -0.0241275 0.0934466 -0.0261784
v -0.0257777 0.0928429 -0.0267528
v -0.02354 0.0915816 -0.0325374
v -0.0248528 0.0895116 -0.0370138
v -0.0226427 0.0893979 -0.0386682
v -0.0213373 0.0869701 -0.0445071
v -0.0236365 0.0851308 -0.0468408
v -0.0195156 0.084375 -0.05
v -0.022143 0.079752 -0.0561187
v -0.0133905 0.0816785 -0.0561187
v -0.0123304 0.0752122 -0.0647386
v -0.00412626 0.0761044 -0.0647386
v -0.00372313 0.0686691 -0.0725996
v 0.00372313 0.0686691 -0.0725996
v 0.00327635 0.0604287 -0.0796093
v 0.00979063 0.0597202 -0.0796093
v 0.00834073 0.0508762 -0.0856857
v 0.0137925 0.0496762 -0.0856857
v 0.0112332 0.0404584 -0.0907575
v 0.0155417 0.0390067 -0.0907575
v 0.0118186 0.0296624 -0.0947653
v 0.0149564 0.0282107 -0.0947653
v 0.0100694 0.0189929 -0.0976621
v 0.0120639 0.0177929 -0.0976621
v 0.0060675 0.00894889 -0.0994138
v 0.00699948 0.00824042 -0.0994138
v -6.12323e-18 -7.4988e-34 -0.1
v -0.00982117 0.0860438 -0.05
v -0.00448102 0.0826475 -0.0561187
v 0.00412626 0.0761044 -0.0647386
v 0.0111257 0.067864 -0.0725996
v 0.0161901 0.0583116 -0.0796093
v 0.0190826 0.0478938 -0.0856857
v 0.019668 0.0370977 -0.0907575
v 0.0179188 0.0264282 -0.0947653
v 0.0139169 0.0163842 -0.0976621
v 0.00784939 0.00743534 -0.0994138
v -1.06058e-17 0.0866025 -0.05
v 0.00448102 0.0826475 -0.0561187
v 0.0123304 0.0752122 -0.0647386
v 0.0183979 0.0662633 -0.0725996
v 0.0223998 0.0562193 -0.0796093
v 0.024149 0.0455498 -0.0856857
v 0.0235636 0.0347538 -0.0907575
v 0.0206711 0.024336 -0.0947653
v 0.0156068 0.0147835 -0.0976621
v 0.00860728 0.00654308 -0.0994138
v 0.00982117 0.0860438 -0.05
v 0.0133905 0.0816785 -0.0561187
v 0.02039 0.0734381 -0.0647386
v 0.0254544 0.0638857 -0.0725996
v 0.0283469 0.0534679 -0.0796093
v 0.0289322 0.0426718 -0.0856857
v 0.027183 0.0320024 -0.0907575
v 0.0231811 0.0219583 -0.0947653
v 0.0171136 0.0130095 -0.0976621
v 0.00926426 0.00557412 -0.0994138
v -6.12323e-18 -7.4988e-34 -0.1
v 0.0195156 0.084375 -0.05
v 0.022143 0.079752 -0.0561187
v 0.0282105 0.0708031 -0.0647386
v 0.0322124 0.0607591 -0.0725996
v 0.0339616 0.0500896 -0.0796093
v 0.0333763 0.0392936 -0.0856857
v 0.0304838 0.0288758 -0.0907575
v 0.0254194 0.0193233 -0.0947653
v 0.0184199 0.0110829 -0.0976621
v 0.00981262 0.0045398 -0.0994138
v 0.0236365 0.0851308 -0.0468408
v 0.0213373 0.0869701 -0.0445071
v 0.0226427 0.0893979 -0.0386682
v 0.0248528 0.0895116 -0.0370138
v 0.02354 0.0915816 -0.0325374
v 0.0257777 0.0928429 -0.0267528
v 0.0241275 0.0934466 -0.0261784
v 0.0244833 0.09494 -0.0196687
v 0.0149827 0.0988712 0
v 0.0161545 0.0985379 0.00541389
v 0.0248039 0.096875 0
v 0.0253274 0.0965878 0.00541389
v 0.0267136 0.0962137 0.00541389
v 0.0251527 0.0954233 0.0161782
v 0.0264004 0.0950857 0.0161782
v 0.0246787 0.093141 0.0267528
v 0.0257777 0.0928429 0.0267528
v 0.0239081 0.0897685 0.0370138
v 0.0248528 0.0895116 0.0370138
v 0.0228473 0.085346 0.0468408
v 0.0236365 0.0851308 0.0468408
v 0.0215061 0.0799261 0.0561187
v 0.022143 0.079752 0.0561187
v 0.0198977 0.073573 0.0647386
v 0.02039 0.0734381 0.0647386
v 0.0180387 0.066362 0.0725996
v 0.0183979 0.0662633 0.0725996
v 0.0159488 0.058378 0.0796093
v 0.0161901 0.0583116 0.0796093
v 0.0136506 0.0497154 0.0856857
v 0.0137925 0.0496762 0.0856857
v 0.0132491 0.0482127 0.0866025
v 0.0190826 0.0478938 0.0856857
v 0.0204534 0.0456252 0.0866025
v 0.024149 0.0455498 0.0856857
v 0.0271784 0.0419683 0.0866025
v 0.0289322 0.0426718 0.0856857
v 0.0333763 0.0392936 0.0856857
v 0.0391781 0.0461241 0.0796093
v 0.0439354 0.0416178 0.0796093
v 0.0499267 0.0472931 0.0725996
v 0.0547473 0.0416178 0.0725996
v 0.0606752 0.0461241 0.0647386
v 0.0653064 0.0392936 0.0647386
v 0.0709211 0.0426718 0.0561187
v 0.075119 0.0347538 0.0561187
v 0.0801854 0.0370977 0.0468408
v 0.0837263 0.0282107 0.0468408
v 0.0880348 0.0296624 0.0370138
v 0.0907258 0.0199703 0.0370138
v 0.0941023 0.0207135 0.0267528
v 0.0957902 0.0104178 0.0267528
v 0.0981042 0.0106695 0.0161782
v 0.0986826 0 0.0161782
v 0.0998533 0 0.00541389
v 0.099268 -0.010796 0.00541389
v 0.0161545 0.0985379 0.00541389
v 0.0149827 0.0988712 0
v 0.00540595 0.0997069 0.00541389
v 0.00501101 0.0998744 0
v -0.00501101 0.0998744 0
v -0.00540595 0.0997069 0.00541389
v -0.0149827 0.0988712 0
v -0.0161545 0.0985379 0.00541389
v -0.0248039 0.096875 0
v -0.049414 0.00763246 0.0866025
v -0.0512532 0.00557412 0.0856857
v -0.05 6.12323e-18 0.0866025
v -0.0515554 -6.31371e-18 0.0856857
v -0.0512532 -0.00557412 0.0856857
v -0.0605174 -7.41125e-18 0.0796093
v -0.0601627 -0.00654308 0.0796093
v -0.0687699 -8.42189e-18 0.0725996
v -0.0683668 -0.00743534 0.0725996
v -0.0762162 -9.33379e-18 0.0647386
v -0.0757694 -0.00824042 0.0647386
v -0.0827689 -1.01363e-17 0.0561187
v -0.0822837 -0.00894889 0.0561187
v -0.0883512 -1.08199e-17 0.0468408
v -0.0878333 -0.00955245 0.0468408
v -0.0928977 -1.13767e-17 0.0370138
v -0.0923531 -0.010044 0.0370138
v -0.096355 -1.18001e-17 0.0267528
v -0.0957902 -0.0104178 0.0267528
v -0.0986826 -1.20851e-17 0.0161782
v -0.0981042 -0.0106695 0.0161782
v -0.0998533 -1.22285e-17 0.00541389
v -0.099268 -0.010796 0.00541389
v -0.0998533 -1.22285e-17 -0.00541389
v -0.099268 -0.010796 -0.00541389
v -0.05035 0.0110829 0.0856857
v -0.0476698 0.015086 0.0866025
v -0.0488566 0.0164617 0.0856857
v -0.0467904 0.0216475 0.0856857
v -0.0549241 0.0254106 0.0796093
v -0.0518548 0.0312 0.0796093
v -0.058926 0.0354546 0.0725996
v -0.0547473 0.0416178 0.0725996
v -0.0606752 0.0461241 0.0647386
v -0.0553326 0.0524138 0.0647386
v -0.0600898 0.0569201 0.0561187
v -0.0535835 0.0630833 0.0561187
v -0.0571974 0.0673379 0.0468408
v -0.0495816 0.0731273 0.0468408
v -0.052133 0.0768904 0.0370138
v -0.0435141 0.0820762 0.0370138
v -0.0451335 0.0851308 0.0267528
v -0.0356647 0.0895116 0.0267528
v -0.0365262 0.0916739 0.0161782
v -0.0264004 0.0950857 0.0161782
v -0.0267136 0.0962137 0.00541389
v -0.0448083 0.022186 0.0866025
v -0.0441756 0.0265796 0.0856857
v -0.0481775 0.0366236 0.0796093
v -0.0499267 0.0472931 0.0725996
v -0.0493413 0.0580891 0.0647386
v -0.0464488 0.0685069 0.0561187
v -0.0413845 0.0780594 0.0468408
v -0.034385 0.0862998 0.0370138
v -0.0257777 0.0928429 0.0267528
v -0.0408965 0.0287659 0.0866025
v -0.0410429 0.0312 0.0856857
v -0.0439354 0.0416178 0.0796093
v -0.0445207 0.0524138 0.0725996
v -0.0427715 0.0630833 0.0647386
v -0.0387697 0.0731273 0.0561187
v -0.0327022 0.0820762 0.0468408
v -0.0248528 0.0895116 0.0370138
v -0.0360261 0.0346716 0.0866025
v -0.037429 0.0354546 0.0856857
v -0.0391781 0.0461241 0.0796093
v -0.0385928 0.0569201 0.0725996
v -0.0357003 0.0673379 0.0647386
v -0.0306359 0.0768904 0.0561187
v -0.0236365 0.0851308 0.0468408
v -0.0333763 0.0392936 0.0856857
v -0.0303113 0.0397646 0.0866025
v -0.0289322 0.0426718 0.0856857
v -0.023886 0.0439256 0.0866025
v -0.024149 0.0455498 0.0856857
v -0.0190826 0.0478938 0.0856857
v -0.0223998 0.0562193 0.0796093
v -0.0161901 0.0583116 0.0796093
v -0.0183979 0.0662633 0.0725996
v -0.0169008 0.047057 0.0866025
v -0.0137925 0.0496762 0.0856857
v -0.00951956 0.0490854 0.0866025
v 0.00573417 0.0496701 0.0866025
v 0.00279115 0.0514798 0.0856857
v -0.00191514 0.0499633 0.0866025
v -0.00279115 0.0514798 0.0856857
v -0.00834073 0.0508762 0.0856857
v -0.00327635 0.0604287 0.0796093
v -0.00979063 0.0597202 0.0796093
v -0.00372313 0.0686691 0.0725996
v -0.0111257 0.067864 0.0725996
v -0.00412626 0.0761044 0.0647386
v -0.0123304 0.0752122 0.0647386
v -0.00448102 0.0826475 0.0561187
v -0.0133905 0.0816785 0.0561187
v -0.00478324 0.0882216 0.0468408
v -0.0142936 0.0871873 0.0468408
v -0.00502938 0.0927614 0.0370138
v -0.0150292 0.0916739 0.0370138
v -0.00521655 0.0962137 0.0267528
v -0.0155885 0.0950857 0.0267528
v -0.00534257 0.0985379 0.0161782
v -0.0159651 0.0973827 0.0161782
v -0.00540595 0.0997069 0.00541389
v -0.0161545 0.0985379 0.00541389
v 0.00834073 0.0508762 0.0856857
v 0.0132491 0.0482127 0.0866025
v 0.0136506 0.0497154 0.0856857
v 0.0271784 0.0419683 0.0866025
v 0.0332663 0.0373277 0.0866025
v 0.0333763 0.0392936 0.0856857
v 0.037429 0.0354546 0.0856857
v 0.0439354 0.0416178 0.0796093
v 0.0481775 0.0366236 0.0796093
v 0.0547473 0.0416178 0.0725996
v 0.058926 0.0354546 0.0725996
v 0.0653064 0.0392936 0.0647386
v 0.069172 0.0320024 0.0647386
v 0.075119 0.0347538 0.0561187
v 0.0784362 0.0264282 0.0561187
v 0.0837263 0.0282107 0.0468408
v 0.0862856 0.0189929 0.0468408
v 0.0907258 0.0199703 0.0370138
v 0.0923531 0.010044 0.0370138
v 0.0957902 0.0104178 0.0267528
v 0.096355 0 0.0267528
v 0.0986826 0 0.0161782
v 0.0981042 -0.0106695 0.0161782
v 0.099268 -0.010796 0.00541389
v 0.0975188 -0.0214655 0.00541389
v 0.0385745 0.0318121 0.0866025
v 0.0410429 0.0312 0.0856857
v 0.0518548 0.0312 0.0796093
v 0.0624139 0.0288758 0.0725996
v 0.0722265 0.024336 0.0647386
v 0.0808338 0.0177929 0.0561187
v 0.0878333 0.00955245 0.0468408
v 0.0928977 0 0.0370138
v 0.0957902 -0.0104178 0.0267528
v 0.0963755 -0.0212139 0.0161782
v 0.0946263 -0.0318833 0.00541389
v 0.0429785 0.0255509 0.0866025
v 0.0441756 0.0265796 0.0856857
v 0.0549241 0.0254106 0.0796093
v 0.0651701 0.0219583 0.0725996
v 0.0744343 0.0163842 0.0647386
v 0.0822837 0.00894889 0.0561187
v 0.0883512 0 0.0468408
v 0.0923531 -0.010044 0.0370138
v 0.0941023 -0.0207135 0.0267528
v 0.0935169 -0.0315095 0.0161782
v 0.0906244 -0.0419273 0.00541389
v 0.0467904 0.0216475 0.0856857
v 0.0463751 0.0186909 0.0866025
v 0.0488566 0.0164617 0.0856857
v 0.0486848 0.0113927 0.0866025
v 0.05035 0.0110829 0.0856857
v 0.0512532 0.00557412 0.0856857
v 0.0601627 0.00654308 0.0796093
v 0.0605174 0 0.0796093
v 0.0687699 0 0.0725996
v 0.0683668 -0.00743534 0.0725996
v 0.0757694 -0.00824042 0.0647386
v 0.0744343 -0.0163842 0.0647386
v 0.0808338 -0.0177929 0.0561187
v 0.0784362 -0.0264282 0.0561187
v 0.0837263 -0.0282107 0.0468408
v 0.0801854 -0.0370977 0.0468408
v 0.0843116 -0.0390067 0.0370138
v 0.0796 -0.0478938 0.0370138
v 0.0825625 -0.0496762 0.0267528
v 0.0767075 -0.0583116 0.0267528
v 0.0785606 -0.0597202 0.0161782
v 0.0716432 -0.067864 0.0161782
v 0.0724931 -0.0686691 0.00541389
v 0.0646437 -0.0761044 0.00541389
v 0.0498533 0.00382746 0.0866025
v 0.0515554 0 0.0856857
v 0.0601627 -0.00654308 0.0796093
v 0.0671621 -0.0147835 0.0725996
v 0.0722265 -0.024336 0.0647386
v 0.075119 -0.0347538 0.0561187
v 0.0757044 -0.0455498 0.0468408
v 0.0739552 -0.0562193 0.0370138
v 0.0699533 -0.0662633 0.0267528
v 0.0638858 -0.0752122 0.0161782
v 0.0560364 -0.0826475 0.00541389
v 0.0498533 -0.00382746 0.0866025
v 0.0512532 -0.00557412 0.0856857
v 0.0591026 -0.0130095 0.0796093
v 0.0651701 -0.0219583 0.0725996
v 0.069172 -0.0320024 0.0647386
v 0.0709211 -0.0426718 0.0561187
v 0.0703358 -0.0534679 0.0468408
v 0.0674433 -0.0638857 0.0370138
v 0.0623789 -0.0734381 0.0267528
v 0.0553794 -0.0816785 0.0161782
v 0.0467721 -0.0882216 0.00541389
v 0.0486848 -0.0113927 0.0866025
v 0.05035 -0.0110829 0.0856857
v 0.0573495 -0.0193233 0.0796093
v 0.0624139 -0.0288758 0.0725996
v 0.0653064 -0.0392936 0.0647386
v 0.0658918 -0.0500896 0.0561187
v 0.0641426 -0.0607591 0.0468408
v 0.0601407 -0.0708031 0.0370138
v 0.0540732 -0.079752 0.0267528
v 0.0462238 -0.0871873 0.0161782
v 0.0369595 -0.0927614 0.00541389
v 0.0488566 -0.0164617 0.0856857
v 0.0463751 -0.0186909 0.0866025
v 0.0467904 -0.0216475 0.0856857
v 0.0429785 -0.0255509 0.0866025
v 0.0441756 -0.0265796 0.0856857
v 0.0410429 -0.0312 0.0856857
v 0.0481775 -0.0366236 0.0796093
v 0.0439354 -0.0416178 0.0796093
v 0.0499267 -0.0472931 0.0725996
v 0.0445207 -0.0524138 0.0725996
v 0.0493413 -0.0580891 0.0647386
v 0.0427715 -0.0630833 0.0647386
v 0.0464488 -0.0685069 0.0561187
v 0.0387697 -0.0731273 0.0561187
v 0.0413845 -0.0780594 0.0468408
v 0.0327022 -0.0820762 0.0468408
v 0.034385 -0.0862998 0.0370138
v 0.0248528 -0.0895116 0.0370138
v 0.0257777 -0.0928429 0.0267528
v 0.0155885 -0.0950857 0.0267528
v 0.0159651 -0.0973827 0.0161782
v 0.00534257 -0.0985379 0.0161782
v 0.00540595 -0.0997069 0.00541389
v -0.00540595 -0.0997069 0.00541389
v 0.0385745 -0.0318121 0.0866025
v 0.037429 -0.0354546 0.0856857
v 0.0391781 -0.0461241 0.0796093
v 0.0385928 -0.0569201 0.0725996
v 0.0357003 -0.0673379 0.0647386
v 0.0306359 -0.0768904 0.0561187
v 0.0236365 -0.0851308 0.0468408
v 0.0150292 -0.0916739 0.0370138
v 0.00521655 -0.0962137 0.0267528
v -0.00534257 -0.0985379 0.0161782
v -0.0161545 -0.0985379 0.00541389
v 0.0332663 -0.0373277 0.0866025
v 0.0333763 -0.0392936 0.0856857
v 0.0339616 -0.0500896 0.0796093
v 0.0322124 -0.0607591 0.0725996
v 0.0282105 -0.0708031 0.0647386
v 0.022143 -0.079752 0.0561187
v 0.0142936 -0.0871873 0.0468408
v 0.00502938 -0.0927614 0.0370138
v -0.00521655 -0.0962137 0.0267528
v -0.0159651 -0.0973827 0.0161782
v -0.0267136 -0.0962137 0.00541389
v 0.0271784 -0.0419683 0.0866025
v 0.0289322 -0.0426718 0.0856857
v 0.0283469 -0.0534679 0.0796093
v 0.0254544 -0.0638857 0.0725996
v 0.02039 -0.0734381 0.0647386
v 0.0133905 -0.0816785 0.0561187
v 0.00478324 -0.0882216 0.0468408
v -0.00502938 -0.0927614 0.0370138
v -0.0155885 -0.0950857 0.0267528
v -0.0264004 -0.0950857 0.0161782
v -0.0369595 -0.0927614 0.00541389
v -0.0369595 -0.0927614 -0.00541389
v -0.0467721 -0.0882216 -0.00541389
v 0.024149 -0.0455498 0.0856857
v 0.0204534 -0.0456252 0.0866025
v 0.0190826 -0.0478938 0.0856857
v 0.0132491 -0.0482127 0.0866025
v 0.0137925 -0.0496762 0.0856857
v 0.00834073 -0.0508762 0.0856857
v 0.00979063 -0.0597202 0.0796093
v 0.00327635 -0.0604287 0.0796093
v 0.00372313 -0.0686691 0.0725996
v -0.00372313 -0.0686691 0.0725996
v -0.00412626 -0.0761044 0.0647386
v -0.0123304 -0.0752122 0.0647386
v -0.0133905 -0.0816785 0.0561187
v -0.022143 -0.079752 0.0561187
v -0.0236365 -0.0851308 0.0468408
v -0.0327022 -0.0820762 0.0468408
v -0.034385 -0.0862998 0.0370138
v -0.0435141 -0.0820762 0.0370138
v -0.0451335 -0.0851308 0.0267528
v -0.0540732 -0.079752 0.0267528
v -0.0553794 -0.0816785 0.0161782
v -0.0638858 -0.0752122 0.0161782
v -0.0646437 -0.0761044 0.00541389
v -0.0724931 -0.0686691 0.00541389
v -0.0724931 -0.0686691 -0.00541389
v -0.0794926 -0.0604287 -0.00541389
v 0.00573417 -0.0496701 0.0866025
v 0.00279115 -0.0514798 0.0856857
v -0.00327635 -0.0604287 0.0796093
v -0.0111257 -0.067864 0.0725996
v -0.02039 -0.0734381 0.0647386
v -0.0306359 -0.0768904 0.0561187
v -0.0413845 -0.0780594 0.0468408
v -0.052133 -0.0768904 0.0370138
v -0.0623789 -0.0734381 0.0267528
v -0.0716432 -0.067864 0.0161782
v -0.0794926 -0.0604287 0.00541389
v -0.0855601 -0.0514798 -0.00541389
v -0.00191514 -0.0499633 0.0866025
v -0.00279115 -0.0514798 0.0856857
v -0.00979063 -0.0597202 0.0796093
v -0.0183979 -0.0662633 0.0725996
v -0.0282105 -0.0708031 0.0647386
v -0.0387697 -0.0731273 0.0561187
v -0.0495816 -0.0731273 0.0468408
v -0.0601407 -0.0708031 0.0370138
v -0.0699533 -0.0662633 0.0267528
v -0.0785606 -0.0597202 0.0161782
v -0.0855601 -0.0514798 0.00541389
v -0.0906244 -0.0419273 -0.00541389
v -0.00834073 -0.0508762 0.0856857
v -0.00951956 -0.0490854 0.0866025
v -0.0137925 -0.0496762 0.0856857
v -0.0169008 -0.047057 0.0866025
v -0.0190826 -0.0478938 0.0856857
v -0.023886 -0.0439256 0.0866025
v -0.024149 -0.0455498 0.0856857
v -0.0289322 -0.0426718 0.0856857
v -0.0339616 -0.0500896 0.0796093
v -0.0391781 -0.0461241 0.0796093
v -0.0445207 -0.0524138 0.0725996
v -0.0499267 -0.0472931 0.0725996
v -0.0553326 -0.0524138 0.0647386
v -0.0606752 -0.0461241 0.0647386
v -0.0658918 -0.0500896 0.0561187
v -0.0709211 -0.0426718 0.0561187
v -0.0757044 -0.0455498 0.0468408
v -0.0801854 -0.0370977 0.0468408
v -0.0843116 -0.0390067 0.0370138
v -0.0880348 -0.0296624 0.0370138
v -0.0913111 -0.0307663 0.0267528
v -0.0941023 -0.0207135 0.0267528
v -0.0963755 -0.0212139 0.0161782
v -0.0981042 -0.0106695 0.0161782
v -0.099268 -0.010796 0.00541389
v -0.0303113 -0.0397646 0.0866025
v -0.0333763 -0.0392936 0.0856857
v -0.0439354 -0.0416178 0.0796093
v -0.0547473 -0.0416178 0.0725996
v -0.0653064 -0.0392936 0.0647386
v -0.075119 -0.0347538 0.0561187
v -0.0837263 -0.0282107 0.0468408
v -0.0907258 -0.0199703 0.0370138
v -0.0957902 -0.0104178 0.0267528
v -0.0360261 -0.0346716 0.0866025
v -0.037429 -0.0354546 0.0856857
v -0.0481775 -0.0366236 0.0796093
v -0.058926 -0.0354546 0.0725996
v -0.069172 -0.0320024 0.0647386
v -0.0784362 -0.0264282 0.0561187
v -0.0862856 -0.0189929 0.0468408
v -0.0923531 -0.010044 0.0370138
v -0.0410429 -0.0312 0.0856857
v -0.0408965 -0.0287659 0.0866025
v -0.0441756 -0.0265796 0.0856857
v -0.0448083 -0.022186 0.0866025
v -0.0467904 -0.0216475 0.0856857
v -0.0476698 -0.015086 0.0866025
v -0.0488566 -0.0164617 0.0856857
v -0.05035 -0.0110829 0.0856857
v -0.0591026 -0.0130095 0.0796093
v -0.0601627 -0.00654308 0.0796093
v -0.0683668 -0.00743534 0.0725996
v -0.049414 -0.00763246 0.0866025
v -0.0512532 -0.00557412 0.0856857
v -0.05 6.12323e-18 0.0866025
v -0.0108119 -1.32408e-18 -0.0994138
v -6.12323e-18 -7.4988e-34 -0.1
v -0.0107485 -0.00116897 -0.0994138
v -0.0105591 -0.00232424 -0.0994138
v -0.0102459 -0.00345226 -0.0994138
v -0.00699948 -0.00824042 -0.0994138
v -0.0060675 -0.00894889 -0.0994138
v -0.00506439 -0.00955245 -0.0994138
v -0.0040019 -0.010044 -0.0994138
v -0.00289249 -0.0104178 -0.0994138
v -0.00174917 -0.0106695 -0.0994138
v -0.000585345 -0.010796 -0.0994138
v 0.000585345 -0.010796 -0.0994138
v 0.00174917 -0.0106695 -0.0994138
v 0.00289249 -0.0104178 -0.0994138
v 0.0040019 -0.010044 -0.0994138
v 0.00506439 -0.00955245 -0.0994138
v 0.0060675 -0.00894889 -0.0994138
v 0.00699948 -0.00824042 -0.0994138
v 0.00784939 -0.00743534 -0.0994138
v 0.00860728 -0.00654308 -0.0994138
v 0.00926426 -0.00557412 -0.0994138
v 0.00981262 -0.0045398 -0.0994138
v 0.0102459 -0.00345226 -0.0994138
v 0.0105591 -0.00232424 -0.0994138
v 0.0107485 -0.00116897 -0.0994138
v 0.0108119 0 -0.0994138
v 0.0107485 0.00116897 -0.0994138
v 0.0105591 0.00232424 -0.0994138
v -6.12323e-18 -7.4988e-34 -0.1
v 0.0102459 0.00345226 -0.0994138
v 0.00981262 0.0045398 -0.0994138
v 0.00506439 0.00955245 -0.0994138
v 0.0040019 0.010044 -0.0994138
v 0.00289249 0.0104178 -0.0994138
v 0.00174917 0.0106695 -0.0994138
v 0.000585345 0.010796 -0.0994138
v -0.000585345 0.010796 -0.0994138
v -0.00174917 0.0106695 -0.0994138
v -0.00289249 0.0104178 -0.0994138
v -0.0040019 0.010044 -0.0994138
v -0.00506439 0.00955245 -0.0994138
v -0.0060675 0.00894889 -0.0994138
v -0.00699948 0.00824042 -0.0994138
v -0.00784939 0.00743534 -0.0994138
v -0.00860728 0.00654308 -0.0994138
v -0.00926426 0.00557412 -0.0994138
v -0.00981262 0.0045398 -0.0994138
v -0.0102459 0.00345226 -0.0994138
v -0.0105591 0.00232424 -0.0994138
v -0.0107485 0.00116897 -0.0994138
v -0.0108119 -1.32408e-18 -0.0994138
v -0.0605174 -7.41125e-18 0.0796093
v -0.0515554 -6.31371e-18 0.0856857
v -0.0601627 0.00654308 0.0796093
v -0.0512532 0.00557412 0.0856857
v -0.0591026 0.0130095 0.0796093
v -0.05035 0.0110829 0.0856857
v -0.0573495 0.0193233 0.0796093
v -0.0488566 0.0164617 0.0856857
v -0.0549241 0.0254106 0.0796093
v -0.0687699 -8.42189e-18 0.0725996
v -0.0683668 0.00743534 0.0725996
v -0.0671621 0.0147835 0.0725996
v -0.0651701 0.0219583 0.0725996
v -0.0624139 0.0288758 0.0725996
v -0.058926 0.0354546 0.0725996
v -0.0762162 -9.33379e-18 0.0647386
v -0.0757694 0.00824042 0.0647386
v -0.0744343 0.0163842 0.0647386
v -0.0722265 0.024336 0.0647386
v -0.069172 0.0320024 0.0647386
v -0.0653064 0.0392936 0.0647386
v -0.0606752 0.0461241 0.0647386
v -0.0827689 -1.01363e-17 0.0561187
v -0.0822837 0.00894889 0.0561187
v -0.0808338 0.0177929 0.0561187
v -0.0784362 0.0264282 0.0561187
v -0.075119 0.0347538 0.0561187
v -0.0709211 0.0426718 0.0561187
v -0.0658918 0.0500896 0.0561187
v -0.0600898 0.0569201 0.0561187
v -0.0883512 -1.08199e-17 0.0468408
v -0.0878333 0.00955245 0.0468408
v -0.0862856 0.0189929 0.0468408
v -0.0837263 0.0282107 0.0468408
v -0.0801854 0.0370977 0.0468408
v -0.0757044 0.0455498 0.0468408
v -0.0703358 0.0534679 0.0468408
v -0.0641426 0.0607591 0.0468408
v -0.0571974 0.0673379 0.0468408
v -0.0928977 -1.13767e-17 0.0370138
v -0.0923531 0.010044 0.0370138
v -0.0907258 0.0199703 0.0370138
v -0.0880348 0.0296624 0.0370138
v -0.0843116 0.0390067 0.0370138
v -0.0796 0.0478938 0.0370138
v -0.0739552 0.0562193 0.0370138
v -0.0674433 0.0638857 0.0370138
v -0.0601407 0.0708031 0.0370138
v -0.052133 0.0768904 0.0370138
v -0.096355 -1.18001e-17 0.0267528
v -0.0957902 0.0104178 0.0267528
v -0.0941023 0.0207135 0.0267528
v -0.0913111 0.0307663 0.0267528
v -0.0874494 0.0404584 0.0267528
v -0.0825625 0.0496762 0.0267528
v -0.0767075 0.0583116 0.0267528
v -0.0699533 0.0662633 0.0267528
v -0.0623789 0.0734381 0.0267528
v -0.0540732 0.079752 0.0267528
v -0.0451335 0.0851308 0.0267528
v -0.0986826 -1.20851e-17 0.0161782
v -0.0981042 0.0106695 0.0161782
v -0.0963755 0.0212139 0.0161782
v -0.0935169 0.0315095 0.0161782
v -0.0895619 0.0414358 0.0161782
v -0.0845569 0.0508762 0.0161782
v -0.0785606 0.0597202 0.0161782
v -0.0716432 0.067864 0.0161782
v -0.0638858 0.0752122 0.0161782
v -0.0553794 0.0816785 0.0161782
v -0.0462238 0.0871873 0.0161782
v -0.0365262 0.0916739 0.0161782
v -0.099268 0.010796 -0.00541389
v -0.0998533 -1.22285e-17 -0.00541389
v -0.0998533 -1.22285e-17 0.00541389
v -0.099268 0.010796 0.00541389
v -0.0975188 0.0214655 0.00541389
v -0.0946263 0.0318833 0.00541389
v -0.0906244 0.0419273 0.00541389
v -0.0855601 0.0514798 0.00541389
v -0.0794926 0.0604287 0.00541389
v -0.0724931 0.0686691 0.00541389
v -0.0646437 0.0761044 0.00541389
v -0.0560364 0.0826475 0.00541389
v -0.0467721 0.0882216 0.00541389
v -0.0369595 0.0927614 0.00541389
v -0.0267136 0.0962137 0.00541389
v -0.096355 -1.18001e-17 -0.0267528
v -0.0928977 -1.13767e-17 -0.0370138
v -0.0957902 -0.0104178 -0.0267528
v -0.0923531 -0.010044 -0.0370138
v -0.0941023 -0.0207135 -0.0267528
v -0.0907258 -0.0199703 -0.0370138
v -0.0913111 -0.0307663 -0.0267528
v -0.0880348 -0.0296624 -0.0370138
v -0.0874494 -0.0404584 -0.0267528
v -0.0843116 -0.0390067 -0.0370138
v -0.0825625 -0.0496762 -0.0267528
v -0.0796 -0.0478938 -0.0370138
v -0.0767075 -0.0583116 -0.0267528
v -0.0739552 -0.0562193 -0.0370138
v -0.0699533 -0.0662633 -0.0267528
v -0.0674433 -0.0638857 -0.0370138
v -0.0623789 -0.0734381 -0.0267528
v -0.0601407 -0.0708031 -0.0370138
v -0.0540732 -0.079752 -0.0267528
v -0.0883512 -1.08199e-17 -0.0468408
v -0.0878333 -0.00955245 -0.0468408
v -0.0862856 -0.0189929 -0.0468408
v -0.0837263 -0.0282107 -0.0468408
v -0.0801854 -0.0370977 -0.0468408
v -0.0757044 -0.0455498 -0.0468408
v -0.0703358 -0.0534679 -0.0468408
v -0.0641426 -0.0607591 -0.0468408
v -0.0923531 0.010044 -0.0370138
v -0.096355 -1.18001e-17 -0.0267528
v -0.0957902 0.0104178 -0.0267528
v -0.0907258 0.0199703 -0.0370138
v -0.0941023 0.0207135 -0.0267528
v -0.0880348 0.0296624 -0.0370138
v -0.0913111 0.0307663 -0.0267528
v -0.0843116 0.0390067 -0.0370138
v -0.0874494 0.0404584 -0.0267528
v -0.0796 0.0478938 -0.0370138
v -0.0825625 0.0496762 -0.0267528
v -0.0739552 0.0562193 -0.0370138
v -0.0767075 0.0583116 -0.0267528
v -0.0674433 0.0638857 -0.0370138
v -0.0699533 0.0662633 -0.0267528
v -0.0601407 0.0708031 -0.0370138
v -0.0623789 0.0734381 -0.0267528
v -0.052133 0.0768904 -0.0370138
v -0.0540732 0.079752 -0.0267528
v -0.0435141 0.0820762 -0.0370138
v -0.0451335 0.0851308 -0.0267528
v -0.034385 0.0862998 -0.0370138
v -0.0356647 0.0895116 -0.0267528
v -0.0248528 0.0895116 -0.0370138
v -0.0257777 0.0928429 -0.0267528
v -0.0883512 -1.08199e-17 -0.0468408
v -0.0827689 -1.01363e-17 -0.0561187
v -0.0878333 -0.00955245 -0.0468408
v -0.0822837 -0.00894889 -0.0561187
v -0.0862856 -0.0189929 -0.0468408
v -0.0808338 -0.0177929 -0.0561187
v -0.0837263 -0.0282107 -0.0468408
v -0.0784362 -0.0264282 -0.0561187
v -0.0801854 -0.0370977 -0.0468408
v -0.075119 -0.0347538 -0.0561187
v -0.0757044 -0.0455498 -0.0468408
v -0.0709211 -0.0426718 -0.0561187
v -0.0703358 -0.0534679 -0.0468408
v -0.0658918 -0.0500896 -0.0561187
v -0.0641426 -0.0607591 -0.0468408
v -0.0928977 -1.13767e-17 -0.0370138
v -0.0878333 0.00955245 -0.0468408
v -0.0923531 0.010044 -0.0370138
v -0.0862856 0.0189929 -0.0468408
v -0.0907258 0.0199703 -0.0370138
v -0.0837263 0.0282107 -0.0468408
v -0.0880348 0.0296624 -0.0370138
v -0.0801854 0.0370977 -0.0468408
v -0.0843116 0.0390067 -0.0370138
v -0.0757044 0.0455498 -0.0468408
v -0.0796 0.0478938 -0.0370138
v -0.0703358 0.0534679 -0.0468408
v -0.0739552 0.0562193 -0.0370138
v -0.0641426 0.0607591 -0.0468408
v -0.0674433 0.0638857 -0.0370138
v -0.0571974 0.0673379 -0.0468408
v -0.0601407 0.0708031 -0.0370138
v -0.0495816 0.0731273 -0.0468408
v -0.052133 0.0768904 -0.0370138
v -0.0413845 0.0780594 -0.0468408
v -0.0435141 0.0820762 -0.0370138
v -0.0327022 0.0820762 -0.0468408
v -0.034385 0.0862998 -0.0370138
v -0.0236365 0.0851308 -0.0468408
v -0.0248528 0.0895116 -0.0370138
v -0.0827689 -1.01363e-17 -0.0561187
v -0.0762162 -9.33379e-18 -0.0647386
v -0.0822837 -0.00894889 -0.0561187
v -0.0757694 -0.00824042 -0.0647386
v -0.0808338 -0.0177929 -0.0561187
v -0.0744343 -0.0163842 -0.0647386
v -0.0784362 -0.0264282 -0.0561187
v -0.0722265 -0.024336 -0.0647386
v -0.075119 -0.0347538 -0.0561187
v -0.069172 -0.0320024 -0.0647386
v -0.0709211 -0.0426718 -0.0561187
v -0.0653064 -0.0392936 -0.0647386
v -0.0658918 -0.0500896 -0.0561187
v -0.0883512 -1.08199e-17 -0.0468408
v -0.0822837 0.00894889 -0.0561187
v -0.0878333 0.00955245 -0.0468408
v -0.0808338 0.0177929 -0.0561187
v -0.0862856 0.0189929 -0.0468408
v -0.0784362 0.0264282 -0.0561187
v -0.0837263 0.0282107 -0.0468408
v -0.075119 0.0347538 -0.0561187
v -0.0801854 0.0370977 -0.0468408
v -0.0709211 0.0426718 -0.0561187
v -0.0757044 0.0455498 -0.0468408
v -0.0658918 0.0500896 -0.0561187
v -0.0703358 0.0534679 -0.0468408
v -0.0600898 0.0569201 -0.0561187
v -0.0641426 0.0607591 -0.0468408
v -0.0535835 0.0630833 -0.0561187
v -0.0571974 0.0673379 -0.0468408
v -0.0464488 0.0685069 -0.0561187
v -0.0495816 0.0731273 -0.0468408
v -0.0387697 0.0731273 -0.0561187
v -0.0413845 0.0780594 -0.0468408
v -0.0306359 0.0768904 -0.0561187
v -0.0327022 0.0820762 -0.0468408
v -0.022143 0.079752 -0.0561187
v -0.0236365 0.0851308 -0.0468408
v -0.0762162 -9.33379e-18 -0.0647386
v -0.0687699 -8.42189e-18 -0.0725996
v -0.0757694 -0.00824042 -0.0647386
v -0.0683668 -0.00743534 -0.0725996
v -0.0744343 -0.0163842 -0.0647386
v -0.0671621 -0.0147835 -0.0725996
v -0.0722265 -0.024336 -0.0647386
v -0.0651701 -0.0219583 -0.0725996
v -0.069172 -0.0320024 -0.0647386
v -0.0624139 -0.0288758 -0.0725996
v -0.0653064 -0.0392936 -0.0647386
v -0.0827689 -1.01363e-17 -0.0561187
v -0.0757694 0.00824042 -0.0647386
v -0.0822837 0.00894889 -0.0561187
v -0.0744343 0.0163842 -0.0647386
v -0.0808338 0.0177929 -0.0561187
v -0.0722265 0.024336 -0.0647386
v -0.0784362 0.0264282 -0.0561187
v -0.069172 0.0320024 -0.0647386
v -0.075119 0.0347538 -0.0561187
v -0.0653064 0.0392936 -0.0647386
v -0.0709211 0.0426718 -0.0561187
v -0.0606752 0.0461241 -0.0647386
v -0.0658918 0.0500896 -0.0561187
v -0.0553326 0.0524138 -0.0647386
v -0.0600898 0.0569201 -0.0561187
v -0.0493413 0.0580891 -0.0647386
v -0.0535835 0.0630833 -0.0561187
v -0.0427715 0.0630833 -0.0647386
v -0.0464488 0.0685069 -0.0561187
v -0.0357003 0.0673379 -0.0647386
v -0.0387697 0.0731273 -0.0561187
v -0.0282105 0.0708031 -0.0647386
v -0.0306359 0.0768904 -0.0561187
v -0.02039 0.0734381 -0.0647386
v -0.022143 0.079752 -0.0561187
v -0.0123304 0.0752122 -0.0647386
v -0.0687699 -8.42189e-18 -0.0725996
v -0.0605174 -7.41125e-18 -0.0796093
v -0.0683668 -0.00743534 -0.0725996
v -0.0601627 -0.00654308 -0.0796093
v -0.0671621 -0.0147835 -0.0725996
v -0.0591026 -0.0130095 -0.0796093
v -0.0651701 -0.0219583 -0.0725996
v -0.0573495 -0.0193233 -0.0796093
v -0.0624139 -0.0288758 -0.0725996
v -0.0762162 -9.33379e-18 -0.0647386
v -0.0683668 0.00743534 -0.0725996
v -0.0757694 0.00824042 -0.0647386
v -0.0671621 0.0147835 -0.0725996
v -0.0744343 0.0163842 -0.0647386
v -0.0651701 0.0219583 -0.0725996
v -0.0722265 0.024336 -0.0647386
v -0.0624139 0.0288758 -0.0725996
v -0.069172 0.0320024 -0.0647386
v -0.058926 0.0354546 -0.0725996
v -0.0653064 0.0392936 -0.0647386
v -0.0547473 0.0416178 -0.0725996
v -0.0606752 0.0461241 -0.0647386
v -0.0499267 0.0472931 -0.0725996
v -0.0553326 0.0524138 -0.0647386
v -0.0445207 0.0524138 -0.0725996
v -0.0493413 0.0580891 -0.0647386
v -0.0385928 0.0569201 -0.0725996
v -0.0427715 0.0630833 -0.0647386
v -0.0322124 0.0607591 -0.0725996
v -0.0357003 0.0673379 -0.0647386
v -0.0254544 0.0638857 -0.0725996
v -0.0282105 0.0708031 -0.0647386
v -0.0183979 0.0662633 -0.0725996
v -0.02039 0.0734381 -0.0647386
v -0.0111257 0.067864 -0.0725996
v -0.0123304 0.0752122 -0.0647386
v -0.00372313 0.0686691 -0.0725996
v -0.0605174 -7.41125e-18 -0.0796093
v -0.0515554 -6.31371e-18 -0.0856857
v -0.0601627 -0.00654308 -0.0796093
v -0.0512532 -0.00557412 -0.0856857
v -0.0591026 -0.0130095 -0.0796093
v -0.05035 -0.0110829 -0.0856857
v -0.0573495 -0.0193233 -0.0796093
v -0.0687699 -8.42189e-18 -0.0725996
v -0.0601627 0.00654308 -0.0796093
v -0.0683668 0.00743534 -0.0725996
v -0.0591026 0.0130095 -0.0796093
v -0.0671621 0.0147835 -0.0725996
v -0.0573495 0.0193233 -0.0796093
v -0.0651701 0.0219583 -0.0725996
v -0.0549241 0.0254106 -0.0796093
v -0.0624139 0.0288758 -0.0725996
v -0.0518548 0.0312 -0.0796093
v -0.058926 0.0354546 -0.0725996
v -0.0481775 0.0366236 -0.0796093
v -0.0547473 0.0416178 -0.0725996
v -0.0439354 0.0416178 -0.0796093
v -0.0499267 0.0472931 -0.0725996
v -0.0391781 0.0461241 -0.0796093
v -0.0445207 0.0524138 -0.0725996
v -0.0339616 0.0500896 -0.0796093
v -0.0385928 0.0569201 -0.0725996
v -0.0283469 0.0534679 -0.0796093
v -0.0322124 0.0607591 -0.0725996
v -0.0223998 0.0562193 -0.0796093
v -0.0254544 0.0638857 -0.0725996
v -0.0161901 0.0583116 -0.0796093
v -0.0183979 0.0662633 -0.0725996
v -0.00979063 0.0597202 -0.0796093
v -0.0111257 0.067864 -0.0725996
v -0.00327635 0.0604287 -0.0796093
v -0.00372313 0.0686691 -0.0725996
v 0.00327635 0.0604287 -0.0796093
v -0.0515554 -6.31371e-18 -0.0856857
v -0.0419889 -5.14216e-18 -0.0907575
v -0.0512532 -0.00557412 -0.0856857
v -0.0417428 -0.0045398 -0.0907575
v -0.05035 -0.0110829 -0.0856857
v -0.0605174 -7.41125e-18 -0.0796093
v -0.0512532 0.00557412 -0.0856857
v -0.0601627 0.00654308 -0.0796093
v -0.05035 0.0110829 -0.0856857
v -0.0591026 0.0130095 -0.0796093
v -0.0488566 0.0164617 -0.0856857
v -0.0573495 0.0193233 -0.0796093
v -0.0467904 0.0216475 -0.0856857
v -0.0549241 0.0254106 -0.0796093
v -0.0441756 0.0265796 -0.0856857
v -0.0518548 0.0312 -0.0796093
v -0.0410429 0.0312 -0.0856857
v -0.0481775 0.0366236 -0.0796093
v -0.037429 0.0354546 -0.0856857
v -0.0439354 0.0416178 -0.0796093
v -0.0333763 0.0392936 -0.0856857
v -0.0391781 0.0461241 -0.0796093
v -0.0289322 0.0426718 -0.0856857
v -0.0339616 0.0500896 -0.0796093
v -0.024149 0.0455498 -0.0856857
v -0.0283469 0.0534679 -0.0796093
v -0.0190826 0.0478938 -0.0856857
v -0.0223998 0.0562193 -0.0796093
v -0.0137925 0.0496762 -0.0856857
v -0.0161901 0.0583116 -0.0796093
v -0.00834073 0.0508762 -0.0856857
v -0.00979063 0.0597202 -0.0796093
v -0.00279115 0.0514798 -0.0856857
v -0.00327635 0.0604287 -0.0796093
v 0.00279115 0.0514798 -0.0856857
v 0.00327635 0.0604287 -0.0796093
v 0.00834073 0.0508762 -0.0856857
v -0.0417428 -0.0045398 -0.0907575
v -0.0419889 -5.14216e-18 -0.0907575
v -0.0319302 -3.91032e-18 -0.0947653
v -0.031743 0.00345226 -0.0947653
v -0.021371 0.00232424 -0.0976621
v -0.0209945 0.00462123 -0.0976621
v -0.0105591 0.00232424 -0.0994138
v -0.0102459 0.00345226 -0.0994138
v -0.0515554 -6.31371e-18 -0.0856857
v -0.0417428 0.0045398 -0.0907575
v -0.0512532 0.00557412 -0.0856857
v -0.0410072 0.00902637 -0.0907575
v -0.05035 0.0110829 -0.0856857
v -0.0397909 0.0134071 -0.0907575
v -0.0488566 0.0164617 -0.0856857
v -0.0381081 0.0176307 -0.0907575
v -0.0467904 0.0216475 -0.0856857
v -0.0359785 0.0216475 -0.0907575
v -0.0441756 0.0265796 -0.0856857
v -0.0334271 0.0254106 -0.0907575
v -0.0410429 0.0312 -0.0856857
v -0.0304838 0.0288758 -0.0907575
v -0.037429 0.0354546 -0.0856857
v -0.027183 0.0320024 -0.0907575
v -0.0333763 0.0392936 -0.0856857
v -0.0235636 0.0347538 -0.0907575
v -0.0289322 0.0426718 -0.0856857
v -0.019668 0.0370977 -0.0907575
v -0.024149 0.0455498 -0.0856857
v -0.0155417 0.0390067 -0.0907575
v -0.0190826 0.0478938 -0.0856857
v -0.0112332 0.0404584 -0.0907575
v -0.0137925 0.0496762 -0.0856857
v -0.00679305 0.0414358 -0.0907575
v -0.00834073 0.0508762 -0.0856857
v -0.00227323 0.0419273 -0.0907575
v -0.00279115 0.0514798 -0.0856857
v 0.00227323 0.0419273 -0.0907575
v 0.00279115 0.0514798 -0.0856857
v 0.00679305 0.0414358 -0.0907575
v 0.00834073 0.0508762 -0.0856857
v 0.0112332 0.0404584 -0.0907575
v -0.021497 -2.63263e-18 -0.0976621
v -0.0108119 -1.32408e-18 -0.0994138
v -0.021371 -0.00232424 -0.0976621
v -0.0107485 -0.00116897 -0.0994138
v -0.0209945 -0.00462123 -0.0976621
v -0.0107485 0.00116897 -0.0994138
v -6.12323e-18 -7.4988e-34 -0.1
v -0.0028768 -0.0104222 -0.0994138
v -0.00289249 -0.0104178 -0.0994138
v -0.00575107 -0.0207135 -0.0976621
v -0.0040019 -0.010044 -0.0994138
v -0.00795688 -0.0199703 -0.0976621
v -0.00506439 -0.00955245 -0.0994138
v -0.0100694 -0.0189929 -0.0976621
v -0.0060675 -0.00894889 -0.0994138
v -0.0120639 -0.0177929 -0.0976621
v -0.00699948 -0.00824042 -0.0994138
v 0.0257777 0.0928429 -0.0267528
v 0.0244833 0.09494 -0.0196687
v 0.0264004 0.0950857 -0.0161782
v -0.00174917 -0.0106695 -0.0994138
v 0.00506439 -0.00955245 -0.0994138
v 0.0060675 -0.00894889 -0.0994138
v 0.0060675 0.00894889 -0.0994138
v 0.00506439 0.00955245 -0.0994138
v -0.0210604 -0.0800447 -0.0561187
v -0.0195156 -0.084375 -0.05
v -0.022143 -0.079752 -0.0561187
v -0.0134182 -0.0497786 -0.0856857
v -0.0109894 -0.0405253 -0.0907575
v -0.00679305 -0.0414358 -0.0907575
v -0.00516572 -0.0315095 -0.0947653
v -0.00227323 -0.0419273 -0.0907575
v -0.00172866 -0.0318833 -0.0947653
v 0.00227323 -0.0419273 -0.0907575
v 0.00172866 -0.0318833 -0.0947653
v 0.00679305 -0.0414358 -0.0907575
v 0.00516572 -0.0315095 -0.0947653
v 0.0112332 -0.0404584 -0.0907575
v 0.00854222 -0.0307663 -0.0947653
v 0.0155417 -0.0390067 -0.0907575
v 0.0118186 -0.0296624 -0.0947653
v 0.019668 -0.0370977 -0.0907575
v 0.0149564 -0.0282107 -0.0947653
v 0.0235636 -0.0347538 -0.0907575
v 0.0179188 -0.0264282 -0.0947653
v 0.027183 -0.0320024 -0.0907575
v 0.0206711 -0.024336 -0.0947653
v 0.0304838 -0.0288758 -0.0907575
v 0.0231811 -0.0219583 -0.0947653
v 0.0334271 -0.0254106 -0.0907575
v 0.0254194 -0.0193233 -0.0947653
v 0.0359785 -0.0216475 -0.0907575
v 0.0273596 -0.0164617 -0.0947653
v 0.0381081 -0.0176307 -0.0907575
v 0.028979 -0.0134071 -0.0947653
v 0.0397909 -0.0134071 -0.0907575
v 0.0302587 -0.0101953 -0.0947653
v 0.0410072 -0.00902637 -0.0907575
v 0.0311836 -0.00686404 -0.0947653
v 0.0417428 -0.0045398 -0.0907575
v 0.031743 -0.00345226 -0.0947653
v 0.0419889 0 -0.0907575
v 0.0319302 0 -0.0947653
v 0.0417428 0.0045398 -0.0907575
v 0.031743 0.00345226 -0.0947653
v 0.0410072 0.00902637 -0.0907575
v 0.0311836 0.00686404 -0.0947653
v 0.0397909 0.0134071 -0.0907575
v 0.0302587 0.0101953 -0.0947653
v 0.0381081 0.0176307 -0.0907575
v 0.028979 0.0134071 -0.0947653
v 0.0359785 0.0216475 -0.0907575
v 0.0273596 0.0164617 -0.0947653
v 0.0334271 0.0254106 -0.0907575
v 0.0254194 0.0193233 -0.0947653
v 0.0304838 0.0288758 -0.0907575
v -0.0109894 -0.0405253 -0.0907575
v -0.00840317 -0.0308046 -0.0947653
v -0.00516572 -0.0315095 -0.0947653
v -0.00347783 -0.0212139 -0.0976621
v -0.00172866 -0.0318833 -0.0947653
v -0.00116383 -0.0214655 -0.0976621
v 0.00172866 -0.0318833 -0.0947653
v 0.00116383 -0.0214655 -0.0976621
v 0.00516572 -0.0315095 -0.0947653
v 0.00347783 -0.0212139 -0.0976621
v 0.00854222 -0.0307663 -0.0947653
v 0.00575107 -0.0207135 -0.0976621
v 0.0118186 -0.0296624 -0.0947653
v 0.00795688 -0.0199703 -0.0976621
v 0.0149564 -0.0282107 -0.0947653
v 0.0100694 -0.0189929 -0.0976621
v 0.0179188 -0.0264282 -0.0947653
v 0.0120639 -0.0177929 -0.0976621
v 0.0206711 -0.024336 -0.0947653
v 0.0139169 -0.0163842 -0.0976621
v 0.0231811 -0.0219583 -0.0947653
v 0.0156068 -0.0147835 -0.0976621
v 0.0254194 -0.0193233 -0.0947653
v 0.0171136 -0.0130095 -0.0976621
v 0.0273596 -0.0164617 -0.0947653
v 0.0184199 -0.0110829 -0.0976621
v 0.028979 -0.0134071 -0.0947653
v 0.0195102 -0.00902637 -0.0976621
v 0.0302587 -0.0101953 -0.0947653
v 0.0203717 -0.00686404 -0.0976621
v 0.0311836 -0.00686404 -0.0947653
v 0.0209945 -0.00462123 -0.0976621
v 0.031743 -0.00345226 -0.0947653
v 0.021371 -0.00232424 -0.0976621
v 0.0319302 0 -0.0947653
v 0.021497 0 -0.0976621
v 0.031743 0.00345226 -0.0947653
v 0.021371 0.00232424 -0.0976621
v 0.0311836 0.00686404 -0.0947653
v 0.0209945 0.00462123 -0.0976621
v 0.0302587 0.0101953 -0.0947653
v 0.0203717 0.00686404 -0.0976621
v 0.028979 0.0134071 -0.0947653
v 0.0195102 0.00902637 -0.0976621
v 0.0273596 0.0164617 -0.0947653
v 0.0184199 0.0110829 -0.0976621
v 0.0254194 0.0193233 -0.0947653
v -0.0134182 -0.0497786 -0.0856857
v -0.0137925 -0.0496762 -0.0856857
v -0.0109894 -0.0405253 -0.0907575
v -0.0112332 -0.0404584 -0.0907575
v -0.00840317 -0.0308046 -0.0947653
v -0.00854222 -0.0307663 -0.0947653
v -0.00568867 -0.0207307 -0.0976621
v -0.00575107 -0.0207135 -0.0976621
v -0.0028768 -0.0104222 -0.0994138
v -0.00347783 -0.0212139 -0.0976621
v -0.00174917 -0.0106695 -0.0994138
v -0.00116383 -0.0214655 -0.0976621
v -0.000585345 -0.010796 -0.0994138
v 0.00116383 -0.0214655 -0.0976621
v 0.000585345 -0.010796 -0.0994138
v 0.00347783 -0.0212139 -0.0976621
v 0.00174917 -0.0106695 -0.0994138
v 0.00575107 -0.0207135 -0.0976621
v 0.00289249 -0.0104178 -0.0994138
v 0.00795688 -0.0199703 -0.0976621
v 0.0040019 -0.010044 -0.0994138
v 0.0100694 -0.0189929 -0.0976621
v 0.00506439 -0.00955245 -0.0994138
v 0.0120639 -0.0177929 -0.0976621
v 0.0060675 -0.00894889 -0.0994138
v 0.0139169 -0.0163842 -0.0976621
v 0.00699948 -0.00824042 -0.0994138
v 0.0156068 -0.0147835 -0.0976621
v 0.00784939 -0.00743534 -0.0994138
v 0.0171136 -0.0130095 -0.0976621
v 0.00860728 -0.00654308 -0.0994138
v 0.0184199 -0.0110829 -0.0976621
v 0.00926426 -0.00557412 -0.0994138
v 0.0195102 -0.00902637 -0.0976621
v 0.00981262 -0.0045398 -0.0994138
v 0.0203717 -0.00686404 -0.0976621
v 0.0102459 -0.00345226 -0.0994138
v 0.0209945 -0.00462123 -0.0976621
v 0.0105591 -0.00232424 -0.0994138
v 0.021371 -0.00232424 -0.0976621
v 0.0107485 -0.00116897 -0.0994138
v 0.021497 0 -0.0976621
v 0.0108119 0 -0.0994138
v 0.021371 0.00232424 -0.0976621
v 0.0107485 0.00116897 -0.0994138
v 0.0209945 0.00462123 -0.0976621
v 0.0105591 0.00232424 -0.0994138
v 0.0203717 0.00686404 -0.0976621
v 0.0102459 0.00345226 -0.0994138
v 0.0195102 0.00902637 -0.0976621
v 0.00981262 0.0045398 -0.0994138
v 0.0184199 0.0110829 -0.0976621
v -0.00568867 -0.0207307 -0.0976621
v -0.0028768 -0.0104222 -0.0994138
v -0.00174917 -0.0106695 -0.0994138
v -0.0134182 -0.0497786 -0.0856857
v -0.00679305 -0.0414358 -0.0907575
v -0.00834073 -0.0508762 -0.0856857
v -0.00279115 -0.0514798 -0.0856857
v -0.00327635 -0.0604287 -0.0796093
v 0.00327635 -0.0604287 -0.0796093
v 0.00372313 -0.0686691 -0.0725996
v 0.0111257 -0.067864 -0.0725996
v 0.0123304 -0.0752122 -0.0647386
v 0.02039 -0.0734381 -0.0647386
v 0.022143 -0.079752 -0.0561187
v 0.0306359 -0.0768904 -0.0561187
v 0.0327022 -0.0820762 -0.0468408
v 0.0413845 -0.0780594 -0.0468408
v 0.0435141 -0.0820762 -0.0370138
v 0.052133 -0.0768904 -0.0370138
v 0.0540732 -0.079752 -0.0267528
v 0.0623789 -0.0734381 -0.0267528
v 0.0638858 -0.0752122 -0.0161782
v 0.0716432 -0.067864 -0.0161782
v 0.0724931 -0.0686691 -0.00541389
v 0.0794926 -0.0604287 -0.00541389
v -0.00227323 -0.0419273 -0.0907575
v -0.0155885 -0.0950857 0.0267528
v -0.0150292 -0.0916739 0.0370138
v -0.0257777 -0.0928429 0.0267528
v -0.0248528 -0.0895116 0.0370138
v -0.0356647 -0.0895116 0.0267528
v -0.034385 -0.0862998 0.0370138
v -0.0451335 -0.0851308 0.0267528
v -0.0142936 -0.0871873 0.0468408
v -0.0236365 -0.0851308 0.0468408
v -0.00502938 -0.0927614 0.0370138
v -0.00478324 -0.0882216 0.0468408
v -0.00448102 -0.0826475 0.0561187
v -0.0133905 -0.0816785 0.0561187
v -0.00412626 -0.0761044 0.0647386
v -0.00979063 -0.0597202 0.0796093
v -0.00834073 -0.0508762 0.0856857
v -0.0161901 -0.0583116 0.0796093
v -0.0137925 -0.0496762 0.0856857
v -0.0223998 -0.0562193 0.0796093
v -0.0190826 -0.0478938 0.0856857
v -0.0283469 -0.0534679 0.0796093
v -0.024149 -0.0455498 0.0856857
v -0.0339616 -0.0500896 0.0796093
v -0.00279115 -0.0514798 0.0856857
v -0.0183979 -0.0662633 0.0725996
v -0.0254544 -0.0638857 0.0725996
v -0.0282105 -0.0708031 0.0647386
v -0.0357003 -0.0673379 0.0647386
v -0.0387697 -0.0731273 0.0561187
v -0.0464488 -0.0685069 0.0561187
v -0.0495816 -0.0731273 0.0468408
v -0.0571974 -0.0673379 0.0468408
v -0.0601407 -0.0708031 0.0370138
v -0.0674433 -0.0638857 0.0370138
v -0.0699533 -0.0662633 0.0267528
v -0.0767075 -0.0583116 0.0267528
v -0.0785606 -0.0597202 0.0161782
v -0.0845569 -0.0508762 0.0161782
v -0.0855601 -0.0514798 0.00541389
v -0.0906244 -0.0419273 0.00541389
v -0.0906244 -0.0419273 -0.00541389
v -0.0946263 -0.0318833 -0.00541389
v -0.0155885 -0.0950857 0.0267528
v -0.0257777 -0.0928429 0.0267528
v -0.0264004 -0.0950857 0.0161782
v -0.0365262 -0.0916739 0.0161782
v -0.0369595 -0.0927614 0.00541389
v -0.0467721 -0.0882216 0.00541389
v -0.0467721 -0.0882216 -0.00541389
v -0.0560364 -0.0826475 -0.00541389
v -0.0356647 -0.0895116 0.0267528
v -0.0267136 -0.0962137 -0.00541389
v -0.0365262 -0.0916739 -0.0161782
v -0.0264004 -0.0950857 -0.0161782
v -0.0356647 -0.0895116 -0.0267528
v -0.0257777 -0.0928429 -0.0267528
v -0.034385 -0.0862998 -0.0370138
v -0.0306359 -0.0768904 -0.0561187
v -0.0236365 -0.0851308 -0.0468408
v -0.0327022 -0.0820762 -0.0468408
v -0.0248528 -0.0895116 -0.0370138
v -0.0137925 -0.0496762 -0.0856857
v -0.0155417 -0.0390067 -0.0907575
v -0.0112332 -0.0404584 -0.0907575
v -0.0118186 -0.0296624 -0.0947653
v -0.00854222 -0.0307663 -0.0947653
v -0.00795688 -0.0199703 -0.0976621
v -0.00575107 -0.0207135 -0.0976621
v -0.00502938 -0.0927614 0.0370138
v 0.00478324 -0.0882216 0.0468408
v -0.00478324 -0.0882216 0.0468408
v 0.00448102 -0.0826475 0.0561187
v -0.00448102 -0.0826475 0.0561187
v 0.00412626 -0.0761044 0.0647386
v -0.00412626 -0.0761044 0.0647386
v 0.00372313 -0.0686691 0.0725996
v 0.0133905 -0.0816785 0.0561187
v 0.0123304 -0.0752122 0.0647386
v 0.0111257 -0.067864 0.0725996
v 0.00979063 -0.0597202 0.0796093
v 0.00540595 -0.0997069 0.00541389
v 0.0161545 -0.0985379 0.00541389
v 0.0159651 -0.0973827 0.0161782
v 0.0264004 -0.0950857 0.0161782
v 0.0257777 -0.0928429 0.0267528
v 0.0356647 -0.0895116 0.0267528
v 0.034385 -0.0862998 0.0370138
v 0.0435141 -0.0820762 0.0370138
v 0.0413845 -0.0780594 0.0468408
v 0.0495816 -0.0731273 0.0468408
v 0.0464488 -0.0685069 0.0561187
v 0.0535835 -0.0630833 0.0561187
v 0.0493413 -0.0580891 0.0647386
v 0.0553326 -0.0524138 0.0647386
v 0.0499267 -0.0472931 0.0725996
v 0.0547473 -0.0416178 0.0725996
v 0.0481775 -0.0366236 0.0796093
v 0.0518548 -0.0312 0.0796093
v 0.0441756 -0.0265796 0.0856857
v 0.0467904 -0.0216475 0.0856857
v 0.02039 -0.0734381 0.0647386
v 0.0183979 -0.0662633 0.0725996
v 0.0161901 -0.0583116 0.0796093
v 0.0137925 -0.0496762 0.0856857
v 0.0111257 -0.067864 -0.0725996
v 0.00979063 -0.0597202 -0.0796093
v 0.0183979 -0.0662633 -0.0725996
v 0.0161901 -0.0583116 -0.0796093
v 0.0254544 -0.0638857 -0.0725996
v 0.0223998 -0.0562193 -0.0796093
v 0.0322124 -0.0607591 -0.0725996
v 0.0283469 -0.0534679 -0.0796093
v 0.0385928 -0.0569201 -0.0725996
v 0.0339616 -0.0500896 -0.0796093
v 0.0445207 -0.0524138 -0.0725996
v 0.0391781 -0.0461241 -0.0796093
v 0.0499267 -0.0472931 -0.0725996
v 0.0439354 -0.0416178 -0.0796093
v 0.0547473 -0.0416178 -0.0725996
v 0.0481775 -0.0366236 -0.0796093
v 0.058926 -0.0354546 -0.0725996
v 0.0518548 -0.0312 -0.0796093
v 0.0624139 -0.0288758 -0.0725996
v 0.0549241 -0.0254106 -0.0796093
v 0.0651701 -0.0219583 -0.0725996
v 0.0573495 -0.0193233 -0.0796093
v 0.0671621 -0.0147835 -0.0725996
v 0.0591026 -0.0130095 -0.0796093
v 0.0683668 -0.00743534 -0.0725996
v 0.0601627 -0.00654308 -0.0796093
v 0.0687699 0 -0.0725996
v 0.0605174 0 -0.0796093
v 0.0683668 0.00743534 -0.0725996
v 0.0601627 0.00654308 -0.0796093
v 0.0671621 0.0147835 -0.0725996
v 0.0591026 0.0130095 -0.0796093
v 0.0651701 0.0219583 -0.0725996
v 0.0573495 0.0193233 -0.0796093
v 0.0624139 0.0288758 -0.0725996
v 0.0549241 0.0254106 -0.0796093
v 0.058926 0.0354546 -0.0725996
v 0.0518548 0.0312 -0.0796093
v 0.0547473 0.0416178 -0.0725996
v 0.0481775 0.0366236 -0.0796093
v 0.0499267 0.0472931 -0.0725996
v 0.0439354 0.0416178 -0.0796093
v 0.0445207 0.0524138 -0.0725996
v 0.0391781 0.0461241 -0.0796093
v 0.0385928 0.0569201 -0.0725996
v 0.0339616 0.0500896 -0.0796093
v 0.0322124 0.0607591 -0.0725996
v 0.00979063 -0.0597202 -0.0796093
v 0.00834073 -0.0508762 -0.0856857
v 0.0161901 -0.0583116 -0.0796093
v 0.0137925 -0.0496762 -0.0856857
v 0.0223998 -0.0562193 -0.0796093
v 0.0190826 -0.0478938 -0.0856857
v 0.0283469 -0.0534679 -0.0796093
v 0.024149 -0.0455498 -0.0856857
v 0.0339616 -0.0500896 -0.0796093
v 0.0289322 -0.0426718 -0.0856857
v 0.0391781 -0.0461241 -0.0796093
v 0.0333763 -0.0392936 -0.0856857
v 0.0439354 -0.0416178 -0.0796093
v 0.037429 -0.0354546 -0.0856857
v 0.0481775 -0.0366236 -0.0796093
v 0.0410429 -0.0312 -0.0856857
v 0.0518548 -0.0312 -0.0796093
v 0.0441756 -0.0265796 -0.0856857
v 0.0549241 -0.0254106 -0.0796093
v 0.0467904 -0.0216475 -0.0856857
v 0.0573495 -0.0193233 -0.0796093
v 0.0488566 -0.0164617 -0.0856857
v 0.0591026 -0.0130095 -0.0796093
v 0.05035 -0.0110829 -0.0856857
v 0.0601627 -0.00654308 -0.0796093
v 0.0512532 -0.00557412 -0.0856857
v 0.0605174 0 -0.0796093
v 0.0515554 0 -0.0856857
v 0.0601627 0.00654308 -0.0796093
v 0.0512532 0.00557412 -0.0856857
v 0.0591026 0.0130095 -0.0796093
v 0.05035 0.0110829 -0.0856857
v 0.0573495 0.0193233 -0.0796093
v 0.0488566 0.0164617 -0.0856857
v 0.0549241 0.0254106 -0.0796093
v 0.0467904 0.0216475 -0.0856857
v 0.0518548 0.0312 -0.0796093
v 0.0441756 0.0265796 -0.0856857
v 0.0481775 0.0366236 -0.0796093
v 0.0410429 0.0312 -0.0856857
v 0.0439354 0.0416178 -0.0796093
v 0.037429 0.0354546 -0.0856857
v 0.0391781 0.0461241 -0.0796093
v 0.0333763 0.0392936 -0.0856857
v 0.0339616 0.0500896 -0.0796093
v 0.0111257 -0.067864 -0.0725996
v 0.00327635 -0.0604287 -0.0796093
v 0.00979063 -0.0597202 -0.0796093
v 0.00279115 -0.0514798 -0.0856857
v 0.00834073 -0.0508762 -0.0856857
v 0.00227323 -0.0419273 -0.0907575
v 0.00679305 -0.0414358 -0.0907575
v 0.0137925 -0.0496762 -0.0856857
v 0.0112332 -0.0404584 -0.0907575
v 0.0190826 -0.0478938 -0.0856857
v 0.0155417 -0.0390067 -0.0907575
v 0.024149 -0.0455498 -0.0856857
v 0.019668 -0.0370977 -0.0907575
v 0.0289322 -0.0426718 -0.0856857
v 0.0235636 -0.0347538 -0.0907575
v 0.0333763 -0.0392936 -0.0856857
v 0.027183 -0.0320024 -0.0907575
v 0.037429 -0.0354546 -0.0856857
v 0.0304838 -0.0288758 -0.0907575
v 0.0410429 -0.0312 -0.0856857
v 0.0334271 -0.0254106 -0.0907575
v 0.0441756 -0.0265796 -0.0856857
v 0.0359785 -0.0216475 -0.0907575
v 0.0467904 -0.0216475 -0.0856857
v 0.0381081 -0.0176307 -0.0907575
v 0.0488566 -0.0164617 -0.0856857
v 0.0397909 -0.0134071 -0.0907575
v 0.05035 -0.0110829 -0.0856857
v 0.0410072 -0.00902637 -0.0907575
v 0.0512532 -0.00557412 -0.0856857
v 0.0417428 -0.0045398 -0.0907575
v 0.0515554 0 -0.0856857
v 0.0419889 0 -0.0907575
v 0.0512532 0.00557412 -0.0856857
v 0.0417428 0.0045398 -0.0907575
v 0.05035 0.0110829 -0.0856857
v 0.0410072 0.00902637 -0.0907575
v 0.0488566 0.0164617 -0.0856857
v 0.0397909 0.0134071 -0.0907575
v 0.0467904 0.0216475 -0.0856857
v 0.0381081 0.0176307 -0.0907575
v 0.0441756 0.0265796 -0.0856857
v 0.0359785 0.0216475 -0.0907575
v 0.0410429 0.0312 -0.0856857
v 0.0334271 0.0254106 -0.0907575
v 0.037429 0.0354546 -0.0856857
v 0.0304838 0.0288758 -0.0907575
v 0.0333763 0.0392936 -0.0856857
v 0.0111257 -0.067864 -0.0725996
v 0.0183979 -0.0662633 -0.0725996
v 0.02039 -0.0734381 -0.0647386
v 0.0282105 -0.0708031 -0.0647386
v 0.0306359 -0.0768904 -0.0561187
v 0.0387697 -0.0731273 -0.0561187
v 0.0413845 -0.0780594 -0.0468408
v 0.0495816 -0.0731273 -0.0468408
v 0.052133 -0.0768904 -0.0370138
v 0.0601407 -0.0708031 -0.0370138
v 0.0623789 -0.0734381 -0.0267528
v 0.0699533 -0.0662633 -0.0267528
v 0.0716432 -0.067864 -0.0161782
v 0.0785606 -0.0597202 -0.0161782
v 0.0794926 -0.0604287 -0.00541389
v 0.0855601 -0.0514798 -0.00541389
v 0.0254544 -0.0638857 -0.0725996
v 0.022143 -0.079752 -0.0561187
v 0.0327022 -0.0820762 -0.0468408
v 0.0236365 -0.0851308 -0.0468408
v 0.034385 -0.0862998 -0.0370138
v 0.0248528 -0.0895116 -0.0370138
v 0.0356647 -0.0895116 -0.0267528
v 0.0257777 -0.0928429 -0.0267528
v 0.0365262 -0.0916739 -0.0161782
v 0.0264004 -0.0950857 -0.0161782
v 0.0369595 -0.0927614 -0.00541389
v 0.0267136 -0.0962137 -0.00541389
v 0.0161545 -0.0985379 0.00541389
v 0.0267136 -0.0962137 0.00541389
v 0.0264004 -0.0950857 0.0161782
v 0.0365262 -0.0916739 0.0161782
v 0.0356647 -0.0895116 0.0267528
v 0.0451335 -0.0851308 0.0267528
v 0.0435141 -0.0820762 0.0370138
v 0.052133 -0.0768904 0.0370138
v 0.0495816 -0.0731273 0.0468408
v 0.0571974 -0.0673379 0.0468408
v 0.0535835 -0.0630833 0.0561187
v 0.0600898 -0.0569201 0.0561187
v 0.0553326 -0.0524138 0.0647386
v 0.0606752 -0.0461241 0.0647386
v 0.0547473 -0.0416178 0.0725996
v 0.058926 -0.0354546 0.0725996
v 0.0518548 -0.0312 0.0796093
v 0.0549241 -0.0254106 0.0796093
v 0.0467904 -0.0216475 0.0856857
v 0.0488566 -0.0164617 0.0856857
v 0.0369595 -0.0927614 0.00541389
v 0.02039 -0.0734381 0.0647386
v 0.0254544 -0.0638857 0.0725996
v 0.0183979 -0.0662633 0.0725996
v 0.0223998 -0.0562193 0.0796093
v 0.0161901 -0.0583116 0.0796093
v 0.0190826 -0.0478938 0.0856857
v 0.0137925 -0.0496762 0.0856857
v -0.00227323 -0.0419273 -0.0907575
v 0.00227323 -0.0419273 -0.0907575
v 0.00279115 -0.0514798 -0.0856857
v -0.00279115 -0.0514798 -0.0856857
v 0.00327635 -0.0604287 -0.0796093
v -0.00679305 0.0414358 -0.0907575
v -0.00516572 0.0315095 -0.0947653
v -0.0112332 0.0404584 -0.0907575
v -0.00854222 0.0307663 -0.0947653
v -0.0155417 0.0390067 -0.0907575
v -0.0118186 0.0296624 -0.0947653
v -0.019668 0.0370977 -0.0907575
v -0.0149564 0.0282107 -0.0947653
v -0.0235636 0.0347538 -0.0907575
v -0.0179188 0.0264282 -0.0947653
v -0.027183 0.0320024 -0.0907575
v -0.0206711 0.024336 -0.0947653
v -0.0304838 0.0288758 -0.0907575
v -0.0231811 0.0219583 -0.0947653
v -0.0334271 0.0254106 -0.0907575
v -0.0254194 0.0193233 -0.0947653
v -0.0359785 0.0216475 -0.0907575
v -0.0273596 0.0164617 -0.0947653
v -0.0381081 0.0176307 -0.0907575
v -0.028979 0.0134071 -0.0947653
v -0.0397909 0.0134071 -0.0907575
v -0.0302587 0.0101953 -0.0947653
v -0.0410072 0.00902637 -0.0907575
v -0.0311836 0.00686404 -0.0947653
v -0.0417428 0.0045398 -0.0907575
v -0.031743 0.00345226 -0.0947653
v -0.0419889 -5.14216e-18 -0.0907575
v -0.00347783 0.0212139 -0.0976621
v -0.00575107 0.0207135 -0.0976621
v -0.00795688 0.0199703 -0.0976621
v -0.0100694 0.0189929 -0.0976621
v -0.0120639 0.0177929 -0.0976621
v -0.0139169 0.0163842 -0.0976621
v -0.0156068 0.0147835 -0.0976621
v -0.0171136 0.0130095 -0.0976621
v -0.0184199 0.0110829 -0.0976621
v -0.0195102 0.00902637 -0.0976621
v -0.0203717 0.00686404 -0.0976621
v -0.0209945 0.00462123 -0.0976621
v -0.00516572 0.0315095 -0.0947653
v -0.00679305 0.0414358 -0.0907575
v -0.00172866 0.0318833 -0.0947653
v -0.00227323 0.0419273 -0.0907575
v 0.00172866 0.0318833 -0.0947653
v 0.00227323 0.0419273 -0.0907575
v 0.00516572 0.0315095 -0.0947653
v 0.00679305 0.0414358 -0.0907575
v 0.00854222 0.0307663 -0.0947653
v 0.0112332 0.0404584 -0.0907575
v 0.0118186 0.0296624 -0.0947653
v -0.00174917 0.0106695 -0.0994138
v -0.00289249 0.0104178 -0.0994138
v -0.0040019 0.010044 -0.0994138
v -0.00506439 0.00955245 -0.0994138
v -0.0060675 0.00894889 -0.0994138
v -0.00699948 0.00824042 -0.0994138
v -0.00784939 0.00743534 -0.0994138
v -0.00860728 0.00654308 -0.0994138
v -0.00926426 0.00557412 -0.0994138
v -0.00981262 0.0045398 -0.0994138
v -0.0102459 0.00345226 -0.0994138
v -0.00347783 0.0212139 -0.0976621
v -0.00116383 0.0214655 -0.0976621
v 0.00116383 0.0214655 -0.0976621
v 0.00347783 0.0212139 -0.0976621
v 0.00575107 0.0207135 -0.0976621
v 0.00795688 0.0199703 -0.0976621
v 0.0100694 0.0189929 -0.0976621
v -0.000585345 0.010796 -0.0994138
v 0.000585345 0.010796 -0.0994138
v 0.00174917 0.0106695 -0.0994138
v 0.00289249 0.0104178 -0.0994138
v 0.0040019 0.010044 -0.0994138
v 0.00506439 0.00955245 -0.0994138
v 0.0060675 0.00894889 -0.0994138
v -0.0369595 0.0927614 0.00541389
v -0.0267136 0.0962137 0.00541389
v -0.0267136 0.0962137 -0.00541389
v -0.0369595 0.0927614 -0.00541389
v -0.0236365 0.0851308 0.0468408
v -0.0306359 0.0768904 0.0561187
v -0.022143 0.079752 0.0561187
v -0.0282105 0.0708031 0.0647386
v -0.02039 0.0734381 0.0647386
v -0.0254544 0.0638857 0.0725996
v -0.0183979 0.0662633 0.0725996
v -0.0223998 0.0562193 0.0796093
v 0.0161901 0.0583116 0.0796093
v 0.0137925 0.0496762 0.0856857
v 0.0223998 0.0562193 0.0796093
v 0.0190826 0.0478938 0.0856857
v 0.0283469 0.0534679 0.0796093
v 0.024149 0.0455498 0.0856857
v 0.0339616 0.0500896 0.0796093
v 0.0289322 0.0426718 0.0856857
v 0.0391781 0.0461241 0.0796093
v 0.0183979 0.0662633 0.0725996
v 0.0254544 0.0638857 0.0725996
v 0.0322124 0.0607591 0.0725996
v 0.0385928 0.0569201 0.0725996
v 0.0445207 0.0524138 0.0725996
v 0.0499267 0.0472931 0.0725996
v 0.02039 0.0734381 0.0647386
v 0.0282105 0.0708031 0.0647386
v 0.0357003 0.0673379 0.0647386
v 0.0427715 0.0630833 0.0647386
v 0.0493413 0.0580891 0.0647386
v 0.0553326 0.0524138 0.0647386
v 0.0606752 0.0461241 0.0647386
v 0.022143 0.079752 0.0561187
v 0.0306359 0.0768904 0.0561187
v 0.0387697 0.0731273 0.0561187
v 0.0464488 0.0685069 0.0561187
v 0.0535835 0.0630833 0.0561187
v 0.0600898 0.0569201 0.0561187
v 0.0658918 0.0500896 0.0561187
v 0.0709211 0.0426718 0.0561187
v 0.0236365 0.0851308 0.0468408
v 0.0327022 0.0820762 0.0468408
v 0.0413845 0.0780594 0.0468408
v 0.0495816 0.0731273 0.0468408
v 0.0571974 0.0673379 0.0468408
v 0.0641426 0.0607591 0.0468408
v 0.0703358 0.0534679 0.0468408
v 0.0757044 0.0455498 0.0468408
v 0.0801854 0.0370977 0.0468408
v 0.0248528 0.0895116 0.0370138
v 0.034385 0.0862998 0.0370138
v 0.0435141 0.0820762 0.0370138
v 0.052133 0.0768904 0.0370138
v 0.0601407 0.0708031 0.0370138
v 0.0674433 0.0638857 0.0370138
v 0.0739552 0.0562193 0.0370138
v 0.0796 0.0478938 0.0370138
v 0.0843116 0.0390067 0.0370138
v 0.0880348 0.0296624 0.0370138
v 0.0257777 0.0928429 0.0267528
v 0.0356647 0.0895116 0.0267528
v 0.0451335 0.0851308 0.0267528
v 0.0540732 0.079752 0.0267528
v 0.0623789 0.0734381 0.0267528
v 0.0699533 0.0662633 0.0267528
v 0.0767075 0.0583116 0.0267528
v 0.0825625 0.0496762 0.0267528
v 0.0874494 0.0404584 0.0267528
v 0.0913111 0.0307663 0.0267528
v 0.0941023 0.0207135 0.0267528
v 0.0369595 0.0927614 0.00541389
v 0.0267136 0.0962137 0.00541389
v 0.0264004 0.0950857 0.0161782
v 0.0365262 0.0916739 0.0161782
v 0.0462238 0.0871873 0.0161782
v 0.0553794 0.0816785 0.0161782
v 0.0638858 0.0752122 0.0161782
v 0.0716432 0.067864 0.0161782
v 0.0785606 0.0597202 0.0161782
v 0.0845569 0.0508762 0.0161782
v 0.0895619 0.0414358 0.0161782
v 0.0935169 0.0315095 0.0161782
v 0.0963755 0.0212139 0.0161782
v 0.0981042 0.0106695 0.0161782
v 0.0264004 0.0950857 -0.0161782
v 0.0267136 0.0962137 -0.00541389
v 0.0365262 0.0916739 -0.0161782
v 0.0369595 0.0927614 -0.00541389
v 0.0462238 0.0871873 -0.0161782
v 0.0467721 0.0882216 -0.00541389
v 0.0553794 0.0816785 -0.0161782
v 0.0560364 0.0826475 -0.00541389
v 0.0638858 0.0752122 -0.0161782
v 0.0646437 0.0761044 -0.00541389
v 0.0716432 0.067864 -0.0161782
v 0.0724931 0.0686691 -0.00541389
v 0.0785606 0.0597202 -0.0161782
v 0.0794926 0.0604287 -0.00541389
v 0.0845569 0.0508762 -0.0161782
v 0.0855601 0.0514798 -0.00541389
v 0.0895619 0.0414358 -0.0161782
v 0.0906244 0.0419273 -0.00541389
v 0.0935169 0.0315095 -0.0161782
v 0.0946263 0.0318833 -0.00541389
v 0.0963755 0.0212139 -0.0161782
v 0.0975188 0.0214655 -0.00541389
v 0.0981042 0.0106695 -0.0161782
v 0.099268 0.010796 -0.00541389
v 0.0986826 0 -0.0161782
v 0.0998533 0 -0.00541389
v 0.0981042 -0.0106695 -0.0161782
v 0.099268 -0.010796 -0.00541389
v 0.0963755 -0.0212139 -0.0161782
v 0.0975188 -0.0214655 -0.00541389
v 0.0935169 -0.0315095 -0.0161782
v 0.0946263 -0.0318833 -0.00541389
v 0.0895619 -0.0414358 -0.0161782
v 0.0906244 -0.0419273 -0.00541389
v 0.0845569 -0.0508762 -0.0161782
v 0.0855601 -0.0514798 -0.00541389
v 0.0785606 -0.0597202 -0.0161782
v 0.0257777 0.0928429 -0.0267528
v 0.0264004 0.0950857 -0.0161782
v 0.0356647 0.0895116 -0.0267528
v 0.0365262 0.0916739 -0.0161782
v 0.0451335 0.0851308 -0.0267528
v 0.0462238 0.0871873 -0.0161782
v 0.0540732 0.079752 -0.0267528
v 0.0553794 0.0816785 -0.0161782
v 0.0623789 0.0734381 -0.0267528
v 0.0638858 0.0752122 -0.0161782
v 0.0699533 0.0662633 -0.0267528
v 0.0716432 0.067864 -0.0161782
v 0.0767075 0.0583116 -0.0267528
v 0.0785606 0.0597202 -0.0161782
v 0.0825625 0.0496762 -0.0267528
v 0.0845569 0.0508762 -0.0161782
v 0.0874494 0.0404584 -0.0267528
v 0.0895619 0.0414358 -0.0161782
v 0.0913111 0.0307663 -0.0267528
v 0.0935169 0.0315095 -0.0161782
v 0.0941023 0.0207135 -0.0267528
v 0.0963755 0.0212139 -0.0161782
v 0.0957902 0.0104178 -0.0267528
v 0.0981042 0.0106695 -0.0161782
v 0.096355 0 -0.0267528
v 0.0986826 0 -0.0161782
v 0.0957902 -0.0104178 -0.0267528
v 0.0981042 -0.0106695 -0.0161782
v 0.0941023 -0.0207135 -0.0267528
v 0.0963755 -0.0212139 -0.0161782
v 0.0913111 -0.0307663 -0.0267528
v 0.0935169 -0.0315095 -0.0161782
v 0.0874494 -0.0404584 -0.0267528
v 0.0895619 -0.0414358 -0.0161782
v 0.0825625 -0.0496762 -0.0267528
v 0.0845569 -0.0508762 -0.0161782
v 0.0767075 -0.0583116 -0.0267528
v 0.0785606 -0.0597202 -0.0161782
v 0.0699533 -0.0662633 -0.0267528
v 0.0248528 0.0895116 -0.0370138
v 0.0257777 0.0928429 -0.0267528
v 0.034385 0.0862998 -0.0370138
v 0.0356647 0.0895116 -0.0267528
v 0.0435141 0.0820762 -0.0370138
v 0.0451335 0.0851308 -0.0267528
v 0.052133 0.0768904 -0.0370138
v 0.0540732 0.079752 -0.0267528
v 0.0601407 0.0708031 -0.0370138
v 0.0623789 0.0734381 -0.0267528
v 0.0674433 0.0638857 -0.0370138
v 0.0699533 0.0662633 -0.0267528
v 0.0739552 0.0562193 -0.0370138
v 0.0767075 0.0583116 -0.0267528
v 0.0796 0.0478938 -0.0370138
v 0.0825625 0.0496762 -0.0267528
v 0.0843116 0.0390067 -0.0370138
v 0.0874494 0.0404584 -0.0267528
v 0.0880348 0.0296624 -0.0370138
v 0.0913111 0.0307663 -0.0267528
v 0.0907258 0.0199703 -0.0370138
v 0.0941023 0.0207135 -0.0267528
v 0.0923531 0.010044 -0.0370138
v 0.0957902 0.0104178 -0.0267528
v 0.0928977 0 -0.0370138
v 0.096355 0 -0.0267528
v 0.0923531 -0.010044 -0.0370138
v 0.0957902 -0.0104178 -0.0267528
v 0.0907258 -0.0199703 -0.0370138
v 0.0941023 -0.0207135 -0.0267528
v 0.0880348 -0.0296624 -0.0370138
v 0.0913111 -0.0307663 -0.0267528
v 0.0843116 -0.0390067 -0.0370138
v 0.0874494 -0.0404584 -0.0267528
v 0.0796 -0.0478938 -0.0370138
v 0.0825625 -0.0496762 -0.0267528
v 0.0739552 -0.0562193 -0.0370138
v 0.0767075 -0.0583116 -0.0267528
v 0.0674433 -0.0638857 -0.0370138
v 0.0699533 -0.0662633 -0.0267528
v 0.0601407 -0.0708031 -0.0370138
v 0.0236365 0.0851308 -0.0468408
v 0.0248528 0.0895116 -0.0370138
v 0.0327022 0.0820762 -0.0468408
v 0.034385 0.0862998 -0.0370138
v 0.0413845 0.0780594 -0.0468408
v 0.0435141 0.0820762 -0.0370138
v 0.0495816 0.0731273 -0.0468408
v 0.052133 0.0768904 -0.0370138
v 0.0571974 0.0673379 -0.0468408
v 0.0601407 0.0708031 -0.0370138
v 0.0641426 0.0607591 -0.0468408
v 0.0674433 0.0638857 -0.0370138
v 0.0703358 0.0534679 -0.0468408
v 0.0739552 0.0562193 -0.0370138
v 0.0757044 0.0455498 -0.0468408
v 0.0796 0.0478938 -0.0370138
v 0.0801854 0.0370977 -0.0468408
v 0.0843116 0.0390067 -0.0370138
v 0.0837263 0.0282107 -0.0468408
v 0.0880348 0.0296624 -0.0370138
v 0.0862856 0.0189929 -0.0468408
v 0.0907258 0.0199703 -0.0370138
v 0.0878333 0.00955245 -0.0468408
v 0.0923531 0.010044 -0.0370138
v 0.0883512 0 -0.0468408
v 0.0928977 0 -0.0370138
v 0.0878333 -0.00955245 -0.0468408
v 0.0923531 -0.010044 -0.0370138
v 0.0862856 -0.0189929 -0.0468408
v 0.0907258 -0.0199703 -0.0370138
v 0.0837263 -0.0282107 -0.0468408
v 0.0880348 -0.0296624 -0.0370138
v 0.0801854 -0.0370977 -0.0468408
v 0.0843116 -0.0390067 -0.0370138
v 0.0757044 -0.0455498 -0.0468408
v 0.0796 -0.0478938 -0.0370138
v 0.0703358 -0.0534679 -0.0468408
v 0.0739552 -0.0562193 -0.0370138
v 0.0641426 -0.0607591 -0.0468408
v 0.0674433 -0.0638857 -0.0370138
v 0.0571974 -0.0673379 -0.0468408
v 0.0601407 -0.0708031 -0.0370138
v 0.0495816 -0.0731273 -0.0468408
v 0.022143 0.079752 -0.0561187
v 0.0236365 0.0851308 -0.0468408
v 0.0306359 0.0768904 -0.0561187
v 0.0327022 0.0820762 -0.0468408
v 0.0387697 0.0731273 -0.0561187
v 0.0413845 0.0780594 -0.0468408
v 0.0464488 0.0685069 -0.0561187
v 0.0495816 0.0731273 -0.0468408
v 0.0535835 0.0630833 -0.0561187
v 0.0571974 0.0673379 -0.0468408
v 0.0600898 0.0569201 -0.0561187
v 0.0641426 0.0607591 -0.0468408
v 0.0658918 0.0500896 -0.0561187
v 0.0703358 0.0534679 -0.0468408
v 0.0709211 0.0426718 -0.0561187
v 0.0757044 0.0455498 -0.0468408
v 0.075119 0.0347538 -0.0561187
v 0.0801854 0.0370977 -0.0468408
v 0.0784362 0.0264282 -0.0561187
v 0.0837263 0.0282107 -0.0468408
v 0.0808338 0.0177929 -0.0561187
v 0.0862856 0.0189929 -0.0468408
v 0.0822837 0.00894889 -0.0561187
v 0.0878333 0.00955245 -0.0468408
v 0.0827689 0 -0.0561187
v 0.0883512 0 -0.0468408
v 0.0822837 -0.00894889 -0.0561187
v 0.0878333 -0.00955245 -0.0468408
v 0.0808338 -0.0177929 -0.0561187
v 0.0862856 -0.0189929 -0.0468408
v 0.0784362 -0.0264282 -0.0561187
v 0.0837263 -0.0282107 -0.0468408
v 0.075119 -0.0347538 -0.0561187
v 0.0801854 -0.0370977 -0.0468408
v 0.0709211 -0.0426718 -0.0561187
v 0.0757044 -0.0455498 -0.0468408
v 0.0658918 -0.0500896 -0.0561187
v 0.0703358 -0.0534679 -0.0468408
v 0.0600898 -0.0569201 -0.0561187
v 0.0641426 -0.0607591 -0.0468408
v 0.0535835 -0.0630833 -0.0561187
v 0.0571974 -0.0673379 -0.0468408
v 0.0464488 -0.0685069 -0.0561187
v 0.0495816 -0.0731273 -0.0468408
v 0.0387697 -0.0731273 -0.0561187
v 0.0251527 0.0954233 0.0161782
v 0.0253274 0.0965878 0.00541389
v 0.0159651 0.0973827 0.0161782
v 0.0161545 0.0985379 0.00541389
v 0.00534257 0.0985379 0.0161782
v 0.00540595 0.0997069 0.00541389
v -0.00534257 0.0985379 0.0161782
v -0.00540595 0.0997069 0.00541389
v 0.0246787 0.093141 0.0267528
v 0.0155885 0.0950857 0.0267528
v 0.00521655 0.0962137 0.0267528
v -0.00521655 0.0962137 0.0267528
v 0.0239081 0.0897685 0.0370138
v 0.0150292 0.0916739 0.0370138
v 0.00502938 0.0927614 0.0370138
v -0.00502938 0.0927614 0.0370138
v 0.0228473 0.085346 0.0468408
v 0.0142936 0.0871873 0.0468408
v 0.00478324 0.0882216 0.0468408
v -0.00478324 0.0882216 0.0468408
v 0.0215061 0.0799261 0.0561187
v 0.0133905 0.0816785 0.0561187
v 0.00448102 0.0826475 0.0561187
v -0.00448102 0.0826475 0.0561187
v 0.0198977 0.073573 0.0647386
v 0.0123304 0.0752122 0.0647386
v 0.00412626 0.0761044 0.0647386
v -0.00412626 0.0761044 0.0647386
v 0.0180387 0.066362 0.0725996
v 0.0111257 0.067864 0.0725996
v 0.00372313 0.0686691 0.0725996
v -0.00372313 0.0686691 0.0725996
v 0.00834073 0.0508762 0.0856857
v 0.0136506 0.0497154 0.0856857
v 0.0159488 0.058378 0.0796093
v 0.00979063 0.0597202 0.0796093
v 0.00327635 0.0604287 0.0796093
v -0.00327635 0.0604287 0.0796093
v 0.00279115 0.0514798 0.0856857
v -0.00279115 0.0514798 0.0856857
v -0.0975188 0.0214655 -0.00541389
v -0.099268 0.010796 -0.00541389
v -0.099268 0.010796 0.00541389
v -0.0998533 -1.22285e-17 0.00541389
v -0.0975188 0.0214655 0.00541389
v -0.0946263 0.0318833 -0.00541389
v -0.0946263 0.0318833 0.00541389
v -0.0906244 0.0419273 -0.00541389
v -0.0906244 0.0419273 0.00541389
v -0.0855601 0.0514798 -0.00541389
v -0.0855601 0.0514798 0.00541389
v -0.0794926 0.0604287 -0.00541389
v -0.0794926 0.0604287 0.00541389
v -0.0724931 0.0686691 -0.00541389
v -0.0724931 0.0686691 0.00541389
v -0.0646437 0.0761044 -0.00541389
v -0.0646437 0.0761044 0.00541389
v -0.0560364 0.0826475 -0.00541389
v -0.0560364 0.0826475 0.00541389
v -0.0467721 0.0882216 -0.00541389
v -0.0467721 0.0882216 0.00541389
v -0.0369595 0.0927614 -0.00541389
v -0.0369595 0.0927614 0.00541389
v -0.037429 0.0354546 0.0856857
v -0.0333763 0.0392936 0.0856857
v -0.0391781 0.0461241 0.0796093
v -0.0339616 0.0500896 0.0796093
v -0.0385928 0.0569201 0.0725996
v -0.0322124 0.0607591 0.0725996
v -0.0357003 0.0673379 0.0647386
v -0.0282105 0.0708031 0.0647386
v -0.0306359 0.0768904 0.0561187
v -0.0289322 0.0426718 0.0856857
v -0.0283469 0.0534679 0.0796093
v -0.0254544 0.0638857 0.0725996
v -0.024149 0.0455498 0.0856857
v -0.0223998 0.0562193 0.0796093
v 0.0462238 0.0871873 0.0161782
v 0.0467721 0.0882216 0.00541389
v 0.0365262 0.0916739 0.0161782
v 0.0369595 0.0927614 0.00541389
v 0.0264004 0.0950857 0.0161782
v 0.0560364 0.0826475 0.00541389
v 0.0553794 0.0816785 0.0161782
v 0.0646437 0.0761044 0.00541389
v 0.0638858 0.0752122 0.0161782
v 0.0724931 0.0686691 0.00541389
v 0.0716432 0.067864 0.0161782
v 0.0794926 0.0604287 0.00541389
v 0.0785606 0.0597202 0.0161782
v 0.0855601 0.0514798 0.00541389
v 0.0845569 0.0508762 0.0161782
v 0.0906244 0.0419273 0.00541389
v 0.0895619 0.0414358 0.0161782
v 0.0946263 0.0318833 0.00541389
v 0.0935169 0.0315095 0.0161782
v 0.0975188 0.0214655 0.00541389
v 0.0963755 0.0212139 0.0161782
v 0.099268 0.010796 0.00541389
v 0.0981042 0.0106695 0.0161782
v 0.0998533 0 0.00541389
v 0.0387697 0.0731273 -0.0561187
v 0.0357003 0.0673379 -0.0647386
v 0.0306359 0.0768904 -0.0561187
v 0.0282105 0.0708031 -0.0647386
v 0.022143 0.079752 -0.0561187
v 0.0385928 0.0569201 -0.0725996
v 0.0322124 0.0607591 -0.0725996
v 0.0427715 0.0630833 -0.0647386
v 0.0464488 0.0685069 -0.0561187
v 0.0493413 0.0580891 -0.0647386
v 0.0535835 0.0630833 -0.0561187
v 0.0553326 0.0524138 -0.0647386
v 0.0600898 0.0569201 -0.0561187
v 0.0606752 0.0461241 -0.0647386
v 0.0658918 0.0500896 -0.0561187
v 0.0653064 0.0392936 -0.0647386
v 0.0709211 0.0426718 -0.0561187
v 0.069172 0.0320024 -0.0647386
v 0.075119 0.0347538 -0.0561187
v 0.0722265 0.024336 -0.0647386
v 0.0784362 0.0264282 -0.0561187
v 0.0744343 0.0163842 -0.0647386
v 0.0808338 0.0177929 -0.0561187
v 0.0757694 0.00824042 -0.0647386
v 0.0822837 0.00894889 -0.0561187
v 0.0762162 0 -0.0647386
v 0.0827689 0 -0.0561187
v 0.0757694 -0.00824042 -0.0647386
v 0.0822837 -0.00894889 -0.0561187
v 0.0744343 -0.0163842 -0.0647386
v 0.0808338 -0.0177929 -0.0561187
v 0.0722265 -0.024336 -0.0647386
v 0.0784362 -0.0264282 -0.0561187
v 0.069172 -0.0320024 -0.0647386
v 0.075119 -0.0347538 -0.0561187
v 0.0653064 -0.0392936 -0.0647386
v 0.0709211 -0.0426718 -0.0561187
v 0.0606752 -0.0461241 -0.0647386
v 0.0658918 -0.0500896 -0.0561187
v 0.0553326 -0.0524138 -0.0647386
v 0.0600898 -0.0569201 -0.0561187
v 0.0493413 -0.0580891 -0.0647386
v 0.0535835 -0.0630833 -0.0561187
v 0.0427715 -0.0630833 -0.0647386
v 0.0464488 -0.0685069 -0.0561187
v 0.0357003 -0.0673379 -0.0647386
v 0.0387697 -0.0731273 -0.0561187
v 0.0282105 -0.0708031 -0.0647386
v 0.0445207 0.0524138 -0.0725996
v 0.0385928 0.0569201 -0.0725996
v 0.0427715 0.0630833 -0.0647386
v 0.0357003 0.0673379 -0.0647386
v 0.0493413 0.0580891 -0.0647386
v 0.0499267 0.0472931 -0.0725996
v 0.0553326 0.0524138 -0.0647386
v 0.0547473 0.0416178 -0.0725996
v 0.0606752 0.0461241 -0.0647386
v 0.058926 0.0354546 -0.0725996
v 0.0653064 0.0392936 -0.0647386
v 0.0624139 0.0288758 -0.0725996
v 0.069172 0.0320024 -0.0647386
v 0.0651701 0.0219583 -0.0725996
v 0.0722265 0.024336 -0.0647386
v 0.0671621 0.0147835 -0.0725996
v 0.0744343 0.0163842 -0.0647386
v 0.0683668 0.00743534 -0.0725996
v 0.0757694 0.00824042 -0.0647386
v 0.0687699 0 -0.0725996
v 0.0762162 0 -0.0647386
v 0.0683668 -0.00743534 -0.0725996
v 0.0757694 -0.00824042 -0.0647386
v 0.0671621 -0.0147835 -0.0725996
v 0.0744343 -0.0163842 -0.0647386
v 0.0651701 -0.0219583 -0.0725996
v 0.0722265 -0.024336 -0.0647386
v 0.0624139 -0.0288758 -0.0725996
v 0.069172 -0.0320024 -0.0647386
v 0.058926 -0.0354546 -0.0725996
v 0.0653064 -0.0392936 -0.0647386
v 0.0547473 -0.0416178 -0.0725996
v 0.0606752 -0.0461241 -0.0647386
v 0.0499267 -0.0472931 -0.0725996
v 0.0553326 -0.0524138 -0.0647386
v 0.0445207 -0.0524138 -0.0725996
v 0.0493413 -0.0580891 -0.0647386
v 0.0385928 -0.0569201 -0.0725996
v 0.0427715 -0.0630833 -0.0647386
v 0.0322124 -0.0607591 -0.0725996
v 0.0357003 -0.0673379 -0.0647386
v 0.0254544 -0.0638857 -0.0725996
v 0.0282105 -0.0708031 -0.0647386
v 0.0441756 0.0265796 0.0856857
v 0.0467904 0.0216475 0.0856857
v 0.0549241 0.0254106 0.0796093
v 0.0573495 0.0193233 0.0796093
v 0.0651701 0.0219583 0.0725996
v 0.0671621 0.0147835 0.0725996
v 0.0744343 0.0163842 0.0647386
v 0.0757694 0.00824042 0.0647386
v 0.0822837 0.00894889 0.0561187
v 0.0827689 0 0.0561187
v 0.0883512 0 0.0468408
v 0.0878333 -0.00955245 0.0468408
v 0.0923531 -0.010044 0.0370138
v 0.0907258 -0.0199703 0.0370138
v 0.0941023 -0.0207135 0.0267528
v 0.0913111 -0.0307663 0.0267528
v 0.0935169 -0.0315095 0.0161782
v 0.0895619 -0.0414358 0.0161782
v 0.0906244 -0.0419273 0.00541389
v 0.0855601 -0.0514798 0.00541389
v 0.0488566 0.0164617 0.0856857
v 0.0591026 0.0130095 0.0796093
v 0.0683668 0.00743534 0.0725996
v 0.0762162 0 0.0647386
v 0.0822837 -0.00894889 0.0561187
v 0.0862856 -0.0189929 0.0468408
v 0.0880348 -0.0296624 0.0370138
v 0.0874494 -0.0404584 0.0267528
v 0.0845569 -0.0508762 0.0161782
v 0.0794926 -0.0604287 0.00541389
v 0.05035 0.0110829 0.0856857
v 0.0601627 0.00654308 0.0796093
v 0.0687699 0 0.0725996
v 0.0757694 -0.00824042 0.0647386
v 0.0808338 -0.0177929 0.0561187
v 0.0837263 -0.0282107 0.0468408
v 0.0843116 -0.0390067 0.0370138
v 0.0825625 -0.0496762 0.0267528
v 0.0785606 -0.0597202 0.0161782
v 0.0724931 -0.0686691 0.00541389
v 0.05035 -0.0110829 0.0856857
v 0.0488566 -0.0164617 0.0856857
v 0.0573495 -0.0193233 0.0796093
v 0.0549241 -0.0254106 0.0796093
v 0.0624139 -0.0288758 0.0725996
v 0.058926 -0.0354546 0.0725996
v 0.0653064 -0.0392936 0.0647386
v 0.0606752 -0.0461241 0.0647386
v 0.0658918 -0.0500896 0.0561187
v 0.0600898 -0.0569201 0.0561187
v 0.0641426 -0.0607591 0.0468408
v 0.0571974 -0.0673379 0.0468408
v 0.0601407 -0.0708031 0.0370138
v 0.052133 -0.0768904 0.0370138
v 0.0540732 -0.079752 0.0267528
v 0.0451335 -0.0851308 0.0267528
v 0.0462238 -0.0871873 0.0161782
v 0.0365262 -0.0916739 0.0161782
v 0.0369595 -0.0927614 0.00541389
v 0.0638858 -0.0752122 -0.0161782
v 0.0724931 -0.0686691 -0.00541389
v 0.0646437 -0.0761044 -0.00541389
v 0.0553794 -0.0816785 -0.0161782
v 0.0560364 -0.0826475 -0.00541389
v 0.0462238 -0.0871873 -0.0161782
v 0.0467721 -0.0882216 -0.00541389
v 0.0365262 -0.0916739 -0.0161782
v 0.0369595 -0.0927614 -0.00541389
v 0.0289322 -0.0426718 0.0856857
v 0.024149 -0.0455498 0.0856857
v 0.0283469 -0.0534679 0.0796093
v 0.0223998 -0.0562193 0.0796093
v 0.0254544 -0.0638857 0.0725996
v 0.0190826 -0.0478938 0.0856857
v 0.0451335 -0.0851308 -0.0267528
v 0.0540732 -0.079752 -0.0267528
v 0.0435141 -0.0820762 -0.0370138
v 0.034385 -0.0862998 -0.0370138
v 0.0327022 -0.0820762 -0.0468408
v 0.0356647 -0.0895116 -0.0267528
v -0.0254544 -0.0638857 0.0725996
v -0.0223998 -0.0562193 0.0796093
v -0.0322124 -0.0607591 0.0725996
v -0.0283469 -0.0534679 0.0796093
v -0.0385928 -0.0569201 0.0725996
v -0.0339616 -0.0500896 0.0796093
v -0.0445207 -0.0524138 0.0725996
v -0.0365262 -0.0916739 0.0161782
v -0.0356647 -0.0895116 0.0267528
v -0.0462238 -0.0871873 0.0161782
v -0.0451335 -0.0851308 0.0267528
v -0.0553794 -0.0816785 0.0161782
v -0.0365262 -0.0916739 -0.0161782
v -0.0451335 -0.0851308 -0.0267528
v -0.0356647 -0.0895116 -0.0267528
v -0.0435141 -0.0820762 -0.0370138
v -0.034385 -0.0862998 -0.0370138
v -0.0413845 -0.0780594 -0.0468408
v -0.0357003 -0.0673379 -0.0647386
v -0.0306359 -0.0768904 -0.0561187
v -0.0387697 -0.0731273 -0.0561187
v -0.0327022 -0.0820762 -0.0468408
v -0.0100694 -0.0189929 -0.0976621
v -0.00795688 -0.0199703 -0.0976621
v -0.0118186 -0.0296624 -0.0947653
v -0.0149564 -0.0282107 -0.0947653
v -0.0155417 -0.0390067 -0.0907575
v -0.0427715 -0.0630833 0.0647386
v -0.0357003 -0.0673379 0.0647386
v -0.0254544 -0.0638857 0.0725996
v -0.0464488 -0.0685069 0.0561187
v -0.0535835 -0.0630833 0.0561187
v -0.0571974 -0.0673379 0.0468408
v -0.0641426 -0.0607591 0.0468408
v -0.0674433 -0.0638857 0.0370138
v -0.0739552 -0.0562193 0.0370138
v -0.0767075 -0.0583116 0.0267528
v -0.0825625 -0.0496762 0.0267528
v -0.0845569 -0.0508762 0.0161782
v -0.0895619 -0.0414358 0.0161782
v -0.0906244 -0.0419273 0.00541389
v -0.0946263 -0.0318833 0.00541389
v -0.0946263 -0.0318833 -0.00541389
v -0.0975188 -0.0214655 -0.00541389
v -0.0385928 -0.0569201 0.0725996
v -0.0493413 -0.0580891 0.0647386
v -0.0445207 -0.0524138 0.0725996
v -0.0553326 -0.0524138 0.0647386
v -0.0553794 -0.0816785 0.0161782
v -0.0560364 -0.0826475 0.00541389
v -0.0462238 -0.0871873 0.0161782
v -0.0467721 -0.0882216 0.00541389
v -0.0365262 -0.0916739 0.0161782
v -0.0646437 -0.0761044 -0.00541389
v -0.0560364 -0.0826475 -0.00541389
v -0.0646437 -0.0761044 0.00541389
v -0.0435141 -0.0820762 -0.0370138
v -0.0451335 -0.0851308 -0.0267528
v -0.052133 -0.0768904 -0.0370138
v -0.0413845 -0.0780594 -0.0468408
v -0.0495816 -0.0731273 -0.0468408
v -0.0571974 -0.0673379 -0.0468408
v -0.0464488 -0.0685069 -0.0561187
v -0.0535835 -0.0630833 -0.0561187
v -0.0493413 -0.0580891 -0.0647386
v -0.0553326 -0.0524138 -0.0647386
v -0.0499267 -0.0472931 -0.0725996
v -0.0547473 -0.0416178 -0.0725996
v -0.0481775 -0.0366236 -0.0796093
v -0.0518548 -0.0312 -0.0796093
v -0.0441756 -0.0265796 -0.0856857
v -0.0467904 -0.0216475 -0.0856857
v -0.0381081 -0.0176307 -0.0907575
v -0.0397909 -0.0134071 -0.0907575
v -0.0302587 -0.0101953 -0.0947653
v -0.0311836 -0.00686404 -0.0947653
v -0.0209945 -0.00462123 -0.0976621
v -0.021371 -0.00232424 -0.0976621
v -0.0357003 -0.0673379 -0.0647386
v -0.0387697 -0.0731273 -0.0561187
v -0.0427715 -0.0630833 -0.0647386
v -0.0385928 -0.0569201 -0.0725996
v -0.0445207 -0.0524138 -0.0725996
v -0.0391781 -0.0461241 -0.0796093
v -0.0439354 -0.0416178 -0.0796093
v -0.037429 -0.0354546 -0.0856857
v -0.0410429 -0.0312 -0.0856857
v -0.0334271 -0.0254106 -0.0907575
v -0.0359785 -0.0216475 -0.0907575
v -0.0273596 -0.0164617 -0.0947653
v -0.028979 -0.0134071 -0.0947653
v -0.0195102 -0.00902637 -0.0976621
v -0.0203717 -0.00686404 -0.0976621
v -0.0102459 -0.00345226 -0.0994138
v -0.0105591 -0.00232424 -0.0994138
v -0.0100694 -0.0189929 -0.0976621
v -0.0149564 -0.0282107 -0.0947653
v -0.0120639 -0.0177929 -0.0976621
v -0.0427715 -0.0630833 0.0647386
v -0.0493413 -0.0580891 0.0647386
v -0.0535835 -0.0630833 0.0561187
v -0.0600898 -0.0569201 0.0561187
v -0.0641426 -0.0607591 0.0468408
v -0.0703358 -0.0534679 0.0468408
v -0.0739552 -0.0562193 0.0370138
v -0.0796 -0.0478938 0.0370138
v -0.0825625 -0.0496762 0.0267528
v -0.0874494 -0.0404584 0.0267528
v -0.0895619 -0.0414358 0.0161782
v -0.0935169 -0.0315095 0.0161782
v -0.0946263 -0.0318833 0.00541389
v -0.0975188 -0.0214655 0.00541389
v -0.0975188 -0.0214655 -0.00541389
v -0.099268 -0.010796 -0.00541389
v -0.0553326 -0.0524138 0.0647386
v -0.0724931 -0.0686691 -0.00541389
v -0.0646437 -0.0761044 -0.00541389
v -0.0646437 -0.0761044 0.00541389
v -0.0553326 -0.0524138 -0.0647386
v -0.0535835 -0.0630833 -0.0561187
v -0.0600898 -0.0569201 -0.0561187
v -0.0571974 -0.0673379 -0.0468408
v -0.0658918 -0.0500896 0.0561187
v -0.0547473 -0.0416178 -0.0725996
v -0.0606752 -0.0461241 -0.0647386
v -0.0441756 -0.0265796 0.0856857
v -0.0518548 -0.0312 0.0796093
v -0.0410429 -0.0312 0.0856857
v -0.0481775 -0.0366236 0.0796093
v -0.037429 -0.0354546 0.0856857
v -0.058926 -0.0354546 0.0725996
v -0.0624139 -0.0288758 0.0725996
v -0.069172 -0.0320024 0.0647386
v -0.0722265 -0.024336 0.0647386
v -0.0784362 -0.0264282 0.0561187
v -0.0808338 -0.0177929 0.0561187
v -0.0862856 -0.0189929 0.0468408
v -0.0878333 -0.00955245 0.0468408
v -0.0923531 -0.010044 0.0370138
v -0.0549241 -0.0254106 0.0796093
v -0.0467904 -0.0216475 0.0856857
v -0.0573495 -0.0193233 0.0796093
v -0.0488566 -0.0164617 0.0856857
v -0.0591026 -0.0130095 0.0796093
v -0.0703358 -0.0534679 0.0468408
v -0.0757044 -0.0455498 0.0468408
v -0.0796 -0.0478938 0.0370138
v -0.0843116 -0.0390067 0.0370138
v -0.0874494 -0.0404584 0.0267528
v -0.0913111 -0.0307663 0.0267528
v -0.0935169 -0.0315095 0.0161782
v -0.0963755 -0.0212139 0.0161782
v -0.0975188 -0.0214655 0.00541389
v -0.099268 -0.010796 0.00541389
v -0.099268 -0.010796 -0.00541389
v -0.0547473 -0.0416178 -0.0725996
v -0.0606752 -0.0461241 -0.0647386
v -0.058926 -0.0354546 -0.0725996
v -0.0518548 -0.0312 -0.0796093
v -0.0549241 -0.0254106 -0.0796093
v -0.0467904 -0.0216475 -0.0856857
v -0.0488566 -0.0164617 -0.0856857
v -0.0397909 -0.0134071 -0.0907575
v -0.0410072 -0.00902637 -0.0907575
v -0.0311836 -0.00686404 -0.0947653
v -0.031743 -0.00345226 -0.0947653
v -0.021371 -0.00232424 -0.0976621
v -0.021497 -2.63263e-18 -0.0976621
v -0.0518548 -0.0312 0.0796093
v -0.0549241 -0.0254106 0.0796093
v -0.0624139 -0.0288758 0.0725996
v -0.0651701 -0.0219583 0.0725996
v -0.0722265 -0.024336 0.0647386
v -0.0744343 -0.0163842 0.0647386
v -0.0808338 -0.0177929 0.0561187
v -0.0822837 -0.00894889 0.0561187
v -0.0878333 -0.00955245 0.0468408
v -0.0573495 -0.0193233 0.0796093
v -0.0671621 -0.0147835 0.0725996
v -0.0591026 -0.0130095 0.0796093
v -0.0683668 -0.00743534 0.0725996
v -0.0757694 -0.00824042 0.0647386
vn 0 0 1
vn 0.842611 0.537929 -0.0252978
vn 0.878393 0.477934 0.0023348
vn 0.928604 0.371052 -0.00374067
vn 0.937864 0.346908 -0.00809572
vn 0.954698 0.297575 -0.000930066
vn 0.972455 0.233089 0.000324889
vn 0.985553 0.169354 -0.00200892
vn 0.997745 0.0666278 -0.00810649
vn 0.990156 0.139925 -0.00332432
vn 0.99963 0.0269974 0.00321741
vn 0.997295 -0.0734446 -0.00281338
vn 0.981488 -0.191504 0.00276934
vn 0.958978 -0.283467 -0.00282489
vn 0.919213 -0.393752 0.00277997
vn 0.876952 -0.48057 -0.00283464
vn 0.815773 -0.578366 0.00278883
vn 0.754956 -0.655769 -0.00284261
vn 0.675801 -0.737079 0.00279592
vn 0.598551 -0.80108 -0.00284881
vn 0.505565 -0.862784 0.00280123
vn 0.414865 -0.909879 -0.00285324
vn 0.312688 -0.949852 0.00280478
vn 0.21227 -0.977207 -0.0028559
vn 0.105809 -0.994383 0.00280655
vn -0 -0.999996 -0.00285678
vn -0.105809 -0.994383 0.00280655
vn -0.21227 -0.977207 -0.0028559
vn -0.312688 -0.949852 0.00280478
vn -0.414865 -0.909879 -0.00285324
vn -0.505565 -0.862784 0.00280123
vn -0.598551 -0.80108 -0.00284881
vn -0.675801 -0.737079 0.00279592
vn -0.754956 -0.655769 -0.00284261
vn -0.815773 -0.578366 0.00278883
vn -0.876952 -0.48057 -0.00283464
vn -0.919213 -0.393752 0.00277997
vn -0.958978 -0.283467 -0.00282489
vn -0.981488 -0.191504 0.00276934
vn -0.997295 -0.0734446 -0.00281338
vn -0.99981 0.0193188 0.00275694
vn -0.995401 0.0957912 -0.00076034
vn 0.999808 0.0193188 -0.00328685
vn -0.992263 0.124128 -0.0024055
vn -0.988295 0.15248 -0.00485431
vn -0.990157 0.139925 -0.00307489
vn -0.972455 0.233089 0.000324889
vn -0.954698 0.297575 -0.000930066
vn -0.937864 0.346908 -0.00809572
vn -0.928604 0.371052 -0.00374067
vn -0.878393 0.477934 0.0023348
vn -0.842611 0.537929 -0.0252978
vn 0 0 -1
vn 0.99981 -0.0193188 0.00275694
vn 0.995401 -0.0957912 -0.00076034
vn 0.992263 -0.124128 -0.0024055
vn 0.988295 -0.15248 -0.00485431
vn 0.990157 -0.139925 -0.00307489
vn 0.972455 -0.233089 0.000324889
vn 0.954698 -0.297575 -0.000930066
vn 0.937864 -0.346908 -0.00809572
vn 0.928604 -0.371052 -0.00374067
vn 0.878393 -0.477934 0.0023348
vn 0.842611 -0.537929 -0.0252978
vn 0.997295 0.0734446 -0.00281338
vn 0.981488 0.191504 0.00276934
vn 0.958978 0.283467 -0.00282489
vn 0.919213 0.393752 0.00277997
vn 0.876952 0.48057 -0.00283464
vn 0.815773 0.578366 0.00278883
vn 0.754956 0.655769 -0.00284261
vn 0.675801 0.737079 0.00279592
vn 0.598551 0.80108 -0.00284881
vn 0.505565 0.862784 0.00280123
vn 0.414865 0.909879 -0.00285324
vn 0.312688 0.949852 0.00280478
vn 0.21227 0.977207 -0.0028559
vn 0.105809 0.994383 0.00280655
vn 0 0.999996 -0.00285678
vn -0.105809 0.994383 0.00280655
vn -0.21227 0.977207 -0.0028559
vn -0.312688 0.949852 0.00280478
vn -0.414865 0.909879 -0.00285324
vn -0.505565 0.862784 0.00280123
vn -0.598551 0.80108 -0.00284881
vn -0.675801 0.737079 0.00279592
vn -0.754956 0.655769 -0.00284261
vn -0.815773 0.578366 0.00278883
vn -0.876952 0.48057 -0.00283464
vn -0.919213 0.393752 0.00277997
vn -0.958978 0.283467 -0.00282489
vn -0.981488 0.191504 0.00276934
vn -0.997295 0.0734446 -0.00281338
vn -0.99981 -0.0193188 0.00275694
vn -0.995401 -0.0957912 -0.00076034
vn -0.990156 -0.139925 -0.00332432
vn -0.997745 -0.0666278 -0.00810649
vn -0.985553 -0.169354 -0.00200892
vn -0.972455 -0.233089 0.000324889
vn -0.954698 -0.297575 -0.000930066
vn -0.937864 -0.346908 -0.00809572
vn -0.928604 -0.371052 -0.00374067
vn -0.878393 -0.477934 0.0023348
vn -0.842611 -0.537929 -0.0252978
vn 0 0 1
vn 0.706067 -0.054208 0.706067
vn 0.706067 0.054208 0.706067
vn 0.703837 0.0568196 0.708085
vn 0.691291 0.161768 0.704236
vn 0.68376 0.168532 0.709979
vn 0.660006 0.266006 0.70259
vn 0.646323 0.275373 0.711643
vn 0.612898 0.364371 0.701135
vn 0.592545 0.374703 0.713084
vn 0.55105 0.454448 0.699872
vn 0.523834 0.464077 0.714304
vn 0.475914 0.534017 0.698807
vn 0.441959 0.541302 0.715307
vn 0.389279 0.601116 0.697941
vn 0.349001 0.604487 0.716096
vn 0.293221 0.654085 0.697276
vn 0.247305 0.652089 0.716673
vn 0.190058 0.691611 0.696815
vn 0.139425 0.682946 0.717039
vn 0.0822853 0.712766 0.696559
vn 0.0280602 0.696306 0.717196
vn -0.0274841 0.717023 0.696508
vn -0.0840051 0.691844 0.717144
vn -0.136587 0.704278 0.696662
vn -0.193972 0.669668 0.716882
vn -0.242375 0.674846 0.69702
vn -0.29909 0.630318 0.716411
vn -0.342288 0.629457 0.697583
vn -0.396725 0.574755 0.715728
vn -0.43391 0.569237 0.698349
vn -0.484419 0.504334 0.714832
vn -0.515039 0.495675 0.699315
vn -0.559954 0.420778 0.713721
vn -0.583734 0.410589 0.700479
vn -0.621397 0.326135 0.712391
vn -0.638371 0.316078 0.701838
vn -0.667157 0.22273 0.710839
vn -0.677679 0.214464 0.70339
vn -0.696016 0.113114 0.709061
vn -0.700769 0.10824 0.705128
vn -0.707163 0 0.707051
vn -0.700769 -0.10824 0.705128
vn -0.696016 -0.113114 0.709061
vn -0.677679 -0.214464 0.70339
vn -0.667157 -0.22273 0.710839
vn -0.638371 -0.316078 0.701838
vn -0.621397 -0.326135 0.712391
vn -0.583734 -0.410589 0.700479
vn -0.559954 -0.420778 0.713721
vn -0.515039 -0.495675 0.699315
vn -0.484419 -0.504334 0.714832
vn -0.43391 -0.569237 0.698349
vn -0.396725 -0.574755 0.715728
vn -0.342288 -0.629457 0.697583
vn -0.29909 -0.630318 0.716411
vn -0.242375 -0.674846 0.69702
vn -0.193972 -0.669668 0.716882
vn -0.136587 -0.704278 0.696662
vn -0.0840051 -0.691844 0.717144
vn -0.0274841 -0.717023 0.696508
vn 0.0280602 -0.696306 0.717196
vn 0.0822853 -0.712766 0.696559
vn 0.139425 -0.682946 0.717039
vn 0.190058 -0.691611 0.696815
vn 0.247305 -0.652089 0.716673
vn 0.293221 -0.654085 0.697276
vn 0.349001 -0.604487 0.716096
vn 0.389279 -0.601116 0.697941
vn 0.441959 -0.541302 0.715307
vn 0.475914 -0.534017 0.698807
vn 0.523834 -0.464077 0.714304
vn 0.55105 -0.454448 0.699872
vn 0.592545 -0.374703 0.713084
vn 0.612898 -0.364371 0.701135
vn 0.646323 -0.275373 0.711643
vn 0.660006 -0.266006 0.70259
vn 0.68376 -0.168532 0.709979
vn 0.691291 -0.161768 0.704236
vn 0.703837 -0.0568196 0.708085
vn -0.996914 -0.0765376 -0.0174681
vn -0.999847 0 0.0174681
vn -0.996914 0.0765376 -0.0174681
vn -0.98813 0.152626 0.0174681
vn -0.973547 0.227819 -0.0174681
vn -0.953251 0.301675 0.0174681
vn -0.927361 0.37376 -0.0174681
vn -0.896029 0.443652 0.0174681
vn -0.859438 0.510941 -0.0174681
vn -0.817805 0.575231 0.0174681
vn -0.771371 0.636145 -0.0174681
vn -0.720412 0.693327 0.0174681
vn -0.665224 0.746439 -0.0174681
vn -0.606133 0.795171 0.0174681
vn -0.543485 0.839237 -0.0174681
vn -0.477647 0.878378 0.0174681
vn -0.409006 0.912364 -0.0174681
vn -0.337965 0.940996 0.0174681
vn -0.264941 0.964106 -0.0174681
vn -0.190362 0.981559 0.0174681
vn -0.114666 0.99325 -0.0174681
vn -0.0382969 0.999114 0.0174681
vn 0.0382969 0.999114 -0.0174681
vn 0.114666 0.99325 0.0174681
vn 0.190362 0.981559 -0.0174681
vn 0.264941 0.964106 0.0174681
vn 0.337965 0.940996 -0.0174681
vn 0.409006 0.912364 0.0174681
vn 0.477647 0.878378 -0.0174681
vn 0.543485 0.839237 0.0174681
vn 0.606133 0.795171 -0.0174681
vn 0.665224 0.746439 0.0174681
vn 0.720412 0.693327 -0.0174681
vn 0.771371 0.636145 0.0174681
vn 0.817805 0.575231 -0.0174681
vn 0.859438 0.510941 0.0174681
vn 0.896029 0.443652 -0.0174681
vn 0.927361 0.37376 0.0174681
vn 0.953251 0.301675 -0.0174681
vn 0.973547 0.227819 0.0174681
vn 0.98813 0.152626 -0.0174681
vn 0.996914 0.0765376 0.0174681
vn 0.999847 0 -0.0174681
vn 0.996914 -0.0765376 0.0174681
vn 0.98813 -0.152626 -0.0174681
vn 0.973547 -0.227819 0.0174681
vn 0.953251 -0.301675 -0.0174681
vn 0.927361 -0.37376 0.0174681
vn 0.896029 -0.443652 -0.0174681
vn 0.859438 -0.510941 0.0174681
vn 0.817805 -0.575231 -0.0174681
vn 0.771371 -0.636145 0.0174681
vn 0.720412 -0.693327 -0.0174681
vn 0.665224 -0.746439 0.0174681
vn 0.606133 -0.795171 -0.0174681
vn 0.543485 -0.839237 0.0174681
vn 0.477647 -0.878378 -0.0174681
vn 0.409006 -0.912364 0.0174681
vn 0.337965 -0.940996 -0.0174681
vn 0.264941 -0.964106 0.0174681
vn 0.190362 -0.981559 -0.0174681
vn 0.114666 -0.99325 0.0174681
vn 0.0382969 -0.999114 -0.0174681
vn -0.0382969 -0.999114 0.0174681
vn -0.114666 -0.99325 -0.0174681
vn -0.190362 -0.981559 0.0174681
vn -0.264941 -0.964106 -0.0174681
vn -0.337965 -0.940996 0.0174681
vn -0.409006 -0.912364 -0.0174681
vn -0.477647 -0.878378 0.0174681
vn -0.543485 -0.839237 -0.0174681
vn -0.606133 -0.795171 0.0174681
vn -0.665224 -0.746439 -0.0174681
vn -0.720412 -0.693327 0.0174681
vn -0.771371 -0.636145 -0.0174681
vn -0.817805 -0.575231 0.0174681
vn -0.859438 -0.510941 -0.0174681
vn -0.896029 -0.443652 0.0174681
vn -0.927361 -0.37376 -0.0174681
vn -0.953251 -0.301675 0.0174681
vn -0.973547 -0.227819 -0.0174681
vn -0.98813 -0.152626 0.0174681
vn 0 0 1
vn -0.188287 -0.86241 -0.46989
vn -0.226066 -0.838659 -0.495525
vn -0.244563 -0.821256 -0.515488
vn -0.273702 -0.81232 -0.514998
vn -0.25433 -0.754825 -0.604611
vn -0.33445 -0.722903 -0.604611
vn -0.305049 -0.659353 -0.687167
vn -0.374549 -0.622506 -0.687167
vn -0.334047 -0.55519 -0.761693
vn -0.392115 -0.515819 -0.761693
vn -0.339957 -0.447206 -0.827306
vn -0.386316 -0.407829 -0.827306
vn -0.322493 -0.340452 -0.883227
vn -0.357412 -0.303589 -0.883227
vn -0.282463 -0.239926 -0.92879
vn -0.306747 -0.20798 -0.92879
vn -0.221732 -0.150338 -0.963449
vn -0.236687 -0.125483 -0.963449
vn -0.143141 -0.0758884 -0.986789
vn -0.150507 -0.0599673 -0.986789
vn -0.0503674 -0.0200682 -0.998529
vn -0.232364 -0.86202 -0.450475
vn -0.267124 -0.867177 -0.420295
vn -0.269647 -0.866673 -0.419725
vn -0.239885 -0.892595 -0.381747
vn -0.243376 -0.905585 -0.347396
vn -0.146447 -0.924905 -0.350861
vn 0.564729 -0.804551 -0.183791
vn -0.247156 -0.922421 -0.296737
vn -0.320555 -0.892073 -0.318513
vn -0.302632 -0.898181 -0.318881
vn -0.289865 -0.860289 -0.419382
vn -0.38118 -0.823906 -0.419382
vn -0.359925 -0.777966 -0.514998
vn -0.441928 -0.73449 -0.514998
vn -0.410649 -0.682504 -0.604611
vn -0.482034 -0.634105 -0.604611
vn -0.439659 -0.578361 -0.687167
vn -0.499613 -0.527435 -0.687167
vn -0.445587 -0.4704 -0.761693
vn -0.493834 -0.419466 -0.761693
vn -0.428146 -0.36367 -0.827306
vn -0.464955 -0.315248 -0.827306
vn -0.388141 -0.263166 -0.883227
vn -0.414319 -0.219658 -0.883227
vn -0.327436 -0.173596 -0.92879
vn -0.344285 -0.137176 -0.92879
vn -0.248866 -0.0991575 -0.963449
vn -0.258128 -0.071669 -0.963449
vn -0.156108 -0.0433432 -0.986789
vn -0.159879 -0.0262108 -0.986789
vn -0.0535039 -0.00877153 -0.998529
vn -0.249756 -0.932124 -0.262233
vn -0.263033 -0.937129 -0.229353
vn -0.320513 -0.922625 -0.214557
vn -0.225671 -0.960294 -0.164038
vn -0.316895 -0.942295 -0.107966
vn -0.276095 -0.956171 -0.097511
vn -0.242852 -0.96951 -0.0327641
vn -0.199154 -0.979817 0.0172164
vn -0.214768 -0.975699 0.0434264
vn -0.32723 -0.944945 0
vn -0.319302 -0.947653 0
vn -0.317435 -0.942114 -0.107962
vn -0.417435 -0.902271 -0.107962
vn -0.4101 -0.886417 -0.21467
vn -0.503535 -0.836881 -0.21467
vn -0.488639 -0.812125 -0.318881
vn -0.573581 -0.754533 -0.318881
vn -0.549383 -0.722701 -0.419382
vn -0.6243 -0.659066 -0.419382
vn -0.58949 -0.622317 -0.514998
vn -0.653319 -0.554934 -0.514998
vn -0.607078 -0.515657 -0.604611
vn -0.659271 -0.446997 -0.604611
vn -0.601315 -0.407702 -0.687167
vn -0.641871 -0.340298 -0.687167
vn -0.572461 -0.3035 -0.761693
vn -0.601919 -0.239827 -0.761693
vn -0.521854 -0.207926 -0.827306
vn -0.541276 -0.150284 -0.827306
vn -0.451852 -0.125456 -0.883227
vn -0.462768 -0.0758669 -0.883227
vn -0.365725 -0.0599576 -0.92879
vn -0.370064 -0.0200643 -0.92879
vn -0.2675 -0.0145034 -0.963449
vn -0.2675 0.0145034 -0.963449
vn -0.161776 0.00877123 -0.986789
vn -0.159879 0.0262108 -0.986789
vn -0.0535039 0.00877153 -0.998529
vn -0.108042 -0.993428 0.0377743
vn -0.100067 -0.994704 0.0234702
vn 0 -0.999522 0.030919
vn 0.100067 -0.994704 0.0234702
vn 0.108042 -0.993428 0.0377743
vn 0.199154 -0.979817 0.0172164
vn 0.214768 -0.975699 0.0434264
vn 0.32723 -0.944945 0
vn 0.319302 -0.947653 0
vn 0.419889 -0.907575 0
vn 0.515554 -0.856857 0
vn 0.605174 -0.796093 0
vn 0.687699 -0.725995 0
vn 0.762162 -0.647386 0
vn 0.827689 -0.561187 0
vn 0.883512 -0.468408 0
vn 0.928977 -0.370138 0
vn 0.96355 -0.267528 0
vn 0.986827 -0.161782 0
vn 0.998533 -0.0541389 0
vn 0.998533 0.0541389 0
vn 0.986827 0.161782 0
vn 0.96355 0.267528 0
vn 0.928977 0.370138 0
vn 0.883512 0.468408 0
vn 0.827689 0.561187 0
vn 0.762162 0.647386 0
vn 0.687699 0.725995 0
vn 0.605174 0.796093 0
vn 0.515554 0.856857 0
vn 0.419889 0.907575 0
vn 0.319302 0.947653 0
vn 0.32723 0.944945 0
vn 0.259886 0.965283 -0.0262389
vn 0.180171 0.983083 -0.0329637
vn 0.25943 0.963589 -0.0647523
vn 0.276095 0.956171 -0.097511
vn 0.316895 0.942295 -0.107966
vn 0.2566 0.955514 -0.145425
vn 0.255131 0.950044 -0.179791
vn -0.0388384 0.986301 -0.160315
vn 0.242852 -0.96951 -0.0327641
vn 0.276095 -0.956171 -0.097511
vn 0.316895 -0.942295 -0.107966
vn 0.225671 -0.960294 -0.164038
vn 0.320513 -0.922625 -0.214557
vn 0.263033 -0.937129 -0.229353
vn 0.236696 -0.926189 -0.293512
vn 0.320555 -0.892073 -0.318513
vn 0.219571 -0.908442 -0.355698
vn 0.270292 -0.866074 -0.420545
vn 0.26774 -0.867253 -0.419748
vn 0.205412 -0.856822 -0.472929
vn 0.244563 -0.821256 -0.515488
vn 0.180604 -0.820494 -0.542377
vn 0.171228 -0.777898 -0.604611
vn 0.086119 -0.791851 -0.604611
vn 0.0785484 -0.72224 -0.687167
vn -0 -0.726499 -0.687167
vn -0 -0.647938 -0.761693
vn -0.0700544 -0.64414 -0.761693
vn -0.060736 -0.558458 -0.827306
vn -0.118262 -0.54907 -0.827367
vn -0.118637 -0.548805 -0.827489
vn -0.147694 -0.54142 -0.827678
vn -0.148098 -0.541296 -0.827687
vn -0.179368 -0.532345 -0.827306
vn -0.149735 -0.444397 -0.883227
vn -0.196905 -0.425603 -0.883227
vn -0.155614 -0.336354 -0.92879
vn -0.191068 -0.317557 -0.92879
vn -0.138113 -0.229546 -0.963449
vn -0.162122 -0.213268 -0.963449
vn -0.0980463 -0.128978 -0.986789
vn -0.111417 -0.117621 -0.986789
vn -0.0372858 -0.0393622 -0.998529
vn 0.145208 -0.843522 -0.517092
vn 0.0908098 -0.834982 -0.542733
vn 0.086119 -0.791851 -0.604611
vn -0 -0.796521 -0.604611
vn -0 -0.726499 -0.687167
vn -0.0785484 -0.72224 -0.687167
vn -0.0700544 -0.64414 -0.761693
vn -0.13593 -0.633415 -0.76178
vn -0.136361 -0.633101 -0.761964
vn -0.169911 -0.624716 -0.762142
vn -0.170376 -0.624569 -0.762159
vn -0.206888 -0.614021 -0.761693
vn -0.179368 -0.532345 -0.827306
vn -0.235873 -0.509832 -0.827306
vn -0.196905 -0.425603 -0.883227
vn -0.241767 -0.401819 -0.883227
vn -0.191068 -0.317557 -0.92879
vn -0.224282 -0.295038 -0.92879
vn -0.162122 -0.213268 -0.963449
vn -0.18423 -0.194489 -0.963449
vn -0.111417 -0.117621 -0.986789
vn -0.12348 -0.104885 -0.986789
vn -0.041323 -0.0351001 -0.998529
vn 0.0486201 -0.854693 -0.516852
vn -0 -0.839829 -0.542851
vn -0 -0.796521 -0.604611
vn -0.086119 -0.791851 -0.604611
vn -0.0785484 -0.72224 -0.687167
vn -0.151878 -0.710338 -0.687279
vn -0.152362 -0.709987 -0.687535
vn -0.190016 -0.70072 -0.687666
vn -0.190537 -0.700551 -0.687694
vn -0.231972 -0.688469 -0.687167
vn -0.206888 -0.614021 -0.761693
vn -0.272062 -0.588053 -0.761693
vn -0.235873 -0.509832 -0.827306
vn -0.289613 -0.481341 -0.827306
vn -0.241767 -0.401819 -0.883227
vn -0.283794 -0.373324 -0.883227
vn -0.224282 -0.295038 -0.92879
vn -0.254866 -0.269059 -0.92879
vn -0.18423 -0.194489 -0.963449
vn -0.204178 -0.17343 -0.963449
vn -0.12348 -0.104885 -0.986789
vn -0.134097 -0.0909198 -0.986789
vn -0.0448758 -0.0304265 -0.998529
vn -0.0486201 -0.854693 -0.516852
vn -0.0908098 -0.834982 -0.542733
vn -0.086119 -0.791851 -0.604611
vn -0.165933 -0.778943 -0.604743
vn -0.166467 -0.778571 -0.605075
vn -0.207785 -0.768537 -0.605125
vn -0.208355 -0.768349 -0.605167
vn -0.25433 -0.754825 -0.604611
vn -0.231972 -0.688469 -0.687167
vn -0.305049 -0.659353 -0.687167
vn -0.272062 -0.588053 -0.761693
vn -0.334047 -0.55519 -0.761693
vn -0.289613 -0.481341 -0.827306
vn -0.339957 -0.447206 -0.827306
vn -0.283794 -0.373324 -0.883227
vn -0.322493 -0.340452 -0.883227
vn -0.254866 -0.269059 -0.92879
vn -0.282463 -0.239926 -0.92879
vn -0.204178 -0.17343 -0.963449
vn -0.221732 -0.150338 -0.963449
vn -0.134097 -0.0909198 -0.986789
vn -0.143141 -0.0758884 -0.986789
vn -0.0479024 -0.0253963 -0.998529
vn -0.145208 -0.843522 -0.517092
vn -0.175519 -0.823942 -0.538806
vn -0.242852 0.96951 -0.0327641
vn -0.32723 0.944945 0
vn -0.214768 0.975699 0.0434264
vn -0.213714 0.970912 0.107962
vn -0.209959 0.953852 0.21467
vn -0.203748 0.925636 0.318881
vn -0.195152 0.886586 0.419382
vn -0.184271 0.837151 0.514998
vn -0.171228 0.777898 0.604611
vn -0.156176 0.709514 0.687167
vn -0.139288 0.63279 0.761693
vn -0.12076 0.548618 0.827306
vn -0.112354 0.51043 0.852548
vn -0.0558628 0.48389 0.873344
vn -0.276095 0.956171 -0.097511
vn -0.316895 0.942295 -0.107966
vn -0.317435 0.942114 -0.107962
vn -0.417435 0.902271 -0.107962
vn -0.51254 0.851849 -0.107962
vn -0.601637 0.79144 -0.107962
vn -0.68368 0.721752 -0.107962
vn -0.757707 0.643602 -0.107962
vn -0.822851 0.557907 -0.107962
vn -0.878348 0.465671 -0.107962
vn -0.923547 0.367975 -0.107962
vn -0.957918 0.265965 -0.107962
vn -0.981059 0.160836 -0.107962
vn -0.992697 0.0538225 -0.107962
vn -0.992697 -0.0538225 -0.107962
vn -0.981059 -0.160836 -0.107962
vn -0.957918 -0.265965 -0.107962
vn -0.923547 -0.367975 -0.107962
vn -0.878348 -0.465671 -0.107962
vn -0.822851 -0.557907 -0.107962
vn -0.757707 -0.643602 -0.107962
vn -0.68368 -0.721752 -0.107962
vn -0.601637 -0.79144 -0.107962
vn -0.51254 -0.851849 -0.107962
vn -0.417435 -0.902271 -0.107962
vn -0.225671 0.960294 -0.164038
vn -0.320513 0.922625 -0.214557
vn -0.311858 0.92556 -0.21467
vn -0.4101 0.886417 -0.21467
vn -0.503535 0.836881 -0.21467
vn -0.591066 0.777534 -0.21467
vn -0.671667 0.70907 -0.21467
vn -0.744394 0.632294 -0.21467
vn -0.808393 0.548104 -0.21467
vn -0.862914 0.457488 -0.21467
vn -0.907319 0.361509 -0.21467
vn -0.941086 0.261291 -0.21467
vn -0.96382 0.15801 -0.21467
vn -0.975254 0.0528768 -0.21467
vn -0.975254 -0.0528768 -0.21467
vn -0.96382 -0.15801 -0.21467
vn -0.941086 -0.261291 -0.21467
vn -0.907319 -0.361509 -0.21467
vn -0.862914 -0.457488 -0.21467
vn -0.808393 -0.548104 -0.21467
vn -0.744394 -0.632294 -0.21467
vn -0.671667 -0.70907 -0.21467
vn -0.591066 -0.777534 -0.21467
vn -0.503535 -0.836881 -0.21467
vn -0.263033 0.937129 -0.229353
vn -0.236696 0.926189 -0.293512
vn -0.320555 0.892073 -0.318513
vn -0.219571 0.908442 -0.355698
vn -0.270292 0.866074 -0.420545
vn -0.26774 0.867253 -0.419748
vn -0.205412 0.856822 -0.472929
vn -0.244563 0.821256 -0.515488
vn -0.180604 0.820494 -0.542377
vn -0.171228 0.777898 -0.604611
vn -0.086119 0.791851 -0.604611
vn -0.0785484 0.72224 -0.687167
vn 0 0.726499 -0.687167
vn 0 0.647938 -0.761693
vn 0.0700544 0.64414 -0.761693
vn 0.060736 0.558458 -0.827306
vn 0.12076 0.548618 -0.827306
vn 0.100809 0.457982 -0.883227
vn 0.149735 0.444397 -0.883227
vn 0.118335 0.351207 -0.92879
vn 0.155614 0.336354 -0.92879
vn 0.112485 0.243133 -0.963449
vn 0.138113 0.229546 -0.963449
vn 0.0835266 0.138822 -0.986789
vn 0.0980463 0.128978 -0.986789
vn 0.0328115 0.0431627 -0.998529
vn -0.145208 0.843522 -0.517092
vn -0.0908098 0.834982 -0.542733
vn -0.086119 0.791851 -0.604611
vn 0 0.796521 -0.604611
vn 0 0.726499 -0.687167
vn 0.0785484 0.72224 -0.687167
vn 0.0700544 0.64414 -0.761693
vn 0.139288 0.63279 -0.761693
vn 0.12076 0.548618 -0.827306
vn 0.179368 0.532345 -0.827306
vn 0.149735 0.444397 -0.883227
vn 0.196905 0.425603 -0.883227
vn 0.155614 0.336354 -0.92879
vn 0.191068 0.317557 -0.92879
vn 0.138113 0.229546 -0.963449
vn 0.162122 0.213268 -0.963449
vn 0.0980463 0.128978 -0.986789
vn 0.111417 0.117621 -0.986789
vn 0.0372858 0.0393622 -0.998529
vn -0.0486201 0.854693 -0.516852
vn 0 0.839829 -0.542851
vn 0 0.796521 -0.604611
vn 0.086119 0.791851 -0.604611
vn 0.0785484 0.72224 -0.687167
vn 0.156176 0.709514 -0.687167
vn 0.139288 0.63279 -0.761693
vn 0.206888 0.614021 -0.761693
vn 0.179368 0.532345 -0.827306
vn 0.235873 0.509832 -0.827306
vn 0.196905 0.425603 -0.883227
vn 0.241767 0.401819 -0.883227
vn 0.191068 0.317557 -0.92879
vn 0.224282 0.295038 -0.92879
vn 0.162122 0.213268 -0.963449
vn 0.18423 0.194489 -0.963449
vn 0.111417 0.117621 -0.986789
vn 0.12348 0.104885 -0.986789
vn 0.041323 0.0351001 -0.998529
vn 0.0486201 0.854693 -0.516852
vn 0.0908098 0.834982 -0.542733
vn 0.086119 0.791851 -0.604611
vn 0.171228 0.777898 -0.604611
vn 0.156176 0.709514 -0.687167
vn 0.231972 0.688469 -0.687167
vn 0.206888 0.614021 -0.761693
vn 0.272062 0.588053 -0.761693
vn 0.235873 0.509832 -0.827306
vn 0.289613 0.481341 -0.827306
vn 0.241767 0.401819 -0.883227
vn 0.283794 0.373324 -0.883227
vn 0.224282 0.295038 -0.92879
vn 0.254866 0.269059 -0.92879
vn 0.18423 0.194489 -0.963449
vn 0.204178 0.17343 -0.963449
vn 0.12348 0.104885 -0.986789
vn 0.134097 0.0909198 -0.986789
vn 0.0448758 0.0304265 -0.998529
vn 0.145208 0.843522 -0.517092
vn 0.180604 0.820494 -0.542377
vn 0.171228 0.777898 -0.604611
vn 0.25433 0.754825 -0.604611
vn 0.231972 0.688469 -0.687167
vn 0.305049 0.659353 -0.687167
vn 0.272062 0.588053 -0.761693
vn 0.334047 0.55519 -0.761693
vn 0.289613 0.481341 -0.827306
vn 0.339957 0.447206 -0.827306
vn 0.283794 0.373324 -0.883227
vn 0.322493 0.340452 -0.883227
vn 0.254866 0.269059 -0.92879
vn 0.282463 0.239926 -0.92879
vn 0.204178 0.17343 -0.963449
vn 0.221732 0.150338 -0.963449
vn 0.134097 0.0909198 -0.986789
vn 0.143141 0.0758884 -0.986789
vn 0.0479024 0.0253963 -0.998529
vn 0.244563 0.821256 -0.515488
vn 0.205412 0.856822 -0.472929
vn 0.267124 0.867177 -0.420295
vn 0.269647 0.866673 -0.419725
vn 0.219571 0.908442 -0.355698
vn 0.320555 0.892073 -0.318513
vn 0.236696 0.926189 -0.293512
vn 0.263033 0.937129 -0.229353
vn 0.199154 0.979817 0.0172164
vn 0.207839 0.977647 0.0317579
vn 0.260506 0.965122 0.0260008
vn 0.259069 0.959797 0.108041
vn 0.259681 0.959623 0.108117
vn 0.255109 0.942728 0.214902
vn 0.255709 0.942551 0.214967
vn 0.248129 0.914612 0.319245
vn 0.24871 0.914436 0.319298
vn 0.238197 0.875781 0.419844
vn 0.238752 0.87561 0.419885
vn 0.225415 0.826696 0.515521
vn 0.225939 0.826534 0.515551
vn 0.209921 0.767935 0.605152
vn 0.210408 0.767786 0.605172
vn 0.191884 0.700192 0.687686
vn 0.19233 0.700058 0.687698
vn 0.171507 0.624264 0.762155
vn 0.171904 0.624147 0.762161
vn 0.149016 0.541046 0.827686
vn 0.149361 0.540946 0.827689
vn 0.135153 0.489486 0.861474
vn 0.161751 0.48006 0.862194
vn 0.162542 0.452566 0.876792
vn 0.220764 0.477173 0.850628
vn 0.226844 0.417158 0.880069
vn 0.267952 0.44534 0.854326
vn 0.297864 0.391833 0.870485
vn 0.339957 0.447206 0.827306
vn 0.386316 0.407829 0.827306
vn 0.445587 0.4704 0.761693
vn 0.493834 0.419466 0.761693
vn 0.55371 0.470326 0.687167
vn 0.601315 0.407702 0.687167
vn 0.659271 0.446997 0.604611
vn 0.703736 0.373097 0.604611
vn 0.757339 0.401516 0.514998
vn 0.796311 0.317279 0.514998
vn 0.843334 0.336015 0.419382
vn 0.87472 0.242865 0.419382
vn 0.913248 0.253562 0.318881
vn 0.935309 0.153336 0.318881
vn 0.96382 0.15801 0.21467
vn 0.975254 0.0528768 0.21467
vn 0.992697 0.0538225 0.107962
vn 0.992697 -0.0538225 0.107962
vn 0.108042 0.993428 0.0377743
vn 0.100067 0.994704 0.0234702
vn 0 0.999522 0.030919
vn -0.100067 0.994704 0.0234702
vn -0.108042 0.993428 0.0377743
vn -0.199154 0.979817 0.0172164
vn -0.478469 0.0367342 0.877336
vn -0.507605 0.0275216 0.86115
vn -0.507605 -0.0275216 0.86115
vn -0.560927 -0.0304126 0.827306
vn -0.646988 -0.0350787 0.761693
vn -0.725434 -0.0393319 0.687167
vn -0.795353 -0.0431228 0.604611
vn -0.855934 -0.0464074 0.514998
vn -0.906479 -0.0491478 0.419382
vn -0.946405 -0.0513126 0.318881
vn -0.975254 -0.0528768 0.21467
vn -0.992697 -0.0538225 0.107962
vn -0.998533 -0.0541389 0
vn -0.519195 0.0851176 0.850407
vn -0.462697 0.108275 0.879879
vn -0.499694 0.138739 0.855019
vn -0.459332 0.183015 0.869206
vn -0.521854 0.207926 0.827306
vn -0.496314 0.263129 0.827306
vn -0.572461 0.3035 0.761693
vn -0.536291 0.363614 0.761693
vn -0.601315 0.407702 0.687167
vn -0.55371 0.470326 0.687167
vn -0.607078 0.515657 0.604611
vn -0.547767 0.57827 0.604611
vn -0.58949 0.622317 0.514998
vn -0.51875 0.682404 0.514998
vn -0.549383 0.722701 0.419382
vn -0.468025 0.777864 0.419382
vn -0.488639 0.812125 0.318881
vn -0.397969 0.860195 0.318881
vn -0.4101 0.886417 0.21467
vn -0.311858 0.92556 0.21467
vn -0.317435 0.942114 0.107962
vn -0.453189 0.182652 0.872501
vn -0.460985 0.244399 0.85309
vn -0.496314 0.263129 0.827306
vn -0.464955 0.315248 0.827306
vn -0.536291 0.363614 0.761693
vn -0.493834 0.419466 0.761693
vn -0.55371 0.470326 0.687167
vn -0.499613 0.527435 0.687167
vn -0.547767 0.57827 0.604611
vn -0.482034 0.634105 0.604611
vn -0.51875 0.682404 0.514998
vn -0.441928 0.73449 0.514998
vn -0.468025 0.777864 0.419382
vn -0.38118 0.823906 0.419382
vn -0.397969 0.860195 0.318881
vn -0.302632 0.898181 0.318881
vn -0.311858 0.92556 0.21467
vn -0.407762 0.242417 0.88032
vn -0.434358 0.294502 0.851235
vn -0.464955 0.315248 0.827306
vn -0.428146 0.36367 0.827306
vn -0.493834 0.419466 0.761693
vn -0.445587 0.4704 0.761693
vn -0.499613 0.527435 0.687167
vn -0.439659 0.578361 0.687167
vn -0.482034 0.634105 0.604611
vn -0.410649 0.682504 0.604611
vn -0.441928 0.73449 0.514998
vn -0.359925 0.777966 0.514998
vn -0.38118 0.823906 0.419382
vn -0.289865 0.860289 0.419382
vn -0.302632 0.898181 0.318881
vn -0.372712 0.307373 0.875561
vn -0.383224 0.325514 0.864396
vn -0.386316 0.407829 0.827306
vn -0.392115 0.515819 0.761693
vn -0.374549 0.622506 0.687167
vn -0.33445 0.722903 0.604611
vn -0.273702 0.81232 0.514998
vn -0.352939 0.372593 0.858259
vn -0.31762 0.356397 0.878692
vn -0.318723 0.419273 0.850074
vn -0.259131 0.400144 0.879054
vn -0.265346 0.441009 0.857381
vn -0.21029 0.454535 0.86555
vn -0.235873 0.509832 0.827306
vn -0.179368 0.532345 0.827306
vn -0.206888 0.614021 0.761693
vn -0.198133 0.441973 0.874873
vn -0.167365 0.496722 0.85162
vn -0.125671 0.45731 0.880383
vn 0.0182178 0.475278 0.879647
vn 0 0.517374 0.85576
vn -0.0536963 0.493729 0.867956
vn -0.060736 0.558458 0.827306
vn -0.0700544 0.64414 0.761693
vn -0.0785484 0.72224 0.687167
vn -0.086119 0.791851 0.604611
vn -0.0926787 0.852166 0.514998
vn -0.0981515 0.902488 0.419382
vn -0.102475 0.942239 0.318881
vn -0.105598 0.970961 0.21467
vn -0.107487 0.988327 0.107962
vn 0.0569133 0.523309 0.85024
vn 0.0911909 0.470205 0.877833
vn 0.108536 0.49646 0.861248
vn 0.297178 0.389861 0.871604
vn 0.358149 0.378093 0.853683
vn 0.386316 0.407829 0.827306
vn 0.428146 0.36367 0.827306
vn 0.493834 0.419466 0.761693
vn 0.536291 0.363614 0.761693
vn 0.601315 0.407702 0.687167
vn 0.641871 0.340298 0.687167
vn 0.703736 0.373097 0.604611
vn 0.739949 0.294823 0.604611
vn 0.796311 0.317279 0.514998
vn 0.825947 0.229323 0.514998
vn 0.87472 0.242865 0.419382
vn 0.895851 0.146867 0.419382
vn 0.935309 0.153336 0.318881
vn 0.946405 0.0513126 0.318881
vn 0.975254 0.0528768 0.21467
vn 0.975254 -0.0528768 0.21467
vn 0.992697 -0.0538225 0.107962
vn 0.981059 -0.160836 0.107962
vn 0.341941 0.329085 0.880216
vn 0.400379 0.340085 0.850905
vn 0.428146 0.36367 0.827306
vn 0.464955 0.315248 0.827306
vn 0.536291 0.363614 0.761693
vn 0.572461 0.3035 0.761693
vn 0.641871 0.340298 0.687167
vn 0.674901 0.268905 0.687167
vn 0.739949 0.294823 0.604611
vn 0.767488 0.213092 0.604611
vn 0.825947 0.229323 0.514998
vn 0.845899 0.138678 0.514998
vn 0.895851 0.146867 0.419382
vn 0.906479 0.0491478 0.419382
vn 0.946405 0.0513126 0.318881
vn 0.946405 -0.0513126 0.318881
vn 0.975254 -0.0528768 0.21467
vn 0.96382 -0.15801 0.21467
vn 0.981059 -0.160836 0.107962
vn 0.957918 -0.265965 0.107962
vn 0.394198 0.277273 0.876201
vn 0.41776 0.283248 0.863277
vn 0.464955 0.315248 0.827306
vn 0.496314 0.263129 0.827306
vn 0.572461 0.3035 0.761693
vn 0.601919 0.239827 0.761693
vn 0.674901 0.268905 0.687167
vn 0.700018 0.194359 0.687167
vn 0.767488 0.213092 0.604611
vn 0.786028 0.128863 0.604611
vn 0.845899 0.138678 0.514998
vn 0.855934 0.0464074 0.514998
vn 0.906479 0.0491478 0.419382
vn 0.906479 -0.0491478 0.419382
vn 0.946405 -0.0513126 0.318881
vn 0.935309 -0.153336 0.318881
vn 0.96382 -0.15801 0.21467
vn 0.941086 -0.261291 0.21467
vn 0.957918 -0.265965 0.107962
vn 0.923547 -0.367975 0.107962
vn 0.452068 0.239671 0.859181
vn 0.42849 0.212159 0.878285
vn 0.489175 0.194905 0.850129
vn 0.453945 0.14366 0.879372
vn 0.497258 0.138063 0.856547
vn 0.492195 0.0806913 0.866737
vn 0.554351 0.0908813 0.827306
vn 0.560927 0.0304126 0.827306
vn 0.646988 0.0350787 0.761693
vn 0.646988 -0.0350787 0.761693
vn 0.725434 -0.0393319 0.687167
vn 0.716929 -0.117534 0.687167
vn 0.786028 -0.128863 0.604611
vn 0.767488 -0.213092 0.604611
vn 0.825947 -0.229323 0.514998
vn 0.796311 -0.317279 0.514998
vn 0.843334 -0.336015 0.419382
vn 0.802061 -0.425226 0.419382
vn 0.837388 -0.443955 0.318881
vn 0.784479 -0.53189 0.318881
vn 0.808393 -0.548104 0.21467
vn 0.744394 -0.632294 0.21467
vn 0.757707 -0.643602 0.107962
vn 0.68368 -0.721752 0.107962
vn 0.479993 0.0741394 0.874134
vn 0.52268 0.0283389 0.852058
vn 0.560927 0.0304126 0.827306
vn 0.560927 -0.0304126 0.827306
vn 0.646988 -0.0350787 0.761693
vn 0.639403 -0.104825 0.761693
vn 0.716929 -0.117534 0.687167
vn 0.700018 -0.194359 0.687167
vn 0.767488 -0.213092 0.604611
vn 0.739949 -0.294823 0.604611
vn 0.796311 -0.317279 0.514998
vn 0.757339 -0.401516 0.514998
vn 0.802061 -0.425226 0.419382
vn 0.751384 -0.509451 0.419382
vn 0.784479 -0.53189 0.318881
vn 0.722373 -0.613589 0.318881
vn 0.744394 -0.632294 0.21467
vn 0.671667 -0.70907 0.21467
vn 0.68368 -0.721752 0.107962
vn 0.601637 -0.79144 0.107962
vn 0.474224 0 0.880404
vn 0.52268 -0.0283389 0.852058
vn 0.560927 -0.0304126 0.827306
vn 0.554351 -0.0908813 0.827306
vn 0.639403 -0.104825 0.761693
vn 0.624321 -0.173342 0.761693
vn 0.700018 -0.194359 0.687167
vn 0.674901 -0.268905 0.687167
vn 0.739949 -0.294823 0.604611
vn 0.703736 -0.373097 0.604611
vn 0.757339 -0.401516 0.514998
vn 0.709488 -0.481045 0.514998
vn 0.751384 -0.509451 0.419382
vn 0.691898 -0.587704 0.419382
vn 0.722373 -0.613589 0.318881
vn 0.651798 -0.688095 0.318881
vn 0.671667 -0.70907 0.21467
vn 0.591066 -0.777534 0.21467
vn 0.601637 -0.79144 0.107962
vn 0.51254 -0.851849 0.107962
vn 0.479993 -0.0741394 0.874134
vn 0.492195 -0.0806913 0.866737
vn 0.554351 -0.0908813 0.827306
vn 0.541276 -0.150284 0.827306
vn 0.624321 -0.173342 0.761693
vn 0.601919 -0.239827 0.761693
vn 0.674901 -0.268905 0.687167
vn 0.641871 -0.340298 0.687167
vn 0.703736 -0.373097 0.604611
vn 0.659271 -0.446997 0.604611
vn 0.709488 -0.481045 0.514998
vn 0.653319 -0.554934 0.514998
vn 0.691898 -0.587704 0.419382
vn 0.6243 -0.659066 0.419382
vn 0.651798 -0.688095 0.318881
vn 0.573581 -0.754533 0.318881
vn 0.591066 -0.777534 0.21467
vn 0.503535 -0.836881 0.21467
vn 0.51254 -0.851849 0.107962
vn 0.417435 -0.902271 0.107962
vn 0.497258 -0.138063 0.856547
vn 0.453945 -0.14366 0.879372
vn 0.489175 -0.194905 0.850129
vn 0.42849 -0.212159 0.878285
vn 0.452068 -0.239671 0.859181
vn 0.41776 -0.283248 0.863277
vn 0.464955 -0.315248 0.827306
vn 0.428146 -0.36367 0.827306
vn 0.493834 -0.419466 0.761693
vn 0.445587 -0.4704 0.761693
vn 0.499613 -0.527435 0.687167
vn 0.439659 -0.578361 0.687167
vn 0.482034 -0.634105 0.604611
vn 0.410649 -0.682504 0.604611
vn 0.441928 -0.73449 0.514998
vn 0.359925 -0.777966 0.514998
vn 0.38118 -0.823906 0.419382
vn 0.289865 -0.860289 0.419382
vn 0.302632 -0.898181 0.318881
vn 0.203748 -0.925636 0.318881
vn 0.209959 -0.953852 0.21467
vn 0.105598 -0.970961 0.21467
vn 0.107487 -0.988327 0.107962
vn 0 -0.994155 0.107962
vn 0.394198 -0.277273 0.876201
vn 0.400379 -0.340085 0.850905
vn 0.428146 -0.36367 0.827306
vn 0.386316 -0.407829 0.827306
vn 0.445587 -0.4704 0.761693
vn 0.392115 -0.515819 0.761693
vn 0.439659 -0.578361 0.687167
vn 0.374549 -0.622506 0.687167
vn 0.410649 -0.682504 0.604611
vn 0.33445 -0.722903 0.604611
vn 0.359925 -0.777966 0.514998
vn 0.273702 -0.81232 0.514998
vn 0.289865 -0.860289 0.419382
vn 0.195152 -0.886586 0.419382
vn 0.203748 -0.925636 0.318881
vn 0.102475 -0.942239 0.318881
vn 0.105598 -0.970961 0.21467
vn 0 -0.976687 0.21467
vn 0 -0.994155 0.107962
vn -0.107487 -0.988327 0.107962
vn 0.341941 -0.329085 0.880216
vn 0.358149 -0.378093 0.853683
vn 0.386316 -0.407829 0.827306
vn 0.339957 -0.447206 0.827306
vn 0.392115 -0.515819 0.761693
vn 0.334047 -0.55519 0.761693
vn 0.374549 -0.622506 0.687167
vn 0.305049 -0.659353 0.687167
vn 0.33445 -0.722903 0.604611
vn 0.25433 -0.754825 0.604611
vn 0.273702 -0.81232 0.514998
vn 0.184271 -0.837151 0.514998
vn 0.195152 -0.886586 0.419382
vn 0.0981515 -0.902488 0.419382
vn 0.102475 -0.942239 0.318881
vn 0 -0.947795 0.318881
vn 0 -0.976687 0.21467
vn -0.105598 -0.970961 0.21467
vn -0.107487 -0.988327 0.107962
vn -0.213714 -0.970912 0.107962
vn 0.297178 -0.389861 0.871604
vn 0.297864 -0.391833 0.870485
vn 0.339957 -0.447206 0.827306
vn 0.289613 -0.481341 0.827306
vn 0.334047 -0.55519 0.761693
vn 0.272062 -0.588053 0.761693
vn 0.305049 -0.659353 0.687167
vn 0.231972 -0.688469 0.687167
vn 0.25433 -0.754825 0.604611
vn 0.171228 -0.777898 0.604611
vn 0.184271 -0.837151 0.514998
vn 0.0926787 -0.852166 0.514998
vn 0.0981515 -0.902488 0.419382
vn 0 -0.90781 0.419382
vn 0 -0.947795 0.318881
vn -0.102475 -0.942239 0.318881
vn -0.105598 -0.970961 0.21467
vn -0.209959 -0.953852 0.21467
vn -0.213714 -0.970912 0.107962
vn -0.317435 -0.942114 0.107962
vn -0.319302 -0.947653 0
vn -0.419889 -0.907575 0
vn 0.267952 -0.44534 0.854326
vn 0.226844 -0.417158 0.880069
vn 0.220764 -0.477173 0.850628
vn 0.162542 -0.452566 0.876792
vn 0.161751 -0.48006 0.862194
vn 0.109646 -0.498125 0.860145
vn 0.12076 -0.548618 0.827306
vn 0.060736 -0.558458 0.827306
vn 0.0700544 -0.64414 0.761693
vn 0 -0.647938 0.761693
vn 0 -0.726499 0.687167
vn -0.0785484 -0.72224 0.687167
vn -0.086119 -0.791851 0.604611
vn -0.171228 -0.777898 0.604611
vn -0.184271 -0.837151 0.514998
vn -0.273702 -0.81232 0.514998
vn -0.289865 -0.860289 0.419382
vn -0.38118 -0.823906 0.419382
vn -0.397969 -0.860195 0.318881
vn -0.488639 -0.812125 0.318881
vn -0.503535 -0.836881 0.21467
vn -0.591066 -0.777534 0.21467
vn -0.601637 -0.79144 0.107962
vn -0.68368 -0.721752 0.107962
vn -0.687699 -0.725995 0
vn -0.762162 -0.647386 0
vn 0.0911909 -0.470205 0.877833
vn 0.0569133 -0.523309 0.85024
vn 0.060736 -0.558458 0.827306
vn 0 -0.561751 0.827306
vn 0 -0.647938 0.761693
vn -0.0700544 -0.64414 0.761693
vn -0.0785484 -0.72224 0.687167
vn -0.156176 -0.709514 0.687167
vn -0.171228 -0.777898 0.604611
vn -0.25433 -0.754825 0.604611
vn -0.273702 -0.81232 0.514998
vn -0.359925 -0.777966 0.514998
vn -0.38118 -0.823906 0.419382
vn -0.468025 -0.777864 0.419382
vn -0.488639 -0.812125 0.318881
vn -0.573581 -0.754533 0.318881
vn -0.591066 -0.777534 0.21467
vn -0.671667 -0.70907 0.21467
vn -0.68368 -0.721752 0.107962
vn -0.757707 -0.643602 0.107962
vn -0.762162 -0.647386 0
vn -0.827689 -0.561187 0
vn 0.0182178 -0.475278 0.879647
vn 0 -0.517374 0.85576
vn 0 -0.561751 0.827306
vn -0.060736 -0.558458 0.827306
vn -0.0700544 -0.64414 0.761693
vn -0.139288 -0.63279 0.761693
vn -0.156176 -0.709514 0.687167
vn -0.231972 -0.688469 0.687167
vn -0.25433 -0.754825 0.604611
vn -0.33445 -0.722903 0.604611
vn -0.359925 -0.777966 0.514998
vn -0.441928 -0.73449 0.514998
vn -0.468025 -0.777864 0.419382
vn -0.549383 -0.722701 0.419382
vn -0.573581 -0.754533 0.318881
vn -0.651798 -0.688095 0.318881
vn -0.671667 -0.70907 0.21467
vn -0.744394 -0.632294 0.21467
vn -0.757707 -0.643602 0.107962
vn -0.822851 -0.557907 0.107962
vn -0.827689 -0.561187 0
vn -0.883512 -0.468408 0
vn -0.0536963 -0.493729 0.867956
vn -0.0558628 -0.48389 0.873344
vn -0.112354 -0.51043 0.852548
vn -0.125671 -0.45731 0.880383
vn -0.167365 -0.496722 0.85162
vn -0.198133 -0.441973 0.874873
vn -0.21029 -0.454535 0.86555
vn -0.265346 -0.441009 0.857381
vn -0.289613 -0.481341 0.827306
vn -0.339957 -0.447206 0.827306
vn -0.392115 -0.515819 0.761693
vn -0.445587 -0.4704 0.761693
vn -0.499613 -0.527435 0.687167
vn -0.55371 -0.470326 0.687167
vn -0.607078 -0.515657 0.604611
vn -0.659271 -0.446997 0.604611
vn -0.709488 -0.481045 0.514998
vn -0.757339 -0.401516 0.514998
vn -0.802061 -0.425226 0.419382
vn -0.843334 -0.336015 0.419382
vn -0.880479 -0.350815 0.318881
vn -0.913248 -0.253562 0.318881
vn -0.941086 -0.261291 0.21467
vn -0.96382 -0.15801 0.21467
vn -0.981059 -0.160836 0.107962
vn -0.259131 -0.400144 0.879054
vn -0.318723 -0.419273 0.850074
vn -0.339957 -0.447206 0.827306
vn -0.386316 -0.407829 0.827306
vn -0.445587 -0.4704 0.761693
vn -0.493834 -0.419466 0.761693
vn -0.55371 -0.470326 0.687167
vn -0.601315 -0.407702 0.687167
vn -0.659271 -0.446997 0.604611
vn -0.703736 -0.373097 0.604611
vn -0.757339 -0.401516 0.514998
vn -0.796311 -0.317279 0.514998
vn -0.843334 -0.336015 0.419382
vn -0.87472 -0.242865 0.419382
vn -0.913248 -0.253562 0.318881
vn -0.935309 -0.153336 0.318881
vn -0.96382 -0.15801 0.21467
vn -0.31762 -0.356397 0.878692
vn -0.352939 -0.372593 0.858259
vn -0.386316 -0.407829 0.827306
vn -0.428146 -0.36367 0.827306
vn -0.493834 -0.419466 0.761693
vn -0.536291 -0.363614 0.761693
vn -0.601315 -0.407702 0.687167
vn -0.641871 -0.340298 0.687167
vn -0.703736 -0.373097 0.604611
vn -0.739949 -0.294823 0.604611
vn -0.796311 -0.317279 0.514998
vn -0.825947 -0.229323 0.514998
vn -0.87472 -0.242865 0.419382
vn -0.895851 -0.146867 0.419382
vn -0.935309 -0.153336 0.318881
vn -0.383224 -0.325514 0.864396
vn -0.372712 -0.307373 0.875561
vn -0.434358 -0.294502 0.851235
vn -0.407762 -0.242417 0.88032
vn -0.460985 -0.244399 0.85309
vn -0.453189 -0.182652 0.872501
vn -0.459332 -0.183015 0.869206
vn -0.499694 -0.138739 0.855019
vn -0.541276 -0.150284 0.827306
vn -0.554351 -0.0908813 0.827306
vn -0.639403 -0.104825 0.761693
vn -0.462697 -0.108275 0.879879
vn -0.519195 -0.0851176 0.850407
vn -0.478469 -0.0367342 0.877336
vn -0.0541387 -0.00293531 -0.998529
vn -0.0522419 -0.0145049 -0.998529
vn -0.0328115 -0.0431627 -0.998529
vn -0.0279524 -0.0464572 -0.998529
vn -0.0227656 -0.0492071 -0.998529
vn -0.017312 -0.05138 -0.998529
vn -0.00586202 -0.0539004 -0.998529
vn 0 -0.0542182 -0.998529
vn 0.00586202 -0.0539004 -0.998529
vn 0.0116553 -0.0529506 -0.998529
vn 0.017312 -0.05138 -0.998529
vn 0.0227656 -0.0492071 -0.998529
vn 0.0328115 -0.0431627 -0.998529
vn 0.0372858 -0.0393622 -0.998529
vn 0.041323 -0.0351001 -0.998529
vn 0.0448758 -0.0304265 -0.998529
vn 0.0479024 -0.0253963 -0.998529
vn 0.0503674 -0.0200682 -0.998529
vn 0.0522419 -0.0145049 -0.998529
vn 0.0535039 -0.00877153 -0.998529
vn 0.0541387 -0.00293531 -0.998529
vn 0.0541387 0.00293531 -0.998529
vn 0.0535039 0.00877153 -0.998529
vn 0.0522419 0.0145049 -0.998529
vn 0.0503674 0.0200682 -0.998529
vn 0.0227656 0.0492071 -0.998529
vn 0.017312 0.05138 -0.998529
vn 0.0116553 0.0529506 -0.998529
vn 0.00586202 0.0539004 -0.998529
vn 0 0.0542182 -0.998529
vn -0.00586202 0.0539004 -0.998529
vn -0.0116553 0.0529506 -0.998529
vn -0.017312 0.05138 -0.998529
vn -0.0227656 0.0492071 -0.998529
vn -0.0279524 0.0464572 -0.998529
vn -0.0328115 0.0431627 -0.998529
vn -0.0372858 0.0393622 -0.998529
vn -0.041323 0.0351001 -0.998529
vn -0.0448758 0.0304265 -0.998529
vn -0.0479024 0.0253963 -0.998529
vn -0.0503674 0.0200682 -0.998529
vn -0.0522419 0.0145049 -0.998529
vn -0.0541387 0.00293531 -0.998529
vn -0.560927 0.0304126 0.827306
vn -0.554351 0.0908813 0.827306
vn -0.541276 0.150284 0.827306
vn -0.521854 0.207926 0.827306
vn -0.646988 0.0350787 0.761693
vn -0.639403 0.104825 0.761693
vn -0.624321 0.173342 0.761693
vn -0.601919 0.239827 0.761693
vn -0.572461 0.3035 0.761693
vn -0.725434 0.0393319 0.687167
vn -0.716929 0.117534 0.687167
vn -0.700018 0.194359 0.687167
vn -0.674901 0.268905 0.687167
vn -0.641871 0.340298 0.687167
vn -0.601315 0.407702 0.687167
vn -0.795353 0.0431228 0.604611
vn -0.786028 0.128863 0.604611
vn -0.767488 0.213092 0.604611
vn -0.739949 0.294823 0.604611
vn -0.703736 0.373097 0.604611
vn -0.659271 0.446997 0.604611
vn -0.607078 0.515657 0.604611
vn -0.855934 0.0464074 0.514998
vn -0.845899 0.138678 0.514998
vn -0.825947 0.229323 0.514998
vn -0.796311 0.317279 0.514998
vn -0.757339 0.401516 0.514998
vn -0.709488 0.481045 0.514998
vn -0.653319 0.554934 0.514998
vn -0.58949 0.622317 0.514998
vn -0.906479 0.0491478 0.419382
vn -0.895851 0.146867 0.419382
vn -0.87472 0.242865 0.419382
vn -0.843334 0.336015 0.419382
vn -0.802061 0.425226 0.419382
vn -0.751384 0.509451 0.419382
vn -0.691898 0.587704 0.419382
vn -0.6243 0.659066 0.419382
vn -0.549383 0.722701 0.419382
vn -0.946405 0.0513126 0.318881
vn -0.935309 0.153336 0.318881
vn -0.913248 0.253562 0.318881
vn -0.880479 0.350815 0.318881
vn -0.837388 0.443955 0.318881
vn -0.784479 0.53189 0.318881
vn -0.722373 0.613589 0.318881
vn -0.651798 0.688095 0.318881
vn -0.573581 0.754533 0.318881
vn -0.488639 0.812125 0.318881
vn -0.975254 0.0528768 0.21467
vn -0.96382 0.15801 0.21467
vn -0.941086 0.261291 0.21467
vn -0.907319 0.361509 0.21467
vn -0.862914 0.457488 0.21467
vn -0.808393 0.548104 0.21467
vn -0.744394 0.632294 0.21467
vn -0.671667 0.70907 0.21467
vn -0.591066 0.777534 0.21467
vn -0.503535 0.836881 0.21467
vn -0.4101 0.886417 0.21467
vn -0.998533 0.0541389 0
vn -0.992697 0.0538225 0.107962
vn -0.981059 0.160836 0.107962
vn -0.957918 0.265965 0.107962
vn -0.923547 0.367975 0.107962
vn -0.878348 0.465671 0.107962
vn -0.822851 0.557907 0.107962
vn -0.757707 0.643602 0.107962
vn -0.68368 0.721752 0.107962
vn -0.601637 0.79144 0.107962
vn -0.51254 0.851849 0.107962
vn -0.417435 0.902271 0.107962
vn -0.317435 0.942114 0.107962
vn -0.946405 -0.0513126 -0.318881
vn -0.935309 -0.153336 -0.318881
vn -0.913248 -0.253562 -0.318881
vn -0.880479 -0.350815 -0.318881
vn -0.837388 -0.443955 -0.318881
vn -0.784479 -0.53189 -0.318881
vn -0.722373 -0.613589 -0.318881
vn -0.651798 -0.688095 -0.318881
vn -0.573581 -0.754533 -0.318881
vn -0.906479 -0.0491478 -0.419382
vn -0.895851 -0.146867 -0.419382
vn -0.87472 -0.242865 -0.419382
vn -0.843334 -0.336015 -0.419382
vn -0.802061 -0.425226 -0.419382
vn -0.751384 -0.509451 -0.419382
vn -0.691898 -0.587704 -0.419382
vn -0.6243 -0.659066 -0.419382
vn -0.946405 0.0513126 -0.318881
vn -0.935309 0.153336 -0.318881
vn -0.913248 0.253562 -0.318881
vn -0.880479 0.350815 -0.318881
vn -0.837388 0.443955 -0.318881
vn -0.784479 0.53189 -0.318881
vn -0.722373 0.613589 -0.318881
vn -0.651798 0.688095 -0.318881
vn -0.573581 0.754533 -0.318881
vn -0.488639 0.812125 -0.318881
vn -0.397969 0.860195 -0.318881
vn -0.302632 0.898181 -0.318881
vn -0.855934 -0.0464074 -0.514998
vn -0.845899 -0.138678 -0.514998
vn -0.825947 -0.229323 -0.514998
vn -0.796311 -0.317279 -0.514998
vn -0.757339 -0.401516 -0.514998
vn -0.709488 -0.481045 -0.514998
vn -0.653319 -0.554934 -0.514998
vn -0.906479 0.0491478 -0.419382
vn -0.895851 0.146867 -0.419382
vn -0.87472 0.242865 -0.419382
vn -0.843334 0.336015 -0.419382
vn -0.802061 0.425226 -0.419382
vn -0.751384 0.509451 -0.419382
vn -0.691898 0.587704 -0.419382
vn -0.6243 0.659066 -0.419382
vn -0.549383 0.722701 -0.419382
vn -0.468025 0.777864 -0.419382
vn -0.38118 0.823906 -0.419382
vn -0.289865 0.860289 -0.419382
vn -0.795353 -0.0431228 -0.604611
vn -0.786028 -0.128863 -0.604611
vn -0.767488 -0.213092 -0.604611
vn -0.739949 -0.294823 -0.604611
vn -0.703736 -0.373097 -0.604611
vn -0.659271 -0.446997 -0.604611
vn -0.855934 0.0464074 -0.514998
vn -0.845899 0.138678 -0.514998
vn -0.825947 0.229323 -0.514998
vn -0.796311 0.317279 -0.514998
vn -0.757339 0.401516 -0.514998
vn -0.709488 0.481045 -0.514998
vn -0.653319 0.554934 -0.514998
vn -0.58949 0.622317 -0.514998
vn -0.51875 0.682404 -0.514998
vn -0.441928 0.73449 -0.514998
vn -0.359925 0.777966 -0.514998
vn -0.273702 0.81232 -0.514998
vn -0.725434 -0.0393319 -0.687167
vn -0.716929 -0.117534 -0.687167
vn -0.700018 -0.194359 -0.687167
vn -0.674901 -0.268905 -0.687167
vn -0.641871 -0.340298 -0.687167
vn -0.795353 0.0431228 -0.604611
vn -0.786028 0.128863 -0.604611
vn -0.767488 0.213092 -0.604611
vn -0.739949 0.294823 -0.604611
vn -0.703736 0.373097 -0.604611
vn -0.659271 0.446997 -0.604611
vn -0.607078 0.515657 -0.604611
vn -0.547767 0.57827 -0.604611
vn -0.482034 0.634105 -0.604611
vn -0.410649 0.682504 -0.604611
vn -0.33445 0.722903 -0.604611
vn -0.25433 0.754825 -0.604611
vn -0.171228 0.777898 -0.604611
vn -0.646988 -0.0350787 -0.761693
vn -0.639403 -0.104825 -0.761693
vn -0.624321 -0.173342 -0.761693
vn -0.601919 -0.239827 -0.761693
vn -0.725434 0.0393319 -0.687167
vn -0.716929 0.117534 -0.687167
vn -0.700018 0.194359 -0.687167
vn -0.674901 0.268905 -0.687167
vn -0.641871 0.340298 -0.687167
vn -0.601315 0.407702 -0.687167
vn -0.55371 0.470326 -0.687167
vn -0.499613 0.527435 -0.687167
vn -0.439659 0.578361 -0.687167
vn -0.374549 0.622506 -0.687167
vn -0.305049 0.659353 -0.687167
vn -0.231972 0.688469 -0.687167
vn -0.156176 0.709514 -0.687167
vn -0.0785484 0.72224 -0.687167
vn -0.560927 -0.0304126 -0.827306
vn -0.554351 -0.0908813 -0.827306
vn -0.541276 -0.150284 -0.827306
vn -0.646988 0.0350787 -0.761693
vn -0.639403 0.104825 -0.761693
vn -0.624321 0.173342 -0.761693
vn -0.601919 0.239827 -0.761693
vn -0.572461 0.3035 -0.761693
vn -0.536291 0.363614 -0.761693
vn -0.493834 0.419466 -0.761693
vn -0.445587 0.4704 -0.761693
vn -0.392115 0.515819 -0.761693
vn -0.334047 0.55519 -0.761693
vn -0.272062 0.588053 -0.761693
vn -0.206888 0.614021 -0.761693
vn -0.139288 0.63279 -0.761693
vn -0.0700544 0.64414 -0.761693
vn 0 0.647938 -0.761693
vn -0.468257 -0.0253882 -0.883227
vn -0.462768 -0.0758669 -0.883227
vn -0.560927 0.0304126 -0.827306
vn -0.554351 0.0908813 -0.827306
vn -0.541276 0.150284 -0.827306
vn -0.521854 0.207926 -0.827306
vn -0.496314 0.263129 -0.827306
vn -0.464955 0.315248 -0.827306
vn -0.428146 0.36367 -0.827306
vn -0.386316 0.407829 -0.827306
vn -0.339957 0.447206 -0.827306
vn -0.289613 0.481341 -0.827306
vn -0.235873 0.509832 -0.827306
vn -0.179368 0.532345 -0.827306
vn -0.12076 0.548618 -0.827306
vn -0.060736 0.558458 -0.827306
vn 0 0.561751 -0.827306
vn 0.060736 0.558458 -0.827306
vn -0.370064 -0.0200643 -0.92879
vn -0.370064 0.0200643 -0.92879
vn -0.2675 0.0145034 -0.963449
vn -0.264364 0.0433403 -0.963449
vn -0.159879 0.0262108 -0.986789
vn -0.156108 0.0433432 -0.986789
vn -0.468257 0.0253882 -0.883227
vn -0.462768 0.0758669 -0.883227
vn -0.451852 0.125456 -0.883227
vn -0.435639 0.173575 -0.883227
vn -0.414319 0.219658 -0.883227
vn -0.388141 0.263166 -0.883227
vn -0.357412 0.303589 -0.883227
vn -0.322493 0.340452 -0.883227
vn -0.283794 0.373324 -0.883227
vn -0.241767 0.401819 -0.883227
vn -0.196905 0.425603 -0.883227
vn -0.149735 0.444397 -0.883227
vn -0.100809 0.457982 -0.883227
vn -0.0507019 0.466196 -0.883227
vn 0 0.468945 -0.883227
vn 0.0507019 0.466196 -0.883227
vn 0.100809 0.457982 -0.883227
vn -0.161776 -0.00877123 -0.986789
vn -0.159879 -0.0262108 -0.986789
vn -0.161776 0.00877123 -0.986789
vn -0.0144444 -0.0521764 -0.998533
vn -0.0431639 -0.155918 -0.986827
vn -0.0517311 -0.153532 -0.986789
vn -0.0680277 -0.147039 -0.986789
vn -0.0835266 -0.138822 -0.986789
vn -0.0980463 -0.128978 -0.986789
vn 0.320513 0.922625 -0.214557
vn -0.011615 -0.0529572 -0.998529
vn 0.0279524 -0.0464572 -0.998529
vn 0.0279524 0.0464572 -0.998529
vn -0.222088 -0.821438 -0.525277
vn -0.0993858 -0.45808 -0.883338
vn -0.0785686 -0.362131 -0.92881
vn -0.0400697 -0.368435 -0.92879
vn 0 -0.370607 -0.92879
vn 0.0400697 -0.368435 -0.92879
vn 0.0796696 -0.361943 -0.92879
vn 0.118335 -0.351207 -0.92879
vn 0.155614 -0.336354 -0.92879
vn 0.191068 -0.317557 -0.92879
vn 0.224282 -0.295038 -0.92879
vn 0.254866 -0.269059 -0.92879
vn 0.282463 -0.239926 -0.92879
vn 0.306747 -0.20798 -0.92879
vn 0.327436 -0.173596 -0.92879
vn 0.344285 -0.137176 -0.92879
vn 0.357099 -0.0991479 -0.92879
vn 0.365725 -0.0599576 -0.92879
vn 0.370064 -0.0200643 -0.92879
vn 0.370064 0.0200643 -0.92879
vn 0.365725 0.0599576 -0.92879
vn 0.357099 0.0991479 -0.92879
vn 0.344285 0.137176 -0.92879
vn 0.327436 0.173596 -0.92879
vn 0.306747 0.20798 -0.92879
vn 0.282463 0.239926 -0.92879
vn -0.0788219 -0.361984 -0.928846
vn -0.0569917 -0.26173 -0.963457
vn -0.0289643 -0.266323 -0.963449
vn 0 -0.267893 -0.963449
vn 0.0289643 -0.266323 -0.963449
vn 0.0575891 -0.26163 -0.963449
vn 0.0855387 -0.25387 -0.963449
vn 0.112485 -0.243133 -0.963449
vn 0.138113 -0.229546 -0.963449
vn 0.162122 -0.213268 -0.963449
vn 0.18423 -0.194489 -0.963449
vn 0.204178 -0.17343 -0.963449
vn 0.221732 -0.150338 -0.963449
vn 0.236687 -0.125483 -0.963449
vn 0.248866 -0.0991575 -0.963449
vn 0.258128 -0.071669 -0.963449
vn 0.264364 -0.0433403 -0.963449
vn 0.2675 -0.0145034 -0.963449
vn 0.2675 0.0145034 -0.963449
vn 0.264364 0.0433403 -0.963449
vn 0.258128 0.071669 -0.963449
vn 0.248866 0.0991575 -0.963449
vn 0.236687 0.125483 -0.963449
vn 0.221732 0.150338 -0.963449
vn -0.123615 -0.451813 -0.883507
vn -0.123953 -0.451712 -0.883511
vn -0.0979494 -0.356948 -0.928975
vn -0.098217 -0.35687 -0.928976
vn -0.0709895 -0.25794 -0.963549
vn -0.0711833 -0.257885 -0.96355
vn -0.0430466 -0.15595 -0.986826
vn -0.0571781 -0.261639 -0.963471
vn -0.0345871 -0.158265 -0.986791
vn -0.0175167 -0.161064 -0.986789
vn 0 -0.162013 -0.986789
vn 0.0175167 -0.161064 -0.986789
vn 0.0348281 -0.158226 -0.986789
vn 0.0517311 -0.153532 -0.986789
vn 0.0680277 -0.147039 -0.986789
vn 0.0835266 -0.138822 -0.986789
vn 0.0980463 -0.128978 -0.986789
vn 0.111417 -0.117621 -0.986789
vn 0.12348 -0.104885 -0.986789
vn 0.134097 -0.0909198 -0.986789
vn 0.143141 -0.0758884 -0.986789
vn 0.150507 -0.0599673 -0.986789
vn 0.156108 -0.0433432 -0.986789
vn 0.159879 -0.0262108 -0.986789
vn 0.161776 -0.00877123 -0.986789
vn 0.161776 0.00877123 -0.986789
vn 0.159879 0.0262108 -0.986789
vn 0.156108 0.0433432 -0.986789
vn 0.150507 0.0599673 -0.986789
vn 0.143141 0.0758884 -0.986789
vn -0.0347022 -0.158221 -0.986794
vn -0.0990696 -0.458287 -0.883265
vn -0.0507019 -0.466196 -0.883227
vn -0.060736 -0.558458 -0.827306
vn 0 -0.561751 -0.827306
vn 0 -0.647938 -0.761693
vn 0.0700544 -0.64414 -0.761693
vn 0.0785484 -0.72224 -0.687167
vn 0.156176 -0.709514 -0.687167
vn 0.171228 -0.777898 -0.604611
vn 0.25433 -0.754825 -0.604611
vn 0.273702 -0.81232 -0.514998
vn 0.359925 -0.777966 -0.514998
vn 0.38118 -0.823906 -0.419382
vn 0.468025 -0.777864 -0.419382
vn 0.488639 -0.812125 -0.318881
vn 0.573581 -0.754533 -0.318881
vn 0.591066 -0.777534 -0.21467
vn 0.671667 -0.70907 -0.21467
vn 0.68368 -0.721752 -0.107962
vn 0.757707 -0.643602 -0.107962
vn -0.0507019 -0.466196 -0.883227
vn -0.203748 -0.925636 0.318881
vn -0.302632 -0.898181 0.318881
vn -0.397969 -0.860195 0.318881
vn -0.195152 -0.886586 0.419382
vn -0.289865 -0.860289 0.419382
vn -0.102475 -0.942239 0.318881
vn -0.0981515 -0.902488 0.419382
vn -0.0926787 -0.852166 0.514998
vn -0.086119 -0.791851 0.604611
vn -0.184271 -0.837151 0.514998
vn -0.12076 -0.548618 0.827306
vn -0.179368 -0.532345 0.827306
vn -0.235873 -0.509832 0.827306
vn -0.289613 -0.481341 0.827306
vn -0.060736 -0.558458 0.827306
vn -0.139288 -0.63279 0.761693
vn -0.206888 -0.614021 0.761693
vn -0.231972 -0.688469 0.687167
vn -0.305049 -0.659353 0.687167
vn -0.33445 -0.722903 0.604611
vn -0.410649 -0.682504 0.604611
vn -0.441928 -0.73449 0.514998
vn -0.51875 -0.682404 0.514998
vn -0.549383 -0.722701 0.419382
vn -0.6243 -0.659066 0.419382
vn -0.651798 -0.688095 0.318881
vn -0.722373 -0.613589 0.318881
vn -0.744394 -0.632294 0.21467
vn -0.808393 -0.548104 0.21467
vn -0.822851 -0.557907 0.107962
vn -0.878348 -0.465671 0.107962
vn -0.883512 -0.468408 0
vn -0.928977 -0.370138 0
vn -0.206888 -0.614021 0.761693
vn -0.209959 -0.953852 0.21467
vn -0.311858 -0.92556 0.21467
vn -0.317435 -0.942114 0.107962
vn -0.417435 -0.902271 0.107962
vn -0.419889 -0.907575 0
vn -0.515554 -0.856857 0
vn -0.317435 -0.942114 -0.107962
vn -0.311858 -0.92556 -0.21467
vn -0.302632 -0.898181 -0.318881
vn -0.273702 -0.81232 -0.514998
vn -0.289865 -0.860289 -0.419382
vn -0.149735 -0.444397 -0.883227
vn -0.118335 -0.351207 -0.92879
vn -0.0855387 -0.25387 -0.963449
vn 0 -0.90781 0.419382
vn 0 -0.857191 0.514998
vn 0 -0.796521 0.604611
vn 0 -0.726499 0.687167
vn 0.0926787 -0.852166 0.514998
vn 0.086119 -0.791851 0.604611
vn 0.0785484 -0.72224 0.687167
vn 0.0700544 -0.64414 0.761693
vn 0.107487 -0.988327 0.107962
vn 0.213714 -0.970912 0.107962
vn 0.209959 -0.953852 0.21467
vn 0.311858 -0.92556 0.21467
vn 0.302632 -0.898181 0.318881
vn 0.397969 -0.860195 0.318881
vn 0.38118 -0.823906 0.419382
vn 0.468025 -0.777864 0.419382
vn 0.441928 -0.73449 0.514998
vn 0.51875 -0.682404 0.514998
vn 0.482034 -0.634105 0.604611
vn 0.547767 -0.57827 0.604611
vn 0.499613 -0.527435 0.687167
vn 0.55371 -0.470326 0.687167
vn 0.493834 -0.419466 0.761693
vn 0.536291 -0.363614 0.761693
vn 0.464955 -0.315248 0.827306
vn 0.496314 -0.263129 0.827306
vn 0.171228 -0.777898 0.604611
vn 0.156176 -0.709514 0.687167
vn 0.139288 -0.63279 0.761693
vn 0.12076 -0.548618 0.827306
vn 0.139288 -0.63279 -0.761693
vn 0.206888 -0.614021 -0.761693
vn 0.272062 -0.588053 -0.761693
vn 0.334047 -0.55519 -0.761693
vn 0.392115 -0.515819 -0.761693
vn 0.445587 -0.4704 -0.761693
vn 0.493834 -0.419466 -0.761693
vn 0.536291 -0.363614 -0.761693
vn 0.572461 -0.3035 -0.761693
vn 0.601919 -0.239827 -0.761693
vn 0.624321 -0.173342 -0.761693
vn 0.639403 -0.104825 -0.761693
vn 0.646988 -0.0350787 -0.761693
vn 0.646988 0.0350787 -0.761693
vn 0.639403 0.104825 -0.761693
vn 0.624321 0.173342 -0.761693
vn 0.601919 0.239827 -0.761693
vn 0.572461 0.3035 -0.761693
vn 0.536291 0.363614 -0.761693
vn 0.493834 0.419466 -0.761693
vn 0.445587 0.4704 -0.761693
vn 0.392115 0.515819 -0.761693
vn 0.334047 0.55519 -0.761693
vn 0.12076 -0.548618 -0.827306
vn 0.179368 -0.532345 -0.827306
vn 0.235873 -0.509832 -0.827306
vn 0.289613 -0.481341 -0.827306
vn 0.339957 -0.447206 -0.827306
vn 0.386316 -0.407829 -0.827306
vn 0.428146 -0.36367 -0.827306
vn 0.464955 -0.315248 -0.827306
vn 0.496314 -0.263129 -0.827306
vn 0.521854 -0.207926 -0.827306
vn 0.541276 -0.150284 -0.827306
vn 0.554351 -0.0908813 -0.827306
vn 0.560927 -0.0304126 -0.827306
vn 0.560927 0.0304126 -0.827306
vn 0.554351 0.0908813 -0.827306
vn 0.541276 0.150284 -0.827306
vn 0.521854 0.207926 -0.827306
vn 0.496314 0.263129 -0.827306
vn 0.464955 0.315248 -0.827306
vn 0.428146 0.36367 -0.827306
vn 0.386316 0.407829 -0.827306
vn 0.339957 0.447206 -0.827306
vn 0.0700544 -0.64414 -0.761693
vn 0.060736 -0.558458 -0.827306
vn 0.0507019 -0.466196 -0.883227
vn 0.100809 -0.457982 -0.883227
vn 0.149735 -0.444397 -0.883227
vn 0.196905 -0.425603 -0.883227
vn 0.241767 -0.401819 -0.883227
vn 0.283794 -0.373324 -0.883227
vn 0.322493 -0.340452 -0.883227
vn 0.357412 -0.303589 -0.883227
vn 0.388141 -0.263166 -0.883227
vn 0.414319 -0.219658 -0.883227
vn 0.435639 -0.173575 -0.883227
vn 0.451852 -0.125456 -0.883227
vn 0.462768 -0.0758669 -0.883227
vn 0.468257 -0.0253882 -0.883227
vn 0.468257 0.0253882 -0.883227
vn 0.462768 0.0758669 -0.883227
vn 0.451852 0.125456 -0.883227
vn 0.435639 0.173575 -0.883227
vn 0.414319 0.219658 -0.883227
vn 0.388141 0.263166 -0.883227
vn 0.357412 0.303589 -0.883227
vn 0.322493 0.340452 -0.883227
vn 0.156176 -0.709514 -0.687167
vn 0.231972 -0.688469 -0.687167
vn 0.25433 -0.754825 -0.604611
vn 0.33445 -0.722903 -0.604611
vn 0.359925 -0.777966 -0.514998
vn 0.441928 -0.73449 -0.514998
vn 0.468025 -0.777864 -0.419382
vn 0.549383 -0.722701 -0.419382
vn 0.573581 -0.754533 -0.318881
vn 0.651798 -0.688095 -0.318881
vn 0.671667 -0.70907 -0.21467
vn 0.744394 -0.632294 -0.21467
vn 0.757707 -0.643602 -0.107962
vn 0.822851 -0.557907 -0.107962
vn 0.273702 -0.81232 -0.514998
vn 0.289865 -0.860289 -0.419382
vn 0.302632 -0.898181 -0.318881
vn 0.311858 -0.92556 -0.21467
vn 0.317435 -0.942114 -0.107962
vn 0.213714 -0.970912 0.107962
vn 0.317435 -0.942114 0.107962
vn 0.311858 -0.92556 0.21467
vn 0.4101 -0.886417 0.21467
vn 0.397969 -0.860195 0.318881
vn 0.488639 -0.812125 0.318881
vn 0.468025 -0.777864 0.419382
vn 0.549383 -0.722701 0.419382
vn 0.51875 -0.682404 0.514998
vn 0.58949 -0.622317 0.514998
vn 0.547767 -0.57827 0.604611
vn 0.607078 -0.515657 0.604611
vn 0.55371 -0.470326 0.687167
vn 0.601315 -0.407702 0.687167
vn 0.536291 -0.363614 0.761693
vn 0.572461 -0.3035 0.761693
vn 0.496314 -0.263129 0.827306
vn 0.521854 -0.207926 0.827306
vn 0.317435 -0.942114 0.107962
vn 0.231972 -0.688469 0.687167
vn 0.206888 -0.614021 0.761693
vn 0.179368 -0.532345 0.827306
vn 0 -0.468945 -0.883227
vn 0 -0.561751 -0.827306
vn -0.0796696 0.361943 -0.92879
vn -0.118335 0.351207 -0.92879
vn -0.155614 0.336354 -0.92879
vn -0.191068 0.317557 -0.92879
vn -0.224282 0.295038 -0.92879
vn -0.254866 0.269059 -0.92879
vn -0.282463 0.239926 -0.92879
vn -0.306747 0.20798 -0.92879
vn -0.327436 0.173596 -0.92879
vn -0.344285 0.137176 -0.92879
vn -0.357099 0.0991479 -0.92879
vn -0.365725 0.0599576 -0.92879
vn -0.370064 0.0200643 -0.92879
vn -0.0575891 0.26163 -0.963449
vn -0.0855387 0.25387 -0.963449
vn -0.112485 0.243133 -0.963449
vn -0.138113 0.229546 -0.963449
vn -0.162122 0.213268 -0.963449
vn -0.18423 0.194489 -0.963449
vn -0.204178 0.17343 -0.963449
vn -0.221732 0.150338 -0.963449
vn -0.236687 0.125483 -0.963449
vn -0.248866 0.0991575 -0.963449
vn -0.258128 0.071669 -0.963449
vn -0.264364 0.0433403 -0.963449
vn -0.0400697 0.368435 -0.92879
vn 0 0.370607 -0.92879
vn 0.0400697 0.368435 -0.92879
vn 0.0796696 0.361943 -0.92879
vn 0.118335 0.351207 -0.92879
vn -0.0348281 0.158226 -0.986789
vn -0.0517311 0.153532 -0.986789
vn -0.0680277 0.147039 -0.986789
vn -0.0835266 0.138822 -0.986789
vn -0.0980463 0.128978 -0.986789
vn -0.111417 0.117621 -0.986789
vn -0.12348 0.104885 -0.986789
vn -0.134097 0.0909198 -0.986789
vn -0.143141 0.0758884 -0.986789
vn -0.150507 0.0599673 -0.986789
vn -0.156108 0.0433432 -0.986789
vn -0.0289643 0.266323 -0.963449
vn 0 0.267893 -0.963449
vn 0.0289643 0.266323 -0.963449
vn 0.0575891 0.26163 -0.963449
vn 0.0855387 0.25387 -0.963449
vn 0.112485 0.243133 -0.963449
vn -0.0175167 0.161064 -0.986789
vn 0 0.162013 -0.986789
vn 0.0175167 0.161064 -0.986789
vn 0.0348281 0.158226 -0.986789
vn 0.0517311 0.153532 -0.986789
vn 0.0680277 0.147039 -0.986789
vn 0.0835266 0.138822 -0.986789
vn -0.319302 0.947653 0
vn -0.273702 0.81232 0.514998
vn -0.25433 0.754825 0.604611
vn -0.231972 0.688469 0.687167
vn -0.206888 0.614021 0.761693
vn 0.179368 0.532345 0.827306
vn 0.235873 0.509832 0.827306
vn 0.289613 0.481341 0.827306
vn 0.339957 0.447206 0.827306
vn 0.206888 0.614021 0.761693
vn 0.272062 0.588053 0.761693
vn 0.334047 0.55519 0.761693
vn 0.392115 0.515819 0.761693
vn 0.445587 0.4704 0.761693
vn 0.231972 0.688469 0.687167
vn 0.305049 0.659353 0.687167
vn 0.374549 0.622506 0.687167
vn 0.439659 0.578361 0.687167
vn 0.499613 0.527435 0.687167
vn 0.55371 0.470326 0.687167
vn 0.25433 0.754825 0.604611
vn 0.33445 0.722903 0.604611
vn 0.410649 0.682504 0.604611
vn 0.482034 0.634105 0.604611
vn 0.547767 0.57827 0.604611
vn 0.607078 0.515657 0.604611
vn 0.659271 0.446997 0.604611
vn 0.273702 0.81232 0.514998
vn 0.359925 0.777966 0.514998
vn 0.441928 0.73449 0.514998
vn 0.51875 0.682404 0.514998
vn 0.58949 0.622317 0.514998
vn 0.653319 0.554934 0.514998
vn 0.709488 0.481045 0.514998
vn 0.757339 0.401516 0.514998
vn 0.289865 0.860289 0.419382
vn 0.38118 0.823906 0.419382
vn 0.468025 0.777864 0.419382
vn 0.549383 0.722701 0.419382
vn 0.6243 0.659066 0.419382
vn 0.691898 0.587704 0.419382
vn 0.751384 0.509451 0.419382
vn 0.802061 0.425226 0.419382
vn 0.843334 0.336015 0.419382
vn 0.302632 0.898181 0.318881
vn 0.397969 0.860195 0.318881
vn 0.488639 0.812125 0.318881
vn 0.573581 0.754533 0.318881
vn 0.651798 0.688095 0.318881
vn 0.722373 0.613589 0.318881
vn 0.784479 0.53189 0.318881
vn 0.837388 0.443955 0.318881
vn 0.880479 0.350815 0.318881
vn 0.913248 0.253562 0.318881
vn 0.317435 0.942114 0.107962
vn 0.311858 0.92556 0.21467
vn 0.4101 0.886417 0.21467
vn 0.503535 0.836881 0.21467
vn 0.591066 0.777534 0.21467
vn 0.671667 0.70907 0.21467
vn 0.744394 0.632294 0.21467
vn 0.808393 0.548104 0.21467
vn 0.862914 0.457488 0.21467
vn 0.907319 0.361509 0.21467
vn 0.941086 0.261291 0.21467
vn 0.96382 0.15801 0.21467
vn 0.317435 0.942114 -0.107962
vn 0.417435 0.902271 -0.107962
vn 0.51254 0.851849 -0.107962
vn 0.601637 0.79144 -0.107962
vn 0.68368 0.721752 -0.107962
vn 0.757707 0.643602 -0.107962
vn 0.822851 0.557907 -0.107962
vn 0.878348 0.465671 -0.107962
vn 0.923547 0.367975 -0.107962
vn 0.957918 0.265965 -0.107962
vn 0.981059 0.160836 -0.107962
vn 0.992697 0.0538225 -0.107962
vn 0.992697 -0.0538225 -0.107962
vn 0.981059 -0.160836 -0.107962
vn 0.957918 -0.265965 -0.107962
vn 0.923547 -0.367975 -0.107962
vn 0.878348 -0.465671 -0.107962
vn 0.822851 -0.557907 -0.107962
vn 0.311858 0.92556 -0.21467
vn 0.4101 0.886417 -0.21467
vn 0.503535 0.836881 -0.21467
vn 0.591066 0.777534 -0.21467
vn 0.671667 0.70907 -0.21467
vn 0.744394 0.632294 -0.21467
vn 0.808393 0.548104 -0.21467
vn 0.862914 0.457488 -0.21467
vn 0.907319 0.361509 -0.21467
vn 0.941086 0.261291 -0.21467
vn 0.96382 0.15801 -0.21467
vn 0.975254 0.0528768 -0.21467
vn 0.975254 -0.0528768 -0.21467
vn 0.96382 -0.15801 -0.21467
vn 0.941086 -0.261291 -0.21467
vn 0.907319 -0.361509 -0.21467
vn 0.862914 -0.457488 -0.21467
vn 0.808393 -0.548104 -0.21467
vn 0.744394 -0.632294 -0.21467
vn 0.302632 0.898181 -0.318881
vn 0.397969 0.860195 -0.318881
vn 0.488639 0.812125 -0.318881
vn 0.573581 0.754533 -0.318881
vn 0.651798 0.688095 -0.318881
vn 0.722373 0.613589 -0.318881
vn 0.784479 0.53189 -0.318881
vn 0.837388 0.443955 -0.318881
vn 0.880479 0.350815 -0.318881
vn 0.913248 0.253562 -0.318881
vn 0.935309 0.153336 -0.318881
vn 0.946405 0.0513126 -0.318881
vn 0.946405 -0.0513126 -0.318881
vn 0.935309 -0.153336 -0.318881
vn 0.913248 -0.253562 -0.318881
vn 0.880479 -0.350815 -0.318881
vn 0.837388 -0.443955 -0.318881
vn 0.784479 -0.53189 -0.318881
vn 0.722373 -0.613589 -0.318881
vn 0.651798 -0.688095 -0.318881
vn 0.289865 0.860289 -0.419382
vn 0.38118 0.823906 -0.419382
vn 0.468025 0.777864 -0.419382
vn 0.549383 0.722701 -0.419382
vn 0.6243 0.659066 -0.419382
vn 0.691898 0.587704 -0.419382
vn 0.751384 0.509451 -0.419382
vn 0.802061 0.425226 -0.419382
vn 0.843334 0.336015 -0.419382
vn 0.87472 0.242865 -0.419382
vn 0.895851 0.146867 -0.419382
vn 0.906479 0.0491478 -0.419382
vn 0.906479 -0.0491478 -0.419382
vn 0.895851 -0.146867 -0.419382
vn 0.87472 -0.242865 -0.419382
vn 0.843334 -0.336015 -0.419382
vn 0.802061 -0.425226 -0.419382
vn 0.751384 -0.509451 -0.419382
vn 0.691898 -0.587704 -0.419382
vn 0.6243 -0.659066 -0.419382
vn 0.549383 -0.722701 -0.419382
vn 0.273702 0.81232 -0.514998
vn 0.359925 0.777966 -0.514998
vn 0.441928 0.73449 -0.514998
vn 0.51875 0.682404 -0.514998
vn 0.58949 0.622317 -0.514998
vn 0.653319 0.554934 -0.514998
vn 0.709488 0.481045 -0.514998
vn 0.757339 0.401516 -0.514998
vn 0.796311 0.317279 -0.514998
vn 0.825947 0.229323 -0.514998
vn 0.845899 0.138678 -0.514998
vn 0.855934 0.0464074 -0.514998
vn 0.855934 -0.0464074 -0.514998
vn 0.845899 -0.138678 -0.514998
vn 0.825947 -0.229323 -0.514998
vn 0.796311 -0.317279 -0.514998
vn 0.757339 -0.401516 -0.514998
vn 0.709488 -0.481045 -0.514998
vn 0.653319 -0.554934 -0.514998
vn 0.58949 -0.622317 -0.514998
vn 0.51875 -0.682404 -0.514998
vn 0.441928 -0.73449 -0.514998
vn 0.207337 0.972229 0.108546
vn 0.206727 0.972419 0.108001
vn 0.107487 0.988327 0.107962
vn 0 0.994155 0.107962
vn 0.204291 0.954949 0.215261
vn 0.203704 0.955192 0.214738
vn 0.105598 0.970961 0.21467
vn 0 0.976687 0.21467
vn 0.198828 0.926508 0.319452
vn 0.198269 0.926795 0.318968
vn 0.102475 0.942239 0.318881
vn 0 0.947795 0.318881
vn 0.190995 0.887242 0.419907
vn 0.190469 0.887559 0.419476
vn 0.0981515 0.902488 0.419382
vn 0 0.90781 0.419382
vn 0.180872 0.837609 0.515457
vn 0.180382 0.837941 0.515089
vn 0.0926787 0.852166 0.514998
vn 0 0.857191 0.514998
vn 0.168562 0.778186 0.60499
vn 0.168112 0.778516 0.604691
vn 0.086119 0.791851 0.604611
vn 0 0.796521 0.604611
vn 0.154195 0.709663 0.687461
vn 0.153786 0.709974 0.687231
vn 0.0785484 0.72224 0.687167
vn 0 0.726499 0.687167
vn 0.119933 0.548592 0.827444
vn 0.137926 0.632834 0.761904
vn 0.137562 0.633112 0.761739
vn 0.0700544 0.64414 0.761693
vn 0 0.647938 0.761693
vn 0.060736 0.558458 0.827306
vn 0.119616 0.548825 0.827335
vn 0 0.561751 0.827306
vn -0.986827 0.161782 0
vn -0.998533 0.0541389 0
vn -0.96355 0.267528 0
vn -0.928977 0.370138 0
vn -0.883512 0.468408 0
vn -0.827689 0.561187 0
vn -0.762162 0.647386 0
vn -0.687699 0.725995 0
vn -0.605174 0.796093 0
vn -0.515554 0.856857 0
vn -0.419889 0.907575 0
vn -0.386316 0.407829 0.827306
vn -0.339957 0.447206 0.827306
vn -0.392115 0.515819 0.761693
vn -0.334047 0.55519 0.761693
vn -0.374549 0.622506 0.687167
vn -0.305049 0.659353 0.687167
vn -0.33445 0.722903 0.604611
vn -0.289613 0.481341 0.827306
vn -0.272062 0.588053 0.761693
vn -0.235873 0.509832 0.827306
vn 0.417435 0.902271 0.107962
vn 0.317435 0.942114 0.107962
vn 0.51254 0.851849 0.107962
vn 0.601637 0.79144 0.107962
vn 0.68368 0.721752 0.107962
vn 0.757707 0.643602 0.107962
vn 0.822851 0.557907 0.107962
vn 0.878348 0.465671 0.107962
vn 0.923547 0.367975 0.107962
vn 0.957918 0.265965 0.107962
vn 0.981059 0.160836 0.107962
vn 0.992697 0.0538225 0.107962
vn 0.33445 0.722903 -0.604611
vn 0.25433 0.754825 -0.604611
vn 0.374549 0.622506 -0.687167
vn 0.305049 0.659353 -0.687167
vn 0.410649 0.682504 -0.604611
vn 0.482034 0.634105 -0.604611
vn 0.547767 0.57827 -0.604611
vn 0.607078 0.515657 -0.604611
vn 0.659271 0.446997 -0.604611
vn 0.703736 0.373097 -0.604611
vn 0.739949 0.294823 -0.604611
vn 0.767488 0.213092 -0.604611
vn 0.786028 0.128863 -0.604611
vn 0.795353 0.0431228 -0.604611
vn 0.795353 -0.0431228 -0.604611
vn 0.786028 -0.128863 -0.604611
vn 0.767488 -0.213092 -0.604611
vn 0.739949 -0.294823 -0.604611
vn 0.703736 -0.373097 -0.604611
vn 0.659271 -0.446997 -0.604611
vn 0.607078 -0.515657 -0.604611
vn 0.547767 -0.57827 -0.604611
vn 0.482034 -0.634105 -0.604611
vn 0.410649 -0.682504 -0.604611
vn 0.33445 -0.722903 -0.604611
vn 0.439659 0.578361 -0.687167
vn 0.374549 0.622506 -0.687167
vn 0.499613 0.527435 -0.687167
vn 0.55371 0.470326 -0.687167
vn 0.601315 0.407702 -0.687167
vn 0.641871 0.340298 -0.687167
vn 0.674901 0.268905 -0.687167
vn 0.700018 0.194359 -0.687167
vn 0.716929 0.117534 -0.687167
vn 0.725434 0.0393319 -0.687167
vn 0.725434 -0.0393319 -0.687167
vn 0.716929 -0.117534 -0.687167
vn 0.700018 -0.194359 -0.687167
vn 0.674901 -0.268905 -0.687167
vn 0.641871 -0.340298 -0.687167
vn 0.601315 -0.407702 -0.687167
vn 0.55371 -0.470326 -0.687167
vn 0.499613 -0.527435 -0.687167
vn 0.439659 -0.578361 -0.687167
vn 0.374549 -0.622506 -0.687167
vn 0.305049 -0.659353 -0.687167
vn 0.496314 0.263129 0.827306
vn 0.521854 0.207926 0.827306
vn 0.601919 0.239827 0.761693
vn 0.624321 0.173342 0.761693
vn 0.700018 0.194359 0.687167
vn 0.716929 0.117534 0.687167
vn 0.786028 0.128863 0.604611
vn 0.795353 0.0431228 0.604611
vn 0.855934 0.0464074 0.514998
vn 0.855934 -0.0464074 0.514998
vn 0.906479 -0.0491478 0.419382
vn 0.895851 -0.146867 0.419382
vn 0.935309 -0.153336 0.318881
vn 0.913248 -0.253562 0.318881
vn 0.941086 -0.261291 0.21467
vn 0.907319 -0.361509 0.21467
vn 0.923547 -0.367975 0.107962
vn 0.878348 -0.465671 0.107962
vn 0.521854 0.207926 0.827306
vn 0.541276 0.150284 0.827306
vn 0.624321 0.173342 0.761693
vn 0.639403 0.104825 0.761693
vn 0.716929 0.117534 0.687167
vn 0.725434 0.0393319 0.687167
vn 0.795353 0.0431228 0.604611
vn 0.795353 -0.0431228 0.604611
vn 0.855934 -0.0464074 0.514998
vn 0.845899 -0.138678 0.514998
vn 0.895851 -0.146867 0.419382
vn 0.87472 -0.242865 0.419382
vn 0.913248 -0.253562 0.318881
vn 0.880479 -0.350815 0.318881
vn 0.907319 -0.361509 0.21467
vn 0.862914 -0.457488 0.21467
vn 0.878348 -0.465671 0.107962
vn 0.822851 -0.557907 0.107962
vn 0.541276 0.150284 0.827306
vn 0.554351 0.0908813 0.827306
vn 0.639403 0.104825 0.761693
vn 0.646988 0.0350787 0.761693
vn 0.725434 0.0393319 0.687167
vn 0.725434 -0.0393319 0.687167
vn 0.795353 -0.0431228 0.604611
vn 0.786028 -0.128863 0.604611
vn 0.845899 -0.138678 0.514998
vn 0.825947 -0.229323 0.514998
vn 0.87472 -0.242865 0.419382
vn 0.843334 -0.336015 0.419382
vn 0.880479 -0.350815 0.318881
vn 0.837388 -0.443955 0.318881
vn 0.862914 -0.457488 0.21467
vn 0.808393 -0.548104 0.21467
vn 0.822851 -0.557907 0.107962
vn 0.757707 -0.643602 0.107962
vn 0.541276 -0.150284 0.827306
vn 0.521854 -0.207926 0.827306
vn 0.601919 -0.239827 0.761693
vn 0.572461 -0.3035 0.761693
vn 0.641871 -0.340298 0.687167
vn 0.601315 -0.407702 0.687167
vn 0.659271 -0.446997 0.604611
vn 0.607078 -0.515657 0.604611
vn 0.653319 -0.554934 0.514998
vn 0.58949 -0.622317 0.514998
vn 0.6243 -0.659066 0.419382
vn 0.549383 -0.722701 0.419382
vn 0.573581 -0.754533 0.318881
vn 0.488639 -0.812125 0.318881
vn 0.503535 -0.836881 0.21467
vn 0.4101 -0.886417 0.21467
vn 0.417435 -0.902271 0.107962
vn 0.68368 -0.721752 -0.107962
vn 0.601637 -0.79144 -0.107962
vn 0.51254 -0.851849 -0.107962
vn 0.417435 -0.902271 -0.107962
vn 0.289613 -0.481341 0.827306
vn 0.235873 -0.509832 0.827306
vn 0.272062 -0.588053 0.761693
vn 0.503535 -0.836881 -0.21467
vn 0.591066 -0.777534 -0.21467
vn 0.488639 -0.812125 -0.318881
vn 0.397969 -0.860195 -0.318881
vn 0.38118 -0.823906 -0.419382
vn 0.4101 -0.886417 -0.21467
vn -0.272062 -0.588053 0.761693
vn -0.334047 -0.55519 0.761693
vn -0.392115 -0.515819 0.761693
vn -0.4101 -0.886417 0.21467
vn -0.503535 -0.836881 0.21467
vn -0.4101 -0.886417 -0.21467
vn -0.397969 -0.860195 -0.318881
vn -0.38118 -0.823906 -0.419382
vn -0.33445 -0.722903 -0.604611
vn -0.359925 -0.777966 -0.514998
vn -0.112485 -0.243133 -0.963449
vn -0.155614 -0.336354 -0.92879
vn -0.374549 -0.622506 0.687167
vn -0.305049 -0.659353 0.687167
vn -0.410649 -0.682504 0.604611
vn -0.482034 -0.634105 0.604611
vn -0.51875 -0.682404 0.514998
vn -0.58949 -0.622317 0.514998
vn -0.6243 -0.659066 0.419382
vn -0.691898 -0.587704 0.419382
vn -0.722373 -0.613589 0.318881
vn -0.784479 -0.53189 0.318881
vn -0.808393 -0.548104 0.21467
vn -0.862914 -0.457488 0.21467
vn -0.878348 -0.465671 0.107962
vn -0.923547 -0.367975 0.107962
vn -0.928977 -0.370138 0
vn -0.96355 -0.267528 0
vn -0.439659 -0.578361 0.687167
vn -0.499613 -0.527435 0.687167
vn -0.51254 -0.851849 0.107962
vn -0.417435 -0.902271 0.107962
vn -0.605174 -0.796093 0
vn -0.515554 -0.856857 -0
vn -0.601637 -0.79144 0.107962
vn -0.488639 -0.812125 -0.318881
vn -0.468025 -0.777864 -0.419382
vn -0.549383 -0.722701 -0.419382
vn -0.441928 -0.73449 -0.514998
vn -0.51875 -0.682404 -0.514998
vn -0.482034 -0.634105 -0.604611
vn -0.547767 -0.57827 -0.604611
vn -0.499613 -0.527435 -0.687167
vn -0.55371 -0.470326 -0.687167
vn -0.493834 -0.419466 -0.761693
vn -0.536291 -0.363614 -0.761693
vn -0.464955 -0.315248 -0.827306
vn -0.496314 -0.263129 -0.827306
vn -0.414319 -0.219658 -0.883227
vn -0.435639 -0.173575 -0.883227
vn -0.344285 -0.137176 -0.92879
vn -0.357099 -0.0991479 -0.92879
vn -0.258128 -0.071669 -0.963449
vn -0.264364 -0.0433403 -0.963449
vn -0.410649 -0.682504 -0.604611
vn -0.374549 -0.622506 -0.687167
vn -0.439659 -0.578361 -0.687167
vn -0.392115 -0.515819 -0.761693
vn -0.445587 -0.4704 -0.761693
vn -0.386316 -0.407829 -0.827306
vn -0.428146 -0.36367 -0.827306
vn -0.357412 -0.303589 -0.883227
vn -0.388141 -0.263166 -0.883227
vn -0.306747 -0.20798 -0.92879
vn -0.327436 -0.173596 -0.92879
vn -0.236687 -0.125483 -0.963449
vn -0.248866 -0.0991575 -0.963449
vn -0.150507 -0.0599673 -0.986789
vn -0.156108 -0.0433432 -0.986789
vn -0.138113 -0.229546 -0.963449
vn -0.482034 -0.634105 0.604611
vn -0.547767 -0.57827 0.604611
vn -0.58949 -0.622317 0.514998
vn -0.653319 -0.554934 0.514998
vn -0.691898 -0.587704 0.419382
vn -0.751384 -0.509451 0.419382
vn -0.784479 -0.53189 0.318881
vn -0.837388 -0.443955 0.318881
vn -0.862914 -0.457488 0.21467
vn -0.907319 -0.361509 0.21467
vn -0.923547 -0.367975 0.107962
vn -0.957918 -0.265965 0.107962
vn -0.96355 -0.267528 0
vn -0.986827 -0.161782 0
vn -0.687699 -0.725995 0
vn -0.547767 -0.57827 -0.604611
vn -0.58949 -0.622317 -0.514998
vn -0.607078 -0.515657 0.604611
vn -0.55371 -0.470326 -0.687167
vn -0.607078 -0.515657 -0.604611
vn -0.464955 -0.315248 0.827306
vn -0.428146 -0.36367 0.827306
vn -0.536291 -0.363614 0.761693
vn -0.572461 -0.3035 0.761693
vn -0.641871 -0.340298 0.687167
vn -0.674901 -0.268905 0.687167
vn -0.739949 -0.294823 0.604611
vn -0.767488 -0.213092 0.604611
vn -0.825947 -0.229323 0.514998
vn -0.845899 -0.138678 0.514998
vn -0.895851 -0.146867 0.419382
vn -0.496314 -0.263129 0.827306
vn -0.521854 -0.207926 0.827306
vn -0.541276 -0.150284 0.827306
vn -0.709488 -0.481045 0.514998
vn -0.751384 -0.509451 0.419382
vn -0.802061 -0.425226 0.419382
vn -0.837388 -0.443955 0.318881
vn -0.880479 -0.350815 0.318881
vn -0.907319 -0.361509 0.21467
vn -0.941086 -0.261291 0.21467
vn -0.957918 -0.265965 0.107962
vn -0.981059 -0.160836 0.107962
vn -0.986827 -0.161782 0
vn -0.601315 -0.407702 -0.687167
vn -0.536291 -0.363614 -0.761693
vn -0.572461 -0.3035 -0.761693
vn -0.496314 -0.263129 -0.827306
vn -0.521854 -0.207926 -0.827306
vn -0.435639 -0.173575 -0.883227
vn -0.451852 -0.125456 -0.883227
vn -0.357099 -0.0991479 -0.92879
vn -0.365725 -0.0599576 -0.92879
vn -0.264364 -0.0433403 -0.963449
vn -0.2675 -0.0145034 -0.963449
vn -0.572461 -0.3035 0.761693
vn -0.601919 -0.239827 0.761693
vn -0.674901 -0.268905 0.687167
vn -0.700018 -0.194359 0.687167
vn -0.767488 -0.213092 0.604611
vn -0.786028 -0.128863 0.604611
vn -0.845899 -0.138678 0.514998
vn -0.624321 -0.173342 0.761693
vn -0.639403 -0.104825 0.761693
vn -0.716929 -0.117534 0.687167
f 1//1 2//1 3//1
f 3//1 2//1 4//1
f 4//1 2//1 5//1
f 4//1 5//1 6//1
f 6//1 5//1 7//1
f 7//1 5//1 8//1
f 7//1 8//1 9//1
f 9//1 8//1 10//1
f 9//1 10//1 11//1
f 11//1 10//1 12//1
f 11//1 12//1 13//1
f 13//1 12//1 14//1
f 13//1 14//1 15//1
f 16//1 17//1 8//1
f 8//1 17//1 18//1
f 8//1 18//1 19//1
f 20//1 21//1 16//1
f 16//1 21//1 17//1
f 19//1 10//1 8//1
f 22//2 23//2 24//2
f 24//3 23//3 25//3
f 24//4 25//4 26//4
f 24//5 26//5 27//5
f 27//6 26//6 28//6
f 27//7 28//7 29//7
f 29//8 30//8 27//8
f 27//9 30//9 31//9
f 27//10 31//10 32//10
f 32//11 31//11 33//11
f 32//12 33//12 34//12
f 34//13 33//13 35//13
f 34//14 35//14 36//14
f 36//15 35//15 37//15
f 36//16 37//16 38//16
f 38//17 37//17 39//17
f 38//18 39//18 40//18
f 40//19 39//19 41//19
f 40//20 41//20 42//20
f 42//21 41//21 43//21
f 42//22 43//22 44//22
f 44//23 43//23 45//23
f 44//24 45//24 46//24
f 46//25 45//25 47//25
f 46//26 47//26 48//26
f 48//27 47//27 49//27
f 48//28 49//28 50//28
f 50//29 49//29 51//29
f 50//30 51//30 52//30
f 52//31 51//31 53//31
f 52//32 53//32 54//32
f 54//33 53//33 55//33
f 54//34 55//34 56//34
f 56//35 55//35 57//35
f 56//36 57//36 58//36
f 58//37 57//37 59//37
f 58//38 59//38 60//38
f 60//39 59//39 61//39
f 60//40 61//40 62//40
f 62//41 61//41 63//41
f 62//42 63//42 64//42
f 65//43 66//43 67//43
f 64//44 68//44 62//44
f 62//45 68//45 69//45
f 62//46 69//46 70//46
f 70//47 69//47 71//47
f 70//48 71//48 72//48
f 70//49 72//49 73//49
f 73//50 72//50 74//50
f 73//51 74//51 75//51
f 75//52 76//52 73//52
f 76//53 77//53 73//53
f 73//53 77//53 70//53
f 70//53 77//53 62//53
f 62//53 77//53 78//53
f 62//53 78//53 60//53
f 60//53 78//53 58//53
f 58//53 78//53 79//53
f 58//53 79//53 56//53
f 56//53 79//53 80//53
f 56//53 80//53 54//53
f 54//53 80//53 81//53
f 82//53 81//53 83//53
f 83//53 81//53 84//53
f 83//53 84//53 85//53
f 85//53 84//53 86//53
f 85//53 86//53 87//53
f 87//53 86//53 88//53
f 89//53 90//53 78//53
f 78//53 90//53 91//53
f 78//53 91//53 79//53
f 92//53 93//53 89//53
f 89//53 93//53 94//53
f 89//53 94//53 90//53
f 95//53 96//53 97//53
f 97//53 96//53 98//53
f 98//53 96//53 99//53
f 99//53 96//53 100//53
f 99//53 100//53 101//53
f 101//53 100//53 102//53
f 102//53 100//53 103//53
f 102//53 103//53 104//53
f 104//53 103//53 105//53
f 104//53 105//53 106//53
f 106//53 105//53 107//53
f 106//53 107//53 108//53
f 108//53 107//53 109//53
f 108//53 109//53 110//53
f 110//53 109//53 111//53
f 110//53 111//53 112//53
f 112//53 111//53 113//53
f 114//53 115//53 100//53
f 100//53 115//53 116//53
f 100//53 116//53 103//53
f 117//53 118//53 114//53
f 114//53 118//53 119//53
f 114//53 119//53 115//53
f 120//54 121//54 99//54
f 99//55 121//55 122//55
f 99//56 122//56 123//56
f 123//57 124//57 99//57
f 99//58 124//58 98//58
f 98//59 124//59 125//59
f 126//60 125//60 127//60
f 126//61 127//61 128//61
f 128//62 127//62 129//62
f 128//63 129//63 130//63
f 130//64 131//64 128//64
f 132//65 133//65 120//65
f 120//66 133//66 134//66
f 134//67 133//67 135//67
f 134//68 135//68 136//68
f 136//69 135//69 137//69
f 136//70 137//70 138//70
f 138//71 137//71 139//71
f 138//72 139//72 140//72
f 140//73 139//73 141//73
f 140//74 141//74 142//74
f 142//75 141//75 143//75
f 142//76 143//76 144//76
f 144//77 143//77 145//77
f 144//78 145//78 146//78
f 146//79 145//79 147//79
f 146//80 147//80 148//80
f 148//81 147//81 149//81
f 148//82 149//82 150//82
f 150//83 149//83 151//83
f 150//84 151//84 152//84
f 152//85 151//85 153//85
f 152//86 153//86 154//86
f 154//87 153//87 155//87
f 154//88 155//88 156//88
f 156//89 155//89 157//89
f 156//90 157//90 158//90
f 158//91 157//91 159//91
f 158//92 159//92 160//92
f 160//93 159//93 161//93
f 160//94 161//94 162//94
f 162//95 161//95 163//95
f 163//96 161//96 164//96
f 163//97 164//97 165//97
f 165//98 164//98 166//98
f 166//99 164//99 167//99
f 167//100 164//100 168//100
f 168//101 164//101 169//101
f 168//102 169//102 170//102
f 170//103 169//103 171//103
f 171//104 169//104 172//104
f 162//105 173//105 160//105
f 160//105 173//105 158//105
f 158//105 173//105 174//105
f 158//105 174//105 156//105
f 156//105 174//105 154//105
f 154//105 174//105 175//105
f 154//105 175//105 152//105
f 152//105 175//105 176//105
f 152//105 176//105 150//105
f 150//105 176//105 177//105
f 178//105 177//105 179//105
f 179//105 177//105 180//105
f 179//105 180//105 181//105
f 182//105 183//105 175//105
f 175//105 183//105 184//105
f 175//105 184//105 185//105
f 186//105 187//105 182//105
f 182//105 187//105 183//105
f 185//105 176//105 175//105
f 188//106 189//106 190//106
f 190//107 189//107 191//107
f 190//108 191//108 192//108
f 192//109 191//109 193//109
f 192//110 193//110 194//110
f 194//111 193//111 195//111
f 194//112 195//112 196//112
f 196//113 195//113 197//113
f 196//114 197//114 198//114
f 198//115 197//115 199//115
f 198//116 199//116 200//116
f 200//117 199//117 201//117
f 200//118 201//118 202//118
f 202//119 201//119 203//119
f 202//120 203//120 204//120
f 204//121 203//121 205//121
f 204//122 205//122 206//122
f 206//123 205//123 207//123
f 206//124 207//124 208//124
f 208//125 207//125 209//125
f 208//126 209//126 210//126
f 210//127 209//127 211//127
f 210//128 211//128 212//128
f 212//129 211//129 213//129
f 212//130 213//130 214//130
f 214//131 213//131 215//131
f 214//132 215//132 216//132
f 216//133 215//133 217//133
f 216//134 217//134 218//134
f 218//135 217//135 219//135
f 218//136 219//136 220//136
f 220//137 219//137 221//137
f 220//138 221//138 222//138
f 222//139 221//139 223//139
f 222//140 223//140 224//140
f 224//141 223//141 225//141
f 224//142 225//142 226//142
f 226//143 225//143 227//143
f 226//144 227//144 228//144
f 228//145 227//145 229//145
f 228//146 229//146 230//146
f 228//146 230//146 231//146
f 231//147 230//147 232//147
f 231//148 232//148 233//148
f 233//149 232//149 234//149
f 233//150 234//150 235//150
f 235//151 234//151 236//151
f 235//152 236//152 237//152
f 237//153 236//153 238//153
f 237//154 238//154 239//154
f 239//155 238//155 240//155
f 239//156 240//156 241//156
f 241//157 240//157 242//157
f 241//158 242//158 243//158
f 243//159 242//159 244//159
f 243//160 244//160 245//160
f 245//161 244//161 246//161
f 245//162 246//162 247//162
f 247//163 246//163 248//163
f 247//164 248//164 249//164
f 249//165 248//165 250//165
f 249//166 250//166 251//166
f 251//167 250//167 252//167
f 251//168 252//168 253//168
f 253//169 252//169 254//169
f 253//170 254//170 255//170
f 255//171 254//171 256//171
f 255//172 256//172 257//172
f 257//173 256//173 258//173
f 257//174 258//174 259//174
f 259//175 258//175 260//175
f 259//176 260//176 261//176
f 261//177 260//177 262//177
f 261//178 262//178 263//178
f 263//179 262//179 264//179
f 263//180 264//180 265//180
f 265//181 264//181 266//181
f 265//182 266//182 267//182
f 267//183 266//183 268//183
f 267//184 268//184 269//184
f 270//185 271//185 272//185
f 272//186 271//186 273//186
f 272//187 273//187 274//187
f 274//188 273//188 275//188
f 274//189 275//189 276//189
f 276//190 275//190 277//190
f 276//191 277//191 278//191
f 278//192 277//192 279//192
f 278//193 279//193 280//193
f 280//194 279//194 281//194
f 280//195 281//195 282//195
f 282//196 281//196 283//196
f 282//197 283//197 284//197
f 284//198 283//198 285//198
f 284//199 285//199 286//199
f 286//200 285//200 287//200
f 286//201 287//201 288//201
f 288//202 287//202 289//202
f 288//203 289//203 290//203
f 290//204 289//204 291//204
f 290//205 291//205 292//205
f 292//206 291//206 293//206
f 292//207 293//207 294//207
f 294//208 293//208 295//208
f 294//209 295//209 296//209
f 296//210 295//210 297//210
f 296//211 297//211 298//211
f 298//212 297//212 299//212
f 298//213 299//213 300//213
f 300//214 299//214 301//214
f 300//215 301//215 302//215
f 302//216 301//216 303//216
f 302//217 303//217 304//217
f 304//218 303//218 305//218
f 304//219 305//219 306//219
f 306//220 305//220 307//220
f 306//221 307//221 308//221
f 308//222 307//222 309//222
f 308//223 309//223 310//223
f 310//224 309//224 311//224
f 310//225 311//225 312//225
f 312//226 311//226 313//226
f 312//227 313//227 314//227
f 314//228 313//228 315//228
f 314//229 315//229 316//229
f 316//230 315//230 317//230
f 316//231 317//231 318//231
f 318//232 317//232 319//232
f 318//233 319//233 320//233
f 320//234 319//234 321//234
f 320//235 321//235 322//235
f 322//236 321//236 323//236
f 322//237 323//237 324//237
f 324//238 323//238 325//238
f 324//239 325//239 326//239
f 326//240 325//240 327//240
f 326//241 327//241 328//241
f 328//242 327//242 329//242
f 328//243 329//243 330//243
f 330//244 329//244 331//244
f 330//245 331//245 332//245
f 332//246 331//246 333//246
f 332//247 333//247 334//247
f 334//248 333//248 335//248
f 334//249 335//249 336//249
f 336//250 335//250 337//250
f 336//251 337//251 338//251
f 338//252 337//252 339//252
f 338//253 339//253 340//253
f 340//254 339//254 341//254
f 340//255 341//255 342//255
f 342//256 341//256 343//256
f 342//257 343//257 344//257
f 344//258 343//258 345//258
f 344//259 345//259 346//259
f 346//260 345//260 347//260
f 346//261 347//261 348//261
f 348//262 347//262 349//262
f 348//263 349//263 350//263
f 350//264 349//264 351//264
f 350//265 351//265 352//265
f 352//266 351//266 353//266
f 354//267 355//267 356//267
f 356//267 355//267 357//267
f 356//267 357//267 358//267
f 358//267 357//267 359//267
f 358//267 359//267 360//267
f 360//267 359//267 361//267
f 360//267 361//267 362//267
f 362//267 361//267 363//267
f 362//267 363//267 364//267
f 364//267 363//267 365//267
f 364//267 365//267 366//267
f 366//267 365//267 367//267
f 366//267 367//267 368//267
f 368//267 367//267 369//267
f 368//267 369//267 370//267
f 370//267 369//267 371//267
f 370//267 371//267 372//267
f 372//267 371//267 373//267
f 372//267 373//267 374//267
f 374//267 373//267 375//267
f 355//267 354//267 376//267
f 376//267 354//267 377//267
f 376//267 377//267 378//267
f 378//267 377//267 379//267
f 378//267 379//267 380//267
f 380//267 379//267 381//267
f 380//267 381//267 382//267
f 382//267 381//267 383//267
f 382//267 383//267 384//267
f 384//267 383//267 385//267
f 384//267 385//267 386//267
f 386//267 385//267 387//267
f 386//267 387//267 388//267
f 388//267 387//267 389//267
f 388//267 389//267 390//267
f 390//267 389//267 391//267
f 390//267 391//267 392//267
f 393//268 394//268 395//268
f 395//269 394//269 396//269
f 395//270 396//270 397//270
f 397//271 396//271 398//271
f 397//272 398//272 399//272
f 399//273 398//273 400//273
f 399//274 400//274 401//274
f 401//275 400//275 402//275
f 401//276 402//276 403//276
f 403//277 402//277 404//277
f 403//278 404//278 405//278
f 405//279 404//279 406//279
f 405//280 406//280 407//280
f 407//281 406//281 408//281
f 407//282 408//282 409//282
f 409//283 408//283 410//283
f 409//284 410//284 411//284
f 411//285 410//285 412//285
f 411//286 412//286 413//286
f 413//287 412//287 414//287
f 413//288 414//288 415//288
f 394//289 393//289 396//289
f 396//290 393//290 416//290
f 396//291 416//291 417//291
f 417//292 416//292 418//292
f 417//293 418//293 419//293
f 419//294 418//294 416//294
f 420//295 421//295 419//295
f 419//296 421//296 422//296
f 419//297 422//297 417//297
f 417//298 422//298 423//298
f 417//299 423//299 424//299
f 424//300 423//300 425//300
f 424//301 425//301 426//301
f 426//302 425//302 427//302
f 426//303 427//303 428//303
f 428//304 427//304 429//304
f 428//305 429//305 430//305
f 430//306 429//306 431//306
f 430//307 431//307 432//307
f 432//308 431//308 433//308
f 432//309 433//309 434//309
f 434//310 433//310 435//310
f 434//311 435//311 436//311
f 436//312 435//312 437//312
f 436//313 437//313 438//313
f 438//314 437//314 439//314
f 438//315 439//315 440//315
f 440//316 439//316 441//316
f 440//317 441//317 442//317
f 442//318 441//318 443//318
f 442//319 443//319 444//319
f 421//320 420//320 422//320
f 422//321 420//321 445//321
f 422//322 445//322 446//322
f 446//323 445//323 447//323
f 446//324 447//324 448//324
f 448//325 447//325 449//325
f 448//326 449//326 450//326
f 451//327 452//327 450//327
f 450//328 452//328 453//328
f 450//329 453//329 448//329
f 448//330 453//330 454//330
f 448//331 454//331 455//331
f 455//332 454//332 456//332
f 455//333 456//333 457//333
f 457//334 456//334 458//334
f 457//335 458//335 459//335
f 459//336 458//336 460//336
f 459//337 460//337 461//337
f 461//338 460//338 462//338
f 461//339 462//339 463//339
f 463//340 462//340 464//340
f 463//341 464//341 465//341
f 465//342 464//342 466//342
f 465//343 466//343 467//343
f 467//344 466//344 468//344
f 467//345 468//345 469//345
f 469//346 468//346 470//346
f 469//347 470//347 471//347
f 471//348 470//348 472//348
f 471//349 472//349 473//349
f 473//350 472//350 474//350
f 473//351 474//351 475//351
f 475//352 474//352 476//352
f 475//353 476//353 477//353
f 477//354 476//354 478//354
f 477//355 478//355 479//355
f 479//356 478//356 480//356
f 479//357 480//357 481//357
f 482//358 483//358 484//358
f 484//359 483//359 485//359
f 484//360 485//360 486//360
f 484//360 486//360 487//360
f 487//361 486//361 488//361
f 487//362 488//362 489//362
f 489//363 488//363 490//363
f 489//364 490//364 491//364
f 491//365 490//365 492//365
f 491//366 492//366 493//366
f 493//366 492//366 494//366
f 493//367 494//367 495//367
f 495//367 494//367 496//367
f 495//368 496//368 497//368
f 497//368 496//368 498//368
f 497//369 498//369 499//369
f 499//369 498//369 500//369
f 499//370 500//370 501//370
f 501//370 500//370 502//370
f 501//371 502//371 503//371
f 503//371 502//371 504//371
f 503//372 504//372 505//372
f 505//372 504//372 506//372
f 505//373 506//373 507//373
f 507//373 506//373 508//373
f 507//374 508//374 509//374
f 509//374 508//374 510//374
f 509//375 510//375 511//375
f 511//375 510//375 512//375
f 511//376 512//376 513//376
f 513//376 512//376 514//376
f 513//377 514//377 515//377
f 515//377 514//377 516//377
f 515//378 516//378 517//378
f 517//378 516//378 518//378
f 517//379 518//379 519//379
f 519//379 518//379 520//379
f 519//380 520//380 521//380
f 521//380 520//380 522//380
f 521//381 522//381 523//381
f 523//381 522//381 524//381
f 523//382 524//382 525//382
f 525//382 524//382 526//382
f 525//383 526//383 527//383
f 527//383 526//383 528//383
f 527//384 528//384 529//384
f 529//384 528//384 530//384
f 529//385 530//385 531//385
f 531//385 530//385 532//385
f 531//386 532//386 533//386
f 533//386 532//386 534//386
f 533//387 534//387 535//387
f 535//387 534//387 536//387
f 535//388 536//388 537//388
f 537//388 536//388 538//388
f 537//389 538//389 539//389
f 539//389 538//389 540//389
f 539//390 540//390 541//390
f 541//391 540//391 542//391
f 541//392 542//392 543//392
f 543//393 542//393 540//393
f 543//394 540//394 544//394
f 544//395 540//395 545//395
f 544//396 545//396 546//396
f 546//397 545//397 547//397
f 546//398 547//398 544//398
f 548//399 549//399 550//399
f 550//400 549//400 551//400
f 550//401 551//401 552//401
f 552//402 551//402 553//402
f 552//403 553//403 554//403
f 554//404 553//404 555//404
f 554//405 555//405 556//405
f 554//406 556//406 557//406
f 557//407 556//407 558//407
f 557//408 558//408 559//408
f 557//409 559//409 560//409
f 560//410 559//410 561//410
f 560//411 561//411 562//411
f 562//412 561//412 563//412
f 562//413 563//413 564//413
f 564//414 563//414 565//414
f 564//415 565//415 566//415
f 566//416 565//416 567//416
f 566//417 567//417 568//417
f 568//418 567//418 569//418
f 568//419 569//419 570//419
f 570//420 569//420 571//420
f 570//421 571//421 572//421
f 572//422 571//422 573//422
f 572//423 573//423 574//423
f 574//424 573//424 575//424
f 574//425 575//425 576//425
f 576//426 575//426 577//426
f 576//427 577//427 578//427
f 578//428 577//428 579//428
f 578//429 579//429 580//429
f 580//430 579//430 581//430
f 580//431 581//431 582//431
f 582//432 581//432 583//432
f 582//433 583//433 584//433
f 561//434 585//434 563//434
f 563//435 585//435 586//435
f 563//436 586//436 565//436
f 565//437 586//437 587//437
f 565//438 587//438 567//438
f 567//439 587//439 588//439
f 567//440 588//440 569//440
f 569//441 588//441 589//441
f 569//442 589//442 571//442
f 571//443 589//443 590//443
f 571//444 590//444 573//444
f 573//445 590//445 591//445
f 573//446 591//446 575//446
f 575//447 591//447 592//447
f 575//448 592//448 577//448
f 577//449 592//449 593//449
f 577//450 593//450 579//450
f 579//451 593//451 594//451
f 579//452 594//452 581//452
f 581//453 594//453 595//453
f 581//454 595//454 583//454
f 583//455 595//455 596//455
f 583//456 596//456 584//456
f 585//457 597//457 586//457
f 586//458 597//458 598//458
f 586//459 598//459 587//459
f 587//460 598//460 599//460
f 587//461 599//461 588//461
f 588//462 599//462 600//462
f 588//463 600//463 589//463
f 589//464 600//464 601//464
f 589//465 601//465 590//465
f 590//466 601//466 602//466
f 590//467 602//467 591//467
f 591//468 602//468 603//468
f 591//469 603//469 592//469
f 592//470 603//470 604//470
f 592//471 604//471 593//471
f 593//472 604//472 605//472
f 593//473 605//473 594//473
f 594//474 605//474 606//474
f 594//475 606//475 595//475
f 595//476 606//476 607//476
f 595//477 607//477 596//477
f 596//478 607//478 608//478
f 596//479 608//479 584//479
f 597//480 609//480 598//480
f 598//481 609//481 610//481
f 598//482 610//482 599//482
f 599//483 610//483 611//483
f 599//484 611//484 600//484
f 600//485 611//485 612//485
f 600//486 612//486 601//486
f 601//487 612//487 613//487
f 601//488 613//488 602//488
f 602//489 613//489 614//489
f 602//490 614//490 603//490
f 603//491 614//491 615//491
f 603//492 615//492 604//492
f 604//493 615//493 616//493
f 604//494 616//494 605//494
f 605//495 616//495 617//495
f 605//496 617//496 606//496
f 606//497 617//497 618//497
f 606//498 618//498 607//498
f 607//499 618//499 619//499
f 607//500 619//500 608//500
f 608//501 619//501 620//501
f 608//502 620//502 621//502
f 609//503 622//503 610//503
f 610//504 622//504 611//504
f 623//505 624//505 625//505
f 625//506 624//506 626//506
f 625//507 626//507 627//507
f 627//508 626//508 628//508
f 627//508 628//508 629//508
f 629//509 628//509 630//509
f 629//509 630//509 631//509
f 631//510 630//510 632//510
f 631//510 632//510 633//510
f 633//511 632//511 634//511
f 633//511 634//511 635//511
f 635//512 634//512 636//512
f 635//512 636//512 637//512
f 637//513 636//513 638//513
f 637//513 638//513 639//513
f 639//514 638//514 640//514
f 639//514 640//514 641//514
f 641//515 640//515 642//515
f 641//515 642//515 643//515
f 643//516 642//516 644//516
f 643//516 644//516 645//516
f 645//517 644//517 646//517
f 645//518 646//518 647//518
f 623//519 648//519 624//519
f 624//520 648//520 649//520
f 624//521 649//521 650//521
f 650//521 649//521 651//521
f 650//522 651//522 652//522
f 652//522 651//522 653//522
f 652//523 653//523 654//523
f 654//523 653//523 655//523
f 654//524 655//524 656//524
f 656//524 655//524 657//524
f 656//525 657//525 658//525
f 658//525 657//525 659//525
f 658//526 659//526 660//526
f 660//526 659//526 661//526
f 660//527 661//527 662//527
f 662//527 661//527 663//527
f 662//528 663//528 664//528
f 664//528 663//528 665//528
f 664//529 665//529 666//529
f 666//529 665//529 667//529
f 666//530 667//530 668//530
f 668//530 667//530 669//530
f 668//531 669//531 670//531
f 670//531 669//531 671//531
f 670//532 671//532 672//532
f 672//532 671//532 673//532
f 672//533 673//533 674//533
f 674//533 673//533 675//533
f 674//534 675//534 676//534
f 676//534 675//534 677//534
f 676//535 677//535 678//535
f 678//535 677//535 679//535
f 678//536 679//536 680//536
f 680//536 679//536 681//536
f 680//537 681//537 682//537
f 682//537 681//537 683//537
f 682//538 683//538 684//538
f 684//538 683//538 685//538
f 684//539 685//539 686//539
f 686//539 685//539 687//539
f 686//540 687//540 688//540
f 688//540 687//540 689//540
f 688//541 689//541 690//541
f 690//541 689//541 691//541
f 690//542 691//542 692//542
f 692//542 691//542 693//542
f 692//543 693//543 694//543
f 695//544 696//544 697//544
f 697//545 696//545 698//545
f 697//546 698//546 699//546
f 699//546 698//546 700//546
f 699//547 700//547 701//547
f 701//547 700//547 702//547
f 701//548 702//548 703//548
f 703//548 702//548 704//548
f 703//549 704//549 705//549
f 705//549 704//549 706//549
f 705//550 706//550 707//550
f 707//550 706//550 708//550
f 707//551 708//551 709//551
f 709//551 708//551 710//551
f 709//552 710//552 711//552
f 711//552 710//552 712//552
f 711//553 712//553 713//553
f 713//553 712//553 714//553
f 713//554 714//554 715//554
f 715//554 714//554 716//554
f 715//555 716//555 717//555
f 717//555 716//555 718//555
f 717//556 718//556 719//556
f 719//556 718//556 720//556
f 719//557 720//557 721//557
f 721//557 720//557 722//557
f 721//558 722//558 723//558
f 723//558 722//558 724//558
f 723//559 724//559 725//559
f 725//559 724//559 726//559
f 725//560 726//560 727//560
f 727//560 726//560 728//560
f 727//561 728//561 729//561
f 729//561 728//561 730//561
f 729//562 730//562 731//562
f 731//562 730//562 732//562
f 731//563 732//563 733//563
f 733//563 732//563 734//563
f 733//564 734//564 735//564
f 735//564 734//564 736//564
f 735//565 736//565 737//565
f 737//565 736//565 738//565
f 737//566 738//566 739//566
f 739//566 738//566 740//566
f 739//567 740//567 741//567
f 742//568 743//568 744//568
f 744//569 743//569 745//569
f 744//570 745//570 746//570
f 746//571 745//571 747//571
f 746//572 747//572 748//572
f 746//573 748//573 749//573
f 749//574 748//574 750//574
f 749//575 750//575 751//575
f 751//576 750//576 752//576
f 751//577 752//577 753//577
f 753//578 752//578 754//578
f 753//579 754//579 755//579
f 755//580 754//580 756//580
f 755//581 756//581 757//581
f 757//582 756//582 758//582
f 757//583 758//583 759//583
f 759//584 758//584 760//584
f 759//585 760//585 761//585
f 761//586 760//586 762//586
f 761//587 762//587 763//587
f 763//588 762//588 764//588
f 763//589 764//589 765//589
f 765//590 764//590 766//590
f 765//591 766//591 767//591
f 767//592 766//592 768//592
f 767//593 768//593 769//593
f 750//594 770//594 752//594
f 752//595 770//595 771//595
f 752//596 771//596 754//596
f 754//597 771//597 772//597
f 754//598 772//598 756//598
f 756//599 772//599 773//599
f 756//600 773//600 758//600
f 758//601 773//601 774//601
f 758//602 774//602 760//602
f 760//603 774//603 775//603
f 760//604 775//604 762//604
f 762//605 775//605 776//605
f 762//606 776//606 764//606
f 764//607 776//607 777//607
f 764//608 777//608 766//608
f 766//609 777//609 778//609
f 766//610 778//610 768//610
f 768//611 778//611 779//611
f 768//612 779//612 769//612
f 770//613 780//613 771//613
f 771//614 780//614 781//614
f 771//615 781//615 772//615
f 772//616 781//616 782//616
f 772//617 782//617 773//617
f 773//618 782//618 783//618
f 773//619 783//619 774//619
f 774//620 783//620 784//620
f 774//621 784//621 775//621
f 775//622 784//622 785//622
f 775//623 785//623 776//623
f 776//624 785//624 786//624
f 776//625 786//625 777//625
f 777//626 786//626 787//626
f 777//627 787//627 778//627
f 778//628 787//628 788//628
f 778//629 788//629 779//629
f 779//630 788//630 789//630
f 779//631 789//631 769//631
f 780//632 790//632 781//632
f 781//633 790//633 791//633
f 781//634 791//634 782//634
f 782//635 791//635 792//635
f 782//636 792//636 783//636
f 783//637 792//637 793//637
f 783//638 793//638 784//638
f 784//639 793//639 794//639
f 784//640 794//640 785//640
f 785//641 794//641 795//641
f 785//642 795//642 786//642
f 786//643 795//643 796//643
f 786//644 796//644 787//644
f 787//645 796//645 797//645
f 787//646 797//646 788//646
f 788//647 797//647 798//647
f 788//648 798//648 789//648
f 789//649 798//649 799//649
f 789//650 799//650 800//650
f 790//651 801//651 791//651
f 791//652 801//652 802//652
f 791//653 802//653 792//653
f 792//654 802//654 803//654
f 792//655 803//655 793//655
f 793//656 803//656 804//656
f 793//657 804//657 794//657
f 794//658 804//658 805//658
f 794//659 805//659 795//659
f 795//660 805//660 806//660
f 795//661 806//661 796//661
f 796//662 806//662 807//662
f 796//663 807//663 797//663
f 797//664 807//664 808//664
f 797//665 808//665 798//665
f 798//666 808//666 809//666
f 798//667 809//667 799//667
f 799//668 809//668 810//668
f 799//669 810//669 800//669
f 802//670 801//670 811//670
f 811//671 801//671 812//671
f 811//672 812//672 813//672
f 811//673 813//673 814//673
f 814//674 813//674 815//674
f 814//675 815//675 816//675
f 816//676 815//676 817//676
f 816//677 817//677 818//677
f 819//678 820//678 821//678
f 821//679 820//679 822//679
f 821//680 822//680 823//680
f 823//681 822//681 824//681
f 823//682 824//682 825//682
f 825//683 824//683 826//683
f 825//684 826//684 827//684
f 827//685 826//685 828//685
f 827//686 828//686 829//686
f 829//687 828//687 830//687
f 829//688 830//688 831//688
f 831//689 830//689 832//689
f 831//690 832//690 833//690
f 833//691 832//691 834//691
f 833//692 834//692 835//692
f 835//693 834//693 836//693
f 835//694 836//694 837//694
f 837//695 836//695 838//695
f 837//696 838//696 839//696
f 839//697 838//697 840//697
f 839//698 840//698 841//698
f 841//699 840//699 842//699
f 841//700 842//700 843//700
f 843//701 842//701 844//701
f 843//702 844//702 845//702
f 845//703 844//703 846//703
f 845//704 846//704 847//704
f 847//705 846//705 848//705
f 847//706 848//706 849//706
f 849//707 848//707 850//707
f 849//708 850//708 851//708
f 851//709 850//709 852//709
f 851//710 852//710 853//710
f 853//711 852//711 854//711
f 853//712 854//712 855//712
f 855//713 854//713 856//713
f 855//714 856//714 857//714
f 857//715 856//715 858//715
f 857//716 858//716 859//716
f 859//717 858//717 860//717
f 859//718 860//718 861//718
f 861//719 860//719 862//719
f 861//720 862//720 863//720
f 863//721 862//721 864//721
f 863//722 864//722 865//722
f 865//723 864//723 866//723
f 867//724 868//724 869//724
f 869//725 868//725 870//725
f 869//726 870//726 871//726
f 869//726 871//726 872//726
f 872//727 871//727 873//727
f 872//728 873//728 874//728
f 874//729 873//729 875//729
f 876//730 877//730 878//730
f 878//731 877//731 879//731
f 878//732 879//732 880//732
f 880//733 879//733 881//733
f 880//733 881//733 882//733
f 882//734 881//734 883//734
f 882//734 883//734 884//734
f 884//735 883//735 885//735
f 884//735 885//735 886//735
f 886//736 885//736 887//736
f 886//736 887//736 888//736
f 888//737 887//737 889//737
f 888//737 889//737 890//737
f 890//738 889//738 891//738
f 890//738 891//738 892//738
f 892//739 891//739 893//739
f 892//739 893//739 894//739
f 894//740 893//740 895//740
f 894//740 895//740 896//740
f 896//741 895//741 897//741
f 896//741 897//741 898//741
f 898//742 897//742 899//742
f 898//742 899//742 900//742
f 877//743 876//743 901//743
f 901//744 876//744 902//744
f 901//745 902//745 903//745
f 903//746 902//746 904//746
f 903//747 904//747 905//747
f 905//748 904//748 906//748
f 905//749 906//749 907//749
f 907//750 906//750 908//750
f 907//751 908//751 909//751
f 909//752 908//752 910//752
f 909//753 910//753 911//753
f 911//754 910//754 912//754
f 911//755 912//755 913//755
f 913//756 912//756 914//756
f 913//757 914//757 915//757
f 915//758 914//758 916//758
f 915//759 916//759 917//759
f 917//760 916//760 918//760
f 917//761 918//761 919//761
f 919//762 918//762 920//762
f 919//763 920//763 921//763
f 902//764 922//764 904//764
f 904//765 922//765 923//765
f 904//766 923//766 906//766
f 906//767 923//767 924//767
f 906//768 924//768 908//768
f 908//769 924//769 925//769
f 908//770 925//770 910//770
f 910//771 925//771 926//771
f 910//772 926//772 912//772
f 912//773 926//773 927//773
f 912//774 927//774 914//774
f 914//775 927//775 928//775
f 914//776 928//776 916//776
f 916//777 928//777 929//777
f 916//778 929//778 918//778
f 918//779 929//779 930//779
f 918//780 930//780 920//780
f 922//781 931//781 923//781
f 923//782 931//782 932//782
f 923//783 932//783 924//783
f 924//784 932//784 933//784
f 924//785 933//785 925//785
f 925//786 933//786 934//786
f 925//787 934//787 926//787
f 926//788 934//788 935//788
f 926//789 935//789 927//789
f 927//790 935//790 936//790
f 927//791 936//791 928//791
f 928//792 936//792 937//792
f 928//793 937//793 929//793
f 929//794 937//794 938//794
f 929//795 938//795 930//795
f 931//796 939//796 932//796
f 932//797 939//797 940//797
f 932//784 940//784 933//784
f 933//798 940//798 941//798
f 933//786 941//786 934//786
f 934//799 941//799 942//799
f 934//788 942//788 935//788
f 935//800 942//800 943//800
f 935//790 943//790 936//790
f 936//801 943//801 944//801
f 936//792 944//792 937//792
f 937//802 944//802 945//802
f 937//794 945//794 938//794
f 940//803 939//803 946//803
f 946//804 939//804 947//804
f 946//805 947//805 948//805
f 948//806 947//806 949//806
f 948//807 949//807 950//807
f 950//808 949//808 951//808
f 950//809 951//809 952//809
f 952//810 951//810 953//810
f 952//811 953//811 954//811
f 949//812 955//812 951//812
f 951//813 955//813 956//813
f 951//810 956//810 953//810
f 955//814 957//814 956//814
f 958//815 959//815 960//815
f 960//816 959//816 961//816
f 960//817 961//817 962//817
f 962//818 961//818 963//818
f 962//818 963//818 964//818
f 964//819 963//819 965//819
f 964//819 965//819 966//819
f 966//820 965//820 967//820
f 966//820 967//820 968//820
f 968//821 967//821 969//821
f 968//821 969//821 970//821
f 970//822 969//822 971//822
f 970//822 971//822 972//822
f 972//823 971//823 973//823
f 972//823 973//823 974//823
f 974//824 973//824 975//824
f 974//824 975//824 976//824
f 976//825 975//825 977//825
f 976//825 977//825 978//825
f 978//826 977//826 979//826
f 978//826 979//826 980//826
f 959//827 958//827 981//827
f 981//828 958//828 982//828
f 981//829 982//829 983//829
f 984//830 985//830 986//830
f 986//831 985//831 987//831
f 986//832 987//832 988//832
f 988//833 987//833 989//833
f 988//834 989//834 990//834
f 990//835 989//835 991//835
f 990//836 991//836 992//836
f 992//837 991//837 993//837
f 992//838 993//838 994//838
f 994//839 993//839 995//839
f 994//840 995//840 996//840
f 996//841 995//841 997//841
f 996//842 997//842 998//842
f 998//843 997//843 999//843
f 998//844 999//844 1000//844
f 1000//845 999//845 1001//845
f 1000//846 1001//846 1002//846
f 1002//847 1001//847 1003//847
f 1002//848 1003//848 1004//848
f 1004//849 1003//849 1005//849
f 985//850 1006//850 987//850
f 987//851 1006//851 1007//851
f 987//852 1007//852 989//852
f 989//853 1007//853 1008//853
f 989//854 1008//854 991//854
f 991//855 1008//855 1009//855
f 991//856 1009//856 993//856
f 993//857 1009//857 1010//857
f 993//858 1010//858 995//858
f 995//859 1010//859 1011//859
f 995//860 1011//860 997//860
f 997//861 1011//861 1012//861
f 997//862 1012//862 999//862
f 999//863 1012//863 1013//863
f 999//864 1013//864 1001//864
f 1001//865 1013//865 1014//865
f 1001//866 1014//866 1003//866
f 1003//867 1014//867 1015//867
f 1003//868 1015//868 1005//868
f 1005//869 1015//869 1016//869
f 1006//870 1017//870 1007//870
f 1007//871 1017//871 1018//871
f 1007//872 1018//872 1008//872
f 1008//873 1018//873 1019//873
f 1008//874 1019//874 1009//874
f 1009//875 1019//875 1020//875
f 1009//876 1020//876 1010//876
f 1010//877 1020//877 1021//877
f 1010//878 1021//878 1011//878
f 1011//879 1021//879 1022//879
f 1011//880 1022//880 1012//880
f 1012//881 1022//881 1023//881
f 1012//882 1023//882 1013//882
f 1013//883 1023//883 1024//883
f 1013//884 1024//884 1014//884
f 1014//885 1024//885 1025//885
f 1014//886 1025//886 1015//886
f 1015//887 1025//887 1026//887
f 1015//888 1026//888 1016//888
f 1016//889 1026//889 1027//889
f 1018//890 1017//890 1028//890
f 1028//891 1017//891 1029//891
f 1028//892 1029//892 1030//892
f 1030//893 1029//893 1031//893
f 1030//894 1031//894 1032//894
f 1032//895 1031//895 1033//895
f 1032//896 1033//896 1034//896
f 1034//897 1033//897 1035//897
f 1034//898 1035//898 1036//898
f 1036//899 1035//899 1037//899
f 1036//900 1037//900 1038//900
f 1038//901 1037//901 1039//901
f 1038//902 1039//902 1040//902
f 1040//903 1039//903 1041//903
f 1040//904 1041//904 1042//904
f 1042//905 1041//905 1043//905
f 1042//906 1043//906 1044//906
f 1044//907 1043//907 1045//907
f 1044//908 1045//908 1046//908
f 1046//909 1045//909 1047//909
f 1046//910 1047//910 1048//910
f 1048//911 1047//911 1049//911
f 1048//912 1049//912 1050//912
f 1050//913 1049//913 1051//913
f 1031//914 1052//914 1033//914
f 1033//915 1052//915 1053//915
f 1033//916 1053//916 1035//916
f 1035//917 1053//917 1054//917
f 1035//918 1054//918 1037//918
f 1037//919 1054//919 1055//919
f 1037//920 1055//920 1039//920
f 1039//921 1055//921 1056//921
f 1039//922 1056//922 1041//922
f 1041//923 1056//923 1057//923
f 1041//924 1057//924 1043//924
f 1043//925 1057//925 1058//925
f 1043//926 1058//926 1045//926
f 1045//927 1058//927 1059//927
f 1045//928 1059//928 1047//928
f 1047//929 1059//929 1060//929
f 1047//930 1060//930 1049//930
f 1049//931 1060//931 1061//931
f 1049//932 1061//932 1051//932
f 1051//933 1061//933 1062//933
f 1052//934 1063//934 1053//934
f 1053//935 1063//935 1064//935
f 1053//936 1064//936 1054//936
f 1054//937 1064//937 1065//937
f 1054//938 1065//938 1055//938
f 1055//939 1065//939 1066//939
f 1055//940 1066//940 1056//940
f 1056//941 1066//941 1067//941
f 1056//942 1067//942 1057//942
f 1057//943 1067//943 1068//943
f 1057//944 1068//944 1058//944
f 1058//945 1068//945 1069//945
f 1058//946 1069//946 1059//946
f 1059//947 1069//947 1070//947
f 1059//948 1070//948 1060//948
f 1060//949 1070//949 1071//949
f 1060//950 1071//950 1061//950
f 1061//951 1071//951 1072//951
f 1061//952 1072//952 1062//952
f 1062//953 1072//953 1073//953
f 1063//954 1074//954 1064//954
f 1064//955 1074//955 1075//955
f 1064//956 1075//956 1065//956
f 1065//957 1075//957 1076//957
f 1065//958 1076//958 1066//958
f 1066//959 1076//959 1077//959
f 1066//960 1077//960 1067//960
f 1067//961 1077//961 1078//961
f 1067//962 1078//962 1068//962
f 1068//963 1078//963 1079//963
f 1068//964 1079//964 1069//964
f 1069//965 1079//965 1080//965
f 1069//966 1080//966 1070//966
f 1070//967 1080//967 1081//967
f 1070//968 1081//968 1071//968
f 1071//969 1081//969 1082//969
f 1071//970 1082//970 1072//970
f 1072//971 1082//971 1083//971
f 1072//972 1083//972 1073//972
f 1073//973 1083//973 1084//973
f 1075//974 1074//974 1085//974
f 1085//975 1074//975 1086//975
f 1085//976 1086//976 1087//976
f 1087//977 1086//977 1088//977
f 1087//978 1088//978 1089//978
f 1089//979 1088//979 1090//979
f 1089//980 1090//980 1091//980
f 1091//981 1090//981 1092//981
f 1091//982 1092//982 1093//982
f 1093//983 1092//983 1094//983
f 1093//984 1094//984 1095//984
f 1095//985 1094//985 1096//985
f 1095//986 1096//986 1097//986
f 1097//987 1096//987 1098//987
f 1097//988 1098//988 1099//988
f 1099//989 1098//989 1100//989
f 1099//990 1100//990 1101//990
f 1101//991 1100//991 1102//991
f 1101//992 1102//992 1103//992
f 1103//993 1102//993 1104//993
f 1103//994 1104//994 1105//994
f 1105//995 1104//995 1106//995
f 1105//996 1106//996 1107//996
f 1107//997 1106//997 1108//997
f 1088//998 1109//998 1090//998
f 1090//999 1109//999 1110//999
f 1090//1000 1110//1000 1092//1000
f 1092//1001 1110//1001 1111//1001
f 1092//1002 1111//1002 1094//1002
f 1094//1003 1111//1003 1112//1003
f 1094//1004 1112//1004 1096//1004
f 1096//1005 1112//1005 1113//1005
f 1096//1006 1113//1006 1098//1006
f 1098//1007 1113//1007 1114//1007
f 1098//1008 1114//1008 1100//1008
f 1100//1009 1114//1009 1115//1009
f 1100//1010 1115//1010 1102//1010
f 1102//1011 1115//1011 1116//1011
f 1102//1012 1116//1012 1104//1012
f 1104//1013 1116//1013 1117//1013
f 1104//1014 1117//1014 1106//1014
f 1106//1015 1117//1015 1118//1015
f 1106//1016 1118//1016 1108//1016
f 1108//1017 1118//1017 1119//1017
f 1109//1018 1120//1018 1110//1018
f 1110//1019 1120//1019 1121//1019
f 1110//1020 1121//1020 1111//1020
f 1111//1021 1121//1021 1122//1021
f 1111//1022 1122//1022 1112//1022
f 1112//1023 1122//1023 1123//1023
f 1112//1024 1123//1024 1113//1024
f 1113//1025 1123//1025 1124//1025
f 1113//1026 1124//1026 1114//1026
f 1114//1027 1124//1027 1125//1027
f 1114//1028 1125//1028 1115//1028
f 1115//1029 1125//1029 1126//1029
f 1115//1030 1126//1030 1116//1030
f 1116//1031 1126//1031 1127//1031
f 1116//1032 1127//1032 1117//1032
f 1117//1033 1127//1033 1128//1033
f 1117//1034 1128//1034 1118//1034
f 1118//1035 1128//1035 1129//1035
f 1118//1036 1129//1036 1119//1036
f 1119//1037 1129//1037 1130//1037
f 1120//1038 1131//1038 1121//1038
f 1121//1039 1131//1039 1132//1039
f 1121//1040 1132//1040 1122//1040
f 1122//1041 1132//1041 1133//1041
f 1122//1042 1133//1042 1123//1042
f 1123//1043 1133//1043 1134//1043
f 1123//1044 1134//1044 1124//1044
f 1124//1045 1134//1045 1135//1045
f 1124//1046 1135//1046 1125//1046
f 1125//1047 1135//1047 1136//1047
f 1125//1048 1136//1048 1126//1048
f 1126//1049 1136//1049 1137//1049
f 1126//1050 1137//1050 1127//1050
f 1127//1051 1137//1051 1138//1051
f 1127//1052 1138//1052 1128//1052
f 1128//1053 1138//1053 1139//1053
f 1128//1054 1139//1054 1129//1054
f 1129//1055 1139//1055 1140//1055
f 1129//1056 1140//1056 1130//1056
f 1130//1057 1140//1057 1141//1057
f 1130//1058 1141//1058 1142//1058
f 1142//1059 1141//1059 1143//1059
f 1132//1060 1131//1060 1144//1060
f 1144//1061 1131//1061 1145//1061
f 1144//1062 1145//1062 1146//1062
f 1146//1063 1145//1063 1147//1063
f 1146//1064 1147//1064 1148//1064
f 1148//1065 1147//1065 1149//1065
f 1148//1066 1149//1066 1150//1066
f 1150//1067 1149//1067 1151//1067
f 1150//1068 1151//1068 1152//1068
f 1152//1069 1151//1069 1153//1069
f 1152//1070 1153//1070 1154//1070
f 1154//1071 1153//1071 1155//1071
f 1154//1072 1155//1072 1156//1072
f 1156//1073 1155//1073 1157//1073
f 1156//1074 1157//1074 1158//1074
f 1158//1075 1157//1075 1159//1075
f 1158//1076 1159//1076 1160//1076
f 1160//1077 1159//1077 1161//1077
f 1160//1078 1161//1078 1162//1078
f 1162//1079 1161//1079 1163//1079
f 1162//1080 1163//1080 1164//1080
f 1164//1081 1163//1081 1165//1081
f 1164//1082 1165//1082 1166//1082
f 1166//1083 1165//1083 1167//1083
f 1166//1084 1167//1084 1168//1084
f 1168//1085 1167//1085 1169//1085
f 1147//1086 1170//1086 1149//1086
f 1149//1087 1170//1087 1171//1087
f 1149//1088 1171//1088 1151//1088
f 1151//1089 1171//1089 1172//1089
f 1151//1090 1172//1090 1153//1090
f 1153//1091 1172//1091 1173//1091
f 1153//1092 1173//1092 1155//1092
f 1155//1093 1173//1093 1174//1093
f 1155//1094 1174//1094 1157//1094
f 1157//1095 1174//1095 1175//1095
f 1157//1096 1175//1096 1159//1096
f 1159//1097 1175//1097 1176//1097
f 1159//1098 1176//1098 1161//1098
f 1161//1099 1176//1099 1177//1099
f 1161//1100 1177//1100 1163//1100
f 1163//1101 1177//1101 1178//1101
f 1163//1102 1178//1102 1165//1102
f 1165//1103 1178//1103 1179//1103
f 1165//1104 1179//1104 1167//1104
f 1167//1105 1179//1105 1180//1105
f 1167//1106 1180//1106 1169//1106
f 1169//1107 1180//1107 1181//1107
f 1170//1108 1182//1108 1171//1108
f 1171//1109 1182//1109 1183//1109
f 1171//1110 1183//1110 1172//1110
f 1172//1111 1183//1111 1184//1111
f 1172//1112 1184//1112 1173//1112
f 1173//1113 1184//1113 1185//1113
f 1173//1114 1185//1114 1174//1114
f 1174//1115 1185//1115 1186//1115
f 1174//1116 1186//1116 1175//1116
f 1175//1117 1186//1117 1187//1117
f 1175//1118 1187//1118 1176//1118
f 1176//1119 1187//1119 1188//1119
f 1176//1120 1188//1120 1177//1120
f 1177//1121 1188//1121 1189//1121
f 1177//1122 1189//1122 1178//1122
f 1178//1123 1189//1123 1190//1123
f 1178//1124 1190//1124 1179//1124
f 1179//1125 1190//1125 1191//1125
f 1179//1126 1191//1126 1180//1126
f 1180//1127 1191//1127 1192//1127
f 1180//1128 1192//1128 1181//1128
f 1181//1129 1192//1129 1193//1129
f 1183//1130 1182//1130 1194//1130
f 1194//1131 1182//1131 1195//1131
f 1194//1132 1195//1132 1196//1132
f 1196//1133 1195//1133 1197//1133
f 1196//1134 1197//1134 1198//1134
f 1198//1135 1197//1135 1199//1135
f 1198//1136 1199//1136 1200//1136
f 1200//1137 1199//1137 1201//1137
f 1200//1138 1201//1138 1202//1138
f 1202//1139 1201//1139 1203//1139
f 1202//1140 1203//1140 1204//1140
f 1204//1141 1203//1141 1205//1141
f 1204//1142 1205//1142 1206//1142
f 1206//1143 1205//1143 1207//1143
f 1206//1144 1207//1144 1208//1144
f 1208//1145 1207//1145 1209//1145
f 1208//1146 1209//1146 1210//1146
f 1210//1147 1209//1147 1211//1147
f 1210//1148 1211//1148 1212//1148
f 1212//1149 1211//1149 1213//1149
f 1212//1150 1213//1150 1214//1150
f 1214//1151 1213//1151 1215//1151
f 1214//1152 1215//1152 1216//1152
f 1216//1153 1215//1153 1217//1153
f 1216//1154 1217//1154 1218//1154
f 1199//1155 1219//1155 1201//1155
f 1201//1156 1219//1156 1220//1156
f 1201//1157 1220//1157 1203//1157
f 1203//1158 1220//1158 1221//1158
f 1203//1159 1221//1159 1205//1159
f 1205//1160 1221//1160 1222//1160
f 1205//1161 1222//1161 1207//1161
f 1207//1162 1222//1162 1223//1162
f 1207//1163 1223//1163 1209//1163
f 1209//1164 1223//1164 1224//1164
f 1209//1165 1224//1165 1211//1165
f 1211//1166 1224//1166 1225//1166
f 1211//1167 1225//1167 1213//1167
f 1213//1168 1225//1168 1226//1168
f 1213//1169 1226//1169 1215//1169
f 1215//1170 1226//1170 1227//1170
f 1215//1171 1227//1171 1217//1171
f 1219//1172 1228//1172 1220//1172
f 1220//1173 1228//1173 1229//1173
f 1220//1174 1229//1174 1221//1174
f 1221//1175 1229//1175 1230//1175
f 1221//1176 1230//1176 1222//1176
f 1222//1177 1230//1177 1231//1177
f 1222//1178 1231//1178 1223//1178
f 1223//1179 1231//1179 1232//1179
f 1223//1180 1232//1180 1224//1180
f 1224//1181 1232//1181 1233//1181
f 1224//1182 1233//1182 1225//1182
f 1225//1183 1233//1183 1234//1183
f 1225//1184 1234//1184 1226//1184
f 1226//1185 1234//1185 1235//1185
f 1226//1186 1235//1186 1227//1186
f 1229//1187 1228//1187 1236//1187
f 1236//1188 1228//1188 1237//1188
f 1236//1189 1237//1189 1238//1189
f 1238//1190 1237//1190 1239//1190
f 1238//1191 1239//1191 1240//1191
f 1240//1192 1239//1192 1241//1192
f 1240//1193 1241//1193 1242//1193
f 1242//1194 1241//1194 1243//1194
f 1242//1195 1243//1195 1244//1195
f 1244//1196 1243//1196 1245//1196
f 1244//1197 1245//1197 1246//1197
f 1241//1198 1247//1198 1243//1198
f 1243//1199 1247//1199 1248//1199
f 1243//1196 1248//1196 1245//1196
f 1247//1200 1249//1200 1248//1200
f 1250//1201 1251//1201 1252//1201
f 1253//1202 1251//1202 1254//1202
f 1255//1203 1251//1203 1256//1203
f 1256//1204 1251//1204 1257//1204
f 1257//1205 1251//1205 1258//1205
f 1258//1206 1251//1206 1259//1206
f 1260//1207 1251//1207 1261//1207
f 1261//1208 1251//1208 1262//1208
f 1262//1209 1251//1209 1263//1209
f 1263//1210 1251//1210 1264//1210
f 1264//1211 1251//1211 1265//1211
f 1265//1212 1251//1212 1266//1212
f 1267//1213 1251//1213 1268//1213
f 1268//1214 1251//1214 1269//1214
f 1269//1215 1251//1215 1270//1215
f 1270//1216 1251//1216 1271//1216
f 1271//1217 1251//1217 1272//1217
f 1272//1218 1251//1218 1273//1218
f 1273//1219 1251//1219 1274//1219
f 1274//1220 1251//1220 1275//1220
f 1275//1221 1251//1221 1276//1221
f 1276//1222 1251//1222 1277//1222
f 1277//1223 1251//1223 1278//1223
f 1278//1224 1279//1224 1280//1224
f 1280//1225 1279//1225 1281//1225
f 1282//1226 1279//1226 1283//1226
f 1283//1227 1279//1227 1284//1227
f 1284//1228 1279//1228 1285//1228
f 1285//1229 1279//1229 1286//1229
f 1286//1230 1279//1230 1287//1230
f 1287//1231 1279//1231 1288//1231
f 1288//1232 1279//1232 1289//1232
f 1289//1233 1279//1233 1290//1233
f 1290//1234 1279//1234 1291//1234
f 1291//1235 1279//1235 1292//1235
f 1292//1236 1279//1236 1293//1236
f 1293//1237 1279//1237 1294//1237
f 1294//1238 1279//1238 1295//1238
f 1295//1239 1279//1239 1296//1239
f 1296//1240 1279//1240 1297//1240
f 1297//1241 1279//1241 1298//1241
f 1298//1242 1279//1242 1299//1242
f 1300//1243 1279//1243 1301//1243
f 1302//1244 1303//1244 1304//1244
f 1304//1244 1303//1244 1305//1244
f 1304//1245 1305//1245 1306//1245
f 1306//1245 1305//1245 1307//1245
f 1306//1246 1307//1246 1308//1246
f 1308//1246 1307//1246 1309//1246
f 1308//1247 1309//1247 1310//1247
f 1311//1248 1302//1248 1312//1248
f 1312//1248 1302//1248 1304//1248
f 1312//1249 1304//1249 1313//1249
f 1313//1249 1304//1249 1306//1249
f 1313//1250 1306//1250 1314//1250
f 1314//1250 1306//1250 1308//1250
f 1314//1251 1308//1251 1315//1251
f 1315//1251 1308//1251 1310//1251
f 1315//1252 1310//1252 1316//1252
f 1317//1253 1311//1253 1318//1253
f 1318//1253 1311//1253 1312//1253
f 1318//1254 1312//1254 1319//1254
f 1319//1254 1312//1254 1313//1254
f 1319//1255 1313//1255 1320//1255
f 1320//1255 1313//1255 1314//1255
f 1320//1256 1314//1256 1321//1256
f 1321//1256 1314//1256 1315//1256
f 1321//1257 1315//1257 1322//1257
f 1322//1257 1315//1257 1316//1257
f 1322//1258 1316//1258 1323//1258
f 1324//1259 1317//1259 1325//1259
f 1325//1259 1317//1259 1318//1259
f 1325//1260 1318//1260 1326//1260
f 1326//1260 1318//1260 1319//1260
f 1326//1261 1319//1261 1327//1261
f 1327//1261 1319//1261 1320//1261
f 1327//1262 1320//1262 1328//1262
f 1328//1262 1320//1262 1321//1262
f 1328//1263 1321//1263 1329//1263
f 1329//1263 1321//1263 1322//1263
f 1329//1264 1322//1264 1330//1264
f 1330//1264 1322//1264 1323//1264
f 1330//1265 1323//1265 1331//1265
f 1332//1266 1324//1266 1333//1266
f 1333//1266 1324//1266 1325//1266
f 1333//1267 1325//1267 1334//1267
f 1334//1267 1325//1267 1326//1267
f 1334//1268 1326//1268 1335//1268
f 1335//1268 1326//1268 1327//1268
f 1335//1269 1327//1269 1336//1269
f 1336//1269 1327//1269 1328//1269
f 1336//1270 1328//1270 1337//1270
f 1337//1270 1328//1270 1329//1270
f 1337//1271 1329//1271 1338//1271
f 1338//1271 1329//1271 1330//1271
f 1338//1272 1330//1272 1339//1272
f 1339//1272 1330//1272 1331//1272
f 1339//1273 1331//1273 1340//1273
f 1341//1274 1332//1274 1342//1274
f 1342//1274 1332//1274 1333//1274
f 1342//1275 1333//1275 1343//1275
f 1343//1275 1333//1275 1334//1275
f 1343//1276 1334//1276 1344//1276
f 1344//1276 1334//1276 1335//1276
f 1344//1277 1335//1277 1345//1277
f 1345//1277 1335//1277 1336//1277
f 1345//1278 1336//1278 1346//1278
f 1346//1278 1336//1278 1337//1278
f 1346//1279 1337//1279 1347//1279
f 1347//1279 1337//1279 1338//1279
f 1347//1280 1338//1280 1348//1280
f 1348//1280 1338//1280 1339//1280
f 1348//1281 1339//1281 1349//1281
f 1349//1281 1339//1281 1340//1281
f 1349//1282 1340//1282 1350//1282
f 1351//1283 1341//1283 1352//1283
f 1352//1283 1341//1283 1342//1283
f 1352//1284 1342//1284 1353//1284
f 1353//1284 1342//1284 1343//1284
f 1353//1285 1343//1285 1354//1285
f 1354//1285 1343//1285 1344//1285
f 1354//1286 1344//1286 1355//1286
f 1355//1286 1344//1286 1345//1286
f 1355//1287 1345//1287 1356//1287
f 1356//1287 1345//1287 1346//1287
f 1356//1288 1346//1288 1357//1288
f 1357//1288 1346//1288 1347//1288
f 1357//1289 1347//1289 1358//1289
f 1358//1289 1347//1289 1348//1289
f 1358//1290 1348//1290 1359//1290
f 1359//1290 1348//1290 1349//1290
f 1359//1291 1349//1291 1360//1291
f 1360//1291 1349//1291 1350//1291
f 1360//1292 1350//1292 1361//1292
f 1362//1293 1351//1293 1363//1293
f 1363//1293 1351//1293 1352//1293
f 1363//1294 1352//1294 1364//1294
f 1364//1294 1352//1294 1353//1294
f 1364//1295 1353//1295 1365//1295
f 1365//1295 1353//1295 1354//1295
f 1365//1296 1354//1296 1366//1296
f 1366//1296 1354//1296 1355//1296
f 1366//1297 1355//1297 1367//1297
f 1367//1297 1355//1297 1356//1297
f 1367//1298 1356//1298 1368//1298
f 1368//1298 1356//1298 1357//1298
f 1368//1299 1357//1299 1369//1299
f 1369//1299 1357//1299 1358//1299
f 1369//1300 1358//1300 1370//1300
f 1370//1300 1358//1300 1359//1300
f 1370//1301 1359//1301 1371//1301
f 1371//1301 1359//1301 1360//1301
f 1371//1302 1360//1302 1372//1302
f 1372//1302 1360//1302 1361//1302
f 1372//1303 1361//1303 1373//1303
f 1374//1304 1375//1304 1376//1304
f 1376//1305 1362//1305 1377//1305
f 1377//1305 1362//1305 1363//1305
f 1377//1306 1363//1306 1378//1306
f 1378//1306 1363//1306 1364//1306
f 1378//1307 1364//1307 1379//1307
f 1379//1307 1364//1307 1365//1307
f 1379//1308 1365//1308 1380//1308
f 1380//1308 1365//1308 1366//1308
f 1380//1309 1366//1309 1381//1309
f 1381//1309 1366//1309 1367//1309
f 1381//1310 1367//1310 1382//1310
f 1382//1310 1367//1310 1368//1310
f 1382//1311 1368//1311 1383//1311
f 1383//1311 1368//1311 1369//1311
f 1383//1312 1369//1312 1384//1312
f 1384//1312 1369//1312 1370//1312
f 1384//1313 1370//1313 1385//1313
f 1385//1313 1370//1313 1371//1313
f 1385//1314 1371//1314 1386//1314
f 1386//1314 1371//1314 1372//1314
f 1386//1315 1372//1315 1387//1315
f 1387//1315 1372//1315 1373//1315
f 1387//1316 1373//1316 1388//1316
f 1389//1317 1390//1317 1391//1317
f 1391//1317 1390//1317 1392//1317
f 1391//1318 1392//1318 1393//1318
f 1393//1318 1392//1318 1394//1318
f 1393//1319 1394//1319 1395//1319
f 1395//1319 1394//1319 1396//1319
f 1395//1320 1396//1320 1397//1320
f 1397//1320 1396//1320 1398//1320
f 1397//1321 1398//1321 1399//1321
f 1399//1321 1398//1321 1400//1321
f 1399//1322 1400//1322 1401//1322
f 1401//1322 1400//1322 1402//1322
f 1401//1323 1402//1323 1403//1323
f 1403//1323 1402//1323 1404//1323
f 1403//1324 1404//1324 1405//1324
f 1405//1324 1404//1324 1406//1324
f 1405//1325 1406//1325 1407//1325
f 1390//1326 1408//1326 1392//1326
f 1392//1326 1408//1326 1409//1326
f 1392//1327 1409//1327 1394//1327
f 1394//1327 1409//1327 1410//1327
f 1394//1328 1410//1328 1396//1328
f 1396//1328 1410//1328 1411//1328
f 1396//1329 1411//1329 1398//1329
f 1398//1329 1411//1329 1412//1329
f 1398//1330 1412//1330 1400//1330
f 1400//1330 1412//1330 1413//1330
f 1400//1331 1413//1331 1402//1331
f 1402//1331 1413//1331 1414//1331
f 1402//1332 1414//1332 1404//1332
f 1404//1332 1414//1332 1415//1332
f 1404//1333 1415//1333 1406//1333
f 1390//1334 1389//1334 1416//1334
f 1416//1334 1417//1334 1418//1334
f 1416//1335 1418//1335 1419//1335
f 1419//1335 1418//1335 1420//1335
f 1419//1336 1420//1336 1421//1336
f 1421//1336 1420//1336 1422//1336
f 1421//1337 1422//1337 1423//1337
f 1423//1337 1422//1337 1424//1337
f 1423//1338 1424//1338 1425//1338
f 1425//1338 1424//1338 1426//1338
f 1425//1339 1426//1339 1427//1339
f 1427//1339 1426//1339 1428//1339
f 1427//1340 1428//1340 1429//1340
f 1429//1340 1428//1340 1430//1340
f 1429//1341 1430//1341 1431//1341
f 1431//1341 1430//1341 1432//1341
f 1431//1342 1432//1342 1433//1342
f 1433//1342 1432//1342 1434//1342
f 1433//1343 1434//1343 1435//1343
f 1435//1343 1434//1343 1436//1343
f 1435//1344 1436//1344 1437//1344
f 1437//1344 1436//1344 1438//1344
f 1437//1345 1438//1345 1439//1345
f 1439//1345 1438//1345 1440//1345
f 1441//1346 1442//1346 1443//1346
f 1443//1346 1442//1346 1444//1346
f 1443//1347 1444//1347 1445//1347
f 1445//1347 1444//1347 1446//1347
f 1445//1348 1446//1348 1447//1348
f 1447//1348 1446//1348 1448//1348
f 1447//1349 1448//1349 1449//1349
f 1449//1349 1448//1349 1450//1349
f 1449//1350 1450//1350 1451//1350
f 1451//1350 1450//1350 1452//1350
f 1451//1351 1452//1351 1453//1351
f 1453//1351 1452//1351 1454//1351
f 1453//1352 1454//1352 1455//1352
f 1441//1353 1456//1353 1457//1353
f 1457//1353 1456//1353 1458//1353
f 1457//1354 1458//1354 1459//1354
f 1459//1354 1458//1354 1460//1354
f 1459//1355 1460//1355 1461//1355
f 1461//1355 1460//1355 1462//1355
f 1461//1356 1462//1356 1463//1356
f 1463//1356 1462//1356 1464//1356
f 1463//1357 1464//1357 1465//1357
f 1465//1357 1464//1357 1466//1357
f 1465//1358 1466//1358 1467//1358
f 1467//1358 1466//1358 1468//1358
f 1467//1359 1468//1359 1469//1359
f 1469//1359 1468//1359 1470//1359
f 1469//1360 1470//1360 1471//1360
f 1471//1360 1470//1360 1472//1360
f 1471//1361 1472//1361 1473//1361
f 1473//1361 1472//1361 1474//1361
f 1473//1362 1474//1362 1475//1362
f 1475//1362 1474//1362 1476//1362
f 1475//1363 1476//1363 1477//1363
f 1477//1363 1476//1363 1478//1363
f 1477//1364 1478//1364 1479//1364
f 1479//1364 1478//1364 1480//1364
f 1481//1365 1482//1365 1483//1365
f 1483//1365 1482//1365 1484//1365
f 1483//1366 1484//1366 1485//1366
f 1485//1366 1484//1366 1486//1366
f 1485//1367 1486//1367 1487//1367
f 1487//1367 1486//1367 1488//1367
f 1487//1368 1488//1368 1489//1368
f 1489//1368 1488//1368 1490//1368
f 1489//1369 1490//1369 1491//1369
f 1491//1369 1490//1369 1492//1369
f 1491//1370 1492//1370 1493//1370
f 1481//1371 1494//1371 1495//1371
f 1495//1371 1494//1371 1496//1371
f 1495//1372 1496//1372 1497//1372
f 1497//1372 1496//1372 1498//1372
f 1497//1373 1498//1373 1499//1373
f 1499//1373 1498//1373 1500//1373
f 1499//1374 1500//1374 1501//1374
f 1501//1374 1500//1374 1502//1374
f 1501//1375 1502//1375 1503//1375
f 1503//1375 1502//1375 1504//1375
f 1503//1376 1504//1376 1505//1376
f 1505//1376 1504//1376 1506//1376
f 1505//1377 1506//1377 1507//1377
f 1507//1377 1506//1377 1508//1377
f 1507//1378 1508//1378 1509//1378
f 1509//1378 1508//1378 1510//1378
f 1509//1379 1510//1379 1511//1379
f 1511//1379 1510//1379 1512//1379
f 1511//1380 1512//1380 1513//1380
f 1513//1380 1512//1380 1514//1380
f 1513//1381 1514//1381 1515//1381
f 1515//1381 1514//1381 1516//1381
f 1515//1382 1516//1382 1517//1382
f 1517//1382 1516//1382 1518//1382
f 1519//1383 1520//1383 1521//1383
f 1521//1383 1520//1383 1522//1383
f 1521//1384 1522//1384 1523//1384
f 1523//1384 1522//1384 1524//1384
f 1523//1385 1524//1385 1525//1385
f 1525//1385 1524//1385 1526//1385
f 1525//1386 1526//1386 1527//1386
f 1527//1386 1526//1386 1528//1386
f 1527//1387 1528//1387 1529//1387
f 1519//1388 1530//1388 1531//1388
f 1531//1388 1530//1388 1532//1388
f 1531//1389 1532//1389 1533//1389
f 1533//1389 1532//1389 1534//1389
f 1533//1390 1534//1390 1535//1390
f 1535//1390 1534//1390 1536//1390
f 1535//1391 1536//1391 1537//1391
f 1537//1391 1536//1391 1538//1391
f 1537//1392 1538//1392 1539//1392
f 1539//1392 1538//1392 1540//1392
f 1539//1393 1540//1393 1541//1393
f 1541//1393 1540//1393 1542//1393
f 1541//1394 1542//1394 1543//1394
f 1543//1394 1542//1394 1544//1394
f 1543//1395 1544//1395 1545//1395
f 1545//1395 1544//1395 1546//1395
f 1545//1396 1546//1396 1547//1396
f 1547//1396 1546//1396 1548//1396
f 1547//1397 1548//1397 1549//1397
f 1549//1397 1548//1397 1550//1397
f 1549//1398 1550//1398 1551//1398
f 1551//1398 1550//1398 1552//1398
f 1551//1399 1552//1399 1553//1399
f 1553//1399 1552//1399 1554//1399
f 1553//1400 1554//1400 1555//1400
f 1556//1401 1557//1401 1558//1401
f 1558//1401 1557//1401 1559//1401
f 1558//1402 1559//1402 1560//1402
f 1560//1402 1559//1402 1561//1402
f 1560//1403 1561//1403 1562//1403
f 1562//1403 1561//1403 1563//1403
f 1562//1404 1563//1404 1564//1404
f 1556//1405 1565//1405 1566//1405
f 1566//1405 1565//1405 1567//1405
f 1566//1406 1567//1406 1568//1406
f 1568//1406 1567//1406 1569//1406
f 1568//1407 1569//1407 1570//1407
f 1570//1407 1569//1407 1571//1407
f 1570//1408 1571//1408 1572//1408
f 1572//1408 1571//1408 1573//1408
f 1572//1409 1573//1409 1574//1409
f 1574//1409 1573//1409 1575//1409
f 1574//1410 1575//1410 1576//1410
f 1576//1410 1575//1410 1577//1410
f 1576//1411 1577//1411 1578//1411
f 1578//1411 1577//1411 1579//1411
f 1578//1412 1579//1412 1580//1412
f 1580//1412 1579//1412 1581//1412
f 1580//1413 1581//1413 1582//1413
f 1582//1413 1581//1413 1583//1413
f 1582//1414 1583//1414 1584//1414
f 1584//1414 1583//1414 1585//1414
f 1584//1415 1585//1415 1586//1415
f 1586//1415 1585//1415 1587//1415
f 1586//1416 1587//1416 1588//1416
f 1588//1416 1587//1416 1589//1416
f 1588//1417 1589//1417 1590//1417
f 1590//1417 1589//1417 1591//1417
f 1590//1418 1591//1418 1592//1418
f 1593//1419 1594//1419 1595//1419
f 1595//1419 1594//1419 1596//1419
f 1595//1420 1596//1420 1597//1420
f 1597//1420 1596//1420 1598//1420
f 1597//1421 1598//1421 1599//1421
f 1593//1422 1600//1422 1601//1422
f 1601//1422 1600//1422 1602//1422
f 1601//1423 1602//1423 1603//1423
f 1603//1423 1602//1423 1604//1423
f 1603//1424 1604//1424 1605//1424
f 1605//1424 1604//1424 1606//1424
f 1605//1425 1606//1425 1607//1425
f 1607//1425 1606//1425 1608//1425
f 1607//1426 1608//1426 1609//1426
f 1609//1426 1608//1426 1610//1426
f 1609//1427 1610//1427 1611//1427
f 1611//1427 1610//1427 1612//1427
f 1611//1428 1612//1428 1613//1428
f 1613//1428 1612//1428 1614//1428
f 1613//1429 1614//1429 1615//1429
f 1615//1429 1614//1429 1616//1429
f 1615//1430 1616//1430 1617//1430
f 1617//1430 1616//1430 1618//1430
f 1617//1431 1618//1431 1619//1431
f 1619//1431 1618//1431 1620//1431
f 1619//1432 1620//1432 1621//1432
f 1621//1432 1620//1432 1622//1432
f 1621//1433 1622//1433 1623//1433
f 1623//1433 1622//1433 1624//1433
f 1623//1434 1624//1434 1625//1434
f 1625//1434 1624//1434 1626//1434
f 1625//1435 1626//1435 1627//1435
f 1627//1435 1626//1435 1628//1435
f 1627//1436 1628//1436 1629//1436
f 1630//1437 1631//1437 1632//1437
f 1632//1437 1631//1437 1633//1437
f 1632//1438 1633//1438 1634//1438
f 1630//1439 1635//1439 1636//1439
f 1636//1439 1635//1439 1637//1439
f 1636//1440 1637//1440 1638//1440
f 1638//1440 1637//1440 1639//1440
f 1638//1441 1639//1441 1640//1441
f 1640//1441 1639//1441 1641//1441
f 1640//1442 1641//1442 1642//1442
f 1642//1442 1641//1442 1643//1442
f 1642//1443 1643//1443 1644//1443
f 1644//1443 1643//1443 1645//1443
f 1644//1444 1645//1444 1646//1444
f 1646//1444 1645//1444 1647//1444
f 1646//1445 1647//1445 1648//1445
f 1648//1445 1647//1445 1649//1445
f 1648//1446 1649//1446 1650//1446
f 1650//1446 1649//1446 1651//1446
f 1650//1447 1651//1447 1652//1447
f 1652//1447 1651//1447 1653//1447
f 1652//1448 1653//1448 1654//1448
f 1654//1448 1653//1448 1655//1448
f 1654//1449 1655//1449 1656//1449
f 1656//1449 1655//1449 1657//1449
f 1656//1450 1657//1450 1658//1450
f 1658//1450 1657//1450 1659//1450
f 1658//1451 1659//1451 1660//1451
f 1660//1451 1659//1451 1661//1451
f 1660//1452 1661//1452 1662//1452
f 1662//1452 1661//1452 1663//1452
f 1662//1453 1663//1453 1664//1453
f 1664//1453 1663//1453 1665//1453
f 1664//1454 1665//1454 1666//1454
f 1667//1455 1668//1455 1669//1455
f 1669//1456 1668//1456 1670//1456
f 1669//1457 1670//1457 1671//1457
f 1671//1458 1670//1458 1672//1458
f 1671//1459 1672//1459 1673//1459
f 1673//1460 1672//1460 1674//1460
f 1668//1461 1675//1461 1676//1461
f 1676//1461 1675//1461 1677//1461
f 1676//1462 1677//1462 1678//1462
f 1678//1462 1677//1462 1679//1462
f 1678//1463 1679//1463 1680//1463
f 1680//1463 1679//1463 1681//1463
f 1680//1464 1681//1464 1682//1464
f 1682//1464 1681//1464 1683//1464
f 1682//1465 1683//1465 1684//1465
f 1684//1465 1683//1465 1685//1465
f 1684//1466 1685//1466 1686//1466
f 1686//1466 1685//1466 1687//1466
f 1686//1467 1687//1467 1688//1467
f 1688//1467 1687//1467 1689//1467
f 1688//1468 1689//1468 1690//1468
f 1690//1468 1689//1468 1691//1468
f 1690//1469 1691//1469 1692//1469
f 1692//1469 1691//1469 1693//1469
f 1692//1470 1693//1470 1694//1470
f 1694//1470 1693//1470 1695//1470
f 1694//1471 1695//1471 1696//1471
f 1696//1471 1695//1471 1697//1471
f 1696//1472 1697//1472 1698//1472
f 1698//1472 1697//1472 1699//1472
f 1698//1473 1699//1473 1700//1473
f 1700//1473 1699//1473 1701//1473
f 1700//1474 1701//1474 1702//1474
f 1702//1474 1701//1474 1703//1474
f 1702//1475 1703//1475 1704//1475
f 1704//1475 1703//1475 1705//1475
f 1704//1476 1705//1476 1706//1476
f 1706//1476 1705//1476 1707//1476
f 1706//1477 1707//1477 1708//1477
f 1709//1478 1710//1478 1711//1478
f 1711//1478 1710//1478 1712//1478
f 1711//1479 1712//1479 1713//1479
f 1710//1480 1709//1480 1714//1480
f 1715//1481 1716//1481 1717//1481
f 1717//1482 1716//1482 1718//1482
f 1717//1483 1718//1483 1719//1483
f 1719//1483 1718//1483 1720//1483
f 1719//1484 1720//1484 1721//1484
f 1721//1484 1720//1484 1722//1484
f 1721//1485 1722//1485 1723//1485
f 1723//1485 1722//1485 1724//1485
f 1723//1486 1724//1486 1725//1486
f 1726//1487 1727//1487 1728//1487
f 1716//1488 1715//1488 1729//1488
f 1730//1489 1715//1489 1731//1489
f 1732//1490 1715//1490 1733//1490
f 1734//1491 1735//1491 1736//1491
f 1737//1492 1738//1492 1739//1492
f 1739//1493 1738//1493 1740//1493
f 1739//1494 1740//1494 1741//1494
f 1741//1494 1740//1494 1742//1494
f 1741//1495 1742//1495 1743//1495
f 1743//1495 1742//1495 1744//1495
f 1743//1496 1744//1496 1745//1496
f 1745//1496 1744//1496 1746//1496
f 1745//1497 1746//1497 1747//1497
f 1747//1497 1746//1497 1748//1497
f 1747//1498 1748//1498 1749//1498
f 1749//1498 1748//1498 1750//1498
f 1749//1499 1750//1499 1751//1499
f 1751//1499 1750//1499 1752//1499
f 1751//1500 1752//1500 1753//1500
f 1753//1500 1752//1500 1754//1500
f 1753//1501 1754//1501 1755//1501
f 1755//1501 1754//1501 1756//1501
f 1755//1502 1756//1502 1757//1502
f 1757//1502 1756//1502 1758//1502
f 1757//1503 1758//1503 1759//1503
f 1759//1503 1758//1503 1760//1503
f 1759//1504 1760//1504 1761//1504
f 1761//1504 1760//1504 1762//1504
f 1761//1505 1762//1505 1763//1505
f 1763//1505 1762//1505 1764//1505
f 1763//1506 1764//1506 1765//1506
f 1765//1506 1764//1506 1766//1506
f 1765//1507 1766//1507 1767//1507
f 1767//1507 1766//1507 1768//1507
f 1767//1508 1768//1508 1769//1508
f 1769//1508 1768//1508 1770//1508
f 1769//1509 1770//1509 1771//1509
f 1771//1509 1770//1509 1772//1509
f 1771//1510 1772//1510 1773//1510
f 1773//1510 1772//1510 1774//1510
f 1773//1511 1774//1511 1775//1511
f 1775//1511 1774//1511 1776//1511
f 1775//1512 1776//1512 1777//1512
f 1777//1512 1776//1512 1778//1512
f 1777//1513 1778//1513 1779//1513
f 1779//1513 1778//1513 1780//1513
f 1779//1514 1780//1514 1781//1514
f 1781//1514 1780//1514 1782//1514
f 1781//1515 1782//1515 1783//1515
f 1783//1515 1782//1515 1784//1515
f 1783//1516 1784//1516 1785//1516
f 1786//1517 1787//1517 1788//1517
f 1788//1518 1787//1518 1789//1518
f 1788//1519 1789//1519 1790//1519
f 1790//1519 1789//1519 1791//1519
f 1790//1520 1791//1520 1792//1520
f 1792//1520 1791//1520 1793//1520
f 1792//1521 1793//1521 1794//1521
f 1794//1521 1793//1521 1795//1521
f 1794//1522 1795//1522 1796//1522
f 1796//1522 1795//1522 1797//1522
f 1796//1523 1797//1523 1798//1523
f 1798//1523 1797//1523 1799//1523
f 1798//1524 1799//1524 1800//1524
f 1800//1524 1799//1524 1801//1524
f 1800//1525 1801//1525 1802//1525
f 1802//1525 1801//1525 1803//1525
f 1802//1526 1803//1526 1804//1526
f 1804//1526 1803//1526 1805//1526
f 1804//1527 1805//1527 1806//1527
f 1806//1527 1805//1527 1807//1527
f 1806//1528 1807//1528 1808//1528
f 1808//1528 1807//1528 1809//1528
f 1808//1529 1809//1529 1810//1529
f 1810//1529 1809//1529 1811//1529
f 1810//1530 1811//1530 1812//1530
f 1812//1530 1811//1530 1813//1530
f 1812//1531 1813//1531 1814//1531
f 1814//1531 1813//1531 1815//1531
f 1814//1532 1815//1532 1816//1532
f 1816//1532 1815//1532 1817//1532
f 1816//1533 1817//1533 1818//1533
f 1818//1533 1817//1533 1819//1533
f 1818//1534 1819//1534 1820//1534
f 1820//1534 1819//1534 1821//1534
f 1820//1535 1821//1535 1822//1535
f 1822//1535 1821//1535 1823//1535
f 1822//1536 1823//1536 1824//1536
f 1824//1536 1823//1536 1825//1536
f 1824//1537 1825//1537 1826//1537
f 1826//1537 1825//1537 1827//1537
f 1826//1538 1827//1538 1828//1538
f 1828//1538 1827//1538 1829//1538
f 1828//1539 1829//1539 1830//1539
f 1830//1539 1829//1539 1831//1539
f 1830//1540 1831//1540 1832//1540
f 1833//1541 1834//1541 1835//1541
f 1835//1542 1834//1542 1836//1542
f 1835//1543 1836//1543 1837//1543
f 1837//1544 1836//1544 1838//1544
f 1837//1545 1838//1545 1839//1545
f 1839//1546 1838//1546 1840//1546
f 1839//1547 1840//1547 1841//1547
f 1837//1548 1839//1548 1842//1548
f 1842//1549 1839//1549 1843//1549
f 1842//1550 1843//1550 1844//1550
f 1844//1550 1843//1550 1845//1550
f 1844//1551 1845//1551 1846//1551
f 1846//1551 1845//1551 1847//1551
f 1846//1552 1847//1552 1848//1552
f 1848//1552 1847//1552 1849//1552
f 1848//1553 1849//1553 1850//1553
f 1850//1553 1849//1553 1851//1553
f 1850//1554 1851//1554 1852//1554
f 1852//1554 1851//1554 1853//1554
f 1852//1555 1853//1555 1854//1555
f 1854//1555 1853//1555 1855//1555
f 1854//1556 1855//1556 1856//1556
f 1856//1556 1855//1556 1857//1556
f 1856//1557 1857//1557 1858//1557
f 1858//1557 1857//1557 1859//1557
f 1858//1558 1859//1558 1860//1558
f 1860//1558 1859//1558 1861//1558
f 1860//1559 1861//1559 1862//1559
f 1862//1559 1861//1559 1863//1559
f 1862//1560 1863//1560 1864//1560
f 1864//1560 1863//1560 1865//1560
f 1864//1561 1865//1561 1866//1561
f 1866//1561 1865//1561 1867//1561
f 1866//1562 1867//1562 1868//1562
f 1868//1562 1867//1562 1869//1562
f 1868//1563 1869//1563 1870//1563
f 1870//1563 1869//1563 1871//1563
f 1870//1564 1871//1564 1872//1564
f 1872//1564 1871//1564 1873//1564
f 1872//1565 1873//1565 1874//1565
f 1874//1565 1873//1565 1875//1565
f 1874//1566 1875//1566 1876//1566
f 1876//1566 1875//1566 1877//1566
f 1876//1567 1877//1567 1878//1567
f 1878//1567 1877//1567 1879//1567
f 1878//1568 1879//1568 1880//1568
f 1880//1568 1879//1568 1881//1568
f 1880//1569 1881//1569 1882//1569
f 1882//1569 1881//1569 1883//1569
f 1882//1570 1883//1570 1884//1570
f 1885//1571 1886//1571 1887//1571
f 1888//1572 1889//1572 1890//1572
f 1890//1573 1889//1573 1891//1573
f 1890//1574 1891//1574 1892//1574
f 1892//1575 1891//1575 1893//1575
f 1892//1576 1893//1576 1894//1576
f 1894//1577 1893//1577 1895//1577
f 1894//1578 1895//1578 1896//1578
f 1896//1579 1895//1579 1897//1579
f 1896//1580 1897//1580 1898//1580
f 1898//1581 1897//1581 1899//1581
f 1898//1582 1899//1582 1900//1582
f 1900//1583 1899//1583 1901//1583
f 1900//1584 1901//1584 1902//1584
f 1902//1585 1901//1585 1903//1585
f 1902//1586 1903//1586 1904//1586
f 1904//1587 1903//1587 1905//1587
f 1904//1588 1905//1588 1906//1588
f 1906//1589 1905//1589 1907//1589
f 1906//1590 1907//1590 1908//1590
f 1908//1591 1907//1591 1909//1591
f 1891//1592 1889//1592 1910//1592
f 1911//1593 1912//1593 1913//1593
f 1913//1593 1912//1593 1914//1593
f 1913//1594 1914//1594 1915//1594
f 1915//1594 1914//1594 1916//1594
f 1915//1595 1916//1595 1917//1595
f 1912//1596 1918//1596 1914//1596
f 1914//1596 1918//1596 1919//1596
f 1914//1597 1919//1597 1916//1597
f 1911//1598 1920//1598 1912//1598
f 1912//1599 1920//1599 1921//1599
f 1912//1599 1921//1599 1918//1599
f 1918//1600 1921//1600 1922//1600
f 1918//1600 1922//1600 1923//1600
f 1923//1601 1922//1601 1924//1601
f 1918//1602 1923//1602 1919//1602
f 1925//1603 1926//1603 1927//1603
f 1927//1603 1926//1603 1928//1603
f 1927//1604 1928//1604 1929//1604
f 1929//1604 1928//1604 1930//1604
f 1929//1605 1930//1605 1931//1605
f 1931//1605 1930//1605 1932//1605
f 1931//1606 1932//1606 1933//1606
f 1925//1607 1934//1607 1926//1607
f 1925//1608 1927//1608 1935//1608
f 1935//1609 1927//1609 1936//1609
f 1935//1610 1936//1610 1937//1610
f 1937//1611 1936//1611 1938//1611
f 1937//1612 1938//1612 1939//1612
f 1939//1613 1938//1613 1940//1613
f 1939//1614 1940//1614 1941//1614
f 1941//1615 1940//1615 1942//1615
f 1941//1616 1942//1616 1943//1616
f 1943//1617 1942//1617 1944//1617
f 1943//1618 1944//1618 1945//1618
f 1945//1619 1944//1619 1946//1619
f 1945//1620 1946//1620 1947//1620
f 1947//1621 1946//1621 1948//1621
f 1947//1622 1948//1622 1949//1622
f 1949//1623 1948//1623 1950//1623
f 1949//1624 1950//1624 1951//1624
f 1951//1625 1950//1625 1952//1625
f 1936//1626 1927//1626 1929//1626
f 1953//1627 1954//1627 1955//1627
f 1955//1628 1954//1628 1956//1628
f 1955//1629 1956//1629 1957//1629
f 1957//1630 1956//1630 1958//1630
f 1957//1631 1958//1631 1959//1631
f 1959//1632 1958//1632 1960//1632
f 1956//1628 1954//1628 1961//1628
f 1962//1633 1963//1633 1964//1633
f 1964//1634 1963//1634 1965//1634
f 1964//1634 1965//1634 1966//1634
f 1966//1635 1965//1635 1967//1635
f 1968//1636 1969//1636 1970//1636
f 1970//1637 1969//1637 1971//1637
f 1972//1638 1973//1638 1974//1638
f 1974//1639 1973//1639 1975//1639
f 1974//1639 1975//1639 1976//1639
f 1976//1640 1975//1640 1977//1640
f 1976//1640 1977//1640 1978//1640
f 1979//1641 1980//1641 1981//1641
f 1981//1642 1980//1642 1982//1642
f 1981//1642 1982//1642 1983//1642
f 1983//1643 1982//1643 1984//1643
f 1983//1643 1984//1643 1985//1643
f 1985//1644 1984//1644 1986//1644
f 1980//1645 1987//1645 1982//1645
f 1982//1646 1987//1646 1988//1646
f 1982//1646 1988//1646 1984//1646
f 1984//1647 1988//1647 1989//1647
f 1984//1647 1989//1647 1986//1647
f 1986//1648 1989//1648 1990//1648
f 1991//1649 1992//1649 1993//1649
f 1993//1650 1992//1650 1994//1650
f 1993//1651 1994//1651 1995//1651
f 1995//1652 1994//1652 1996//1652
f 1995//1653 1996//1653 1997//1653
f 1997//1654 1996//1654 1998//1654
f 1997//1655 1998//1655 1999//1655
f 1999//1656 1998//1656 2000//1656
f 1999//1657 2000//1657 2001//1657
f 2001//1658 2000//1658 2002//1658
f 2001//1659 2002//1659 2003//1659
f 2003//1660 2002//1660 2004//1660
f 2003//1661 2004//1661 2005//1661
f 2005//1662 2004//1662 2006//1662
f 2005//1663 2006//1663 2007//1663
f 2007//1664 2006//1664 2008//1664
f 2007//1665 2008//1665 2009//1665
f 2009//1666 2008//1666 2010//1666
f 1987//1667 2011//1667 1988//1667
f 1988//1668 2011//1668 2012//1668
f 1988//1668 2012//1668 1989//1668
f 1989//1669 2012//1669 2013//1669
f 1989//1669 2013//1669 1990//1669
f 1990//1670 2013//1670 2014//1670
f 2015//1671 2016//1671 2017//1671
f 2017//1671 2016//1671 2018//1671
f 2017//1672 2018//1672 2019//1672
f 2019//1672 2018//1672 2020//1672
f 2019//1673 2020//1673 2021//1673
f 2021//1673 2020//1673 2022//1673
f 2021//1674 2022//1674 2023//1674
f 2023//1674 2022//1674 2024//1674
f 2023//1675 2024//1675 2025//1675
f 2025//1675 2024//1675 2026//1675
f 2025//1676 2026//1676 2027//1676
f 2027//1676 2026//1676 2028//1676
f 2027//1677 2028//1677 2029//1677
f 2029//1677 2028//1677 2030//1677
f 2029//1678 2030//1678 2031//1678
f 2031//1678 2030//1678 2032//1678
f 2031//1679 2032//1679 2033//1679
f 2033//1679 2032//1679 2034//1679
f 2033//1680 2034//1680 2035//1680
f 2035//1680 2034//1680 2036//1680
f 2035//1681 2036//1681 2037//1681
f 2037//1681 2036//1681 2038//1681
f 2037//1682 2038//1682 2039//1682
f 2039//1682 2038//1682 2040//1682
f 2039//1683 2040//1683 2041//1683
f 2041//1683 2040//1683 2042//1683
f 2041//1684 2042//1684 2043//1684
f 2043//1684 2042//1684 2044//1684
f 2043//1685 2044//1685 2045//1685
f 2045//1685 2044//1685 2046//1685
f 2045//1686 2046//1686 2047//1686
f 2047//1686 2046//1686 2048//1686
f 2047//1687 2048//1687 2049//1687
f 2049//1687 2048//1687 2050//1687
f 2049//1688 2050//1688 2051//1688
f 2051//1688 2050//1688 2052//1688
f 2051//1689 2052//1689 2053//1689
f 2053//1689 2052//1689 2054//1689
f 2053//1690 2054//1690 2055//1690
f 2055//1690 2054//1690 2056//1690
f 2055//1691 2056//1691 2057//1691
f 2057//1691 2056//1691 2058//1691
f 2057//1692 2058//1692 2059//1692
f 2059//1692 2058//1692 2060//1692
f 2059//1693 2060//1693 2061//1693
f 2062//1694 2063//1694 2064//1694
f 2064//1694 2063//1694 2065//1694
f 2064//1695 2065//1695 2066//1695
f 2066//1695 2065//1695 2067//1695
f 2066//1696 2067//1696 2068//1696
f 2068//1696 2067//1696 2069//1696
f 2068//1697 2069//1697 2070//1697
f 2070//1697 2069//1697 2071//1697
f 2070//1698 2071//1698 2072//1698
f 2072//1698 2071//1698 2073//1698
f 2072//1699 2073//1699 2074//1699
f 2074//1699 2073//1699 2075//1699
f 2074//1700 2075//1700 2076//1700
f 2076//1700 2075//1700 2077//1700
f 2076//1701 2077//1701 2078//1701
f 2078//1701 2077//1701 2079//1701
f 2078//1702 2079//1702 2080//1702
f 2080//1702 2079//1702 2081//1702
f 2080//1703 2081//1703 2082//1703
f 2082//1703 2081//1703 2083//1703
f 2082//1704 2083//1704 2084//1704
f 2084//1704 2083//1704 2085//1704
f 2084//1705 2085//1705 2086//1705
f 2086//1705 2085//1705 2087//1705
f 2086//1706 2087//1706 2088//1706
f 2088//1706 2087//1706 2089//1706
f 2088//1707 2089//1707 2090//1707
f 2090//1707 2089//1707 2091//1707
f 2090//1708 2091//1708 2092//1708
f 2092//1708 2091//1708 2093//1708
f 2092//1709 2093//1709 2094//1709
f 2094//1709 2093//1709 2095//1709
f 2094//1710 2095//1710 2096//1710
f 2096//1710 2095//1710 2097//1710
f 2096//1711 2097//1711 2098//1711
f 2098//1711 2097//1711 2099//1711
f 2098//1712 2099//1712 2100//1712
f 2100//1712 2099//1712 2101//1712
f 2100//1713 2101//1713 2102//1713
f 2102//1713 2101//1713 2103//1713
f 2102//1714 2103//1714 2104//1714
f 2104//1714 2103//1714 2105//1714
f 2104//1715 2105//1715 2106//1715
f 2107//1716 2108//1716 2109//1716
f 2109//1717 2108//1717 2110//1717
f 2109//1717 2110//1717 2111//1717
f 2111//1718 2110//1718 2112//1718
f 2111//1718 2112//1718 2113//1718
f 2111//1719 2113//1719 2114//1719
f 2114//1719 2113//1719 2115//1719
f 2114//1720 2115//1720 2116//1720
f 2116//1720 2115//1720 2117//1720
f 2116//1721 2117//1721 2118//1721
f 2118//1721 2117//1721 2119//1721
f 2118//1722 2119//1722 2120//1722
f 2120//1722 2119//1722 2121//1722
f 2120//1723 2121//1723 2122//1723
f 2122//1723 2121//1723 2123//1723
f 2122//1724 2123//1724 2124//1724
f 2124//1724 2123//1724 2125//1724
f 2124//1725 2125//1725 2126//1725
f 2126//1725 2125//1725 2127//1725
f 2126//1726 2127//1726 2128//1726
f 2128//1726 2127//1726 2129//1726
f 2128//1727 2129//1727 2130//1727
f 2130//1727 2129//1727 2131//1727
f 2130//1728 2131//1728 2132//1728
f 2132//1728 2131//1728 2133//1728
f 2132//1729 2133//1729 2134//1729
f 2134//1729 2133//1729 2135//1729
f 2134//1730 2135//1730 2136//1730
f 2136//1730 2135//1730 2137//1730
f 2136//1731 2137//1731 2138//1731
f 2138//1731 2137//1731 2139//1731
f 2138//1732 2139//1732 2140//1732
f 2140//1732 2139//1732 2141//1732
f 2140//1733 2141//1733 2142//1733
f 2142//1733 2141//1733 2143//1733
f 2142//1734 2143//1734 2144//1734
f 2144//1734 2143//1734 2145//1734
f 2144//1735 2145//1735 2146//1735
f 2146//1735 2145//1735 2147//1735
f 2146//1736 2147//1736 2148//1736
f 2148//1736 2147//1736 2149//1736
f 2148//1737 2149//1737 2150//1737
f 2150//1737 2149//1737 2151//1737
f 2150//1738 2151//1738 2152//1738
f 2152//1738 2151//1738 2153//1738
f 2152//1739 2153//1739 2154//1739
f 2155//1740 2156//1740 2157//1740
f 2157//1741 2156//1741 2158//1741
f 2157//1742 2158//1742 2159//1742
f 2159//1743 2158//1743 2160//1743
f 2159//1744 2160//1744 2161//1744
f 2161//1745 2160//1745 2162//1745
f 2161//1746 2162//1746 2163//1746
f 2163//1747 2162//1747 2164//1747
f 2163//1748 2164//1748 2165//1748
f 2165//1749 2164//1749 2166//1749
f 2165//1750 2166//1750 2167//1750
f 2167//1751 2166//1751 2168//1751
f 2167//1752 2168//1752 2169//1752
f 2169//1753 2168//1753 2170//1753
f 2158//1741 2156//1741 2171//1741
f 2172//1754 2173//1754 2174//1754
f 2174//1755 2173//1755 2175//1755
f 2174//1755 2175//1755 2176//1755
f 2176//1756 2175//1756 2177//1756
f 2176//1756 2177//1756 2178//1756
f 2178//1757 2177//1757 2179//1757
f 2178//1757 2179//1757 2180//1757
f 2180//1758 2179//1758 2181//1758
f 2180//1758 2181//1758 2182//1758
f 2183//1759 2184//1759 2185//1759
f 2185//1760 2184//1760 2186//1760
f 2185//1761 2186//1761 2187//1761
f 2187//1762 2186//1762 2188//1762
f 2187//1763 2188//1763 2189//1763
f 2189//1764 2188//1764 2190//1764
f 2189//1765 2190//1765 2191//1765
f 2191//1766 2190//1766 2192//1766
f 2191//1767 2192//1767 2193//1767
f 2193//1768 2192//1768 2194//1768
f 2193//1769 2194//1769 2195//1769
f 2195//1770 2194//1770 2196//1770
f 2195//1771 2196//1771 2197//1771
f 2197//1772 2196//1772 2198//1772
f 2197//1773 2198//1773 2199//1773
f 2199//1774 2198//1774 2200//1774
f 2199//1775 2200//1775 2201//1775
f 2201//1776 2200//1776 2202//1776
f 2186//1777 2184//1777 2203//1777
f 2204//1778 2205//1778 2206//1778
f 2206//1779 2205//1779 2207//1779
f 2206//1779 2207//1779 2208//1779
f 2208//1780 2207//1780 2209//1780
f 2208//1780 2209//1780 2210//1780
f 2211//1781 2212//1781 2213//1781
f 2211//1781 2213//1781 2214//1781
f 2214//1782 2213//1782 2215//1782
f 2216//1783 2217//1783 2218//1783
f 2218//1783 2217//1783 2219//1783
f 2218//1784 2219//1784 2220//1784
f 2220//1784 2219//1784 2221//1784
f 2220//1785 2221//1785 2222//1785
f 2222//1785 2221//1785 2223//1785
f 2222//1786 2223//1786 2224//1786
f 2224//1786 2223//1786 2225//1786
f 2224//1787 2225//1787 2226//1787
f 2226//1787 2225//1787 2227//1787
f 2226//1788 2227//1788 2228//1788
f 2228//1788 2227//1788 2229//1788
f 2228//1789 2229//1789 2230//1789
f 2230//1789 2229//1789 2231//1789
f 2230//1790 2231//1790 2232//1790
f 2232//1790 2231//1790 2233//1790
f 2232//1791 2233//1791 2234//1791
f 2234//1791 2233//1791 2235//1791
f 2234//1792 2235//1792 2236//1792
f 2236//1792 2235//1792 2237//1792
f 2236//1793 2237//1793 2238//1793
f 2238//1793 2237//1793 2239//1793
f 2238//1794 2239//1794 2240//1794
f 2240//1794 2239//1794 2241//1794
f 2240//1795 2241//1795 2242//1795
f 2217//1796 2243//1796 2219//1796
f 2219//1796 2243//1796 2244//1796
f 2219//1797 2244//1797 2221//1797
f 2221//1797 2244//1797 2245//1797
f 2221//1798 2245//1798 2223//1798
f 2223//1798 2245//1798 2246//1798
f 2223//1799 2246//1799 2225//1799
f 2225//1799 2246//1799 2247//1799
f 2225//1800 2247//1800 2227//1800
f 2227//1800 2247//1800 2248//1800
f 2227//1801 2248//1801 2229//1801
f 2229//1801 2248//1801 2249//1801
f 2229//1802 2249//1802 2231//1802
f 2231//1802 2249//1802 2250//1802
f 2231//1803 2250//1803 2233//1803
f 2233//1803 2250//1803 2251//1803
f 2233//1804 2251//1804 2235//1804
f 2235//1804 2251//1804 2252//1804
f 2235//1805 2252//1805 2237//1805
f 2237//1805 2252//1805 2253//1805
f 2237//1806 2253//1806 2239//1806
f 2239//1806 2253//1806 2254//1806
f 2239//1807 2254//1807 2241//1807
f 2255//1808 2256//1808 2257//1808
f 2257//1808 2256//1808 2258//1808
f 2257//1809 2258//1809 2259//1809
f 2259//1809 2258//1809 2260//1809
f 2259//1810 2260//1810 2261//1810
f 2261//1810 2260//1810 2262//1810
f 2261//1811 2262//1811 2263//1811
f 2263//1811 2262//1811 2264//1811
f 2263//1812 2264//1812 2265//1812
f 2243//1813 2266//1813 2244//1813
f 2244//1813 2266//1813 2267//1813
f 2244//1814 2267//1814 2245//1814
f 2245//1814 2267//1814 2268//1814
f 2245//1815 2268//1815 2246//1815
f 2246//1815 2268//1815 2269//1815
f 2246//1816 2269//1816 2247//1816
f 2247//1816 2269//1816 2270//1816
f 2247//1817 2270//1817 2248//1817
f 2248//1817 2270//1817 2271//1817
f 2248//1818 2271//1818 2249//1818
f 2249//1818 2271//1818 2272//1818
f 2249//1819 2272//1819 2250//1819
f 2250//1819 2272//1819 2273//1819
f 2250//1820 2273//1820 2251//1820
f 2251//1820 2273//1820 2274//1820
f 2251//1821 2274//1821 2252//1821
f 2252//1821 2274//1821 2275//1821
f 2252//1822 2275//1822 2253//1822
f 2253//1822 2275//1822 2276//1822
f 2253//1823 2276//1823 2254//1823
f 2277//1824 2255//1824 2278//1824
f 2278//1824 2255//1824 2257//1824
f 2278//1825 2257//1825 2279//1825
f 2279//1825 2257//1825 2259//1825
f 2279//1826 2259//1826 2280//1826
f 2280//1826 2259//1826 2261//1826
f 2280//1827 2261//1827 2281//1827
f 2281//1827 2261//1827 2263//1827
f 2281//1828 2263//1828 2282//1828
f 2282//1828 2263//1828 2265//1828
f 2282//1829 2265//1829 2283//1829
f 2266//1830 2277//1830 2284//1830
f 2284//1830 2277//1830 2278//1830
f 2284//1831 2278//1831 2285//1831
f 2285//1831 2278//1831 2279//1831
f 2285//1832 2279//1832 2286//1832
f 2286//1832 2279//1832 2280//1832
f 2286//1833 2280//1833 2287//1833
f 2287//1833 2280//1833 2281//1833
f 2287//1834 2281//1834 2288//1834
f 2288//1834 2281//1834 2282//1834
f 2288//1835 2282//1835 2289//1835
f 2289//1835 2282//1835 2283//1835
f 2289//1836 2283//1836 2290//1836
f 2291//1837 2292//1837 2293//1837
f 2291//1837 2293//1837 2294//1837
f 2295//1838 2296//1838 2297//1838
f 2297//1839 2296//1839 2298//1839
f 2297//1839 2298//1839 2299//1839
f 2299//1840 2298//1840 2300//1840
f 2299//1840 2300//1840 2301//1840
f 2301//1841 2300//1841 2302//1841
f 2303//1842 2304//1842 2305//1842
f 2305//1842 2304//1842 2306//1842
f 2305//1843 2306//1843 2307//1843
f 2307//1843 2306//1843 2308//1843
f 2307//1844 2308//1844 2309//1844
f 2309//1844 2308//1844 2310//1844
f 2309//1845 2310//1845 2311//1845
f 2312//1846 2303//1846 2313//1846
f 2313//1846 2303//1846 2305//1846
f 2313//1847 2305//1847 2314//1847
f 2314//1847 2305//1847 2307//1847
f 2314//1848 2307//1848 2315//1848
f 2315//1848 2307//1848 2309//1848
f 2315//1849 2309//1849 2316//1849
f 2316//1849 2309//1849 2311//1849
f 2316//1850 2311//1850 2317//1850
f 2318//1851 2312//1851 2319//1851
f 2319//1851 2312//1851 2313//1851
f 2319//1852 2313//1852 2320//1852
f 2320//1852 2313//1852 2314//1852
f 2320//1853 2314//1853 2321//1853
f 2321//1853 2314//1853 2315//1853
f 2321//1854 2315//1854 2322//1854
f 2322//1854 2315//1854 2316//1854
f 2322//1855 2316//1855 2323//1855
f 2323//1855 2316//1855 2317//1855
f 2323//1856 2317//1856 2324//1856
f 2325//1857 2318//1857 2326//1857
f 2326//1857 2318//1857 2319//1857
f 2326//1858 2319//1858 2327//1858
f 2327//1858 2319//1858 2320//1858
f 2327//1859 2320//1859 2328//1859
f 2328//1859 2320//1859 2321//1859
f 2328//1860 2321//1860 2329//1860
f 2329//1860 2321//1860 2322//1860
f 2329//1861 2322//1861 2330//1861
f 2330//1861 2322//1861 2323//1861
f 2330//1862 2323//1862 2331//1862
f 2331//1862 2323//1862 2324//1862
f 2331//1863 2324//1863 2332//1863
f 2333//1864 2325//1864 2334//1864
f 2334//1864 2325//1864 2326//1864
f 2334//1865 2326//1865 2335//1865
f 2335//1865 2326//1865 2327//1865
f 2335//1866 2327//1866 2336//1866
f 2336//1866 2327//1866 2328//1866
f 2336//1867 2328//1867 2337//1867
f 2337//1867 2328//1867 2329//1867
f 2337//1868 2329//1868 2338//1868
f 2338//1868 2329//1868 2330//1868
f 2338//1869 2330//1869 2339//1869
f 2339//1869 2330//1869 2331//1869
f 2339//1870 2331//1870 2340//1870
f 2340//1870 2331//1870 2332//1870
f 2340//1871 2332//1871 2341//1871
f 2342//1872 2333//1872 2343//1872
f 2343//1872 2333//1872 2334//1872
f 2343//1873 2334//1873 2344//1873
f 2344//1873 2334//1873 2335//1873
f 2344//1874 2335//1874 2345//1874
f 2345//1874 2335//1874 2336//1874
f 2345//1875 2336//1875 2346//1875
f 2346//1875 2336//1875 2337//1875
f 2346//1876 2337//1876 2347//1876
f 2347//1876 2337//1876 2338//1876
f 2347//1877 2338//1877 2348//1877
f 2348//1877 2338//1877 2339//1877
f 2348//1878 2339//1878 2349//1878
f 2349//1878 2339//1878 2340//1878
f 2349//1879 2340//1879 2350//1879
f 2350//1879 2340//1879 2341//1879
f 2350//1880 2341//1880 2351//1880
f 2352//1881 2342//1881 2353//1881
f 2353//1881 2342//1881 2343//1881
f 2353//1882 2343//1882 2354//1882
f 2354//1882 2343//1882 2344//1882
f 2354//1883 2344//1883 2355//1883
f 2355//1883 2344//1883 2345//1883
f 2355//1884 2345//1884 2356//1884
f 2356//1884 2345//1884 2346//1884
f 2356//1885 2346//1885 2357//1885
f 2357//1885 2346//1885 2347//1885
f 2357//1886 2347//1886 2358//1886
f 2358//1886 2347//1886 2348//1886
f 2358//1887 2348//1887 2359//1887
f 2359//1887 2348//1887 2349//1887
f 2359//1888 2349//1888 2360//1888
f 2360//1888 2349//1888 2350//1888
f 2360//1889 2350//1889 2361//1889
f 2361//1889 2350//1889 2351//1889
f 2361//1890 2351//1890 2362//1890
f 2363//1891 2364//1891 2365//1891
f 2365//1892 2352//1892 2366//1892
f 2366//1892 2352//1892 2353//1892
f 2366//1893 2353//1893 2367//1893
f 2367//1893 2353//1893 2354//1893
f 2367//1894 2354//1894 2368//1894
f 2368//1894 2354//1894 2355//1894
f 2368//1895 2355//1895 2369//1895
f 2369//1895 2355//1895 2356//1895
f 2369//1896 2356//1896 2370//1896
f 2370//1896 2356//1896 2357//1896
f 2370//1897 2357//1897 2371//1897
f 2371//1897 2357//1897 2358//1897
f 2371//1898 2358//1898 2372//1898
f 2372//1898 2358//1898 2359//1898
f 2372//1899 2359//1899 2373//1899
f 2373//1899 2359//1899 2360//1899
f 2373//1900 2360//1900 2374//1900
f 2374//1900 2360//1900 2361//1900
f 2374//1901 2361//1901 2375//1901
f 2375//1901 2361//1901 2362//1901
f 2375//1902 2362//1902 2376//1902
f 2377//1903 2378//1903 2379//1903
f 2379//1903 2378//1903 2380//1903
f 2379//1904 2380//1904 2381//1904
f 2381//1904 2380//1904 2382//1904
f 2381//1905 2382//1905 2383//1905
f 2383//1905 2382//1905 2384//1905
f 2383//1906 2384//1906 2385//1906
f 2385//1906 2384//1906 2386//1906
f 2385//1907 2386//1907 2387//1907
f 2387//1907 2386//1907 2388//1907
f 2387//1908 2388//1908 2389//1908
f 2389//1908 2388//1908 2390//1908
f 2389//1909 2390//1909 2391//1909
f 2391//1909 2390//1909 2392//1909
f 2391//1910 2392//1910 2393//1910
f 2393//1910 2392//1910 2394//1910
f 2393//1911 2394//1911 2395//1911
f 2395//1911 2394//1911 2396//1911
f 2395//1912 2396//1912 2397//1912
f 2397//1912 2396//1912 2398//1912
f 2397//1913 2398//1913 2399//1913
f 2399//1913 2398//1913 2400//1913
f 2399//1914 2400//1914 2401//1914
f 2401//1914 2400//1914 2402//1914
f 2401//1915 2402//1915 2403//1915
f 2403//1915 2402//1915 2404//1915
f 2403//1916 2404//1916 2405//1916
f 2405//1916 2404//1916 2406//1916
f 2405//1917 2406//1917 2407//1917
f 2407//1917 2406//1917 2408//1917
f 2407//1918 2408//1918 2409//1918
f 2409//1918 2408//1918 2410//1918
f 2409//1919 2410//1919 2411//1919
f 2411//1919 2410//1919 2412//1919
f 2411//1920 2412//1920 2413//1920
f 2414//1921 2415//1921 2416//1921
f 2416//1921 2415//1921 2417//1921
f 2416//1922 2417//1922 2418//1922
f 2418//1922 2417//1922 2419//1922
f 2418//1923 2419//1923 2420//1923
f 2420//1923 2419//1923 2421//1923
f 2420//1924 2421//1924 2422//1924
f 2422//1924 2421//1924 2423//1924
f 2422//1925 2423//1925 2424//1925
f 2424//1925 2423//1925 2425//1925
f 2424//1926 2425//1926 2426//1926
f 2426//1926 2425//1926 2427//1926
f 2426//1927 2427//1927 2428//1927
f 2428//1927 2427//1927 2429//1927
f 2428//1928 2429//1928 2430//1928
f 2430//1928 2429//1928 2431//1928
f 2430//1929 2431//1929 2432//1929
f 2432//1929 2431//1929 2433//1929
f 2432//1930 2433//1930 2434//1930
f 2434//1930 2433//1930 2435//1930
f 2434//1931 2435//1931 2436//1931
f 2436//1931 2435//1931 2437//1931
f 2436//1932 2437//1932 2438//1932
f 2438//1932 2437//1932 2439//1932
f 2438//1933 2439//1933 2440//1933
f 2440//1933 2439//1933 2441//1933
f 2440//1934 2441//1934 2442//1934
f 2442//1934 2441//1934 2443//1934
f 2442//1935 2443//1935 2444//1935
f 2444//1935 2443//1935 2445//1935
f 2444//1936 2445//1936 2446//1936
f 2446//1936 2445//1936 2447//1936
f 2446//1937 2447//1937 2448//1937
f 2448//1937 2447//1937 2449//1937
f 2448//1938 2449//1938 2450//1938
f 2450//1938 2449//1938 2451//1938
f 2450//1939 2451//1939 2452//1939
f 2453//1940 2454//1940 2455//1940
f 2455//1940 2454//1940 2456//1940
f 2455//1941 2456//1941 2457//1941
f 2457//1941 2456//1941 2458//1941
f 2457//1942 2458//1942 2459//1942
f 2459//1942 2458//1942 2460//1942
f 2459//1943 2460//1943 2461//1943
f 2461//1943 2460//1943 2462//1943
f 2461//1944 2462//1944 2463//1944
f 2463//1944 2462//1944 2464//1944
f 2463//1945 2464//1945 2465//1945
f 2465//1945 2464//1945 2466//1945
f 2465//1946 2466//1946 2467//1946
f 2467//1946 2466//1946 2468//1946
f 2467//1947 2468//1947 2469//1947
f 2469//1947 2468//1947 2470//1947
f 2469//1948 2470//1948 2471//1948
f 2471//1948 2470//1948 2472//1948
f 2471//1949 2472//1949 2473//1949
f 2473//1949 2472//1949 2474//1949
f 2473//1950 2474//1950 2475//1950
f 2475//1950 2474//1950 2476//1950
f 2475//1951 2476//1951 2477//1951
f 2477//1951 2476//1951 2478//1951
f 2477//1952 2478//1952 2479//1952
f 2479//1952 2478//1952 2480//1952
f 2479//1953 2480//1953 2481//1953
f 2481//1953 2480//1953 2482//1953
f 2481//1954 2482//1954 2483//1954
f 2483//1954 2482//1954 2484//1954
f 2483//1955 2484//1955 2485//1955
f 2485//1955 2484//1955 2486//1955
f 2485//1956 2486//1956 2487//1956
f 2487//1956 2486//1956 2488//1956
f 2487//1957 2488//1957 2489//1957
f 2489//1957 2488//1957 2490//1957
f 2489//1958 2490//1958 2491//1958
f 2491//1958 2490//1958 2492//1958
f 2491//1959 2492//1959 2493//1959
f 2494//1960 2495//1960 2496//1960
f 2496//1960 2495//1960 2497//1960
f 2496//1961 2497//1961 2498//1961
f 2498//1961 2497//1961 2499//1961
f 2498//1962 2499//1962 2500//1962
f 2500//1962 2499//1962 2501//1962
f 2500//1963 2501//1963 2502//1963
f 2502//1963 2501//1963 2503//1963
f 2502//1964 2503//1964 2504//1964
f 2504//1964 2503//1964 2505//1964
f 2504//1965 2505//1965 2506//1965
f 2506//1965 2505//1965 2507//1965
f 2506//1966 2507//1966 2508//1966
f 2508//1966 2507//1966 2509//1966
f 2508//1967 2509//1967 2510//1967
f 2510//1967 2509//1967 2511//1967
f 2510//1968 2511//1968 2512//1968
f 2512//1968 2511//1968 2513//1968
f 2512//1969 2513//1969 2514//1969
f 2514//1969 2513//1969 2515//1969
f 2514//1970 2515//1970 2516//1970
f 2516//1970 2515//1970 2517//1970
f 2516//1971 2517//1971 2518//1971
f 2518//1971 2517//1971 2519//1971
f 2518//1972 2519//1972 2520//1972
f 2520//1972 2519//1972 2521//1972
f 2520//1973 2521//1973 2522//1973
f 2522//1973 2521//1973 2523//1973
f 2522//1974 2523//1974 2524//1974
f 2524//1974 2523//1974 2525//1974
f 2524//1975 2525//1975 2526//1975
f 2526//1975 2525//1975 2527//1975
f 2526//1976 2527//1976 2528//1976
f 2528//1976 2527//1976 2529//1976
f 2528//1977 2529//1977 2530//1977
f 2530//1977 2529//1977 2531//1977
f 2530//1978 2531//1978 2532//1978
f 2532//1978 2531//1978 2533//1978
f 2532//1979 2533//1979 2534//1979
f 2534//1979 2533//1979 2535//1979
f 2534//1980 2535//1980 2536//1980
f 2537//1981 2538//1981 2539//1981
f 2539//1981 2538//1981 2540//1981
f 2539//1982 2540//1982 2541//1982
f 2541//1982 2540//1982 2542//1982
f 2541//1983 2542//1983 2543//1983
f 2543//1983 2542//1983 2544//1983
f 2543//1984 2544//1984 2545//1984
f 2545//1984 2544//1984 2546//1984
f 2545//1985 2546//1985 2547//1985
f 2547//1985 2546//1985 2548//1985
f 2547//1986 2548//1986 2549//1986
f 2549//1986 2548//1986 2550//1986
f 2549//1987 2550//1987 2551//1987
f 2551//1987 2550//1987 2552//1987
f 2551//1988 2552//1988 2553//1988
f 2553//1988 2552//1988 2554//1988
f 2553//1989 2554//1989 2555//1989
f 2555//1989 2554//1989 2556//1989
f 2555//1990 2556//1990 2557//1990
f 2557//1990 2556//1990 2558//1990
f 2557//1991 2558//1991 2559//1991
f 2559//1991 2558//1991 2560//1991
f 2559//1992 2560//1992 2561//1992
f 2561//1992 2560//1992 2562//1992
f 2561//1993 2562//1993 2563//1993
f 2563//1993 2562//1993 2564//1993
f 2563//1994 2564//1994 2565//1994
f 2565//1994 2564//1994 2566//1994
f 2565//1995 2566//1995 2567//1995
f 2567//1995 2566//1995 2568//1995
f 2567//1996 2568//1996 2569//1996
f 2569//1996 2568//1996 2570//1996
f 2569//1997 2570//1997 2571//1997
f 2571//1997 2570//1997 2572//1997
f 2571//1998 2572//1998 2573//1998
f 2573//1998 2572//1998 2574//1998
f 2573//1999 2574//1999 2575//1999
f 2575//1999 2574//1999 2576//1999
f 2575//2000 2576//2000 2577//2000
f 2577//2000 2576//2000 2578//2000
f 2577//2001 2578//2001 2579//2001
f 2579//2001 2578//2001 2580//2001
f 2579//2002 2580//2002 2581//2002
f 2582//2003 2583//2003 2584//2003
f 2584//2004 2583//2004 2585//2004
f 2584//2005 2585//2005 2586//2005
f 2586//2005 2585//2005 2587//2005
f 2586//2006 2587//2006 2588//2006
f 2588//2006 2587//2006 2589//2006
f 2590//2007 2582//2007 2591//2007
f 2591//2008 2582//2008 2584//2008
f 2591//2009 2584//2009 2592//2009
f 2592//2009 2584//2009 2586//2009
f 2592//2010 2586//2010 2593//2010
f 2593//2010 2586//2010 2588//2010
f 2594//2011 2590//2011 2595//2011
f 2595//2012 2590//2012 2591//2012
f 2595//2013 2591//2013 2596//2013
f 2596//2013 2591//2013 2592//2013
f 2596//2014 2592//2014 2597//2014
f 2597//2014 2592//2014 2593//2014
f 2598//2015 2594//2015 2599//2015
f 2599//2016 2594//2016 2595//2016
f 2599//2017 2595//2017 2600//2017
f 2600//2017 2595//2017 2596//2017
f 2600//2018 2596//2018 2601//2018
f 2601//2018 2596//2018 2597//2018
f 2602//2019 2598//2019 2603//2019
f 2603//2020 2598//2020 2599//2020
f 2603//2021 2599//2021 2604//2021
f 2604//2021 2599//2021 2600//2021
f 2604//2022 2600//2022 2605//2022
f 2605//2022 2600//2022 2601//2022
f 2606//2023 2602//2023 2607//2023
f 2607//2024 2602//2024 2603//2024
f 2607//2025 2603//2025 2608//2025
f 2608//2025 2603//2025 2604//2025
f 2608//2026 2604//2026 2609//2026
f 2609//2026 2604//2026 2605//2026
f 2610//2027 2606//2027 2611//2027
f 2611//2028 2606//2028 2607//2028
f 2611//2029 2607//2029 2612//2029
f 2612//2029 2607//2029 2608//2029
f 2612//2030 2608//2030 2613//2030
f 2613//2030 2608//2030 2609//2030
f 2614//2031 2615//2031 2616//2031
f 2616//2032 2610//2032 2617//2032
f 2617//2033 2610//2033 2611//2033
f 2617//2034 2611//2034 2618//2034
f 2618//2034 2611//2034 2612//2034
f 2618//2035 2612//2035 2619//2035
f 2619//2035 2612//2035 2613//2035
f 2620//2036 2614//2036 2617//2036
f 2617//2037 2614//2037 2616//2037
f 2620//2036 2617//2036 2618//2036
f 2621//2038 2620//2038 2618//2038
f 2621//2038 2618//2038 2619//2038
f 2622//2039 2623//2039 2624//2039
f 2624//2040 2623//2040 2625//2040
f 2622//2039 2624//2039 2626//2039
f 2627//2041 2622//2041 2626//2041
f 2627//2041 2626//2041 2628//2041
f 2629//2042 2627//2042 2628//2042
f 2629//2042 2628//2042 2630//2042
f 2629//2043 2630//2043 2631//2043
f 2631//2043 2630//2043 2632//2043
f 2631//2044 2632//2044 2633//2044
f 2633//2044 2632//2044 2634//2044
f 2633//2045 2634//2045 2635//2045
f 2635//2045 2634//2045 2636//2045
f 2635//2046 2636//2046 2637//2046
f 2637//2046 2636//2046 2638//2046
f 2637//2047 2638//2047 2639//2047
f 2639//2047 2638//2047 2640//2047
f 2639//2048 2640//2048 2641//2048
f 2641//2048 2640//2048 2642//2048
f 2641//2049 2642//2049 2643//2049
f 2643//2049 2642//2049 2644//2049
f 2645//2050 2646//2050 2647//2050
f 2647//2051 2646//2051 2648//2051
f 2647//2052 2648//2052 2649//2052
f 2649//2053 2648//2053 2650//2053
f 2649//2054 2650//2054 2651//2054
f 2651//2055 2650//2055 2652//2055
f 2651//2056 2652//2056 2653//2056
f 2646//2051 2654//2051 2648//2051
f 2648//2057 2654//2057 2655//2057
f 2648//2053 2655//2053 2650//2053
f 2650//2058 2655//2058 2656//2058
f 2650//2055 2656//2055 2652//2055
f 2654//2057 2657//2057 2655//2057
f 2655//2059 2657//2059 2658//2059
f 2655//2058 2658//2058 2656//2058
f 2659//2060 2660//2060 2661//2060
f 2661//2060 2660//2060 2662//2060
f 2661//2061 2662//2061 2663//2061
f 2660//2062 2659//2062 2664//2062
f 2664//2062 2659//2062 2665//2062
f 2664//2063 2665//2063 2666//2063
f 2666//2063 2665//2063 2667//2063
f 2666//2064 2667//2064 2668//2064
f 2668//2064 2667//2064 2669//2064
f 2668//2065 2669//2065 2670//2065
f 2670//2065 2669//2065 2671//2065
f 2670//2066 2671//2066 2672//2066
f 2672//2066 2671//2066 2673//2066
f 2672//2067 2673//2067 2674//2067
f 2674//2067 2673//2067 2675//2067
f 2674//2068 2675//2068 2676//2068
f 2676//2068 2675//2068 2677//2068
f 2676//2069 2677//2069 2678//2069
f 2678//2069 2677//2069 2679//2069
f 2678//2070 2679//2070 2680//2070
f 2680//2070 2679//2070 2681//2070
f 2680//2071 2681//2071 2682//2071
f 2683//2072 2684//2072 2685//2072
f 2685//2072 2684//2072 2686//2072
f 2685//2073 2686//2073 2687//2073
f 2688//2074 2689//2074 2684//2074
f 2684//2075 2689//2075 2686//2075
f 2684//2076 2683//2076 2690//2076
f 2690//2076 2683//2076 2691//2076
f 2690//2077 2691//2077 2692//2077
f 2692//2077 2691//2077 2693//2077
f 2692//2078 2693//2078 2694//2078
f 2694//2078 2693//2078 2695//2078
f 2694//2079 2695//2079 2696//2079
f 2696//2079 2695//2079 2697//2079
f 2696//2080 2697//2080 2698//2080
f 2698//2080 2697//2080 2699//2080
f 2698//2081 2699//2081 2700//2081
f 2700//2081 2699//2081 2701//2081
f 2700//2082 2701//2082 2702//2082
f 2702//2082 2701//2082 2703//2082
f 2702//2083 2703//2083 2704//2083
f 2704//2083 2703//2083 2705//2083
f 2704//2084 2705//2084 2706//2084
f 2706//2084 2705//2084 2707//2084
f 2706//2085 2707//2085 2708//2085
f 2708//2085 2707//2085 2709//2085
f 2708//2086 2709//2086 2710//2086
f 2710//2086 2709//2086 2711//2086
f 2710//2087 2711//2087 2712//2087
f 2712//2087 2711//2087 2713//2087
f 2712//2088 2713//2088 2714//2088
f 2714//2088 2713//2088 2715//2088
f 2714//2089 2715//2089 2716//2089
f 2716//2089 2715//2089 2717//2089
f 2716//2090 2717//2090 2718//2090
f 2718//2090 2717//2090 2719//2090
f 2718//2091 2719//2091 2720//2091
f 2720//2091 2719//2091 2721//2091
f 2720//2092 2721//2092 2722//2092
f 2722//2092 2721//2092 2723//2092
f 2722//2093 2723//2093 2724//2093
f 2724//2093 2723//2093 2725//2093
f 2724//2094 2725//2094 2726//2094
f 2726//2094 2725//2094 2727//2094
f 2726//2095 2727//2095 2728//2095
f 2728//2095 2727//2095 2729//2095
f 2728//2096 2729//2096 2730//2096
f 2731//2097 2732//2097 2733//2097
f 2733//2098 2732//2098 2734//2098
f 2731//2097 2733//2097 2735//2097
f 2731//2099 2735//2099 2736//2099
f 2736//2099 2735//2099 2737//2099
f 2736//2100 2737//2100 2738//2100
f 2738//2100 2737//2100 2739//2100
f 2738//2101 2739//2101 2740//2101
f 2740//2101 2739//2101 2741//2101
f 2740//2102 2741//2102 2742//2102
f 2742//2102 2741//2102 2743//2102
f 2742//2103 2743//2103 2744//2103
f 2744//2103 2743//2103 2745//2103
f 2744//2104 2745//2104 2746//2104
f 2746//2104 2745//2104 2747//2104
f 2746//2105 2747//2105 2748//2105
f 2748//2105 2747//2105 2749//2105
f 2748//2106 2749//2106 2750//2106
f 2750//2106 2749//2106 2751//2106
f 2750//2107 2751//2107 2752//2107
f 2752//2107 2751//2107 2753//2107
f 2752//2108 2753//2108 2754//2108
f 2754//2108 2753//2108 2755//2108
f 2754//2109 2755//2109 2756//2109
f 2756//2109 2755//2109 2757//2109
f 2756//2110 2757//2110 2758//2110
f 2758//2110 2757//2110 2759//2110
f 2758//2111 2759//2111 2760//2111
f 2760//2111 2759//2111 2761//2111
f 2760//2112 2761//2112 2762//2112
f 2762//2112 2761//2112 2763//2112
f 2762//2113 2763//2113 2764//2113
f 2764//2113 2763//2113 2765//2113
f 2764//2114 2765//2114 2766//2114
f 2766//2114 2765//2114 2767//2114
f 2766//2115 2767//2115 2768//2115
f 2768//2115 2767//2115 2769//2115
f 2768//2116 2769//2116 2770//2116
f 2770//2116 2769//2116 2771//2116
f 2770//2117 2771//2117 2772//2117
f 2772//2117 2771//2117 2773//2117
f 2774//2118 2775//2118 2776//2118
f 2776//2119 2775//2119 2777//2119
f 2776//2120 2777//2120 2778//2120
f 2778//2121 2777//2121 2779//2121
f 2778//2122 2779//2122 2780//2122
f 2780//2123 2779//2123 2781//2123
f 2780//2124 2781//2124 2782//2124
f 2782//2125 2781//2125 2783//2125
f 2782//2126 2783//2126 2784//2126
f 2784//2127 2783//2127 2785//2127
f 2784//2128 2785//2128 2786//2128
f 2786//2129 2785//2129 2787//2129
f 2786//2130 2787//2130 2788//2130
f 2788//2131 2787//2131 2789//2131
f 2788//2132 2789//2132 2790//2132
f 2790//2133 2789//2133 2791//2133
f 2790//2134 2791//2134 2792//2134
f 2792//2135 2791//2135 2793//2135
f 2775//2136 2794//2136 2777//2136
f 2777//2137 2794//2137 2795//2137
f 2777//2138 2795//2138 2779//2138
f 2779//2139 2795//2139 2796//2139
f 2779//2140 2796//2140 2781//2140
f 2781//2141 2796//2141 2797//2141
f 2781//2142 2797//2142 2783//2142
f 2783//2143 2797//2143 2798//2143
f 2783//2144 2798//2144 2785//2144
f 2785//2145 2798//2145 2799//2145
f 2785//2146 2799//2146 2787//2146
f 2787//2147 2799//2147 2800//2147
f 2787//2148 2800//2148 2789//2148
f 2789//2149 2800//2149 2801//2149
f 2789//2150 2801//2150 2791//2150
f 2791//2151 2801//2151 2802//2151
f 2791//2152 2802//2152 2793//2152
f 2793//2153 2802//2153 2803//2153
f 2794//2154 2804//2154 2795//2154
f 2795//2155 2804//2155 2805//2155
f 2795//2156 2805//2156 2796//2156
f 2796//2157 2805//2157 2806//2157
f 2796//2158 2806//2158 2797//2158
f 2797//2159 2806//2159 2807//2159
f 2797//2160 2807//2160 2798//2160
f 2798//2161 2807//2161 2808//2161
f 2798//2162 2808//2162 2799//2162
f 2799//2163 2808//2163 2809//2163
f 2799//2164 2809//2164 2800//2164
f 2800//2165 2809//2165 2810//2165
f 2800//2166 2810//2166 2801//2166
f 2801//2167 2810//2167 2811//2167
f 2801//2168 2811//2168 2802//2168
f 2802//2169 2811//2169 2812//2169
f 2802//2170 2812//2170 2803//2170
f 2803//2171 2812//2171 2813//2171
f 2814//2172 2815//2172 2816//2172
f 2816//2173 2815//2173 2817//2173
f 2816//2174 2817//2174 2818//2174
f 2818//2175 2817//2175 2819//2175
f 2818//2176 2819//2176 2820//2176
f 2820//2177 2819//2177 2821//2177
f 2820//2178 2821//2178 2822//2178
f 2822//2179 2821//2179 2823//2179
f 2822//2180 2823//2180 2824//2180
f 2824//2181 2823//2181 2825//2181
f 2824//2182 2825//2182 2826//2182
f 2826//2183 2825//2183 2827//2183
f 2826//2184 2827//2184 2828//2184
f 2828//2185 2827//2185 2829//2185
f 2828//2186 2829//2186 2830//2186
f 2830//2187 2829//2187 2831//2187
f 2830//2188 2831//2188 2832//2188
f 2833//2189 2834//2189 2835//2189
f 2833//2190 2835//2190 2836//2190
f 2836//2190 2835//2190 2837//2190
f 2836//2191 2837//2191 2838//2191
f 2838//2191 2837//2191 2839//2191
f 2838//2192 2839//2192 2840//2192
f 2840//2192 2839//2192 2841//2192
f 2842//2193 2843//2193 2844//2193
f 2844//2194 2843//2194 2845//2194
f 2844//2195 2845//2195 2846//2195
f 2847//2194 2845//2194 2843//2194
f 2838//2196 2848//2196 2836//2196
f 2836//2196 2848//2196 2849//2196
f 2836//2197 2849//2197 2833//2197
f 2849//2198 2848//2198 2850//2198
f 2850//2199 2848//2199 2851//2199
f 2850//2200 2851//2200 2852//2200
f 2840//2201 2853//2201 2838//2201
f 2838//2201 2853//2201 2848//2201
f 2853//2199 2851//2199 2848//2199
f 2854//2202 2855//2202 2856//2202
f 2856//2202 2855//2202 2857//2202
f 2856//2203 2857//2203 2858//2203
f 2858//2203 2857//2203 2859//2203
f 2858//2204 2859//2204 2860//2204
f 2861//2205 2862//2205 2863//2205
f 2863//2205 2862//2205 2864//2205
f 2863//2206 2864//2206 2865//2206
f 2866//2207 2867//2207 2868//2207
f 2868//2208 2867//2208 2869//2208
f 2868//2208 2869//2208 2870//2208
f 2870//2209 2869//2209 2871//2209
f 2872//2210 2873//2210 2874//2210
f 2874//2211 2873//2211 2875//2211
f 2876//2212 2877//2212 2878//2212
f 2876//2212 2878//2212 2879//2212
f 2879//2213 2878//2213 2880//2213
f 2858//2214 2881//2214 2856//2214
f 2856//2214 2881//2214 2882//2214
f 2856//2215 2882//2215 2883//2215
f 2882//2216 2881//2216 2884//2216
f 2884//2217 2881//2217 2885//2217
f 2884//2218 2885//2218 2886//2218
f 2886//2219 2885//2219 2887//2219
f 2886//2220 2887//2220 2888//2220
f 2888//2221 2887//2221 2889//2221
f 2888//2222 2889//2222 2890//2222
f 2890//2223 2889//2223 2891//2223
f 2890//2224 2891//2224 2892//2224
f 2892//2225 2891//2225 2893//2225
f 2892//2226 2893//2226 2894//2226
f 2894//2227 2893//2227 2895//2227
f 2894//2228 2895//2228 2896//2228
f 2896//2229 2895//2229 2897//2229
f 2881//2230 2898//2230 2899//2230
f 2899//2230 2898//2230 2900//2230
f 2899//2231 2900//2231 2901//2231
f 2902//2232 2903//2232 2904//2232
f 2904//2232 2903//2232 2905//2232
f 2904//2233 2905//2233 2906//2233
f 2907//2234 2908//2234 2903//2234
f 2903//2235 2908//2235 2905//2235
f 2907//2234 2903//2234 2909//2234
f 2909//2236 2903//2236 2902//2236
f 2910//2237 2911//2237 2912//2237
f 2913//2238 2910//2238 2914//2238
f 2914//2238 2910//2238 2912//2238
f 2914//2239 2912//2239 2915//2239
f 2913//2240 2914//2240 2916//2240
f 2916//2241 2914//2241 2917//2241
f 2916//2242 2917//2242 2918//2242
f 2918//2243 2917//2243 2919//2243
f 2918//2244 2919//2244 2920//2244
f 2920//2245 2919//2245 2921//2245
f 2920//2246 2921//2246 2922//2246
f 2922//2247 2921//2247 2923//2247
f 2922//2248 2923//2248 2924//2248
f 2924//2249 2923//2249 2925//2249
f 2924//2250 2925//2250 2926//2250
f 2926//2251 2925//2251 2927//2251
f 2926//2252 2927//2252 2928//2252
f 2928//2253 2927//2253 2929//2253
f 2928//2254 2929//2254 2930//2254
f 2930//2255 2929//2255 2931//2255
f 2917//2241 2914//2241 2915//2241
f 2932//2256 2933//2256 2934//2256
f 2932//2257 2934//2257 2935//2257
f 2935//2258 2934//2258 2936//2258
f 2935//2259 2936//2259 2937//2259
f 2937//2260 2936//2260 2938//2260
f 2937//2261 2938//2261 2939//2261
f 2939//2262 2938//2262 2940//2262
f 2939//2263 2940//2263 2941//2263
f 2941//2264 2940//2264 2942//2264
f 2941//2265 2942//2265 2943//2265
f 2943//2266 2942//2266 2944//2266
f 2943//2267 2944//2267 2945//2267
f 2945//2268 2944//2268 2946//2268
f 2945//2269 2946//2269 2947//2269
f 2947//2270 2946//2270 2948//2270
f 2949//2271 2950//2271 2951//2271
f 2952//2272 2953//2272 2954//2272
f 2954//2273 2953//2273 2955//2273
f 2954//2274 2955//2274 2956//2274
f 2956//2275 2955//2275 2957//2275
f 2956//2276 2957//2276 2958//2276
f 2958//2277 2957//2277 2959//2277
f 2958//2278 2959//2278 2960//2278
f 2960//2279 2959//2279 2961//2279
f 2960//2280 2961//2280 2962//2280
f 2962//2281 2961//2281 2963//2281
f 2962//2282 2963//2282 2964//2282
f 2964//2283 2963//2283 2965//2283
f 2964//2284 2965//2284 2966//2284
f 2966//2285 2965//2285 2967//2285
f 2955//2273 2953//2273 2968//2273
f 2969//2286 2970//2286 2971//2286
f 2972//2287 2973//2287 2974//2287
f 2974//2288 2973//2288 2975//2288
f 2957//2275 2955//2275 2976//2275
f 2976//2289 2955//2289 2968//2289
f 2977//2290 2972//2290 2978//2290
f 2978//2291 2972//2291 2974//2291
f 2979//2292 2980//2292 2981//2292
f 2981//2292 2980//2292 2982//2292
f 2981//2293 2982//2293 2983//2293
f 2982//2294 2980//2294 2984//2294
f 2984//2295 2980//2295 2985//2295
f 2984//2296 2985//2296 2986//2296
f 2986//2297 2985//2297 2987//2297
f 2986//2298 2987//2298 2988//2298
f 2988//2299 2987//2299 2989//2299
f 2988//2300 2989//2300 2990//2300
f 2990//2301 2989//2301 2991//2301
f 2990//2302 2991//2302 2992//2302
f 2980//2303 2979//2303 2993//2303
f 2993//2303 2979//2303 2994//2303
f 2993//2304 2994//2304 2995//2304
f 2995//2304 2994//2304 2996//2304
f 2995//2305 2996//2305 2997//2305
f 2998//2306 2976//2306 2999//2306
f 2998//2307 2999//2307 3000//2307
f 3000//2308 2999//2308 3001//2308
f 3000//2309 3001//2309 3002//2309
f 3002//2310 3001//2310 3003//2310
f 3002//2311 3003//2311 3004//2311
f 3004//2312 3003//2312 3005//2312
f 3004//2313 3005//2313 3006//2313
f 3006//2314 3005//2314 3007//2314
f 3006//2315 3007//2315 3008//2315
f 3009//2316 3010//2316 3011//2316
f 3009//2317 3011//2317 3012//2317
f 3012//2318 3011//2318 3013//2318
f 3012//2319 3013//2319 3014//2319
f 3014//2320 3013//2320 3015//2320
f 3014//2321 3015//2321 3016//2321
f 3016//2322 3015//2322 3017//2322
f 3016//2323 3017//2323 3018//2323
f 3018//2324 3017//2324 3019//2324
f 3018//2325 3019//2325 3020//2325
f 3020//2326 3019//2326 3021//2326
f 3022//2327 3023//2327 3024//2327
f 3024//2328 3023//2328 3025//2328
f 3024//2329 3025//2329 3026//2329
f 3026//2330 3025//2330 3027//2330
f 3026//2331 3027//2331 3028//2331
f 3028//2332 3027//2332 3029//2332
f 3028//2333 3029//2333 3030//2333
f 3025//2328 3023//2328 3031//2328
f 3025//2334 3031//2334 3032//2334
f 3032//2334 3031//2334 3033//2334
f 3032//2335 3033//2335 3034//2335
f 3025//2330 3032//2330 3027//2330
f 3027//2336 3032//2336 3035//2336
f 3027//2332 3035//2332 3029//2332
f 3035//2336 3032//2336 3034//2336
