g 0
v -0.02 0.015 0
v -0.02 -0.015 0
v -0.0179975 0.017352 0
v -0.0179975 -0.017352 0
v -0.0157201 0.0194391 0
v -0.0157201 -0.0194391 0
v -0.0132028 0.0212293 0
v -0.0132028 -0.0212293 0
v -0.0104839 0.0226955 0
v -0.007605 0.0238152 0
v -0.00460994 0.0245713 0
v -0.00154451 0.0249522 0
v -0.0104839 -0.0226955 0
v 0.0104839 -0.0226955 0
v 0.007605 -0.0238152 0
v -0.007605 -0.0238152 0
v 0.00460994 -0.0245713 0
v -0.00460994 -0.0245713 0
v 0.00154451 -0.0249522 0
v -0.00154451 -0.0249522 0
v 0.0132028 -0.0212293 0
v 0.0104839 0.0226955 0
v 0.007605 0.0238152 0
v 0.00460994 0.0245713 0
v 0.0132028 0.0212293 0
v 0.0157201 -0.0194391 0
v 0.0157201 0.0194391 0
v 0.0179975 -0.017352 0
v 0.0179975 0.017352 0
v 0.02 -0.015 0
v 0.02 0.015 0
v 0.00154451 0.0249522 0
v -0.0247947 0.00319693 -0.0279508
v -0.0249486 0.00160176 -0.05
v -0.025 -3.06162e-18 -0.0279508
v -0.0249486 -0.00160176 -0.05
v -0.0247947 -0.00319693 -0.0279508
v -0.024539 -0.00477897 -0.05
v -0.0241824 -0.00634136 -0.0279508
v -0.0237264 -0.00787771 -0.05
v -0.0231729 -0.00938168 -0.0279508
v -0.0225242 -0.0108471 -0.05
v -0.021783 -0.0122679 -0.0279508
v -0.0209522 -0.0136384 -0.05
v -0.0200353 -0.0149528 -0.0279508
v -0.0190361 -0.0162057 -0.05
v -0.0179587 -0.0173921 -0.0279508
v -0.0168075 -0.0185069 -0.05
v -0.0155872 -0.0195458 -0.0279508
v -0.0143029 -0.0205043 -0.05
v -0.0129598 -0.0213786 -0.0279508
v -0.0115635 -0.022165 -0.05
v -0.0101196 -0.0228603 -0.0279508
v -0.00863413 -0.0234617 -0.05
v -0.00711319 -0.0239667 -0.0279508
v -0.00556302 -0.0243732 -0.05
v -0.00399 -0.0246795 -0.0279508
v -0.00240058 -0.0248845 -0.05
v -0.000801289 -0.0249872 -0.0279508
v 0.000801289 -0.0249872 -0.05
v 0.00240058 -0.0248845 -0.0279508
v 0.00399 -0.0246795 -0.05
v 0.00556302 -0.0243732 -0.0279508
v 0.00711319 -0.0239667 -0.05
v 0.00863413 -0.0234617 -0.0279508
v 0.0101196 -0.0228603 -0.05
v 0.0115635 -0.022165 -0.0279508
v 0.0129598 -0.0213786 -0.05
v 0.0143029 -0.0205043 -0.0279508
v 0.0155872 -0.0195458 -0.05
v 0.0168075 -0.0185069 -0.0279508
v 0.0179587 -0.0173921 -0.05
v 0.0190361 -0.0162057 -0.0279508
v 0.0200353 -0.0149528 -0.05
v 0.0209522 -0.0136384 -0.0279508
v 0.021783 -0.0122679 -0.05
v 0.0225242 -0.0108471 -0.0279508
v 0.0231729 -0.00938168 -0.05
v 0.0237264 -0.00787771 -0.0279508
v 0.0241824 -0.00634136 -0.05
v 0.024539 -0.00477897 -0.0279508
v 0.0247947 -0.00319693 -0.05
v 0.0249486 -0.00160176 -0.0279508
v 0.025 0 -0.05
v 0.0249486 0.00160176 -0.0279508
v 0.0247947 0.00319693 -0.05
v 0.024539 0.00477897 -0.0279508
v 0.0241824 0.00634136 -0.05
v 0.0237264 0.00787771 -0.0279508
v 0.0231729 0.00938168 -0.05
v 0.0225242 0.0108471 -0.0279508
v 0.021783 0.0122679 -0.05
v 0.0209522 0.0136384 -0.0279508
v 0.0200353 0.0149528 -0.05
v 0.0190361 0.0162057 -0.0279508
v 0.0179587 0.0173921 -0.05
v 0.0168075 0.0185069 -0.0279508
v 0.0155872 0.0195458 -0.05
v 0.0143029 0.0205043 -0.0279508
v 0.0129598 0.0213786 -0.05
v 0.0115635 0.022165 -0.0279508
v 0.0101196 0.0228603 -0.05
v 0.00863413 0.0234617 -0.0279508
v 0.00711319 0.0239667 -0.05
v 0.00556302 0.0243732 -0.0279508
v 0.00399 0.0246795 -0.05
v 0.00240058 0.0248845 -0.0279508
v 0.000801289 0.0249872 -0.05
v -0.000801289 0.0249872 -0.0279508
v -0.00240058 0.0248845 -0.05
v -0.00399 0.0246795 -0.0279508
v -0.00556302 0.0243732 -0.05
v -0.00711319 0.0239667 -0.0279508
v -0.00863413 0.0234617 -0.05
v -0.0101196 0.0228603 -0.0279508
v -0.0115635 0.022165 -0.05
v -0.0129598 0.0213786 -0.0279508
v -0.0143029 0.0205043 -0.05
v -0.0155872 0.0195458 -0.0279508
v -0.0168075 0.0185069 -0.05
v -0.0179587 0.0173921 -0.0279508
v -0.0190361 0.0162057 -0.05
v -0.0200353 0.0149528 -0.0279508
v -0.0209522 0.0136384 -0.05
v -0.021783 0.0122679 -0.0279508
v -0.0225242 0.0108471 -0.05
v -0.0231729 0.00938168 -0.0279508
v -0.0237264 0.00787771 -0.05
v -0.0241824 0.00634136 -0.0279508
v -0.024539 0.00477897 -0.05
v -0.0247947 0.00319693 -0.0279508
v -0.0249486 0.00160176 -0.05
v -0.0198989 -0.0151346 -0.00200679
v -0.0196011 -0.0155176 -0.00397453
v -0.02 -0.015 0
v -0.0179975 -0.017352 0
v -0.0191153 -0.0161123 -0.0058824
v -0.0184526 -0.0168672 -0.00771383
v -0.0176244 -0.0177304 -0.00945386
v -0.0166448 -0.0186534 -0.0110883
v -0.0157201 -0.0194391 0
v -0.0155302 -0.0195907 -0.0126017
v -0.0143038 -0.0205037 -0.0139786
v -0.0132028 -0.0212293 0
v -0.0129528 -0.0213826 -0.0152386
v -0.0114344 -0.0222318 -0.016409
v -0.0104839 -0.0226955 0
v -0.00976263 -0.0230147 -0.0174551
v -0.007605 -0.0238152 0
v -0.00795949 -0.0236991 -0.0183479
v -0.00604894 -0.0242568 -0.019063
v -0.00460994 -0.0245713 0
v -0.00406111 -0.0246679 -0.0195833
v -0.00154451 -0.0249522 0
v -0.00203154 -0.0249169 -0.0198962
v -9.4369e-18 -0.025 -0.02
v 0.00154451 -0.0249522 0
v 0.00203154 -0.0249169 -0.0198962
v 0.00406111 -0.0246679 -0.0195833
v 0.00460994 -0.0245713 0
v 0.00604894 -0.0242568 -0.019063
v 0.007605 -0.0238152 0
v 0.00795949 -0.0236991 -0.0183479
v 0.00976263 -0.0230147 -0.0174551
v 0.0104839 -0.0226955 0
v 0.0114344 -0.0222318 -0.016409
v 0.0132028 -0.0212293 0
v 0.0129528 -0.0213826 -0.0152386
v 0.0143038 -0.0205037 -0.0139786
v 0.0157201 -0.0194391 0
v 0.0155302 -0.0195907 -0.0126017
v 0.0166448 -0.0186534 -0.0110883
v 0.0179975 -0.017352 0
v 0.0176244 -0.0177304 -0.00945386
v 0.0184526 -0.0168672 -0.00771383
v 0.0191153 -0.0161123 -0.0058824
v 0.02 -0.015 0
v 0.0196011 -0.0155176 -0.00397453
v 0.0198989 -0.0151346 -0.00200679
v 0.0198989 0.0151346 -0.00200679
v 0.0196011 0.0155176 -0.00397453
v 0.02 0.015 0
v 0.0191153 0.0161123 -0.0058824
v 0.0179975 0.017352 0
v 0.0184526 0.0168672 -0.00771383
v 0.0176244 0.0177304 -0.00945386
v 0.0166448 0.0186534 -0.0110883
v 0.0157201 0.0194391 0
v 0.0155302 0.0195907 -0.0126017
v 0.0143038 0.0205037 -0.0139786
v 0.0132028 0.0212293 0
v 0.0129528 0.0213826 -0.0152386
v 0.0114344 0.0222318 -0.016409
v 0.0104839 0.0226955 0
v 0.00976263 0.0230147 -0.0174551
v 0.007605 0.0238152 0
v 0.00795949 0.0236991 -0.0183479
v 0.00604894 0.0242568 -0.019063
v 0.00460994 0.0245713 0
v 0.00406111 0.0246679 -0.0195833
v 0.00154451 0.0249522 0
v 0.00203154 0.0249169 -0.0198962
v 2.91434e-18 0.025 -0.02
v -0.00154451 0.0249522 0
v -0.00203154 0.0249169 -0.0198962
v -0.00406111 0.0246679 -0.0195833
v -0.00460994 0.0245713 0
v -0.00604894 0.0242568 -0.019063
v -0.007605 0.0238152 0
v -0.00795949 0.0236991 -0.0183479
v -0.00976263 0.0230147 -0.0174551
v -0.0104839 0.0226955 0
v -0.0114344 0.0222318 -0.016409
v -0.0132028 0.0212293 0
v -0.0129528 0.0213826 -0.0152386
v -0.0143038 0.0205037 -0.0139786
v -0.0157201 0.0194391 0
v -0.0155302 0.0195907 -0.0126017
v -0.0166448 0.0186534 -0.0110883
v -0.0179975 0.017352 0
v -0.0176244 0.0177304 -0.00945386
v -0.0184526 0.0168672 -0.00771383
v -0.0191153 0.0161123 -0.0058824
v -0.02 0.015 0
v -0.0196011 0.0155176 -0.00397453
v -0.0198989 0.0151346 -0.00200679
v 0.0247947 -0.00319693 -0.05
v -0.0249486 -0.00160176 -0.05
v 0.025 0 -0.05
v -0.0249486 0.00160176 -0.05
v 0.0247947 0.00319693 -0.05
v -0.024539 0.00477897 -0.05
v 0.0241824 0.00634136 -0.05
v -0.0237264 0.00787771 -0.05
v 0.0231729 0.00938168 -0.05
v -0.0225242 0.0108471 -0.05
v 0.021783 0.0122679 -0.05
v -0.0209522 0.0136384 -0.05
v 0.0200353 0.0149528 -0.05
v -0.0190361 0.0162057 -0.05
v 0.0179587 0.0173921 -0.05
v -0.0168075 0.0185069 -0.05
v 0.0155872 0.0195458 -0.05
v -0.0143029 0.0205043 -0.05
v 0.0129598 0.0213786 -0.05
v -0.0115635 0.022165 -0.05
v 0.0101196 0.0228603 -0.05
v -0.00863413 0.0234617 -0.05
v 0.00711319 0.0239667 -0.05
v -0.00556302 0.0243732 -0.05
v 0.00399 0.0246795 -0.05
v -0.00240058 0.0248845 -0.05
v 0.000801289 0.0249872 -0.05
v -0.024539 -0.00477897 -0.05
v 0.0247947 -0.00319693 -0.05
v 0.0241824 -0.00634136 -0.05
v -0.0237264 -0.00787771 -0.05
v 0.0231729 -0.00938168 -0.05
v -0.0225242 -0.0108471 -0.05
v 0.021783 -0.0122679 -0.05
v -0.0209522 -0.0136384 -0.05
v 0.0200353 -0.0149528 -0.05
v -0.0190361 -0.0162057 -0.05
v 0.0179587 -0.0173921 -0.05
v -0.0168075 -0.0185069 -0.05
v 0.0155872 -0.0195458 -0.05
v -0.0143029 -0.0205043 -0.05
v 0.0129598 -0.0213786 -0.05
v -0.0115635 -0.022165 -0.05
v 0.0101196 -0.0228603 -0.05
v -0.00863413 -0.0234617 -0.05
v 0.00711319 -0.0239667 -0.05
v -0.00556302 -0.0243732 -0.05
v 0.00399 -0.0246795 -0.05
v -0.00240058 -0.0248845 -0.05
v 0.000801289 -0.0249872 -0.05
v 0.0198989 -0.0151346 -0.00200679
v 0.02 -0.0317214 -2.44929e-18
v 0.02 -0.015 0
v 0.0197964 -0.0317214 0.0028463
v 0.0197964 0.0317214 0.0028463
v 0.0191899 0.0317214 0.00563465
v 0.0191899 -0.0317214 0.00563465
v 0.0181926 0.0317214 0.0083083
v 0.0181926 -0.0317214 0.0083083
v 0.0168251 0.0317214 0.0108128
v 0.0168251 -0.0317214 0.0108128
v 0.015115 0.0317214 0.0130972
v 0.015115 -0.0317214 0.0130972
v 0.0130972 0.0317214 0.015115
v 0.0130972 -0.0317214 0.015115
v 0.0108128 0.0317214 0.0168251
v 0.0108128 -0.0317214 0.0168251
v 0.0083083 0.0317214 0.0181926
v 0.0083083 -0.0317214 0.0181926
v 0.00563465 0.0317214 0.0191899
v 0.00563465 -0.0317214 0.0191899
v 0.0028463 0.0317214 0.0197964
v 0.0028463 -0.0317214 0.0197964
v -1.22465e-18 0.0317214 0.02
v -1.22465e-18 -0.0317214 0.02
v -0.0028463 0.0317214 0.0197964
v -0.0028463 -0.0317214 0.0197964
v -0.00563465 0.0317214 0.0191899
v -0.00563465 -0.0317214 0.0191899
v -0.0083083 0.0317214 0.0181926
v -0.0083083 -0.0317214 0.0181926
v -0.0108128 0.0317214 0.0168251
v -0.0108128 -0.0317214 0.0168251
v -0.0130972 0.0317214 0.015115
v -0.0130972 -0.0317214 0.015115
v -0.015115 0.0317214 0.0130972
v -0.015115 -0.0317214 0.0130972
v -0.0168251 0.0317214 0.0108128
v -0.0168251 -0.0317214 0.0108128
v -0.0181926 0.0317214 0.0083083
v -0.0181926 -0.0317214 0.0083083
v -0.0191899 0.0317214 0.00563465
v -0.0191899 -0.0317214 0.00563465
v -0.0197964 0.0317214 0.0028463
v -0.0197964 -0.0317214 0.0028463
v -0.02 0.015 0
v -0.02 -0.015 0
v -0.02 -0.0317214 0
v -0.0198989 -0.0151346 -0.00200679
v -0.0197964 -0.0317214 -0.0028463
v -0.0196011 -0.0155176 -0.00397453
v -0.0191899 -0.0317214 -0.00563465
v -0.0191153 -0.0161123 -0.0058824
v -0.0184526 -0.0168672 -0.00771383
v -0.0181926 -0.0317214 -0.0083083
v -0.0176244 -0.0177304 -0.00945386
v -0.0168251 -0.0317214 -0.0108128
v -0.0166448 -0.0186534 -0.0110883
v -0.0155302 -0.0195907 -0.0126017
v -0.015115 -0.0317214 -0.0130972
v -0.0143038 -0.0205037 -0.0139786
v -0.0130972 -0.0317214 -0.015115
v -0.0129528 -0.0213826 -0.0152386
v -0.0114344 -0.0222318 -0.016409
v -0.0108128 -0.0317214 -0.0168251
v -0.00976263 -0.0230147 -0.0174551
v -0.0083083 -0.0317214 -0.0181926
v -0.00795949 -0.0236991 -0.0183479
v -0.00604894 -0.0242568 -0.019063
v -0.00563465 -0.0317214 -0.0191899
v -0.00406111 -0.0246679 -0.0195833
v -0.0028463 -0.0317214 -0.0197964
v -0.00203154 -0.0249169 -0.0198962
v -1.22465e-18 -0.0317214 -0.02
v -9.4369e-18 -0.025 -0.02
v 0.00203154 -0.0249169 -0.0198962
v 0.0028463 -0.0317214 -0.0197964
v 0.00406111 -0.0246679 -0.0195833
v 0.00563465 -0.0317214 -0.0191899
v 0.00604894 -0.0242568 -0.019063
v 0.0083083 -0.0317214 -0.0181926
v 0.00795949 -0.0236991 -0.0183479
v 0.00976263 -0.0230147 -0.0174551
v 0.0108128 -0.0317214 -0.0168251
v 0.0114344 -0.0222318 -0.016409
v 0.0130972 -0.0317214 -0.015115
v 0.0129528 -0.0213826 -0.0152386
v 0.0143038 -0.0205037 -0.0139786
v 0.015115 -0.0317214 -0.0130972
v 0.0155302 -0.0195907 -0.0126017
v 0.0168251 -0.0317214 -0.0108128
v 0.0166448 -0.0186534 -0.0110883
v 0.0176244 -0.0177304 -0.00945386
v 0.0181926 -0.0317214 -0.0083083
v 0.0184526 -0.0168672 -0.00771383
v 0.0191899 -0.0317214 -0.00563465
v 0.0191153 -0.0161123 -0.0058824
v 0.0196011 -0.0155176 -0.00397453
v 0.0197964 -0.0317214 -0.0028463
v 0.0198989 -0.0151346 -0.00200679
v 0.02 -0.0317214 -2.44929e-18
v -0.0197964 0.0317214 0.0028463
v -0.02 0.015 0
v -0.02 0.0317214 0
v -0.0198989 0.0151346 -0.00200679
v -0.0197964 0.0317214 -0.0028463
v -0.0196011 0.0155176 -0.00397453
v -0.0191899 0.0317214 -0.00563465
v -0.0191153 0.0161123 -0.0058824
v -0.0184526 0.0168672 -0.00771383
v -0.0181926 0.0317214 -0.0083083
v -0.0176244 0.0177304 -0.00945386
v -0.0168251 0.0317214 -0.0108128
v -0.0166448 0.0186534 -0.0110883
v -0.0155302 0.0195907 -0.0126017
v -0.015115 0.0317214 -0.0130972
v -0.0143038 0.0205037 -0.0139786
v -0.0130972 0.0317214 -0.015115
v -0.0129528 0.0213826 -0.0152386
v -0.0114344 0.0222318 -0.016409
v -0.0108128 0.0317214 -0.0168251
v -0.00976263 0.0230147 -0.0174551
v -0.0083083 0.0317214 -0.0181926
v -0.00795949 0.0236991 -0.0183479
v -0.00604894 0.0242568 -0.019063
v -0.00563465 0.0317214 -0.0191899
v -0.00406111 0.0246679 -0.0195833
v -0.0028463 0.0317214 -0.0197964
v -0.00203154 0.0249169 -0.0198962
v -1.22465e-18 0.0317214 -0.02
v 2.91434e-18 0.025 -0.02
v 0.00203154 0.0249169 -0.0198962
v 0.0028463 0.0317214 -0.0197964
v 0.00406111 0.0246679 -0.0195833
v 0.00563465 0.0317214 -0.0191899
v 0.00604894 0.0242568 -0.019063
v 0.0083083 0.0317214 -0.0181926
v 0.00795949 0.0236991 -0.0183479
v 0.00976263 0.0230147 -0.0174551
v 0.0108128 0.0317214 -0.0168251
v 0.0114344 0.0222318 -0.016409
v 0.0130972 0.0317214 -0.015115
v 0.0129528 0.0213826 -0.0152386
v 0.0143038 0.0205037 -0.0139786
v 0.015115 0.0317214 -0.0130972
v 0.0155302 0.0195907 -0.0126017
v 0.0168251 0.0317214 -0.0108128
v 0.0166448 0.0186534 -0.0110883
v 0.0176244 0.0177304 -0.00945386
v 0.0181926 0.0317214 -0.0083083
v 0.0184526 0.0168672 -0.00771383
v 0.0191899 0.0317214 -0.00563465
v 0.0191153 0.0161123 -0.0058824
v 0.0196011 0.0155176 -0.00397453
v 0.0197964 0.0317214 -0.0028463
v 0.0198989 0.0151346 -0.00200679
v 0.02 0.0317214 2.44929e-18
v 0.02 0.015 0
v 0.0197964 0.0317214 0.0028463
v 0.02 -0.015 0
v -0.0247947 -0.00319693 -0.0279508
v -0.0249549 -0.00262287 -0.0278679
v -0.025 -3.06162e-18 -0.0279508
v -0.0250924 3.07293e-18 -0.0278679
v -0.0249549 0.00262287 -0.0278679
v -0.0278679 3.41284e-18 -0.0250924
v -0.0277153 0.00291299 -0.0250924
v -0.0303381 3.71535e-18 -0.0220419
v -0.0301719 0.0031712 -0.0220419
v -0.032476 3.97716e-18 -0.01875
v -0.032298 0.00339466 -0.01875
v -0.034258 4.19539e-18 -0.0152526
v -0.0340703 0.00358093 -0.0152526
v -0.0356646 4.36766e-18 -0.0115881
v -0.0354692 0.00372797 -0.0115881
v -0.0366805 4.49207e-18 -0.00779669
v -0.0364796 0.00383416 -0.00779669
v -0.0372946 4.56727e-18 -0.00391982
v -0.0370903 0.00389834 -0.00391982
v -0.0375 4.59243e-18 0
v -0.0372946 0.00391982 0
v -0.0372946 4.56727e-18 0.00391982
v -0.0370903 0.00389834 0.00391982
v -0.0366805 4.49207e-18 0.00779669
v -0.0364796 0.00383416 0.00779669
v -0.0356646 4.36766e-18 0.0115881
v -0.0354692 0.00372797 0.0115881
v -0.034258 4.19539e-18 0.0152526
v -0.0340703 0.00358093 0.0152526
v -0.032476 3.97716e-18 0.01875
v -0.032298 0.00339466 0.01875
v -0.0303381 3.71535e-18 0.0220419
v -0.0301719 0.0031712 0.0220419
v -0.0278679 3.41284e-18 0.0250924
v -0.0277153 0.00291299 0.0250924
v -0.0250924 3.07293e-18 0.0278679
v -0.0249549 0.00262287 0.0278679
v -0.0220419 2.69936e-18 0.0303381
v -0.0219212 0.00230401 0.0303381
v -0.01875 2.29621e-18 0.032476
v -0.0186473 0.00195991 0.032476
v -0.0152526 1.86791e-18 0.034258
v -0.0151691 0.00159433 0.034258
v -0.0115881 1.41914e-18 0.0356646
v -0.0115247 0.00121129 0.0356646
v -0.00779669 9.54819e-19 0.0366805
v -0.00775398 0.000814976 0.0366805
v -0.00391982 4.80039e-19 0.0372946
v -0.00389834 0.000409732 0.0372946
v -2.29621e-18 2.81205e-34 0.0375
v -0.0249549 -0.00262287 -0.0278679
v -0.0247947 -0.00319693 -0.0279508
v -0.0245441 -0.005217 -0.0278679
v -0.0241824 -0.00634136 -0.0279508
v -0.0238643 -0.00775398 -0.0278679
v -0.0231729 -0.00938168 -0.0279508
v -0.022923 -0.010206 -0.0278679
v -0.021783 -0.0122679 -0.0279508
v -0.0217307 -0.0125462 -0.0278679
v -0.0203002 -0.0147489 -0.0278679
v -0.0225456 -0.0163804 -0.0250924
v -0.0207099 -0.0186473 -0.0250924
v -0.0225456 -0.0203002 -0.0220419
v -0.0203002 -0.0225456 -0.0220419
v -0.0217307 -0.0241343 -0.01875
v -0.0190889 -0.0262736 -0.01875
v -0.0201363 -0.0277153 -0.0152526
v -0.0184307 -0.0267394 -0.01875
v -0.0192103 -0.028365 -0.0152526
v -0.016238 -0.028125 -0.01875
v -0.017129 -0.0296683 -0.0152526
v -0.013934 -0.0312962 -0.0152526
v -0.015115 -0.0317214 -0.0130972
v -0.0130972 -0.0317214 -0.015115
v -0.0132092 -0.0296683 -0.01875
v -0.0108128 -0.0317214 -0.0168251
v -0.0100356 -0.0308865 -0.01875
v -0.0083083 -0.0317214 -0.0181926
v -0.009375 -0.0288533 -0.0220419
v -0.00630765 -0.0296752 -0.0220419
v -0.00861166 -0.026504 -0.0250924
v -0.00579407 -0.0272589 -0.0250924
v -0.00775398 -0.0238643 -0.0278679
v -0.005217 -0.0245441 -0.0278679
v -0.00711319 -0.0239667 -0.0279508
v -0.00399 -0.0246795 -0.0279508
v -0.021783 -0.0122679 -0.0279508
v -0.0200353 -0.0149528 -0.0279508
v -0.0203002 -0.0147489 -0.0278679
v -0.0186473 -0.0167901 -0.0278679
v -0.0207099 -0.0186473 -0.0250924
v -0.0186473 -0.0207099 -0.0250924
v -0.0203002 -0.0225456 -0.0220419
v -0.0178323 -0.0245441 -0.0220419
v -0.0190889 -0.0262736 -0.01875
v -0.0174215 -0.0248374 -0.0220419
v -0.0184307 -0.0267394 -0.01875
v -0.0151691 -0.0262736 -0.0220419
v -0.016238 -0.028125 -0.01875
v -0.013934 -0.0312962 -0.0152526
v -0.0179587 -0.0173921 -0.0279508
v -0.0167901 -0.0186473 -0.0278679
v -0.0163804 -0.0225456 -0.0250924
v -0.0161893 -0.0226832 -0.0250924
v -0.013934 -0.0241343 -0.0250924
v -0.0123396 -0.0277153 -0.0220419
v -0.0132092 -0.0296683 -0.01875
v -0.0100356 -0.0308865 -0.01875
v -0.0155872 -0.0195458 -0.0279508
v -0.0147489 -0.0203002 -0.0278679
v -0.0125462 -0.0217307 -0.0278679
v -0.0113349 -0.0254586 -0.0250924
v -0.009375 -0.0288533 -0.0220419
v -0.0129598 -0.0213786 -0.0279508
v -0.0101196 -0.0228603 -0.0279508
v -0.010206 -0.022923 -0.0278679
v -0.00775398 -0.0238643 -0.0278679
v -0.00861166 -0.026504 -0.0250924
v -0.00711319 -0.0239667 -0.0279508
v -0.005217 -0.0245441 -0.0278679
v -0.00399 -0.0246795 -0.0279508
v -0.00262287 -0.0249549 -0.0278679
v -0.000801289 -0.0249872 -0.0279508
v 1.53647e-18 -0.0250924 -0.0278679
v 0.00240058 -0.0248845 -0.0279508
v 0.00262287 -0.0249549 -0.0278679
v 0.005217 -0.0245441 -0.0278679
v 0.00579407 -0.0272589 -0.0250924
v 0.00861166 -0.026504 -0.0250924
v 0.009375 -0.0288533 -0.0220419
v 0.0123396 -0.0277153 -0.0220419
v 0.0132092 -0.0296683 -0.01875
v 0.016238 -0.028125 -0.01875
v 0.017129 -0.0296683 -0.0152526
v 0.0201363 -0.0277153 -0.0152526
v 0.0209631 -0.0288533 -0.0115881
v 0.0238643 -0.026504 -0.0115881
v 0.0245441 -0.0272589 -0.00779669
v 0.0272589 -0.0245441 -0.00779669
v 0.0277153 -0.0249549 -0.00391982
v 0.0301719 -0.0219212 -0.00391982
v 0.0303381 -0.0220419 0
v 0.032476 -0.01875 0
v 0.032298 -0.0186473 0.00391982
v 0.0340703 -0.0151691 0.00391982
v 0.0335093 -0.0149193 0.00779669
v 0.0348853 -0.0113349 0.00779669
v 0.0339191 -0.011021 0.0115881
v 0.0348853 -0.00741509 0.0115881
v 0.0335093 -0.00712263 0.0152526
v 0.0340703 -0.00358093 0.0152526
v 0.032298 -0.00339466 0.01875
v 0.032476 0 0.01875
v 0.0303381 0 0.0220419
v 0.0301719 0.0031712 0.0220419
v 0.0277153 0.00291299 0.0250924
v 0.0272589 0.00579407 0.0250924
v 0.0245441 0.005217 0.0278679
v 0.0238643 0.00775398 0.0278679
v 0.0209631 0.00681134 0.0303381
v 0.0201363 0.00896527 0.0303381
v 0.017129 0.00762631 0.032476
v 0.016238 0.009375 0.032476
v 0.0132092 0.00762631 0.034258
v 0.0123396 0.00896527 0.034258
v 0.009375 0.00681134 0.0356646
v 0.00861166 0.00775398 0.0356646
v 0.00579407 0.005217 0.0366805
v 0.005217 0.00579407 0.0366805
v 0.00262287 0.00291299 0.0372946
v 0.00230401 0.0031712 0.0372946
v -2.29621e-18 2.81205e-34 0.0375
v 0.00240058 -0.0248845 -0.0279508
v 0.00556302 -0.0243732 -0.0279508
v 0.005217 -0.0245441 -0.0278679
v 0.00775398 -0.0238643 -0.0278679
v 0.00861166 -0.026504 -0.0250924
v 0.0113349 -0.0254586 -0.0250924
v 0.0123396 -0.0277153 -0.0220419
v 0.0151691 -0.0262736 -0.0220419
v 0.016238 -0.028125 -0.01875
v 0.0190889 -0.0262736 -0.01875
v 0.0201363 -0.0277153 -0.0152526
v 0.022923 -0.0254586 -0.0152526
v 0.0238643 -0.026504 -0.0115881
v 0.026504 -0.0238643 -0.0115881
v 0.0272589 -0.0245441 -0.00779669
v 0.0296752 -0.0215603 -0.00779669
v 0.0301719 -0.0219212 -0.00391982
v 0.032298 -0.0186473 -0.00391982
v 0.032476 -0.01875 0
v 0.034258 -0.0152526 0
v 0.0340703 -0.0151691 0.00391982
v 0.0354692 -0.0115247 0.00391982
v 0.0348853 -0.0113349 0.00779669
v 0.035879 -0.00762631 0.00779669
v 0.0348853 -0.00741509 0.0115881
v 0.0354692 -0.00372797 0.0115881
v 0.0340703 -0.00358093 0.0152526
v 0.034258 0 0.0152526
v 0.032476 0 0.01875
v 0.032298 0.00339466 0.01875
v 0.0301719 0.0031712 0.0220419
v 0.0296752 0.00630765 0.0220419
v 0.0272589 0.00579407 0.0250924
v 0.026504 0.00861166 0.0250924
v 0.0238643 0.00775398 0.0278679
v 0.022923 0.010206 0.0278679
v 0.0201363 0.00896527 0.0303381
v 0.0190889 0.011021 0.0303381
v 0.016238 0.009375 0.032476
v 0.0151691 0.011021 0.032476
v 0.0123396 0.00896527 0.034258
v 0.0113349 0.010206 0.034258
v 0.00861166 0.00775398 0.0356646
v 0.00775398 0.00861166 0.0356646
v 0.005217 0.00579407 0.0366805
v 0.00458278 0.00630765 0.0366805
v 0.00230401 0.0031712 0.0372946
v 0.00195991 0.00339466 0.0372946
v -2.29621e-18 2.81205e-34 0.0375
v 0.00556302 -0.0243732 -0.0279508
v 0.00863413 -0.0234617 -0.0279508
v 0.00775398 -0.0238643 -0.0278679
v 0.010206 -0.022923 -0.0278679
v 0.0113349 -0.0254586 -0.0250924
v 0.013934 -0.0241343 -0.0250924
v 0.0151691 -0.0262736 -0.0220419
v 0.0178323 -0.0245441 -0.0220419
v 0.0190889 -0.0262736 -0.01875
v 0.0217307 -0.0241343 -0.01875
v 0.022923 -0.0254586 -0.0152526
v 0.0254586 -0.022923 -0.0152526
v 0.026504 -0.0238643 -0.0115881
v 0.0288533 -0.0209631 -0.0115881
v 0.0296752 -0.0215603 -0.00779669
v 0.0317663 -0.0183403 -0.00779669
v 0.032298 -0.0186473 -0.00391982
v 0.0340703 -0.0151691 -0.00391982
v 0.034258 -0.0152526 0
v 0.0356646 -0.0115881 0
v 0.0354692 -0.0115247 0.00391982
v 0.0364796 -0.00775398 0.00391982
v 0.035879 -0.00762631 0.00779669
v 0.0364796 -0.00383416 0.00779669
v 0.0354692 -0.00372797 0.0115881
v 0.0356646 0 0.0115881
v 0.034258 0 0.0152526
v 0.0340703 0.00358093 0.0152526
v 0.032298 0.00339466 0.01875
v 0.0317663 0.00675213 0.01875
v 0.0296752 0.00630765 0.0220419
v 0.0288533 0.009375 0.0220419
v 0.026504 0.00861166 0.0250924
v 0.0254586 0.0113349 0.0250924
v 0.022923 0.010206 0.0278679
v 0.0217307 0.0125462 0.0278679
v 0.0190889 0.011021 0.0303381
v 0.0178323 0.0129559 0.0303381
v 0.0151691 0.011021 0.032476
v 0.013934 0.0125462 0.032476
v 0.0113349 0.010206 0.034258
v 0.010206 0.0113349 0.034258
v 0.00775398 0.00861166 0.0356646
v 0.00681134 0.009375 0.0356646
v 0.00458278 0.00630765 0.0366805
v 0.00389834 0.00675213 0.0366805
v 0.00195991 0.00339466 0.0372946
v 0.00159433 0.00358093 0.0372946
v -2.29621e-18 2.81205e-34 0.0375
v 0.00863413 -0.0234617 -0.0279508
v 0.0115635 -0.022165 -0.0279508
v 0.010206 -0.022923 -0.0278679
v 0.0125462 -0.0217307 -0.0278679
v 0.013934 -0.0241343 -0.0250924
v 0.0163804 -0.0225456 -0.0250924
v 0.0178323 -0.0245441 -0.0220419
v 0.0203002 -0.0225456 -0.0220419
v 0.0217307 -0.0241343 -0.01875
v 0.0241343 -0.0217307 -0.01875
v 0.0254586 -0.022923 -0.0152526
v 0.0277153 -0.0201363 -0.0152526
v 0.0288533 -0.0209631 -0.0115881
v 0.0308865 -0.0178323 -0.0115881
v 0.0317663 -0.0183403 -0.00779669
v 0.0335093 -0.0149193 -0.00779669
v 0.0340703 -0.0151691 -0.00391982
v 0.0354692 -0.0115247 -0.00391982
v 0.0356646 -0.0115881 0
v 0.0366805 -0.00779669 0
v 0.0364796 -0.00775398 0.00391982
v 0.0370903 -0.00389834 0.00391982
v 0.0364796 -0.00383416 0.00779669
v 0.0366805 0 0.00779669
v 0.0356646 0 0.0115881
v 0.0354692 0.00372797 0.0115881
v 0.0340703 0.00358093 0.0152526
v 0.0335093 0.00712263 0.0152526
v 0.0317663 0.00675213 0.01875
v 0.0308865 0.0100356 0.01875
v 0.0288533 0.009375 0.0220419
v 0.0277153 0.0123396 0.0220419
v 0.0254586 0.0113349 0.0250924
v 0.0241343 0.013934 0.0250924
v 0.0217307 0.0125462 0.0278679
v 0.0203002 0.0147489 0.0278679
v 0.0178323 0.0129559 0.0303381
v 0.0163804 0.0147489 0.0303381
v 0.013934 0.0125462 0.032476
v 0.0125462 0.013934 0.032476
v 0.010206 0.0113349 0.034258
v 0.00896527 0.0123396 0.034258
v 0.00681134 0.009375 0.0356646
v 0.00579407 0.0100356 0.0356646
v 0.00389834 0.00675213 0.0366805
v 0.0031712 0.00712263 0.0366805
v 0.00159433 0.00358093 0.0372946
v 0.00121129 0.00372797 0.0372946
v -2.29621e-18 2.81205e-34 0.0375
v 0.0115635 -0.022165 -0.0279508
v 0.0143029 -0.0205043 -0.0279508
v 0.0125462 -0.0217307 -0.0278679
v 0.0147489 -0.0203002 -0.0278679
v 0.0163804 -0.0225456 -0.0250924
v 0.0186473 -0.0207099 -0.0250924
v 0.0203002 -0.0225456 -0.0220419
v 0.0225456 -0.0203002 -0.0220419
v 0.0241343 -0.0217307 -0.01875
v 0.0262736 -0.0190889 -0.01875
v 0.0277153 -0.0201363 -0.0152526
v 0.0296683 -0.017129 -0.0152526
v 0.0308865 -0.0178323 -0.0115881
v 0.0325813 -0.0145061 -0.0115881
v 0.0335093 -0.0149193 -0.00779669
v 0.0348853 -0.0113349 -0.00779669
v 0.0354692 -0.0115247 -0.00391982
v 0.0364796 -0.00775398 -0.00391982
v 0.0366805 -0.00779669 0
v 0.0372946 -0.00391982 0
v 0.0370903 -0.00389834 0.00391982
v 0.0372946 0 0.00391982
v 0.0366805 0 0.00779669
v 0.0364796 0.00383416 0.00779669
v 0.0354692 0.00372797 0.0115881
v 0.0348853 0.00741509 0.0115881
v 0.0335093 0.00712263 0.0152526
v 0.0325813 0.0105863 0.0152526
v 0.0308865 0.0100356 0.01875
v 0.0296683 0.0132092 0.01875
v 0.0277153 0.0123396 0.0220419
v 0.0262736 0.0151691 0.0220419
v 0.0241343 0.013934 0.0250924
v 0.0225456 0.0163804 0.0250924
v 0.0203002 0.0147489 0.0278679
v 0.0186473 0.0167901 0.0278679
v 0.0163804 0.0147489 0.0303381
v 0.0147489 0.0163804 0.0303381
v 0.0125462 0.013934 0.032476
v 0.011021 0.0151691 0.032476
v 0.00896527 0.0123396 0.034258
v 0.00762631 0.0132092 0.034258
v 0.00579407 0.0100356 0.0356646
v 0.00471332 0.0105863 0.0356646
v 0.0031712 0.00712263 0.0366805
v 0.00240931 0.00741509 0.0366805
v 0.00121129 0.00372797 0.0372946
v 0.000814976 0.00383416 0.0372946
v -2.29621e-18 2.81205e-34 0.0375
v 0.0143029 -0.0205043 -0.0279508
v 0.0168075 -0.0185069 -0.0279508
v 0.0147489 -0.0203002 -0.0278679
v 0.0167901 -0.0186473 -0.0278679
v 0.0186473 -0.0207099 -0.0250924
v 0.0207099 -0.0186473 -0.0250924
v 0.0225456 -0.0203002 -0.0220419
v 0.0245441 -0.0178323 -0.0220419
v 0.0262736 -0.0190889 -0.01875
v 0.028125 -0.016238 -0.01875
v 0.0296683 -0.017129 -0.0152526
v 0.0312962 -0.013934 -0.0152526
v 0.0325813 -0.0145061 -0.0115881
v 0.0339191 -0.011021 -0.0115881
v 0.0348853 -0.0113349 -0.00779669
v 0.035879 -0.00762631 -0.00779669
v 0.0364796 -0.00775398 -0.00391982
v 0.0370903 -0.00389834 -0.00391982
v 0.0372946 -0.00391982 0
v 0.0375 0 0
v 0.0372946 0 0.00391982
v 0.0370903 0.00389834 0.00391982
v 0.0364796 0.00383416 0.00779669
v 0.035879 0.00762631 0.00779669
v 0.0348853 0.00741509 0.0115881
v 0.0339191 0.011021 0.0115881
v 0.0325813 0.0105863 0.0152526
v 0.0312962 0.013934 0.0152526
v 0.0296683 0.0132092 0.01875
v 0.028125 0.016238 0.01875
v 0.0262736 0.0151691 0.0220419
v 0.0245441 0.0178323 0.0220419
v 0.0225456 0.0163804 0.0250924
v 0.0207099 0.0186473 0.0250924
v 0.0186473 0.0167901 0.0278679
v 0.0167901 0.0186473 0.0278679
v 0.0147489 0.0163804 0.0303381
v 0.0129559 0.0178323 0.0303381
v 0.011021 0.0151691 0.032476
v 0.009375 0.016238 0.032476
v 0.00762631 0.0132092 0.034258
v 0.0062038 0.013934 0.034258
v 0.00471332 0.0105863 0.0356646
v 0.00358093 0.011021 0.0356646
v 0.00240931 0.00741509 0.0366805
v 0.00162102 0.00762631 0.0366805
v 0.000814976 0.00383416 0.0372946
v 0.000409732 0.00389834 0.0372946
v -2.29621e-18 2.81205e-34 0.0375
v 0.0167901 -0.0186473 -0.0278679
v 0.0168075 -0.0185069 -0.0279508
v 0.0186473 -0.0167901 -0.0278679
v 0.0190361 -0.0162057 -0.0279508
v 0.0203002 -0.0147489 -0.0278679
v 0.0209522 -0.0136384 -0.0279508
v 0.0217307 -0.0125462 -0.0278679
v 0.0225242 -0.0108471 -0.0279508
v 0.022923 -0.010206 -0.0278679
v 0.0237264 -0.00787771 -0.0279508
v 0.0238643 -0.00775398 -0.0278679
v 0.0245441 -0.005217 -0.0278679
v 0.0272589 -0.00579407 -0.0250924
v 0.0277153 -0.00291299 -0.0250924
v 0.0301719 -0.0031712 -0.0220419
v 0.0303381 0 -0.0220419
v 0.032476 0 -0.01875
v 0.032298 0.00339466 -0.01875
v 0.0340703 0.00358093 -0.0152526
v 0.0335093 0.00712263 -0.0152526
v 0.0348853 0.00741509 -0.0115881
v 0.0339191 0.011021 -0.0115881
v 0.0348853 0.0113349 -0.00779669
v 0.0335093 0.0149193 -0.00779669
v 0.0340703 0.0151691 -0.00391982
v 0.032298 0.0186473 -0.00391982
v 0.032476 0.01875 0
v 0.0303381 0.0220419 0
v 0.0301719 0.0219212 0.00391982
v 0.0277153 0.0249549 0.00391982
v 0.0272589 0.0245441 0.00779669
v 0.0245441 0.0272589 0.00779669
v 0.0238643 0.026504 0.0115881
v 0.0209631 0.0288533 0.0115881
v 0.0201363 0.0277153 0.0152526
v 0.017129 0.0296683 0.0152526
v 0.016238 0.028125 0.01875
v 0.0132092 0.0296683 0.01875
v 0.0123396 0.0277153 0.0220419
v 0.009375 0.0288533 0.0220419
v 0.00861166 0.026504 0.0250924
v 0.00579407 0.0272589 0.0250924
v 0.005217 0.0245441 0.0278679
v 0.00262287 0.0249549 0.0278679
v 0.00230401 0.0219212 0.0303381
v 1.34968e-18 0.0220419 0.0303381
v 1.14811e-18 0.01875 0.032476
v -0.00195991 0.0186473 0.032476
v -0.00159433 0.0151691 0.034258
v -0.0031712 0.0149193 0.034258
v -0.00240931 0.0113349 0.0356646
v -0.00358093 0.011021 0.0356646
v -0.00240931 0.00741509 0.0366805
v -0.0031712 0.00712263 0.0366805
v -0.00159433 0.00358093 0.0372946
v -0.00195991 0.00339466 0.0372946
v -2.29621e-18 2.81205e-34 0.0375
v 0.0237264 -0.00787771 -0.0279508
v 0.024539 -0.00477897 -0.0279508
v 0.0245441 -0.005217 -0.0278679
v 0.0249549 -0.00262287 -0.0278679
v 0.0277153 -0.00291299 -0.0250924
v 0.0278679 0 -0.0250924
v 0.0303381 0 -0.0220419
v 0.0301719 0.0031712 -0.0220419
v 0.032298 0.00339466 -0.01875
v 0.0317663 0.00675213 -0.01875
v 0.0335093 0.00712263 -0.0152526
v 0.0325813 0.0105863 -0.0152526
v 0.0339191 0.011021 -0.0115881
v 0.0325813 0.0145061 -0.0115881
v 0.0335093 0.0149193 -0.00779669
v 0.0317663 0.0183403 -0.00779669
v 0.032298 0.0186473 -0.00391982
v 0.0301719 0.0219212 -0.00391982
v 0.0303381 0.0220419 0
v 0.0278679 0.0250924 0
v 0.0277153 0.0249549 0.00391982
v 0.0249549 0.0277153 0.00391982
v 0.0245441 0.0272589 0.00779669
v 0.0215603 0.0296752 0.00779669
v 0.0209631 0.0288533 0.0115881
v 0.0181926 0.0317214 0.0083083
v 0.0178323 0.0308865 0.0115881
v 0.0168251 0.0317214 0.0108128
v 0.015115 0.0317214 0.0130972
v 0.024539 -0.00477897 -0.0279508
v 0.0249486 -0.00160176 -0.0279508
v 0.0249549 -0.00262287 -0.0278679
v 0.0250924 0 -0.0278679
v 0.0278679 0 -0.0250924
v 0.0277153 0.00291299 -0.0250924
v 0.0301719 0.0031712 -0.0220419
v 0.0296752 0.00630765 -0.0220419
v 0.0317663 0.00675213 -0.01875
v 0.0308865 0.0100356 -0.01875
v 0.0325813 0.0105863 -0.0152526
v 0.0312962 0.013934 -0.0152526
v 0.0325813 0.0145061 -0.0115881
v 0.0308865 0.0178323 -0.0115881
v 0.0317663 0.0183403 -0.00779669
v 0.0296752 0.0215603 -0.00779669
v 0.0301719 0.0219212 -0.00391982
v 0.0277153 0.0249549 -0.00391982
v 0.0278679 0.0250924 0
v 0.0250924 0.0278679 0
v 0.0249549 0.0277153 0.00391982
v 0.0219212 0.0301719 0.00391982
v 0.0215603 0.0296752 0.00779669
v 0.0191899 0.0317214 0.00563465
v 0.0181926 0.0317214 0.0083083
v 0.0249486 0.00160176 -0.0279508
v 0.0249549 0.00262287 -0.0278679
v 0.0272589 0.00579407 -0.0250924
v 0.0288533 0.009375 -0.0220419
v 0.0296683 0.0132092 -0.01875
v 0.0296683 0.017129 -0.0152526
v 0.0288533 0.0209631 -0.0115881
v 0.0272589 0.0245441 -0.00779669
v 0.0249549 0.0277153 -0.00391982
v 0.0220419 0.0303381 0
v 0.0197964 0.0317214 0.0028463
v 0.024539 0.00477897 -0.0279508
v 0.0245441 0.005217 -0.0278679
v 0.026504 0.00861166 -0.0250924
v 0.0277153 0.0123396 -0.0220419
v 0.028125 0.016238 -0.01875
v 0.0277153 0.0201363 -0.0152526
v 0.026504 0.0238643 -0.0115881
v 0.0245441 0.0272589 -0.00779669
v 0.0219212 0.0301719 -0.00391982
v 0.0197964 0.0317214 -0.0028463
v 0.02 0.0317214 2.44929e-18
v 0.0237264 0.00787771 -0.0279508
v 0.0238643 0.00775398 -0.0278679
v 0.0254586 0.0113349 -0.0250924
v 0.0262736 0.0151691 -0.0220419
v 0.0262736 0.0190889 -0.01875
v 0.0254586 0.022923 -0.0152526
v 0.0238643 0.026504 -0.0115881
v 0.0215603 0.0296752 -0.00779669
v 0.0199213 0.0307994 -0.00779669
v 0.0191899 0.0317214 -0.00563465
v 0.0181926 0.0317214 -0.0083083
v 0.0195428 0.0298336 -0.0115881
v 0.0178323 0.0308865 -0.0115881
v 0.017129 0.0296683 -0.0152526
v 0.015115 0.0317214 -0.0130972
v 0.013934 0.0312962 -0.0152526
v 0.0130972 0.0317214 -0.015115
v 0.0132092 0.0296683 -0.01875
v 0.0108128 0.0317214 -0.0168251
v 0.0100356 0.0308865 -0.01875
v 0.0083083 0.0317214 -0.0181926
v 0.009375 0.0288533 -0.0220419
v 0.00630765 0.0296752 -0.0220419
v 0.00861166 0.026504 -0.0250924
v 0.00579407 0.0272589 -0.0250924
v 0.00775398 0.0238643 -0.0278679
v 0.005217 0.0245441 -0.0278679
v 0.00556302 0.0243732 -0.0279508
v 0.00240058 0.0248845 -0.0279508
v 0.0238643 0.00775398 -0.0278679
v 0.0237264 0.00787771 -0.0279508
v 0.022923 0.010206 -0.0278679
v 0.0225242 0.0108471 -0.0279508
v 0.0217307 0.0125462 -0.0278679
v 0.0209522 0.0136384 -0.0279508
v 0.0203002 0.0147489 -0.0278679
v 0.0190361 0.0162057 -0.0279508
v 0.0186473 0.0167901 -0.0278679
v 0.0168075 0.0185069 -0.0279508
v 0.0167901 0.0186473 -0.0278679
v 0.0147489 0.0203002 -0.0278679
v 0.0163804 0.0225456 -0.0250924
v 0.014352 0.0205827 -0.0278679
v 0.0158068 0.0229514 -0.0250924
v 0.0125462 0.0217307 -0.0278679
v 0.013934 0.0241343 -0.0250924
v 0.0113349 0.0254586 -0.0250924
v 0.0123396 0.0277153 -0.0220419
v 0.0100356 0.0308865 -0.01875
v 0.0143029 0.0205043 -0.0279508
v 0.0115635 0.022165 -0.0279508
v 0.010206 0.022923 -0.0278679
v 0.00863413 0.0234617 -0.0279508
v 0.00775398 0.0238643 -0.0278679
v -0.000801289 0.0249872 -0.0279508
v 1.53647e-18 0.0250924 -0.0278679
v 0.00240058 0.0248845 -0.0279508
v 0.00262287 0.0249549 -0.0278679
v 0.005217 0.0245441 -0.0278679
v 0.00291299 0.0277153 -0.0250924
v 0.00579407 0.0272589 -0.0250924
v 0.0031712 0.0301719 -0.0220419
v 0.00630765 0.0296752 -0.0220419
v 0.00563465 0.0317214 -0.0191899
v 0.0083083 0.0317214 -0.0181926
v -0.00262287 0.0249549 -0.0278679
v -0.00399 0.0246795 -0.0279508
v -0.005217 0.0245441 -0.0278679
v -0.00711319 0.0239667 -0.0279508
v -0.00775398 0.0238643 -0.0278679
v -0.0101196 0.0228603 -0.0279508
v -0.010206 0.022923 -0.0278679
v -0.0125462 0.0217307 -0.0278679
v -0.013934 0.0241343 -0.0250924
v -0.0163804 0.0225456 -0.0250924
v -0.0178323 0.0245441 -0.0220419
v -0.0203002 0.0225456 -0.0220419
v -0.0217307 0.0241343 -0.01875
v -0.0241343 0.0217307 -0.01875
v -0.0254586 0.022923 -0.0152526
v -0.0277153 0.0201363 -0.0152526
v -0.0288533 0.0209631 -0.0115881
v -0.0308865 0.0178323 -0.0115881
v -0.0317663 0.0183403 -0.00779669
v -0.0335093 0.0149193 -0.00779669
v -0.0340703 0.0151691 -0.00391982
v -0.0354692 0.0115247 -0.00391982
v -0.0356646 0.0115881 0
v -0.0366805 0.00779669 0
v -0.0364796 0.00775398 0.00391982
v -0.0370903 0.00389834 0.00391982
v -0.0364796 0.00383416 0.00779669
v -0.0129598 0.0213786 -0.0279508
v -0.0147489 0.0203002 -0.0278679
v -0.0186473 0.0207099 -0.0250924
v -0.0225456 0.0203002 -0.0220419
v -0.0262736 0.0190889 -0.01875
v -0.0296683 0.017129 -0.0152526
v -0.0325813 0.0145061 -0.0115881
v -0.0348853 0.0113349 -0.00779669
v -0.0364796 0.00775398 -0.00391982
v -0.0372946 0.00391982 0
v -0.0155872 0.0195458 -0.0279508
v -0.0167901 0.0186473 -0.0278679
v -0.0207099 0.0186473 -0.0250924
v -0.0245441 0.0178323 -0.0220419
v -0.028125 0.016238 -0.01875
v -0.0312962 0.013934 -0.0152526
v -0.0339191 0.011021 -0.0115881
v -0.035879 0.00762631 -0.00779669
v -0.0370903 0.00389834 -0.00391982
v -0.0179587 0.0173921 -0.0279508
v -0.0186473 0.0167901 -0.0278679
v -0.0225456 0.0163804 -0.0250924
v -0.0262736 0.0151691 -0.0220419
v -0.0296683 0.0132092 -0.01875
v -0.0325813 0.0105863 -0.0152526
v -0.0348853 0.00741509 -0.0115881
v -0.0364796 0.00383416 -0.00779669
v -0.0200353 0.0149528 -0.0279508
v -0.0203002 0.0147489 -0.0278679
v -0.0241343 0.013934 -0.0250924
v -0.0277153 0.0123396 -0.0220419
v -0.0308865 0.0100356 -0.01875
v -0.0335093 0.00712263 -0.0152526
v -0.0354692 0.00372797 -0.0115881
v -0.021783 0.0122679 -0.0279508
v -0.0217307 0.0125462 -0.0278679
v -0.0254586 0.0113349 -0.0250924
v -0.0288533 0.009375 -0.0220419
v -0.0317663 0.00675213 -0.01875
v -0.0340703 0.00358093 -0.0152526
v -0.022923 0.010206 -0.0278679
v -0.0231729 0.00938168 -0.0279508
v -0.0238643 0.00775398 -0.0278679
v -0.0241824 0.00634136 -0.0279508
v -0.0245441 0.005217 -0.0278679
v -0.0247947 0.00319693 -0.0279508
v -0.0249549 0.00262287 -0.0278679
v -0.025 -3.06162e-18 -0.0279508
v 0.02 0.0317214 2.44929e-18
v 0.0197964 0.0317214 0.0028463
v 0.0220419 0.0303381 0
v 0.0130972 0.0317214 0.015115
v 0.013934 0.0312962 0.0152526
v 0.015115 0.0317214 0.0130972
v 0.017129 0.0296683 0.0152526
v 0.0178323 0.0308865 0.0115881
v 0.0209631 0.0288533 0.0115881
v 0.0108128 0.0317214 0.0168251
v 0.0132092 0.0296683 0.01875
v 0.0100356 0.0308865 0.01875
v 0.0083083 0.0317214 0.0181926
v 0.00563465 0.0317214 0.0191899
v 0.0028463 0.0317214 0.0197964
v 0.0031712 0.0301719 0.0220419
v 0.00630765 0.0296752 0.0220419
v 0.009375 0.0288533 0.0220419
v 1.85768e-18 0.0303381 0.0220419
v -1.22465e-18 0.0317214 0.02
v -0.0028463 0.0317214 0.0197964
v -0.0031712 0.0301719 0.0220419
v -0.00563465 0.0317214 0.0191899
v -0.00630765 0.0296752 0.0220419
v -0.0083083 0.0317214 0.0181926
v -0.009375 0.0288533 0.0220419
v -0.0100356 0.0308865 0.01875
v -0.0123396 0.0277153 0.0220419
v -0.0132092 0.0296683 0.01875
v -0.0151691 0.0262736 0.0220419
v -0.016238 0.028125 0.01875
v -0.0178323 0.0245441 0.0220419
v -0.0190889 0.0262736 0.01875
v -0.0203002 0.0225456 0.0220419
v -0.0217307 0.0241343 0.01875
v -0.0225456 0.0203002 0.0220419
v -0.0241343 0.0217307 0.01875
v -0.0245441 0.0178323 0.0220419
v -0.0262736 0.0190889 0.01875
v -0.0262736 0.0151691 0.0220419
v -0.028125 0.016238 0.01875
v -0.0277153 0.0123396 0.0220419
v -0.0296683 0.0132092 0.01875
v -0.0288533 0.009375 0.0220419
v -0.0308865 0.0100356 0.01875
v -0.0296752 0.00630765 0.0220419
v -0.0317663 0.00675213 0.01875
v -0.0301719 0.0031712 0.0220419
v -0.032298 0.00339466 0.01875
v -0.0108128 0.0317214 0.0168251
v -0.0130972 0.0317214 0.015115
v -0.013934 0.0312962 0.0152526
v -0.017129 0.0296683 0.0152526
v -0.0201363 0.0277153 0.0152526
v -0.022923 0.0254586 0.0152526
v -0.0254586 0.022923 0.0152526
v -0.0277153 0.0201363 0.0152526
v -0.0296683 0.017129 0.0152526
v -0.0312962 0.013934 0.0152526
v -0.0325813 0.0105863 0.0152526
v -0.0335093 0.00712263 0.0152526
v -0.0340703 0.00358093 0.0152526
v -0.015115 0.0317214 0.0130972
v -0.0178323 0.0308865 0.0115881
v -0.0168251 0.0317214 0.0108128
v -0.0181926 0.0317214 0.0083083
v -0.0191899 0.0317214 0.00563465
v -0.0215603 0.0296752 0.00779669
v -0.0209631 0.0288533 0.0115881
v -0.0219212 0.0301719 0.00391982
v -0.0197964 0.0317214 0.0028463
v -0.0220419 0.0303381 0
v -0.02 0.0317214 0
v -0.0197964 0.0317214 -0.0028463
v -0.0219212 0.0301719 -0.00391982
v -0.0191899 0.0317214 -0.00563465
v -0.0215603 0.0296752 -0.00779669
v -0.0181926 0.0317214 -0.0083083
v -0.0209631 0.0288533 -0.0115881
v -0.0178323 0.0308865 -0.0115881
v -0.017129 0.0296683 -0.0152526
v -0.015115 0.0317214 -0.0130972
v -0.013934 0.0312962 -0.0152526
v -0.0130972 0.0317214 -0.015115
v -0.0108128 0.0317214 -0.0168251
v -0.0168251 0.0317214 -0.0108128
v -0.0083083 0.0317214 -0.0181926
v -0.0100356 0.0308865 -0.01875
v -0.0132092 0.0296683 -0.01875
v -0.00563465 0.0317214 -0.0191899
v -0.00630765 0.0296752 -0.0220419
v -0.009375 0.0288533 -0.0220419
v -0.00579407 0.0272589 -0.0250924
v -0.00861166 0.026504 -0.0250924
v -0.005217 0.0245441 -0.0278679
v -0.00775398 0.0238643 -0.0278679
v -0.0031712 0.0301719 -0.0220419
v -0.0028463 0.0317214 -0.0197964
v 1.85768e-18 0.0303381 -0.0220419
v -1.22465e-18 0.0317214 -0.02
v 0.0028463 0.0317214 -0.0197964
v 0.0031712 0.0301719 -0.0220419
v 0.00563465 0.0317214 -0.0191899
v 0.015115 0.0317214 -0.0130972
v 0.0168251 0.0317214 -0.0108128
v 0.0178323 0.0308865 -0.0115881
v 0.0181926 0.0317214 -0.0083083
v 0.0219212 0.0301719 -0.00391982
v 0.0191899 0.0317214 -0.00563465
v 0.0200729 0.0314319 -0.00391982
v 0.0197964 0.0317214 -0.0028463
v 0.0197964 -0.0317214 0.0028463
v 0.02 -0.0317214 -2.44929e-18
v 0.0220419 -0.0303381 0
v 0.0197964 -0.0317214 -0.0028463
v 0.0219212 -0.0301719 -0.00391982
v 0.0191899 -0.0317214 -0.00563465
v 0.0215603 -0.0296752 -0.00779669
v 0.0181926 -0.0317214 -0.0083083
v 0.0209631 -0.0288533 -0.0115881
v 0.0178323 -0.0308865 -0.0115881
v 0.017129 -0.0296683 -0.0152526
v 0.015115 -0.0317214 -0.0130972
v 0.013934 -0.0312962 -0.0152526
v 0.0130972 -0.0317214 -0.015115
v 0.0108128 -0.0317214 -0.0168251
v 0.0168251 -0.0317214 -0.0108128
v 0.0083083 -0.0317214 -0.0181926
v 0.0100356 -0.0308865 -0.01875
v 0.0132092 -0.0296683 -0.01875
v 0.00563465 -0.0317214 -0.0191899
v 0.00630765 -0.0296752 -0.0220419
v 0.009375 -0.0288533 -0.0220419
v 0.00579407 -0.0272589 -0.0250924
v 0.0031712 -0.0301719 -0.0220419
v 0.0028463 -0.0317214 -0.0197964
v 1.85768e-18 -0.0303381 -0.0220419
v -1.22465e-18 -0.0317214 -0.02
v -0.0028463 -0.0317214 -0.0197964
v -0.0031712 -0.0301719 -0.0220419
v -0.00563465 -0.0317214 -0.0191899
v -0.00630765 -0.0296752 -0.0220419
v -0.0083083 -0.0317214 -0.0181926
v -0.017129 -0.0296683 -0.0152526
v -0.015115 -0.0317214 -0.0130972
v -0.0178323 -0.0308865 -0.0115881
v -0.0168251 -0.0317214 -0.0108128
v -0.0181926 -0.0317214 -0.0083083
v -0.0191899 -0.0317214 -0.00563465
v -0.0200686 -0.0307036 -0.00779669
v -0.0197566 -0.0296925 -0.0115881
v -0.0197964 -0.0317214 -0.0028463
v -0.0201482 -0.0313837 -0.00391982
v -0.0219212 -0.0301719 -0.00391982
v -0.0215603 -0.0296752 -0.00779669
v -0.0209631 -0.0288533 -0.0115881
v -0.0192103 -0.028365 -0.0152526
v -0.0201363 -0.0277153 -0.0152526
v -0.02 -0.0317214 0
v -0.0220419 -0.0303381 0
v -0.0197964 -0.0317214 0.0028463
v -0.0219212 -0.0301719 0.00391982
v -0.0250924 -0.0278679 0
v -0.0249549 -0.0277153 0.00391982
v -0.0278679 -0.0250924 0
v -0.0277153 -0.0249549 0.00391982
v -0.0303381 -0.0220419 0
v -0.0301719 -0.0219212 0.00391982
v -0.032476 -0.01875 0
v -0.032298 -0.0186473 0.00391982
v -0.034258 -0.0152526 0
v -0.0340703 -0.0151691 0.00391982
v -0.0356646 -0.0115881 0
v -0.0354692 -0.0115247 0.00391982
v -0.0366805 -0.00779669 0
v -0.0364796 -0.00775398 0.00391982
v -0.0372946 -0.00391982 0
v -0.0370903 -0.00389834 0.00391982
v -0.0375 4.59243e-18 0
v -0.0372946 4.56727e-18 0.00391982
v -0.0191899 -0.0317214 0.00563465
v -0.0215603 -0.0296752 0.00779669
v -0.0245441 -0.0272589 0.00779669
v -0.0272589 -0.0245441 0.00779669
v -0.0296752 -0.0215603 0.00779669
v -0.0317663 -0.0183403 0.00779669
v -0.0335093 -0.0149193 0.00779669
v -0.0348853 -0.0113349 0.00779669
v -0.035879 -0.00762631 0.00779669
v -0.0364796 -0.00383416 0.00779669
v -0.0366805 4.49207e-18 0.00779669
v -0.0181926 -0.0317214 0.0083083
v -0.0209631 -0.0288533 0.0115881
v -0.0238643 -0.026504 0.0115881
v -0.026504 -0.0238643 0.0115881
v -0.0288533 -0.0209631 0.0115881
v -0.0308865 -0.0178323 0.0115881
v -0.0325813 -0.0145061 0.0115881
v -0.0339191 -0.011021 0.0115881
v -0.0348853 -0.00741509 0.0115881
v -0.0354692 -0.00372797 0.0115881
v -0.0356646 4.36766e-18 0.0115881
v -0.0178323 -0.0308865 0.0115881
v -0.0168251 -0.0317214 0.0108128
v -0.015115 -0.0317214 0.0130972
v -0.0130972 -0.0317214 0.015115
v -0.013934 -0.0312962 0.0152526
v -0.017129 -0.0296683 0.0152526
v -0.0108128 -0.0317214 0.0168251
v -0.0132092 -0.0296683 0.01875
v -0.016238 -0.028125 0.01875
v -0.0201363 -0.0277153 0.0152526
v -0.0190889 -0.0262736 0.01875
v -0.022923 -0.0254586 0.0152526
v -0.0217307 -0.0241343 0.01875
v -0.0254586 -0.022923 0.0152526
v -0.0241343 -0.0217307 0.01875
v -0.0277153 -0.0201363 0.0152526
v -0.0262736 -0.0190889 0.01875
v -0.0296683 -0.017129 0.0152526
v -0.028125 -0.016238 0.01875
v -0.0312962 -0.013934 0.0152526
v -0.0296683 -0.0132092 0.01875
v -0.0325813 -0.0105863 0.0152526
v -0.0308865 -0.0100356 0.01875
v -0.0335093 -0.00712263 0.0152526
v -0.0317663 -0.00675213 0.01875
v -0.0340703 -0.00358093 0.0152526
v -0.032298 -0.00339466 0.01875
v -0.034258 4.19539e-18 0.0152526
v -0.032476 3.97716e-18 0.01875
v -0.0100356 -0.0308865 0.01875
v -0.0083083 -0.0317214 0.0181926
v -0.00563465 -0.0317214 0.0191899
v -0.0028463 -0.0317214 0.0197964
v -0.0031712 -0.0301719 0.0220419
v -0.00630765 -0.0296752 0.0220419
v -0.009375 -0.0288533 0.0220419
v -0.0132092 -0.0296683 0.01875
v -0.0123396 -0.0277153 0.0220419
v -0.016238 -0.028125 0.01875
v -0.0151691 -0.0262736 0.0220419
v -0.0190889 -0.0262736 0.01875
v -0.0178323 -0.0245441 0.0220419
v -0.0217307 -0.0241343 0.01875
v -0.0203002 -0.0225456 0.0220419
v -0.0241343 -0.0217307 0.01875
v -0.0225456 -0.0203002 0.0220419
v -0.0262736 -0.0190889 0.01875
v -0.0245441 -0.0178323 0.0220419
v -0.028125 -0.016238 0.01875
v -0.0262736 -0.0151691 0.0220419
v -0.0296683 -0.0132092 0.01875
v -0.0277153 -0.0123396 0.0220419
v -0.0308865 -0.0100356 0.01875
v -0.0288533 -0.009375 0.0220419
v -0.0317663 -0.00675213 0.01875
v -0.0296752 -0.00630765 0.0220419
v -0.032298 -0.00339466 0.01875
v -0.0301719 -0.0031712 0.0220419
v -0.032476 3.97716e-18 0.01875
v -0.0303381 3.71535e-18 0.0220419
v -0.0028463 -0.0317214 0.0197964
v 1.85768e-18 -0.0303381 0.0220419
v -1.22465e-18 -0.0317214 0.02
v 0.0028463 -0.0317214 0.0197964
v 0.0031712 -0.0301719 0.0220419
v 0.00563465 -0.0317214 0.0191899
v 0.00630765 -0.0296752 0.0220419
v 0.0083083 -0.0317214 0.0181926
v 0.009375 -0.0288533 0.0220419
v 0.0100356 -0.0308865 0.01875
v 0.0123396 -0.0277153 0.0220419
v 0.0132092 -0.0296683 0.01875
v 0.0151691 -0.0262736 0.0220419
v 0.016238 -0.028125 0.01875
v 0.0178323 -0.0245441 0.0220419
v 0.0190889 -0.0262736 0.01875
v 0.0203002 -0.0225456 0.0220419
v 0.0217307 -0.0241343 0.01875
v 0.0225456 -0.0203002 0.0220419
v 0.0241343 -0.0217307 0.01875
v 0.0245441 -0.0178323 0.0220419
v 0.0262736 -0.0190889 0.01875
v 0.0262736 -0.0151691 0.0220419
v 0.028125 -0.016238 0.01875
v 0.0277153 -0.0123396 0.0220419
v 0.0296683 -0.0132092 0.01875
v 0.0288533 -0.009375 0.0220419
v 0.0308865 -0.0100356 0.01875
v 0.0296752 -0.00630765 0.0220419
v 0.0317663 -0.00675213 0.01875
v 0.0301719 -0.0031712 0.0220419
v 0.032298 -0.00339466 0.01875
v 0.0303381 0 0.0220419
v 0.0108128 -0.0317214 0.0168251
v 0.0130972 -0.0317214 0.015115
v 0.013934 -0.0312962 0.0152526
v 0.017129 -0.0296683 0.0152526
v 0.0201363 -0.0277153 0.0152526
v 0.022923 -0.0254586 0.0152526
v 0.0254586 -0.022923 0.0152526
v 0.0277153 -0.0201363 0.0152526
v 0.0296683 -0.017129 0.0152526
v 0.0312962 -0.013934 0.0152526
v 0.0325813 -0.0105863 0.0152526
v 0.0335093 -0.00712263 0.0152526
v 0.015115 -0.0317214 0.0130972
v 0.0178323 -0.0308865 0.0115881
v 0.0168251 -0.0317214 0.0108128
v 0.0181926 -0.0317214 0.0083083
v 0.0191899 -0.0317214 0.00563465
v 0.0215603 -0.0296752 0.00779669
v 0.0209631 -0.0288533 0.0115881
v 0.0219212 -0.0301719 0.00391982
v 0.0197964 -0.0317214 0.0028463
v 0.0220419 -0.0303381 0
v -0.00389834 0.000409732 0.0372946
v -2.29621e-18 2.81205e-34 0.0375
v -0.00383416 0.000814976 0.0372946
v -0.00372797 0.00121129 0.0372946
v -0.00358093 0.00159433 0.0372946
v -0.00339466 0.00195991 0.0372946
v -0.0031712 0.00230401 0.0372946
v -0.00291299 0.00262287 0.0372946
v -0.00262287 0.00291299 0.0372946
v -0.00230401 0.0031712 0.0372946
v -0.00195991 0.00339466 0.0372946
v -0.00159433 0.00358093 0.0372946
v -0.00121129 0.00372797 0.0372946
v -0.000814976 0.00383416 0.0372946
v -0.000409732 0.00389834 0.0372946
v 2.4002e-19 0.00391982 0.0372946
v 0.000409732 0.00389834 0.0372946
v 0.00262287 0.00291299 0.0372946
v 0.00291299 0.00262287 0.0372946
v 0.0031712 0.00230401 0.0372946
v 0.00339466 0.00195991 0.0372946
v 0.00358093 0.00159433 0.0372946
v 0.00372797 0.00121129 0.0372946
v 0.00383416 0.000814976 0.0372946
v 0.00389834 0.000409732 0.0372946
v 0.00391982 0 0.0372946
v 0.00389834 -0.000409732 0.0372946
v 0.00383416 -0.000814976 0.0372946
v 0.00372797 -0.00121129 0.0372946
v -2.29621e-18 2.81205e-34 0.0375
v 0.00358093 -0.00159433 0.0372946
v 0.00339466 -0.00195991 0.0372946
v 0.0031712 -0.00230401 0.0372946
v 0.00291299 -0.00262287 0.0372946
v 0.00262287 -0.00291299 0.0372946
v 0.00230401 -0.0031712 0.0372946
v 0.00195991 -0.00339466 0.0372946
v 0.00159433 -0.00358093 0.0372946
v 0.00121129 -0.00372797 0.0372946
v 0.000814976 -0.00383416 0.0372946
v 0.000409732 -0.00389834 0.0372946
v 2.4002e-19 -0.00391982 0.0372946
v -0.000409732 -0.00389834 0.0372946
v -0.000814976 -0.00383416 0.0372946
v -0.00121129 -0.00372797 0.0372946
v -0.00159433 -0.00358093 0.0372946
v -0.00195991 -0.00339466 0.0372946
v -0.00230401 -0.0031712 0.0372946
v -0.00262287 -0.00291299 0.0372946
v -0.00291299 -0.00262287 0.0372946
v -0.0031712 -0.00230401 0.0372946
v -0.00339466 -0.00195991 0.0372946
v -0.00358093 -0.00159433 0.0372946
v -0.00372797 -0.00121129 0.0372946
v -0.00383416 -0.000814976 0.0372946
v -0.00389834 -0.000409732 0.0372946
v -0.00391982 4.80039e-19 0.0372946
v -0.0278679 3.41284e-18 -0.0250924
v -0.0250924 3.07293e-18 -0.0278679
v -0.0277153 -0.00291299 -0.0250924
v -0.0249549 -0.00262287 -0.0278679
v -0.0272589 -0.00579407 -0.0250924
v -0.0245441 -0.005217 -0.0278679
v -0.026504 -0.00861166 -0.0250924
v -0.0238643 -0.00775398 -0.0278679
v -0.0254586 -0.0113349 -0.0250924
v -0.022923 -0.010206 -0.0278679
v -0.0241343 -0.013934 -0.0250924
v -0.0217307 -0.0125462 -0.0278679
v -0.0225456 -0.0163804 -0.0250924
v -0.0303381 3.71535e-18 -0.0220419
v -0.0301719 -0.0031712 -0.0220419
v -0.0296752 -0.00630765 -0.0220419
v -0.0288533 -0.009375 -0.0220419
v -0.0277153 -0.0123396 -0.0220419
v -0.0262736 -0.0151691 -0.0220419
v -0.0245441 -0.0178323 -0.0220419
v -0.0225456 -0.0203002 -0.0220419
v -0.032476 3.97716e-18 -0.01875
v -0.032298 -0.00339466 -0.01875
v -0.0317663 -0.00675213 -0.01875
v -0.0308865 -0.0100356 -0.01875
v -0.0296683 -0.0132092 -0.01875
v -0.028125 -0.016238 -0.01875
v -0.0262736 -0.0190889 -0.01875
v -0.0241343 -0.0217307 -0.01875
v -0.0217307 -0.0241343 -0.01875
v -0.034258 4.19539e-18 -0.0152526
v -0.0340703 -0.00358093 -0.0152526
v -0.0335093 -0.00712263 -0.0152526
v -0.0325813 -0.0105863 -0.0152526
v -0.0312962 -0.013934 -0.0152526
v -0.0296683 -0.017129 -0.0152526
v -0.0277153 -0.0201363 -0.0152526
v -0.0254586 -0.022923 -0.0152526
v -0.022923 -0.0254586 -0.0152526
v -0.0201363 -0.0277153 -0.0152526
v -0.0356646 4.36766e-18 -0.0115881
v -0.0354692 -0.00372797 -0.0115881
v -0.0348853 -0.00741509 -0.0115881
v -0.0339191 -0.011021 -0.0115881
v -0.0325813 -0.0145061 -0.0115881
v -0.0308865 -0.0178323 -0.0115881
v -0.0288533 -0.0209631 -0.0115881
v -0.026504 -0.0238643 -0.0115881
v -0.0238643 -0.026504 -0.0115881
v -0.0209631 -0.0288533 -0.0115881
v -0.0366805 4.49207e-18 -0.00779669
v -0.0364796 -0.00383416 -0.00779669
v -0.035879 -0.00762631 -0.00779669
v -0.0348853 -0.0113349 -0.00779669
v -0.0335093 -0.0149193 -0.00779669
v -0.0317663 -0.0183403 -0.00779669
v -0.0296752 -0.0215603 -0.00779669
v -0.0272589 -0.0245441 -0.00779669
v -0.0245441 -0.0272589 -0.00779669
v -0.0215603 -0.0296752 -0.00779669
v -0.0372946 -0.00391982 0
v -0.0375 4.59243e-18 0
v -0.0372946 4.56727e-18 -0.00391982
v -0.0370903 -0.00389834 -0.00391982
v -0.0364796 -0.00775398 -0.00391982
v -0.0354692 -0.0115247 -0.00391982
v -0.0340703 -0.0151691 -0.00391982
v -0.032298 -0.0186473 -0.00391982
v -0.0301719 -0.0219212 -0.00391982
v -0.0277153 -0.0249549 -0.00391982
v -0.0249549 -0.0277153 -0.00391982
v -0.0219212 -0.0301719 -0.00391982
v -0.0340703 -0.00358093 0.0152526
v -0.034258 4.19539e-18 0.0152526
v -0.0356646 4.36766e-18 0.0115881
v -0.0354692 -0.00372797 0.0115881
v -0.0278679 3.41284e-18 0.0250924
v -0.0303381 3.71535e-18 0.0220419
v -0.0277153 -0.00291299 0.0250924
v -0.0301719 -0.0031712 0.0220419
v -0.0272589 -0.00579407 0.0250924
v -0.0296752 -0.00630765 0.0220419
v -0.026504 -0.00861166 0.0250924
v -0.0288533 -0.009375 0.0220419
v -0.0254586 -0.0113349 0.0250924
v -0.0277153 -0.0123396 0.0220419
v -0.0241343 -0.013934 0.0250924
v -0.0262736 -0.0151691 0.0220419
v -0.0225456 -0.0163804 0.0250924
v -0.0245441 -0.0178323 0.0220419
v -0.0207099 -0.0186473 0.0250924
v -0.0225456 -0.0203002 0.0220419
v -0.0186473 -0.0207099 0.0250924
v -0.0203002 -0.0225456 0.0220419
v -0.0163804 -0.0225456 0.0250924
v -0.0178323 -0.0245441 0.0220419
v -0.013934 -0.0241343 0.0250924
v -0.0151691 -0.0262736 0.0220419
v -0.0113349 -0.0254586 0.0250924
v -0.0123396 -0.0277153 0.0220419
v -0.00861166 -0.026504 0.0250924
v -0.009375 -0.0288533 0.0220419
v -0.00579407 -0.0272589 0.0250924
v -0.00630765 -0.0296752 0.0220419
v -0.00291299 -0.0277153 0.0250924
v -0.0031712 -0.0301719 0.0220419
v 1.70642e-18 -0.0278679 0.0250924
v 1.85768e-18 -0.0303381 0.0220419
v 0.00291299 -0.0277153 0.0250924
v 0.0031712 -0.0301719 0.0220419
v 0.00579407 -0.0272589 0.0250924
v 0.00630765 -0.0296752 0.0220419
v 0.00861166 -0.026504 0.0250924
v 0.009375 -0.0288533 0.0220419
v 0.0113349 -0.0254586 0.0250924
v 0.0123396 -0.0277153 0.0220419
v 0.013934 -0.0241343 0.0250924
v 0.0151691 -0.0262736 0.0220419
v 0.0163804 -0.0225456 0.0250924
v 0.0178323 -0.0245441 0.0220419
v 0.0186473 -0.0207099 0.0250924
v 0.0203002 -0.0225456 0.0220419
v 0.0207099 -0.0186473 0.0250924
v 0.0225456 -0.0203002 0.0220419
v 0.0225456 -0.0163804 0.0250924
v 0.0245441 -0.0178323 0.0220419
v 0.0241343 -0.013934 0.0250924
v 0.0262736 -0.0151691 0.0220419
v 0.0254586 -0.0113349 0.0250924
v 0.0277153 -0.0123396 0.0220419
v 0.026504 -0.00861166 0.0250924
v 0.0288533 -0.009375 0.0220419
v 0.0272589 -0.00579407 0.0250924
v 0.0296752 -0.00630765 0.0220419
v 0.0277153 -0.00291299 0.0250924
v 0.0301719 -0.0031712 0.0220419
v 0.0278679 0 0.0250924
v 0.0303381 0 0.0220419
v 0.0277153 0.00291299 0.0250924
v -0.0250924 3.07293e-18 0.0278679
v -0.0278679 3.41284e-18 0.0250924
v -0.0249549 -0.00262287 0.0278679
v -0.0277153 -0.00291299 0.0250924
v -0.0245441 -0.005217 0.0278679
v -0.0272589 -0.00579407 0.0250924
v -0.0238643 -0.00775398 0.0278679
v -0.026504 -0.00861166 0.0250924
v -0.022923 -0.010206 0.0278679
v -0.0254586 -0.0113349 0.0250924
v -0.0217307 -0.0125462 0.0278679
v -0.0241343 -0.013934 0.0250924
v -0.0203002 -0.0147489 0.0278679
v -0.0225456 -0.0163804 0.0250924
v -0.0186473 -0.0167901 0.0278679
v -0.0207099 -0.0186473 0.0250924
v -0.0167901 -0.0186473 0.0278679
v -0.0186473 -0.0207099 0.0250924
v -0.0147489 -0.0203002 0.0278679
v -0.0163804 -0.0225456 0.0250924
v -0.0125462 -0.0217307 0.0278679
v -0.013934 -0.0241343 0.0250924
v -0.010206 -0.022923 0.0278679
v -0.0113349 -0.0254586 0.0250924
v -0.00775398 -0.0238643 0.0278679
v -0.00861166 -0.026504 0.0250924
v -0.005217 -0.0245441 0.0278679
v -0.00579407 -0.0272589 0.0250924
v -0.00262287 -0.0249549 0.0278679
v -0.00291299 -0.0277153 0.0250924
v 1.53647e-18 -0.0250924 0.0278679
v 1.70642e-18 -0.0278679 0.0250924
v 0.00262287 -0.0249549 0.0278679
v 0.00291299 -0.0277153 0.0250924
v 0.005217 -0.0245441 0.0278679
v 0.00579407 -0.0272589 0.0250924
v 0.00775398 -0.0238643 0.0278679
v 0.00861166 -0.026504 0.0250924
v 0.010206 -0.022923 0.0278679
v 0.0113349 -0.0254586 0.0250924
v 0.0125462 -0.0217307 0.0278679
v 0.013934 -0.0241343 0.0250924
v 0.0147489 -0.0203002 0.0278679
v 0.0163804 -0.0225456 0.0250924
v 0.0167901 -0.0186473 0.0278679
v 0.0186473 -0.0207099 0.0250924
v 0.0186473 -0.0167901 0.0278679
v 0.0207099 -0.0186473 0.0250924
v 0.0203002 -0.0147489 0.0278679
v 0.0225456 -0.0163804 0.0250924
v 0.0217307 -0.0125462 0.0278679
v 0.0241343 -0.013934 0.0250924
v 0.022923 -0.010206 0.0278679
v 0.0254586 -0.0113349 0.0250924
v 0.0238643 -0.00775398 0.0278679
v 0.026504 -0.00861166 0.0250924
v 0.0245441 -0.005217 0.0278679
v 0.0272589 -0.00579407 0.0250924
v 0.0249549 -0.00262287 0.0278679
v 0.0277153 -0.00291299 0.0250924
v 0.0250924 0 0.0278679
v 0.0278679 0 0.0250924
v 0.0249549 0.00262287 0.0278679
v 0.0277153 0.00291299 0.0250924
v 0.0245441 0.005217 0.0278679
v -0.0220419 2.69936e-18 0.0303381
v -0.0250924 3.07293e-18 0.0278679
v -0.0219212 -0.00230401 0.0303381
v -0.0249549 -0.00262287 0.0278679
v -0.0215603 -0.00458278 0.0303381
v -0.0245441 -0.005217 0.0278679
v -0.0209631 -0.00681134 0.0303381
v -0.0238643 -0.00775398 0.0278679
v -0.0201363 -0.00896527 0.0303381
v -0.022923 -0.010206 0.0278679
v -0.0190889 -0.011021 0.0303381
v -0.0217307 -0.0125462 0.0278679
v -0.0178323 -0.0129559 0.0303381
v -0.0203002 -0.0147489 0.0278679
v -0.0163804 -0.0147489 0.0303381
v -0.0186473 -0.0167901 0.0278679
v -0.0147489 -0.0163804 0.0303381
v -0.0167901 -0.0186473 0.0278679
v -0.0129559 -0.0178323 0.0303381
v -0.0147489 -0.0203002 0.0278679
v -0.011021 -0.0190889 0.0303381
v -0.0125462 -0.0217307 0.0278679
v -0.00896527 -0.0201363 0.0303381
v -0.010206 -0.022923 0.0278679
v -0.00681134 -0.0209631 0.0303381
v -0.00775398 -0.0238643 0.0278679
v -0.00458278 -0.0215603 0.0303381
v -0.005217 -0.0245441 0.0278679
v -0.00230401 -0.0219212 0.0303381
v -0.00262287 -0.0249549 0.0278679
v 1.34968e-18 -0.0220419 0.0303381
v 1.53647e-18 -0.0250924 0.0278679
v 0.00230401 -0.0219212 0.0303381
v 0.00262287 -0.0249549 0.0278679
v 0.00458278 -0.0215603 0.0303381
v 0.005217 -0.0245441 0.0278679
v 0.00681134 -0.0209631 0.0303381
v 0.00775398 -0.0238643 0.0278679
v 0.00896527 -0.0201363 0.0303381
v 0.010206 -0.022923 0.0278679
v 0.011021 -0.0190889 0.0303381
v 0.0125462 -0.0217307 0.0278679
v 0.0129559 -0.0178323 0.0303381
v 0.0147489 -0.0203002 0.0278679
v 0.0147489 -0.0163804 0.0303381
v 0.0167901 -0.0186473 0.0278679
v 0.0163804 -0.0147489 0.0303381
v 0.0186473 -0.0167901 0.0278679
v 0.0178323 -0.0129559 0.0303381
v 0.0203002 -0.0147489 0.0278679
v 0.0190889 -0.011021 0.0303381
v 0.0217307 -0.0125462 0.0278679
v 0.0201363 -0.00896527 0.0303381
v 0.022923 -0.010206 0.0278679
v 0.0209631 -0.00681134 0.0303381
v 0.0238643 -0.00775398 0.0278679
v 0.0215603 -0.00458278 0.0303381
v 0.0245441 -0.005217 0.0278679
v 0.0219212 -0.00230401 0.0303381
v 0.0249549 -0.00262287 0.0278679
v 0.0220419 0 0.0303381
v 0.0250924 0 0.0278679
v 0.0219212 0.00230401 0.0303381
v 0.0249549 0.00262287 0.0278679
v 0.0215603 0.00458278 0.0303381
v 0.0245441 0.005217 0.0278679
v 0.0209631 0.00681134 0.0303381
v -0.01875 2.29621e-18 0.032476
v -0.0220419 2.69936e-18 0.0303381
v -0.0186473 -0.00195991 0.032476
v -0.0219212 -0.00230401 0.0303381
v -0.0183403 -0.00389834 0.032476
v -0.0215603 -0.00458278 0.0303381
v -0.0178323 -0.00579407 0.032476
v -0.0209631 -0.00681134 0.0303381
v -0.017129 -0.00762631 0.032476
v -0.0201363 -0.00896527 0.0303381
v -0.016238 -0.009375 0.032476
v -0.0190889 -0.011021 0.0303381
v -0.0151691 -0.011021 0.032476
v -0.0178323 -0.0129559 0.0303381
v -0.013934 -0.0125462 0.032476
v -0.0163804 -0.0147489 0.0303381
v -0.0125462 -0.013934 0.032476
v -0.0147489 -0.0163804 0.0303381
v -0.011021 -0.0151691 0.032476
v -0.0129559 -0.0178323 0.0303381
v -0.009375 -0.016238 0.032476
v -0.011021 -0.0190889 0.0303381
v -0.00762631 -0.017129 0.032476
v -0.00896527 -0.0201363 0.0303381
v -0.00579407 -0.0178323 0.032476
v -0.00681134 -0.0209631 0.0303381
v -0.00389834 -0.0183403 0.032476
v -0.00458278 -0.0215603 0.0303381
v -0.00195991 -0.0186473 0.032476
v -0.00230401 -0.0219212 0.0303381
v 1.14811e-18 -0.01875 0.032476
v 1.34968e-18 -0.0220419 0.0303381
v 0.00195991 -0.0186473 0.032476
v 0.00230401 -0.0219212 0.0303381
v 0.00389834 -0.0183403 0.032476
v 0.00458278 -0.0215603 0.0303381
v 0.00579407 -0.0178323 0.032476
v 0.00681134 -0.0209631 0.0303381
v 0.00762631 -0.017129 0.032476
v 0.00896527 -0.0201363 0.0303381
v 0.009375 -0.016238 0.032476
v 0.011021 -0.0190889 0.0303381
v 0.011021 -0.0151691 0.032476
v 0.0129559 -0.0178323 0.0303381
v 0.0125462 -0.013934 0.032476
v 0.0147489 -0.0163804 0.0303381
v 0.013934 -0.0125462 0.032476
v 0.0163804 -0.0147489 0.0303381
v 0.0151691 -0.011021 0.032476
v 0.0178323 -0.0129559 0.0303381
v 0.016238 -0.009375 0.032476
v 0.0190889 -0.011021 0.0303381
v 0.017129 -0.00762631 0.032476
v 0.0201363 -0.00896527 0.0303381
v 0.0178323 -0.00579407 0.032476
v 0.0209631 -0.00681134 0.0303381
v 0.0183403 -0.00389834 0.032476
v 0.0215603 -0.00458278 0.0303381
v 0.0186473 -0.00195991 0.032476
v 0.0219212 -0.00230401 0.0303381
v 0.01875 0 0.032476
v 0.0220419 0 0.0303381
v 0.0186473 0.00195991 0.032476
v 0.0219212 0.00230401 0.0303381
v 0.0183403 0.00389834 0.032476
v 0.0215603 0.00458278 0.0303381
v 0.0178323 0.00579407 0.032476
v 0.0209631 0.00681134 0.0303381
v 0.017129 0.00762631 0.032476
v -0.0152526 1.86791e-18 0.034258
v -0.01875 2.29621e-18 0.032476
v -0.0151691 -0.00159433 0.034258
v -0.0186473 -0.00195991 0.032476
v -0.0149193 -0.0031712 0.034258
v -0.0183403 -0.00389834 0.032476
v -0.0145061 -0.00471332 0.034258
v -0.0178323 -0.00579407 0.032476
v -0.013934 -0.0062038 0.034258
v -0.017129 -0.00762631 0.032476
v -0.0132092 -0.00762631 0.034258
v -0.016238 -0.009375 0.032476
v -0.0123396 -0.00896527 0.034258
v -0.0151691 -0.011021 0.032476
v -0.0113349 -0.010206 0.034258
v -0.013934 -0.0125462 0.032476
v -0.010206 -0.0113349 0.034258
v -0.0125462 -0.013934 0.032476
v -0.00896527 -0.0123396 0.034258
v -0.011021 -0.0151691 0.032476
v -0.00762631 -0.0132092 0.034258
v -0.009375 -0.016238 0.032476
v -0.0062038 -0.013934 0.034258
v -0.00762631 -0.017129 0.032476
v -0.00471332 -0.0145061 0.034258
v -0.00579407 -0.0178323 0.032476
v -0.0031712 -0.0149193 0.034258
v -0.00389834 -0.0183403 0.032476
v -0.00159433 -0.0151691 0.034258
v -0.00195991 -0.0186473 0.032476
v 9.33954e-19 -0.0152526 0.034258
v 1.14811e-18 -0.01875 0.032476
v 0.00159433 -0.0151691 0.034258
v 0.00195991 -0.0186473 0.032476
v 0.0031712 -0.0149193 0.034258
v 0.00389834 -0.0183403 0.032476
v 0.00471332 -0.0145061 0.034258
v 0.00579407 -0.0178323 0.032476
v 0.0062038 -0.013934 0.034258
v 0.00762631 -0.017129 0.032476
v 0.00762631 -0.0132092 0.034258
v 0.009375 -0.016238 0.032476
v 0.00896527 -0.0123396 0.034258
v 0.011021 -0.0151691 0.032476
v 0.010206 -0.0113349 0.034258
v 0.0125462 -0.013934 0.032476
v 0.0113349 -0.010206 0.034258
v 0.013934 -0.0125462 0.032476
v 0.0123396 -0.00896527 0.034258
v 0.0151691 -0.011021 0.032476
v 0.0132092 -0.00762631 0.034258
v 0.016238 -0.009375 0.032476
v 0.013934 -0.0062038 0.034258
v 0.017129 -0.00762631 0.032476
v 0.0145061 -0.00471332 0.034258
v 0.0178323 -0.00579407 0.032476
v 0.0149193 -0.0031712 0.034258
v 0.0183403 -0.00389834 0.032476
v 0.0151691 -0.00159433 0.034258
v 0.0186473 -0.00195991 0.032476
v 0.0152526 0 0.034258
v 0.01875 0 0.032476
v 0.0151691 0.00159433 0.034258
v 0.0186473 0.00195991 0.032476
v 0.0149193 0.0031712 0.034258
v 0.0183403 0.00389834 0.032476
v 0.0145061 0.00471332 0.034258
v 0.0178323 0.00579407 0.032476
v 0.013934 0.0062038 0.034258
v 0.017129 0.00762631 0.032476
v 0.0132092 0.00762631 0.034258
v -0.0115881 1.41914e-18 0.0356646
v -0.0152526 1.86791e-18 0.034258
v -0.0115247 -0.00121129 0.0356646
v -0.0151691 -0.00159433 0.034258
v -0.0113349 -0.00240931 0.0356646
v -0.0149193 -0.0031712 0.034258
v -0.011021 -0.00358093 0.0356646
v -0.0145061 -0.00471332 0.034258
v -0.0105863 -0.00471332 0.0356646
v -0.013934 -0.0062038 0.034258
v -0.0100356 -0.00579407 0.0356646
v -0.0132092 -0.00762631 0.034258
v -0.009375 -0.00681134 0.0356646
v -0.0123396 -0.00896527 0.034258
v -0.00861166 -0.00775398 0.0356646
v -0.0113349 -0.010206 0.034258
v -0.00775398 -0.00861166 0.0356646
v -0.010206 -0.0113349 0.034258
v -0.00681134 -0.009375 0.0356646
v -0.00896527 -0.0123396 0.034258
v -0.00579407 -0.0100356 0.0356646
v -0.00762631 -0.0132092 0.034258
v -0.00471332 -0.0105863 0.0356646
v -0.0062038 -0.013934 0.034258
v -0.00358093 -0.011021 0.0356646
v -0.00471332 -0.0145061 0.034258
v -0.00240931 -0.0113349 0.0356646
v -0.0031712 -0.0149193 0.034258
v -0.00121129 -0.0115247 0.0356646
v -0.00159433 -0.0151691 0.034258
v 7.09569e-19 -0.0115881 0.0356646
v 9.33954e-19 -0.0152526 0.034258
v 0.00121129 -0.0115247 0.0356646
v 0.00159433 -0.0151691 0.034258
v 0.00240931 -0.0113349 0.0356646
v 0.0031712 -0.0149193 0.034258
v 0.00358093 -0.011021 0.0356646
v 0.00471332 -0.0145061 0.034258
v 0.00471332 -0.0105863 0.0356646
v 0.0062038 -0.013934 0.034258
v 0.00579407 -0.0100356 0.0356646
v 0.00762631 -0.0132092 0.034258
v 0.00681134 -0.009375 0.0356646
v 0.00896527 -0.0123396 0.034258
v 0.00775398 -0.00861166 0.0356646
v 0.010206 -0.0113349 0.034258
v 0.00861166 -0.00775398 0.0356646
v 0.0113349 -0.010206 0.034258
v 0.009375 -0.00681134 0.0356646
v 0.0123396 -0.00896527 0.034258
v 0.0100356 -0.00579407 0.0356646
v 0.0132092 -0.00762631 0.034258
v 0.0105863 -0.00471332 0.0356646
v 0.013934 -0.0062038 0.034258
v 0.011021 -0.00358093 0.0356646
v 0.0145061 -0.00471332 0.034258
v 0.0113349 -0.00240931 0.0356646
v 0.0149193 -0.0031712 0.034258
v 0.0115247 -0.00121129 0.0356646
v 0.0151691 -0.00159433 0.034258
v 0.0115881 0 0.0356646
v 0.0152526 0 0.034258
v 0.0115247 0.00121129 0.0356646
v 0.0151691 0.00159433 0.034258
v 0.0113349 0.00240931 0.0356646
v 0.0149193 0.0031712 0.034258
v 0.011021 0.00358093 0.0356646
v 0.0145061 0.00471332 0.034258
v 0.0105863 0.00471332 0.0356646
v 0.013934 0.0062038 0.034258
v 0.0100356 0.00579407 0.0356646
v 0.0132092 0.00762631 0.034258
v 0.009375 0.00681134 0.0356646
v -0.00389834 -0.000409732 0.0372946
v -0.00391982 4.80039e-19 0.0372946
v -0.00779669 9.54819e-19 0.0366805
v -0.0115881 1.41914e-18 0.0356646
v -0.00775398 -0.000814976 0.0366805
v -0.0115247 -0.00121129 0.0356646
v -0.00762631 -0.00162102 0.0366805
v -0.0113349 -0.00240931 0.0356646
v -0.00741509 -0.00240931 0.0366805
v -0.011021 -0.00358093 0.0356646
v -0.00712263 -0.0031712 0.0366805
v -0.0105863 -0.00471332 0.0356646
v -0.00675213 -0.00389834 0.0366805
v -0.0100356 -0.00579407 0.0356646
v -0.00630765 -0.00458278 0.0366805
v -0.009375 -0.00681134 0.0356646
v -0.00579407 -0.005217 0.0366805
v -0.00861166 -0.00775398 0.0356646
v -0.005217 -0.00579407 0.0366805
v -0.00775398 -0.00861166 0.0356646
v -0.00458278 -0.00630765 0.0366805
v -0.00681134 -0.009375 0.0356646
v -0.00389834 -0.00675213 0.0366805
v -0.00579407 -0.0100356 0.0356646
v -0.0031712 -0.00712263 0.0366805
v -0.00471332 -0.0105863 0.0356646
v -0.00240931 -0.00741509 0.0366805
v -0.00358093 -0.011021 0.0356646
v -0.00162102 -0.00762631 0.0366805
v -0.00240931 -0.0113349 0.0356646
v -0.000814976 -0.00775398 0.0366805
v -0.00121129 -0.0115247 0.0356646
v 4.77409e-19 -0.00779669 0.0366805
v 7.09569e-19 -0.0115881 0.0356646
v 0.000814976 -0.00775398 0.0366805
v 0.00121129 -0.0115247 0.0356646
v 0.00162102 -0.00762631 0.0366805
v 0.00240931 -0.0113349 0.0356646
v 0.00240931 -0.00741509 0.0366805
v 0.00358093 -0.011021 0.0356646
v 0.0031712 -0.00712263 0.0366805
v 0.00471332 -0.0105863 0.0356646
v 0.00389834 -0.00675213 0.0366805
v 0.00579407 -0.0100356 0.0356646
v 0.00458278 -0.00630765 0.0366805
v 0.00681134 -0.009375 0.0356646
v 0.005217 -0.00579407 0.0366805
v 0.00775398 -0.00861166 0.0356646
v 0.00579407 -0.005217 0.0366805
v 0.00861166 -0.00775398 0.0356646
v 0.00630765 -0.00458278 0.0366805
v 0.009375 -0.00681134 0.0356646
v 0.00675213 -0.00389834 0.0366805
v 0.0100356 -0.00579407 0.0356646
v 0.00712263 -0.0031712 0.0366805
v 0.0105863 -0.00471332 0.0356646
v 0.00741509 -0.00240931 0.0366805
v 0.011021 -0.00358093 0.0356646
v 0.00762631 -0.00162102 0.0366805
v 0.0113349 -0.00240931 0.0356646
v 0.00775398 -0.000814976 0.0366805
v 0.0115247 -0.00121129 0.0356646
v 0.00779669 0 0.0366805
v 0.0115881 0 0.0356646
v 0.00775398 0.000814976 0.0366805
v 0.0115247 0.00121129 0.0356646
v 0.00762631 0.00162102 0.0366805
v 0.0113349 0.00240931 0.0356646
v 0.00741509 0.00240931 0.0366805
v 0.011021 0.00358093 0.0356646
v 0.00712263 0.0031712 0.0366805
v 0.0105863 0.00471332 0.0356646
v 0.00675213 0.00389834 0.0366805
v 0.0100356 0.00579407 0.0356646
v 0.00630765 0.00458278 0.0366805
v 0.009375 0.00681134 0.0356646
v 0.00579407 0.005217 0.0366805
v -0.0249549 -0.0277153 -0.00391982
v -0.0219212 -0.0301719 -0.00391982
v -0.0220419 -0.0303381 0
v -0.0113349 -0.0254586 -0.0250924
v -0.0125462 -0.0217307 -0.0278679
v -0.010206 -0.022923 -0.0278679
v 0.00195991 -0.00339466 0.0372946
v -2.29621e-18 2.81205e-34 0.0375
v 0.00159433 -0.00358093 0.0372946
v -0.0366805 -0.00779669 0
v -0.0372946 -0.00391982 0
v -0.0370903 -0.00389834 -0.00391982
v -0.0372946 4.56727e-18 -0.00391982
v -0.0364796 -0.00775398 -0.00391982
v -0.0335093 -0.00712263 0.0152526
v -0.0340703 -0.00358093 0.0152526
v -0.0354692 -0.00372797 0.0115881
v -0.0348853 -0.00741509 0.0115881
v -0.00383416 -0.000814976 0.0372946
v -0.00389834 -0.000409732 0.0372946
v -0.00775398 -0.000814976 0.0366805
v -0.00779669 9.54819e-19 0.0366805
v -0.00762631 -0.00162102 0.0366805
v -0.0356646 -0.0115881 0
v -0.0354692 -0.0115247 -0.00391982
v -0.0325813 -0.0105863 0.0152526
v -0.0339191 -0.011021 0.0115881
v -0.00372797 -0.00121129 0.0372946
v -0.00741509 -0.00240931 0.0366805
v -0.034258 -0.0152526 0
v -0.0340703 -0.0151691 -0.00391982
v -0.0312962 -0.013934 0.0152526
v -0.0325813 -0.0145061 0.0115881
v -0.00358093 -0.00159433 0.0372946
v -0.00712263 -0.0031712 0.0366805
v -0.032476 -0.01875 0
v -0.032298 -0.0186473 -0.00391982
v -0.0296683 -0.017129 0.0152526
v -0.0308865 -0.0178323 0.0115881
v -0.00339466 -0.00195991 0.0372946
v -0.00675213 -0.00389834 0.0366805
v -0.0303381 -0.0220419 0
v -0.0301719 -0.0219212 -0.00391982
v -0.0277153 -0.0201363 0.0152526
v -0.0288533 -0.0209631 0.0115881
v -0.0031712 -0.00230401 0.0372946
v -0.00630765 -0.00458278 0.0366805
v -0.0278679 -0.0250924 0
v -0.0277153 -0.0249549 -0.00391982
v -0.0250924 -0.0278679 0
v -0.0249549 -0.0277153 -0.00391982
v -0.0220419 -0.0303381 0
v -0.0254586 -0.022923 0.0152526
v -0.026504 -0.0238643 0.0115881
v -0.022923 -0.0254586 0.0152526
v -0.0238643 -0.026504 0.0115881
v -0.0201363 -0.0277153 0.0152526
v -0.0209631 -0.0288533 0.0115881
v -0.017129 -0.0296683 0.0152526
v -0.00291299 -0.00262287 0.0372946
v -0.00579407 -0.005217 0.0366805
v -0.00262287 -0.00291299 0.0372946
v -0.005217 -0.00579407 0.0366805
v -0.00230401 -0.0031712 0.0372946
v -0.00458278 -0.00630765 0.0366805
v -0.00195991 -0.00339466 0.0372946
v -0.00389834 -0.00675213 0.0366805
v -0.00159433 -0.00358093 0.0372946
v -0.0031712 -0.00712263 0.0366805
v -0.00121129 -0.00372797 0.0372946
v -0.00240931 -0.00741509 0.0366805
v -0.000814976 -0.00383416 0.0372946
v -0.00162102 -0.00762631 0.0366805
v -0.000409732 -0.00389834 0.0372946
v -0.000814976 -0.00775398 0.0366805
v 2.4002e-19 -0.00391982 0.0372946
v 4.77409e-19 -0.00779669 0.0366805
v 0.000409732 -0.00389834 0.0372946
v 0.000814976 -0.00775398 0.0366805
v 0.000814976 -0.00383416 0.0372946
v 0.00162102 -0.00762631 0.0366805
v 0.00121129 -0.00372797 0.0372946
v 0.00240931 -0.00741509 0.0366805
v 0.00159433 -0.00358093 0.0372946
v 0.0031712 -0.00712263 0.0366805
v 0.00195991 -0.00339466 0.0372946
v 0.00389834 -0.00675213 0.0366805
v 0.00230401 -0.0031712 0.0372946
v 0.00458278 -0.00630765 0.0366805
v 0.00262287 -0.00291299 0.0372946
v 0.005217 -0.00579407 0.0366805
v 0.00291299 -0.00262287 0.0372946
v 0.00579407 -0.005217 0.0366805
v 0.0031712 -0.00230401 0.0372946
v 0.00630765 -0.00458278 0.0366805
v 0.00339466 -0.00195991 0.0372946
v 0.00675213 -0.00389834 0.0366805
v 0.00358093 -0.00159433 0.0372946
v 0.00712263 -0.0031712 0.0366805
v 0.00372797 -0.00121129 0.0372946
v 0.00741509 -0.00240931 0.0366805
v 0.00383416 -0.000814976 0.0372946
v 0.00762631 -0.00162102 0.0366805
v 0.00389834 -0.000409732 0.0372946
v 0.00775398 -0.000814976 0.0366805
v 0.00391982 0 0.0372946
v 0.00779669 0 0.0366805
v 0.00389834 0.000409732 0.0372946
v 0.00775398 0.000814976 0.0366805
v 0.00383416 0.000814976 0.0372946
v 0.00762631 0.00162102 0.0366805
v 0.00372797 0.00121129 0.0372946
v 0.00741509 0.00240931 0.0366805
v 0.00358093 0.00159433 0.0372946
v 0.00712263 0.0031712 0.0366805
v 0.00339466 0.00195991 0.0372946
v 0.00675213 0.00389834 0.0366805
v 0.0031712 0.00230401 0.0372946
v 0.00630765 0.00458278 0.0366805
v 0.00291299 0.00262287 0.0372946
v 0.00579407 0.005217 0.0366805
v 0.00262287 0.00291299 0.0372946
v -0.0197566 -0.0296925 -0.0115881
v -0.0192103 -0.028365 -0.0152526
v -0.017129 -0.0296683 -0.0152526
v -0.0113349 -0.0254586 -0.0250924
v -0.010206 -0.022923 -0.0278679
v -0.00861166 -0.026504 -0.0250924
v -0.009375 -0.0288533 -0.0220419
v -0.0031712 -0.0301719 -0.0220419
v -0.00630765 -0.0296752 -0.0220419
v -0.00579407 -0.0272589 -0.0250924
v -0.005217 -0.0245441 -0.0278679
v -0.00291299 -0.0277153 -0.0250924
v -0.00262287 -0.0249549 -0.0278679
v 1.70642e-18 -0.0278679 -0.0250924
v 1.53647e-18 -0.0250924 -0.0278679
v 0.00291299 -0.0277153 -0.0250924
v 0.00262287 -0.0249549 -0.0278679
v 0.00579407 -0.0272589 -0.0250924
v 1.85768e-18 -0.0303381 -0.0220419
v 0.0031712 -0.0301719 -0.0220419
v 0.00630765 -0.0296752 -0.0220419
v 0.0132092 -0.0296683 -0.01875
v 0.0100356 -0.0308865 -0.01875
v 0.009375 -0.0288533 -0.0220419
v 0.0209631 -0.0288533 -0.0115881
v 0.0245441 -0.0272589 -0.00779669
v 0.0215603 -0.0296752 -0.00779669
v 0.0249549 -0.0277153 -0.00391982
v 0.0219212 -0.0301719 -0.00391982
v 0.0250924 -0.0278679 0
v 0.0220419 -0.0303381 0
v 0.0249549 -0.0277153 0.00391982
v 0.0219212 -0.0301719 0.00391982
v 0.0245441 -0.0272589 0.00779669
v 0.0215603 -0.0296752 0.00779669
v 0.0238643 -0.026504 0.0115881
v 0.0209631 -0.0288533 0.0115881
v 0.022923 -0.0254586 0.0152526
v 0.0201363 -0.0277153 0.0152526
v 0.0167901 -0.0186473 -0.0278679
v 0.0186473 -0.0167901 -0.0278679
v 0.0207099 -0.0186473 -0.0250924
v 0.0225456 -0.0163804 -0.0250924
v 0.0245441 -0.0178323 -0.0220419
v 0.0262736 -0.0151691 -0.0220419
v 0.028125 -0.016238 -0.01875
v 0.0296683 -0.0132092 -0.01875
v 0.0312962 -0.013934 -0.0152526
v 0.0325813 -0.0105863 -0.0152526
v 0.0339191 -0.011021 -0.0115881
v 0.0348853 -0.00741509 -0.0115881
v 0.035879 -0.00762631 -0.00779669
v 0.0364796 -0.00383416 -0.00779669
v 0.0370903 -0.00389834 -0.00391982
v 0.0372946 0 -0.00391982
v 0.0375 0 0
v 0.0372946 0.00391982 0
v 0.0370903 0.00389834 0.00391982
v 0.0364796 0.00775398 0.00391982
v 0.035879 0.00762631 0.00779669
v 0.0348853 0.0113349 0.00779669
v 0.0339191 0.011021 0.0115881
v 0.0325813 0.0145061 0.0115881
v 0.0312962 0.013934 0.0152526
v 0.0296683 0.017129 0.0152526
v 0.028125 0.016238 0.01875
v 0.0262736 0.0190889 0.01875
v 0.0245441 0.0178323 0.0220419
v 0.0225456 0.0203002 0.0220419
v 0.0207099 0.0186473 0.0250924
v 0.0186473 0.0207099 0.0250924
v 0.0167901 0.0186473 0.0278679
v 0.0147489 0.0203002 0.0278679
v 0.0129559 0.0178323 0.0303381
v 0.011021 0.0190889 0.0303381
v 0.009375 0.016238 0.032476
v 0.00762631 0.017129 0.032476
v 0.0062038 0.013934 0.034258
v 0.00471332 0.0145061 0.034258
v 0.00358093 0.011021 0.0356646
v 0.00240931 0.0113349 0.0356646
v 0.00162102 0.00762631 0.0366805
v 0.000814976 0.00775398 0.0366805
v 0.000409732 0.00389834 0.0372946
v 2.4002e-19 0.00391982 0.0372946
v 0.0249549 -0.0277153 -0.00391982
v 0.0245441 -0.0272589 -0.00779669
v 0.0277153 -0.0249549 -0.00391982
v 0.0250924 -0.0278679 0
v 0.0278679 -0.0250924 0
v 0.0303381 -0.0220419 0
v 0.0249549 -0.0277153 0.00391982
v 0.0277153 -0.0249549 0.00391982
v 0.0301719 -0.0219212 0.00391982
v 0.032298 -0.0186473 0.00391982
v 0.0245441 -0.0272589 0.00779669
v 0.0272589 -0.0245441 0.00779669
v 0.0296752 -0.0215603 0.00779669
v 0.0317663 -0.0183403 0.00779669
v 0.0335093 -0.0149193 0.00779669
v 0.0238643 -0.026504 0.0115881
v 0.026504 -0.0238643 0.0115881
v 0.0288533 -0.0209631 0.0115881
v 0.0308865 -0.0178323 0.0115881
v 0.0325813 -0.0145061 0.0115881
v 0.0339191 -0.011021 0.0115881
v 0.022923 -0.0254586 0.0152526
v 0.0254586 -0.022923 0.0152526
v 0.0277153 -0.0201363 0.0152526
v 0.0296683 -0.017129 0.0152526
v 0.0312962 -0.013934 0.0152526
v 0.0325813 -0.0105863 0.0152526
v 0.0335093 -0.00712263 0.0152526
v 0.0186473 -0.0167901 -0.0278679
v 0.0203002 -0.0147489 -0.0278679
v 0.0225456 -0.0163804 -0.0250924
v 0.0241343 -0.013934 -0.0250924
v 0.0262736 -0.0151691 -0.0220419
v 0.0277153 -0.0123396 -0.0220419
v 0.0296683 -0.0132092 -0.01875
v 0.0308865 -0.0100356 -0.01875
v 0.0325813 -0.0105863 -0.0152526
v 0.0335093 -0.00712263 -0.0152526
v 0.0348853 -0.00741509 -0.0115881
v 0.0354692 -0.00372797 -0.0115881
v 0.0364796 -0.00383416 -0.00779669
v 0.0366805 0 -0.00779669
v 0.0372946 0 -0.00391982
v 0.0370903 0.00389834 -0.00391982
v 0.0372946 0.00391982 0
v 0.0366805 0.00779669 0
v 0.0364796 0.00775398 0.00391982
v 0.0354692 0.0115247 0.00391982
v 0.0348853 0.0113349 0.00779669
v 0.0335093 0.0149193 0.00779669
v 0.0325813 0.0145061 0.0115881
v 0.0308865 0.0178323 0.0115881
v 0.0296683 0.017129 0.0152526
v 0.0277153 0.0201363 0.0152526
v 0.0262736 0.0190889 0.01875
v 0.0241343 0.0217307 0.01875
v 0.0225456 0.0203002 0.0220419
v 0.0203002 0.0225456 0.0220419
v 0.0186473 0.0207099 0.0250924
v 0.0163804 0.0225456 0.0250924
v 0.0147489 0.0203002 0.0278679
v 0.0125462 0.0217307 0.0278679
v 0.011021 0.0190889 0.0303381
v 0.00896527 0.0201363 0.0303381
v 0.00762631 0.017129 0.032476
v 0.00579407 0.0178323 0.032476
v 0.00471332 0.0145061 0.034258
v 0.0031712 0.0149193 0.034258
v 0.00240931 0.0113349 0.0356646
v 0.00121129 0.0115247 0.0356646
v 0.000814976 0.00775398 0.0366805
v 4.77409e-19 0.00779669 0.0366805
v 2.4002e-19 0.00391982 0.0372946
v -0.000409732 0.00389834 0.0372946
v 0.0203002 -0.0147489 -0.0278679
v 0.0217307 -0.0125462 -0.0278679
v 0.0241343 -0.013934 -0.0250924
v 0.0254586 -0.0113349 -0.0250924
v 0.0277153 -0.0123396 -0.0220419
v 0.0288533 -0.009375 -0.0220419
v 0.0308865 -0.0100356 -0.01875
v 0.0317663 -0.00675213 -0.01875
v 0.0335093 -0.00712263 -0.0152526
v 0.0340703 -0.00358093 -0.0152526
v 0.0354692 -0.00372797 -0.0115881
v 0.0356646 0 -0.0115881
v 0.0366805 0 -0.00779669
v 0.0364796 0.00383416 -0.00779669
v 0.0370903 0.00389834 -0.00391982
v 0.0364796 0.00775398 -0.00391982
v 0.0366805 0.00779669 0
v 0.0356646 0.0115881 0
v 0.0354692 0.0115247 0.00391982
v 0.0340703 0.0151691 0.00391982
v 0.0335093 0.0149193 0.00779669
v 0.0317663 0.0183403 0.00779669
v 0.0308865 0.0178323 0.0115881
v 0.0288533 0.0209631 0.0115881
v 0.0277153 0.0201363 0.0152526
v 0.0254586 0.022923 0.0152526
v 0.0241343 0.0217307 0.01875
v 0.0217307 0.0241343 0.01875
v 0.0203002 0.0225456 0.0220419
v 0.0178323 0.0245441 0.0220419
v 0.0163804 0.0225456 0.0250924
v 0.013934 0.0241343 0.0250924
v 0.0125462 0.0217307 0.0278679
v 0.010206 0.022923 0.0278679
v 0.00896527 0.0201363 0.0303381
v 0.00681134 0.0209631 0.0303381
v 0.00579407 0.0178323 0.032476
v 0.00389834 0.0183403 0.032476
v 0.0031712 0.0149193 0.034258
v 0.00159433 0.0151691 0.034258
v 0.00121129 0.0115247 0.0356646
v 7.09569e-19 0.0115881 0.0356646
v 4.77409e-19 0.00779669 0.0366805
v -0.000814976 0.00775398 0.0366805
v -0.000409732 0.00389834 0.0372946
v -0.000814976 0.00383416 0.0372946
v 0.0217307 -0.0125462 -0.0278679
v 0.022923 -0.010206 -0.0278679
v 0.0254586 -0.0113349 -0.0250924
v 0.026504 -0.00861166 -0.0250924
v 0.0288533 -0.009375 -0.0220419
v 0.0296752 -0.00630765 -0.0220419
v 0.0317663 -0.00675213 -0.01875
v 0.032298 -0.00339466 -0.01875
v 0.0340703 -0.00358093 -0.0152526
v 0.034258 0 -0.0152526
v 0.0356646 0 -0.0115881
v 0.0354692 0.00372797 -0.0115881
v 0.0364796 0.00383416 -0.00779669
v 0.035879 0.00762631 -0.00779669
v 0.0364796 0.00775398 -0.00391982
v 0.0354692 0.0115247 -0.00391982
v 0.0356646 0.0115881 0
v 0.034258 0.0152526 0
v 0.0340703 0.0151691 0.00391982
v 0.032298 0.0186473 0.00391982
v 0.0317663 0.0183403 0.00779669
v 0.0296752 0.0215603 0.00779669
v 0.0288533 0.0209631 0.0115881
v 0.026504 0.0238643 0.0115881
v 0.0254586 0.022923 0.0152526
v 0.022923 0.0254586 0.0152526
v 0.0217307 0.0241343 0.01875
v 0.0190889 0.0262736 0.01875
v 0.0178323 0.0245441 0.0220419
v 0.0151691 0.0262736 0.0220419
v 0.013934 0.0241343 0.0250924
v 0.0113349 0.0254586 0.0250924
v 0.010206 0.022923 0.0278679
v 0.00775398 0.0238643 0.0278679
v 0.00681134 0.0209631 0.0303381
v 0.00458278 0.0215603 0.0303381
v 0.00389834 0.0183403 0.032476
v 0.00195991 0.0186473 0.032476
v 0.00159433 0.0151691 0.034258
v 9.33954e-19 0.0152526 0.034258
v 7.09569e-19 0.0115881 0.0356646
v -0.00121129 0.0115247 0.0356646
v -0.000814976 0.00775398 0.0366805
v -0.00162102 0.00762631 0.0366805
v -0.000814976 0.00383416 0.0372946
v -0.00121129 0.00372797 0.0372946
v 0.022923 -0.010206 -0.0278679
v 0.0238643 -0.00775398 -0.0278679
v 0.026504 -0.00861166 -0.0250924
v 0.0272589 -0.00579407 -0.0250924
v 0.0296752 -0.00630765 -0.0220419
v 0.0301719 -0.0031712 -0.0220419
v 0.032298 -0.00339466 -0.01875
v 0.032476 0 -0.01875
v 0.034258 0 -0.0152526
v 0.0340703 0.00358093 -0.0152526
v 0.0354692 0.00372797 -0.0115881
v 0.0348853 0.00741509 -0.0115881
v 0.035879 0.00762631 -0.00779669
v 0.0348853 0.0113349 -0.00779669
v 0.0354692 0.0115247 -0.00391982
v 0.0340703 0.0151691 -0.00391982
v 0.034258 0.0152526 0
v 0.032476 0.01875 0
v 0.032298 0.0186473 0.00391982
v 0.0301719 0.0219212 0.00391982
v 0.0296752 0.0215603 0.00779669
v 0.0272589 0.0245441 0.00779669
v 0.026504 0.0238643 0.0115881
v 0.0238643 0.026504 0.0115881
v 0.022923 0.0254586 0.0152526
v 0.0201363 0.0277153 0.0152526
v 0.0190889 0.0262736 0.01875
v 0.016238 0.028125 0.01875
v 0.0151691 0.0262736 0.0220419
v 0.0123396 0.0277153 0.0220419
v 0.0113349 0.0254586 0.0250924
v 0.00861166 0.026504 0.0250924
v 0.00775398 0.0238643 0.0278679
v 0.005217 0.0245441 0.0278679
v 0.00458278 0.0215603 0.0303381
v 0.00230401 0.0219212 0.0303381
v 0.00195991 0.0186473 0.032476
v 1.14811e-18 0.01875 0.032476
v 9.33954e-19 0.0152526 0.034258
v -0.00159433 0.0151691 0.034258
v -0.00121129 0.0115247 0.0356646
v -0.00240931 0.0113349 0.0356646
v -0.00162102 0.00762631 0.0366805
v -0.00240931 0.00741509 0.0366805
v -0.00121129 0.00372797 0.0372946
v -0.00159433 0.00358093 0.0372946
v 0.0238643 0.00775398 -0.0278679
v 0.022923 0.010206 -0.0278679
v 0.0254586 0.0113349 -0.0250924
v 0.0241343 0.013934 -0.0250924
v 0.0262736 0.0151691 -0.0220419
v 0.0245441 0.0178323 -0.0220419
v 0.0262736 0.0190889 -0.01875
v 0.0241343 0.0217307 -0.01875
v 0.0254586 0.022923 -0.0152526
v 0.022923 0.0254586 -0.0152526
v 0.0238643 0.026504 -0.0115881
v 0.0209631 0.0288533 -0.0115881
v 0.0215603 0.0296752 -0.00779669
v 0.0195428 0.0298336 -0.0115881
v 0.0199213 0.0307994 -0.00779669
v 0.0217307 0.0125462 -0.0278679
v 0.0225456 0.0163804 -0.0250924
v 0.0225456 0.0203002 -0.0220419
v 0.0217307 0.0241343 -0.01875
v 0.0201363 0.0277153 -0.0152526
v 0.0189377 0.0285477 -0.0152526
v 0.017129 0.0296683 -0.0152526
v 0.0203002 0.0147489 -0.0278679
v 0.0207099 0.0186473 -0.0250924
v 0.0203002 0.0225456 -0.0220419
v 0.0190889 0.0262736 -0.01875
v 0.0181092 0.0269582 -0.01875
v 0.016238 0.028125 -0.01875
v 0.013934 0.0312962 -0.0152526
v 0.0186473 0.0167901 -0.0278679
v 0.0186473 0.0207099 -0.0250924
v 0.0178323 0.0245441 -0.0220419
v 0.0170628 0.0250851 -0.0220419
v 0.0151691 0.0262736 -0.0220419
v 0.0132092 0.0296683 -0.01875
v 0.0167901 0.0186473 -0.0278679
v 0.0163804 0.0225456 -0.0250924
v 0.0158068 0.0229514 -0.0250924
v 0.013934 0.0241343 -0.0250924
v 0.0123396 0.0277153 -0.0220419
v 0.0100356 0.0308865 -0.01875
v 0.0125462 0.0217307 -0.0278679
v 0.010206 0.022923 -0.0278679
v 0.0113349 0.0254586 -0.0250924
v 0.00861166 0.026504 -0.0250924
v 0.009375 0.0288533 -0.0220419
v 0.00775398 0.0238643 -0.0278679
v 0.00291299 0.0277153 -0.0250924
v 0.00262287 0.0249549 -0.0278679
v 1.70642e-18 0.0278679 -0.0250924
v 1.53647e-18 0.0250924 -0.0278679
v -0.00291299 0.0277153 -0.0250924
v -0.00262287 0.0249549 -0.0278679
v -0.00579407 0.0272589 -0.0250924
v -0.005217 0.0245441 -0.0278679
v 0.0031712 0.0301719 -0.0220419
v 1.85768e-18 0.0303381 -0.0220419
v -0.0031712 0.0301719 -0.0220419
v -0.00630765 0.0296752 -0.0220419
v -0.00861166 0.026504 -0.0250924
v -0.00775398 0.0238643 -0.0278679
v -0.0113349 0.0254586 -0.0250924
v -0.010206 0.022923 -0.0278679
v -0.013934 0.0241343 -0.0250924
v -0.0132092 0.0296683 -0.01875
v -0.0100356 0.0308865 -0.01875
v -0.009375 0.0288533 -0.0220419
v -0.0123396 0.0277153 -0.0220419
v -0.0151691 0.0262736 -0.0220419
v -0.0178323 0.0245441 -0.0220419
v -0.016238 0.028125 -0.01875
v -0.017129 0.0296683 -0.0152526
v -0.0201363 0.0277153 -0.0152526
v -0.0209631 0.0288533 -0.0115881
v -0.0238643 0.026504 -0.0115881
v -0.0245441 0.0272589 -0.00779669
v -0.0272589 0.0245441 -0.00779669
v -0.0277153 0.0249549 -0.00391982
v -0.0301719 0.0219212 -0.00391982
v -0.0303381 0.0220419 0
v -0.032476 0.01875 0
v -0.032298 0.0186473 0.00391982
v -0.0340703 0.0151691 0.00391982
v -0.0335093 0.0149193 0.00779669
v -0.0348853 0.0113349 0.00779669
v -0.0339191 0.011021 0.0115881
v -0.0348853 0.00741509 0.0115881
v -0.0335093 0.00712263 0.0152526
v -0.0340703 0.00358093 0.0152526
v -0.0190889 0.0262736 -0.01875
v -0.0217307 0.0241343 -0.01875
v -0.022923 0.0254586 -0.0152526
v -0.026504 0.0238643 -0.0115881
v -0.0296752 0.0215603 -0.00779669
v -0.032298 0.0186473 -0.00391982
v -0.034258 0.0152526 0
v -0.0354692 0.0115247 0.00391982
v -0.035879 0.00762631 0.00779669
v -0.0354692 0.00372797 0.0115881
v -0.0215603 0.0296752 -0.00779669
v -0.0249549 0.0277153 -0.00391982
v -0.0219212 0.0301719 -0.00391982
v -0.0250924 0.0278679 0
v -0.0220419 0.0303381 0
v -0.0249549 0.0277153 0.00391982
v -0.0219212 0.0301719 0.00391982
v -0.0245441 0.0272589 0.00779669
v -0.0215603 0.0296752 0.00779669
v -0.0238643 0.026504 0.0115881
v -0.0209631 0.0288533 0.0115881
v -0.022923 0.0254586 0.0152526
v -0.0201363 0.0277153 0.0152526
v -0.0178323 0.0245441 0.0220419
v -0.0163804 0.0225456 0.0250924
v -0.0151691 0.0262736 0.0220419
v -0.013934 0.0241343 0.0250924
v -0.0123396 0.0277153 0.0220419
v -0.0113349 0.0254586 0.0250924
v -0.009375 0.0288533 0.0220419
v -0.00861166 0.026504 0.0250924
v -0.00630765 0.0296752 0.0220419
v -0.00579407 0.0272589 0.0250924
v -0.0031712 0.0301719 0.0220419
v -0.00291299 0.0277153 0.0250924
v 1.85768e-18 0.0303381 0.0220419
v 1.70642e-18 0.0278679 0.0250924
v 0.0031712 0.0301719 0.0220419
v 0.00291299 0.0277153 0.0250924
v 0.00630765 0.0296752 0.0220419
v 0.00579407 0.0272589 0.0250924
v 0.009375 0.0288533 0.0220419
v -0.0147489 0.0203002 0.0278679
v -0.0125462 0.0217307 0.0278679
v -0.010206 0.022923 0.0278679
v -0.00775398 0.0238643 0.0278679
v -0.005217 0.0245441 0.0278679
v -0.00262287 0.0249549 0.0278679
v 1.53647e-18 0.0250924 0.0278679
v 0.00262287 0.0249549 0.0278679
v -0.0186473 0.0207099 0.0250924
v -0.0178323 0.0245441 0.0220419
v -0.0203002 0.0225456 0.0220419
v -0.0207099 0.0186473 0.0250924
v -0.0225456 0.0203002 0.0220419
v -0.0225456 0.0163804 0.0250924
v -0.0245441 0.0178323 0.0220419
v -0.0241343 0.013934 0.0250924
v -0.0262736 0.0151691 0.0220419
v -0.0254586 0.0113349 0.0250924
v -0.0277153 0.0123396 0.0220419
v -0.026504 0.00861166 0.0250924
v -0.0288533 0.009375 0.0220419
v -0.0272589 0.00579407 0.0250924
v -0.0296752 0.00630765 0.0220419
v -0.0277153 0.00291299 0.0250924
v -0.0301719 0.0031712 0.0220419
v -0.0129559 0.0178323 0.0303381
v -0.011021 0.0190889 0.0303381
v -0.00896527 0.0201363 0.0303381
v -0.00681134 0.0209631 0.0303381
v -0.00458278 0.0215603 0.0303381
v -0.00230401 0.0219212 0.0303381
v 1.34968e-18 0.0220419 0.0303381
v -0.0147489 0.0203002 0.0278679
v -0.0163804 0.0225456 0.0250924
v -0.0167901 0.0186473 0.0278679
v -0.0186473 0.0167901 0.0278679
v -0.0186473 0.0207099 0.0250924
v -0.0203002 0.0147489 0.0278679
v -0.0217307 0.0125462 0.0278679
v -0.022923 0.010206 0.0278679
v -0.0238643 0.00775398 0.0278679
v -0.0245441 0.005217 0.0278679
v -0.0249549 0.00262287 0.0278679
v -0.011021 0.0151691 0.032476
v -0.009375 0.016238 0.032476
v -0.00762631 0.017129 0.032476
v -0.00579407 0.0178323 0.032476
v -0.00389834 0.0183403 0.032476
v -0.00195991 0.0186473 0.032476
v -0.0147489 0.0163804 0.0303381
v -0.0163804 0.0147489 0.0303381
v -0.0178323 0.0129559 0.0303381
v -0.0190889 0.011021 0.0303381
v -0.0201363 0.00896527 0.0303381
v -0.0209631 0.00681134 0.0303381
v -0.0215603 0.00458278 0.0303381
v -0.0219212 0.00230401 0.0303381
v -0.00896527 0.0123396 0.034258
v -0.00762631 0.0132092 0.034258
v -0.0062038 0.013934 0.034258
v -0.00471332 0.0145061 0.034258
v -0.0031712 0.0149193 0.034258
v -0.0129559 0.0178323 0.0303381
v -0.0125462 0.013934 0.032476
v -0.013934 0.0125462 0.032476
v -0.0151691 0.011021 0.032476
v -0.016238 0.009375 0.032476
v -0.017129 0.00762631 0.032476
v -0.0178323 0.00579407 0.032476
v -0.0183403 0.00389834 0.032476
v -0.0186473 0.00195991 0.032476
v -0.00681134 0.009375 0.0356646
v -0.00579407 0.0100356 0.0356646
v -0.00471332 0.0105863 0.0356646
v -0.00358093 0.011021 0.0356646
v -0.011021 0.0151691 0.032476
v -0.010206 0.0113349 0.034258
v -0.0113349 0.010206 0.034258
v -0.0123396 0.00896527 0.034258
v -0.0132092 0.00762631 0.034258
v -0.013934 0.0062038 0.034258
v -0.0145061 0.00471332 0.034258
v -0.0149193 0.0031712 0.034258
v -0.0151691 0.00159433 0.034258
v -0.00458278 0.00630765 0.0366805
v -0.00389834 0.00675213 0.0366805
v -0.0031712 0.00712263 0.0366805
v -0.00896527 0.0123396 0.034258
v -0.00775398 0.00861166 0.0356646
v -0.00861166 0.00775398 0.0356646
v -0.009375 0.00681134 0.0356646
v -0.0100356 0.00579407 0.0356646
v -0.0105863 0.00471332 0.0356646
v -0.011021 0.00358093 0.0356646
v -0.0113349 0.00240931 0.0356646
v -0.0115247 0.00121129 0.0356646
v -0.00230401 0.0031712 0.0372946
v -0.00195991 0.00339466 0.0372946
v -0.005217 0.00579407 0.0366805
v -0.00681134 0.009375 0.0356646
v -0.00579407 0.005217 0.0366805
v -0.00630765 0.00458278 0.0366805
v -0.00675213 0.00389834 0.0366805
v -0.00712263 0.0031712 0.0366805
v -0.00741509 0.00240931 0.0366805
v -0.00762631 0.00162102 0.0366805
v -0.00775398 0.000814976 0.0366805
v -0.00262287 0.00291299 0.0372946
v -0.00291299 0.00262287 0.0372946
v -0.0031712 0.00230401 0.0372946
v -0.00339466 0.00195991 0.0372946
v -0.00358093 0.00159433 0.0372946
v -0.00372797 0.00121129 0.0372946
v -0.00383416 0.000814976 0.0372946
v -0.00389834 0.000409732 0.0372946
v -0.026504 0.0238643 -0.0115881
v -0.022923 0.0254586 -0.0152526
v -0.0254586 0.022923 -0.0152526
v -0.0217307 0.0241343 -0.01875
v -0.0245441 0.0272589 -0.00779669
v -0.0277153 0.0249549 -0.00391982
v -0.0249549 0.0277153 -0.00391982
v -0.0278679 0.0250924 0
v -0.0250924 0.0278679 0
v -0.0277153 0.0249549 0.00391982
v -0.0249549 0.0277153 0.00391982
v -0.0272589 0.0245441 0.00779669
v -0.0245441 0.0272589 0.00779669
v -0.026504 0.0238643 0.0115881
v -0.0238643 0.026504 0.0115881
v -0.0254586 0.022923 0.0152526
v -0.022923 0.0254586 0.0152526
v -0.0296752 0.0215603 -0.00779669
v -0.0288533 0.0209631 -0.0115881
v -0.0303381 0.0220419 0
v -0.0301719 0.0219212 0.00391982
v -0.0296752 0.0215603 0.00779669
v -0.0288533 0.0209631 0.0115881
v -0.0277153 0.0201363 0.0152526
v -0.032298 0.0186473 -0.00391982
v -0.0317663 0.0183403 -0.00779669
v -0.032298 0.0186473 0.00391982
v -0.0317663 0.0183403 0.00779669
v -0.0308865 0.0178323 0.0115881
v -0.0296683 0.017129 0.0152526
v -0.0217307 0.0125462 -0.0278679
v -0.022923 0.010206 -0.0278679
v -0.0254586 0.0113349 -0.0250924
v -0.026504 0.00861166 -0.0250924
v -0.0288533 0.009375 -0.0220419
v -0.0296752 0.00630765 -0.0220419
v -0.0317663 0.00675213 -0.01875
v -0.032298 0.00339466 -0.01875
v -0.0340703 0.00358093 -0.0152526
v -0.0340703 0.0151691 -0.00391982
v -0.034258 0.0152526 0
v -0.0356646 0.0115881 0
v -0.0354692 0.0115247 0.00391982
v -0.0364796 0.00775398 0.00391982
v -0.035879 0.00762631 0.00779669
v -0.0364796 0.00383416 0.00779669
v -0.0354692 0.00372797 0.0115881
v -0.0335093 0.0149193 0.00779669
v -0.0325813 0.0145061 0.0115881
v -0.0339191 0.011021 0.0115881
v -0.0312962 0.013934 0.0152526
v -0.0325813 0.0105863 0.0152526
v -0.0335093 0.00712263 0.0152526
v -0.0238643 0.00775398 -0.0278679
v -0.0272589 0.00579407 -0.0250924
v -0.0301719 0.0031712 -0.0220419
v -0.0245441 0.005217 -0.0278679
v -0.0277153 0.00291299 -0.0250924
v -0.0249549 0.00262287 -0.0278679
vn 0 0 1
vn -0.997943 0.06407 0.00232957
vn -0.999997 0 -0.00232957
vn -0.997943 -0.06407 0.00232957
vn -0.991787 -0.127877 -0.00232957
vn -0.981556 -0.191158 0.00232957
vn -0.967292 -0.253654 -0.00232957
vn -0.949053 -0.315107 0.00232957
vn -0.926914 -0.375266 -0.00232957
vn -0.900966 -0.433883 0.00232957
vn -0.871316 -0.490716 -0.00232957
vn -0.838086 -0.545533 0.00232957
vn -0.801411 -0.598109 -0.00232957
vn -0.761444 -0.648227 0.00232957
vn -0.718347 -0.695681 -0.00232957
vn -0.672299 -0.740276 0.00232957
vn -0.623488 -0.781829 -0.00232957
vn -0.572115 -0.82017 0.00232957
vn -0.518391 -0.85514 -0.00232957
vn -0.462537 -0.886597 0.00232957
vn -0.404782 -0.91441 -0.00232957
vn -0.345364 -0.938466 0.00232957
vn -0.284527 -0.958665 -0.00232957
vn -0.22252 -0.974925 0.00232957
vn -0.159599 -0.987179 -0.00232957
vn -0.0960228 -0.995376 0.00232957
vn -0.0320515 -0.999484 -0.00232957
vn 0.0320515 -0.999484 0.00232957
vn 0.0960228 -0.995376 -0.00232957
vn 0.159599 -0.987179 0.00232957
vn 0.22252 -0.974925 -0.00232957
vn 0.284527 -0.958665 0.00232957
vn 0.345364 -0.938466 -0.00232957
vn 0.404782 -0.91441 0.00232957
vn 0.462537 -0.886597 -0.00232957
vn 0.518391 -0.85514 0.00232957
vn 0.572115 -0.82017 -0.00232957
vn 0.623488 -0.781829 0.00232957
vn 0.672299 -0.740276 -0.00232957
vn 0.718347 -0.695681 0.00232957
vn 0.761444 -0.648227 -0.00232957
vn 0.801411 -0.598109 0.00232957
vn 0.838086 -0.545533 -0.00232957
vn 0.871316 -0.490716 0.00232957
vn 0.900966 -0.433883 -0.00232957
vn 0.926914 -0.375266 0.00232957
vn 0.949053 -0.315107 -0.00232957
vn 0.967292 -0.253654 0.00232957
vn 0.981556 -0.191158 -0.00232957
vn 0.991787 -0.127877 0.00232957
vn 0.997943 -0.06407 -0.00232957
vn 0.999997 0 0.00232957
vn 0.997943 0.06407 -0.00232957
vn 0.991787 0.127877 0.00232957
vn 0.981556 0.191158 -0.00232957
vn 0.967292 0.253654 0.00232957
vn 0.949053 0.315107 -0.00232957
vn 0.926914 0.375266 0.00232957
vn 0.900966 0.433883 -0.00232957
vn 0.871316 0.490716 0.00232957
vn 0.838086 0.545533 -0.00232957
vn 0.801411 0.598109 0.00232957
vn 0.761444 0.648227 -0.00232957
vn 0.718347 0.695681 0.00232957
vn 0.672299 0.740276 -0.00232957
vn 0.623488 0.781829 0.00232957
vn 0.572115 0.82017 -0.00232957
vn 0.518391 0.85514 0.00232957
vn 0.462537 0.886597 -0.00232957
vn 0.404782 0.91441 0.00232957
vn 0.345364 0.938466 -0.00232957
vn 0.284527 0.958665 0.00232957
vn 0.22252 0.974925 -0.00232957
vn 0.159599 0.987179 0.00232957
vn 0.0960228 0.995376 -0.00232957
vn 0.0320515 0.999484 0.00232957
vn -0.0320515 0.999484 -0.00232957
vn -0.0960228 0.995376 0.00232957
vn -0.159599 0.987179 -0.00232957
vn -0.22252 0.974925 0.00232957
vn -0.284527 0.958665 -0.00232957
vn -0.345364 0.938466 0.00232957
vn -0.404782 0.91441 -0.00232957
vn -0.462537 0.886597 0.00232957
vn -0.518391 0.85514 -0.00232957
vn -0.572115 0.82017 0.00232957
vn -0.623488 0.781829 -0.00232957
vn -0.672299 0.740276 0.00232957
vn -0.718347 0.695681 -0.00232957
vn -0.761444 0.648227 0.00232957
vn -0.801411 0.598109 -0.00232957
vn -0.838086 0.545533 0.00232957
vn -0.871316 0.490716 -0.00232957
vn -0.900966 0.433883 0.00232957
vn -0.926914 0.375266 -0.00232957
vn -0.949053 0.315107 0.00232957
vn -0.967292 0.253654 -0.00232957
vn -0.981556 0.191158 0.00232957
vn -0.991787 0.127877 -0.00232957
vn -0.784106 -0.620623 0.00213241
vn -0.761379 -0.648257 0.00801247
vn -0.761483 -0.648134 0.00811115
vn -0.748508 -0.663121 0.00248708
vn -0.722436 -0.691437 -0.0008306
vn -0.683801 -0.729665 0.00222418
vn -0.675637 -0.737223 0.00410716
vn -0.643986 -0.765037 -0.000502905
vn -0.596672 -0.802485 0.000660719
vn -0.579563 -0.81492 0.00334125
vn -0.545675 -0.837997 -0.000525716
vn -0.487675 -0.873025 0.000778153
vn -0.474641 -0.880176 0.00261981
vn -0.424608 -0.905377 -0.000990313
vn -0.36247 -0.931993 0.00206421
vn -0.354437 -0.935079 0.00092964
vn -0.280454 -0.959867 -0.000656644
vn -0.244766 -0.969579 0.00248149
vn -0.202749 -0.97923 -0.000849409
vn -0.123324 -0.992365 0.00144132
vn -0.121582 -0.992581 0.00121423
vn -0.040897 -0.999163 -0.0007725
vn 0 -0.999997 0.00238778
vn 0.040897 -0.999163 -0.0007725
vn 0.121582 -0.992581 0.00121423
vn 0.123324 -0.992365 0.00144132
vn 0.202749 -0.97923 -0.000849409
vn 0.244766 -0.969579 0.00248149
vn 0.280454 -0.959867 -0.000656644
vn 0.354437 -0.935079 0.00092964
vn 0.36247 -0.931993 0.00206421
vn 0.424608 -0.905377 -0.000990313
vn 0.474641 -0.880176 0.00261981
vn 0.487675 -0.873025 0.000778153
vn 0.545675 -0.837997 -0.000525716
vn 0.579563 -0.81492 0.00334125
vn 0.596672 -0.802485 0.000660719
vn 0.643986 -0.765037 -0.000502905
vn 0.675637 -0.737223 0.00410716
vn 0.683801 -0.729665 0.00222418
vn 0.722436 -0.691437 -0.0008306
vn 0.748508 -0.663121 0.00248708
vn 0.761379 -0.648257 0.00806549
vn 0.761825 -0.647735 0.00789975
vn 0.784106 -0.620623 0.00213241
vn 0.784106 0.620623 0.00213241
vn 0.761825 0.647735 0.00789975
vn 0.761379 0.648257 0.00806549
vn 0.748508 0.663121 0.00248708
vn 0.722436 0.691437 -0.0008306
vn 0.683801 0.729665 0.00222418
vn 0.675637 0.737223 0.00410716
vn 0.643986 0.765037 -0.000502905
vn 0.596672 0.802485 0.000660719
vn 0.579563 0.81492 0.00334125
vn 0.545675 0.837997 -0.000525716
vn 0.487675 0.873025 0.000778153
vn 0.474641 0.880176 0.00261981
vn 0.424608 0.905377 -0.000990313
vn 0.36247 0.931993 0.00206421
vn 0.354437 0.935079 0.00092964
vn 0.280454 0.959867 -0.000656644
vn 0.244766 0.969579 0.00248149
vn 0.202749 0.97923 -0.000849409
vn 0.123324 0.992365 0.00144132
vn 0.121582 0.992581 0.00121423
vn 0.040897 0.999163 -0.0007725
vn 0 0.999997 0.00238778
vn -0.040897 0.999163 -0.0007725
vn -0.121582 0.992581 0.00121423
vn -0.123324 0.992365 0.00144132
vn -0.202749 0.97923 -0.000849409
vn -0.244766 0.969579 0.00248149
vn -0.280454 0.959867 -0.000656644
vn -0.354437 0.935079 0.00092964
vn -0.36247 0.931993 0.00206421
vn -0.424608 0.905377 -0.000990313
vn -0.474641 0.880176 0.00261981
vn -0.487675 0.873025 0.000778153
vn -0.545675 0.837997 -0.000525716
vn -0.579563 0.81492 0.00334125
vn -0.596672 0.802485 0.000660719
vn -0.643986 0.765037 -0.000502905
vn -0.675637 0.737223 0.00410716
vn -0.683801 0.729665 0.00222418
vn -0.722436 0.691437 -0.0008306
vn -0.748508 0.663121 0.00248708
vn -0.761379 0.648257 0.00806549
vn -0.761825 0.647735 0.00789975
vn -0.784106 0.620623 0.00213241
vn 0 0 -1
vn -0.998734 -7.87815e-18 0.0503041
vn -0.997452 1.04495e-17 -0.0713392
vn -0.977147 -0 -0.212565
vn -0.93695 -0 -0.349464
vn -0.877679 -0 -0.479249
vn -0.800541 -2.20127e-17 -0.599278
vn -0.707107 1.32978e-31 -0.707107
vn -0.599278 -2.17659e-17 -0.800541
vn -0.479249 -5.66813e-17 -0.877679
vn -0.349464 -3.21273e-17 -0.93695
vn -0.212565 -3.89059e-17 -0.977147
vn -0.0713392 -0 -0.997452
vn 0.0713392 0 -0.997452
vn 0.212565 0 -0.977147
vn 0.349464 1.43331e-17 -0.93695
vn 0.479249 2.62083e-17 -0.877679
vn 0.599278 -2.20127e-17 -0.800541
vn 0.707107 0 -0.707107
vn 0.800541 0 -0.599278
vn 0.877679 0 -0.479249
vn 0.93695 -3.82217e-17 -0.349464
vn 0.977147 0 -0.212565
vn 0.997452 0 -0.0713392
vn 0.998734 0 0.0503041
vn 0.997449 0.00255277 0.071339
vn 0.988696 -0.00147902 0.14993
vn 0.977142 0.00302134 0.212564
vn 0.969023 -0.000709666 0.24697
vn 0.940446 0.000902546 0.339943
vn 0.936947 0.0024088 0.349463
vn 0.902671 -0.0014272 0.430329
vn 0.877673 0.0035933 0.479246
vn 0.857495 -0.000983031 0.514492
vn 0.805598 0.00137666 0.592461
vn 0.800538 0.00292171 0.599275
vn 0.746188 -0.00165336 0.665734
vn 0.7071 0.00442346 0.7071
vn 0.68177 -0.000779469 0.731566
vn 0.610825 0.000930863 0.791765
vn 0.599272 0.00415089 0.800534
vn 0.529609 -0.00250386 0.848238
vn 0.479241 0.00570058 0.877665
vn 0.443161 -0.00191659 0.89644
vn 0.351243 0.00285111 0.93628
vn 0.349462 0.00346765 0.936944
vn 0.25278 -0.00241805 0.967521
vn 0.21256 0.00709009 0.977122
vn 0.151886 -0.00370012 0.988391
vn 0.0713379 0.00607711 0.997434
vn 0.0510475 6.38867e-17 0.998696
vn -0.0510475 -6.23697e-17 0.998696
vn -0.0713379 0.00607711 0.997434
vn -0.151886 -0.00370012 0.988391
vn -0.21256 0.00709009 0.977122
vn -0.25278 -0.00241805 0.967521
vn -0.349462 0.00346765 0.936944
vn -0.351243 0.00285111 0.93628
vn -0.443161 -0.00191659 0.89644
vn -0.479241 0.00570058 0.877665
vn -0.529609 -0.00250386 0.848238
vn -0.599272 0.00415089 0.800534
vn -0.610825 0.000930863 0.791765
vn -0.68177 -0.000779469 0.731566
vn -0.7071 0.00442346 0.7071
vn -0.746188 -0.00165336 0.665734
vn -0.800538 0.00292171 0.599275
vn -0.805598 0.00137666 0.592461
vn -0.857495 -0.000983031 0.514492
vn -0.877673 0.0035933 0.479246
vn -0.902671 -0.0014272 0.430329
vn -0.936947 0.0024088 0.349463
vn -0.940446 0.000902546 0.339943
vn -0.969023 -0.000709666 0.24697
vn -0.977142 0.00302134 0.212564
vn -0.988696 -0.00147902 0.14993
vn -0.997449 0.00255277 0.071339
vn 0.997452 0 -0.0713392
vn 0.998734 0 0.0503041
vn 0.997449 -0.00255277 0.071339
vn 0.988696 0.00147902 0.14993
vn 0.977142 -0.00302134 0.212564
vn 0.969023 0.000709666 0.24697
vn 0.940446 -0.000902546 0.339943
vn 0.936947 -0.0024088 0.349463
vn 0.902671 0.0014272 0.430329
vn 0.877673 -0.0035933 0.479246
vn 0.857495 0.000983031 0.514492
vn 0.805598 -0.00137666 0.592461
vn 0.800538 -0.00292171 0.599275
vn 0.746188 0.00165336 0.665734
vn 0.7071 -0.00442346 0.7071
vn 0.68177 0.000779469 0.731566
vn 0.610825 -0.000930863 0.791765
vn 0.599272 -0.00415089 0.800534
vn 0.529609 0.00250386 0.848238
vn 0.479241 -0.00570058 0.877665
vn 0.443161 0.00191659 0.89644
vn 0.351243 -0.00285111 0.93628
vn 0.349462 -0.00346765 0.936944
vn 0.25278 0.00241805 0.967521
vn 0.21256 -0.00709009 0.977122
vn 0.151886 0.00370012 0.988391
vn 0.0713379 -0.00607711 0.997434
vn 0.0510475 3.14344e-17 0.998696
vn -0.0510475 -3.14344e-17 0.998696
vn -0.0713379 -0.00607711 0.997434
vn -0.151886 0.00370012 0.988391
vn -0.21256 -0.00709009 0.977122
vn -0.25278 0.00241805 0.967521
vn -0.349462 -0.00346765 0.936944
vn -0.351243 -0.00285111 0.93628
vn -0.443161 0.00191659 0.89644
vn -0.479241 -0.00570058 0.877665
vn -0.529609 0.00250386 0.848238
vn -0.599272 -0.00415089 0.800534
vn -0.610825 -0.000930863 0.791765
vn -0.68177 0.000779469 0.731566
vn -0.7071 -0.00442346 0.7071
vn -0.746188 0.00165336 0.665734
vn -0.800538 -0.00292171 0.599275
vn -0.805598 -0.00137666 0.592461
vn -0.857495 0.000983031 0.514492
vn -0.877673 -0.0035933 0.479246
vn -0.902671 0.0014272 0.430329
vn -0.936947 -0.0024088 0.349463
vn -0.940446 -0.000902546 0.339943
vn -0.969023 0.000709666 0.24697
vn -0.977142 -0.00302134 0.212564
vn -0.988696 0.00147902 0.14993
vn -0.997449 -0.00255277 0.071339
vn -0.998734 -7.36835e-18 0.0503041
vn -0.997452 1.04495e-17 -0.0713392
vn -0.557585 -0.0357981 -0.829348
vn -0.667491 -0.0349817 -0.743796
vn -0.667491 0.0349817 -0.743796
vn -0.706622 0.0370325 -0.706622
vn -0.776502 0.0406948 -0.628799
vn -0.837862 0.0439105 -0.544114
vn -0.890037 0.0466448 -0.453496
vn -0.932465 0.0488684 -0.35794
vn -0.964691 0.0505573 -0.258488
vn -0.986368 0.0516933 -0.156225
vn -0.997265 0.0522644 -0.0522644
vn -0.997265 0.0522644 0.0522644
vn -0.986368 0.0516933 0.156225
vn -0.964691 0.0505573 0.258488
vn -0.932465 0.0488684 0.35794
vn -0.890037 0.0466448 0.453496
vn -0.837862 0.0439105 0.544114
vn -0.776502 0.0406948 0.628799
vn -0.706622 0.0370325 0.706622
vn -0.628978 0.0329634 0.776724
vn -0.544417 0.0285317 0.838329
vn -0.453862 0.0237859 0.890754
vn -0.358305 0.018778 0.933416
vn -0.258795 0.0135629 0.965837
vn -0.156429 0.00819811 0.987655
vn -0.0523358 0.0027428 0.998626
vn -0.76185 -0.120665 -0.636415
vn -0.499951 -0.0973655 -0.860563
vn -0.789868 -0.211645 -0.575599
vn -0.475452 -0.157861 -0.865462
vn -0.747101 -0.286785 -0.599661
vn -0.477869 -0.23013 -0.847751
vn -0.642321 -0.327279 -0.693045
vn -0.511696 -0.332299 -0.792304
vn -0.593436 -0.385382 -0.706622
vn -0.549902 -0.445302 -0.706622
vn -0.604284 -0.489339 -0.628799
vn -0.549823 -0.549823 -0.628799
vn -0.593271 -0.593271 -0.544114
vn -0.528007 -0.652034 -0.544114
vn -0.560887 -0.692638 -0.453496
vn -0.514739 -0.727297 -0.453963
vn -0.511958 -0.729686 -0.453273
vn -0.475487 -0.752475 -0.455734
vn -0.472936 -0.755271 -0.453759
vn -0.404623 -0.794117 -0.453496
vn -0.41789 -0.820155 -0.390787
vn -0.371384 -0.850969 -0.371384
vn -0.34324 -0.822295 -0.453891
vn -0.340234 -0.823208 -0.4545
vn -0.314054 -0.818138 -0.481684
vn -0.256616 -0.844565 -0.469956
vn -0.216306 -0.810663 -0.544092
vn -0.217204 -0.810615 -0.543808
vn -0.201249 -0.751073 -0.628799
vn -0.183138 -0.683481 -0.706622
vn -0.201397 -0.751625 -0.628091
vn -0.112827 -0.494326 -0.861924
vn -0.502256 -0.326932 -0.800534
vn -0.567604 -0.459637 -0.683051
vn -0.549902 -0.445302 -0.706622
vn -0.500343 -0.500343 -0.706622
vn -0.549823 -0.549823 -0.628799
vn -0.489339 -0.604284 -0.628799
vn -0.528007 -0.652034 -0.544114
vn -0.487301 -0.682584 -0.544626
vn -0.484647 -0.684778 -0.544239
vn -0.45037 -0.706305 -0.546168
vn -0.448111 -0.709153 -0.544333
vn -0.380903 -0.747565 -0.544114
vn -0.404623 -0.794117 -0.453496
vn -0.400502 -0.340952 -0.8505
vn -0.568858 -0.568858 -0.593971
vn -0.445302 -0.549902 -0.706622
vn -0.454136 -0.630651 -0.629317
vn -0.451624 -0.632609 -0.629159
vn -0.419962 -0.652706 -0.630561
vn -0.417987 -0.65552 -0.628952
vn -0.353008 -0.692818 -0.628799
vn -0.300675 -0.783285 -0.544114
vn -0.336301 -0.370305 -0.865896
vn -0.513615 -0.634261 -0.577852
vn -0.415553 -0.572115 -0.707107
vn -0.41321 -0.573817 -0.7071
vn -0.384542 -0.592311 -0.708022
vn -0.382831 -0.594996 -0.706697
vn -0.32124 -0.630469 -0.706622
vn -0.278655 -0.725922 -0.628799
vn -0.338428 -0.465934 -0.81754
vn -0.292718 -0.419634 -0.859199
vn -0.415885 -0.640589 -0.645512
vn -0.261693 -0.501617 -0.824559
vn -0.298312 -0.585471 -0.753813
vn -0.243508 -0.63436 -0.733684
vn -0.253578 -0.660594 -0.706622
vn -0.190702 -0.518198 -0.833728
vn -0.128087 -0.808711 -0.57409
vn -0.0482061 -0.499707 -0.864852
vn -0.0416332 -0.794408 -0.605956
vn 0.0171543 -0.534933 -0.84472
vn 0.037213 -0.710067 -0.70315
vn 0.0973113 -0.614399 -0.782971
vn 0.110692 -0.69888 -0.706622
vn 0.183138 -0.683481 -0.706622
vn 0.201249 -0.751073 -0.628799
vn 0.278655 -0.725922 -0.628799
vn 0.300675 -0.783285 -0.544114
vn 0.380903 -0.747565 -0.544114
vn 0.404623 -0.794117 -0.453496
vn 0.485414 -0.747472 -0.453496
vn 0.508554 -0.783104 -0.35794
vn 0.587625 -0.725656 -0.35794
vn 0.607933 -0.750734 -0.258488
vn 0.683075 -0.683075 -0.258488
vn 0.698425 -0.698425 -0.156225
vn 0.767604 -0.621593 -0.156225
vn 0.776084 -0.62846 -0.0522644
vn 0.837524 -0.543895 -0.0522644
vn 0.837524 -0.543895 0.0522644
vn 0.889789 -0.45337 0.0522644
vn 0.880066 -0.448416 0.156225
vn 0.922117 -0.353968 0.156225
vn 0.901852 -0.346189 0.258488
vn 0.933098 -0.250023 0.258488
vn 0.901928 -0.241671 0.35794
vn 0.922249 -0.14607 0.35794
vn 0.880285 -0.139423 0.453496
vn 0.890037 -0.0466448 0.453496
vn 0.837862 -0.0439105 0.544114
vn 0.837862 0.0439105 0.544114
vn 0.776502 0.0406948 0.628799
vn 0.767995 0.121638 0.628799
vn 0.69888 0.110692 0.706622
vn 0.683481 0.183138 0.706622
vn 0.60838 0.163015 0.776724
vn 0.588008 0.225715 0.776724
vn 0.508955 0.195369 0.838329
vn 0.485745 0.247499 0.838329
vn 0.404949 0.206332 0.890754
vn 0.381163 0.24753 0.890754
vn 0.300912 0.195415 0.933416
vn 0.278837 0.225798 0.933416
vn 0.201398 0.163089 0.965837
vn 0.183247 0.183247 0.965837
vn 0.110764 0.110764 0.987655
vn 0.0985792 0.121735 0.987655
vn 0.0329812 0.0407283 0.998626
vn 0.0941731 -0.582494 -0.807361
vn 0.191383 -0.71425 -0.673215
vn 0.183138 -0.683481 -0.706622
vn 0.253578 -0.660594 -0.706622
vn 0.278655 -0.725922 -0.628799
vn 0.353008 -0.692818 -0.628799
vn 0.380903 -0.747565 -0.544114
vn 0.456958 -0.703654 -0.544114
vn 0.485414 -0.747472 -0.453496
vn 0.560887 -0.692638 -0.453496
vn 0.587625 -0.725656 -0.35794
vn 0.660257 -0.660257 -0.35794
vn 0.683075 -0.683075 -0.258488
vn 0.750734 -0.607933 -0.258488
vn 0.767604 -0.621593 -0.156225
vn 0.828373 -0.537952 -0.156225
vn 0.837524 -0.543895 -0.0522644
vn 0.889789 -0.45337 -0.0522644
vn 0.889789 -0.45337 0.0522644
vn 0.932305 -0.357878 0.0522644
vn 0.922117 -0.353968 0.156225
vn 0.954066 -0.255641 0.156225
vn 0.933098 -0.250023 0.258488
vn 0.954121 -0.151118 0.258488
vn 0.922249 -0.14607 0.35794
vn 0.932465 -0.0488684 0.35794
vn 0.890037 -0.0466448 0.453496
vn 0.890037 0.0466448 0.453496
vn 0.837862 0.0439105 0.544114
vn 0.828682 0.13125 0.544114
vn 0.767995 0.121638 0.628799
vn 0.751073 0.201249 0.628799
vn 0.683481 0.183138 0.706622
vn 0.660594 0.253578 0.706622
vn 0.588008 0.225715 0.776724
vn 0.561193 0.285942 0.776724
vn 0.485745 0.247499 0.838329
vn 0.457213 0.296918 0.838329
vn 0.381163 0.24753 0.890754
vn 0.353201 0.286017 0.890754
vn 0.278837 0.225798 0.933416
vn 0.253707 0.253707 0.933416
vn 0.183247 0.183247 0.965837
vn 0.163089 0.201398 0.965837
vn 0.0985792 0.121735 0.987655
vn 0.0853144 0.131373 0.987655
vn 0.0285432 0.0439527 0.998626
vn 0.148505 -0.500363 -0.852985
vn 0.289631 -0.754513 -0.588917
vn 0.253578 -0.660594 -0.706622
vn 0.32124 -0.630469 -0.706622
vn 0.353008 -0.692818 -0.628799
vn 0.423494 -0.652123 -0.628799
vn 0.456958 -0.703654 -0.544114
vn 0.528007 -0.652034 -0.544114
vn 0.560887 -0.692638 -0.453496
vn 0.630215 -0.630215 -0.453496
vn 0.660257 -0.660257 -0.35794
vn 0.725656 -0.587625 -0.35794
vn 0.750734 -0.607933 -0.258488
vn 0.810168 -0.526129 -0.258488
vn 0.828373 -0.537952 -0.156225
vn 0.880066 -0.448416 -0.156225
vn 0.889789 -0.45337 -0.0522644
vn 0.932305 -0.357878 -0.0522644
vn 0.932305 -0.357878 0.0522644
vn 0.964606 -0.258465 0.0522644
vn 0.954066 -0.255641 0.156225
vn 0.975561 -0.154514 0.156225
vn 0.954121 -0.151118 0.258488
vn 0.964691 -0.0505573 0.258488
vn 0.932465 -0.0488684 0.35794
vn 0.932465 0.0488684 0.35794
vn 0.890037 0.0466448 0.453496
vn 0.880285 0.139423 0.453496
vn 0.828682 0.13125 0.544114
vn 0.810423 0.217152 0.544114
vn 0.751073 0.201249 0.628799
vn 0.725922 0.278655 0.628799
vn 0.660594 0.253578 0.706622
vn 0.630469 0.32124 0.706622
vn 0.561193 0.285942 0.776724
vn 0.52823 0.343036 0.776724
vn 0.457213 0.296918 0.838329
vn 0.423672 0.343083 0.838329
vn 0.353201 0.286017 0.890754
vn 0.321369 0.321369 0.890754
vn 0.253707 0.253707 0.933416
vn 0.225798 0.278837 0.933416
vn 0.163089 0.201398 0.965837
vn 0.141143 0.217342 0.965837
vn 0.0853144 0.131373 0.987655
vn 0.0711148 0.139571 0.987655
vn 0.0237925 0.0466955 0.998626
vn 0.202301 -0.457001 -0.866155
vn 0.369558 -0.725299 -0.580834
vn 0.32124 -0.630469 -0.706622
vn 0.385382 -0.593436 -0.706622
vn 0.423494 -0.652123 -0.628799
vn 0.489339 -0.604284 -0.628799
vn 0.528007 -0.652034 -0.544114
vn 0.593271 -0.593271 -0.544114
vn 0.630215 -0.630215 -0.453496
vn 0.692638 -0.560887 -0.453496
vn 0.725656 -0.587625 -0.35794
vn 0.783104 -0.508554 -0.35794
vn 0.810168 -0.526129 -0.258488
vn 0.860725 -0.438561 -0.258488
vn 0.880066 -0.448416 -0.156225
vn 0.922117 -0.353968 -0.156225
vn 0.932305 -0.357878 -0.0522644
vn 0.964606 -0.258465 -0.0522644
vn 0.964606 -0.258465 0.0522644
vn 0.986338 -0.156221 0.0522644
vn 0.975561 -0.154514 0.156225
vn 0.986368 -0.0516933 0.156225
vn 0.964691 -0.0505573 0.258488
vn 0.964691 0.0505573 0.258488
vn 0.932465 0.0488684 0.35794
vn 0.922249 0.14607 0.35794
vn 0.880285 0.139423 0.453496
vn 0.860889 0.230675 0.453496
vn 0.810423 0.217152 0.544114
vn 0.783285 0.300675 0.544114
vn 0.725922 0.278655 0.628799
vn 0.692818 0.353008 0.628799
vn 0.630469 0.32124 0.706622
vn 0.593436 0.385382 0.706622
vn 0.52823 0.343036 0.776724
vn 0.489479 0.396372 0.776724
vn 0.423672 0.343083 0.838329
vn 0.385489 0.385489 0.838329
vn 0.321369 0.321369 0.890754
vn 0.286017 0.353201 0.890754
vn 0.225798 0.278837 0.933416
vn 0.195415 0.300912 0.933416
vn 0.141143 0.217342 0.965837
vn 0.117652 0.230905 0.965837
vn 0.0711148 0.139571 0.987655
vn 0.0561361 0.14624 0.987655
vn 0.0187812 0.0489267 0.998626
vn 0.266945 -0.440354 -0.857221
vn 0.411918 -0.634298 -0.65421
vn 0.385382 -0.593436 -0.706622
vn 0.445302 -0.549902 -0.706622
vn 0.489339 -0.604284 -0.628799
vn 0.549823 -0.549823 -0.628799
vn 0.593271 -0.593271 -0.544114
vn 0.652034 -0.528007 -0.544114
vn 0.692638 -0.560887 -0.453496
vn 0.747472 -0.485414 -0.453496
vn 0.783104 -0.508554 -0.35794
vn 0.831973 -0.423911 -0.35794
vn 0.860725 -0.438561 -0.258488
vn 0.901852 -0.346189 -0.258488
vn 0.922117 -0.353968 -0.156225
vn 0.954066 -0.255641 -0.156225
vn 0.964606 -0.258465 -0.0522644
vn 0.986338 -0.156221 -0.0522644
vn 0.986338 -0.156221 0.0522644
vn 0.997265 -0.0522644 0.0522644
vn 0.986368 -0.0516933 0.156225
vn 0.986368 0.0516933 0.156225
vn 0.964691 0.0505573 0.258488
vn 0.954121 0.151118 0.258488
vn 0.922249 0.14607 0.35794
vn 0.901928 0.241671 0.35794
vn 0.860889 0.230675 0.453496
vn 0.832061 0.319398 0.453496
vn 0.783285 0.300675 0.544114
vn 0.747565 0.380903 0.544114
vn 0.692818 0.353008 0.628799
vn 0.652123 0.423494 0.628799
vn 0.593436 0.385382 0.706622
vn 0.549902 0.445302 0.706622
vn 0.489479 0.396372 0.776724
vn 0.445365 0.445365 0.776724
vn 0.385489 0.385489 0.838329
vn 0.343083 0.423672 0.838329
vn 0.286017 0.353201 0.890754
vn 0.24753 0.381163 0.890754
vn 0.195415 0.300912 0.933416
vn 0.16289 0.31969 0.933416
vn 0.117652 0.230905 0.965837
vn 0.0928712 0.241938 0.965837
vn 0.0561361 0.14624 0.987655
vn 0.0405424 0.151306 0.987655
vn 0.0135641 0.0506218 0.998626
vn 0.357465 -0.448246 -0.819326
vn 0.406271 -0.501703 -0.7637
vn 0.445302 -0.549902 -0.706622
vn 0.500343 -0.500343 -0.706622
vn 0.549823 -0.549823 -0.628799
vn 0.604284 -0.489339 -0.628799
vn 0.652034 -0.528007 -0.544114
vn 0.703654 -0.456958 -0.544114
vn 0.747472 -0.485414 -0.453496
vn 0.794117 -0.404623 -0.453496
vn 0.831973 -0.423911 -0.35794
vn 0.871726 -0.334624 -0.35794
vn 0.901852 -0.346189 -0.258488
vn 0.933098 -0.250023 -0.258488
vn 0.954066 -0.255641 -0.156225
vn 0.975561 -0.154514 -0.156225
vn 0.986338 -0.156221 -0.0522644
vn 0.997265 -0.0522644 -0.0522644
vn 0.997265 -0.0522644 0.0522644
vn 0.997265 0.0522644 0.0522644
vn 0.986368 0.0516933 0.156225
vn 0.975561 0.154514 0.156225
vn 0.954121 0.151118 0.258488
vn 0.933098 0.250023 0.258488
vn 0.901928 0.241671 0.35794
vn 0.871726 0.334624 0.35794
vn 0.832061 0.319398 0.453496
vn 0.794117 0.404623 0.453496
vn 0.747565 0.380903 0.544114
vn 0.703654 0.456958 0.544114
vn 0.652123 0.423494 0.628799
vn 0.604284 0.489339 0.628799
vn 0.549902 0.445302 0.706622
vn 0.500343 0.500343 0.706622
vn 0.445365 0.445365 0.776724
vn 0.396372 0.489479 0.776724
vn 0.343083 0.423672 0.838329
vn 0.296918 0.457213 0.838329
vn 0.24753 0.381163 0.890754
vn 0.206332 0.404949 0.890754
vn 0.16289 0.31969 0.933416
vn 0.128581 0.334965 0.933416
vn 0.0928712 0.241938 0.965837
vn 0.0670731 0.25032 0.965837
vn 0.0405424 0.151306 0.987655
vn 0.0245045 0.154715 0.987655
vn 0.00819835 0.0517624 0.998626
vn 0.488124 -0.488124 -0.723512
vn 0.392277 -0.379899 -0.837733
vn 0.60962 -0.493661 -0.620211
vn 0.404757 -0.302078 -0.863088
vn 0.687141 -0.446235 -0.573334
vn 0.438609 -0.24702 -0.864062
vn 0.704094 -0.358754 -0.612819
vn 0.500935 -0.202806 -0.841388
vn 0.654289 -0.251158 -0.71332
vn 0.612284 -0.164061 -0.773429
vn 0.683481 -0.183138 -0.706622
vn 0.69888 -0.110692 -0.706622
vn 0.767995 -0.121638 -0.628799
vn 0.776502 -0.0406948 -0.628799
vn 0.837862 -0.0439105 -0.544114
vn 0.837862 0.0439105 -0.544114
vn 0.890037 0.0466448 -0.453496
vn 0.880285 0.139423 -0.453496
vn 0.922249 0.14607 -0.35794
vn 0.901928 0.241671 -0.35794
vn 0.933098 0.250023 -0.258488
vn 0.901852 0.346189 -0.258488
vn 0.922117 0.353968 -0.156225
vn 0.880066 0.448416 -0.156225
vn 0.889789 0.45337 -0.0522644
vn 0.837524 0.543895 -0.0522644
vn 0.837524 0.543895 0.0522644
vn 0.776084 0.62846 0.0522644
vn 0.767604 0.621593 0.156225
vn 0.698425 0.698425 0.156225
vn 0.683075 0.683075 0.258488
vn 0.607933 0.750734 0.258488
vn 0.587625 0.725656 0.35794
vn 0.508554 0.783104 0.35794
vn 0.485414 0.747472 0.453496
vn 0.404623 0.794117 0.453496
vn 0.380903 0.747565 0.544114
vn 0.300675 0.783285 0.544114
vn 0.278655 0.725922 0.628799
vn 0.201249 0.751073 0.628799
vn 0.183138 0.683481 0.706622
vn 0.110692 0.69888 0.706622
vn 0.0985289 0.622087 0.776724
vn 0.0329634 0.628978 0.776724
vn 0.0285317 0.544417 0.838329
vn -0.0285317 0.544417 0.838329
vn -0.0237859 0.453862 0.890754
vn -0.0710971 0.448889 0.890754
vn -0.0561281 0.354379 0.933416
vn -0.0928634 0.346571 0.933416
vn -0.0670731 0.25032 0.965837
vn -0.0928712 0.241938 0.965837
vn -0.0561361 0.14624 0.987655
vn -0.0711148 0.139571 0.987655
vn -0.0237925 0.0466955 0.998626
vn 0.562398 -0.147478 -0.813608
vn 0.73889 -0.117029 -0.663585
vn 0.69888 -0.110692 -0.706622
vn 0.706622 -0.0370325 -0.706622
vn 0.776502 -0.0406948 -0.628799
vn 0.776502 0.0406948 -0.628799
vn 0.837862 0.0439105 -0.544114
vn 0.828682 0.13125 -0.544114
vn 0.880285 0.139423 -0.453496
vn 0.860889 0.230675 -0.453496
vn 0.901928 0.241671 -0.35794
vn 0.871726 0.334624 -0.35794
vn 0.901852 0.346189 -0.258488
vn 0.860725 0.438561 -0.258488
vn 0.880066 0.448416 -0.156225
vn 0.828373 0.537952 -0.156225
vn 0.837524 0.543895 -0.0522644
vn 0.776084 0.62846 -0.0522644
vn 0.776084 0.62846 0.0522644
vn 0.70614 0.70614 0.0522644
vn 0.698425 0.698425 0.156225
vn 0.621593 0.767604 0.156225
vn 0.607933 0.750734 0.258488
vn 0.530008 0.807617 0.258546
vn 0.525366 0.808992 0.26367
vn 0.486005 0.83269 0.265379
vn 0.439555 0.835775 0.329047
vn 0.514009 -0.0662741 -0.855221
vn 0.81026 -0.0424639 -0.58453
vn 0.706622 -0.0370325 -0.706622
vn 0.706622 0.0370325 -0.706622
vn 0.776502 0.0406948 -0.628799
vn 0.767995 0.121638 -0.628799
vn 0.828682 0.13125 -0.544114
vn 0.810423 0.217152 -0.544114
vn 0.860889 0.230675 -0.453496
vn 0.832061 0.319398 -0.453496
vn 0.871726 0.334624 -0.35794
vn 0.831973 0.423911 -0.35794
vn 0.860725 0.438561 -0.258488
vn 0.810168 0.526129 -0.258488
vn 0.828373 0.537952 -0.156225
vn 0.767604 0.621593 -0.156225
vn 0.776084 0.62846 -0.0522644
vn 0.70614 0.70614 -0.0522644
vn 0.70614 0.70614 0.0522644
vn 0.62846 0.776084 0.0522644
vn 0.621593 0.767604 0.156225
vn 0.559815 0.813727 0.156384
vn 0.530794 0.824053 0.197976
vn 0.499626 0 -0.866241
vn 0.81026 0.0424639 -0.58453
vn 0.706622 0.0370325 -0.706622
vn 0.69888 0.110692 -0.706622
vn 0.767995 0.121638 -0.628799
vn 0.751073 0.201249 -0.628799
vn 0.810423 0.217152 -0.544114
vn 0.783285 0.300675 -0.544114
vn 0.832061 0.319398 -0.453496
vn 0.794117 0.404623 -0.453496
vn 0.831973 0.423911 -0.35794
vn 0.783104 0.508554 -0.35794
vn 0.810168 0.526129 -0.258488
vn 0.750734 0.607933 -0.258488
vn 0.767604 0.621593 -0.156225
vn 0.698425 0.698425 -0.156225
vn 0.70614 0.70614 -0.0522644
vn 0.62846 0.776084 -0.0522644
vn 0.62846 0.776084 0.0522644
vn 0.571019 0.819268 0.0523259
vn 0.545243 0.829845 0.11861
vn 0.514009 0.0662741 -0.855221
vn 0.73889 0.117029 -0.663585
vn 0.69888 0.110692 -0.706622
vn 0.683481 0.183138 -0.706622
vn 0.751073 0.201249 -0.628799
vn 0.725922 0.278655 -0.628799
vn 0.783285 0.300675 -0.544114
vn 0.747565 0.380903 -0.544114
vn 0.794117 0.404623 -0.453496
vn 0.747472 0.485414 -0.453496
vn 0.783104 0.508554 -0.35794
vn 0.725656 0.587625 -0.35794
vn 0.750734 0.607933 -0.258488
vn 0.683075 0.683075 -0.258488
vn 0.698425 0.698425 -0.156225
vn 0.621593 0.767604 -0.156225
vn 0.62846 0.776084 -0.0522644
vn 0.571019 0.819268 -0.0523259
vn 0.560412 0.827244 -0.0400815
vn 0.562398 0.147478 -0.813608
vn 0.612284 0.164061 -0.773429
vn 0.683481 0.183138 -0.706622
vn 0.660594 0.253578 -0.706622
vn 0.725922 0.278655 -0.628799
vn 0.692818 0.353008 -0.628799
vn 0.747565 0.380903 -0.544114
vn 0.703654 0.456958 -0.544114
vn 0.747472 0.485414 -0.453496
vn 0.692638 0.560887 -0.453496
vn 0.725656 0.587625 -0.35794
vn 0.660257 0.660257 -0.35794
vn 0.683075 0.683075 -0.258488
vn 0.607933 0.750734 -0.258488
vn 0.621593 0.767604 -0.156225
vn 0.558692 0.814499 -0.156378
vn 0.560169 0.8133 -0.157334
vn 0.505018 0.842305 -0.188362
vn 0.513182 0.818072 -0.259619
vn 0.505503 0.821248 -0.264608
vn 0.489396 0.79508 -0.358244
vn 0.450291 0.817837 -0.358304
vn 0.41789 0.820155 -0.390787
vn 0.371384 0.850969 -0.371384
vn 0.34324 0.822295 -0.453891
vn 0.340234 0.823208 -0.4545
vn 0.314054 0.818138 -0.481684
vn 0.256616 0.844565 -0.469956
vn 0.216306 0.810663 -0.544092
vn 0.217204 0.810615 -0.543808
vn 0.201249 0.751073 -0.628799
vn 0.183138 0.683481 -0.706622
vn 0.191383 0.71425 -0.673215
vn 0.0941731 0.582494 -0.807361
vn 0.654289 0.251158 -0.71332
vn 0.500935 0.202806 -0.841388
vn 0.704094 0.358754 -0.612819
vn 0.438609 0.24702 -0.864062
vn 0.687141 0.446235 -0.573334
vn 0.404757 0.302078 -0.863088
vn 0.60962 0.493661 -0.620211
vn 0.392277 0.379899 -0.837733
vn 0.488124 0.488124 -0.723512
vn 0.406271 0.501703 -0.7637
vn 0.445302 0.549902 -0.706622
vn 0.410063 0.576083 -0.70709
vn 0.408502 0.577425 -0.706899
vn 0.379076 0.596322 -0.707602
vn 0.377761 0.598074 -0.706827
vn 0.32124 0.630469 -0.706622
vn 0.353008 0.692818 -0.628799
vn 0.278655 0.725922 -0.628799
vn 0.300675 0.783285 -0.544114
vn 0.357465 0.448246 -0.819326
vn 0.387429 0.544286 -0.744077
vn 0.358069 0.563276 -0.744652
vn 0.266945 0.440354 -0.857221
vn 0.369558 0.725299 -0.580834
vn 0.202301 0.457001 -0.866155
vn 0.289631 0.754513 -0.588917
vn 0.148505 0.500363 -0.852985
vn 0.0171543 0.534933 -0.84472
vn 0.037213 0.710067 -0.70315
vn 0.0973113 0.614399 -0.782971
vn 0.110692 0.69888 -0.706622
vn 0.121638 0.767995 -0.628799
vn 0.129858 0.81989 -0.557599
vn 0.201133 0.817769 -0.539258
vn -0.0416332 0.794408 -0.605956
vn -0.0482061 0.499707 -0.864852
vn -0.128087 0.808711 -0.57409
vn -0.112827 0.494326 -0.861924
vn -0.201397 0.751625 -0.628091
vn -0.190702 0.518198 -0.833728
vn -0.243508 0.63436 -0.733684
vn -0.298312 0.585471 -0.753813
vn -0.32124 0.630469 -0.706622
vn -0.385382 0.593436 -0.706622
vn -0.423494 0.652123 -0.628799
vn -0.489339 0.604284 -0.628799
vn -0.528007 0.652034 -0.544114
vn -0.593271 0.593271 -0.544114
vn -0.630215 0.630215 -0.453496
vn -0.692638 0.560887 -0.453496
vn -0.725656 0.587625 -0.35794
vn -0.783104 0.508554 -0.35794
vn -0.810168 0.526129 -0.258488
vn -0.860725 0.438561 -0.258488
vn -0.880066 0.448416 -0.156225
vn -0.922117 0.353968 -0.156225
vn -0.932305 0.357878 -0.0522644
vn -0.964606 0.258465 -0.0522644
vn -0.964606 0.258465 0.0522644
vn -0.986338 0.156221 0.0522644
vn -0.975561 0.154514 0.156225
vn -0.261693 0.501617 -0.824559
vn -0.416141 0.640801 -0.645137
vn -0.385382 0.593436 -0.706622
vn -0.445302 0.549902 -0.706622
vn -0.489339 0.604284 -0.628799
vn -0.549823 0.549823 -0.628799
vn -0.593271 0.593271 -0.544114
vn -0.652034 0.528007 -0.544114
vn -0.692638 0.560887 -0.453496
vn -0.747472 0.485414 -0.453496
vn -0.783104 0.508554 -0.35794
vn -0.831973 0.423911 -0.35794
vn -0.860725 0.438561 -0.258488
vn -0.901852 0.346189 -0.258488
vn -0.922117 0.353968 -0.156225
vn -0.954066 0.255641 -0.156225
vn -0.964606 0.258465 -0.0522644
vn -0.986338 0.156221 -0.0522644
vn -0.986338 0.156221 0.0522644
vn -0.292911 0.41991 -0.858999
vn -0.513615 0.634261 -0.577852
vn -0.445302 0.549902 -0.706622
vn -0.500343 0.500343 -0.706622
vn -0.549823 0.549823 -0.628799
vn -0.604284 0.489339 -0.628799
vn -0.652034 0.528007 -0.544114
vn -0.703654 0.456958 -0.544114
vn -0.747472 0.485414 -0.453496
vn -0.794117 0.404623 -0.453496
vn -0.831973 0.423911 -0.35794
vn -0.871726 0.334624 -0.35794
vn -0.901852 0.346189 -0.258488
vn -0.933098 0.250023 -0.258488
vn -0.954066 0.255641 -0.156225
vn -0.975561 0.154514 -0.156225
vn -0.986338 0.156221 -0.0522644
vn -0.336301 0.370305 -0.865896
vn -0.568858 0.568858 -0.593971
vn -0.500343 0.500343 -0.706622
vn -0.549902 0.445302 -0.706622
vn -0.604284 0.489339 -0.628799
vn -0.652123 0.423494 -0.628799
vn -0.703654 0.456958 -0.544114
vn -0.747565 0.380903 -0.544114
vn -0.794117 0.404623 -0.453496
vn -0.832061 0.319398 -0.453496
vn -0.871726 0.334624 -0.35794
vn -0.901928 0.241671 -0.35794
vn -0.933098 0.250023 -0.258488
vn -0.954121 0.151118 -0.258488
vn -0.975561 0.154514 -0.156225
vn -0.400502 0.340952 -0.8505
vn -0.567604 0.459637 -0.683051
vn -0.593436 0.385382 -0.706622
vn -0.692818 0.353008 -0.628799
vn -0.783285 0.300675 -0.544114
vn -0.860889 0.230675 -0.453496
vn -0.922249 0.14607 -0.35794
vn -0.502256 0.326932 -0.800534
vn -0.511696 0.332299 -0.792304
vn -0.630469 0.32124 -0.706622
vn -0.725922 0.278655 -0.628799
vn -0.810423 0.217152 -0.544114
vn -0.880285 0.139423 -0.453496
vn -0.642321 0.327279 -0.693045
vn -0.477869 0.23013 -0.847751
vn -0.747101 0.286785 -0.599661
vn -0.475452 0.157861 -0.865462
vn -0.789868 0.211645 -0.575599
vn -0.499951 0.0973655 -0.860563
vn -0.76185 0.120665 -0.636415
vn -0.557585 0.0357981 -0.829348
vn 0.560412 0.827244 0.0400815
vn 0.371384 0.850969 0.371384
vn 0.41789 0.820155 0.390787
vn 0.450291 0.817837 0.358304
vn 0.508554 0.783104 0.35794
vn 0.342099 0.821053 0.456991
vn 0.340832 0.82331 0.453865
vn 0.404623 0.794117 0.453496
vn 0.314054 0.818138 0.481684
vn 0.256616 0.844565 0.469956
vn 0.208173 0.803212 0.558134
vn 0.120083 0.825145 0.55201
vn 0.129858 0.81989 0.557599
vn 0.20874 0.817276 0.53711
vn 0.217152 0.810423 0.544114
vn 0.300675 0.783285 0.544114
vn 0.0432473 0.825208 0.563171
vn 0.0400815 0.827244 0.560412
vn -0.0400815 0.827244 0.560412
vn -0.0432473 0.825208 0.563171
vn -0.120083 0.825145 0.55201
vn -0.129858 0.81989 0.557599
vn -0.201133 0.817769 0.539258
vn -0.217204 0.810615 0.543808
vn -0.216306 0.810663 0.544092
vn -0.300675 0.783285 0.544114
vn -0.380903 0.747565 0.544114
vn -0.456958 0.703654 0.544114
vn -0.528007 0.652034 0.544114
vn -0.593271 0.593271 0.544114
vn -0.652034 0.528007 0.544114
vn -0.703654 0.456958 0.544114
vn -0.747565 0.380903 0.544114
vn -0.783285 0.300675 0.544114
vn -0.810423 0.217152 0.544114
vn -0.828682 0.13125 0.544114
vn -0.256616 0.844565 0.469956
vn -0.314054 0.818138 0.481684
vn -0.340234 0.823208 0.4545
vn -0.34324 0.822295 0.453891
vn -0.404623 0.794117 0.453496
vn -0.485414 0.747472 0.453496
vn -0.560887 0.692638 0.453496
vn -0.630215 0.630215 0.453496
vn -0.692638 0.560887 0.453496
vn -0.747472 0.485414 0.453496
vn -0.794117 0.404623 0.453496
vn -0.832061 0.319398 0.453496
vn -0.860889 0.230675 0.453496
vn -0.880285 0.139423 0.453496
vn -0.371384 0.850969 0.371384
vn -0.41789 0.820155 0.390787
vn -0.450291 0.817837 0.358304
vn -0.439555 0.835775 0.329047
vn -0.486005 0.83269 0.265379
vn -0.530794 0.824053 0.197976
vn -0.530008 0.807617 0.258546
vn -0.525366 0.808992 0.26367
vn -0.508554 0.783104 0.35794
vn -0.559815 0.813727 0.156384
vn -0.545243 0.829845 0.11861
vn -0.571019 0.819268 0.0523259
vn -0.560412 0.827244 0.0400815
vn -0.560412 0.827244 -0.0400815
vn -0.571019 0.819268 -0.0523259
vn -0.545243 0.829845 -0.11861
vn -0.559815 0.813727 -0.156384
vn -0.530794 0.824053 -0.197976
vn -0.530008 0.807617 -0.258546
vn -0.525366 0.808992 -0.26367
vn -0.508554 0.783104 -0.35794
vn -0.450291 0.817837 -0.358304
vn -0.41789 0.820155 -0.390787
vn -0.371384 0.850969 -0.371384
vn -0.342099 0.821053 -0.456991
vn -0.486005 0.83269 -0.265379
vn -0.439555 0.835775 -0.329047
vn -0.256616 0.844565 -0.469956
vn -0.314054 0.818138 -0.481684
vn -0.340832 0.82331 -0.453865
vn -0.404623 0.794117 -0.453496
vn -0.208173 0.803212 -0.558134
vn -0.20874 0.817276 -0.53711
vn -0.217152 0.810423 -0.544114
vn -0.201249 0.751073 -0.628799
vn -0.183138 0.683481 -0.706622
vn -0.129858 0.81989 -0.557599
vn -0.120083 0.825145 -0.55201
vn -0.0432473 0.825208 -0.563171
vn -0.0400815 0.827244 -0.560412
vn 0.0400815 0.827244 -0.560412
vn 0.0432473 0.825208 -0.563171
vn 0.120083 0.825145 -0.55201
vn 0.439555 0.835775 -0.329047
vn 0.486005 0.83269 -0.265379
vn 0.556984 0.817075 -0.148851
vn 0.490907 0.864643 -0.10679
vn 0.561562 0.82379 -0.0775713
vn 0.560412 -0.827244 0.0400815
vn 0.560412 -0.827244 -0.0400815
vn 0.571019 -0.819268 -0.0523259
vn 0.545243 -0.829845 -0.11861
vn 0.559815 -0.813727 -0.156384
vn 0.530794 -0.824053 -0.197976
vn 0.530008 -0.807617 -0.258546
vn 0.525366 -0.808992 -0.26367
vn 0.508554 -0.783104 -0.35794
vn 0.450291 -0.817837 -0.358304
vn 0.41789 -0.820155 -0.390787
vn 0.371384 -0.850969 -0.371384
vn 0.342099 -0.821053 -0.456991
vn 0.486005 -0.83269 -0.265379
vn 0.439555 -0.835775 -0.329047
vn 0.256616 -0.844565 -0.469956
vn 0.314054 -0.818138 -0.481684
vn 0.340832 -0.82331 -0.453865
vn 0.404623 -0.794117 -0.453496
vn 0.208173 -0.803212 -0.558134
vn 0.20874 -0.817276 -0.53711
vn 0.217152 -0.810423 -0.544114
vn 0.201249 -0.751073 -0.628799
vn 0.129858 -0.81989 -0.557599
vn 0.120083 -0.825145 -0.55201
vn 0.0432473 -0.825208 -0.563171
vn 0.0400815 -0.827244 -0.560412
vn -0.0400815 -0.827244 -0.560412
vn -0.0432473 -0.825208 -0.563171
vn -0.120083 -0.825145 -0.55201
vn -0.129858 -0.81989 -0.557599
vn -0.201133 -0.817769 -0.539258
vn -0.450291 -0.817837 -0.358304
vn -0.439555 -0.835775 -0.329047
vn -0.486005 -0.83269 -0.265379
vn -0.507654 -0.840497 -0.189345
vn -0.514327 -0.81715 -0.260258
vn -0.508469 -0.819457 -0.264478
vn -0.492256 -0.793328 -0.35821
vn -0.496896 -0.861052 -0.108093
vn -0.557782 -0.816143 -0.150963
vn -0.559584 -0.814004 -0.155767
vn -0.56064 -0.813157 -0.156388
vn -0.548512 -0.795566 -0.257314
vn -0.551543 -0.792994 -0.258768
vn -0.533306 -0.766773 -0.357272
vn -0.53621 -0.764252 -0.358325
vn -0.560412 -0.827244 -0.0400815
vn -0.571019 -0.819268 -0.0523259
vn -0.562673 -0.823301 -0.0746649
vn -0.560412 -0.827244 0.0400815
vn -0.571019 -0.819268 0.0523259
vn -0.62846 -0.776084 0.0522644
vn -0.70614 -0.70614 0.0522644
vn -0.776084 -0.62846 0.0522644
vn -0.837524 -0.543895 0.0522644
vn -0.889789 -0.45337 0.0522644
vn -0.932305 -0.357878 0.0522644
vn -0.964606 -0.258465 0.0522644
vn -0.986338 -0.156221 0.0522644
vn -0.997265 -0.0522644 0.0522644
vn -0.545243 -0.829845 0.11861
vn -0.559815 -0.813727 0.156384
vn -0.621593 -0.767604 0.156225
vn -0.698425 -0.698425 0.156225
vn -0.767604 -0.621593 0.156225
vn -0.828373 -0.537952 0.156225
vn -0.880066 -0.448416 0.156225
vn -0.922117 -0.353968 0.156225
vn -0.954066 -0.255641 0.156225
vn -0.975561 -0.154514 0.156225
vn -0.986368 -0.0516933 0.156225
vn -0.530794 -0.824053 0.197976
vn -0.530008 -0.807617 0.258546
vn -0.607933 -0.750734 0.258488
vn -0.683075 -0.683075 0.258488
vn -0.750734 -0.607933 0.258488
vn -0.810168 -0.526129 0.258488
vn -0.860725 -0.438561 0.258488
vn -0.901852 -0.346189 0.258488
vn -0.933098 -0.250023 0.258488
vn -0.954121 -0.151118 0.258488
vn -0.964691 -0.0505573 0.258488
vn -0.525366 -0.808992 0.26367
vn -0.486005 -0.83269 0.265379
vn -0.439555 -0.835775 0.329047
vn -0.371384 -0.850969 0.371384
vn -0.41789 -0.820155 0.390787
vn -0.450291 -0.817837 0.358304
vn -0.508554 -0.783104 0.35794
vn -0.342099 -0.821053 0.456991
vn -0.340832 -0.82331 0.453865
vn -0.404623 -0.794117 0.453496
vn -0.485414 -0.747472 0.453496
vn -0.560887 -0.692638 0.453496
vn -0.630215 -0.630215 0.453496
vn -0.692638 -0.560887 0.453496
vn -0.747472 -0.485414 0.453496
vn -0.794117 -0.404623 0.453496
vn -0.832061 -0.319398 0.453496
vn -0.860889 -0.230675 0.453496
vn -0.880285 -0.139423 0.453496
vn -0.890037 -0.0466448 0.453496
vn -0.314054 -0.818138 0.481684
vn -0.256616 -0.844565 0.469956
vn -0.208173 -0.803212 0.558134
vn -0.120083 -0.825145 0.55201
vn -0.129858 -0.81989 0.557599
vn -0.20874 -0.817276 0.53711
vn -0.217152 -0.810423 0.544114
vn -0.300675 -0.783285 0.544114
vn -0.380903 -0.747565 0.544114
vn -0.456958 -0.703654 0.544114
vn -0.528007 -0.652034 0.544114
vn -0.593271 -0.593271 0.544114
vn -0.652034 -0.528007 0.544114
vn -0.703654 -0.456958 0.544114
vn -0.747565 -0.380903 0.544114
vn -0.783285 -0.300675 0.544114
vn -0.810423 -0.217152 0.544114
vn -0.828682 -0.13125 0.544114
vn -0.837862 -0.0439105 0.544114
vn -0.0432473 -0.825208 0.563171
vn -0.0400815 -0.827244 0.560412
vn 0.0400815 -0.827244 0.560412
vn 0.0432473 -0.825208 0.563171
vn 0.120083 -0.825145 0.55201
vn 0.129858 -0.81989 0.557599
vn 0.201133 -0.817769 0.539258
vn 0.217204 -0.810615 0.543808
vn 0.216306 -0.810663 0.544092
vn 0.300675 -0.783285 0.544114
vn 0.380903 -0.747565 0.544114
vn 0.456958 -0.703654 0.544114
vn 0.528007 -0.652034 0.544114
vn 0.593271 -0.593271 0.544114
vn 0.652034 -0.528007 0.544114
vn 0.703654 -0.456958 0.544114
vn 0.747565 -0.380903 0.544114
vn 0.783285 -0.300675 0.544114
vn 0.810423 -0.217152 0.544114
vn 0.828682 -0.13125 0.544114
vn 0.837862 -0.0439105 0.544114
vn 0.256616 -0.844565 0.469956
vn 0.314054 -0.818138 0.481684
vn 0.340234 -0.823208 0.4545
vn 0.34324 -0.822295 0.453891
vn 0.404623 -0.794117 0.453496
vn 0.485414 -0.747472 0.453496
vn 0.560887 -0.692638 0.453496
vn 0.630215 -0.630215 0.453496
vn 0.692638 -0.560887 0.453496
vn 0.747472 -0.485414 0.453496
vn 0.794117 -0.404623 0.453496
vn 0.832061 -0.319398 0.453496
vn 0.860889 -0.230675 0.453496
vn 0.880285 -0.139423 0.453496
vn 0.371384 -0.850969 0.371384
vn 0.41789 -0.820155 0.390787
vn 0.450291 -0.817837 0.358304
vn 0.439555 -0.835775 0.329047
vn 0.486005 -0.83269 0.265379
vn 0.530794 -0.824053 0.197976
vn 0.530008 -0.807617 0.258546
vn 0.525366 -0.808992 0.26367
vn 0.508554 -0.783104 0.35794
vn 0.559815 -0.813727 0.156384
vn 0.545243 -0.829845 0.11861
vn 0.571019 -0.819268 0.0523259
vn -0.0517624 0.00819835 0.998626
vn -0.0506218 0.0135641 0.998626
vn -0.0489267 0.0187812 0.998626
vn -0.0466955 0.0237925 0.998626
vn -0.0439527 0.0285432 0.998626
vn -0.0407283 0.0329812 0.998626
vn -0.0370578 0.0370578 0.998626
vn -0.0329812 0.0407283 0.998626
vn -0.0285432 0.0439527 0.998626
vn -0.0187812 0.0489267 0.998626
vn -0.0135641 0.0506218 0.998626
vn -0.00819835 0.0517624 0.998626
vn -0.0027428 0.0523358 0.998626
vn 0.0027428 0.0523358 0.998626
vn 0.0370578 0.0370578 0.998626
vn 0.0407283 0.0329812 0.998626
vn 0.0439527 0.0285432 0.998626
vn 0.0466955 0.0237925 0.998626
vn 0.0489267 0.0187812 0.998626
vn 0.0506218 0.0135641 0.998626
vn 0.0517624 0.00819835 0.998626
vn 0.0523358 0.0027428 0.998626
vn 0.0523358 -0.0027428 0.998626
vn 0.0517624 -0.00819835 0.998626
vn 0.0506218 -0.0135641 0.998626
vn 0.0489267 -0.0187812 0.998626
vn 0.0466955 -0.0237925 0.998626
vn 0.0439527 -0.0285432 0.998626
vn 0.0407283 -0.0329812 0.998626
vn 0.0370578 -0.0370578 0.998626
vn 0.0329812 -0.0407283 0.998626
vn 0.0285432 -0.0439527 0.998626
vn 0.0187812 -0.0489267 0.998626
vn 0.0135641 -0.0506218 0.998626
vn 0.00819835 -0.0517624 0.998626
vn 0.0027428 -0.0523358 0.998626
vn -0.0027428 -0.0523358 0.998626
vn -0.00819835 -0.0517624 0.998626
vn -0.0135641 -0.0506218 0.998626
vn -0.0187812 -0.0489267 0.998626
vn -0.0237925 -0.0466955 0.998626
vn -0.0285432 -0.0439527 0.998626
vn -0.0329812 -0.0407283 0.998626
vn -0.0370578 -0.0370578 0.998626
vn -0.0407283 -0.0329812 0.998626
vn -0.0439527 -0.0285432 0.998626
vn -0.0466955 -0.0237925 0.998626
vn -0.0489267 -0.0187812 0.998626
vn -0.0506218 -0.0135641 0.998626
vn -0.0517624 -0.00819835 0.998626
vn -0.0523358 -0.0027428 0.998626
vn -0.706622 -0.0370325 -0.706622
vn -0.69888 -0.110692 -0.706622
vn -0.683481 -0.183138 -0.706622
vn -0.660594 -0.253578 -0.706622
vn -0.630469 -0.32124 -0.706622
vn -0.593436 -0.385382 -0.706622
vn -0.776502 -0.0406948 -0.628799
vn -0.767995 -0.121638 -0.628799
vn -0.751073 -0.201249 -0.628799
vn -0.725922 -0.278655 -0.628799
vn -0.692818 -0.353008 -0.628799
vn -0.652123 -0.423494 -0.628799
vn -0.604284 -0.489339 -0.628799
vn -0.837862 -0.0439105 -0.544114
vn -0.828682 -0.13125 -0.544114
vn -0.810423 -0.217152 -0.544114
vn -0.783285 -0.300675 -0.544114
vn -0.747565 -0.380903 -0.544114
vn -0.703654 -0.456958 -0.544114
vn -0.652034 -0.528007 -0.544114
vn -0.593271 -0.593271 -0.544114
vn -0.890037 -0.0466448 -0.453496
vn -0.880285 -0.139423 -0.453496
vn -0.860889 -0.230675 -0.453496
vn -0.832061 -0.319398 -0.453496
vn -0.794117 -0.404623 -0.453496
vn -0.747472 -0.485414 -0.453496
vn -0.692638 -0.560887 -0.453496
vn -0.630215 -0.630215 -0.453496
vn -0.560887 -0.692638 -0.453496
vn -0.932465 -0.0488684 -0.35794
vn -0.922249 -0.14607 -0.35794
vn -0.901928 -0.241671 -0.35794
vn -0.871726 -0.334624 -0.35794
vn -0.831973 -0.423911 -0.35794
vn -0.783104 -0.508554 -0.35794
vn -0.725656 -0.587625 -0.35794
vn -0.660257 -0.660257 -0.35794
vn -0.587625 -0.725656 -0.35794
vn -0.964691 -0.0505573 -0.258488
vn -0.954121 -0.151118 -0.258488
vn -0.933098 -0.250023 -0.258488
vn -0.901852 -0.346189 -0.258488
vn -0.860725 -0.438561 -0.258488
vn -0.810168 -0.526129 -0.258488
vn -0.750734 -0.607933 -0.258488
vn -0.683075 -0.683075 -0.258488
vn -0.607933 -0.750734 -0.258488
vn -0.997265 -0.0522644 -0.0522644
vn -0.986368 -0.0516933 -0.156225
vn -0.975561 -0.154514 -0.156225
vn -0.954066 -0.255641 -0.156225
vn -0.922117 -0.353968 -0.156225
vn -0.880066 -0.448416 -0.156225
vn -0.828373 -0.537952 -0.156225
vn -0.767604 -0.621593 -0.156225
vn -0.698425 -0.698425 -0.156225
vn -0.621593 -0.767604 -0.156225
vn -0.932465 -0.0488684 0.35794
vn -0.776502 -0.0406948 0.628799
vn -0.767995 -0.121638 0.628799
vn -0.751073 -0.201249 0.628799
vn -0.725922 -0.278655 0.628799
vn -0.692818 -0.353008 0.628799
vn -0.652123 -0.423494 0.628799
vn -0.604284 -0.489339 0.628799
vn -0.549823 -0.549823 0.628799
vn -0.489339 -0.604284 0.628799
vn -0.423494 -0.652123 0.628799
vn -0.353008 -0.692818 0.628799
vn -0.278655 -0.725922 0.628799
vn -0.201249 -0.751073 0.628799
vn -0.121638 -0.767995 0.628799
vn -0.0406948 -0.776502 0.628799
vn 0.0406948 -0.776502 0.628799
vn 0.121638 -0.767995 0.628799
vn 0.201249 -0.751073 0.628799
vn 0.278655 -0.725922 0.628799
vn 0.353008 -0.692818 0.628799
vn 0.423494 -0.652123 0.628799
vn 0.489339 -0.604284 0.628799
vn 0.549823 -0.549823 0.628799
vn 0.604284 -0.489339 0.628799
vn 0.652123 -0.423494 0.628799
vn 0.692818 -0.353008 0.628799
vn 0.725922 -0.278655 0.628799
vn 0.751073 -0.201249 0.628799
vn 0.767995 -0.121638 0.628799
vn 0.776502 -0.0406948 0.628799
vn 0.776502 0.0406948 0.628799
vn -0.706622 -0.0370325 0.706622
vn -0.69888 -0.110692 0.706622
vn -0.683481 -0.183138 0.706622
vn -0.660594 -0.253578 0.706622
vn -0.630469 -0.32124 0.706622
vn -0.593436 -0.385382 0.706622
vn -0.549902 -0.445302 0.706622
vn -0.500343 -0.500343 0.706622
vn -0.445302 -0.549902 0.706622
vn -0.385382 -0.593436 0.706622
vn -0.32124 -0.630469 0.706622
vn -0.253578 -0.660594 0.706622
vn -0.183138 -0.683481 0.706622
vn -0.110692 -0.69888 0.706622
vn -0.0370325 -0.706622 0.706622
vn 0.0370325 -0.706622 0.706622
vn 0.110692 -0.69888 0.706622
vn 0.183138 -0.683481 0.706622
vn 0.253578 -0.660594 0.706622
vn 0.32124 -0.630469 0.706622
vn 0.385382 -0.593436 0.706622
vn 0.445302 -0.549902 0.706622
vn 0.500343 -0.500343 0.706622
vn 0.549902 -0.445302 0.706622
vn 0.593436 -0.385382 0.706622
vn 0.630469 -0.32124 0.706622
vn 0.660594 -0.253578 0.706622
vn 0.683481 -0.183138 0.706622
vn 0.69888 -0.110692 0.706622
vn 0.706622 -0.0370325 0.706622
vn 0.706622 0.0370325 0.706622
vn 0.69888 0.110692 0.706622
vn -0.628978 -0.0329634 0.776724
vn -0.622087 -0.0985289 0.776724
vn -0.60838 -0.163015 0.776724
vn -0.588008 -0.225715 0.776724
vn -0.561193 -0.285942 0.776724
vn -0.52823 -0.343036 0.776724
vn -0.489479 -0.396372 0.776724
vn -0.445365 -0.445365 0.776724
vn -0.396372 -0.489479 0.776724
vn -0.343036 -0.52823 0.776724
vn -0.285942 -0.561193 0.776724
vn -0.225715 -0.588008 0.776724
vn -0.163015 -0.60838 0.776724
vn -0.0985289 -0.622087 0.776724
vn -0.0329634 -0.628978 0.776724
vn 0.0329634 -0.628978 0.776724
vn 0.0985289 -0.622087 0.776724
vn 0.163015 -0.60838 0.776724
vn 0.225715 -0.588008 0.776724
vn 0.285942 -0.561193 0.776724
vn 0.343036 -0.52823 0.776724
vn 0.396372 -0.489479 0.776724
vn 0.445365 -0.445365 0.776724
vn 0.489479 -0.396372 0.776724
vn 0.52823 -0.343036 0.776724
vn 0.561193 -0.285942 0.776724
vn 0.588008 -0.225715 0.776724
vn 0.60838 -0.163015 0.776724
vn 0.622087 -0.0985289 0.776724
vn 0.628978 -0.0329634 0.776724
vn 0.628978 0.0329634 0.776724
vn 0.622087 0.0985289 0.776724
vn 0.60838 0.163015 0.776724
vn -0.544417 -0.0285317 0.838329
vn -0.538453 -0.0852825 0.838329
vn -0.526588 -0.141099 0.838329
vn -0.508955 -0.195369 0.838329
vn -0.485745 -0.247499 0.838329
vn -0.457213 -0.296918 0.838329
vn -0.423672 -0.343083 0.838329
vn -0.385489 -0.385489 0.838329
vn -0.343083 -0.423672 0.838329
vn -0.296918 -0.457213 0.838329
vn -0.247499 -0.485745 0.838329
vn -0.195369 -0.508955 0.838329
vn -0.141099 -0.526588 0.838329
vn -0.0852825 -0.538453 0.838329
vn -0.0285317 -0.544417 0.838329
vn 0.0285317 -0.544417 0.838329
vn 0.0852825 -0.538453 0.838329
vn 0.141099 -0.526588 0.838329
vn 0.195369 -0.508955 0.838329
vn 0.247499 -0.485745 0.838329
vn 0.296918 -0.457213 0.838329
vn 0.343083 -0.423672 0.838329
vn 0.385489 -0.385489 0.838329
vn 0.423672 -0.343083 0.838329
vn 0.457213 -0.296918 0.838329
vn 0.485745 -0.247499 0.838329
vn 0.508955 -0.195369 0.838329
vn 0.526588 -0.141099 0.838329
vn 0.538453 -0.0852825 0.838329
vn 0.544417 -0.0285317 0.838329
vn 0.544417 0.0285317 0.838329
vn 0.538453 0.0852825 0.838329
vn 0.526588 0.141099 0.838329
vn 0.508955 0.195369 0.838329
vn -0.453862 -0.0237859 0.890754
vn -0.448889 -0.0710971 0.890754
vn -0.438999 -0.117629 0.890754
vn -0.424298 -0.162873 0.890754
vn -0.404949 -0.206332 0.890754
vn -0.381163 -0.24753 0.890754
vn -0.353201 -0.286017 0.890754
vn -0.321369 -0.321369 0.890754
vn -0.286017 -0.353201 0.890754
vn -0.24753 -0.381163 0.890754
vn -0.206332 -0.404949 0.890754
vn -0.162873 -0.424298 0.890754
vn -0.117629 -0.438999 0.890754
vn -0.0710971 -0.448889 0.890754
vn -0.0237859 -0.453862 0.890754
vn 0.0237859 -0.453862 0.890754
vn 0.0710971 -0.448889 0.890754
vn 0.117629 -0.438999 0.890754
vn 0.162873 -0.424298 0.890754
vn 0.206332 -0.404949 0.890754
vn 0.24753 -0.381163 0.890754
vn 0.286017 -0.353201 0.890754
vn 0.321369 -0.321369 0.890754
vn 0.353201 -0.286017 0.890754
vn 0.381163 -0.24753 0.890754
vn 0.404949 -0.206332 0.890754
vn 0.424298 -0.162873 0.890754
vn 0.438999 -0.117629 0.890754
vn 0.448889 -0.0710971 0.890754
vn 0.453862 -0.0237859 0.890754
vn 0.453862 0.0237859 0.890754
vn 0.448889 0.0710971 0.890754
vn 0.438999 0.117629 0.890754
vn 0.424298 0.162873 0.890754
vn 0.404949 0.206332 0.890754
vn -0.358305 -0.018778 0.933416
vn -0.354379 -0.0561281 0.933416
vn -0.346571 -0.0928634 0.933416
vn -0.334965 -0.128581 0.933416
vn -0.31969 -0.16289 0.933416
vn -0.300912 -0.195415 0.933416
vn -0.278837 -0.225798 0.933416
vn -0.253707 -0.253707 0.933416
vn -0.225798 -0.278837 0.933416
vn -0.195415 -0.300912 0.933416
vn -0.16289 -0.31969 0.933416
vn -0.128581 -0.334965 0.933416
vn -0.0928634 -0.346571 0.933416
vn -0.0561281 -0.354379 0.933416
vn -0.018778 -0.358305 0.933416
vn 0.018778 -0.358305 0.933416
vn 0.0561281 -0.354379 0.933416
vn 0.0928634 -0.346571 0.933416
vn 0.128581 -0.334965 0.933416
vn 0.16289 -0.31969 0.933416
vn 0.195415 -0.300912 0.933416
vn 0.225798 -0.278837 0.933416
vn 0.253707 -0.253707 0.933416
vn 0.278837 -0.225798 0.933416
vn 0.300912 -0.195415 0.933416
vn 0.31969 -0.16289 0.933416
vn 0.334965 -0.128581 0.933416
vn 0.346571 -0.0928634 0.933416
vn 0.354379 -0.0561281 0.933416
vn 0.358305 -0.018778 0.933416
vn 0.358305 0.018778 0.933416
vn 0.354379 0.0561281 0.933416
vn 0.346571 0.0928634 0.933416
vn 0.334965 0.128581 0.933416
vn 0.31969 0.16289 0.933416
vn 0.300912 0.195415 0.933416
vn -0.156429 -0.00819811 0.987655
vn -0.258795 -0.0135629 0.965837
vn -0.25596 -0.0405401 0.965837
vn -0.25032 -0.0670731 0.965837
vn -0.241938 -0.0928712 0.965837
vn -0.230905 -0.117652 0.965837
vn -0.217342 -0.141143 0.965837
vn -0.201398 -0.163089 0.965837
vn -0.183247 -0.183247 0.965837
vn -0.163089 -0.201398 0.965837
vn -0.141143 -0.217342 0.965837
vn -0.117652 -0.230905 0.965837
vn -0.0928712 -0.241938 0.965837
vn -0.0670731 -0.25032 0.965837
vn -0.0405401 -0.25596 0.965837
vn -0.0135629 -0.258795 0.965837
vn 0.0135629 -0.258795 0.965837
vn 0.0405401 -0.25596 0.965837
vn 0.0670731 -0.25032 0.965837
vn 0.0928712 -0.241938 0.965837
vn 0.117652 -0.230905 0.965837
vn 0.141143 -0.217342 0.965837
vn 0.163089 -0.201398 0.965837
vn 0.183247 -0.183247 0.965837
vn 0.201398 -0.163089 0.965837
vn 0.217342 -0.141143 0.965837
vn 0.230905 -0.117652 0.965837
vn 0.241938 -0.0928712 0.965837
vn 0.25032 -0.0670731 0.965837
vn 0.25596 -0.0405401 0.965837
vn 0.258795 -0.0135629 0.965837
vn 0.258795 0.0135629 0.965837
vn 0.25596 0.0405401 0.965837
vn 0.25032 0.0670731 0.965837
vn 0.241938 0.0928712 0.965837
vn 0.230905 0.117652 0.965837
vn 0.217342 0.141143 0.965837
vn 0.201398 0.163089 0.965837
vn -0.62846 -0.776084 -0.0522644
vn -0.32124 -0.630469 -0.706622
vn 0.0237925 -0.0466955 0.998626
vn -0.986338 -0.156221 -0.0522644
vn -0.997265 -0.0522644 -0.0522644
vn -0.922249 -0.14607 0.35794
vn -0.154715 -0.0245045 0.987655
vn -0.156429 -0.00819811 0.987655
vn -0.964606 -0.258465 -0.0522644
vn -0.901928 -0.241671 0.35794
vn -0.151306 -0.0405424 0.987655
vn -0.932305 -0.357878 -0.0522644
vn -0.871726 -0.334624 0.35794
vn -0.14624 -0.0561361 0.987655
vn -0.889789 -0.45337 -0.0522644
vn -0.831973 -0.423911 0.35794
vn -0.139571 -0.0711148 0.987655
vn -0.837524 -0.543895 -0.0522644
vn -0.783104 -0.508554 0.35794
vn -0.131373 -0.0853144 0.987655
vn -0.776084 -0.62846 -0.0522644
vn -0.70614 -0.70614 -0.0522644
vn -0.62846 -0.776084 -0.0522644
vn -0.725656 -0.587625 0.35794
vn -0.660257 -0.660257 0.35794
vn -0.587625 -0.725656 0.35794
vn -0.508554 -0.783104 0.35794
vn -0.121735 -0.0985792 0.987655
vn -0.110764 -0.110764 0.987655
vn -0.0985792 -0.121735 0.987655
vn -0.0853144 -0.131373 0.987655
vn -0.0711148 -0.139571 0.987655
vn -0.0561361 -0.14624 0.987655
vn -0.0405424 -0.151306 0.987655
vn -0.0245045 -0.154715 0.987655
vn -0.00819811 -0.156429 0.987655
vn 0.00819811 -0.156429 0.987655
vn 0.0245045 -0.154715 0.987655
vn 0.0405424 -0.151306 0.987655
vn 0.0561361 -0.14624 0.987655
vn 0.0711148 -0.139571 0.987655
vn 0.0853144 -0.131373 0.987655
vn 0.0985792 -0.121735 0.987655
vn 0.110764 -0.110764 0.987655
vn 0.121735 -0.0985792 0.987655
vn 0.131373 -0.0853144 0.987655
vn 0.139571 -0.0711148 0.987655
vn 0.14624 -0.0561361 0.987655
vn 0.151306 -0.0405424 0.987655
vn 0.154715 -0.0245045 0.987655
vn 0.156429 -0.00819811 0.987655
vn 0.156429 0.00819811 0.987655
vn 0.154715 0.0245045 0.987655
vn 0.151306 0.0405424 0.987655
vn 0.14624 0.0561361 0.987655
vn 0.139571 0.0711148 0.987655
vn 0.131373 0.0853144 0.987655
vn 0.121735 0.0985792 0.987655
vn 0.110764 0.110764 0.987655
vn -0.495089 -0.790648 -0.360224
vn -0.253578 -0.660594 -0.706622
vn -0.278655 -0.725922 -0.628799
vn -0.121638 -0.767995 -0.628799
vn -0.110692 -0.69888 -0.706622
vn -0.0370325 -0.706622 -0.706622
vn 0.0370325 -0.706622 -0.706622
vn 0.110692 -0.69888 -0.706622
vn -0.0406948 -0.776502 -0.628799
vn 0.0406948 -0.776502 -0.628799
vn 0.121638 -0.767995 -0.628799
vn 0.300675 -0.783285 -0.544114
vn 0.607933 -0.750734 -0.258488
vn 0.621593 -0.767604 -0.156225
vn 0.62846 -0.776084 -0.0522644
vn 0.62846 -0.776084 0.0522644
vn 0.621593 -0.767604 0.156225
vn 0.607933 -0.750734 0.258488
vn 0.587625 -0.725656 0.35794
vn 0.500343 -0.500343 -0.706622
vn 0.549902 -0.445302 -0.706622
vn 0.604284 -0.489339 -0.628799
vn 0.652123 -0.423494 -0.628799
vn 0.703654 -0.456958 -0.544114
vn 0.747565 -0.380903 -0.544114
vn 0.794117 -0.404623 -0.453496
vn 0.832061 -0.319398 -0.453496
vn 0.871726 -0.334624 -0.35794
vn 0.901928 -0.241671 -0.35794
vn 0.933098 -0.250023 -0.258488
vn 0.954121 -0.151118 -0.258488
vn 0.975561 -0.154514 -0.156225
vn 0.986368 -0.0516933 -0.156225
vn 0.997265 -0.0522644 -0.0522644
vn 0.997265 0.0522644 -0.0522644
vn 0.997265 0.0522644 0.0522644
vn 0.986338 0.156221 0.0522644
vn 0.975561 0.154514 0.156225
vn 0.954066 0.255641 0.156225
vn 0.933098 0.250023 0.258488
vn 0.901852 0.346189 0.258488
vn 0.871726 0.334624 0.35794
vn 0.831973 0.423911 0.35794
vn 0.794117 0.404623 0.453496
vn 0.747472 0.485414 0.453496
vn 0.703654 0.456958 0.544114
vn 0.652034 0.528007 0.544114
vn 0.604284 0.489339 0.628799
vn 0.549823 0.549823 0.628799
vn 0.500343 0.500343 0.706622
vn 0.445302 0.549902 0.706622
vn 0.396372 0.489479 0.776724
vn 0.343036 0.52823 0.776724
vn 0.296918 0.457213 0.838329
vn 0.247499 0.485745 0.838329
vn 0.206332 0.404949 0.890754
vn 0.162873 0.424298 0.890754
vn 0.128581 0.334965 0.933416
vn 0.0928634 0.346571 0.933416
vn 0.0670731 0.25032 0.965837
vn 0.0405401 0.25596 0.965837
vn 0.0245045 0.154715 0.987655
vn 0.00819811 0.156429 0.987655
vn 0.698425 -0.698425 -0.156225
vn 0.70614 -0.70614 -0.0522644
vn 0.776084 -0.62846 -0.0522644
vn 0.70614 -0.70614 0.0522644
vn 0.776084 -0.62846 0.0522644
vn 0.837524 -0.543895 0.0522644
vn 0.698425 -0.698425 0.156225
vn 0.767604 -0.621593 0.156225
vn 0.828373 -0.537952 0.156225
vn 0.880066 -0.448416 0.156225
vn 0.683075 -0.683075 0.258488
vn 0.750734 -0.607933 0.258488
vn 0.810168 -0.526129 0.258488
vn 0.860725 -0.438561 0.258488
vn 0.901852 -0.346189 0.258488
vn 0.660257 -0.660257 0.35794
vn 0.725656 -0.587625 0.35794
vn 0.783104 -0.508554 0.35794
vn 0.831973 -0.423911 0.35794
vn 0.871726 -0.334624 0.35794
vn 0.901928 -0.241671 0.35794
vn 0.549902 -0.445302 -0.706622
vn 0.593436 -0.385382 -0.706622
vn 0.652123 -0.423494 -0.628799
vn 0.692818 -0.353008 -0.628799
vn 0.747565 -0.380903 -0.544114
vn 0.783285 -0.300675 -0.544114
vn 0.832061 -0.319398 -0.453496
vn 0.860889 -0.230675 -0.453496
vn 0.901928 -0.241671 -0.35794
vn 0.922249 -0.14607 -0.35794
vn 0.954121 -0.151118 -0.258488
vn 0.964691 -0.0505573 -0.258488
vn 0.986368 -0.0516933 -0.156225
vn 0.986368 0.0516933 -0.156225
vn 0.997265 0.0522644 -0.0522644
vn 0.986338 0.156221 -0.0522644
vn 0.986338 0.156221 0.0522644
vn 0.964606 0.258465 0.0522644
vn 0.954066 0.255641 0.156225
vn 0.922117 0.353968 0.156225
vn 0.901852 0.346189 0.258488
vn 0.860725 0.438561 0.258488
vn 0.831973 0.423911 0.35794
vn 0.783104 0.508554 0.35794
vn 0.747472 0.485414 0.453496
vn 0.692638 0.560887 0.453496
vn 0.652034 0.528007 0.544114
vn 0.593271 0.593271 0.544114
vn 0.549823 0.549823 0.628799
vn 0.489339 0.604284 0.628799
vn 0.445302 0.549902 0.706622
vn 0.385382 0.593436 0.706622
vn 0.343036 0.52823 0.776724
vn 0.285942 0.561193 0.776724
vn 0.247499 0.485745 0.838329
vn 0.195369 0.508955 0.838329
vn 0.162873 0.424298 0.890754
vn 0.117629 0.438999 0.890754
vn 0.0928634 0.346571 0.933416
vn 0.0561281 0.354379 0.933416
vn 0.0405401 0.25596 0.965837
vn 0.0135629 0.258795 0.965837
vn 0.00819811 0.156429 0.987655
vn -0.00819811 0.156429 0.987655
vn 0.593436 -0.385382 -0.706622
vn 0.630469 -0.32124 -0.706622
vn 0.692818 -0.353008 -0.628799
vn 0.725922 -0.278655 -0.628799
vn 0.783285 -0.300675 -0.544114
vn 0.810423 -0.217152 -0.544114
vn 0.860889 -0.230675 -0.453496
vn 0.880285 -0.139423 -0.453496
vn 0.922249 -0.14607 -0.35794
vn 0.932465 -0.0488684 -0.35794
vn 0.964691 -0.0505573 -0.258488
vn 0.964691 0.0505573 -0.258488
vn 0.986368 0.0516933 -0.156225
vn 0.975561 0.154514 -0.156225
vn 0.986338 0.156221 -0.0522644
vn 0.964606 0.258465 -0.0522644
vn 0.964606 0.258465 0.0522644
vn 0.932305 0.357878 0.0522644
vn 0.922117 0.353968 0.156225
vn 0.880066 0.448416 0.156225
vn 0.860725 0.438561 0.258488
vn 0.810168 0.526129 0.258488
vn 0.783104 0.508554 0.35794
vn 0.725656 0.587625 0.35794
vn 0.692638 0.560887 0.453496
vn 0.630215 0.630215 0.453496
vn 0.593271 0.593271 0.544114
vn 0.528007 0.652034 0.544114
vn 0.489339 0.604284 0.628799
vn 0.423494 0.652123 0.628799
vn 0.385382 0.593436 0.706622
vn 0.32124 0.630469 0.706622
vn 0.285942 0.561193 0.776724
vn 0.225715 0.588008 0.776724
vn 0.195369 0.508955 0.838329
vn 0.141099 0.526588 0.838329
vn 0.117629 0.438999 0.890754
vn 0.0710971 0.448889 0.890754
vn 0.0561281 0.354379 0.933416
vn 0.018778 0.358305 0.933416
vn 0.0135629 0.258795 0.965837
vn -0.0135629 0.258795 0.965837
vn -0.00819811 0.156429 0.987655
vn -0.0245045 0.154715 0.987655
vn 0.630469 -0.32124 -0.706622
vn 0.660594 -0.253578 -0.706622
vn 0.725922 -0.278655 -0.628799
vn 0.751073 -0.201249 -0.628799
vn 0.810423 -0.217152 -0.544114
vn 0.828682 -0.13125 -0.544114
vn 0.880285 -0.139423 -0.453496
vn 0.890037 -0.0466448 -0.453496
vn 0.932465 -0.0488684 -0.35794
vn 0.932465 0.0488684 -0.35794
vn 0.964691 0.0505573 -0.258488
vn 0.954121 0.151118 -0.258488
vn 0.975561 0.154514 -0.156225
vn 0.954066 0.255641 -0.156225
vn 0.964606 0.258465 -0.0522644
vn 0.932305 0.357878 -0.0522644
vn 0.932305 0.357878 0.0522644
vn 0.889789 0.45337 0.0522644
vn 0.880066 0.448416 0.156225
vn 0.828373 0.537952 0.156225
vn 0.810168 0.526129 0.258488
vn 0.750734 0.607933 0.258488
vn 0.725656 0.587625 0.35794
vn 0.660257 0.660257 0.35794
vn 0.630215 0.630215 0.453496
vn 0.560887 0.692638 0.453496
vn 0.528007 0.652034 0.544114
vn 0.456958 0.703654 0.544114
vn 0.423494 0.652123 0.628799
vn 0.353008 0.692818 0.628799
vn 0.32124 0.630469 0.706622
vn 0.253578 0.660594 0.706622
vn 0.225715 0.588008 0.776724
vn 0.163015 0.60838 0.776724
vn 0.141099 0.526588 0.838329
vn 0.0852825 0.538453 0.838329
vn 0.0710971 0.448889 0.890754
vn 0.0237859 0.453862 0.890754
vn 0.018778 0.358305 0.933416
vn -0.018778 0.358305 0.933416
vn -0.0135629 0.258795 0.965837
vn -0.0405401 0.25596 0.965837
vn -0.0245045 0.154715 0.987655
vn -0.0405424 0.151306 0.987655
vn 0.660594 -0.253578 -0.706622
vn 0.683481 -0.183138 -0.706622
vn 0.751073 -0.201249 -0.628799
vn 0.767995 -0.121638 -0.628799
vn 0.828682 -0.13125 -0.544114
vn 0.837862 -0.0439105 -0.544114
vn 0.890037 -0.0466448 -0.453496
vn 0.890037 0.0466448 -0.453496
vn 0.932465 0.0488684 -0.35794
vn 0.922249 0.14607 -0.35794
vn 0.954121 0.151118 -0.258488
vn 0.933098 0.250023 -0.258488
vn 0.954066 0.255641 -0.156225
vn 0.922117 0.353968 -0.156225
vn 0.932305 0.357878 -0.0522644
vn 0.889789 0.45337 -0.0522644
vn 0.889789 0.45337 0.0522644
vn 0.837524 0.543895 0.0522644
vn 0.828373 0.537952 0.156225
vn 0.767604 0.621593 0.156225
vn 0.750734 0.607933 0.258488
vn 0.683075 0.683075 0.258488
vn 0.660257 0.660257 0.35794
vn 0.587625 0.725656 0.35794
vn 0.560887 0.692638 0.453496
vn 0.485414 0.747472 0.453496
vn 0.456958 0.703654 0.544114
vn 0.380903 0.747565 0.544114
vn 0.353008 0.692818 0.628799
vn 0.278655 0.725922 0.628799
vn 0.253578 0.660594 0.706622
vn 0.183138 0.683481 0.706622
vn 0.163015 0.60838 0.776724
vn 0.0985289 0.622087 0.776724
vn 0.0852825 0.538453 0.838329
vn 0.0285317 0.544417 0.838329
vn 0.0237859 0.453862 0.890754
vn -0.0237859 0.453862 0.890754
vn -0.018778 0.358305 0.933416
vn -0.0561281 0.354379 0.933416
vn -0.0405401 0.25596 0.965837
vn -0.0670731 0.25032 0.965837
vn -0.0405424 0.151306 0.987655
vn -0.0561361 0.14624 0.987655
vn 0.660594 0.253578 -0.706622
vn 0.630469 0.32124 -0.706622
vn 0.692818 0.353008 -0.628799
vn 0.652123 0.423494 -0.628799
vn 0.703654 0.456958 -0.544114
vn 0.652034 0.528007 -0.544114
vn 0.692638 0.560887 -0.453496
vn 0.630215 0.630215 -0.453496
vn 0.660257 0.660257 -0.35794
vn 0.587625 0.725656 -0.35794
vn 0.607933 0.750734 -0.258488
vn 0.548694 0.794974 -0.258748
vn 0.546571 0.796827 -0.257541
vn 0.593436 0.385382 -0.706622
vn 0.604284 0.489339 -0.628799
vn 0.593271 0.593271 -0.544114
vn 0.560887 0.692638 -0.453496
vn 0.53255 0.766821 -0.358297
vn 0.530534 0.768664 -0.357337
vn 0.491442 0.793245 -0.359509
vn 0.549902 0.445302 -0.706622
vn 0.549823 0.549823 -0.628799
vn 0.528007 0.652034 -0.544114
vn 0.510385 0.73038 -0.453929
vn 0.508476 0.732158 -0.453208
vn 0.471164 0.755614 -0.455029
vn 0.469298 0.757502 -0.453817
vn 0.404623 0.794117 -0.453496
vn 0.500343 0.500343 -0.706622
vn 0.489339 0.604284 -0.628799
vn 0.482397 0.686084 -0.544593
vn 0.480595 0.687749 -0.544085
vn 0.445507 0.709879 -0.545523
vn 0.443829 0.711776 -0.544418
vn 0.380903 0.747565 -0.544114
vn 0.445302 0.549902 -0.706622
vn 0.448847 0.634453 -0.62929
vn 0.44716 0.635969 -0.628961
vn 0.414713 0.656577 -0.630016
vn 0.413219 0.65843 -0.629062
vn 0.353008 0.692818 -0.628799
vn 0.300675 0.783285 -0.544114
vn 0.32124 0.630469 -0.706622
vn 0.253578 0.660594 -0.706622
vn 0.278655 0.725922 -0.628799
vn 0.0370325 0.706622 -0.706622
vn -0.0370325 0.706622 -0.706622
vn -0.110692 0.69888 -0.706622
vn 0.0406948 0.776502 -0.628799
vn -0.0406948 0.776502 -0.628799
vn -0.121638 0.767995 -0.628799
vn -0.253578 0.660594 -0.706622
vn -0.32124 0.630469 -0.706622
vn -0.300675 0.783285 -0.544114
vn -0.278655 0.725922 -0.628799
vn -0.353008 0.692818 -0.628799
vn -0.423494 0.652123 -0.628799
vn -0.380903 0.747565 -0.544114
vn -0.404623 0.794117 -0.453496
vn -0.485414 0.747472 -0.453496
vn -0.508554 0.783104 -0.35794
vn -0.587625 0.725656 -0.35794
vn -0.607933 0.750734 -0.258488
vn -0.683075 0.683075 -0.258488
vn -0.698425 0.698425 -0.156225
vn -0.767604 0.621593 -0.156225
vn -0.776084 0.62846 -0.0522644
vn -0.837524 0.543895 -0.0522644
vn -0.837524 0.543895 0.0522644
vn -0.889789 0.45337 0.0522644
vn -0.880066 0.448416 0.156225
vn -0.922117 0.353968 0.156225
vn -0.901852 0.346189 0.258488
vn -0.933098 0.250023 0.258488
vn -0.901928 0.241671 0.35794
vn -0.922249 0.14607 0.35794
vn -0.380903 0.747565 -0.544114
vn -0.456958 0.703654 -0.544114
vn -0.528007 0.652034 -0.544114
vn -0.485414 0.747472 -0.453496
vn -0.560887 0.692638 -0.453496
vn -0.587625 0.725656 -0.35794
vn -0.660257 0.660257 -0.35794
vn -0.683075 0.683075 -0.258488
vn -0.750734 0.607933 -0.258488
vn -0.767604 0.621593 -0.156225
vn -0.828373 0.537952 -0.156225
vn -0.837524 0.543895 -0.0522644
vn -0.889789 0.45337 -0.0522644
vn -0.889789 0.45337 0.0522644
vn -0.932305 0.357878 0.0522644
vn -0.922117 0.353968 0.156225
vn -0.954066 0.255641 0.156225
vn -0.933098 0.250023 0.258488
vn -0.954121 0.151118 0.258488
vn -0.922249 0.14607 0.35794
vn -0.560887 0.692638 -0.453496
vn -0.607933 0.750734 -0.258488
vn -0.621593 0.767604 -0.156225
vn -0.62846 0.776084 -0.0522644
vn -0.62846 0.776084 0.0522644
vn -0.621593 0.767604 0.156225
vn -0.607933 0.750734 0.258488
vn -0.587625 0.725656 0.35794
vn -0.423494 0.652123 0.628799
vn -0.353008 0.692818 0.628799
vn -0.278655 0.725922 0.628799
vn -0.201249 0.751073 0.628799
vn -0.121638 0.767995 0.628799
vn -0.0406948 0.776502 0.628799
vn 0.0406948 0.776502 0.628799
vn 0.121638 0.767995 0.628799
vn 0.201249 0.751073 0.628799
vn -0.385382 0.593436 0.706622
vn -0.32124 0.630469 0.706622
vn -0.253578 0.660594 0.706622
vn -0.183138 0.683481 0.706622
vn -0.110692 0.69888 0.706622
vn -0.0370325 0.706622 0.706622
vn 0.0370325 0.706622 0.706622
vn 0.110692 0.69888 0.706622
vn -0.489339 0.604284 0.628799
vn -0.549823 0.549823 0.628799
vn -0.604284 0.489339 0.628799
vn -0.652123 0.423494 0.628799
vn -0.692818 0.353008 0.628799
vn -0.725922 0.278655 0.628799
vn -0.751073 0.201249 0.628799
vn -0.767995 0.121638 0.628799
vn -0.343036 0.52823 0.776724
vn -0.285942 0.561193 0.776724
vn -0.225715 0.588008 0.776724
vn -0.163015 0.60838 0.776724
vn -0.0985289 0.622087 0.776724
vn -0.0329634 0.628978 0.776724
vn 0.0329634 0.628978 0.776724
vn -0.445302 0.549902 0.706622
vn -0.500343 0.500343 0.706622
vn -0.549902 0.445302 0.706622
vn -0.593436 0.385382 0.706622
vn -0.630469 0.32124 0.706622
vn -0.660594 0.253578 0.706622
vn -0.683481 0.183138 0.706622
vn -0.69888 0.110692 0.706622
vn -0.296918 0.457213 0.838329
vn -0.247499 0.485745 0.838329
vn -0.195369 0.508955 0.838329
vn -0.141099 0.526588 0.838329
vn -0.0852825 0.538453 0.838329
vn -0.0285317 0.544417 0.838329
vn -0.396372 0.489479 0.776724
vn -0.445365 0.445365 0.776724
vn -0.489479 0.396372 0.776724
vn -0.52823 0.343036 0.776724
vn -0.561193 0.285942 0.776724
vn -0.588008 0.225715 0.776724
vn -0.60838 0.163015 0.776724
vn -0.622087 0.0985289 0.776724
vn -0.24753 0.381163 0.890754
vn -0.206332 0.404949 0.890754
vn -0.162873 0.424298 0.890754
vn -0.117629 0.438999 0.890754
vn -0.0710971 0.448889 0.890754
vn -0.343083 0.423672 0.838329
vn -0.385489 0.385489 0.838329
vn -0.423672 0.343083 0.838329
vn -0.457213 0.296918 0.838329
vn -0.485745 0.247499 0.838329
vn -0.508955 0.195369 0.838329
vn -0.526588 0.141099 0.838329
vn -0.538453 0.0852825 0.838329
vn -0.195415 0.300912 0.933416
vn -0.16289 0.31969 0.933416
vn -0.128581 0.334965 0.933416
vn -0.0928634 0.346571 0.933416
vn -0.286017 0.353201 0.890754
vn -0.321369 0.321369 0.890754
vn -0.353201 0.286017 0.890754
vn -0.381163 0.24753 0.890754
vn -0.404949 0.206332 0.890754
vn -0.424298 0.162873 0.890754
vn -0.438999 0.117629 0.890754
vn -0.448889 0.0710971 0.890754
vn -0.141143 0.217342 0.965837
vn -0.117652 0.230905 0.965837
vn -0.0928712 0.241938 0.965837
vn -0.225798 0.278837 0.933416
vn -0.253707 0.253707 0.933416
vn -0.278837 0.225798 0.933416
vn -0.300912 0.195415 0.933416
vn -0.31969 0.16289 0.933416
vn -0.334965 0.128581 0.933416
vn -0.346571 0.0928634 0.933416
vn -0.354379 0.0561281 0.933416
vn -0.0853144 0.131373 0.987655
vn -0.0711148 0.139571 0.987655
vn -0.163089 0.201398 0.965837
vn -0.183247 0.183247 0.965837
vn -0.201398 0.163089 0.965837
vn -0.217342 0.141143 0.965837
vn -0.230905 0.117652 0.965837
vn -0.241938 0.0928712 0.965837
vn -0.25032 0.0670731 0.965837
vn -0.25596 0.0405401 0.965837
vn -0.0985792 0.121735 0.987655
vn -0.110764 0.110764 0.987655
vn -0.121735 0.0985792 0.987655
vn -0.131373 0.0853144 0.987655
vn -0.139571 0.0711148 0.987655
vn -0.14624 0.0561361 0.987655
vn -0.151306 0.0405424 0.987655
vn -0.154715 0.0245045 0.987655
vn -0.660257 0.660257 -0.35794
vn -0.630215 0.630215 -0.453496
vn -0.698425 0.698425 -0.156225
vn -0.70614 0.70614 -0.0522644
vn -0.70614 0.70614 0.0522644
vn -0.698425 0.698425 0.156225
vn -0.683075 0.683075 0.258488
vn -0.660257 0.660257 0.35794
vn -0.750734 0.607933 -0.258488
vn -0.725656 0.587625 -0.35794
vn -0.776084 0.62846 -0.0522644
vn -0.776084 0.62846 0.0522644
vn -0.767604 0.621593 0.156225
vn -0.750734 0.607933 0.258488
vn -0.725656 0.587625 0.35794
vn -0.828373 0.537952 -0.156225
vn -0.810168 0.526129 -0.258488
vn -0.837524 0.543895 0.0522644
vn -0.828373 0.537952 0.156225
vn -0.810168 0.526129 0.258488
vn -0.783104 0.508554 0.35794
vn -0.630469 0.32124 -0.706622
vn -0.660594 0.253578 -0.706622
vn -0.725922 0.278655 -0.628799
vn -0.751073 0.201249 -0.628799
vn -0.810423 0.217152 -0.544114
vn -0.828682 0.13125 -0.544114
vn -0.880285 0.139423 -0.453496
vn -0.880066 0.448416 -0.156225
vn -0.889789 0.45337 -0.0522644
vn -0.932305 0.357878 -0.0522644
vn -0.932305 0.357878 0.0522644
vn -0.964606 0.258465 0.0522644
vn -0.954066 0.255641 0.156225
vn -0.975561 0.154514 0.156225
vn -0.954121 0.151118 0.258488
vn -0.880066 0.448416 0.156225
vn -0.860725 0.438561 0.258488
vn -0.901852 0.346189 0.258488
vn -0.831973 0.423911 0.35794
vn -0.871726 0.334624 0.35794
vn -0.901928 0.241671 0.35794
vn -0.660594 0.253578 -0.706622
vn -0.683481 0.183138 -0.706622
vn -0.751073 0.201249 -0.628799
vn -0.767995 0.121638 -0.628799
vn -0.828682 0.13125 -0.544114
vn -0.69888 0.110692 -0.706622
f 1//1 2//1 3//1
f 3//1 2//1 4//1
f 3//1 4//1 5//1
f 5//1 4//1 6//1
f 5//1 6//1 7//1
f 7//1 6//1 8//1
f 7//1 8//1 9//1
f 9//1 8//1 10//1
f 10//1 8//1 11//1
f 11//1 8//1 12//1
f 12//1 8//1 13//1
f 12//1 13//1 14//1
f 14//1 13//1 15//1
f 15//1 13//1 16//1
f 15//1 16//1 17//1
f 17//1 16//1 18//1
f 17//1 18//1 19//1
f 19//1 18//1 20//1
f 21//1 22//1 14//1
f 14//1 22//1 23//1
f 14//1 23//1 24//1
f 22//1 21//1 25//1
f 25//1 21//1 26//1
f 25//1 26//1 27//1
f 27//1 26//1 28//1
f 27//1 28//1 29//1
f 29//1 28//1 30//1
f 29//1 30//1 31//1
f 24//1 32//1 14//1
f 14//1 32//1 12//1
f 33//2 34//2 35//2
f 35//3 34//3 36//3
f 35//4 36//4 37//4
f 37//5 36//5 38//5
f 37//6 38//6 39//6
f 39//7 38//7 40//7
f 39//8 40//8 41//8
f 41//9 40//9 42//9
f 41//10 42//10 43//10
f 43//11 42//11 44//11
f 43//12 44//12 45//12
f 45//13 44//13 46//13
f 45//14 46//14 47//14
f 47//15 46//15 48//15
f 47//16 48//16 49//16
f 49//17 48//17 50//17
f 49//18 50//18 51//18
f 51//19 50//19 52//19
f 51//20 52//20 53//20
f 53//21 52//21 54//21
f 53//22 54//22 55//22
f 55//23 54//23 56//23
f 55//24 56//24 57//24
f 57//25 56//25 58//25
f 57//26 58//26 59//26
f 59//27 58//27 60//27
f 59//28 60//28 61//28
f 61//29 60//29 62//29
f 61//30 62//30 63//30
f 63//31 62//31 64//31
f 63//32 64//32 65//32
f 65//33 64//33 66//33
f 65//34 66//34 67//34
f 67//35 66//35 68//35
f 67//36 68//36 69//36
f 69//37 68//37 70//37
f 69//38 70//38 71//38
f 71//39 70//39 72//39
f 71//40 72//40 73//40
f 73//41 72//41 74//41
f 73//42 74//42 75//42
f 75//43 74//43 76//43
f 75//44 76//44 77//44
f 77//45 76//45 78//45
f 77//46 78//46 79//46
f 79//47 78//47 80//47
f 79//48 80//48 81//48
f 81//49 80//49 82//49
f 81//50 82//50 83//50
f 83//51 82//51 84//51
f 83//52 84//52 85//52
f 85//53 84//53 86//53
f 85//54 86//54 87//54
f 87//55 86//55 88//55
f 87//56 88//56 89//56
f 89//57 88//57 90//57
f 89//58 90//58 91//58
f 91//59 90//59 92//59
f 91//60 92//60 93//60
f 93//61 92//61 94//61
f 93//62 94//62 95//62
f 95//63 94//63 96//63
f 95//64 96//64 97//64
f 97//65 96//65 98//65
f 97//66 98//66 99//66
f 99//67 98//67 100//67
f 99//68 100//68 101//68
f 101//69 100//69 102//69
f 101//70 102//70 103//70
f 103//71 102//71 104//71
f 103//72 104//72 105//72
f 105//73 104//73 106//73
f 105//74 106//74 107//74
f 107//75 106//75 108//75
f 107//76 108//76 109//76
f 109//77 108//77 110//77
f 109//78 110//78 111//78
f 111//79 110//79 112//79
f 111//80 112//80 113//80
f 113//81 112//81 114//81
f 113//82 114//82 115//82
f 115//83 114//83 116//83
f 115//84 116//84 117//84
f 117//85 116//85 118//85
f 117//86 118//86 119//86
f 119//87 118//87 120//87
f 119//88 120//88 121//88
f 121//89 120//89 122//89
f 121//90 122//90 123//90
f 123//91 122//91 124//91
f 123//92 124//92 125//92
f 125//93 124//93 126//93
f 125//94 126//94 127//94
f 127//95 126//95 128//95
f 127//96 128//96 129//96
f 129//97 128//97 130//97
f 129//98 130//98 131//98
f 131//99 130//99 132//99
f 133//100 134//100 135//100
f 135//101 134//101 136//101
f 136//102 134//102 137//102
f 136//103 137//103 138//103
f 138//104 139//104 136//104
f 136//105 139//105 140//105
f 136//106 140//106 141//106
f 141//107 140//107 142//107
f 141//108 142//108 143//108
f 141//109 143//109 144//109
f 144//110 143//110 145//110
f 144//111 145//111 146//111
f 144//112 146//112 147//112
f 147//113 146//113 148//113
f 147//114 148//114 149//114
f 149//115 148//115 150//115
f 149//116 150//116 151//116
f 149//117 151//117 152//117
f 152//118 151//118 153//118
f 152//119 153//119 154//119
f 154//120 153//120 155//120
f 154//121 155//121 156//121
f 154//122 156//122 157//122
f 157//123 156//123 158//123
f 157//124 158//124 159//124
f 157//125 159//125 160//125
f 160//126 159//126 161//126
f 160//127 161//127 162//127
f 162//128 161//128 163//128
f 162//129 163//129 164//129
f 162//130 164//130 165//130
f 165//131 164//131 166//131
f 165//132 166//132 167//132
f 167//133 166//133 168//133
f 167//134 168//134 169//134
f 167//135 169//135 170//135
f 170//136 169//136 171//136
f 170//137 171//137 172//137
f 170//138 172//138 173//138
f 173//139 172//139 174//139
f 173//140 174//140 175//140
f 175//141 176//141 173//141
f 173//142 176//142 177//142
f 177//143 176//143 178//143
f 177//144 178//144 179//144
f 180//145 181//145 182//145
f 182//146 181//146 183//146
f 182//147 183//147 184//147
f 184//148 183//148 185//148
f 184//149 185//149 186//149
f 186//150 187//150 184//150
f 184//151 187//151 188//151
f 188//152 187//152 189//152
f 188//153 189//153 190//153
f 188//154 190//154 191//154
f 191//155 190//155 192//155
f 191//156 192//156 193//156
f 191//157 193//157 194//157
f 194//158 193//158 195//158
f 194//159 195//159 196//159
f 196//160 195//160 197//160
f 196//161 197//161 198//161
f 196//162 198//162 199//162
f 199//163 198//163 200//163
f 199//164 200//164 201//164
f 201//165 200//165 202//165
f 201//166 202//166 203//166
f 201//167 203//167 204//167
f 204//168 203//168 205//168
f 204//169 205//169 206//169
f 204//170 206//170 207//170
f 207//171 206//171 208//171
f 207//172 208//172 209//172
f 209//173 208//173 210//173
f 209//174 210//174 211//174
f 209//175 211//175 212//175
f 212//176 211//176 213//176
f 212//177 213//177 214//177
f 214//178 213//178 215//178
f 214//179 215//179 216//179
f 214//180 216//180 217//180
f 217//181 216//181 218//181
f 217//182 218//182 219//182
f 217//183 219//183 220//183
f 220//184 219//184 221//184
f 220//185 221//185 222//185
f 222//186 223//186 220//186
f 220//187 223//187 224//187
f 224//188 223//188 225//188
f 224//189 225//189 226//189
f 227//190 228//190 229//190
f 229//190 228//190 230//190
f 229//190 230//190 231//190
f 231//190 230//190 232//190
f 231//190 232//190 233//190
f 233//190 232//190 234//190
f 233//190 234//190 235//190
f 235//190 234//190 236//190
f 235//190 236//190 237//190
f 237//190 236//190 238//190
f 237//190 238//190 239//190
f 239//190 238//190 240//190
f 239//190 240//190 241//190
f 241//190 240//190 242//190
f 241//190 242//190 243//190
f 243//190 242//190 244//190
f 243//190 244//190 245//190
f 245//190 244//190 246//190
f 245//190 246//190 247//190
f 247//190 246//190 248//190
f 247//190 248//190 249//190
f 249//190 248//190 250//190
f 249//190 250//190 251//190
f 251//190 250//190 252//190
f 251//190 252//190 253//190
f 228//190 227//190 254//190
f 254//190 255//190 256//190
f 254//190 256//190 257//190
f 257//190 256//190 258//190
f 257//190 258//190 259//190
f 259//190 258//190 260//190
f 259//190 260//190 261//190
f 261//190 260//190 262//190
f 261//190 262//190 263//190
f 263//190 262//190 264//190
f 263//190 264//190 265//190
f 265//190 264//190 266//190
f 265//190 266//190 267//190
f 267//190 266//190 268//190
f 267//190 268//190 269//190
f 269//190 268//190 270//190
f 269//190 270//190 271//190
f 271//190 270//190 272//190
f 271//190 272//190 273//190
f 273//190 272//190 274//190
f 273//190 274//190 275//190
f 275//190 274//190 276//190
f 277//191 278//191 279//191
f 279//192 278//192 280//192
f 279//192 280//192 281//192
f 281//193 280//193 282//193
f 282//193 280//193 283//193
f 282//194 283//194 284//194
f 284//194 283//194 285//194
f 284//195 285//195 286//195
f 286//195 285//195 287//195
f 286//196 287//196 288//196
f 288//196 287//196 289//196
f 288//197 289//197 290//197
f 290//197 289//197 291//197
f 290//198 291//198 292//198
f 292//198 291//198 293//198
f 292//199 293//199 294//199
f 294//199 293//199 295//199
f 294//200 295//200 296//200
f 296//200 295//200 297//200
f 296//201 297//201 298//201
f 298//201 297//201 299//201
f 298//202 299//202 300//202
f 300//202 299//202 301//202
f 300//203 301//203 302//203
f 302//203 301//203 303//203
f 302//204 303//204 304//204
f 304//204 303//204 305//204
f 304//205 305//205 306//205
f 306//205 305//205 307//205
f 306//206 307//206 308//206
f 308//206 307//206 309//206
f 308//207 309//207 310//207
f 310//207 309//207 311//207
f 310//208 311//208 312//208
f 312//208 311//208 313//208
f 312//209 313//209 314//209
f 314//209 313//209 315//209
f 314//210 315//210 316//210
f 316//210 315//210 317//210
f 316//211 317//211 318//211
f 318//211 317//211 319//211
f 318//212 319//212 320//212
f 320//212 319//212 321//212
f 320//213 321//213 322//213
f 322//213 321//213 323//213
f 323//213 321//213 324//213
f 323//214 324//214 325//214
f 325//215 324//215 326//215
f 325//216 326//216 327//216
f 327//217 326//217 328//217
f 327//218 328//218 329//218
f 329//219 328//219 330//219
f 330//220 328//220 331//220
f 330//221 331//221 332//221
f 332//222 331//222 333//222
f 332//223 333//223 334//223
f 334//224 333//224 335//224
f 335//225 333//225 336//225
f 335//226 336//226 337//226
f 337//227 336//227 338//227
f 337//228 338//228 339//228
f 339//229 338//229 340//229
f 340//230 338//230 341//230
f 340//231 341//231 342//231
f 342//232 341//232 343//232
f 342//233 343//233 344//233
f 344//234 343//234 345//234
f 345//235 343//235 346//235
f 345//236 346//236 347//236
f 347//237 346//237 348//237
f 347//238 348//238 349//238
f 349//239 348//239 350//239
f 349//240 350//240 351//240
f 351//241 350//241 352//241
f 352//242 350//242 353//242
f 352//243 353//243 354//243
f 354//244 353//244 355//244
f 354//245 355//245 356//245
f 356//246 355//246 357//246
f 356//247 357//247 358//247
f 358//248 357//248 359//248
f 359//249 357//249 360//249
f 359//250 360//250 361//250
f 361//251 360//251 362//251
f 361//252 362//252 363//252
f 363//253 362//253 364//253
f 364//254 362//254 365//254
f 364//255 365//255 366//255
f 366//256 365//256 367//256
f 366//257 367//257 368//257
f 368//258 367//258 369//258
f 369//259 367//259 370//259
f 369//260 370//260 371//260
f 371//261 370//261 372//261
f 371//262 372//262 373//262
f 373//263 372//263 374//263
f 374//264 372//264 375//264
f 374//265 375//265 376//265
f 376//266 375//266 377//266
f 378//267 379//267 380//267
f 380//268 379//268 381//268
f 380//269 381//269 382//269
f 382//270 381//270 383//270
f 382//271 383//271 384//271
f 384//272 383//272 385//272
f 384//273 385//273 386//273
f 384//274 386//274 387//274
f 387//275 386//275 388//275
f 387//276 388//276 389//276
f 389//277 388//277 390//277
f 389//278 390//278 391//278
f 389//279 391//279 392//279
f 392//280 391//280 393//280
f 392//281 393//281 394//281
f 394//282 393//282 395//282
f 394//283 395//283 396//283
f 394//284 396//284 397//284
f 397//285 396//285 398//285
f 397//286 398//286 399//286
f 399//287 398//287 400//287
f 399//288 400//288 401//288
f 399//289 401//289 402//289
f 402//290 401//290 403//290
f 402//291 403//291 404//291
f 404//292 403//292 405//292
f 404//293 405//293 406//293
f 406//294 405//294 407//294
f 406//295 407//295 408//295
f 406//296 408//296 409//296
f 409//297 408//297 410//297
f 409//298 410//298 411//298
f 411//299 410//299 412//299
f 411//300 412//300 413//300
f 413//301 412//301 414//301
f 413//302 414//302 415//302
f 413//303 415//303 416//303
f 416//304 415//304 417//304
f 416//305 417//305 418//305
f 418//306 417//306 419//306
f 418//307 419//307 420//307
f 418//308 420//308 421//308
f 421//309 420//309 422//309
f 421//310 422//310 423//310
f 423//311 422//311 424//311
f 423//312 424//312 425//312
f 423//313 425//313 426//313
f 426//314 425//314 427//314
f 426//315 427//315 428//315
f 428//316 427//316 429//316
f 428//317 429//317 430//317
f 428//318 430//318 431//318
f 431//319 430//319 432//319
f 431//320 432//320 433//320
f 433//321 432//321 434//321
f 433//322 434//322 435//322
f 435//322 434//322 436//322
f 437//323 438//323 439//323
f 439//324 438//324 440//324
f 439//325 440//325 441//325
f 441//326 440//326 442//326
f 441//326 442//326 443//326
f 443//327 442//327 444//327
f 443//327 444//327 445//327
f 445//328 444//328 446//328
f 445//328 446//328 447//328
f 447//329 446//329 448//329
f 447//329 448//329 449//329
f 449//330 448//330 450//330
f 449//330 450//330 451//330
f 451//331 450//331 452//331
f 451//331 452//331 453//331
f 453//332 452//332 454//332
f 453//332 454//332 455//332
f 455//333 454//333 456//333
f 455//333 456//333 457//333
f 457//334 456//334 458//334
f 457//334 458//334 459//334
f 459//335 458//335 460//335
f 459//335 460//335 461//335
f 461//336 460//336 462//336
f 461//336 462//336 463//336
f 463//337 462//337 464//337
f 463//337 464//337 465//337
f 465//338 464//338 466//338
f 465//338 466//338 467//338
f 467//339 466//339 468//339
f 467//339 468//339 469//339
f 469//340 468//340 470//340
f 469//340 470//340 471//340
f 471//341 470//341 472//341
f 471//341 472//341 473//341
f 473//342 472//342 474//342
f 473//342 474//342 475//342
f 475//343 474//343 476//343
f 475//343 476//343 477//343
f 477//344 476//344 478//344
f 477//344 478//344 479//344
f 479//345 478//345 480//345
f 479//345 480//345 481//345
f 481//346 480//346 482//346
f 481//346 482//346 483//346
f 483//347 482//347 484//347
f 483//347 484//347 485//347
f 485//348 484//348 486//348
f 487//349 488//349 489//349
f 489//350 488//350 490//350
f 489//351 490//351 491//351
f 491//352 490//352 492//352
f 491//353 492//353 493//353
f 493//354 492//354 494//354
f 493//355 494//355 495//355
f 495//356 494//356 496//356
f 495//357 496//357 497//357
f 497//358 496//358 498//358
f 497//359 498//359 499//359
f 499//360 498//360 500//360
f 499//361 500//361 501//361
f 501//362 500//362 502//362
f 501//363 502//363 503//363
f 503//364 502//364 504//364
f 503//365 504//365 505//365
f 505//366 504//366 506//366
f 505//367 506//367 507//367
f 507//368 506//368 508//368
f 507//369 508//369 509//369
f 509//370 508//370 510//370
f 510//371 508//371 511//371
f 510//372 511//372 512//372
f 512//373 511//373 513//373
f 512//374 513//374 514//374
f 514//375 513//375 515//375
f 514//376 515//376 516//376
f 516//377 515//377 517//377
f 516//377 517//377 518//377
f 518//378 517//378 519//378
f 518//378 519//378 520//378
f 520//379 519//379 521//379
f 520//380 521//380 522//380
f 523//381 524//381 525//381
f 525//382 524//382 526//382
f 525//383 526//383 527//383
f 527//384 526//384 528//384
f 527//385 528//385 529//385
f 529//386 528//386 530//386
f 529//387 530//387 531//387
f 531//388 530//388 532//388
f 531//389 532//389 533//389
f 533//390 532//390 534//390
f 533//391 534//391 535//391
f 535//392 534//392 511//392
f 535//393 511//393 536//393
f 524//394 537//394 526//394
f 526//395 537//395 538//395
f 526//384 538//384 528//384
f 528//396 538//396 539//396
f 528//386 539//386 530//386
f 530//397 539//397 540//397
f 530//398 540//398 532//398
f 532//399 540//399 541//399
f 532//400 541//400 534//400
f 534//401 541//401 542//401
f 534//392 542//392 543//392
f 543//402 542//402 544//402
f 537//403 545//403 538//403
f 538//404 545//404 546//404
f 538//396 546//396 539//396
f 539//405 546//405 546//405
f 539//406 546//406 540//406
f 540//407 546//407 547//407
f 540//408 547//408 541//408
f 541//409 547//409 548//409
f 541//401 548//401 542//401
f 542//410 548//410 549//410
f 542//402 549//402 544//402
f 546//411 545//411 546//411
f 546//412 545//412 550//412
f 546//413 550//413 547//413
f 547//414 550//414 551//414
f 547//415 551//415 552//415
f 552//416 551//416 553//416
f 552//417 553//417 554//417
f 551//418 555//418 553//418
f 556//419 557//419 558//419
f 558//420 557//420 559//420
f 558//421 559//421 560//421
f 560//422 559//422 561//422
f 560//423 561//423 562//423
f 562//424 561//424 563//424
f 562//425 563//425 564//425
f 564//426 563//426 565//426
f 564//427 565//427 566//427
f 566//428 565//428 567//428
f 566//429 567//429 568//429
f 568//430 567//430 569//430
f 568//431 569//431 570//431
f 570//432 569//432 571//432
f 570//433 571//433 572//433
f 572//434 571//434 573//434
f 572//435 573//435 574//435
f 574//436 573//436 575//436
f 574//437 575//437 576//437
f 576//438 575//438 577//438
f 576//439 577//439 578//439
f 578//440 577//440 579//440
f 578//441 579//441 580//441
f 580//442 579//442 581//442
f 580//443 581//443 582//443
f 582//444 581//444 583//444
f 582//445 583//445 584//445
f 584//446 583//446 585//446
f 584//447 585//447 586//447
f 586//448 585//448 587//448
f 586//449 587//449 588//449
f 588//450 587//450 589//450
f 588//451 589//451 590//451
f 590//452 589//452 591//452
f 590//453 591//453 592//453
f 592//454 591//454 593//454
f 592//455 593//455 594//455
f 594//456 593//456 595//456
f 594//457 595//457 596//457
f 596//458 595//458 597//458
f 596//459 597//459 598//459
f 598//460 597//460 599//460
f 598//461 599//461 600//461
f 600//462 599//462 601//462
f 600//463 601//463 602//463
f 602//464 601//464 603//464
f 602//465 603//465 604//465
f 604//466 603//466 605//466
f 604//467 605//467 606//467
f 606//468 605//468 607//468
f 606//469 607//469 608//469
f 609//470 610//470 611//470
f 611//471 610//471 612//471
f 611//472 612//472 613//472
f 613//473 612//473 614//473
f 613//474 614//474 615//474
f 615//475 614//475 616//475
f 615//476 616//476 617//476
f 617//477 616//477 618//477
f 617//478 618//478 619//478
f 619//479 618//479 620//479
f 619//480 620//480 621//480
f 621//481 620//481 622//481
f 621//482 622//482 623//482
f 623//483 622//483 624//483
f 623//484 624//484 625//484
f 625//485 624//485 626//485
f 625//486 626//486 627//486
f 627//487 626//487 628//487
f 627//488 628//488 629//488
f 629//489 628//489 630//489
f 629//490 630//490 631//490
f 631//491 630//491 632//491
f 631//492 632//492 633//492
f 633//493 632//493 634//493
f 633//494 634//494 635//494
f 635//495 634//495 636//495
f 635//496 636//496 637//496
f 637//497 636//497 638//497
f 637//498 638//498 639//498
f 639//499 638//499 640//499
f 639//500 640//500 641//500
f 641//501 640//501 642//501
f 641//502 642//502 643//502
f 643//503 642//503 644//503
f 643//504 644//504 645//504
f 645//505 644//505 646//505
f 645//506 646//506 647//506
f 647//507 646//507 648//507
f 647//508 648//508 649//508
f 649//509 648//509 650//509
f 649//510 650//510 651//510
f 651//511 650//511 652//511
f 651//512 652//512 653//512
f 653//513 652//513 654//513
f 653//514 654//514 655//514
f 655//515 654//515 656//515
f 655//516 656//516 657//516
f 658//517 659//517 660//517
f 660//518 659//518 661//518
f 660//519 661//519 662//519
f 662//520 661//520 663//520
f 662//521 663//521 664//521
f 664//522 663//522 665//522
f 664//523 665//523 666//523
f 666//524 665//524 667//524
f 666//525 667//525 668//525
f 668//526 667//526 669//526
f 668//527 669//527 670//527
f 670//528 669//528 671//528
f 670//529 671//529 672//529
f 672//530 671//530 673//530
f 672//531 673//531 674//531
f 674//532 673//532 675//532
f 674//533 675//533 676//533
f 676//534 675//534 677//534
f 676//535 677//535 678//535
f 678//536 677//536 679//536
f 678//537 679//537 680//537
f 680//538 679//538 681//538
f 680//539 681//539 682//539
f 682//540 681//540 683//540
f 682//541 683//541 684//541
f 684//542 683//542 685//542
f 684//543 685//543 686//543
f 686//544 685//544 687//544
f 686//545 687//545 688//545
f 688//546 687//546 689//546
f 688//547 689//547 690//547
f 690//548 689//548 691//548
f 690//549 691//549 692//549
f 692//550 691//550 693//550
f 692//551 693//551 694//551
f 694//552 693//552 695//552
f 694//553 695//553 696//553
f 696//554 695//554 697//554
f 696//555 697//555 698//555
f 698//556 697//556 699//556
f 698//557 699//557 700//557
f 700//558 699//558 701//558
f 700//559 701//559 702//559
f 702//560 701//560 703//560
f 702//561 703//561 704//561
f 704//562 703//562 705//562
f 704//563 705//563 706//563
f 707//564 708//564 709//564
f 709//565 708//565 710//565
f 709//566 710//566 711//566
f 711//567 710//567 712//567
f 711//568 712//568 713//568
f 713//569 712//569 714//569
f 713//570 714//570 715//570
f 715//571 714//571 716//571
f 715//572 716//572 717//572
f 717//573 716//573 718//573
f 717//574 718//574 719//574
f 719//575 718//575 720//575
f 719//576 720//576 721//576
f 721//577 720//577 722//577
f 721//578 722//578 723//578
f 723//579 722//579 724//579
f 723//580 724//580 725//580
f 725//581 724//581 726//581
f 725//582 726//582 727//582
f 727//583 726//583 728//583
f 727//584 728//584 729//584
f 729//585 728//585 730//585
f 729//586 730//586 731//586
f 731//587 730//587 732//587
f 731//588 732//588 733//588
f 733//589 732//589 734//589
f 733//590 734//590 735//590
f 735//591 734//591 736//591
f 735//592 736//592 737//592
f 737//593 736//593 738//593
f 737//594 738//594 739//594
f 739//595 738//595 740//595
f 739//596 740//596 741//596
f 741//597 740//597 742//597
f 741//598 742//598 743//598
f 743//599 742//599 744//599
f 743//600 744//600 745//600
f 745//601 744//601 746//601
f 745//602 746//602 747//602
f 747//603 746//603 748//603
f 747//604 748//604 749//604
f 749//605 748//605 750//605
f 749//606 750//606 751//606
f 751//607 750//607 752//607
f 751//608 752//608 753//608
f 753//609 752//609 754//609
f 753//610 754//610 755//610
f 756//611 757//611 758//611
f 758//612 757//612 759//612
f 758//613 759//613 760//613
f 760//614 759//614 761//614
f 760//615 761//615 762//615
f 762//616 761//616 763//616
f 762//617 763//617 764//617
f 764//618 763//618 765//618
f 764//619 765//619 766//619
f 766//620 765//620 767//620
f 766//621 767//621 768//621
f 768//622 767//622 769//622
f 768//623 769//623 770//623
f 770//624 769//624 771//624
f 770//625 771//625 772//625
f 772//626 771//626 773//626
f 772//627 773//627 774//627
f 774//628 773//628 775//628
f 774//629 775//629 776//629
f 776//630 775//630 777//630
f 776//631 777//631 778//631
f 778//632 777//632 779//632
f 778//633 779//633 780//633
f 780//634 779//634 781//634
f 780//635 781//635 782//635
f 782//636 781//636 783//636
f 782//637 783//637 784//637
f 784//638 783//638 785//638
f 784//639 785//639 786//639
f 786//640 785//640 787//640
f 786//641 787//641 788//641
f 788//642 787//642 789//642
f 788//643 789//643 790//643
f 790//644 789//644 791//644
f 790//645 791//645 792//645
f 792//646 791//646 793//646
f 792//647 793//647 794//647
f 794//648 793//648 795//648
f 794//649 795//649 796//649
f 796//650 795//650 797//650
f 796//651 797//651 798//651
f 798//652 797//652 799//652
f 798//653 799//653 800//653
f 800//654 799//654 801//654
f 800//655 801//655 802//655
f 802//656 801//656 803//656
f 802//657 803//657 804//657
f 805//658 806//658 807//658
f 807//659 806//659 808//659
f 807//660 808//660 809//660
f 809//661 808//661 810//661
f 809//662 810//662 811//662
f 811//663 810//663 812//663
f 811//664 812//664 813//664
f 813//665 812//665 814//665
f 813//666 814//666 815//666
f 815//667 814//667 816//667
f 815//668 816//668 817//668
f 817//669 816//669 818//669
f 817//670 818//670 819//670
f 819//671 818//671 820//671
f 819//672 820//672 821//672
f 821//673 820//673 822//673
f 821//674 822//674 823//674
f 823//675 822//675 824//675
f 823//676 824//676 825//676
f 825//677 824//677 826//677
f 825//678 826//678 827//678
f 827//679 826//679 828//679
f 827//680 828//680 829//680
f 829//681 828//681 830//681
f 829//682 830//682 831//682
f 831//683 830//683 832//683
f 831//684 832//684 833//684
f 833//685 832//685 834//685
f 833//686 834//686 835//686
f 835//687 834//687 836//687
f 835//688 836//688 837//688
f 837//689 836//689 838//689
f 837//690 838//690 839//690
f 839//691 838//691 840//691
f 839//692 840//692 841//692
f 841//693 840//693 842//693
f 841//694 842//694 843//694
f 843//695 842//695 844//695
f 843//696 844//696 845//696
f 845//697 844//697 846//697
f 845//698 846//698 847//698
f 847//699 846//699 848//699
f 847//700 848//700 849//700
f 849//701 848//701 850//701
f 849//702 850//702 851//702
f 851//703 850//703 852//703
f 851//704 852//704 853//704
f 854//705 855//705 856//705
f 856//706 855//706 857//706
f 856//707 857//707 858//707
f 858//708 857//708 859//708
f 858//709 859//709 860//709
f 860//710 859//710 861//710
f 860//711 861//711 862//711
f 862//712 861//712 863//712
f 862//713 863//713 864//713
f 864//714 863//714 865//714
f 864//715 865//715 866//715
f 866//716 865//716 867//716
f 866//717 867//717 868//717
f 868//718 867//718 869//718
f 868//719 869//719 870//719
f 870//720 869//720 871//720
f 870//721 871//721 872//721
f 872//722 871//722 873//722
f 872//723 873//723 874//723
f 874//724 873//724 875//724
f 874//725 875//725 876//725
f 876//726 875//726 877//726
f 876//727 877//727 878//727
f 878//728 877//728 879//728
f 878//729 879//729 880//729
f 880//730 879//730 881//730
f 880//731 881//731 882//731
f 882//732 881//732 883//732
f 882//733 883//733 884//733
f 884//734 883//734 885//734
f 884//735 885//735 886//735
f 886//736 885//736 887//736
f 886//737 887//737 888//737
f 888//738 887//738 889//738
f 888//739 889//739 890//739
f 890//740 889//740 891//740
f 890//741 891//741 892//741
f 892//742 891//742 893//742
f 892//743 893//743 894//743
f 894//744 893//744 895//744
f 894//745 895//745 896//745
f 896//746 895//746 897//746
f 896//747 897//747 898//747
f 898//748 897//748 899//748
f 898//749 899//749 900//749
f 900//750 899//750 901//750
f 900//751 901//751 902//751
f 902//752 901//752 903//752
f 902//753 903//753 904//753
f 904//754 903//754 905//754
f 904//755 905//755 906//755
f 906//756 905//756 907//756
f 906//757 907//757 908//757
f 908//758 907//758 909//758
f 908//759 909//759 910//759
f 911//760 912//760 913//760
f 913//761 912//761 914//761
f 913//762 914//762 915//762
f 915//763 914//763 916//763
f 915//764 916//764 917//764
f 917//765 916//765 918//765
f 917//766 918//766 919//766
f 919//767 918//767 920//767
f 919//768 920//768 921//768
f 921//769 920//769 922//769
f 921//770 922//770 923//770
f 923//771 922//771 924//771
f 923//772 924//772 925//772
f 925//773 924//773 926//773
f 925//774 926//774 927//774
f 927//775 926//775 928//775
f 927//776 928//776 929//776
f 929//777 928//777 930//777
f 929//778 930//778 931//778
f 931//779 930//779 932//779
f 931//780 932//780 933//780
f 933//781 932//781 934//781
f 933//782 934//782 935//782
f 935//783 934//783 936//783
f 935//784 936//784 937//784
f 937//785 936//785 938//785
f 937//786 938//786 939//786
f 940//787 941//787 942//787
f 942//788 941//788 943//788
f 942//789 943//789 944//789
f 944//790 943//790 945//790
f 944//791 945//791 946//791
f 946//792 945//792 947//792
f 946//793 947//793 948//793
f 948//794 947//794 949//794
f 948//795 949//795 950//795
f 950//796 949//796 951//796
f 950//797 951//797 952//797
f 952//798 951//798 953//798
f 952//799 953//799 954//799
f 954//800 953//800 955//800
f 954//801 955//801 956//801
f 956//802 955//802 957//802
f 956//803 957//803 958//803
f 958//804 957//804 959//804
f 958//805 959//805 960//805
f 960//806 959//806 961//806
f 960//807 961//807 962//807
f 962//808 961//808 963//808
f 962//809 963//809 964//809
f 941//810 965//810 943//810
f 943//811 965//811 966//811
f 943//812 966//812 945//812
f 945//813 966//813 967//813
f 945//814 967//814 947//814
f 947//815 967//815 968//815
f 947//816 968//816 949//816
f 949//817 968//817 969//817
f 949//818 969//818 951//818
f 951//819 969//819 970//819
f 951//820 970//820 953//820
f 953//821 970//821 971//821
f 953//822 971//822 955//822
f 955//823 971//823 972//823
f 955//824 972//824 957//824
f 957//825 972//825 973//825
f 957//826 973//826 959//826
f 959//827 973//827 974//827
f 959//828 974//828 961//828
f 961//829 974//829 975//829
f 961//830 975//830 963//830
f 965//831 976//831 966//831
f 966//832 976//832 977//832
f 966//833 977//833 967//833
f 967//834 977//834 978//834
f 967//835 978//835 968//835
f 968//836 978//836 979//836
f 968//837 979//837 969//837
f 969//838 979//838 980//838
f 969//839 980//839 970//839
f 970//840 980//840 981//840
f 970//841 981//841 971//841
f 971//842 981//842 982//842
f 971//843 982//843 972//843
f 972//844 982//844 983//844
f 972//845 983//845 973//845
f 973//846 983//846 984//846
f 973//847 984//847 974//847
f 974//848 984//848 985//848
f 974//849 985//849 986//849
f 976//850 987//850 977//850
f 977//851 987//851 988//851
f 977//852 988//852 978//852
f 978//853 988//853 989//853
f 978//854 989//854 979//854
f 979//855 989//855 990//855
f 979//856 990//856 980//856
f 980//857 990//857 991//857
f 980//858 991//858 981//858
f 981//859 991//859 992//859
f 981//860 992//860 982//860
f 982//861 992//861 993//861
f 982//862 993//862 983//862
f 983//863 993//863 994//863
f 983//864 994//864 984//864
f 984//865 994//865 995//865
f 984//866 995//866 996//866
f 996//867 995//867 997//867
f 997//868 995//868 998//868
f 997//869 998//869 999//869
f 999//870 998//870 1000//870
f 999//871 1000//871 1001//871
f 1001//872 1000//872 1002//872
f 1001//873 1002//873 1003//873
f 1003//874 1002//874 1004//874
f 1003//875 1004//875 1005//875
f 1005//876 1004//876 1006//876
f 1005//877 1006//877 1007//877
f 1007//878 1006//878 1008//878
f 1007//879 1008//879 1009//879
f 1009//880 1008//880 1010//880
f 1009//880 1010//880 1011//880
f 1011//881 1010//881 1012//881
f 1011//881 1012//881 1013//881
f 1013//882 1012//882 1014//882
f 1013//883 1014//883 1015//883
f 1016//884 1017//884 1018//884
f 1018//885 1017//885 1019//885
f 1018//886 1019//886 1020//886
f 1020//887 1019//887 1021//887
f 1020//888 1021//888 1022//888
f 1022//889 1021//889 1023//889
f 1022//890 1023//890 1024//890
f 1024//891 1023//891 1025//891
f 1024//892 1025//892 1026//892
f 1026//893 1025//893 1027//893
f 1026//894 1027//894 1028//894
f 1028//895 1027//895 1029//895
f 1028//896 1029//896 1030//896
f 1030//897 1029//897 1031//897
f 1030//898 1031//898 1032//898
f 1032//899 1031//899 1033//899
f 1032//900 1033//900 1034//900
f 1034//901 1033//901 1008//901
f 1034//902 1008//902 1035//902
f 1025//903 1036//903 1027//903
f 1027//904 1036//904 1029//904
f 1029//905 1036//905 1031//905
f 1031//906 1036//906 1037//906
f 1031//907 1037//907 1038//907
f 1038//908 1037//908 1039//908
f 1038//909 1039//909 1040//909
f 1040//910 1039//910 1014//910
f 1041//911 1042//911 1043//911
f 1043//912 1042//912 1044//912
f 1043//913 1044//913 1045//913
f 1045//914 1044//914 1046//914
f 1045//914 1046//914 1047//914
f 1047//915 1046//915 1048//915
f 1047//915 1048//915 1049//915
f 1049//916 1048//916 1050//916
f 1049//917 1050//917 1051//917
f 1042//918 1041//918 1052//918
f 1052//919 1041//919 1053//919
f 1052//920 1053//920 1054//920
f 1054//921 1053//921 1055//921
f 1054//922 1055//922 1056//922
f 1056//923 1055//923 1057//923
f 1056//924 1057//924 1058//924
f 1058//925 1057//925 1059//925
f 1058//926 1059//926 1060//926
f 1060//927 1059//927 1061//927
f 1060//928 1061//928 1062//928
f 1062//929 1061//929 1063//929
f 1062//930 1063//930 1064//930
f 1064//931 1063//931 1065//931
f 1064//932 1065//932 1066//932
f 1066//933 1065//933 1067//933
f 1066//934 1067//934 1068//934
f 1068//935 1067//935 1069//935
f 1068//936 1069//936 1070//936
f 1070//937 1069//937 1071//937
f 1070//938 1071//938 1072//938
f 1072//939 1071//939 1073//939
f 1072//940 1073//940 1074//940
f 1074//941 1073//941 1075//941
f 1074//942 1075//942 1076//942
f 1076//943 1075//943 1077//943
f 1076//944 1077//944 1078//944
f 1057//945 1079//945 1059//945
f 1059//946 1079//946 1080//946
f 1059//947 1080//947 1061//947
f 1061//948 1080//948 1081//948
f 1061//949 1081//949 1063//949
f 1063//950 1081//950 1082//950
f 1063//951 1082//951 1065//951
f 1065//952 1082//952 1083//952
f 1065//953 1083//953 1067//953
f 1067//954 1083//954 1084//954
f 1067//955 1084//955 1069//955
f 1069//956 1084//956 1085//956
f 1069//957 1085//957 1071//957
f 1071//958 1085//958 1086//958
f 1071//959 1086//959 1073//959
f 1073//960 1086//960 1087//960
f 1073//961 1087//961 1075//961
f 1075//962 1087//962 1088//962
f 1075//963 1088//963 1077//963
f 1079//964 1089//964 1080//964
f 1080//965 1089//965 1090//965
f 1080//966 1090//966 1081//966
f 1081//967 1090//967 1091//967
f 1081//968 1091//968 1082//968
f 1082//969 1091//969 1092//969
f 1082//970 1092//970 1083//970
f 1083//971 1092//971 1093//971
f 1083//972 1093//972 1084//972
f 1084//973 1093//973 1094//973
f 1084//974 1094//974 1085//974
f 1085//975 1094//975 1095//975
f 1085//976 1095//976 1086//976
f 1086//977 1095//977 1096//977
f 1086//978 1096//978 1087//978
f 1087//979 1096//979 1097//979
f 1087//980 1097//980 1088//980
f 1089//981 1098//981 1090//981
f 1090//982 1098//982 1099//982
f 1090//983 1099//983 1091//983
f 1091//984 1099//984 1100//984
f 1091//985 1100//985 1092//985
f 1092//986 1100//986 1101//986
f 1092//987 1101//987 1093//987
f 1093//988 1101//988 1102//988
f 1093//989 1102//989 1094//989
f 1094//990 1102//990 1103//990
f 1094//991 1103//991 1095//991
f 1095//992 1103//992 1104//992
f 1095//993 1104//993 1096//993
f 1096//994 1104//994 1105//994
f 1096//995 1105//995 1097//995
f 1098//996 1106//996 1099//996
f 1099//997 1106//997 1107//997
f 1099//984 1107//984 1100//984
f 1100//998 1107//998 1108//998
f 1100//986 1108//986 1101//986
f 1101//999 1108//999 1109//999
f 1101//988 1109//988 1102//988
f 1102//1000 1109//1000 1110//1000
f 1102//990 1110//990 1103//990
f 1103//1001 1110//1001 1111//1001
f 1103//992 1111//992 1104//992
f 1104//1002 1111//1002 1112//1002
f 1104//994 1112//994 1105//994
f 1106//1003 1113//1003 1107//1003
f 1107//1004 1113//1004 1114//1004
f 1107//998 1114//998 1108//998
f 1108//1005 1114//1005 1115//1005
f 1108//999 1115//999 1109//999
f 1109//1006 1115//1006 1116//1006
f 1109//1000 1116//1000 1110//1000
f 1110//1007 1116//1007 1117//1007
f 1110//1001 1117//1001 1111//1001
f 1111//1008 1117//1008 1118//1008
f 1111//1002 1118//1002 1112//1002
f 1114//1009 1113//1009 1119//1009
f 1119//1010 1113//1010 1120//1010
f 1119//1011 1120//1011 1121//1011
f 1121//1012 1120//1012 1122//1012
f 1121//1013 1122//1013 1123//1013
f 1123//1014 1122//1014 1124//1014
f 1123//1015 1124//1015 1125//1015
f 1125//1016 1124//1016 1126//1016
f 1127//1017 1128//1017 1129//1017
f 1130//1018 1131//1018 1132//1018
f 1132//1019 1131//1019 1133//1019
f 1132//1020 1133//1020 1134//1020
f 1134//1021 1133//1021 1135//1021
f 1130//1022 1136//1022 1131//1022
f 1131//1023 1136//1023 1137//1023
f 1131//1024 1137//1024 1133//1024
f 1137//1025 1136//1025 1138//1025
f 1138//1026 1136//1026 1139//1026
f 1138//1027 1139//1027 1140//1027
f 1141//1028 1142//1028 1140//1028
f 1140//1029 1142//1029 1143//1029
f 1140//1030 1143//1030 1138//1030
f 1138//1031 1143//1031 1144//1031
f 1138//1032 1144//1032 1137//1032
f 1142//1033 1141//1033 1145//1033
f 1145//1034 1141//1034 1146//1034
f 1145//1035 1146//1035 1147//1035
f 1145//1036 1147//1036 1148//1036
f 1148//1037 1147//1037 1149//1037
f 1148//1038 1149//1038 1150//1038
f 1150//1039 1149//1039 1151//1039
f 1150//1040 1151//1040 1152//1040
f 1152//1041 1151//1041 1153//1041
f 1152//1042 1153//1042 1154//1042
f 1154//1042 1153//1042 1155//1042
f 1154//1043 1155//1043 1156//1043
f 1156//1043 1155//1043 1157//1043
f 1156//1044 1157//1044 1158//1044
f 1158//1044 1157//1044 1159//1044
f 1158//1045 1159//1045 1160//1045
f 1160//1045 1159//1045 1161//1045
f 1160//1046 1161//1046 1162//1046
f 1162//1046 1161//1046 1163//1046
f 1162//1047 1163//1047 1164//1047
f 1164//1047 1163//1047 1165//1047
f 1164//1048 1165//1048 1166//1048
f 1166//1048 1165//1048 1167//1048
f 1166//1049 1167//1049 1168//1049
f 1168//1049 1167//1049 1169//1049
f 1168//1050 1169//1050 1170//1050
f 1170//1050 1169//1050 1171//1050
f 1170//1051 1171//1051 1172//1051
f 1172//1051 1171//1051 1173//1051
f 1172//1052 1173//1052 1174//1052
f 1174//1052 1173//1052 1175//1052
f 1151//1053 1176//1053 1153//1053
f 1153//1054 1176//1054 1155//1054
f 1176//1055 1177//1055 1155//1055
f 1155//1056 1177//1056 1178//1056
f 1155//1057 1178//1057 1157//1057
f 1157//1057 1178//1057 1179//1057
f 1157//1058 1179//1058 1159//1058
f 1159//1058 1179//1058 1180//1058
f 1159//1059 1180//1059 1161//1059
f 1161//1059 1180//1059 1181//1059
f 1161//1060 1181//1060 1163//1060
f 1163//1060 1181//1060 1182//1060
f 1163//1061 1182//1061 1165//1061
f 1165//1061 1182//1061 1183//1061
f 1165//1062 1183//1062 1167//1062
f 1167//1062 1183//1062 1184//1062
f 1167//1063 1184//1063 1169//1063
f 1169//1063 1184//1063 1185//1063
f 1169//1064 1185//1064 1171//1064
f 1171//1064 1185//1064 1186//1064
f 1171//1065 1186//1065 1173//1065
f 1173//1065 1186//1065 1187//1065
f 1173//1066 1187//1066 1175//1066
f 1175//1066 1187//1066 1188//1066
f 1177//1067 1189//1067 1178//1067
f 1178//1068 1189//1068 1179//1068
f 1179//1069 1189//1069 1190//1069
f 1190//1070 1189//1070 1191//1070
f 1190//1071 1191//1071 1192//1071
f 1193//1072 1194//1072 1192//1072
f 1192//1073 1194//1073 1195//1073
f 1192//1074 1195//1074 1190//1074
f 1190//1075 1195//1075 1180//1075
f 1190//1075 1180//1075 1179//1075
f 1194//1076 1193//1076 1196//1076
f 1196//1077 1193//1077 1197//1077
f 1196//1078 1197//1078 1198//1078
f 1198//1079 1197//1079 1199//1079
f 1198//1080 1199//1080 1200//1080
f 1198//1081 1200//1081 1201//1081
f 1201//1082 1200//1082 1202//1082
f 1201//1083 1202//1083 1203//1083
f 1203//1084 1202//1084 1204//1084
f 1203//1085 1204//1085 1205//1085
f 1205//1086 1204//1086 1206//1086
f 1205//1087 1206//1087 1207//1087
f 1207//1088 1206//1088 1208//1088
f 1207//1089 1208//1089 1209//1089
f 1209//1090 1208//1090 1210//1090
f 1209//1091 1210//1091 1211//1091
f 1204//1092 1212//1092 1206//1092
f 1206//1093 1212//1093 1208//1093
f 1213//1094 1214//1094 1211//1094
f 1211//1095 1214//1095 1215//1095
f 1211//1096 1215//1096 1209//1096
f 1209//1097 1215//1097 1207//1097
f 1213//1098 1216//1098 1214//1098
f 1214//1099 1216//1099 1217//1099
f 1214//1100 1217//1100 1218//1100
f 1218//1101 1217//1101 1219//1101
f 1218//1101 1219//1101 1220//1101
f 1220//1102 1219//1102 1221//1102
f 1220//1102 1221//1102 1222//1102
f 1217//1103 1216//1103 1223//1103
f 1223//1104 1216//1104 1224//1104
f 1223//1105 1224//1105 1225//1105
f 1225//1106 1224//1106 1226//1106
f 1225//1107 1226//1107 1227//1107
f 1225//1108 1227//1108 1228//1108
f 1228//1109 1227//1109 1229//1109
f 1230//1110 1231//1110 1232//1110
f 1232//1111 1231//1111 1233//1111
f 1234//1112 1235//1112 1236//1112
f 1236//1113 1235//1113 1237//1113
f 1236//1114 1237//1114 1234//1114
f 1238//1115 1239//1115 1240//1115
f 1240//1116 1239//1116 1241//1116
f 1240//1117 1241//1117 1242//1117
f 1242//1118 1241//1118 1243//1118
f 1242//1119 1243//1119 1244//1119
f 1244//1120 1243//1120 1245//1120
f 1244//1121 1245//1121 1246//1121
f 1246//1122 1245//1122 1247//1122
f 1246//1123 1247//1123 1248//1123
f 1248//1124 1247//1124 1249//1124
f 1248//1125 1249//1125 1250//1125
f 1250//1126 1249//1126 1251//1126
f 1250//1127 1251//1127 1252//1127
f 1245//1128 1253//1128 1247//1128
f 1247//1129 1253//1129 1249//1129
f 1254//1130 1255//1130 1252//1130
f 1252//1131 1255//1131 1256//1131
f 1252//1132 1256//1132 1250//1132
f 1250//1133 1256//1133 1248//1133
f 1254//1134 1257//1134 1255//1134
f 1255//1135 1257//1135 1258//1135
f 1255//1136 1258//1136 1259//1136
f 1259//1137 1258//1137 1260//1137
f 1258//1138 1257//1138 1261//1138
f 1261//1139 1257//1139 1262//1139
f 1261//1140 1262//1140 1263//1140
f 1263//1141 1262//1141 1264//1141
f 1263//1142 1264//1142 1265//1142
f 1263//1143 1265//1143 1266//1143
f 1266//1144 1265//1144 1267//1144
f 1266//1145 1267//1145 1268//1145
f 1268//1146 1267//1146 1269//1146
f 1270//1147 1271//1147 1272//1147
f 1272//1148 1271//1148 1273//1148
f 1272//1149 1273//1149 1274//1149
f 1275//1150 1276//1150 1274//1150
f 1274//1151 1276//1151 1277//1151
f 1274//1152 1277//1152 1272//1152
f 1272//1153 1277//1153 1270//1153
f 1278//1154 1279//1154 1275//1154
f 1275//1155 1279//1155 1280//1155
f 1275//1156 1280//1156 1276//1156
f 1276//1157 1280//1157 1281//1157
f 1276//1158 1281//1158 1277//1158
f 1277//1159 1281//1159 1282//1159
f 1277//1160 1282//1160 1283//1160
f 1283//1161 1282//1161 1284//1161
f 1285//1162 1286//1162 1278//1162
f 1278//1163 1286//1163 1280//1163
f 1278//1164 1280//1164 1279//1164
f 1285//1165 1287//1165 1286//1165
f 1286//1166 1287//1166 1288//1166
f 1286//1167 1288//1167 1289//1167
f 1289//1167 1288//1167 1290//1167
f 1289//1168 1290//1168 1291//1168
f 1291//1168 1290//1168 1292//1168
f 1291//1169 1292//1169 1293//1169
f 1293//1169 1292//1169 1294//1169
f 1293//1170 1294//1170 1295//1170
f 1295//1170 1294//1170 1296//1170
f 1295//1171 1296//1171 1297//1171
f 1297//1171 1296//1171 1298//1171
f 1297//1172 1298//1172 1299//1172
f 1299//1172 1298//1172 1300//1172
f 1299//1173 1300//1173 1301//1173
f 1301//1173 1300//1173 1302//1173
f 1301//1174 1302//1174 1303//1174
f 1303//1174 1302//1174 1304//1174
f 1303//1175 1304//1175 1305//1175
f 1305//1175 1304//1175 1306//1175
f 1287//1176 1307//1176 1288//1176
f 1288//1177 1307//1177 1308//1177
f 1288//1178 1308//1178 1290//1178
f 1290//1178 1308//1178 1309//1178
f 1290//1179 1309//1179 1292//1179
f 1292//1179 1309//1179 1310//1179
f 1292//1180 1310//1180 1294//1180
f 1294//1180 1310//1180 1311//1180
f 1294//1181 1311//1181 1296//1181
f 1296//1181 1311//1181 1312//1181
f 1296//1182 1312//1182 1298//1182
f 1298//1182 1312//1182 1313//1182
f 1298//1183 1313//1183 1300//1183
f 1300//1183 1313//1183 1314//1183
f 1300//1184 1314//1184 1302//1184
f 1302//1184 1314//1184 1315//1184
f 1302//1185 1315//1185 1304//1185
f 1304//1185 1315//1185 1316//1185
f 1304//1186 1316//1186 1306//1186
f 1306//1186 1316//1186 1317//1186
f 1307//1187 1318//1187 1308//1187
f 1308//1188 1318//1188 1319//1188
f 1308//1189 1319//1189 1309//1189
f 1309//1189 1319//1189 1320//1189
f 1309//1190 1320//1190 1310//1190
f 1310//1190 1320//1190 1321//1190
f 1310//1191 1321//1191 1311//1191
f 1311//1191 1321//1191 1322//1191
f 1311//1192 1322//1192 1312//1192
f 1312//1192 1322//1192 1323//1192
f 1312//1193 1323//1193 1313//1193
f 1313//1193 1323//1193 1324//1193
f 1313//1194 1324//1194 1314//1194
f 1314//1194 1324//1194 1325//1194
f 1314//1195 1325//1195 1315//1195
f 1315//1195 1325//1195 1326//1195
f 1315//1196 1326//1196 1316//1196
f 1316//1196 1326//1196 1327//1196
f 1316//1197 1327//1197 1317//1197
f 1317//1197 1327//1197 1328//1197
f 1319//1198 1318//1198 1329//1198
f 1329//1199 1318//1199 1330//1199
f 1329//1200 1330//1200 1331//1200
f 1332//1201 1333//1201 1331//1201
f 1331//1202 1333//1202 1334//1202
f 1331//1203 1334//1203 1329//1203
f 1329//1204 1334//1204 1319//1204
f 1332//1205 1335//1205 1333//1205
f 1333//1206 1335//1206 1336//1206
f 1333//1207 1336//1207 1334//1207
f 1334//1207 1336//1207 1337//1207
f 1334//1208 1337//1208 1338//1208
f 1338//1208 1337//1208 1339//1208
f 1338//1209 1339//1209 1340//1209
f 1340//1209 1339//1209 1341//1209
f 1340//1210 1341//1210 1342//1210
f 1342//1210 1341//1210 1343//1210
f 1342//1211 1343//1211 1344//1211
f 1344//1211 1343//1211 1345//1211
f 1344//1212 1345//1212 1346//1212
f 1346//1212 1345//1212 1347//1212
f 1346//1213 1347//1213 1348//1213
f 1348//1213 1347//1213 1349//1213
f 1348//1214 1349//1214 1350//1214
f 1350//1214 1349//1214 1351//1214
f 1350//1215 1351//1215 1352//1215
f 1352//1215 1351//1215 1353//1215
f 1352//1216 1353//1216 1354//1216
f 1354//1216 1353//1216 1355//1216
f 1354//1217 1355//1217 1356//1217
f 1356//1217 1355//1217 1357//1217
f 1336//1218 1335//1218 1358//1218
f 1358//1219 1335//1219 1359//1219
f 1358//1220 1359//1220 1360//1220
f 1361//1221 1362//1221 1360//1221
f 1360//1222 1362//1222 1363//1222
f 1360//1223 1363//1223 1358//1223
f 1358//1224 1363//1224 1364//1224
f 1358//1225 1364//1225 1365//1225
f 1365//1225 1364//1225 1366//1225
f 1365//1226 1366//1226 1367//1226
f 1367//1226 1366//1226 1368//1226
f 1367//1227 1368//1227 1369//1227
f 1369//1227 1368//1227 1370//1227
f 1369//1228 1370//1228 1371//1228
f 1371//1228 1370//1228 1372//1228
f 1371//1229 1372//1229 1373//1229
f 1373//1229 1372//1229 1374//1229
f 1373//1230 1374//1230 1375//1230
f 1375//1230 1374//1230 1376//1230
f 1375//1231 1376//1231 1377//1231
f 1377//1231 1376//1231 1378//1231
f 1377//1232 1378//1232 1379//1232
f 1379//1232 1378//1232 1380//1232
f 1379//1233 1380//1233 1381//1233
f 1381//1233 1380//1233 1382//1233
f 1381//1234 1382//1234 1383//1234
f 1383//1234 1382//1234 1384//1234
f 1383//1235 1384//1235 1385//1235
f 1385//1235 1384//1235 1386//1235
f 1385//1236 1386//1236 1387//1236
f 1387//1236 1386//1236 1388//1236
f 1362//1237 1389//1237 1390//1237
f 1390//1238 1389//1238 1391//1238
f 1390//1239 1391//1239 1392//1239
f 1390//1240 1392//1240 1393//1240
f 1393//1241 1392//1241 1394//1241
f 1393//1242 1394//1242 1395//1242
f 1395//1243 1394//1243 1396//1243
f 1395//1244 1396//1244 1397//1244
f 1397//1245 1396//1245 1398//1245
f 1397//1246 1398//1246 1399//1246
f 1399//1246 1398//1246 1400//1246
f 1399//1247 1400//1247 1401//1247
f 1401//1247 1400//1247 1402//1247
f 1401//1248 1402//1248 1403//1248
f 1403//1248 1402//1248 1404//1248
f 1403//1249 1404//1249 1405//1249
f 1405//1249 1404//1249 1406//1249
f 1405//1250 1406//1250 1407//1250
f 1407//1250 1406//1250 1408//1250
f 1407//1251 1408//1251 1409//1251
f 1409//1251 1408//1251 1410//1251
f 1409//1252 1410//1252 1411//1252
f 1411//1252 1410//1252 1412//1252
f 1411//1253 1412//1253 1413//1253
f 1413//1253 1412//1253 1414//1253
f 1413//1254 1414//1254 1415//1254
f 1415//1254 1414//1254 1416//1254
f 1415//1255 1416//1255 1417//1255
f 1417//1255 1416//1255 1418//1255
f 1417//1256 1418//1256 1419//1256
f 1419//1256 1418//1256 1420//1256
f 1419//1257 1420//1257 1421//1257
f 1396//1258 1422//1258 1398//1258
f 1398//1259 1422//1259 1400//1259
f 1422//1260 1423//1260 1400//1260
f 1400//1261 1423//1261 1424//1261
f 1400//1262 1424//1262 1402//1262
f 1402//1262 1424//1262 1425//1262
f 1402//1263 1425//1263 1404//1263
f 1404//1263 1425//1263 1426//1263
f 1404//1264 1426//1264 1406//1264
f 1406//1264 1426//1264 1427//1264
f 1406//1265 1427//1265 1408//1265
f 1408//1265 1427//1265 1428//1265
f 1408//1266 1428//1266 1410//1266
f 1410//1266 1428//1266 1429//1266
f 1410//1267 1429//1267 1412//1267
f 1412//1267 1429//1267 1430//1267
f 1412//1268 1430//1268 1414//1268
f 1414//1268 1430//1268 1431//1268
f 1414//1269 1431//1269 1416//1269
f 1416//1269 1431//1269 1432//1269
f 1416//1270 1432//1270 1418//1270
f 1418//1270 1432//1270 1433//1270
f 1418//1271 1433//1271 1420//1271
f 1423//1272 1434//1272 1424//1272
f 1424//1273 1434//1273 1425//1273
f 1425//1274 1434//1274 1435//1274
f 1435//1275 1434//1275 1436//1275
f 1435//1276 1436//1276 1437//1276
f 1438//1277 1439//1277 1437//1277
f 1437//1278 1439//1278 1440//1278
f 1437//1279 1440//1279 1435//1279
f 1435//1280 1440//1280 1426//1280
f 1435//1280 1426//1280 1425//1280
f 1439//1281 1438//1281 1441//1281
f 1441//1282 1438//1282 1442//1282
f 1441//1283 1442//1283 1443//1283
f 1444//1284 1445//1284 1446//1284
f 1446//1285 1445//1285 1447//1285
f 1447//1286 1445//1286 1448//1286
f 1448//1287 1445//1287 1449//1287
f 1449//1288 1445//1288 1450//1288
f 1450//1289 1445//1289 1451//1289
f 1451//1290 1445//1290 1452//1290
f 1452//1291 1445//1291 1453//1291
f 1453//1292 1445//1292 1454//1292
f 1455//1293 1445//1293 1456//1293
f 1456//1294 1445//1294 1457//1294
f 1457//1295 1445//1295 1458//1295
f 1458//1296 1445//1296 1459//1296
f 1459//1297 1445//1297 1460//1297
f 1461//1298 1445//1298 1462//1298
f 1462//1299 1445//1299 1463//1299
f 1463//1300 1445//1300 1464//1300
f 1464//1301 1445//1301 1465//1301
f 1465//1302 1445//1302 1466//1302
f 1466//1303 1445//1303 1467//1303
f 1467//1304 1445//1304 1468//1304
f 1468//1305 1445//1305 1469//1305
f 1469//1306 1445//1306 1470//1306
f 1470//1307 1445//1307 1471//1307
f 1471//1308 1445//1308 1472//1308
f 1472//1309 1473//1309 1474//1309
f 1474//1310 1473//1310 1475//1310
f 1475//1311 1473//1311 1476//1311
f 1476//1312 1473//1312 1477//1312
f 1477//1313 1473//1313 1478//1313
f 1478//1314 1473//1314 1479//1314
f 1479//1315 1473//1315 1480//1315
f 1481//1316 1473//1316 1482//1316
f 1482//1317 1473//1317 1483//1317
f 1483//1318 1473//1318 1484//1318
f 1484//1319 1473//1319 1485//1319
f 1485//1320 1473//1320 1486//1320
f 1486//1321 1473//1321 1487//1321
f 1487//1322 1473//1322 1488//1322
f 1488//1323 1473//1323 1489//1323
f 1489//1324 1473//1324 1490//1324
f 1490//1325 1473//1325 1491//1325
f 1491//1326 1473//1326 1492//1326
f 1492//1327 1473//1327 1493//1327
f 1493//1328 1473//1328 1494//1328
f 1494//1329 1473//1329 1495//1329
f 1495//1330 1473//1330 1496//1330
f 1496//1331 1473//1331 1497//1331
f 1497//1332 1473//1332 1498//1332
f 1498//1333 1473//1333 1499//1333
f 1499//1334 1473//1334 1500//1334
f 1501//1335 1502//1335 1503//1335
f 1503//1335 1502//1335 1504//1335
f 1503//1336 1504//1336 1505//1336
f 1505//1336 1504//1336 1506//1336
f 1505//1337 1506//1337 1507//1337
f 1507//1337 1506//1337 1508//1337
f 1507//1338 1508//1338 1509//1338
f 1509//1338 1508//1338 1510//1338
f 1509//1339 1510//1339 1511//1339
f 1511//1339 1510//1339 1512//1339
f 1511//1340 1512//1340 1513//1340
f 1514//1341 1501//1341 1515//1341
f 1515//1341 1501//1341 1503//1341
f 1515//1342 1503//1342 1516//1342
f 1516//1342 1503//1342 1505//1342
f 1516//1343 1505//1343 1517//1343
f 1517//1343 1505//1343 1507//1343
f 1517//1344 1507//1344 1518//1344
f 1518//1344 1507//1344 1509//1344
f 1518//1345 1509//1345 1519//1345
f 1519//1345 1509//1345 1511//1345
f 1519//1346 1511//1346 1520//1346
f 1520//1346 1511//1346 1513//1346
f 1520//1347 1513//1347 1521//1347
f 1522//1348 1514//1348 1523//1348
f 1523//1348 1514//1348 1515//1348
f 1523//1349 1515//1349 1524//1349
f 1524//1349 1515//1349 1516//1349
f 1524//1350 1516//1350 1525//1350
f 1525//1350 1516//1350 1517//1350
f 1525//1351 1517//1351 1526//1351
f 1526//1351 1517//1351 1518//1351
f 1526//1352 1518//1352 1527//1352
f 1527//1352 1518//1352 1519//1352
f 1527//1353 1519//1353 1528//1353
f 1528//1353 1519//1353 1520//1353
f 1528//1354 1520//1354 1529//1354
f 1529//1354 1520//1354 1521//1354
f 1529//1355 1521//1355 1530//1355
f 1531//1356 1522//1356 1532//1356
f 1532//1356 1522//1356 1523//1356
f 1532//1357 1523//1357 1533//1357
f 1533//1357 1523//1357 1524//1357
f 1533//1358 1524//1358 1534//1358
f 1534//1358 1524//1358 1525//1358
f 1534//1359 1525//1359 1535//1359
f 1535//1359 1525//1359 1526//1359
f 1535//1360 1526//1360 1536//1360
f 1536//1360 1526//1360 1527//1360
f 1536//1361 1527//1361 1537//1361
f 1537//1361 1527//1361 1528//1361
f 1537//1362 1528//1362 1538//1362
f 1538//1362 1528//1362 1529//1362
f 1538//1363 1529//1363 1539//1363
f 1539//1363 1529//1363 1530//1363
f 1539//1364 1530//1364 1540//1364
f 1541//1365 1531//1365 1542//1365
f 1542//1365 1531//1365 1532//1365
f 1542//1366 1532//1366 1543//1366
f 1543//1366 1532//1366 1533//1366
f 1543//1367 1533//1367 1544//1367
f 1544//1367 1533//1367 1534//1367
f 1544//1368 1534//1368 1545//1368
f 1545//1368 1534//1368 1535//1368
f 1545//1369 1535//1369 1546//1369
f 1546//1369 1535//1369 1536//1369
f 1546//1370 1536//1370 1547//1370
f 1547//1370 1536//1370 1537//1370
f 1547//1371 1537//1371 1548//1371
f 1548//1371 1537//1371 1538//1371
f 1548//1372 1538//1372 1549//1372
f 1549//1372 1538//1372 1539//1372
f 1549//1373 1539//1373 1550//1373
f 1550//1373 1539//1373 1540//1373
f 1551//1374 1541//1374 1552//1374
f 1552//1374 1541//1374 1542//1374
f 1552//1375 1542//1375 1553//1375
f 1553//1375 1542//1375 1543//1375
f 1553//1376 1543//1376 1554//1376
f 1554//1376 1543//1376 1544//1376
f 1554//1377 1544//1377 1555//1377
f 1555//1377 1544//1377 1545//1377
f 1555//1378 1545//1378 1556//1378
f 1556//1378 1545//1378 1546//1378
f 1556//1379 1546//1379 1557//1379
f 1557//1379 1546//1379 1547//1379
f 1557//1380 1547//1380 1558//1380
f 1558//1380 1547//1380 1548//1380
f 1558//1381 1548//1381 1559//1381
f 1559//1381 1548//1381 1549//1381
f 1559//1382 1549//1382 1560//1382
f 1560//1382 1549//1382 1550//1382
f 1561//1383 1562//1383 1563//1383
f 1563//1384 1551//1384 1564//1384
f 1564//1384 1551//1384 1552//1384
f 1564//1385 1552//1385 1565//1385
f 1565//1385 1552//1385 1553//1385
f 1565//1386 1553//1386 1566//1386
f 1566//1386 1553//1386 1554//1386
f 1566//1387 1554//1387 1567//1387
f 1567//1387 1554//1387 1555//1387
f 1567//1388 1555//1388 1568//1388
f 1568//1388 1555//1388 1556//1388
f 1568//1389 1556//1389 1569//1389
f 1569//1389 1556//1389 1557//1389
f 1569//1390 1557//1390 1570//1390
f 1570//1390 1557//1390 1558//1390
f 1570//1391 1558//1391 1571//1391
f 1571//1391 1558//1391 1559//1391
f 1571//1392 1559//1392 1572//1392
f 1572//1392 1559//1392 1560//1392
f 1573//1393 1574//1393 1575//1393
f 1573//1393 1575//1393 1576//1393
f 1577//1394 1578//1394 1579//1394
f 1579//1394 1578//1394 1580//1394
f 1579//1395 1580//1395 1581//1395
f 1581//1395 1580//1395 1582//1395
f 1581//1396 1582//1396 1583//1396
f 1583//1396 1582//1396 1584//1396
f 1583//1397 1584//1397 1585//1397
f 1585//1397 1584//1397 1586//1397
f 1585//1398 1586//1398 1587//1398
f 1587//1398 1586//1398 1588//1398
f 1587//1399 1588//1399 1589//1399
f 1589//1399 1588//1399 1590//1399
f 1589//1400 1590//1400 1591//1400
f 1591//1400 1590//1400 1592//1400
f 1591//1401 1592//1401 1593//1401
f 1593//1401 1592//1401 1594//1401
f 1593//1402 1594//1402 1595//1402
f 1595//1402 1594//1402 1596//1402
f 1595//1403 1596//1403 1597//1403
f 1597//1403 1596//1403 1598//1403
f 1597//1404 1598//1404 1599//1404
f 1599//1404 1598//1404 1600//1404
f 1599//1405 1600//1405 1601//1405
f 1601//1405 1600//1405 1602//1405
f 1601//1406 1602//1406 1603//1406
f 1603//1406 1602//1406 1604//1406
f 1603//1407 1604//1407 1605//1407
f 1605//1407 1604//1407 1606//1407
f 1605//1408 1606//1408 1607//1408
f 1607//1408 1606//1408 1608//1408
f 1607//1409 1608//1409 1609//1409
f 1609//1409 1608//1409 1610//1409
f 1609//1410 1610//1410 1611//1410
f 1611//1410 1610//1410 1612//1410
f 1611//1411 1612//1411 1613//1411
f 1613//1411 1612//1411 1614//1411
f 1613//1412 1614//1412 1615//1412
f 1615//1412 1614//1412 1616//1412
f 1615//1413 1616//1413 1617//1413
f 1617//1413 1616//1413 1618//1413
f 1617//1414 1618//1414 1619//1414
f 1619//1414 1618//1414 1620//1414
f 1619//1415 1620//1415 1621//1415
f 1621//1415 1620//1415 1622//1415
f 1621//1416 1622//1416 1623//1416
f 1623//1416 1622//1416 1624//1416
f 1623//1417 1624//1417 1625//1417
f 1625//1417 1624//1417 1626//1417
f 1625//1418 1626//1418 1627//1418
f 1627//1418 1626//1418 1628//1418
f 1627//1419 1628//1419 1629//1419
f 1629//1419 1628//1419 1630//1419
f 1629//1420 1630//1420 1631//1420
f 1631//1420 1630//1420 1632//1420
f 1631//1421 1632//1421 1633//1421
f 1633//1421 1632//1421 1634//1421
f 1633//1422 1634//1422 1635//1422
f 1635//1422 1634//1422 1636//1422
f 1635//1423 1636//1423 1637//1423
f 1637//1423 1636//1423 1638//1423
f 1637//1424 1638//1424 1639//1424
f 1640//1425 1641//1425 1642//1425
f 1642//1425 1641//1425 1643//1425
f 1642//1426 1643//1426 1644//1426
f 1644//1426 1643//1426 1645//1426
f 1644//1427 1645//1427 1646//1427
f 1646//1427 1645//1427 1647//1427
f 1646//1428 1647//1428 1648//1428
f 1648//1428 1647//1428 1649//1428
f 1648//1429 1649//1429 1650//1429
f 1650//1429 1649//1429 1651//1429
f 1650//1430 1651//1430 1652//1430
f 1652//1430 1651//1430 1653//1430
f 1652//1431 1653//1431 1654//1431
f 1654//1431 1653//1431 1655//1431
f 1654//1432 1655//1432 1656//1432
f 1656//1432 1655//1432 1657//1432
f 1656//1433 1657//1433 1658//1433
f 1658//1433 1657//1433 1659//1433
f 1658//1434 1659//1434 1660//1434
f 1660//1434 1659//1434 1661//1434
f 1660//1435 1661//1435 1662//1435
f 1662//1435 1661//1435 1663//1435
f 1662//1436 1663//1436 1664//1436
f 1664//1436 1663//1436 1665//1436
f 1664//1437 1665//1437 1666//1437
f 1666//1437 1665//1437 1667//1437
f 1666//1438 1667//1438 1668//1438
f 1668//1438 1667//1438 1669//1438
f 1668//1439 1669//1439 1670//1439
f 1670//1439 1669//1439 1671//1439
f 1670//1440 1671//1440 1672//1440
f 1672//1440 1671//1440 1673//1440
f 1672//1441 1673//1441 1674//1441
f 1674//1441 1673//1441 1675//1441
f 1674//1442 1675//1442 1676//1442
f 1676//1442 1675//1442 1677//1442
f 1676//1443 1677//1443 1678//1443
f 1678//1443 1677//1443 1679//1443
f 1678//1444 1679//1444 1680//1444
f 1680//1444 1679//1444 1681//1444
f 1680//1445 1681//1445 1682//1445
f 1682//1445 1681//1445 1683//1445
f 1682//1446 1683//1446 1684//1446
f 1684//1446 1683//1446 1685//1446
f 1684//1447 1685//1447 1686//1447
f 1686//1447 1685//1447 1687//1447
f 1686//1448 1687//1448 1688//1448
f 1688//1448 1687//1448 1689//1448
f 1688//1449 1689//1449 1690//1449
f 1690//1449 1689//1449 1691//1449
f 1690//1450 1691//1450 1692//1450
f 1692//1450 1691//1450 1693//1450
f 1692//1451 1693//1451 1694//1451
f 1694//1451 1693//1451 1695//1451
f 1694//1452 1695//1452 1696//1452
f 1696//1452 1695//1452 1697//1452
f 1696//1453 1697//1453 1698//1453
f 1698//1453 1697//1453 1699//1453
f 1698//1454 1699//1454 1700//1454
f 1700//1454 1699//1454 1701//1454
f 1700//1455 1701//1455 1702//1455
f 1702//1455 1701//1455 1703//1455
f 1702//1456 1703//1456 1704//1456
f 1705//1457 1706//1457 1707//1457
f 1707//1457 1706//1457 1708//1457
f 1707//1458 1708//1458 1709//1458
f 1709//1458 1708//1458 1710//1458
f 1709//1459 1710//1459 1711//1459
f 1711//1459 1710//1459 1712//1459
f 1711//1460 1712//1460 1713//1460
f 1713//1460 1712//1460 1714//1460
f 1713//1461 1714//1461 1715//1461
f 1715//1461 1714//1461 1716//1461
f 1715//1462 1716//1462 1717//1462
f 1717//1462 1716//1462 1718//1462
f 1717//1463 1718//1463 1719//1463
f 1719//1463 1718//1463 1720//1463
f 1719//1464 1720//1464 1721//1464
f 1721//1464 1720//1464 1722//1464
f 1721//1465 1722//1465 1723//1465
f 1723//1465 1722//1465 1724//1465
f 1723//1466 1724//1466 1725//1466
f 1725//1466 1724//1466 1726//1466
f 1725//1467 1726//1467 1727//1467
f 1727//1467 1726//1467 1728//1467
f 1727//1468 1728//1468 1729//1468
f 1729//1468 1728//1468 1730//1468
f 1729//1469 1730//1469 1731//1469
f 1731//1469 1730//1469 1732//1469
f 1731//1470 1732//1470 1733//1470
f 1733//1470 1732//1470 1734//1470
f 1733//1471 1734//1471 1735//1471
f 1735//1471 1734//1471 1736//1471
f 1735//1472 1736//1472 1737//1472
f 1737//1472 1736//1472 1738//1472
f 1737//1473 1738//1473 1739//1473
f 1739//1473 1738//1473 1740//1473
f 1739//1474 1740//1474 1741//1474
f 1741//1474 1740//1474 1742//1474
f 1741//1475 1742//1475 1743//1475
f 1743//1475 1742//1475 1744//1475
f 1743//1476 1744//1476 1745//1476
f 1745//1476 1744//1476 1746//1476
f 1745//1477 1746//1477 1747//1477
f 1747//1477 1746//1477 1748//1477
f 1747//1478 1748//1478 1749//1478
f 1749//1478 1748//1478 1750//1478
f 1749//1479 1750//1479 1751//1479
f 1751//1479 1750//1479 1752//1479
f 1751//1480 1752//1480 1753//1480
f 1753//1480 1752//1480 1754//1480
f 1753//1481 1754//1481 1755//1481
f 1755//1481 1754//1481 1756//1481
f 1755//1482 1756//1482 1757//1482
f 1757//1482 1756//1482 1758//1482
f 1757//1483 1758//1483 1759//1483
f 1759//1483 1758//1483 1760//1483
f 1759//1484 1760//1484 1761//1484
f 1761//1484 1760//1484 1762//1484
f 1761//1485 1762//1485 1763//1485
f 1763//1485 1762//1485 1764//1485
f 1763//1486 1764//1486 1765//1486
f 1765//1486 1764//1486 1766//1486
f 1765//1487 1766//1487 1767//1487
f 1767//1487 1766//1487 1768//1487
f 1767//1488 1768//1488 1769//1488
f 1769//1488 1768//1488 1770//1488
f 1769//1489 1770//1489 1771//1489
f 1772//1490 1773//1490 1774//1490
f 1774//1490 1773//1490 1775//1490
f 1774//1491 1775//1491 1776//1491
f 1776//1491 1775//1491 1777//1491
f 1776//1492 1777//1492 1778//1492
f 1778//1492 1777//1492 1779//1492
f 1778//1493 1779//1493 1780//1493
f 1780//1493 1779//1493 1781//1493
f 1780//1494 1781//1494 1782//1494
f 1782//1494 1781//1494 1783//1494
f 1782//1495 1783//1495 1784//1495
f 1784//1495 1783//1495 1785//1495
f 1784//1496 1785//1496 1786//1496
f 1786//1496 1785//1496 1787//1496
f 1786//1497 1787//1497 1788//1497
f 1788//1497 1787//1497 1789//1497
f 1788//1498 1789//1498 1790//1498
f 1790//1498 1789//1498 1791//1498
f 1790//1499 1791//1499 1792//1499
f 1792//1499 1791//1499 1793//1499
f 1792//1500 1793//1500 1794//1500
f 1794//1500 1793//1500 1795//1500
f 1794//1501 1795//1501 1796//1501
f 1796//1501 1795//1501 1797//1501
f 1796//1502 1797//1502 1798//1502
f 1798//1502 1797//1502 1799//1502
f 1798//1503 1799//1503 1800//1503
f 1800//1503 1799//1503 1801//1503
f 1800//1504 1801//1504 1802//1504
f 1802//1504 1801//1504 1803//1504
f 1802//1505 1803//1505 1804//1505
f 1804//1505 1803//1505 1805//1505
f 1804//1506 1805//1506 1806//1506
f 1806//1506 1805//1506 1807//1506
f 1806//1507 1807//1507 1808//1507
f 1808//1507 1807//1507 1809//1507
f 1808//1508 1809//1508 1810//1508
f 1810//1508 1809//1508 1811//1508
f 1810//1509 1811//1509 1812//1509
f 1812//1509 1811//1509 1813//1509
f 1812//1510 1813//1510 1814//1510
f 1814//1510 1813//1510 1815//1510
f 1814//1511 1815//1511 1816//1511
f 1816//1511 1815//1511 1817//1511
f 1816//1512 1817//1512 1818//1512
f 1818//1512 1817//1512 1819//1512
f 1818//1513 1819//1513 1820//1513
f 1820//1513 1819//1513 1821//1513
f 1820//1514 1821//1514 1822//1514
f 1822//1514 1821//1514 1823//1514
f 1822//1515 1823//1515 1824//1515
f 1824//1515 1823//1515 1825//1515
f 1824//1516 1825//1516 1826//1516
f 1826//1516 1825//1516 1827//1516
f 1826//1517 1827//1517 1828//1517
f 1828//1517 1827//1517 1829//1517
f 1828//1518 1829//1518 1830//1518
f 1830//1518 1829//1518 1831//1518
f 1830//1519 1831//1519 1832//1519
f 1832//1519 1831//1519 1833//1519
f 1832//1520 1833//1520 1834//1520
f 1834//1520 1833//1520 1835//1520
f 1834//1521 1835//1521 1836//1521
f 1836//1521 1835//1521 1837//1521
f 1836//1522 1837//1522 1838//1522
f 1838//1522 1837//1522 1839//1522
f 1838//1523 1839//1523 1840//1523
f 1841//1524 1842//1524 1843//1524
f 1843//1524 1842//1524 1844//1524
f 1843//1525 1844//1525 1845//1525
f 1845//1525 1844//1525 1846//1525
f 1845//1526 1846//1526 1847//1526
f 1847//1526 1846//1526 1848//1526
f 1847//1527 1848//1527 1849//1527
f 1849//1527 1848//1527 1850//1527
f 1849//1528 1850//1528 1851//1528
f 1851//1528 1850//1528 1852//1528
f 1851//1529 1852//1529 1853//1529
f 1853//1529 1852//1529 1854//1529
f 1853//1530 1854//1530 1855//1530
f 1855//1530 1854//1530 1856//1530
f 1855//1531 1856//1531 1857//1531
f 1857//1531 1856//1531 1858//1531
f 1857//1532 1858//1532 1859//1532
f 1859//1532 1858//1532 1860//1532
f 1859//1533 1860//1533 1861//1533
f 1861//1533 1860//1533 1862//1533
f 1861//1534 1862//1534 1863//1534
f 1863//1534 1862//1534 1864//1534
f 1863//1535 1864//1535 1865//1535
f 1865//1535 1864//1535 1866//1535
f 1865//1536 1866//1536 1867//1536
f 1867//1536 1866//1536 1868//1536
f 1867//1537 1868//1537 1869//1537
f 1869//1537 1868//1537 1870//1537
f 1869//1538 1870//1538 1871//1538
f 1871//1538 1870//1538 1872//1538
f 1871//1539 1872//1539 1873//1539
f 1873//1539 1872//1539 1874//1539
f 1873//1540 1874//1540 1875//1540
f 1875//1540 1874//1540 1876//1540
f 1875//1541 1876//1541 1877//1541
f 1877//1541 1876//1541 1878//1541
f 1877//1542 1878//1542 1879//1542
f 1879//1542 1878//1542 1880//1542
f 1879//1543 1880//1543 1881//1543
f 1881//1543 1880//1543 1882//1543
f 1881//1544 1882//1544 1883//1544
f 1883//1544 1882//1544 1884//1544
f 1883//1545 1884//1545 1885//1545
f 1885//1545 1884//1545 1886//1545
f 1885//1546 1886//1546 1887//1546
f 1887//1546 1886//1546 1888//1546
f 1887//1547 1888//1547 1889//1547
f 1889//1547 1888//1547 1890//1547
f 1889//1548 1890//1548 1891//1548
f 1891//1548 1890//1548 1892//1548
f 1891//1549 1892//1549 1893//1549
f 1893//1549 1892//1549 1894//1549
f 1893//1550 1894//1550 1895//1550
f 1895//1550 1894//1550 1896//1550
f 1895//1551 1896//1551 1897//1551
f 1897//1551 1896//1551 1898//1551
f 1897//1552 1898//1552 1899//1552
f 1899//1552 1898//1552 1900//1552
f 1899//1553 1900//1553 1901//1553
f 1901//1553 1900//1553 1902//1553
f 1901//1554 1902//1554 1903//1554
f 1903//1554 1902//1554 1904//1554
f 1903//1555 1904//1555 1905//1555
f 1905//1555 1904//1555 1906//1555
f 1905//1556 1906//1556 1907//1556
f 1907//1556 1906//1556 1908//1556
f 1907//1557 1908//1557 1909//1557
f 1909//1557 1908//1557 1910//1557
f 1909//1558 1910//1558 1911//1558
f 1912//1559 1913//1559 1914//1559
f 1914//1559 1913//1559 1915//1559
f 1914//1560 1915//1560 1916//1560
f 1916//1560 1915//1560 1917//1560
f 1916//1561 1917//1561 1918//1561
f 1918//1561 1917//1561 1919//1561
f 1918//1562 1919//1562 1920//1562
f 1920//1562 1919//1562 1921//1562
f 1920//1563 1921//1563 1922//1563
f 1922//1563 1921//1563 1923//1563
f 1922//1564 1923//1564 1924//1564
f 1924//1564 1923//1564 1925//1564
f 1924//1565 1925//1565 1926//1565
f 1926//1565 1925//1565 1927//1565
f 1926//1566 1927//1566 1928//1566
f 1928//1566 1927//1566 1929//1566
f 1928//1567 1929//1567 1930//1567
f 1930//1567 1929//1567 1931//1567
f 1930//1568 1931//1568 1932//1568
f 1932//1568 1931//1568 1933//1568
f 1932//1569 1933//1569 1934//1569
f 1934//1569 1933//1569 1935//1569
f 1934//1570 1935//1570 1936//1570
f 1936//1570 1935//1570 1937//1570
f 1936//1571 1937//1571 1938//1571
f 1938//1571 1937//1571 1939//1571
f 1938//1572 1939//1572 1940//1572
f 1940//1572 1939//1572 1941//1572
f 1940//1573 1941//1573 1942//1573
f 1942//1573 1941//1573 1943//1573
f 1942//1574 1943//1574 1944//1574
f 1944//1574 1943//1574 1945//1574
f 1944//1575 1945//1575 1946//1575
f 1946//1575 1945//1575 1947//1575
f 1946//1576 1947//1576 1948//1576
f 1948//1576 1947//1576 1949//1576
f 1948//1577 1949//1577 1950//1577
f 1950//1577 1949//1577 1951//1577
f 1950//1578 1951//1578 1952//1578
f 1952//1578 1951//1578 1953//1578
f 1952//1579 1953//1579 1954//1579
f 1954//1579 1953//1579 1955//1579
f 1954//1580 1955//1580 1956//1580
f 1956//1580 1955//1580 1957//1580
f 1956//1581 1957//1581 1958//1581
f 1958//1581 1957//1581 1959//1581
f 1958//1582 1959//1582 1960//1582
f 1960//1582 1959//1582 1961//1582
f 1960//1583 1961//1583 1962//1583
f 1962//1583 1961//1583 1963//1583
f 1962//1584 1963//1584 1964//1584
f 1964//1584 1963//1584 1965//1584
f 1964//1585 1965//1585 1966//1585
f 1966//1585 1965//1585 1967//1585
f 1966//1586 1967//1586 1968//1586
f 1968//1586 1967//1586 1969//1586
f 1968//1587 1969//1587 1970//1587
f 1970//1587 1969//1587 1971//1587
f 1970//1588 1971//1588 1972//1588
f 1972//1588 1971//1588 1973//1588
f 1972//1589 1973//1589 1974//1589
f 1974//1589 1973//1589 1975//1589
f 1974//1590 1975//1590 1976//1590
f 1976//1590 1975//1590 1977//1590
f 1976//1591 1977//1591 1978//1591
f 1978//1591 1977//1591 1979//1591
f 1978//1592 1979//1592 1980//1592
f 1980//1592 1979//1592 1981//1592
f 1980//1593 1981//1593 1982//1593
f 1982//1593 1981//1593 1983//1593
f 1982//1594 1983//1594 1984//1594
f 1985//1595 1986//1595 1987//1595
f 1987//1596 1988//1596 1989//1596
f 1989//1596 1988//1596 1990//1596
f 1989//1597 1990//1597 1991//1597
f 1991//1597 1990//1597 1992//1597
f 1991//1598 1992//1598 1993//1598
f 1993//1598 1992//1598 1994//1598
f 1993//1599 1994//1599 1995//1599
f 1995//1599 1994//1599 1996//1599
f 1995//1600 1996//1600 1997//1600
f 1997//1600 1996//1600 1998//1600
f 1997//1601 1998//1601 1999//1601
f 1999//1601 1998//1601 2000//1601
f 1999//1602 2000//1602 2001//1602
f 2001//1602 2000//1602 2002//1602
f 2001//1603 2002//1603 2003//1603
f 2003//1603 2002//1603 2004//1603
f 2003//1604 2004//1604 2005//1604
f 2005//1604 2004//1604 2006//1604
f 2005//1605 2006//1605 2007//1605
f 2007//1605 2006//1605 2008//1605
f 2007//1606 2008//1606 2009//1606
f 2009//1606 2008//1606 2010//1606
f 2009//1607 2010//1607 2011//1607
f 2011//1607 2010//1607 2012//1607
f 2011//1608 2012//1608 2013//1608
f 2013//1608 2012//1608 2014//1608
f 2013//1609 2014//1609 2015//1609
f 2015//1609 2014//1609 2016//1609
f 2015//1610 2016//1610 2017//1610
f 2017//1610 2016//1610 2018//1610
f 2017//1611 2018//1611 2019//1611
f 2019//1611 2018//1611 2020//1611
f 2019//1612 2020//1612 2021//1612
f 2021//1612 2020//1612 2022//1612
f 2021//1613 2022//1613 2023//1613
f 2023//1613 2022//1613 2024//1613
f 2023//1614 2024//1614 2025//1614
f 2025//1614 2024//1614 2026//1614
f 2025//1615 2026//1615 2027//1615
f 2027//1615 2026//1615 2028//1615
f 2027//1616 2028//1616 2029//1616
f 2029//1616 2028//1616 2030//1616
f 2029//1617 2030//1617 2031//1617
f 2031//1617 2030//1617 2032//1617
f 2031//1618 2032//1618 2033//1618
f 2033//1618 2032//1618 2034//1618
f 2033//1619 2034//1619 2035//1619
f 2035//1619 2034//1619 2036//1619
f 2035//1620 2036//1620 2037//1620
f 2037//1620 2036//1620 2038//1620
f 2037//1621 2038//1621 2039//1621
f 2039//1621 2038//1621 2040//1621
f 2039//1622 2040//1622 2041//1622
f 2041//1622 2040//1622 2042//1622
f 2041//1623 2042//1623 2043//1623
f 2043//1623 2042//1623 2044//1623
f 2043//1624 2044//1624 2045//1624
f 2045//1624 2044//1624 2046//1624
f 2045//1625 2046//1625 2047//1625
f 2047//1625 2046//1625 2048//1625
f 2047//1626 2048//1626 2049//1626
f 2049//1626 2048//1626 2050//1626
f 2049//1627 2050//1627 2051//1627
f 2051//1627 2050//1627 2052//1627
f 2051//1628 2052//1628 2053//1628
f 2053//1628 2052//1628 2054//1628
f 2053//1629 2054//1629 2055//1629
f 2055//1629 2054//1629 2056//1629
f 2055//1630 2056//1630 2057//1630
f 2057//1630 2056//1630 2058//1630
f 2057//1631 2058//1631 2059//1631
f 2059//1631 2058//1631 2060//1631
f 2059//1632 2060//1632 2061//1632
f 2062//1633 2063//1633 2064//1633
f 2065//1634 2066//1634 2067//1634
f 2068//1635 2069//1635 2070//1635
f 2071//1636 2072//1636 2073//1636
f 2073//1637 2072//1637 2074//1637
f 2071//1636 2073//1636 2075//1636
f 2076//1638 2077//1638 2078//1638
f 2076//1638 2078//1638 2079//1638
f 2080//1639 2081//1639 2082//1639
f 2082//1640 2081//1640 2083//1640
f 2080//1639 2082//1639 2084//1639
f 2085//1641 2071//1641 2075//1641
f 2085//1641 2075//1641 2086//1641
f 2087//1642 2076//1642 2079//1642
f 2087//1642 2079//1642 2088//1642
f 2089//1643 2080//1643 2084//1643
f 2089//1643 2084//1643 2090//1643
f 2091//1644 2085//1644 2086//1644
f 2091//1644 2086//1644 2092//1644
f 2093//1645 2087//1645 2088//1645
f 2093//1645 2088//1645 2094//1645
f 2095//1646 2089//1646 2090//1646
f 2095//1646 2090//1646 2096//1646
f 2097//1647 2091//1647 2092//1647
f 2097//1647 2092//1647 2098//1647
f 2099//1648 2093//1648 2094//1648
f 2099//1648 2094//1648 2100//1648
f 2101//1649 2095//1649 2096//1649
f 2101//1649 2096//1649 2102//1649
f 2103//1650 2097//1650 2098//1650
f 2103//1650 2098//1650 2104//1650
f 2105//1651 2099//1651 2100//1651
f 2105//1651 2100//1651 2106//1651
f 2107//1652 2101//1652 2102//1652
f 2107//1652 2102//1652 2108//1652
f 2103//1653 2104//1653 2109//1653
f 2109//1653 2104//1653 2110//1653
f 2109//1654 2110//1654 2111//1654
f 2111//1654 2110//1654 2112//1654
f 2111//1655 2112//1655 2113//1655
f 2105//1656 2106//1656 2114//1656
f 2114//1656 2106//1656 2115//1656
f 2114//1657 2115//1657 2116//1657
f 2116//1657 2115//1657 2117//1657
f 2116//1658 2117//1658 2118//1658
f 2118//1658 2117//1658 2119//1658
f 2118//1659 2119//1659 2120//1659
f 2107//1660 2108//1660 2121//1660
f 2121//1660 2108//1660 2122//1660
f 2121//1661 2122//1661 2123//1661
f 2123//1661 2122//1661 2124//1661
f 2123//1662 2124//1662 2125//1662
f 2125//1662 2124//1662 2126//1662
f 2125//1663 2126//1663 2127//1663
f 2127//1663 2126//1663 2128//1663
f 2127//1664 2128//1664 2129//1664
f 2129//1664 2128//1664 2130//1664
f 2129//1665 2130//1665 2131//1665
f 2131//1665 2130//1665 2132//1665
f 2131//1666 2132//1666 2133//1666
f 2133//1666 2132//1666 2134//1666
f 2133//1667 2134//1667 2135//1667
f 2135//1667 2134//1667 2136//1667
f 2135//1668 2136//1668 2137//1668
f 2137//1668 2136//1668 2138//1668
f 2137//1669 2138//1669 2139//1669
f 2139//1669 2138//1669 2140//1669
f 2139//1670 2140//1670 2141//1670
f 2141//1670 2140//1670 2142//1670
f 2141//1671 2142//1671 2143//1671
f 2143//1671 2142//1671 2144//1671
f 2143//1672 2144//1672 2145//1672
f 2145//1672 2144//1672 2146//1672
f 2145//1673 2146//1673 2147//1673
f 2147//1673 2146//1673 2148//1673
f 2147//1674 2148//1674 2149//1674
f 2149//1674 2148//1674 2150//1674
f 2149//1675 2150//1675 2151//1675
f 2151//1675 2150//1675 2152//1675
f 2151//1676 2152//1676 2153//1676
f 2153//1676 2152//1676 2154//1676
f 2153//1677 2154//1677 2155//1677
f 2155//1677 2154//1677 2156//1677
f 2155//1678 2156//1678 2157//1678
f 2157//1678 2156//1678 2158//1678
f 2157//1679 2158//1679 2159//1679
f 2159//1679 2158//1679 2160//1679
f 2159//1680 2160//1680 2161//1680
f 2161//1680 2160//1680 2162//1680
f 2161//1681 2162//1681 2163//1681
f 2163//1681 2162//1681 2164//1681
f 2163//1682 2164//1682 2165//1682
f 2165//1682 2164//1682 2166//1682
f 2165//1683 2166//1683 2167//1683
f 2167//1683 2166//1683 2168//1683
f 2167//1684 2168//1684 2169//1684
f 2169//1684 2168//1684 2170//1684
f 2169//1685 2170//1685 2171//1685
f 2171//1685 2170//1685 2172//1685
f 2171//1686 2172//1686 2173//1686
f 2173//1686 2172//1686 2174//1686
f 2173//1687 2174//1687 2175//1687
f 2175//1687 2174//1687 2176//1687
f 2175//1688 2176//1688 2177//1688
f 2177//1688 2176//1688 2178//1688
f 2177//1689 2178//1689 2179//1689
f 2179//1689 2178//1689 2180//1689
f 2179//1690 2180//1690 2181//1690
f 2181//1690 2180//1690 2182//1690
f 2181//1691 2182//1691 2183//1691
f 2184//1692 2185//1692 2186//1692
f 2187//1693 2188//1693 2189//1693
f 2189//1694 2190//1694 2187//1694
f 2191//1695 2192//1695 2193//1695
f 2193//1696 2194//1696 2195//1696
f 2195//1696 2194//1696 2196//1696
f 2195//1697 2196//1697 2197//1697
f 2197//1697 2196//1697 2198//1697
f 2197//1698 2198//1698 2199//1698
f 2199//1698 2198//1698 2200//1698
f 2199//1699 2200//1699 2201//1699
f 2202//1700 2191//1700 2195//1700
f 2195//1695 2191//1695 2193//1695
f 2202//1700 2195//1700 2197//1700
f 2203//1701 2202//1701 2197//1701
f 2203//1701 2197//1701 2199//1701
f 2204//1702 2203//1702 2199//1702
f 2204//1702 2199//1702 2201//1702
f 2205//1703 2206//1703 2207//1703
f 2208//1704 2209//1704 2210//1704
f 2210//1705 2209//1705 2211//1705
f 2210//1705 2211//1705 2212//1705
f 2212//1706 2211//1706 2213//1706
f 2212//1706 2213//1706 2214//1706
f 2214//1707 2213//1707 2215//1707
f 2214//1707 2215//1707 2216//1707
f 2216//1708 2215//1708 2217//1708
f 2216//1708 2217//1708 2218//1708
f 2218//1709 2217//1709 2219//1709
f 2218//1709 2219//1709 2220//1709
f 2220//1710 2219//1710 2221//1710
f 2220//1710 2221//1710 2222//1710
f 2223//1711 2224//1711 2225//1711
f 2225//1712 2224//1712 2226//1712
f 2225//1713 2226//1713 2227//1713
f 2227//1714 2226//1714 2228//1714
f 2227//1715 2228//1715 2229//1715
f 2229//1716 2228//1716 2230//1716
f 2229//1717 2230//1717 2231//1717
f 2231//1718 2230//1718 2232//1718
f 2231//1719 2232//1719 2233//1719
f 2233//1720 2232//1720 2234//1720
f 2233//1721 2234//1721 2235//1721
f 2235//1722 2234//1722 2236//1722
f 2235//1723 2236//1723 2237//1723
f 2237//1724 2236//1724 2238//1724
f 2237//1725 2238//1725 2239//1725
f 2239//1726 2238//1726 2240//1726
f 2239//1727 2240//1727 2241//1727
f 2241//1728 2240//1728 2242//1728
f 2241//1729 2242//1729 2243//1729
f 2243//1730 2242//1730 2244//1730
f 2243//1731 2244//1731 2245//1731
f 2245//1732 2244//1732 2246//1732
f 2245//1733 2246//1733 2247//1733
f 2247//1734 2246//1734 2248//1734
f 2247//1735 2248//1735 2249//1735
f 2249//1736 2248//1736 2250//1736
f 2249//1737 2250//1737 2251//1737
f 2251//1738 2250//1738 2252//1738
f 2251//1739 2252//1739 2253//1739
f 2253//1740 2252//1740 2254//1740
f 2253//1741 2254//1741 2255//1741
f 2255//1742 2254//1742 2256//1742
f 2255//1743 2256//1743 2257//1743
f 2257//1744 2256//1744 2258//1744
f 2257//1745 2258//1745 2259//1745
f 2259//1746 2258//1746 2260//1746
f 2259//1747 2260//1747 2261//1747
f 2261//1748 2260//1748 2262//1748
f 2261//1749 2262//1749 2263//1749
f 2263//1750 2262//1750 2264//1750
f 2263//1751 2264//1751 2265//1751
f 2265//1752 2264//1752 2266//1752
f 2265//1753 2266//1753 2267//1753
f 2267//1754 2266//1754 2268//1754
f 2269//1755 2270//1755 2271//1755
f 2272//1756 2269//1756 2273//1756
f 2273//1756 2269//1756 2271//1756
f 2273//1757 2271//1757 2274//1757
f 2275//1758 2272//1758 2276//1758
f 2276//1758 2272//1758 2273//1758
f 2276//1759 2273//1759 2277//1759
f 2277//1759 2273//1759 2274//1759
f 2277//1760 2274//1760 2278//1760
f 2279//1761 2275//1761 2280//1761
f 2280//1761 2275//1761 2276//1761
f 2280//1762 2276//1762 2281//1762
f 2281//1762 2276//1762 2277//1762
f 2281//1763 2277//1763 2282//1763
f 2282//1763 2277//1763 2278//1763
f 2282//1764 2278//1764 2283//1764
f 2284//1765 2279//1765 2285//1765
f 2285//1765 2279//1765 2280//1765
f 2285//1766 2280//1766 2286//1766
f 2286//1766 2280//1766 2281//1766
f 2286//1767 2281//1767 2287//1767
f 2287//1767 2281//1767 2282//1767
f 2287//1768 2282//1768 2288//1768
f 2288//1768 2282//1768 2283//1768
f 2288//1769 2283//1769 2289//1769
f 2290//1770 2284//1770 2291//1770
f 2291//1770 2284//1770 2285//1770
f 2291//1771 2285//1771 2292//1771
f 2292//1771 2285//1771 2286//1771
f 2292//1772 2286//1772 2293//1772
f 2293//1772 2286//1772 2287//1772
f 2293//1773 2287//1773 2294//1773
f 2294//1773 2287//1773 2288//1773
f 2294//1774 2288//1774 2295//1774
f 2295//1774 2288//1774 2289//1774
f 2295//1775 2289//1775 2296//1775
f 2297//1776 2298//1776 2299//1776
f 2299//1777 2298//1777 2300//1777
f 2299//1778 2300//1778 2301//1778
f 2301//1779 2300//1779 2302//1779
f 2301//1780 2302//1780 2303//1780
f 2303//1781 2302//1781 2304//1781
f 2303//1782 2304//1782 2305//1782
f 2305//1783 2304//1783 2306//1783
f 2305//1784 2306//1784 2307//1784
f 2307//1785 2306//1785 2308//1785
f 2307//1786 2308//1786 2309//1786
f 2309//1787 2308//1787 2310//1787
f 2309//1788 2310//1788 2311//1788
f 2311//1789 2310//1789 2312//1789
f 2311//1790 2312//1790 2313//1790
f 2313//1791 2312//1791 2314//1791
f 2313//1792 2314//1792 2315//1792
f 2315//1793 2314//1793 2316//1793
f 2315//1794 2316//1794 2317//1794
f 2317//1795 2316//1795 2318//1795
f 2317//1796 2318//1796 2319//1796
f 2319//1797 2318//1797 2320//1797
f 2319//1798 2320//1798 2321//1798
f 2321//1799 2320//1799 2322//1799
f 2321//1800 2322//1800 2323//1800
f 2323//1801 2322//1801 2324//1801
f 2323//1802 2324//1802 2325//1802
f 2325//1803 2324//1803 2326//1803
f 2325//1804 2326//1804 2327//1804
f 2327//1805 2326//1805 2328//1805
f 2327//1806 2328//1806 2329//1806
f 2329//1807 2328//1807 2330//1807
f 2329//1808 2330//1808 2331//1808
f 2331//1809 2330//1809 2332//1809
f 2331//1810 2332//1810 2333//1810
f 2333//1811 2332//1811 2334//1811
f 2333//1812 2334//1812 2335//1812
f 2335//1813 2334//1813 2336//1813
f 2335//1814 2336//1814 2337//1814
f 2337//1815 2336//1815 2338//1815
f 2337//1816 2338//1816 2339//1816
f 2339//1817 2338//1817 2340//1817
f 2339//1818 2340//1818 2341//1818
f 2341//1819 2340//1819 2342//1819
f 2343//1820 2344//1820 2345//1820
f 2345//1821 2344//1821 2346//1821
f 2345//1822 2346//1822 2347//1822
f 2347//1823 2346//1823 2348//1823
f 2347//1824 2348//1824 2349//1824
f 2349//1825 2348//1825 2350//1825
f 2349//1826 2350//1826 2351//1826
f 2351//1827 2350//1827 2352//1827
f 2351//1828 2352//1828 2353//1828
f 2353//1829 2352//1829 2354//1829
f 2353//1830 2354//1830 2355//1830
f 2355//1831 2354//1831 2356//1831
f 2355//1832 2356//1832 2357//1832
f 2357//1833 2356//1833 2358//1833
f 2357//1834 2358//1834 2359//1834
f 2359//1835 2358//1835 2360//1835
f 2359//1836 2360//1836 2361//1836
f 2361//1837 2360//1837 2362//1837
f 2361//1838 2362//1838 2363//1838
f 2363//1839 2362//1839 2364//1839
f 2363//1840 2364//1840 2365//1840
f 2365//1841 2364//1841 2366//1841
f 2365//1842 2366//1842 2367//1842
f 2367//1843 2366//1843 2368//1843
f 2367//1844 2368//1844 2369//1844
f 2369//1845 2368//1845 2370//1845
f 2369//1846 2370//1846 2371//1846
f 2371//1847 2370//1847 2372//1847
f 2371//1848 2372//1848 2373//1848
f 2373//1849 2372//1849 2374//1849
f 2373//1850 2374//1850 2375//1850
f 2375//1851 2374//1851 2376//1851
f 2375//1852 2376//1852 2377//1852
f 2377//1853 2376//1853 2378//1853
f 2377//1854 2378//1854 2379//1854
f 2379//1855 2378//1855 2380//1855
f 2379//1856 2380//1856 2381//1856
f 2381//1857 2380//1857 2382//1857
f 2381//1858 2382//1858 2383//1858
f 2383//1859 2382//1859 2384//1859
f 2383//1860 2384//1860 2385//1860
f 2385//1861 2384//1861 2386//1861
f 2385//1862 2386//1862 2387//1862
f 2387//1863 2386//1863 2388//1863
f 2389//1864 2390//1864 2391//1864
f 2391//1865 2390//1865 2392//1865
f 2391//1866 2392//1866 2393//1866
f 2393//1867 2392//1867 2394//1867
f 2393//1868 2394//1868 2395//1868
f 2395//1869 2394//1869 2396//1869
f 2395//1870 2396//1870 2397//1870
f 2397//1871 2396//1871 2398//1871
f 2397//1872 2398//1872 2399//1872
f 2399//1873 2398//1873 2400//1873
f 2399//1874 2400//1874 2401//1874
f 2401//1875 2400//1875 2402//1875
f 2401//1876 2402//1876 2403//1876
f 2403//1877 2402//1877 2404//1877
f 2403//1878 2404//1878 2405//1878
f 2405//1879 2404//1879 2406//1879
f 2405//1880 2406//1880 2407//1880
f 2407//1881 2406//1881 2408//1881
f 2407//1882 2408//1882 2409//1882
f 2409//1883 2408//1883 2410//1883
f 2409//1884 2410//1884 2411//1884
f 2411//1885 2410//1885 2412//1885
f 2411//1886 2412//1886 2413//1886
f 2413//1887 2412//1887 2414//1887
f 2413//1888 2414//1888 2415//1888
f 2415//1889 2414//1889 2416//1889
f 2415//1890 2416//1890 2417//1890
f 2417//1891 2416//1891 2418//1891
f 2417//1892 2418//1892 2419//1892
f 2419//1893 2418//1893 2420//1893
f 2419//1894 2420//1894 2421//1894
f 2421//1895 2420//1895 2422//1895
f 2421//1896 2422//1896 2423//1896
f 2423//1897 2422//1897 2424//1897
f 2423//1898 2424//1898 2425//1898
f 2425//1899 2424//1899 2426//1899
f 2425//1900 2426//1900 2427//1900
f 2427//1901 2426//1901 2428//1901
f 2427//1902 2428//1902 2429//1902
f 2429//1903 2428//1903 2430//1903
f 2429//1904 2430//1904 2431//1904
f 2431//1905 2430//1905 2432//1905
f 2431//1906 2432//1906 2433//1906
f 2433//1907 2432//1907 2434//1907
f 2435//1908 2436//1908 2437//1908
f 2437//1909 2436//1909 2438//1909
f 2437//1910 2438//1910 2439//1910
f 2439//1911 2438//1911 2440//1911
f 2439//1912 2440//1912 2441//1912
f 2441//1913 2440//1913 2442//1913
f 2441//1914 2442//1914 2443//1914
f 2443//1915 2442//1915 2444//1915
f 2443//1916 2444//1916 2445//1916
f 2445//1917 2444//1917 2446//1917
f 2445//1918 2446//1918 2447//1918
f 2447//1919 2446//1919 2448//1919
f 2447//1920 2448//1920 2449//1920
f 2449//1921 2448//1921 2450//1921
f 2449//1922 2450//1922 2451//1922
f 2451//1923 2450//1923 2452//1923
f 2451//1924 2452//1924 2453//1924
f 2453//1925 2452//1925 2454//1925
f 2453//1926 2454//1926 2455//1926
f 2455//1927 2454//1927 2456//1927
f 2455//1928 2456//1928 2457//1928
f 2457//1929 2456//1929 2458//1929
f 2457//1930 2458//1930 2459//1930
f 2459//1931 2458//1931 2460//1931
f 2459//1932 2460//1932 2461//1932
f 2461//1933 2460//1933 2462//1933
f 2461//1934 2462//1934 2463//1934
f 2463//1935 2462//1935 2464//1935
f 2463//1936 2464//1936 2465//1936
f 2465//1937 2464//1937 2466//1937
f 2465//1938 2466//1938 2467//1938
f 2467//1939 2466//1939 2468//1939
f 2467//1940 2468//1940 2469//1940
f 2469//1941 2468//1941 2470//1941
f 2469//1942 2470//1942 2471//1942
f 2471//1943 2470//1943 2472//1943
f 2471//1944 2472//1944 2473//1944
f 2473//1945 2472//1945 2474//1945
f 2473//1946 2474//1946 2475//1946
f 2475//1947 2474//1947 2476//1947
f 2475//1948 2476//1948 2477//1948
f 2477//1949 2476//1949 2478//1949
f 2477//1950 2478//1950 2479//1950
f 2479//1951 2478//1951 2480//1951
f 2481//1952 2482//1952 2483//1952
f 2483//1953 2482//1953 2484//1953
f 2483//1954 2484//1954 2485//1954
f 2485//1955 2484//1955 2486//1955
f 2485//1956 2486//1956 2487//1956
f 2487//1957 2486//1957 2488//1957
f 2487//1958 2488//1958 2489//1958
f 2489//1959 2488//1959 2490//1959
f 2489//1960 2490//1960 2491//1960
f 2491//1961 2490//1961 2492//1961
f 2491//1962 2492//1962 2493//1962
f 2493//1963 2492//1963 2494//1963
f 2493//1964 2494//1964 2495//1964
f 2482//1953 2496//1953 2484//1953
f 2484//1965 2496//1965 2497//1965
f 2484//1955 2497//1955 2486//1955
f 2486//1966 2497//1966 2498//1966
f 2486//1957 2498//1957 2488//1957
f 2488//1967 2498//1967 2499//1967
f 2488//1959 2499//1959 2490//1959
f 2490//1968 2499//1968 2500//1968
f 2490//1961 2500//1961 2492//1961
f 2492//1969 2500//1969 2501//1969
f 2492//1970 2501//1970 2494//1970
f 2494//1971 2501//1971 2502//1971
f 2496//1965 2503//1965 2497//1965
f 2497//1972 2503//1972 2504//1972
f 2497//1966 2504//1966 2498//1966
f 2498//1973 2504//1973 2505//1973
f 2498//1967 2505//1967 2499//1967
f 2499//1974 2505//1974 2506//1974
f 2499//1968 2506//1968 2500//1968
f 2500//1975 2506//1975 2507//1975
f 2500//1976 2507//1976 2501//1976
f 2501//1977 2507//1977 2508//1977
f 2501//1978 2508//1978 2502//1978
f 2502//1979 2508//1979 2509//1979
f 2503//1972 2510//1972 2504//1972
f 2504//1980 2510//1980 2511//1980
f 2504//1973 2511//1973 2505//1973
f 2505//1981 2511//1981 2512//1981
f 2505//1974 2512//1974 2506//1974
f 2506//1982 2512//1982 2513//1982
f 2506//1983 2513//1983 2507//1983
f 2507//1984 2513//1984 2514//1984
f 2507//1985 2514//1985 2508//1985
f 2508//1986 2514//1986 2515//1986
f 2508//1979 2515//1979 2509//1979
f 2510//1980 2516//1980 2511//1980
f 2511//1987 2516//1987 2517//1987
f 2511//1981 2517//1981 2512//1981
f 2512//1988 2517//1988 2518//1988
f 2512//1989 2518//1989 2513//1989
f 2513//1990 2518//1990 2519//1990
f 2513//1991 2519//1991 2514//1991
f 2514//1992 2519//1992 2520//1992
f 2514//1986 2520//1986 2515//1986
f 2515//1993 2520//1993 2521//1993
f 2522//1994 2523//1994 2524//1994
f 2524//1995 2523//1995 2525//1995
f 2524//1996 2525//1996 2526//1996
f 2527//1995 2525//1995 2523//1995
f 2528//1997 2529//1997 2530//1997
f 2530//1997 2529//1997 2531//1997
f 2530//1998 2531//1998 2532//1998
f 2532//1998 2531//1998 2533//1998
f 2532//1999 2533//1999 2534//1999
f 2534//1999 2533//1999 2535//1999
f 2536//2000 2528//2000 2537//2000
f 2537//2000 2528//2000 2530//2000
f 2537//2001 2530//2001 2538//2001
f 2538//2001 2530//2001 2532//2001
f 2538//2002 2532//2002 2539//2002
f 2539//2002 2532//2002 2534//2002
f 2540//2003 2541//2003 2542//2003
f 2542//2003 2541//2003 2543//2003
f 2542//2004 2543//2004 2544//2004
f 2545//2005 2546//2005 2547//2005
f 2547//2006 2540//2006 2548//2006
f 2548//2006 2540//2006 2542//2006
f 2548//2007 2542//2007 2549//2007
f 2549//2007 2542//2007 2544//2007
f 2549//2008 2544//2008 2550//2008
f 2547//2005 2548//2005 2545//2005
f 2545//2009 2548//2009 2551//2009
f 2545//2010 2551//2010 2552//2010
f 2552//2011 2551//2011 2553//2011
f 2552//2012 2553//2012 2554//2012
f 2554//2013 2553//2013 2555//2013
f 2554//2014 2555//2014 2556//2014
f 2556//2015 2555//2015 2557//2015
f 2556//2016 2557//2016 2558//2016
f 2558//2017 2557//2017 2559//2017
f 2558//2018 2559//2018 2560//2018
f 2560//2019 2559//2019 2561//2019
f 2560//2020 2561//2020 2562//2020
f 2562//2021 2561//2021 2563//2021
f 2562//2022 2563//2022 2564//2022
f 2564//2023 2563//2023 2565//2023
f 2564//2024 2565//2024 2566//2024
f 2566//2025 2565//2025 2567//2025
f 2566//2026 2567//2026 2568//2026
f 2568//2027 2567//2027 2569//2027
f 2551//2028 2548//2028 2549//2028
f 2551//2029 2549//2029 2570//2029
f 2570//2029 2549//2029 2550//2029
f 2570//2030 2550//2030 2571//2030
f 2551//2031 2570//2031 2553//2031
f 2553//2032 2570//2032 2572//2032
f 2553//2033 2572//2033 2555//2033
f 2555//2034 2572//2034 2573//2034
f 2555//2035 2573//2035 2557//2035
f 2557//2036 2573//2036 2574//2036
f 2557//2037 2574//2037 2559//2037
f 2559//2038 2574//2038 2575//2038
f 2559//2039 2575//2039 2561//2039
f 2561//2040 2575//2040 2576//2040
f 2561//2041 2576//2041 2563//2041
f 2563//2042 2576//2042 2577//2042
f 2563//2043 2577//2043 2565//2043
f 2565//2044 2577//2044 2578//2044
f 2565//2045 2578//2045 2567//2045
f 2567//2046 2578//2046 2579//2046
f 2567//2047 2579//2047 2569//2047
f 2572//2048 2570//2048 2571//2048
f 2554//2049 2556//2049 2580//2049
f 2580//2050 2556//2050 2581//2050
f 2580//2050 2581//2050 2582//2050
f 2582//2051 2581//2051 2583//2051
f 2582//2051 2583//2051 2584//2051
f 2584//2052 2583//2052 2585//2052
f 2584//2052 2585//2052 2586//2052
f 2586//2053 2585//2053 2587//2053
f 2586//2053 2587//2053 2588//2053
f 2588//2054 2587//2054 2589//2054
f 2588//2054 2589//2054 2590//2054
f 2590//2055 2589//2055 2591//2055
f 2590//2055 2591//2055 2592//2055
f 2593//2056 2594//2056 2595//2056
f 2595//2056 2594//2056 2596//2056
f 2595//2057 2596//2057 2597//2057
f 2597//2057 2596//2057 2598//2057
f 2597//2058 2598//2058 2599//2058
f 2599//2058 2598//2058 2600//2058
f 2599//2059 2600//2059 2601//2059
f 2601//2059 2600//2059 2602//2059
f 2601//2060 2602//2060 2603//2060
f 2603//2060 2602//2060 2604//2060
f 2603//2061 2604//2061 2605//2061
f 2605//2061 2604//2061 2606//2061
f 2605//2062 2606//2062 2607//2062
f 2607//2062 2606//2062 2608//2062
f 2607//2063 2608//2063 2609//2063
f 2609//2063 2608//2063 2610//2063
f 2609//2064 2610//2064 2611//2064
f 2594//2065 2612//2065 2596//2065
f 2596//2065 2612//2065 2613//2065
f 2596//2066 2613//2066 2598//2066
f 2598//2066 2613//2066 2614//2066
f 2598//2067 2614//2067 2600//2067
f 2600//2067 2614//2067 2615//2067
f 2600//2068 2615//2068 2602//2068
f 2602//2068 2615//2068 2616//2068
f 2602//2069 2616//2069 2604//2069
f 2604//2069 2616//2069 2617//2069
f 2604//2070 2617//2070 2606//2070
f 2606//2070 2617//2070 2618//2070
f 2606//2071 2618//2071 2608//2071
f 2608//2071 2618//2071 2619//2071
f 2608//2072 2619//2072 2610//2072
f 2594//2073 2593//2073 2620//2073
f 2620//2073 2621//2073 2622//2073
f 2620//2074 2622//2074 2623//2074
f 2623//2074 2622//2074 2624//2074
f 2623//2075 2624//2075 2625//2075
f 2625//2075 2624//2075 2626//2075
f 2625//2076 2626//2076 2627//2076
f 2627//2076 2626//2076 2628//2076
f 2627//2077 2628//2077 2629//2077
f 2629//2077 2628//2077 2630//2077
f 2629//2078 2630//2078 2631//2078
f 2631//2078 2630//2078 2632//2078
f 2631//2079 2632//2079 2633//2079
f 2633//2079 2632//2079 2634//2079
f 2633//2080 2634//2080 2635//2080
f 2635//2080 2634//2080 2636//2080
f 2612//2081 2637//2081 2613//2081
f 2613//2081 2637//2081 2638//2081
f 2613//2082 2638//2082 2614//2082
f 2614//2082 2638//2082 2639//2082
f 2614//2083 2639//2083 2615//2083
f 2615//2083 2639//2083 2640//2083
f 2615//2084 2640//2084 2616//2084
f 2616//2084 2640//2084 2641//2084
f 2616//2085 2641//2085 2617//2085
f 2617//2085 2641//2085 2642//2085
f 2617//2086 2642//2086 2618//2086
f 2618//2086 2642//2086 2643//2086
f 2618//2087 2643//2087 2619//2087
f 2644//2088 2645//2088 2646//2088
f 2646//2088 2645//2088 2620//2088
f 2646//2089 2620//2089 2647//2089
f 2647//2089 2648//2089 2623//2089
f 2647//2090 2623//2090 2649//2090
f 2649//2090 2623//2090 2625//2090
f 2649//2091 2625//2091 2650//2091
f 2650//2091 2625//2091 2627//2091
f 2650//2092 2627//2092 2651//2092
f 2651//2092 2627//2092 2629//2092
f 2651//2093 2629//2093 2652//2093
f 2652//2093 2629//2093 2631//2093
f 2652//2094 2631//2094 2653//2094
f 2653//2094 2631//2094 2633//2094
f 2653//2095 2633//2095 2654//2095
f 2654//2095 2633//2095 2635//2095
f 2637//2096 2655//2096 2638//2096
f 2638//2096 2655//2096 2656//2096
f 2638//2097 2656//2097 2639//2097
f 2639//2097 2656//2097 2657//2097
f 2639//2098 2657//2098 2640//2098
f 2640//2098 2657//2098 2658//2098
f 2640//2099 2658//2099 2641//2099
f 2641//2099 2658//2099 2659//2099
f 2641//2100 2659//2100 2642//2100
f 2642//2100 2659//2100 2660//2100
f 2642//2101 2660//2101 2643//2101
f 2637//2102 2644//2102 2661//2102
f 2661//2102 2644//2102 2646//2102
f 2661//2103 2646//2103 2662//2103
f 2662//2103 2646//2103 2647//2103
f 2662//2104 2647//2104 2663//2104
f 2663//2104 2647//2104 2649//2104
f 2663//2105 2649//2105 2664//2105
f 2664//2105 2649//2105 2650//2105
f 2664//2106 2650//2106 2665//2106
f 2665//2106 2650//2106 2651//2106
f 2665//2107 2651//2107 2666//2107
f 2666//2107 2651//2107 2652//2107
f 2666//2108 2652//2108 2667//2108
f 2667//2108 2652//2108 2653//2108
f 2667//2109 2653//2109 2668//2109
f 2668//2109 2653//2109 2654//2109
f 2655//2110 2669//2110 2656//2110
f 2656//2110 2669//2110 2670//2110
f 2656//2111 2670//2111 2657//2111
f 2657//2111 2670//2111 2671//2111
f 2657//2112 2671//2112 2658//2112
f 2658//2112 2671//2112 2672//2112
f 2658//2113 2672//2113 2659//2113
f 2659//2113 2672//2113 2673//2113
f 2659//2114 2673//2114 2660//2114
f 2655//2115 2674//2115 2675//2115
f 2675//2115 2674//2115 2661//2115
f 2675//2116 2661//2116 2676//2116
f 2676//2116 2661//2116 2662//2116
f 2676//2117 2662//2117 2677//2117
f 2677//2117 2662//2117 2663//2117
f 2677//2118 2663//2118 2678//2118
f 2678//2118 2663//2118 2664//2118
f 2678//2119 2664//2119 2679//2119
f 2679//2119 2664//2119 2665//2119
f 2679//2120 2665//2120 2680//2120
f 2680//2120 2665//2120 2666//2120
f 2680//2121 2666//2121 2681//2121
f 2681//2121 2666//2121 2667//2121
f 2681//2122 2667//2122 2682//2122
f 2682//2122 2667//2122 2668//2122
f 2669//2123 2683//2123 2670//2123
f 2670//2123 2683//2123 2684//2123
f 2670//2124 2684//2124 2671//2124
f 2671//2124 2684//2124 2685//2124
f 2671//2125 2685//2125 2672//2125
f 2672//2125 2685//2125 2686//2125
f 2672//2126 2686//2126 2673//2126
f 2669//2127 2687//2127 2688//2127
f 2688//2127 2687//2127 2675//2127
f 2688//2128 2675//2128 2689//2128
f 2689//2128 2675//2128 2676//2128
f 2689//2129 2676//2129 2690//2129
f 2690//2129 2676//2129 2677//2129
f 2690//2130 2677//2130 2691//2130
f 2691//2130 2677//2130 2678//2130
f 2691//2131 2678//2131 2692//2131
f 2692//2131 2678//2131 2679//2131
f 2692//2132 2679//2132 2693//2132
f 2693//2132 2679//2132 2680//2132
f 2693//2133 2680//2133 2694//2133
f 2694//2133 2680//2133 2681//2133
f 2694//2134 2681//2134 2695//2134
f 2695//2134 2681//2134 2682//2134
f 2683//2135 2696//2135 2684//2135
f 2684//2135 2696//2135 2697//2135
f 2684//2136 2697//2136 2685//2136
f 2685//2136 2697//2136 2698//2136
f 2685//2137 2698//2137 2686//2137
f 2683//2138 2699//2138 2700//2138
f 2700//2138 2699//2138 2688//2138
f 2700//2139 2688//2139 2701//2139
f 2701//2139 2688//2139 2689//2139
f 2701//2140 2689//2140 2702//2140
f 2702//2140 2689//2140 2690//2140
f 2702//2141 2690//2141 2703//2141
f 2703//2141 2690//2141 2691//2141
f 2703//2142 2691//2142 2704//2142
f 2704//2142 2691//2142 2692//2142
f 2704//2143 2692//2143 2705//2143
f 2705//2143 2692//2143 2693//2143
f 2705//2144 2693//2144 2706//2144
f 2706//2144 2693//2144 2694//2144
f 2706//2145 2694//2145 2707//2145
f 2707//2145 2694//2145 2695//2145
f 2696//2146 2708//2146 2697//2146
f 2697//2146 2708//2146 2709//2146
f 2697//2147 2709//2147 2698//2147
f 2696//2148 2683//2148 2710//2148
f 2710//2148 2711//2148 2700//2148
f 2710//2149 2700//2149 2712//2149
f 2712//2149 2700//2149 2701//2149
f 2712//2150 2701//2150 2713//2150
f 2713//2150 2701//2150 2702//2150
f 2713//2151 2702//2151 2714//2151
f 2714//2151 2702//2151 2703//2151
f 2714//2152 2703//2152 2715//2152
f 2715//2152 2703//2152 2704//2152
f 2715//2153 2704//2153 2716//2153
f 2716//2153 2704//2153 2705//2153
f 2716//2154 2705//2154 2717//2154
f 2717//2154 2705//2154 2706//2154
f 2717//2155 2706//2155 2718//2155
f 2718//2155 2706//2155 2707//2155
f 2708//2156 2696//2156 2719//2156
f 2719//2156 2696//2156 2710//2156
f 2719//2157 2710//2157 2720//2157
f 2720//2157 2710//2157 2712//2157
f 2720//2158 2712//2158 2721//2158
f 2721//2158 2712//2158 2713//2158
f 2721//2159 2713//2159 2722//2159
f 2722//2159 2713//2159 2714//2159
f 2722//2160 2714//2160 2723//2160
f 2723//2160 2714//2160 2715//2160
f 2723//2161 2715//2161 2724//2161
f 2724//2161 2715//2161 2716//2161
f 2724//2162 2716//2162 2725//2162
f 2725//2162 2716//2162 2717//2162
f 2725//2163 2717//2163 2726//2163
f 2726//2163 2717//2163 2718//2163
f 2727//2164 2728//2164 2729//2164
f 2729//2165 2728//2165 2730//2165
f 2731//2166 2732//2166 2733//2166
f 2733//2167 2732//2167 2734//2167
f 2733//2167 2734//2167 2735//2167
f 2735//2168 2734//2168 2736//2168
f 2735//2168 2736//2168 2737//2168
f 2737//2169 2736//2169 2738//2169
f 2737//2169 2738//2169 2739//2169
f 2739//2170 2738//2170 2740//2170
f 2739//2170 2740//2170 2741//2170
f 2741//2171 2740//2171 2742//2171
f 2741//2171 2742//2171 2743//2171
f 2744//2172 2727//2172 2745//2172
f 2745//2173 2727//2173 2729//2173
f 2732//2174 2746//2174 2734//2174
f 2734//2175 2746//2175 2747//2175
f 2734//2175 2747//2175 2736//2175
f 2736//2176 2747//2176 2748//2176
f 2736//2176 2748//2176 2738//2176
f 2738//2177 2748//2177 2749//2177
f 2738//2177 2749//2177 2740//2177
f 2740//2178 2749//2178 2750//2178
f 2740//2178 2750//2178 2742//2178
f 2751//2179 2744//2179 2752//2179
f 2752//2180 2744//2180 2745//2180
f 2746//2181 2753//2181 2747//2181
f 2747//2182 2753//2182 2754//2182
f 2747//2182 2754//2182 2748//2182
f 2748//2183 2754//2183 2755//2183
f 2748//2183 2755//2183 2749//2183
f 2749//2184 2755//2184 2756//2184
f 2749//2184 2756//2184 2750//2184
f 2757//2185 2758//2185 2759//2185
f 2759//2186 2758//2186 2760//2186
f 2759//2187 2760//2187 2761//2187
f 2761//2188 2760//2188 2762//2188
f 2761//2189 2762//2189 2763//2189
f 2763//2190 2762//2190 2764//2190
f 2763//2191 2764//2191 2765//2191
f 2751//2192 2752//2192 2766//2192
f 2751//2193 2766//2193 2767//2193
f 2767//2194 2766//2194 2768//2194
f 2767//2195 2768//2195 2769//2195
f 2769//2196 2768//2196 2770//2196
f 2769//2197 2770//2197 2771//2197
f 2771//2198 2770//2198 2772//2198
f 2771//2199 2772//2199 2773//2199
f 2754//2200 2753//2200 2774//2200
f 2755//2201 2754//2201 2775//2201
f 2775//2201 2754//2201 2774//2201
f 2775//2202 2774//2202 2776//2202
f 2756//2203 2755//2203 2777//2203
f 2777//2203 2755//2203 2775//2203
f 2777//2204 2775//2204 2778//2204
f 2778//2204 2775//2204 2776//2204
f 2778//2205 2776//2205 2779//2205
f 2758//2206 2780//2206 2760//2206
f 2760//2207 2780//2207 2781//2207
f 2760//2208 2781//2208 2762//2208
f 2762//2209 2781//2209 2782//2209
f 2762//2210 2782//2210 2764//2210
f 2780//2207 2783//2207 2781//2207
f 2781//2211 2783//2211 2784//2211
f 2781//2209 2784//2209 2782//2209
f 2785//2211 2784//2211 2783//2211
