g 0
v 0.015 0.02 0
v -0.015 0.02 0
v 0.0176912 0.0176642 0
v -0.0176912 0.0176642 0
v 0.0200229 0.0149694 0
v -0.0200229 0.0149694 0
v 0.0219478 0.0119706 0
v -0.0219478 0.0119706 0
v 0.0234268 0.00872847 0
v -0.0234268 0.00872847 0
v 0.0244298 0.00530904 0
v -0.0244298 0.00530904 0
v 0.0249364 0.00178175 0
v -0.0249364 0.00178175 0
v 0.0249364 -0.00178175 0
v -0.0249364 -0.00178175 0
v 0.0244298 -0.00530904 0
v -0.0244298 -0.00530904 0
v 0.0234268 -0.00872847 0
v -0.0234268 -0.00872847 0
v 0.0219478 -0.0119706 0
v -0.0219478 -0.0119706 0
v 0.0200229 -0.0149694 0
v -0.0200229 -0.0149694 0
v 0.0176912 -0.0176642 0
v -0.0176912 -0.0176642 0
v 0.015 -0.02 0
v -0.015 -0.02 0
v -0.0247336 0.00364003 -0.0433013
v -0.0249333 0.00182488 -0.05
v -0.025 -3.06162e-18 -0.0433013
v -0.0249333 -0.00182488 -0.05
v -0.0247336 -0.00364003 -0.0433013
v -0.0244019 -0.00543575 -0.05
v -0.02394 -0.00720248 -0.0433013
v -0.0233504 -0.00893077 -0.05
v -0.0226362 -0.0106114 -0.0433013
v -0.0218012 -0.0122354 -0.05
v -0.0208499 -0.0137942 -0.0433013
v -0.0197874 -0.0152793 -0.05
v -0.0186193 -0.016683 -0.0433013
v -0.0173519 -0.0179976 -0.05
v -0.0159918 -0.0192162 -0.0433013
v -0.0145465 -0.0203322 -0.05
v -0.0130235 -0.0213398 -0.0433013
v -0.0114311 -0.0222336 -0.05
v -0.00977762 -0.0230087 -0.0433013
v -0.00807201 -0.023661 -0.05
v -0.00632333 -0.0241871 -0.0433013
v -0.00454092 -0.0245841 -0.05
v -0.00273428 -0.02485 -0.0433013
v -0.000913051 -0.0249833 -0.05
v 0.000913051 -0.0249833 -0.0433013
v 0.00273428 -0.02485 -0.05
v 0.00454092 -0.0245841 -0.0433013
v 0.00632333 -0.0241871 -0.05
v 0.00807201 -0.023661 -0.0433013
v 0.00977762 -0.0230087 -0.05
v 0.0114311 -0.0222336 -0.0433013
v 0.0130235 -0.0213398 -0.05
v 0.0145465 -0.0203322 -0.0433013
v 0.0159918 -0.0192162 -0.05
v 0.0173519 -0.0179976 -0.0433013
v 0.0186193 -0.016683 -0.05
v 0.0197874 -0.0152793 -0.0433013
v 0.0208499 -0.0137942 -0.05
v 0.0218012 -0.0122354 -0.0433013
v 0.0226362 -0.0106114 -0.05
v 0.0233504 -0.00893077 -0.0433013
v 0.02394 -0.00720248 -0.05
v 0.0244019 -0.00543575 -0.0433013
v 0.0247336 -0.00364003 -0.05
v 0.0249333 -0.00182488 -0.0433013
v 0.025 0 -0.05
v 0.0249333 0.00182488 -0.0433013
v 0.0247336 0.00364003 -0.05
v 0.0244019 0.00543575 -0.0433013
v 0.02394 0.00720248 -0.05
v 0.0233504 0.00893077 -0.0433013
v 0.0226362 0.0106114 -0.05
v 0.0218012 0.0122354 -0.0433013
v 0.0208499 0.0137942 -0.05
v 0.0197874 0.0152793 -0.0433013
v 0.0186193 0.016683 -0.05
v 0.0173519 0.0179976 -0.0433013
v 0.0159918 0.0192162 -0.05
v 0.0145465 0.0203322 -0.0433013
v 0.0130235 0.0213398 -0.05
v 0.0114311 0.0222336 -0.0433013
v 0.00977762 0.0230087 -0.05
v 0.00807201 0.023661 -0.0433013
v 0.00632333 0.0241871 -0.05
v 0.00454092 0.0245841 -0.0433013
v 0.00273428 0.02485 -0.05
v 0.000913051 0.0249833 -0.0433013
v -0.000913051 0.0249833 -0.05
v -0.00273428 0.02485 -0.0433013
v -0.00454092 0.0245841 -0.05
v -0.00632333 0.0241871 -0.0433013
v -0.00807201 0.023661 -0.05
v -0.00977762 0.0230087 -0.0433013
v -0.0114311 0.0222336 -0.05
v -0.0130235 0.0213398 -0.0433013
v -0.0145465 0.0203322 -0.05
v -0.0159918 0.0192162 -0.0433013
v -0.0173519 0.0179976 -0.05
v -0.0186193 0.016683 -0.0433013
v -0.0197874 0.0152793 -0.05
v -0.0208499 0.0137942 -0.0433013
v -0.0218012 0.0122354 -0.05
v -0.0226362 0.0106114 -0.0433013
v -0.0233504 0.00893077 -0.05
v -0.02394 0.00720248 -0.0433013
v -0.0244019 0.00543575 -0.05
v -0.0247336 0.00364003 -0.0433013
v -0.0249333 0.00182488 -0.05
v -0.0151346 0.0198989 -0.00200679
v -0.0155176 0.0196011 -0.00397453
v -0.015 0.02 0
v -0.0161123 0.0191153 -0.0058824
v -0.0176912 0.0176642 0
v -0.0168672 0.0184526 -0.00771383
v -0.0177304 0.0176244 -0.00945386
v -0.0186534 0.0166448 -0.0110883
v -0.0200229 0.0149694 0
v -0.0195907 0.0155302 -0.0126017
v -0.0205037 0.0143038 -0.0139786
v -0.0213826 0.0129528 -0.0152386
v -0.0219478 0.0119706 0
v -0.0222318 0.0114344 -0.016409
v -0.0230147 0.00976263 -0.0174551
v -0.0234268 0.00872847 0
v -0.0236991 0.00795949 -0.0183479
v -0.0244298 0.00530904 0
v -0.0242568 0.00604894 -0.019063
v -0.0246679 0.00406111 -0.0195833
v -0.0249364 0.00178175 0
v -0.0249169 0.00203154 -0.0198962
v -0.025 9.4369e-18 -0.02
v -0.0249364 -0.00178175 0
v -0.0249169 -0.00203154 -0.0198962
v -0.0246679 -0.00406111 -0.0195833
v -0.0244298 -0.00530904 0
v -0.0242568 -0.00604894 -0.019063
v -0.0236991 -0.00795949 -0.0183479
v -0.0234268 -0.00872847 0
v -0.0230147 -0.00976263 -0.0174551
v -0.0219478 -0.0119706 0
v -0.0222318 -0.0114344 -0.016409
v -0.0213826 -0.0129528 -0.0152386
v -0.0205037 -0.0143038 -0.0139786
v -0.0200229 -0.0149694 0
v -0.0195907 -0.0155302 -0.0126017
v -0.0186534 -0.0166448 -0.0110883
v -0.0176912 -0.0176642 0
v -0.0177304 -0.0176244 -0.00945386
v -0.0168672 -0.0184526 -0.00771383
v -0.0161123 -0.0191153 -0.0058824
v -0.0155176 -0.0196011 -0.00397453
v -0.015 -0.02 0
v -0.0151346 -0.0198989 -0.00200679
v 0.0151346 -0.0198989 -0.00200679
v 0.0155176 -0.0196011 -0.00397453
v 0.015 -0.02 0
v 0.0161123 -0.0191153 -0.0058824
v 0.0176912 -0.0176642 0
v 0.0168672 -0.0184526 -0.00771383
v 0.0177304 -0.0176244 -0.00945386
v 0.0186534 -0.0166448 -0.0110883
v 0.0200229 -0.0149694 0
v 0.0195907 -0.0155302 -0.0126017
v 0.0205037 -0.0143038 -0.0139786
v 0.0213826 -0.0129528 -0.0152386
v 0.0219478 -0.0119706 0
v 0.0222318 -0.0114344 -0.016409
v 0.0230147 -0.00976263 -0.0174551
v 0.0234268 -0.00872847 0
v 0.0236991 -0.00795949 -0.0183479
v 0.0244298 -0.00530904 0
v 0.0242568 -0.00604894 -0.019063
v 0.0246679 -0.00406111 -0.0195833
v 0.0249364 -0.00178175 0
v 0.0249169 -0.00203154 -0.0198962
v 0.025 -2.91434e-18 -0.02
v 0.0249364 0.00178175 0
v 0.0249169 0.00203154 -0.0198962
v 0.0246679 0.00406111 -0.0195833
v 0.0244298 0.00530904 0
v 0.0242568 0.00604894 -0.019063
v 0.0236991 0.00795949 -0.0183479
v 0.0234268 0.00872847 0
v 0.0230147 0.00976263 -0.0174551
v 0.0219478 0.0119706 0
v 0.0222318 0.0114344 -0.016409
v 0.0213826 0.0129528 -0.0152386
v 0.0200229 0.0149694 0
v 0.0205037 0.0143038 -0.0139786
v 0.0195907 0.0155302 -0.0126017
v 0.0186534 0.0166448 -0.0110883
v 0.0176912 0.0176642 0
v 0.0177304 0.0176244 -0.00945386
v 0.0168672 0.0184526 -0.00771383
v 0.0161123 0.0191153 -0.0058824
v 0.015 0.02 0
v 0.0155176 0.0196011 -0.00397453
v 0.0151346 0.0198989 -0.00200679
v 0.0247336 -0.00364003 -0.05
v -0.0249333 -0.00182488 -0.05
v 0.025 0 -0.05
v -0.0249333 0.00182488 -0.05
v 0.0247336 0.00364003 -0.05
v -0.0244019 0.00543575 -0.05
v 0.02394 0.00720248 -0.05
v -0.0233504 0.00893077 -0.05
v 0.0226362 0.0106114 -0.05
v -0.0218012 0.0122354 -0.05
v 0.0208499 0.0137942 -0.05
v -0.0197874 0.0152793 -0.05
v 0.0186193 0.016683 -0.05
v -0.0173519 0.0179976 -0.05
v 0.0159918 0.0192162 -0.05
v -0.0145465 0.0203322 -0.05
v 0.0130235 0.0213398 -0.05
v -0.0114311 0.0222336 -0.05
v 0.00977762 0.0230087 -0.05
v -0.00807201 0.023661 -0.05
v 0.00632333 0.0241871 -0.05
v -0.00454092 0.0245841 -0.05
v 0.00273428 0.02485 -0.05
v -0.000913051 0.0249833 -0.05
v -0.0244019 -0.00543575 -0.05
v 0.02394 -0.00720248 -0.05
v -0.0233504 -0.00893077 -0.05
v 0.0226362 -0.0106114 -0.05
v -0.0218012 -0.0122354 -0.05
v 0.0208499 -0.0137942 -0.05
v -0.0197874 -0.0152793 -0.05
v 0.0186193 -0.016683 -0.05
v -0.0173519 -0.0179976 -0.05
v 0.0159918 -0.0192162 -0.05
v -0.0145465 -0.0203322 -0.05
v 0.0130235 -0.0213398 -0.05
v -0.0114311 -0.0222336 -0.05
v 0.00977762 -0.0230087 -0.05
v -0.00807201 -0.023661 -0.05
v 0.00632333 -0.0241871 -0.05
v -0.00454092 -0.0245841 -0.05
v 0.00273428 -0.02485 -0.05
v -0.000913051 -0.0249833 -0.05
v -0.0151346 -0.0198989 -0.00200679
v -0.0458258 -0.02 -2.44929e-18
v -0.015 -0.02 0
v -0.0458258 -0.019741 0.00320823
v 0 -0.019741 0.00320823
v 0 -0.0189707 0.00633336
v 0.0458258 -0.0189707 0.00633336
v 0.0458258 -0.0177091 0.00929446
v 0 -0.0177091 0.00929446
v 0.0458258 -0.0159889 0.0120148
v 0 -0.0159889 0.0120148
v 0.0458258 -0.0138545 0.014424
v 0 -0.0138545 0.014424
v 0.0458258 -0.0113613 0.0164597
v 0 -0.0113613 0.0164597
v 0.0458258 -0.00857385 0.018069
v 0 -0.00857385 0.018069
v 0.0458258 -0.00556435 0.0192104
v 0 -0.00556435 0.0192104
v 0.0458258 -0.00241073 0.0198542
v 0 -0.00241073 0.0198542
v 0.0458258 0.000805319 0.0199838
v 0 0.000805319 0.0199838
v 0.0458258 0.00400051 0.0195958
v 0 0.00400051 0.0195958
v 0.0458258 0.0070921 0.0187003
v 0 0.0070921 0.0187003
v 0.0458258 0.01 0.0173205
v 0 0.01 0.0173205
v 0.0458258 0.0126489 0.0154921
v 0 0.0126489 0.0154921
v 0.0458258 0.0149702 0.0132625
v 0 0.0149702 0.0132625
v 0.0458258 0.0169038 0.0106893
v 0 0.0169038 0.0106893
v 0.0458258 0.0183996 0.00783933
v 0 0.0183996 0.00783933
v 0.0458258 0.0194188 0.00478631
v 0 0.0194188 0.00478631
v 0.0458258 0.0199351 0.00160933
v 0 0.0199351 0.00160933
v 0.015 0.02 0
v -0.015 0.02 0
v -0.0458258 0.0199351 0.00160933
v -0.0458258 0.0199351 -0.00160933
v -0.0458258 -0.02 -2.44929e-18
v -0.0151346 -0.0198989 -0.00200679
v -0.0458258 -0.019741 -0.00320823
v -0.0155176 -0.0196011 -0.00397453
v -0.0458258 -0.0189707 -0.00633336
v -0.0161123 -0.0191153 -0.0058824
v -0.0168672 -0.0184526 -0.00771383
v -0.0458258 -0.0177091 -0.00929446
v -0.0177304 -0.0176244 -0.00945386
v -0.0186534 -0.0166448 -0.0110883
v -0.0458258 -0.0159889 -0.0120148
v -0.0195907 -0.0155302 -0.0126017
v -0.0205037 -0.0143038 -0.0139786
v -0.0458258 -0.0138545 -0.014424
v -0.0213826 -0.0129528 -0.0152386
v -0.0458258 -0.0113613 -0.0164597
v -0.0222318 -0.0114344 -0.016409
v -0.0230147 -0.00976263 -0.0174551
v -0.0458258 -0.00857385 -0.018069
v -0.0236991 -0.00795949 -0.0183479
v -0.0458258 -0.00556435 -0.0192104
v -0.0242568 -0.00604894 -0.019063
v -0.0246679 -0.00406111 -0.0195833
v -0.0458258 -0.00241073 -0.0198542
v -0.0249169 -0.00203154 -0.0198962
v -0.025 9.4369e-18 -0.02
v -0.0458258 0.000805319 -0.0199838
v -0.0249169 0.00203154 -0.0198962
v -0.0458258 0.00400051 -0.0195958
v -0.0246679 0.00406111 -0.0195833
v -0.0242568 0.00604894 -0.019063
v -0.0458258 0.0070921 -0.0187003
v -0.0236991 0.00795949 -0.0183479
v -0.0458258 0.01 -0.0173205
v -0.0230147 0.00976263 -0.0174551
v -0.0222318 0.0114344 -0.016409
v -0.0458258 0.0126489 -0.0154921
v -0.0213826 0.0129528 -0.0152386
v -0.0205037 0.0143038 -0.0139786
v -0.0458258 0.0149702 -0.0132625
v -0.0195907 0.0155302 -0.0126017
v -0.0458258 0.0169038 -0.0106893
v -0.0186534 0.0166448 -0.0110883
v -0.0177304 0.0176244 -0.00945386
v -0.0458258 0.0183996 -0.00783933
v -0.0168672 0.0184526 -0.00771383
v -0.0161123 0.0191153 -0.0058824
v -0.0458258 0.0194188 -0.00478631
v -0.0155176 0.0196011 -0.00397453
v -0.0458258 0.0199351 -0.00160933
v -0.0151346 0.0198989 -0.00200679
v -0.015 0.02 0
v 0.0458258 0.0199351 0.00160933
v 0.015 0.02 0
v 0.0458258 0.0199351 -0.00160933
v 0.0151346 0.0198989 -0.00200679
v 0.0155176 0.0196011 -0.00397453
v 0.0458258 0.0194188 -0.00478631
v 0.0161123 0.0191153 -0.0058824
v 0.0458258 0.0183996 -0.00783933
v 0.0168672 0.0184526 -0.00771383
v 0.0177304 0.0176244 -0.00945386
v 0.0458258 0.0169038 -0.0106893
v 0.0186534 0.0166448 -0.0110883
v 0.0195907 0.0155302 -0.0126017
v 0.0458258 0.0149702 -0.0132625
v 0.0205037 0.0143038 -0.0139786
v 0.0458258 0.0126489 -0.0154921
v 0.0213826 0.0129528 -0.0152386
v 0.0222318 0.0114344 -0.016409
v 0.0458258 0.01 -0.0173205
v 0.0230147 0.00976263 -0.0174551
v 0.0236991 0.00795949 -0.0183479
v 0.0458258 0.0070921 -0.0187003
v 0.0242568 0.00604894 -0.019063
v 0.0458258 0.00400051 -0.0195958
v 0.0246679 0.00406111 -0.0195833
v 0.0249169 0.00203154 -0.0198962
v 0.0458258 0.000805319 -0.0199838
v 0.025 -2.91434e-18 -0.02
v 0.0458258 -0.00241073 -0.0198542
v 0.0249169 -0.00203154 -0.0198962
v 0.0246679 -0.00406111 -0.0195833
v 0.0458258 -0.00556435 -0.0192104
v 0.0242568 -0.00604894 -0.019063
v 0.0236991 -0.00795949 -0.0183479
v 0.0458258 -0.00857385 -0.018069
v 0.0230147 -0.00976263 -0.0174551
v 0.0458258 -0.0113613 -0.0164597
v 0.0222318 -0.0114344 -0.016409
v 0.0213826 -0.0129528 -0.0152386
v 0.0458258 -0.0138545 -0.014424
v 0.0205037 -0.0143038 -0.0139786
v 0.0458258 -0.0159889 -0.0120148
v 0.0195907 -0.0155302 -0.0126017
v 0.0186534 -0.0166448 -0.0110883
v 0.0458258 -0.0177091 -0.00929446
v 0.0177304 -0.0176244 -0.00945386
v 0.0168672 -0.0184526 -0.00771383
v 0.0458258 -0.0189707 -0.00633336
v 0.0161123 -0.0191153 -0.0058824
v 0.0155176 -0.0196011 -0.00397453
v 0.0458258 -0.019741 -0.00320823
v 0.0151346 -0.0198989 -0.00200679
v 0.0458258 -0.02 2.44929e-18
v 0.015 -0.02 0
v 0.0458258 -0.019741 0.00320823
v 0 -0.019741 0.00320823
v 0.0458258 -0.0189707 0.00633336
v -0.015 -0.02 0
v -0.0458258 -0.019741 0.00320823
v -0.0458258 -0.0189707 0.00633336
v 0 -0.0189707 0.00633336
v 0 -0.0177091 0.00929446
v -0.0458258 -0.0177091 0.00929446
v 0 -0.0159889 0.0120148
v -0.0458258 -0.0159889 0.0120148
v 0 -0.0138545 0.014424
v -0.0458258 -0.0138545 0.014424
v 0 -0.0113613 0.0164597
v -0.0458258 -0.0113613 0.0164597
v 0 -0.00857385 0.018069
v -0.0458258 -0.00857385 0.018069
v 0 -0.00556435 0.0192104
v -0.0458258 -0.00556435 0.0192104
v 0 -0.00241073 0.0198542
v -0.0458258 -0.00241073 0.0198542
v 0 0.000805319 0.0199838
v -0.0458258 0.000805319 0.0199838
v 0 0.00400051 0.0195958
v -0.0458258 0.00400051 0.0195958
v 0 0.0070921 0.0187003
v -0.0458258 0.0070921 0.0187003
v 0 0.01 0.0173205
v -0.0458258 0.01 0.0173205
v 0 0.0126489 0.0154921
v -0.0458258 0.0126489 0.0154921
v 0 0.0149702 0.0132625
v -0.0458258 0.0149702 0.0132625
v 0 0.0169038 0.0106893
v -0.0458258 0.0169038 0.0106893
v 0 0.0183996 0.00783933
v -0.0458258 0.0183996 0.00783933
v 0 0.0194188 0.00478631
v -0.0458258 0.0194188 0.00478631
v 0 0.0199351 0.00160933
v -0.0458258 0.0199351 0.00160933
v -0.0247336 -0.00364003 -0.0433013
v -0.028412 -0.00293692 -0.0410382
v -0.025 -3.06162e-18 -0.0433013
v -0.0285634 3.49801e-18 -0.0410382
v -0.028412 0.00293692 -0.0410382
v -0.0325686 3.98851e-18 -0.0379379
v -0.032396 0.00334874 -0.0379379
v -0.0362396 4.43808e-18 -0.0344483
v -0.0360476 0.0037262 -0.0344483
v -0.0395388 4.8421e-18 -0.0306053
v -0.0393292 0.00406542 -0.0306053
v -0.0424322 5.19645e-18 -0.0264482
v -0.0422073 0.00436292 -0.0264482
v -0.0448902 -5.49747e-18 -0.0220197
v -0.0446523 0.00461566 -0.0220197
v -0.0458258 0.000805319 -0.0199838
v -0.0458258 0.00400051 -0.0195958
v -0.0279595 -0.0058427 -0.0410382
v -0.02394 -0.00720248 -0.0433013
v -0.0272105 -0.00868656 -0.0410382
v -0.0261736 -0.0114373 -0.0410382
v -0.0298443 -0.0130396 -0.0379379
v -0.028344 -0.0160416 -0.0379379
v -0.0315388 -0.0178498 -0.0344483
v -0.0295363 -0.020998 -0.0344483
v -0.0322252 -0.0229096 -0.0306053
v -0.0296988 -0.0261016 -0.0306053
v -0.0318722 -0.0280117 -0.0264482
v -0.0288231 -0.0311404 -0.0264482
v -0.0304927 -0.0329443 -0.0220197
v -0.0269438 -0.035905 -0.0220197
v -0.0281426 -0.0375025 -0.0173653
v -0.0241374 -0.0401974 -0.0173653
v -0.024918 -0.0414973 -0.0125326
v -0.0205191 -0.0438395 -0.0125326
v -0.0209513 -0.0447629 -0.00757139
v -0.0162377 -0.0466799 -0.00757139
v -0.016406 -0.0471638 -0.00253246
v -0.0114696 -0.0486008 -0.00253246
v -0.0114696 -0.0486008 0.00253246
v -0.00641168 -0.0495225 0.00253246
v -0.00634589 -0.0490143 0.00757139
v -0.00127255 -0.049407 0.00757139
v -0.0012463 -0.0483878 0.0125326
v 0.00373559 -0.0482595 0.0125326
v 0.00361857 -0.0467478 0.0173653
v 0.00840605 -0.0461279 0.0173653
v 0.00804795 -0.0441629 0.0220197
v 0.0125462 -0.0431013 0.0220197
v 0.0118592 -0.0407413 0.0264482
v 0.0159854 -0.039306 0.0264482
v 0.0148954 -0.0366257 0.0306053
v 0.0185823 -0.0349001 0.0306053
v 0.0170318 -0.031988 0.0344483
v 0.0202306 -0.0300672 0.0344483
v 0.0181812 -0.0270214 0.0379379
v 0.0208632 -0.0250088 0.0379379
v 0.0182975 -0.0219333 0.0410382
v 0.0204557 -0.0199357 0.0410382
v 0.0173775 -0.0169357 0.0437173
v 0.0190267 -0.0150591 0.0437173
v 0.0154611 -0.012237 0.0459479
v 0.0166374 -0.0105825 0.0459479
v 0.0126298 -0.00803335 0.047707
v 0.0133888 -0.00669217 0.047707
v 0.00900295 -0.00449997 0.0489765
v 0.00941792 -0.00355042 0.0489765
v 0.00473324 -0.00178437 0.0497435
v 0.00489163 -0.00128823 0.0497435
v -3.06162e-18 3.7494e-34 0.05
v -0.02394 -0.00720248 -0.0433013
v -0.0226362 -0.0106114 -0.0433013
v -0.0261736 -0.0114373 -0.0410382
v -0.0248583 -0.0140689 -0.0410382
v -0.028344 -0.0160416 -0.0379379
v -0.0265444 -0.0188709 -0.0379379
v -0.0295363 -0.020998 -0.0344483
v -0.0272208 -0.0239237 -0.0344483
v -0.0296988 -0.0261016 -0.0306053
v -0.0268576 -0.0290169 -0.0306053
v -0.0288231 -0.0311404 -0.0264482
v -0.0254684 -0.0339389 -0.0264482
v -0.0269438 -0.035905 -0.0220197
v -0.0231092 -0.038485 -0.0220197
v -0.0241374 -0.0401974 -0.0173653
v -0.0198763 -0.0424662 -0.0173653
v -0.0205191 -0.0438395 -0.0125326
v -0.0159027 -0.0457169 -0.0125326
v -0.0162377 -0.0466799 -0.00757139
v -0.011352 -0.0481021 -0.00757139
v -0.0114696 -0.0486008 -0.00253246
v -0.00641168 -0.0495225 -0.00253246
v -0.00641168 -0.0495225 0.00253246
v -0.00128574 -0.0499193 0.00253246
v -0.00127255 -0.049407 0.00757139
v 0.00381427 -0.049276 0.00757139
v 0.00373559 -0.0482595 0.0125326
v 0.00867788 -0.0476196 0.0125326
v 0.00840605 -0.0461279 0.0173653
v 0.0131044 -0.0450191 0.0173653
v 0.0125462 -0.0431013 0.0220197
v 0.0169114 -0.0415829 0.0220197
v 0.0159854 -0.039306 0.0264482
v 0.0199422 -0.037454 0.0264482
v 0.0185823 -0.0349001 0.0306053
v 0.0220723 -0.0328044 0.0306053
v 0.0202306 -0.0300672 0.0344483
v 0.0232149 -0.0278277 0.0344483
v 0.0208632 -0.0250088 0.0379379
v 0.0233241 -0.0227311 0.0379379
v 0.0204557 -0.0199357 0.0410382
v 0.0223971 -0.0177267 0.0410382
v 0.0190267 -0.0150591 0.0437173
v 0.0204743 -0.013023 0.0437173
v 0.0166374 -0.0105825 0.0459479
v 0.0176373 -0.0088157 0.0459479
v 0.0133888 -0.00669217 0.047707
v 0.014006 -0.00528005 0.047707
v 0.00941792 -0.00355042 0.0489765
v 0.00973306 -0.00256325 0.0489765
v 0.00489163 -0.00128823 0.0497435
v 0.00499816 -0.000778443 0.0497435
v -3.06162e-18 3.7494e-34 0.05
v -0.0226362 -0.0106114 -0.0433013
v -0.0208499 -0.0137942 -0.0433013
v -0.0248583 -0.0140689 -0.0410382
v -0.02328 -0.0165502 -0.0410382
v -0.0265444 -0.0188709 -0.0379379
v -0.0244633 -0.0215002 -0.0379379
v -0.0272208 -0.0239237 -0.0344483
v -0.0246166 -0.0265957 -0.0344483
v -0.0268576 -0.0290169 -0.0306053
v -0.0237317 -0.0316247 -0.0306053
v -0.0254684 -0.0339389 -0.0264482
v -0.0218438 -0.0363778 -0.0264482
v -0.0231092 -0.038485 -0.0220197
v -0.0190296 -0.0406572 -0.0220197
v -0.0198763 -0.0424662 -0.0173653
v -0.0154046 -0.0442848 -0.0173653
v -0.0159027 -0.0457169 -0.0125326
v -0.0111178 -0.0471097 -0.0125326
v -0.011352 -0.0481021 -0.00757139
v -0.00634589 -0.0490143 -0.00757139
v -0.00641168 -0.0495225 -0.00253246
v -0.00128574 -0.0499193 -0.00253246
v -0.00128574 -0.0499193 0.00253246
v 0.00385382 -0.0497869 0.00253246
v 0.00381427 -0.049276 0.00757139
v 0.00886067 -0.0486227 0.00757139
v 0.00867788 -0.0476196 0.0125326
v 0.0135282 -0.046475 0.0125326
v 0.0131044 -0.0450191 0.0173653
v 0.0176639 -0.0434331 0.0173653
v 0.0169114 -0.0415829 0.0220197
v 0.0210974 -0.0396237 0.0220197
v 0.0199422 -0.037454 0.0264482
v 0.0236875 -0.035205 0.0264482
v 0.0220723 -0.0328044 0.0306053
v 0.0253283 -0.0303611 0.0306053
v 0.0232149 -0.0278277 0.0344483
v 0.0259531 -0.0252932 0.0344483
v 0.0233241 -0.0227311 0.0379379
v 0.0255377 -0.0202124 0.0379379
v 0.0223971 -0.0177267 0.0410382
v 0.0241011 -0.0153299 0.0410382
v 0.0204743 -0.013023 0.0437173
v 0.0217048 -0.0108488 0.0437173
v 0.0176373 -0.0088157 0.0459479
v 0.0184503 -0.00695549 0.0459479
v 0.014006 -0.00528005 0.047707
v 0.0144746 -0.00381196 0.047707
v 0.00973306 -0.00256325 0.0489765
v 0.00994503 -0.0015489 0.0489765
v 0.00499816 -0.000778443 0.0497435
v 0.00505171 -0.000260401 0.0497435
v -3.06162e-18 3.7494e-34 0.05
v -0.0208499 -0.0137942 -0.0433013
v -0.0186193 -0.016683 -0.0433013
v -0.02328 -0.0165502 -0.0410382
v -0.0214549 -0.0188562 -0.0410382
v -0.0244633 -0.0215002 -0.0379379
v -0.022123 -0.0239016 -0.0379379
v -0.0246166 -0.0265957 -0.0344483
v -0.0217515 -0.0289859 -0.0344483
v -0.0237317 -0.0316247 -0.0306053
v -0.0203543 -0.0338972 -0.0306053
v -0.0218438 -0.0363778 -0.0264482
v -0.0179876 -0.038431 -0.0264482
v -0.0190296 -0.0406572 -0.0220197
v -0.0147483 -0.0423983 -0.0220197
v -0.0154046 -0.0442848 -0.0173653
v -0.0107695 -0.045634 -0.0173653
v -0.0111178 -0.0471097 -0.0125326
v -0.00621498 -0.0480032 -0.0125326
v -0.00634589 -0.0490143 -0.00757139
v -0.00127255 -0.049407 -0.00757139
v -0.00128574 -0.0499193 -0.00253246
v 0.00385382 -0.0497869 -0.00253246
v 0.00385382 -0.0497869 0.00253246
v 0.00895253 -0.0491268 0.00253246
v 0.00886067 -0.0486227 0.00757139
v 0.0138131 -0.0474539 0.00757139
v 0.0135282 -0.046475 0.0125326
v 0.0182351 -0.0448377 0.0125326
v 0.0176639 -0.0434331 0.0173653
v 0.0220361 -0.0413867 0.0173653
v 0.0210974 -0.0396237 0.0220197
v 0.0250597 -0.0372444 0.0220197
v 0.0236875 -0.035205 0.0264482
v 0.0271818 -0.0325829 0.0264482
v 0.0253283 -0.0303611 0.0306053
v 0.0283158 -0.0275959 0.0306053
v 0.0259531 -0.0252932 0.0344483
v 0.0284162 -0.0224907 0.0344483
v 0.0255377 -0.0202124 0.0379379
v 0.0274806 -0.0174795 0.0379379
v 0.0241011 -0.0153299 0.0410382
v 0.0255496 -0.0127705 0.0410382
v 0.0217048 -0.0108488 0.0437173
v 0.0227053 -0.00855956 0.0437173
v 0.0184503 -0.00695549 0.0459479
v 0.0190677 -0.00502155 0.0459479
v 0.0144746 -0.00381196 0.047707
v 0.0147899 -0.00230346 0.047707
v 0.00994503 -0.0015489 0.0489765
v 0.0100516 -0.00051813 0.0489765
v 0.00505171 -0.000260401 0.0497435
v 0.00505171 0.000260401 0.0497435
v -3.06162e-18 3.7494e-34 0.05
v 0.00499822 0.000778033 0.0497435
v -0.0214549 -0.0188562 -0.0410382
v -0.0186193 -0.016683 -0.0433013
v -0.0194024 -0.0209623 -0.0410382
v -0.0159918 -0.0192162 -0.0433013
v -0.0171442 -0.0228461 -0.0410382
v -0.0130235 -0.0213398 -0.0433013
v -0.0147042 -0.0244878 -0.0410382
v -0.0121084 -0.0258699 -0.0410382
v -0.0138063 -0.0294975 -0.0379379
v -0.0107002 -0.0307607 -0.0379379
v -0.0119063 -0.0342279 -0.0344483
v -0.0083238 -0.0352708 -0.0344483
v -0.00908158 -0.0384817 -0.0306053
v -0.00507672 -0.0392115 -0.0306053
v -0.00544823 -0.042081 -0.0264482
v -0.00109254 -0.0424181 -0.0264482
v -0.00115583 -0.0448753 -0.0220197
v 0.00346442 -0.0447563 -0.0220197
v 0.00361857 -0.0467478 -0.0173653
v 0.00840605 -0.0461279 -0.0173653
v 0.00867788 -0.0476196 -0.0125326
v 0.0135282 -0.046475 -0.0125326
v 0.0138131 -0.0474539 -0.00757139
v 0.0186192 -0.0457821 -0.00757139
v 0.0188122 -0.0462568 -0.00253246
v 0.0234687 -0.0440773 -0.00253246
v 0.0234687 -0.0440773 0.00253246
v 0.0278764 -0.0414306 0.00253246
v 0.0275903 -0.0410055 0.00757139
v 0.0316603 -0.0379513 0.00757139
v 0.0310072 -0.0371684 0.0125326
v 0.0346645 -0.0337832 0.0125326
v 0.0335787 -0.0327249 0.0173653
v 0.0367655 -0.0290989 0.0173653
v 0.0351993 -0.0278593 0.0220197
v 0.0378773 -0.0240924 0.0220197
v 0.0358033 -0.0227732 0.0264482
v 0.0379551 -0.0189712 0.0264482
v 0.0353669 -0.0176775 0.0306053
v 0.0369971 -0.0139474 0.0306053
v 0.03391 -0.0127836 0.0344483
v 0.0350447 -0.00922919 0.0344483
v 0.0314948 -0.00829429 0.0379379
v 0.0321807 -0.005012 0.0379379
v 0.0282232 -0.00439564 0.0410382
v 0.0285255 -0.00147041 0.0410382
v 0.0242329 -0.00124914 0.0437173
v 0.0242329 0.00124914 0.0437173
v 0.0196916 0.00101505 0.0459479
v 0.0239776 0.00372434 0.0437173
v 0.0194839 0.00302799 0.0459479
v 0.023465 0.00617962 0.0437173
v 0.0190677 0.00502155 0.0459479
v 0.0184503 0.00695549 0.0459479
v 0.014006 0.00528005 0.047707
v 0.0133888 0.00669217 0.047707
v 0.00900295 0.00449997 0.0489765
v 0.00849254 0.00540181 0.0489765
v 0.00426817 0.00271483 0.0497435
v 0.0039664 0.0031393 0.0497435
v -3.06162e-18 3.7494e-34 0.05
v -0.0130235 -0.0213398 -0.0433013
v -0.00977762 -0.0230087 -0.0433013
v -0.0121084 -0.0258699 -0.0410382
v -0.00938429 -0.0269778 -0.0410382
v -0.0107002 -0.0307607 -0.0379379
v -0.00748061 -0.0316979 -0.0379379
v -0.0083238 -0.0352708 -0.0344483
v -0.00465311 -0.0359397 -0.0344483
v -0.00507672 -0.0392115 -0.0306053
v -0.00101804 -0.0395257 -0.0306053
v -0.00109254 -0.0424181 -0.0264482
v 0.00327473 -0.0423057 -0.0264482
v 0.00346442 -0.0447563 -0.0220197
v 0.00804795 -0.0441629 -0.0220197
v 0.00840605 -0.0461279 -0.0173653
v 0.0131044 -0.0450191 -0.0173653
v 0.0135282 -0.046475 -0.0125326
v 0.0182351 -0.0448377 -0.0125326
v 0.0186192 -0.0457821 -0.00757139
v 0.0232279 -0.043625 -0.00757139
v 0.0234687 -0.0440773 -0.00253246
v 0.0278764 -0.0414306 -0.00253246
v 0.0278764 -0.0414306 0.00253246
v 0.0319885 -0.0383447 0.00253246
v 0.0316603 -0.0379513 0.00757139
v 0.0353947 -0.0344948 0.00757139
v 0.0346645 -0.0337832 0.0125326
v 0.0379544 -0.0300399 0.0125326
v 0.0367655 -0.0290989 0.0173653
v 0.0395626 -0.0251644 0.0173653
v 0.0378773 -0.0240924 0.0220197
v 0.0401537 -0.0200701 0.0220197
v 0.0379551 -0.0189712 0.0264482
v 0.0397045 -0.0149681 0.0264482
v 0.0369971 -0.0139474 0.0306053
v 0.0382351 -0.0100694 0.0306053
v 0.0350447 -0.00922919 0.0344483
v 0.0358079 -0.00557694 0.0344483
v 0.0321807 -0.005012 0.0379379
v 0.0325254 -0.00167659 0.0379379
v 0.0285255 -0.00147041 0.0410382
v 0.0285255 0.00147041 0.0410382
v 0.0242329 0.00124914 0.0437173
v 0.0282253 0.00438176 0.0410382
v 0.0239776 0.00372434 0.0437173
v 0.0276216 0.00727428 0.0410382
v 0.023465 0.00617962 0.0437173
v 0.0227053 0.00855956 0.0437173
v 0.0184503 0.00695549 0.0459479
v 0.0176373 0.0088157 0.0459479
v 0.0133888 0.00669217 0.047707
v 0.0126298 0.00803335 0.047707
v 0.00849254 0.00540181 0.0489765
v 0.00789211 0.00624639 0.0489765
v 0.0039664 0.0031393 0.0497435
v 0.0036226 0.00353049 0.0497435
v -3.06162e-18 3.7494e-34 0.05
v -0.00977762 -0.0230087 -0.0433013
v -0.00632333 -0.0241871 -0.0433013
v -0.00938429 -0.0269778 -0.0410382
v -0.00656067 -0.0277997 -0.0410382
v -0.00748061 -0.0316979 -0.0379379
v -0.00418176 -0.032299 -0.0379379
v -0.00465311 -0.0359397 -0.0344483
v -0.000933095 -0.0362276 -0.0344483
v -0.00101804 -0.0395257 -0.0306053
v 0.00305142 -0.0394209 -0.0306053
v 0.00327473 -0.0423057 -0.0264482
v 0.00760728 -0.0417447 -0.0264482
v 0.00804795 -0.0441629 -0.0220197
v 0.0125462 -0.0431013 -0.0220197
v 0.0131044 -0.0450191 -0.0173653
v 0.0176639 -0.0434331 -0.0173653
v 0.0182351 -0.0448377 -0.0125326
v 0.0227487 -0.0427251 -0.0125326
v 0.0232279 -0.043625 -0.00757139
v 0.0275903 -0.0410055 -0.00757139
v 0.0278764 -0.0414306 -0.00253246
v 0.0319885 -0.0383447 -0.00253246
v 0.0319885 -0.0383447 0.00253246
v 0.0357617 -0.0348524 0.00253246
v 0.0353947 -0.0344948 0.00757139
v 0.0387539 -0.0306726 0.00757139
v 0.0379544 -0.0300399 0.0125326
v 0.040842 -0.0259782 0.0125326
v 0.0395626 -0.0251644 0.0173653
v 0.0419404 -0.0209632 0.0173653
v 0.0401537 -0.0200701 0.0220197
v 0.0420045 -0.0158351 0.0220197
v 0.0397045 -0.0149681 0.0264482
v 0.0410331 -0.0108063 0.0264482
v 0.0382351 -0.0100694 0.0306053
v 0.0390678 -0.00608465 0.0306053
v 0.0358079 -0.00557694 0.0344483
v 0.0361916 -0.00186557 0.0344483
v 0.0325254 -0.00167659 0.0379379
v 0.0325254 0.00167659 0.0379379
v 0.0285255 0.00147041 0.0410382
v 0.0321835 0.00499354 0.0379379
v 0.0282253 0.00438176 0.0410382
v 0.0314948 0.00829429 0.0379379
v 0.0276216 0.00727428 0.0410382
v 0.0267273 0.0100758 0.0410382
v 0.0227053 0.00855956 0.0437173
v 0.0217048 0.0108488 0.0437173
v 0.0176373 0.0088157 0.0459479
v 0.0166374 0.0105825 0.0459479
v 0.0126298 0.00803335 0.047707
v 0.0117368 0.00928938 0.047707
v 0.00789211 0.00624639 0.0489765
v 0.00720802 0.00702476 0.0489765
v 0.0036226 0.00353049 0.0497435
v 0.00324039 0.00388426 0.0497435
v -3.06162e-18 3.7494e-34 0.05
v -0.00632333 -0.0241871 -0.0433013
v -0.00273428 -0.02485 -0.0433013
v -0.00656067 -0.0277997 -0.0410382
v -0.00366749 -0.028327 -0.0410382
v -0.00418176 -0.032299 -0.0379379
v -0.000838574 -0.0325578 -0.0379379
v -0.000933095 -0.0362276 -0.0344483
v 0.00279681 -0.0361316 -0.0344483
v 0.00305142 -0.0394209 -0.0306053
v 0.00708854 -0.0388982 -0.0306053
v 0.00760728 -0.0417447 -0.0264482
v 0.0118592 -0.0407413 -0.0264482
v 0.0125462 -0.0431013 -0.0220197
v 0.0169114 -0.0415829 -0.0220197
v 0.0176639 -0.0434331 -0.0173653
v 0.0220361 -0.0413867 -0.0173653
v 0.0227487 -0.0427251 -0.0125326
v 0.0270211 -0.0401596 -0.0125326
v 0.0275903 -0.0410055 -0.00757139
v 0.0316603 -0.0379513 -0.00757139
v 0.0319885 -0.0383447 -0.00253246
v 0.0357617 -0.0348524 -0.00253246
v 0.0357617 -0.0348524 0.00253246
v 0.0391557 -0.0309906 0.00253246
v 0.0387539 -0.0306726 0.00757139
v 0.0417023 -0.0265254 0.00757139
v 0.040842 -0.0259782 0.0125326
v 0.0432966 -0.0216411 0.0125326
v 0.0419404 -0.0209632 0.0173653
v 0.0438735 -0.0165397 0.0173653
v 0.0420045 -0.0158351 0.0220197
v 0.0434101 -0.0114322 0.0220197
v 0.0410331 -0.0108063 0.0264482
v 0.0419268 -0.00652992 0.0264482
v 0.0390678 -0.00608465 0.0306053
v 0.0394864 -0.00203541 0.0306053
v 0.0361916 -0.00186557 0.0344483
v 0.0361916 0.00186557 0.0344483
v 0.0325254 0.00167659 0.0379379
v 0.0358116 0.00555346 0.0344483
v 0.0321835 0.00499354 0.0379379
v 0.0350447 0.00922919 0.0344483
v 0.0314948 0.00829429 0.0379379
v 0.030475 0.0114886 0.0379379
v 0.0267273 0.0100758 0.0410382
v 0.0255496 0.0127705 0.0410382
v 0.0217048 0.0108488 0.0437173
v 0.0204743 0.013023 0.0437173
v 0.0166374 0.0105825 0.0459479
v 0.0154611 0.012237 0.0459479
v 0.0117368 0.00928938 0.047707
v 0.0107195 0.0104469 0.047707
v 0.00720802 0.00702476 0.0489765
v 0.00644752 0.00772866 0.0489765
v 0.00324039 0.00388426 0.0497435
v 0.00282383 0.00419685 0.0497435
v -3.06162e-18 3.7494e-34 0.05
v -0.00366749 -0.028327 -0.0410382
v -0.00273428 -0.02485 -0.0433013
v -0.000735448 -0.0285539 -0.0410382
v 0.000913051 -0.0249833 -0.0433013
v 0.00220439 -0.0284782 -0.0410382
v 0.00454092 -0.0245841 -0.0433013
v 0.00512087 -0.0281006 -0.0410382
v 0.00798306 -0.0274252 -0.0410382
v 0.00910246 -0.0312708 -0.0379379
v 0.0122695 -0.0301691 -0.0379379
v 0.0136525 -0.0335696 -0.0344483
v 0.0170318 -0.031988 -0.0344483
v 0.0185823 -0.0349001 -0.0306053
v 0.0220723 -0.0328044 -0.0306053
v 0.0236875 -0.035205 -0.0264482
v 0.0271818 -0.0325829 -0.0264482
v 0.0287564 -0.0344703 -0.0220197
v 0.0321482 -0.0313309 -0.0220197
v 0.0335787 -0.0327249 -0.0173653
v 0.0367655 -0.0290989 -0.0173653
v 0.0379544 -0.0300399 -0.0125326
v 0.040842 -0.0259782 -0.0125326
v 0.0417023 -0.0265254 -0.00757139
v 0.0442086 -0.0220969 -0.00757139
v 0.0446669 -0.022326 -0.00253246
v 0.0458258 -0.019741 -0.00320823
v 0.0457165 -0.0200894 -0.00253246
v 0.0458258 -0.02 2.44929e-18
v 0.0446669 -0.022326 0.00253246
v 0.0421346 -0.0268004 -0.00253246
v 0.0421346 -0.0268004 0.00253246
v 0.0391557 -0.0309906 -0.00253246
v 0.0391557 -0.0309906 0.00253246
v 0.0357617 -0.0348524 -0.00253246
v 0.00454092 -0.0245841 -0.0433013
v 0.00807201 -0.023661 -0.0433013
v 0.00798306 -0.0274252 -0.0410382
v 0.0107606 -0.026459 -0.0410382
v 0.0122695 -0.0301691 -0.0379379
v 0.0153065 -0.0287476 -0.0379379
v 0.0170318 -0.031988 -0.0344483
v 0.0202306 -0.0300672 -0.0344483
v 0.0220723 -0.0328044 -0.0306053
v 0.0253283 -0.0303611 -0.0306053
v 0.0271818 -0.0325829 -0.0264482
v 0.0303879 -0.0296153 -0.0264482
v 0.0321482 -0.0313309 -0.0220197
v 0.0351993 -0.0278593 -0.0220197
v 0.0367655 -0.0290989 -0.0173653
v 0.0395626 -0.0251644 -0.0173653
v 0.040842 -0.0259782 -0.0125326
v 0.0432966 -0.0216411 -0.0125326
v 0.0442086 -0.0220969 -0.00757139
v 0.0441158 -0.0199181 -0.0125326
v 0.0451468 -0.0201107 -0.00757139
v 0.0458258 -0.0177091 -0.00929446
v 0.0458258 -0.0189707 -0.00633336
v 0.0114311 -0.0222336 -0.0433013
v 0.0134241 -0.0252123 -0.0410382
v 0.0181812 -0.0270214 -0.0379379
v 0.0232149 -0.0278277 -0.0344483
v 0.0283158 -0.0275959 -0.0306053
v 0.0332719 -0.0263338 -0.0264482
v 0.0378773 -0.0240924 -0.0220197
v 0.0419404 -0.0209632 -0.0173653
v 0.0426362 -0.0195089 -0.0173653
v 0.0438735 -0.0165397 -0.0173653
v 0.0452923 -0.0170746 -0.0125326
v 0.0458258 -0.0138545 -0.014424
v 0.0458258 -0.0159889 -0.0120148
v 0.0159453 -0.0236984 -0.0410382
v 0.0145465 -0.0203322 -0.0433013
v 0.0182975 -0.0219333 -0.0410382
v 0.0173519 -0.0179976 -0.0433013
v 0.0204557 -0.0199357 -0.0410382
v 0.0197874 -0.0152793 -0.0433013
v 0.0223971 -0.0177267 -0.0410382
v 0.0241011 -0.0153299 -0.0410382
v 0.0274806 -0.0174795 -0.0379379
v 0.0291322 -0.0145612 -0.0379379
v 0.0324159 -0.0162025 -0.0344483
v 0.0292653 -0.0142919 -0.0379379
v 0.0326436 -0.0157387 -0.0344483
v 0.030475 -0.0114886 -0.0379379
v 0.03391 -0.0127836 -0.0344483
v 0.0350447 -0.00922919 -0.0344483
v 0.0382351 -0.0100694 -0.0306053
v 0.0390678 -0.00608465 -0.0306053
v 0.0419268 -0.00652992 -0.0264482
v 0.042376 -0.00218436 -0.0264482
v 0.0448307 -0.00231089 -0.0220197
v 0.0448307 0.00231089 -0.0220197
v 0.0458258 0.000805319 -0.0199838
v 0.0458258 0.00400051 -0.0195958
v 0.0443614 0.00687025 -0.0220197
v 0.0458258 0.0070921 -0.0187003
v 0.0458258 0.01 -0.0173205
v 0.0434101 0.0114322 -0.0220197
v 0.0453416 0.0119409 -0.0173653
v 0.0438735 0.0165397 -0.0173653
v 0.0458258 0.0126489 -0.0154921
v 0.0458258 0.0149702 -0.0132625
v 0.0452923 0.0170746 -0.0125326
v 0.0458258 0.0169038 -0.0106893
v 0.0458258 0.0183996 -0.00783933
v 0.0432966 0.0216411 -0.0125326
v 0.0442086 0.0220969 -0.00757139
v 0.0417023 0.0265254 -0.00757139
v 0.0421346 0.0268004 -0.00253246
v 0.0391557 0.0309906 -0.00253246
v 0.0391557 0.0309906 0.00253246
v 0.0357617 0.0348524 0.00253246
v 0.0353947 0.0344948 0.00757139
v 0.0316603 0.0379513 0.00757139
v 0.0310072 0.0371684 0.0125326
v 0.0270211 0.0401596 0.0125326
v 0.0261747 0.0389016 0.0173653
v 0.0220361 0.0413867 0.0173653
v 0.0210974 0.0396237 0.0220197
v 0.0169114 0.0415829 0.0220197
v 0.0159854 0.039306 0.0264482
v 0.0118592 0.0407413 0.0264482
v 0.0110505 0.0379632 0.0306053
v 0.00708854 0.0388982 0.0306053
v 0.00649707 0.0356525 0.0344483
v 0.00279681 0.0361316 0.0344483
v 0.0025135 0.0324715 0.0379379
v -0.000838574 0.0325578 0.0379379
v -0.000735448 0.0285539 0.0410382
v -0.00366749 0.028327 0.0410382
v -0.0031156 0.0240642 0.0437173
v -0.0055734 0.0236164 0.0437173
v -0.00452894 0.0191906 0.0459479
v -0.00647813 0.0186232 0.0459479
v -0.00491767 0.0141373 0.047707
v -0.00634522 0.0135567 0.047707
v -0.00426667 0.00911583 0.0489765
v -0.00518135 0.00862881 0.0489765
v -0.00260404 0.00433665 0.0497435
v -0.00303613 0.00404592 0.0497435
v -3.06162e-18 3.7494e-34 0.05
v 0.0197874 -0.0152793 -0.0433013
v 0.0218012 -0.0122354 -0.0433013
v 0.0241011 -0.0153299 -0.0410382
v 0.0255496 -0.0127705 -0.0410382
v 0.0291322 -0.0145612 -0.0379379
v 0.0256029 -0.0126633 -0.0410382
v 0.0292653 -0.0142919 -0.0379379
v 0.0267273 -0.0100758 -0.0410382
v 0.030475 -0.0114886 -0.0379379
v 0.0314948 -0.00829429 -0.0379379
v 0.0350447 -0.00922919 -0.0344483
v 0.0358079 -0.00557694 -0.0344483
v 0.0390678 -0.00608465 -0.0306053
v 0.0394864 -0.00203541 -0.0306053
v 0.042376 -0.00218436 -0.0264482
v 0.042376 0.00218436 -0.0264482
v 0.0448307 0.00231089 -0.0220197
v 0.0443614 0.00687025 -0.0220197
v 0.0233504 -0.00893077 -0.0433013
v 0.0276216 -0.00727428 -0.0410382
v 0.0321807 -0.005012 -0.0379379
v 0.0361916 -0.00186557 -0.0344483
v 0.0394864 0.00203541 -0.0306053
v 0.0419314 0.00650021 -0.0264482
v 0.0434101 0.0114322 -0.0220197
v 0.0244019 -0.00543575 -0.0433013
v 0.0282232 -0.00439564 -0.0410382
v 0.0325254 -0.00167659 -0.0379379
v 0.0361916 0.00186557 -0.0344483
v 0.0390712 0.00606269 -0.0306053
v 0.0410331 0.0108063 -0.0264482
v 0.0420045 0.0158351 -0.0220197
v 0.0438735 0.0165397 -0.0173653
v 0.0419404 0.0209632 -0.0173653
v 0.0432966 0.0216411 -0.0125326
v 0.040842 0.0259782 -0.0125326
v 0.0417023 0.0265254 -0.00757139
v 0.0387539 0.0306726 -0.00757139
v 0.0391557 0.0309906 -0.00253246
v 0.0357617 0.0348524 -0.00253246
v 0.0357617 0.0348524 0.00253246
v 0.0319885 0.0383447 0.00253246
v 0.0316603 0.0379513 0.00757139
v 0.0275903 0.0410055 0.00757139
v 0.0270211 0.0401596 0.0125326
v 0.0227487 0.0427251 0.0125326
v 0.0220361 0.0413867 0.0173653
v 0.0176639 0.0434331 0.0173653
v 0.0169114 0.0415829 0.0220197
v 0.0125462 0.0431013 0.0220197
v 0.0118592 0.0407413 0.0264482
v 0.00760728 0.0417447 0.0264482
v 0.00708854 0.0388982 0.0306053
v 0.00305142 0.0394209 0.0306053
v 0.00279681 0.0361316 0.0344483
v -0.000933095 0.0362276 0.0344483
v -0.000838574 0.0325578 0.0379379
v -0.00418176 0.032299 0.0379379
v -0.00366749 0.028327 0.0410382
v -0.00656067 0.0277997 0.0410382
v -0.0055734 0.0236164 0.0437173
v -0.00797211 0.0229181 0.0437173
v -0.00647813 0.0186232 0.0459479
v -0.00835866 0.0178584 0.0459479
v -0.00634522 0.0135567 0.047707
v -0.0077055 0.0128324 0.047707
v -0.00518135 0.00862881 0.0489765
v -0.00604111 0.00805032 0.0489765
v -0.00303613 0.00404592 0.0497435
v -0.00343605 0.0037123 0.0497435
v -3.06162e-18 3.7494e-34 0.05
v 0.0244019 -0.00543575 -0.0433013
v 0.0249333 -0.00182488 -0.0433013
v 0.0282232 -0.00439564 -0.0410382
v 0.0285255 -0.00147041 -0.0410382
v 0.0325254 -0.00167659 -0.0379379
v 0.0325254 0.00167659 -0.0379379
v 0.0361916 0.00186557 -0.0344483
v 0.0358103 0.00556206 -0.0344483
v 0.0390712 0.00606269 -0.0306053
v 0.0382351 0.0100694 -0.0306053
v 0.0410331 0.0108063 -0.0264482
v 0.0397045 0.0149681 -0.0264482
v 0.0420045 0.0158351 -0.0220197
v 0.0401537 0.0200701 -0.0220197
v 0.0419404 0.0209632 -0.0173653
v 0.0395626 0.0251644 -0.0173653
v 0.040842 0.0259782 -0.0125326
v 0.0379544 0.0300399 -0.0125326
v 0.0387539 0.0306726 -0.00757139
v 0.0353947 0.0344948 -0.00757139
v 0.0357617 0.0348524 -0.00253246
v 0.0319885 0.0383447 -0.00253246
v 0.0319885 0.0383447 0.00253246
v 0.0278764 0.0414306 0.00253246
v 0.0275903 0.0410055 0.00757139
v 0.0232279 0.043625 0.00757139
v 0.0227487 0.0427251 0.0125326
v 0.0182351 0.0448377 0.0125326
v 0.0176639 0.0434331 0.0173653
v 0.0131044 0.0450191 0.0173653
v 0.0125462 0.0431013 0.0220197
v 0.00804795 0.0441629 0.0220197
v 0.00760728 0.0417447 0.0264482
v 0.00327473 0.0423057 0.0264482
v 0.00305142 0.0394209 0.0306053
v -0.00101804 0.0395257 0.0306053
v -0.000933095 0.0362276 0.0344483
v -0.00465311 0.0359397 0.0344483
v -0.00418176 0.032299 0.0379379
v -0.00748061 0.0316979 0.0379379
v -0.00656067 0.0277997 0.0410382
v -0.00938429 0.0269778 0.0410382
v -0.00797211 0.0229181 0.0437173
v -0.0102863 0.021977 0.0437173
v -0.00835866 0.0178584 0.0459479
v -0.0101506 0.0169044 0.0459479
v -0.0077055 0.0128324 0.047707
v -0.0089841 0.0119721 0.047707
v -0.00604111 0.00805032 0.0489765
v -0.00683684 0.0073865 0.0489765
v -0.00343605 0.0037123 0.0497435
v -0.00379954 0.00333932 0.0497435
v -3.06162e-18 3.7494e-34 0.05
v 0.0249333 -0.00182488 -0.0433013
v 0.0249333 0.00182488 -0.0433013
v 0.0285255 -0.00147041 -0.0410382
v 0.0285255 0.00147041 -0.0410382
v 0.0325254 0.00167659 -0.0379379
v 0.032182 0.00500335 -0.0379379
v 0.0358103 0.00556206 -0.0344483
v 0.0350447 0.00922919 -0.0344483
v 0.0382351 0.0100694 -0.0306053
v 0.0369971 0.0139474 -0.0306053
v 0.0397045 0.0149681 -0.0264482
v 0.0379551 0.0189712 -0.0264482
v 0.0401537 0.0200701 -0.0220197
v 0.0378773 0.0240924 -0.0220197
v 0.0395626 0.0251644 -0.0173653
v 0.0367655 0.0290989 -0.0173653
v 0.0379544 0.0300399 -0.0125326
v 0.0346645 0.0337832 -0.0125326
v 0.0353947 0.0344948 -0.00757139
v 0.0316603 0.0379513 -0.00757139
v 0.0319885 0.0383447 -0.00253246
v 0.0278764 0.0414306 -0.00253246
v 0.0278764 0.0414306 0.00253246
v 0.0234687 0.0440773 0.00253246
v 0.0232279 0.043625 0.00757139
v 0.0186192 0.0457821 0.00757139
v 0.0182351 0.0448377 0.0125326
v 0.0135282 0.046475 0.0125326
v 0.0131044 0.0450191 0.0173653
v 0.00840605 0.0461279 0.0173653
v 0.00804795 0.0441629 0.0220197
v 0.00346442 0.0447563 0.0220197
v 0.00327473 0.0423057 0.0264482
v -0.00109254 0.0424181 0.0264482
v -0.00101804 0.0395257 0.0306053
v -0.00507672 0.0392115 0.0306053
v -0.00465311 0.0359397 0.0344483
v -0.0083238 0.0352708 0.0344483
v -0.00748061 0.0316979 0.0379379
v -0.0107002 0.0307607 0.0379379
v -0.00938429 0.0269778 0.0410382
v -0.0121084 0.0258699 0.0410382
v -0.0102863 0.021977 0.0437173
v -0.0124915 0.0208028 0.0437173
v -0.0101506 0.0169044 0.0459479
v -0.0118349 0.0157711 0.0459479
v -0.0089841 0.0119721 0.047707
v -0.0101675 0.0109849 0.047707
v -0.00683684 0.0073865 0.0489765
v -0.00756009 0.00664438 0.0489765
v -0.00379954 0.00333932 0.0497435
v -0.00412275 0.00293095 0.0497435
v -3.06162e-18 3.7494e-34 0.05
v 0.0285255 0.00147041 -0.0410382
v 0.0249333 0.00182488 -0.0433013
v 0.0282237 0.00439219 -0.0410382
v 0.0244019 0.00543575 -0.0433013
v 0.0276216 0.00727428 -0.0410382
v 0.0233504 0.00893077 -0.0433013
v 0.0267273 0.0100758 -0.0410382
v 0.0255496 0.0127705 -0.0410382
v 0.0291322 0.0145612 -0.0379379
v 0.0274806 0.0174795 -0.0379379
v 0.0305781 0.0194497 -0.0344483
v 0.0284162 0.0224907 -0.0344483
v 0.0310031 0.0245381 -0.0306053
v 0.0283158 0.0275959 -0.0306053
v 0.0303879 0.0296153 -0.0264482
v 0.0271818 0.0325829 -0.0264482
v 0.0287564 0.0344703 -0.0220197
v 0.0250597 0.0372444 -0.0220197
v 0.0261747 0.0389016 -0.0173653
v 0.0220361 0.0413867 -0.0173653
v 0.0227487 0.0427251 -0.0125326
v 0.0182351 0.0448377 -0.0125326
v 0.0186192 0.0457821 -0.00757139
v 0.0138131 0.0474539 -0.00757139
v 0.0139563 0.0479459 -0.00253246
v 0.00895253 0.0491268 -0.00253246
v 0.00895253 0.0491268 0.00253246
v 0.00385382 0.0497869 0.00253246
v 0.00381427 0.049276 0.00757139
v -0.00127255 0.049407 0.00757139
v -0.0012463 0.0483878 0.0125326
v -0.00621498 0.0480032 0.0125326
v -0.00602029 0.0464995 0.0173653
v -0.0107695 0.045634 0.0173653
v -0.0103107 0.0436901 0.0220197
v -0.0147483 0.0423983 0.0220197
v -0.0139408 0.0400768 0.0264482
v -0.0179876 0.038431 0.0264482
v -0.0167611 0.0358104 0.0306053
v -0.0203543 0.0338972 0.0306053
v -0.0186559 0.0310688 0.0344483
v -0.0217515 0.0289859 0.0344483
v -0.0195482 0.0260497 0.0379379
v -0.022123 0.0239016 0.0379379
v -0.0194024 0.0209623 0.0410382
v -0.0214549 0.0188562 0.0410382
v -0.0182263 0.0160187 0.0437173
v -0.0197767 0.0140597 0.0437173
v -0.0160706 0.0114249 0.0459479
v -0.0171601 0.00971196 0.0459479
v -0.0130266 0.00737254 0.047707
v -0.0137156 0.00599406 0.047707
v -0.00922266 0.00403054 0.0489765
v -0.0095882 0.00306089 0.0489765
v -0.00481883 0.00153834 0.0497435
v -0.00495146 0.00103471 0.0497435
v -3.06162e-18 3.7494e-34 0.05
v 0.0233504 0.00893077 -0.0433013
v 0.0218012 0.0122354 -0.0433013
v 0.0255496 0.0127705 -0.0410382
v 0.0241011 0.0153299 -0.0410382
v 0.0274806 0.0174795 -0.0379379
v 0.0255377 0.0202124 -0.0379379
v 0.0284162 0.0224907 -0.0344483
v 0.0259531 0.0252932 -0.0344483
v 0.0283158 0.0275959 -0.0306053
v 0.0253283 0.0303611 -0.0306053
v 0.0271818 0.0325829 -0.0264482
v 0.0236875 0.035205 -0.0264482
v 0.0250597 0.0372444 -0.0220197
v 0.0210974 0.0396237 -0.0220197
v 0.0220361 0.0413867 -0.0173653
v 0.0176639 0.0434331 -0.0173653
v 0.0182351 0.0448377 -0.0125326
v 0.0135282 0.046475 -0.0125326
v 0.0138131 0.0474539 -0.00757139
v 0.00886067 0.0486227 -0.00757139
v 0.00895253 0.0491268 -0.00253246
v 0.00385382 0.0497869 -0.00253246
v 0.00385382 0.0497869 0.00253246
v -0.00128574 0.0499193 0.00253246
v -0.00127255 0.049407 0.00757139
v -0.00634589 0.0490143 0.00757139
v -0.00621498 0.0480032 0.0125326
v -0.0111178 0.0471097 0.0125326
v -0.0107695 0.045634 0.0173653
v -0.0154046 0.0442848 0.0173653
v -0.0147483 0.0423983 0.0220197
v -0.0190296 0.0406572 0.0220197
v -0.0179876 0.038431 0.0264482
v -0.0218438 0.0363778 0.0264482
v -0.0203543 0.0338972 0.0306053
v -0.0237317 0.0316247 0.0306053
v -0.0217515 0.0289859 0.0344483
v -0.0246166 0.0265957 0.0344483
v -0.022123 0.0239016 0.0379379
v -0.0244633 0.0215002 0.0379379
v -0.0214549 0.0188562 0.0410382
v -0.02328 0.0165502 0.0410382
v -0.0197767 0.0140597 0.0437173
v -0.0211176 0.0119517 0.0437173
v -0.0171601 0.00971196 0.0459479
v -0.0180677 0.00789607 0.0459479
v -0.0137156 0.00599406 0.047707
v -0.0142592 0.00455204 0.047707
v -0.0095882 0.00306089 0.0489765
v -0.00985211 0.0020588 0.0489765
v -0.00495146 0.00103471 0.0497435
v -0.00503161 0.000520111 0.0497435
v -3.06162e-18 3.7494e-34 0.05
v 0.0218012 0.0122354 -0.0433013
v 0.0197874 0.0152793 -0.0433013
v 0.0241011 0.0153299 -0.0410382
v 0.0223971 0.0177267 -0.0410382
v 0.0255377 0.0202124 -0.0379379
v 0.0233241 0.0227311 -0.0379379
v 0.0259531 0.0252932 -0.0344483
v 0.0232149 0.0278277 -0.0344483
v 0.0253283 0.0303611 -0.0306053
v 0.0220723 0.0328044 -0.0306053
v 0.0236875 0.035205 -0.0264482
v 0.0199422 0.037454 -0.0264482
v 0.0210974 0.0396237 -0.0220197
v 0.0169114 0.0415829 -0.0220197
v 0.0176639 0.0434331 -0.0173653
v 0.0131044 0.0450191 -0.0173653
v 0.0135282 0.046475 -0.0125326
v 0.00867788 0.0476196 -0.0125326
v 0.00886067 0.0486227 -0.00757139
v 0.00381427 0.049276 -0.00757139
v 0.00385382 0.0497869 -0.00253246
v -0.00128574 0.0499193 -0.00253246
v -0.00128574 0.0499193 0.00253246
v -0.00641168 0.0495225 0.00253246
v -0.00634589 0.0490143 0.00757139
v -0.011352 0.0481021 0.00757139
v -0.0111178 0.0471097 0.0125326
v -0.0159027 0.0457169 0.0125326
v -0.0154046 0.0442848 0.0173653
v -0.0198763 0.0424662 0.0173653
v -0.0190296 0.0406572 0.0220197
v -0.0231092 0.038485 0.0220197
v -0.0218438 0.0363778 0.0264482
v -0.0254684 0.0339389 0.0264482
v -0.0237317 0.0316247 0.0306053
v -0.0268576 0.0290169 0.0306053
v -0.0246166 0.0265957 0.0344483
v -0.0272208 0.0239237 0.0344483
v -0.0244633 0.0215002 0.0379379
v -0.0265444 0.0188709 0.0379379
v -0.02328 0.0165502 0.0410382
v -0.0248583 0.0140689 0.0410382
v -0.0211176 0.0119517 0.0437173
v -0.0222345 0.00971705 0.0437173
v -0.0180677 0.00789607 0.0459479
v -0.0187839 0.00599647 0.0459479
v -0.0142592 0.00455204 0.047707
v -0.0146517 0.00306177 0.047707
v -0.00985211 0.0020588 0.0489765
v -0.0100116 0.00103489 0.0489765
v -0.00503161 0.000520111 0.0497435
v -0.00505842 6.19477e-19 0.0497435
v -3.06162e-18 3.7494e-34 0.05
v 0.0223971 0.0177267 -0.0410382
v 0.0197874 0.0152793 -0.0433013
v 0.0204557 0.0199357 -0.0410382
v 0.0173519 0.0179976 -0.0433013
v 0.0182975 0.0219333 -0.0410382
v 0.0145465 0.0203322 -0.0433013
v 0.0159453 0.0236984 -0.0410382
v 0.0114311 0.0222336 -0.0433013
v 0.0134241 0.0252123 -0.0410382
v 0.0107606 0.026459 -0.0410382
v 0.0122695 0.0301691 -0.0379379
v 0.00910246 0.0312708 -0.0379379
v 0.0101285 0.0347955 -0.0344483
v 0.00649707 0.0356525 -0.0344483
v 0.00708854 0.0388982 -0.0306053
v 0.00305142 0.0394209 -0.0306053
v 0.00327473 0.0423057 -0.0264482
v -0.00109254 0.0424181 -0.0264482
v -0.00115583 0.0448753 -0.0220197
v -0.00576383 0.0445187 -0.0220197
v -0.00602029 0.0464995 -0.0173653
v -0.0107695 0.045634 -0.0173653
v -0.0111178 0.0471097 -0.0125326
v -0.0159027 0.0457169 -0.0125326
v -0.0162377 0.0466799 -0.00757139
v -0.0209513 0.0447629 -0.00757139
v -0.0211685 0.045227 -0.00253246
v -0.0257066 0.0428107 -0.00253246
v -0.0257066 0.0428107 0.00253246
v -0.0299722 0.0399406 0.00253246
v -0.0296646 0.0395308 0.00757139
v -0.033572 0.0362711 0.00757139
v -0.0328794 0.0355229 0.0125326
v -0.0363577 0.0319539 0.0125326
v -0.0352188 0.030953 0.0173653
v -0.0382147 0.0271677 0.0173653
v -0.0365868 0.0260103 0.0220197
v -0.0390673 0.0221106 0.0220197
v -0.0369281 0.0208999 0.0264482
v -0.0388814 0.0169921 0.0264482
v -0.0362301 0.0158335 0.0306053
v -0.037666 0.0120243 0.0306053
v -0.0345232 0.011021 0.0344483
v -0.0354734 0.00741289 0.0344483
v -0.03188 0.00666198 0.0379379
v -0.032396 0.00334874 0.0379379
v -0.028412 0.00293692 0.0410382
v -0.0285634 3.49801e-18 0.0410382
v -0.0242651 2.97162e-18 0.0437173
v -0.0241365 -0.00249496 0.0437173
v -0.0196133 -0.0020274 0.0459479
v -0.0193009 -0.00403332 0.0459479
v -0.0146517 -0.00306177 0.047707
v -0.0142592 -0.00455204 0.047707
v -0.0095882 -0.00306089 0.0489765
v -0.0137161 -0.00599274 0.047707
v -0.00922292 -0.00402995 0.0489765
v -0.0130266 -0.00737254 0.047707
v -0.00875936 -0.00495746 0.0489765
v -0.0082032 -0.00583183 0.0489765
v -0.00412275 -0.00293095 0.0497435
v -0.00379954 -0.00333932 0.0497435
v -3.06162e-18 3.7494e-34 0.05
v 0.0114311 0.0222336 -0.0433013
v 0.00807201 0.023661 -0.0433013
v 0.0107606 0.026459 -0.0410382
v 0.00798306 0.0274252 -0.0410382
v 0.00910246 0.0312708 -0.0379379
v 0.00583893 0.0320409 -0.0379379
v 0.00649707 0.0356525 -0.0344483
v 0.00279681 0.0361316 -0.0344483
v 0.00305142 0.0394209 -0.0306053
v -0.00101804 0.0395257 -0.0306053
v -0.00109254 0.0424181 -0.0264482
v -0.00544823 0.042081 -0.0264482
v -0.00576383 0.0445187 -0.0220197
v -0.0103107 0.0436901 -0.0220197
v -0.0107695 0.045634 -0.0173653
v -0.0154046 0.0442848 -0.0173653
v -0.0159027 0.0457169 -0.0125326
v -0.0205191 0.0438395 -0.0125326
v -0.0209513 0.0447629 -0.00757139
v -0.0254428 0.0423714 -0.00757139
v -0.0257066 0.0428107 -0.00253246
v -0.0299722 0.0399406 -0.00253246
v -0.0299722 0.0399406 0.00253246
v -0.0339201 0.0366472 0.00253246
v -0.033572 0.0362711 0.00757139
v -0.0371235 0.032627 0.00757139
v -0.0363577 0.0319539 0.0125326
v -0.0394505 0.0280462 0.0125326
v -0.0382147 0.0271677 0.0173653
v -0.0408056 0.0230944 0.0173653
v -0.0390673 0.0221106 0.0220197
v -0.0411337 0.0179765 0.0220197
v -0.0388814 0.0169921 0.0264482
v -0.0404224 0.0129043 0.0264482
v -0.037666 0.0120243 0.0306053
v -0.0387028 0.00808774 0.0306053
v -0.0354734 0.00741289 0.0344483
v -0.0360476 0.0037262 0.0344483
v -0.032396 0.00334874 0.0379379
v -0.0325686 3.98851e-18 0.0379379
v -0.0285634 3.49801e-18 0.0410382
v -0.028412 -0.00293692 0.0410382
v -0.0241365 -0.00249496 0.0437173
v -0.023752 -0.00496348 0.0437173
v -0.0193009 -0.00403332 0.0459479
v -0.0187839 -0.00599647 0.0459479
v -0.0142592 -0.00455204 0.047707
v -0.0180688 -0.00789376 0.0459479
v -0.0137161 -0.00599274 0.047707
v -0.0171601 -0.00971196 0.0459479
v -0.0130266 -0.00737254 0.047707
v -0.0121995 -0.00867287 0.047707
v -0.0082032 -0.00583183 0.0489765
v -0.00756009 -0.00664438 0.0489765
v -0.00379954 -0.00333932 0.0497435
v -0.00343605 -0.0037123 0.0497435
v -3.06162e-18 3.7494e-34 0.05
v 0.00807201 0.023661 -0.0433013
v 0.00454092 0.0245841 -0.0433013
v 0.00798306 0.0274252 -0.0410382
v 0.00512087 0.0281006 -0.0410382
v 0.00583893 0.0320409 -0.0379379
v 0.0025135 0.0324715 -0.0379379
v 0.00279681 0.0361316 -0.0344483
v -0.000933095 0.0362276 -0.0344483
v -0.00101804 0.0395257 -0.0306053
v -0.00507672 0.0392115 -0.0306053
v -0.00544823 0.042081 -0.0264482
v -0.00974616 0.0412978 -0.0264482
v -0.0103107 0.0436901 -0.0220197
v -0.0147483 0.0423983 -0.0220197
v -0.0154046 0.0442848 -0.0173653
v -0.0198763 0.0424662 -0.0173653
v -0.0205191 0.0438395 -0.0125326
v -0.024918 0.0414973 -0.0125326
v -0.0254428 0.0423714 -0.00757139
v -0.0296646 0.0395308 -0.00757139
v -0.0299722 0.0399406 -0.00253246
v -0.0339201 0.0366472 -0.00253246
v -0.0339201 0.0366472 0.00253246
v -0.0375084 0.0329652 0.00253246
v -0.0371235 0.032627 0.00757139
v -0.0402815 0.028637 0.00757139
v -0.0394505 0.0280462 0.0125326
v -0.0421252 0.0238412 0.0125326
v -0.0408056 0.0230944 0.0173653
v -0.0429639 0.0187763 0.0173653
v -0.0411337 0.0179765 0.0220197
v -0.042764 0.0136518 0.0220197
v -0.0404224 0.0129043 0.0264482
v -0.041535 0.0086796 0.0264482
v -0.0387028 0.00808774 0.0306053
v -0.0393292 0.00406542 0.0306053
v -0.0360476 0.0037262 0.0344483
v -0.0362396 4.43808e-18 0.0344483
v -0.0325686 3.98851e-18 0.0379379
v -0.032396 -0.00334874 0.0379379
v -0.028412 -0.00293692 0.0410382
v -0.0279595 -0.0058427 0.0410382
v -0.023752 -0.00496348 0.0437173
v -0.0231158 -0.00737938 0.0437173
v -0.0187839 -0.00599647 0.0459479
v -0.0222361 -0.0097135 0.0437173
v -0.0180688 -0.00789376 0.0459479
v -0.0211176 -0.0119517 0.0437173
v -0.0171601 -0.00971196 0.0459479
v -0.0160706 -0.0114249 0.0459479
v -0.0121995 -0.00867287 0.047707
v -0.0112431 -0.00988126 0.047707
v -0.00756009 -0.00664438 0.0489765
v -0.00683684 -0.0073865 0.0489765
v -0.00343605 -0.0037123 0.0497435
v -0.00303613 -0.00404592 0.0497435
v -3.06162e-18 3.7494e-34 0.05
v 0.00512087 0.0281006 -0.0410382
v 0.00454092 0.0245841 -0.0433013
v 0.00220439 0.0284782 -0.0410382
v 0.000913051 0.0249833 -0.0433013
v -0.000735448 0.0285539 -0.0410382
v -0.00273428 0.02485 -0.0433013
v -0.00366749 0.028327 -0.0410382
v -0.00656067 0.0277997 -0.0410382
v -0.00748061 0.0316979 -0.0379379
v -0.0107002 0.0307607 -0.0379379
v -0.0119063 0.0342279 -0.0344483
v -0.0153625 0.0328223 -0.0344483
v -0.0167611 0.0358104 -0.0306053
v -0.0203543 0.0338972 -0.0306053
v -0.0218438 0.0363778 -0.0264482
v -0.0254684 0.0339389 -0.0264482
v -0.0269438 0.035905 -0.0220197
v -0.0304927 0.0329443 -0.0220197
v -0.0318495 0.0344101 -0.0173653
v -0.0352188 0.030953 -0.0173653
v -0.0363577 0.0319539 -0.0125326
v -0.0394505 0.0280462 -0.0125326
v -0.0402815 0.028637 -0.00757139
v -0.0430125 0.0243434 -0.00757139
v -0.0434584 0.0245958 -0.00253246
v -0.045757 0.019997 -0.00253246
v -0.045757 0.019997 0.00253246
v -0.0458258 0.0199351 0.00160933
v -0.0458258 0.0194188 0.00478631
v -0.00632333 0.0241871 -0.0433013
v -0.00938429 0.0269778 -0.0410382
v -0.0138063 0.0294975 -0.0379379
v -0.0186559 0.0310688 -0.0344483
v -0.0237317 0.0316247 -0.0306053
v -0.0288231 0.0311404 -0.0264482
v -0.0337185 0.0296344 -0.0220197
v -0.0382147 0.0271677 -0.0173653
v -0.0421252 0.0238412 -0.0125326
v -0.0452875 0.0197918 -0.00757139
v -0.0458258 0.0194188 -0.00478631
v -0.0457881 0.0199258 -0.00253246
v -0.0458258 0.0199351 -0.00160933
v -0.00977762 0.0230087 -0.0433013
v -0.0121084 0.0258699 -0.0410382
v -0.0167661 0.0279216 -0.0379379
v -0.0217515 0.0289859 -0.0344483
v -0.0268576 0.0290169 -0.0306053
v -0.0318722 0.0280117 -0.0264482
v -0.0365868 0.0260103 -0.0220197
v -0.0408056 0.0230944 -0.0173653
v -0.0443533 0.0193835 -0.0125326
v -0.0443773 0.0193285 -0.0125326
v -0.0453151 0.0197285 -0.00757139
v -0.0458258 0.0183996 -0.00783933
v -0.0130235 0.0213398 -0.0433013
v -0.0147042 0.0244878 -0.0410382
v -0.0195482 0.0260497 -0.0379379
v -0.0246166 0.0265957 -0.0344483
v -0.0296988 0.0261016 -0.0306053
v -0.0345835 0.0245861 -0.0264482
v -0.0390673 0.0221106 -0.0220197
v -0.0429639 0.0187763 -0.0173653
v -0.0429842 0.0187299 -0.0173653
v -0.0458258 0.0149702 -0.0132625
v -0.0458258 0.0169038 -0.0106893
v -0.0171442 0.0228461 -0.0410382
v -0.0159918 0.0192162 -0.0433013
v -0.0194024 0.0209623 -0.0410382
v -0.0186193 0.016683 -0.0433013
v -0.0214549 0.0188562 -0.0410382
v -0.02328 0.0165502 -0.0410382
v -0.0265444 0.0188709 -0.0379379
v -0.028344 0.0160416 -0.0379379
v -0.0315388 0.0178498 -0.0344483
v -0.033207 0.0145123 -0.0344483
v -0.0362301 0.0158335 -0.0306053
v -0.0332135 0.0144974 -0.0344483
v -0.0362397 0.0158115 -0.0306053
v -0.0345232 0.011021 -0.0344483
v -0.037666 0.0120243 -0.0306053
v -0.0387028 0.00808774 -0.0306053
v -0.041535 0.0086796 -0.0264482
v -0.0422073 0.00436292 -0.0264482
v -0.0446523 0.00461566 -0.0220197
v -0.0208499 0.0137942 -0.0433013
v -0.0248583 0.0140689 -0.0410382
v -0.0298432 0.0130422 -0.0379379
v -0.031026 0.0099046 -0.0379379
v -0.0354734 0.00741289 -0.0344483
v -0.0393292 0.00406542 -0.0306053
v -0.0226362 0.0106114 -0.0433013
v -0.0261731 0.0114383 -0.0410382
v -0.0272105 0.00868656 -0.0410382
v -0.03188 0.00666198 -0.0379379
v -0.0360476 0.0037262 -0.0344483
v -0.02394 0.00720248 -0.0433013
v -0.0279595 0.0058427 -0.0410382
v -0.032396 0.00334874 -0.0379379
v -0.0247336 0.00364003 -0.0433013
v -0.028412 0.00293692 -0.0410382
v -0.025 -3.06162e-18 -0.0433013
v 0.0458258 -0.02 2.44929e-18
v 0.0458258 -0.019741 0.00320823
v 0.0446669 -0.022326 0.00253246
v 0.0442086 -0.0220969 0.00757139
v 0.0421346 -0.0268004 0.00253246
v 0.0417023 -0.0265254 0.00757139
v 0.0391557 -0.0309906 0.00253246
v 0.0458258 -0.0189707 0.00633336
v 0.0458258 -0.0177091 0.00929446
v 0.0432966 -0.0216411 0.0125326
v 0.0452923 -0.0170746 0.0125326
v 0.0438735 -0.0165397 0.0173653
v 0.0458258 -0.0138545 0.014424
v 0.0453416 -0.0119409 0.0173653
v 0.0458258 -0.0113613 0.0164597
v 0.0458258 -0.00857385 0.018069
v 0.0458258 -0.0159889 0.0120148
v 0.0458258 -0.00556435 0.0192104
v 0.0443555 -0.00690818 0.0220197
v 0.0434101 -0.0114322 0.0220197
v 0.0448307 -0.00231089 0.0220197
v 0.0458258 -0.00241073 0.0198542
v 0.0458258 0.000805319 0.0199838
v 0.0448307 0.00231089 0.0220197
v 0.0458258 0.00400051 0.0195958
v 0.0443617 0.00686819 0.0220197
v 0.0458258 0.0070921 0.0187003
v 0.0458258 0.01 0.0173205
v 0.0458258 0.0126489 0.0154921
v 0.0453416 0.0119409 0.0173653
v 0.0434101 0.0114322 0.0220197
v 0.0419321 0.00649555 0.0264482
v 0.042376 0.00218436 0.0264482
v 0.0394864 0.00203541 0.0306053
v 0.042376 -0.00218436 0.0264482
v 0.0394864 -0.00203541 0.0306053
v 0.0419268 -0.00652992 0.0264482
v 0.0438735 0.0165397 0.0173653
v 0.0458258 0.0149702 0.0132625
v 0.0452923 0.0170746 0.0125326
v 0.0458258 0.0169038 0.0106893
v 0.0458258 0.0183996 0.00783933
v 0.0458258 0.0194188 0.00478631
v 0.0442086 0.0220969 0.00757139
v 0.0432966 0.0216411 0.0125326
v 0.0419404 0.0209632 0.0173653
v 0.0401537 0.0200701 0.0220197
v 0.0420045 0.0158351 0.0220197
v 0.0379551 0.0189712 0.0264482
v 0.0397045 0.0149681 0.0264482
v 0.0353669 0.0176775 0.0306053
v 0.0369971 0.0139474 0.0306053
v 0.0324159 0.0162025 0.0344483
v 0.03391 0.0127836 0.0344483
v 0.0291322 0.0145612 0.0379379
v 0.030475 0.0114886 0.0379379
v 0.0255496 0.0127705 0.0410382
v 0.0446669 0.022326 0.00253246
v 0.0458258 0.0199351 0.00160933
v 0.0458258 0.0199351 -0.00160933
v 0.0446669 0.022326 -0.00253246
v 0.0458258 0.0194188 -0.00478631
v 0.0442086 0.0220969 -0.00757139
v 0.0458258 0.0183996 -0.00783933
v 0.0458258 0.0126489 -0.0154921
v 0.0458258 0.01 -0.0173205
v 0.0453416 0.0119409 -0.0173653
v 0.0458258 0.000805319 -0.0199838
v 0.0458258 -0.00241073 -0.0198542
v 0.0448307 -0.00231089 -0.0220197
v 0.0458258 -0.00556435 -0.0192104
v 0.0443555 -0.00690818 -0.0220197
v 0.0458258 -0.00857385 -0.018069
v 0.0434101 -0.0114322 -0.0220197
v 0.0453416 -0.0119409 -0.0173653
v 0.0420045 -0.0158351 -0.0220197
v 0.0438735 -0.0165397 -0.0173653
v 0.0426362 -0.0195089 -0.0173653
v 0.0458258 -0.0113613 -0.0164597
v 0.0458258 -0.0138545 -0.014424
v 0.0458258 -0.0159889 -0.0120148
v 0.0458258 -0.0177091 -0.00929446
v 0.0452923 -0.0170746 -0.0125326
v 0.0441158 -0.0199181 -0.0125326
v 0.0458258 -0.0189707 -0.00633336
v 0.0458258 -0.019741 -0.00320823
v 0.0451468 -0.0201107 -0.00757139
v 0.0442086 -0.0220969 -0.00757139
v -0.0458258 -0.019741 -0.00320823
v -0.0457665 -0.0199754 -0.00253246
v -0.0458258 -0.02 -2.44929e-18
v -0.0457666 -0.0199751 0.00253246
v -0.0458258 -0.019741 0.00320823
v -0.0458258 -0.0189707 0.00633336
v -0.0452964 -0.0197715 0.00757139
v -0.0458258 -0.0177091 0.00929446
v -0.0443613 -0.0193651 0.0125326
v -0.0458258 -0.0159889 0.0120148
v -0.0429711 -0.0187598 0.0173653
v -0.0446668 -0.0142592 0.0173653
v -0.042764 -0.0136518 0.0220197
v -0.0458258 -0.0113613 0.0164597
v -0.0439411 -0.00918239 0.0220197
v -0.0458258 -0.00857385 0.018069
v -0.0458258 -0.00556435 0.0192104
v -0.0446523 -0.00461566 0.0220197
v -0.0458258 -0.00241073 0.0198542
v -0.0448902 5.49747e-18 0.0220197
v -0.0458258 0.000805319 0.0199838
v -0.0446523 0.00461566 0.0220197
v -0.0458258 0.00400051 0.0195958
v -0.0458258 0.0070921 0.0187003
v -0.0439411 0.00918239 0.0220197
v -0.0458258 0.01 0.0173205
v -0.042764 0.0136518 0.0220197
v -0.0446668 0.0142592 0.0173653
v -0.0429639 0.0187763 0.0173653
v -0.0458258 0.0149702 0.0132625
v -0.0443533 0.0193835 0.0125326
v -0.0458258 0.0169038 0.0106893
v -0.0458258 0.0183996 0.00783933
v -0.0452875 0.0197918 0.00757139
v -0.0458258 0.0194188 0.00478631
v -0.045757 0.019997 0.00253246
v -0.0458258 -0.019741 -0.00320823
v -0.0458258 -0.0189707 -0.00633336
v -0.0457665 -0.0199754 -0.00253246
v -0.0452959 -0.0197726 -0.00757139
v -0.0434584 -0.0245958 -0.00253246
v -0.0430125 -0.0243434 -0.00757139
v -0.0406991 -0.0289339 -0.00253246
v -0.0402815 -0.028637 -0.00757139
v -0.0375084 -0.0329652 -0.00253246
v -0.0371235 -0.032627 -0.00757139
v -0.0339201 -0.0366472 -0.00253246
v -0.033572 -0.0362711 -0.00757139
v -0.0299722 -0.0399406 -0.00253246
v -0.0296646 -0.0395308 -0.00757139
v -0.0257066 -0.0428107 -0.00253246
v -0.0254428 -0.0423714 -0.00757139
v -0.0211685 -0.045227 -0.00253246
v -0.0209513 -0.0447629 -0.00757139
v -0.016406 -0.0471638 -0.00253246
v -0.0458258 -0.0177091 -0.00929446
v -0.0443605 -0.0193669 -0.0125326
v -0.0421252 -0.0238412 -0.0125326
v -0.0394505 -0.0280462 -0.0125326
v -0.0363577 -0.0319539 -0.0125326
v -0.0328794 -0.0355229 -0.0125326
v -0.0290527 -0.0387153 -0.0125326
v -0.024918 -0.0414973 -0.0125326
v -0.0458258 -0.0159889 -0.0120148
v -0.0458258 -0.0138545 -0.014424
v -0.0429701 -0.0187623 -0.0173653
v -0.0446668 -0.0142592 -0.0173653
v -0.042764 -0.0136518 -0.0220197
v -0.0439411 -0.00918239 -0.0220197
v -0.041535 -0.0086796 -0.0264482
v -0.0422073 -0.00436292 -0.0264482
v -0.0393292 -0.00406542 -0.0306053
v -0.0395388 4.8421e-18 -0.0306053
v -0.0362396 4.43808e-18 -0.0344483
v -0.0458258 -0.0113613 -0.0164597
v -0.0458258 -0.00857385 -0.018069
v -0.0458258 -0.00556435 -0.0192104
v -0.0446523 -0.00461566 -0.0220197
v -0.0458258 -0.00241073 -0.0198542
v -0.0448902 -5.49747e-18 -0.0220197
v -0.0458258 0.000805319 -0.0199838
v -0.0458258 0.00400051 -0.0195958
v -0.0458258 0.0070921 -0.0187003
v -0.0446523 0.00461566 -0.0220197
v -0.0439411 0.00918239 -0.0220197
v -0.041535 0.0086796 -0.0264482
v -0.0404224 0.0129043 -0.0264482
v -0.037666 0.0120243 -0.0306053
v -0.0388943 0.0169624 -0.0264482
v -0.0362397 0.0158115 -0.0306053
v -0.0388814 0.0169921 -0.0264482
v -0.0362301 0.0158335 -0.0306053
v -0.03441 0.0194748 -0.0306053
v -0.0315388 0.0178498 -0.0344483
v -0.0295363 0.020998 -0.0344483
v -0.0265444 0.0188709 -0.0379379
v -0.0244633 0.0215002 -0.0379379
v -0.0214549 0.0188562 -0.0410382
v -0.0194024 0.0209623 -0.0410382
v -0.0458258 0.01 -0.0173205
v -0.042764 0.0136518 -0.0220197
v -0.0411502 0.0179385 -0.0220197
v -0.0411337 0.0179765 -0.0220197
v -0.0369281 0.0208999 -0.0264482
v -0.0322252 0.0229096 -0.0306053
v -0.0272208 0.0239237 -0.0344483
v -0.022123 0.0239016 -0.0379379
v -0.0171442 0.0228461 -0.0410382
v -0.0446668 0.0142592 -0.0173653
v -0.0458258 0.0126489 -0.0154921
v -0.0458258 0.0149702 -0.0132625
v -0.0458258 0.0169038 -0.0106893
v -0.0458258 0.0183996 -0.00783933
v -0.0443773 0.0193285 -0.0125326
v -0.0458258 0.0149702 0.0132625
v -0.0458258 0.0126489 0.0154921
v -0.0446668 0.0142592 0.0173653
v -0.0458258 0.01 0.0173205
v -0.0458258 -0.0113613 0.0164597
v -0.0458258 -0.0138545 0.014424
v -0.0446668 -0.0142592 0.0173653
v -0.0458258 -0.0159889 0.0120148
v -0.00481883 0.00153834 0.0497435
v -3.06162e-18 3.7494e-34 0.05
v -0.00463511 0.00202566 0.0497435
v -0.00440226 0.00249151 0.0497435
v -0.00412275 0.00293095 0.0497435
v -0.00260404 0.00433665 0.0497435
v -0.00214434 0.00458142 0.0497435
v -0.0016619 0.00477762 0.0497435
v -0.00116186 0.00492318 0.0497435
v -0.000649492 0.00501655 0.0497435
v -0.000130244 0.00505674 0.0497435
v 0.000390386 0.00504333 0.0497435
v 0.000906877 0.00497646 0.0497435
v 0.00141375 0.00485684 0.0497435
v 0.00190565 0.00468573 0.0497435
v 0.00237734 0.00446496 0.0497435
v 0.00282383 0.00419685 0.0497435
v 0.00426817 0.00271483 0.0497435
v 0.00452469 0.00226159 0.0497435
v 0.00473324 0.00178437 0.0497435
v 0.00489163 0.00128823 0.0497435
v 0.00499822 0.000778033 0.0497435
v 0.00473324 -0.00178437 0.0497435
v 0.00452469 -0.00226159 0.0497435
v 0.00426817 -0.00271483 0.0497435
v 0.0039664 -0.0031393 0.0497435
v 0.0036226 -0.00353049 0.0497435
v 0.00324039 -0.00388426 0.0497435
v 0.00282383 -0.00419685 0.0497435
v -3.06162e-18 3.7494e-34 0.05
v 0.00237734 -0.00446496 0.0497435
v 0.00190565 -0.00468573 0.0497435
v 0.00141375 -0.00485684 0.0497435
v 0.000906877 -0.00497646 0.0497435
v 0.000390386 -0.00504333 0.0497435
v -0.000130244 -0.00505674 0.0497435
v -0.000649492 -0.00501655 0.0497435
v -0.00116186 -0.00492318 0.0497435
v -0.0016619 -0.00477762 0.0497435
v -0.00214434 -0.00458142 0.0497435
v -0.00260404 -0.00433665 0.0497435
v -0.00303613 -0.00404592 0.0497435
v -0.00412275 -0.00293095 0.0497435
v -0.00440226 -0.00249151 0.0497435
v -0.00463518 -0.00202551 0.0497435
v -0.00495146 -0.00103471 0.0497435
v -0.00503161 -0.000520111 0.0497435
v -0.00505842 6.19477e-19 0.0497435
v -0.0325686 3.98851e-18 -0.0379379
v -0.0285634 3.49801e-18 -0.0410382
v -0.032396 -0.00334874 -0.0379379
v -0.028412 -0.00293692 -0.0410382
v -0.03188 -0.00666198 -0.0379379
v -0.0279595 -0.0058427 -0.0410382
v -0.031026 -0.0099046 -0.0379379
v -0.0272105 -0.00868656 -0.0410382
v -0.0298443 -0.0130396 -0.0379379
v -0.0362396 4.43808e-18 -0.0344483
v -0.0360476 -0.0037262 -0.0344483
v -0.0354734 -0.00741289 -0.0344483
v -0.0345232 -0.011021 -0.0344483
v -0.033209 -0.0145078 -0.0344483
v -0.0315388 -0.0178498 -0.0344483
v -0.0446523 -0.00461566 -0.0220197
v -0.0448902 -5.49747e-18 -0.0220197
v -0.0424322 5.19645e-18 -0.0264482
v -0.0422073 -0.00436292 -0.0264482
v -0.0395388 4.8421e-18 -0.0306053
v -0.0448902 5.49747e-18 0.0220197
v -0.0424322 5.19645e-18 0.0264482
v -0.0446523 0.00461566 0.0220197
v -0.0422073 0.00436292 0.0264482
v -0.0439411 0.00918239 0.0220197
v -0.041535 0.0086796 0.0264482
v -0.042764 0.0136518 0.0220197
v -0.0395388 4.8421e-18 0.0306053
v -0.0393292 0.00406542 0.0306053
v -0.0422073 -0.00436292 0.0264482
v -0.0446523 -0.00461566 0.0220197
v -0.041535 -0.0086796 0.0264482
v -0.0439411 -0.00918239 0.0220197
v -0.0404224 -0.0129043 0.0264482
v -0.042764 -0.0136518 0.0220197
v -0.04114 -0.017962 0.0220197
v -0.0429711 -0.0187598 0.0173653
v -0.0408056 -0.0230944 0.0173653
v -0.0421252 -0.0238412 0.0125326
v -0.0382147 -0.0271677 0.0173653
v -0.0394505 -0.0280462 0.0125326
v -0.0352188 -0.030953 0.0173653
v -0.0363577 -0.0319539 0.0125326
v -0.0318495 -0.0344101 0.0173653
v -0.0328794 -0.0355229 0.0125326
v -0.0281426 -0.0375025 0.0173653
v -0.0290527 -0.0387153 0.0125326
v -0.0241374 -0.0401974 0.0173653
v -0.024918 -0.0414973 0.0125326
v -0.0198763 -0.0424662 0.0173653
v -0.0205191 -0.0438395 0.0125326
v -0.0154046 -0.0442848 0.0173653
v -0.0159027 -0.0457169 0.0125326
v -0.0107695 -0.045634 0.0173653
v -0.0111178 -0.0471097 0.0125326
v -0.00602029 -0.0464995 0.0173653
v -0.00621498 -0.0480032 0.0125326
v -0.00120726 -0.0468721 0.0173653
v -0.0012463 -0.0483878 0.0125326
v 0.00361857 -0.0467478 0.0173653
v -0.0393292 0.00406542 0.0306053
v -0.0395388 4.8421e-18 0.0306053
v -0.0362396 4.43808e-18 0.0344483
v -0.0360476 -0.0037262 0.0344483
v -0.032396 -0.00334874 0.0379379
v -0.03188 -0.00666198 0.0379379
v -0.0279595 -0.0058427 0.0410382
v -0.0272105 -0.00868656 0.0410382
v -0.0231158 -0.00737938 0.0437173
v -0.0261753 -0.0114333 0.0410382
v -0.0222361 -0.0097135 0.0437173
v -0.0248583 -0.0140689 0.0410382
v -0.0211176 -0.0119517 0.0437173
v -0.0197767 -0.0140597 0.0437173
v -0.0160706 -0.0114249 0.0459479
v -0.0148107 -0.0130167 0.0459479
v -0.0112431 -0.00988126 0.047707
v -0.0101675 -0.0109849 0.047707
v -0.00683684 -0.0073865 0.0489765
v -0.00604111 -0.00805032 0.0489765
v -0.00303613 -0.00404592 0.0497435
v -0.00260404 -0.00433665 0.0497435
v -0.0424322 5.19645e-18 0.0264482
v -0.0393292 -0.00406542 0.0306053
v -0.0422073 -0.00436292 0.0264482
v -0.0387028 -0.00808774 0.0306053
v -0.041535 -0.0086796 0.0264482
v -0.037666 -0.0120243 0.0306053
v -0.0404224 -0.0129043 0.0264482
v -0.0388868 -0.0169797 0.0264482
v -0.04114 -0.017962 0.0220197
v -0.0390673 -0.0221106 0.0220197
v -0.0408056 -0.0230944 0.0173653
v -0.0365868 -0.0260103 0.0220197
v -0.0382147 -0.0271677 0.0173653
v -0.0337185 -0.0296344 0.0220197
v -0.0352188 -0.030953 0.0173653
v -0.0304927 -0.0329443 0.0220197
v -0.0318495 -0.0344101 0.0173653
v -0.0269438 -0.035905 0.0220197
v -0.0281426 -0.0375025 0.0173653
v -0.0231092 -0.038485 0.0220197
v -0.0241374 -0.0401974 0.0173653
v -0.0190296 -0.0406572 0.0220197
v -0.0198763 -0.0424662 0.0173653
v -0.0147483 -0.0423983 0.0220197
v -0.0154046 -0.0442848 0.0173653
v -0.0103107 -0.0436901 0.0220197
v -0.0107695 -0.045634 0.0173653
v -0.00576383 -0.0445187 0.0220197
v -0.00602029 -0.0464995 0.0173653
v -0.00115583 -0.0448753 0.0220197
v -0.00120726 -0.0468721 0.0173653
v 0.00346442 -0.0447563 0.0220197
v 0.00361857 -0.0467478 0.0173653
v 0.00804795 -0.0441629 0.0220197
v -0.0242651 2.97162e-18 0.0437173
v -0.0197178 2.41473e-18 0.0459479
v -0.0241365 0.00249496 0.0437173
v -0.0196133 0.0020274 0.0459479
v -0.023752 0.00496348 0.0437173
v -0.0193009 0.00403332 0.0459479
v -0.0231158 0.00737938 0.0437173
v -0.0187839 0.00599647 0.0459479
v -0.0222345 0.00971705 0.0437173
v -0.0149682 1.83307e-18 0.047707
v -0.0148888 0.00153904 0.047707
v -0.0146517 0.00306177 0.047707
v -0.0196133 -0.0020274 0.0459479
v -0.0148888 -0.00153904 0.047707
v -0.0100116 -0.00103489 0.0489765
v -0.0100649 1.2326e-18 0.0489765
v -0.00503161 -0.000520111 0.0497435
v -0.00505842 6.19477e-19 0.0497435
v -0.0100116 0.00103489 0.0489765
v -3.06162e-18 3.7494e-34 0.05
v -0.00481883 -0.00153834 0.0497435
v -0.00463518 -0.00202551 0.0497435
v -0.00922292 -0.00402995 0.0489765
v -0.00875936 -0.00495746 0.0489765
v -0.0362396 4.43808e-18 -0.0344483
v -0.0360476 -0.0037262 -0.0344483
v -0.0393292 -0.00406542 -0.0306053
v -0.0387028 -0.00808774 -0.0306053
v -0.041535 -0.0086796 -0.0264482
v -0.0404224 -0.0129043 -0.0264482
v -0.042764 -0.0136518 -0.0220197
v -0.0411387 -0.017965 -0.0220197
v -0.0429701 -0.0187623 -0.0173653
v -0.0408056 -0.0230944 -0.0173653
v -0.0421252 -0.0238412 -0.0125326
v -0.0394505 -0.0280462 -0.0125326
v -0.0354734 -0.00741289 -0.0344483
v -0.0439411 -0.00918239 -0.0220197
v -0.0446523 -0.00461566 -0.0220197
v -0.0422073 -0.00436292 -0.0264482
v -0.037666 -0.0120243 -0.0306053
v -0.0345232 -0.011021 -0.0344483
v -0.036233 -0.0158268 -0.0306053
v -0.033209 -0.0145078 -0.0344483
v -0.03441 -0.0194748 -0.0306053
v -0.0315388 -0.0178498 -0.0344483
v -0.0322252 -0.0229096 -0.0306053
v -0.0388853 -0.0169831 -0.0264482
v -0.0390673 -0.0221106 -0.0220197
v -0.0382147 -0.0271677 -0.0173653
v -0.0363577 -0.0319539 -0.0125326
v -0.0369281 -0.0208999 -0.0264482
v -0.0345835 -0.0245861 -0.0264482
v -0.0318722 -0.0280117 -0.0264482
v -0.0365868 -0.0260103 -0.0220197
v -0.0352188 -0.030953 -0.0173653
v -0.0328794 -0.0355229 -0.0125326
v -0.0443605 -0.0193669 -0.0125326
v -0.0457666 -0.0199751 0.00253246
v -0.0457665 -0.0199754 -0.00253246
v -0.0434584 -0.0245958 0.00253246
v -0.0434584 -0.0245958 -0.00253246
v -0.0406991 -0.0289339 0.00253246
v -0.0406991 -0.0289339 -0.00253246
v -0.0375084 -0.0329652 0.00253246
v -0.0375084 -0.0329652 -0.00253246
v -0.0339201 -0.0366472 0.00253246
v -0.0339201 -0.0366472 -0.00253246
v -0.0299722 -0.0399406 0.00253246
v -0.0299722 -0.0399406 -0.00253246
v -0.0257066 -0.0428107 0.00253246
v -0.0257066 -0.0428107 -0.00253246
v -0.0211685 -0.045227 0.00253246
v -0.0211685 -0.045227 -0.00253246
v -0.016406 -0.0471638 0.00253246
v -0.016406 -0.0471638 -0.00253246
v -0.0114696 -0.0486008 0.00253246
v -0.0443613 -0.0193651 0.0125326
v -0.0452964 -0.0197715 0.00757139
v -0.0430125 -0.0243434 0.00757139
v -0.0402815 -0.028637 0.00757139
v -0.0371235 -0.032627 0.00757139
v -0.033572 -0.0362711 0.00757139
v -0.0296646 -0.0395308 0.00757139
v -0.0254428 -0.0423714 0.00757139
v -0.0209513 -0.0447629 0.00757139
v -0.0162377 -0.0466799 0.00757139
v -0.011352 -0.0481021 0.00757139
v -0.00634589 -0.0490143 0.00757139
v -0.0429711 -0.0187598 0.0173653
v -0.0421252 -0.0238412 0.0125326
v -0.0394505 -0.0280462 0.0125326
v -0.0363577 -0.0319539 0.0125326
v -0.0328794 -0.0355229 0.0125326
v -0.0290527 -0.0387153 0.0125326
v -0.024918 -0.0414973 0.0125326
v -0.0205191 -0.0438395 0.0125326
v -0.0159027 -0.0457169 0.0125326
v -0.0111178 -0.0471097 0.0125326
v -0.00621498 -0.0480032 0.0125326
v -0.0012463 -0.0483878 0.0125326
v -0.0390673 -0.0221106 0.0220197
v -0.0369281 -0.0208999 0.0264482
v -0.0388868 -0.0169797 0.0264482
v -0.0362346 -0.015823 0.0306053
v -0.037666 -0.0120243 0.0306053
v -0.0345232 -0.011021 0.0344483
v -0.0387028 -0.00808774 0.0306053
v -0.0354734 -0.00741289 0.0344483
v -0.0393292 -0.00406542 0.0306053
v -0.0360476 -0.0037262 0.0344483
v -0.0395388 4.8421e-18 0.0306053
v -0.03441 -0.0194748 0.0306053
v -0.0332107 -0.0145038 0.0344483
v -0.031026 -0.0099046 0.0379379
v -0.03188 -0.00666198 0.0379379
v -0.0345835 -0.0245861 0.0264482
v -0.0365868 -0.0260103 0.0220197
v -0.0318722 -0.0280117 0.0264482
v -0.0337185 -0.0296344 0.0220197
v -0.0288231 -0.0311404 0.0264482
v -0.0304927 -0.0329443 0.0220197
v -0.0254684 -0.0339389 0.0264482
v -0.0269438 -0.035905 0.0220197
v -0.0218438 -0.0363778 0.0264482
v -0.0231092 -0.038485 0.0220197
v -0.0179876 -0.038431 0.0264482
v -0.0190296 -0.0406572 0.0220197
v -0.0139408 -0.0400768 0.0264482
v -0.0147483 -0.0423983 0.0220197
v -0.00974616 -0.0412978 0.0264482
v -0.0103107 -0.0436901 0.0220197
v -0.00544823 -0.042081 0.0264482
v -0.00576383 -0.0445187 0.0220197
v -0.00109254 -0.0424181 0.0264482
v -0.00115583 -0.0448753 0.0220197
v 0.00327473 -0.0423057 0.0264482
v 0.00346442 -0.0447563 0.0220197
v 0.00760728 -0.0417447 0.0264482
v 0.00804795 -0.0441629 0.0220197
v 0.0118592 -0.0407413 0.0264482
v -0.03441 -0.0194748 0.0306053
v -0.0315388 -0.0178498 0.0344483
v -0.0332107 -0.0145038 0.0344483
v -0.0298461 -0.0130356 0.0379379
v -0.031026 -0.0099046 0.0379379
v -0.0272105 -0.00868656 0.0410382
v -0.03188 -0.00666198 0.0379379
v -0.0369281 -0.0208999 0.0264482
v -0.0322252 -0.0229096 0.0306053
v -0.0345835 -0.0245861 0.0264482
v -0.0296988 -0.0261016 0.0306053
v -0.0318722 -0.0280117 0.0264482
v -0.0268576 -0.0290169 0.0306053
v -0.0288231 -0.0311404 0.0264482
v -0.0237317 -0.0316247 0.0306053
v -0.0254684 -0.0339389 0.0264482
v -0.0203543 -0.0338972 0.0306053
v -0.0218438 -0.0363778 0.0264482
v -0.0167611 -0.0358104 0.0306053
v -0.0179876 -0.038431 0.0264482
v -0.0129902 -0.037344 0.0306053
v -0.0139408 -0.0400768 0.0264482
v -0.00908158 -0.0384817 0.0306053
v -0.00974616 -0.0412978 0.0264482
v -0.00507672 -0.0392115 0.0306053
v -0.00544823 -0.042081 0.0264482
v -0.00101804 -0.0395257 0.0306053
v -0.00109254 -0.0424181 0.0264482
v 0.00305142 -0.0394209 0.0306053
v 0.00327473 -0.0423057 0.0264482
v 0.00708854 -0.0388982 0.0306053
v 0.00760728 -0.0417447 0.0264482
v 0.0110505 -0.0379632 0.0306053
v 0.0118592 -0.0407413 0.0264482
v 0.0148954 -0.0366257 0.0306053
v -0.0315388 -0.0178498 0.0344483
v -0.028344 -0.0160416 0.0379379
v -0.0298461 -0.0130356 0.0379379
v -0.0261753 -0.0114333 0.0410382
v -0.0272105 -0.00868656 0.0410382
v -0.03441 -0.0194748 0.0306053
v -0.0295363 -0.020998 0.0344483
v -0.0322252 -0.0229096 0.0306053
v -0.0272208 -0.0239237 0.0344483
v -0.0296988 -0.0261016 0.0306053
v -0.0246166 -0.0265957 0.0344483
v -0.0268576 -0.0290169 0.0306053
v -0.0217515 -0.0289859 0.0344483
v -0.0237317 -0.0316247 0.0306053
v -0.0186559 -0.0310688 0.0344483
v -0.0203543 -0.0338972 0.0306053
v -0.0153625 -0.0328223 0.0344483
v -0.0167611 -0.0358104 0.0306053
v -0.0119063 -0.0342279 0.0344483
v -0.0129902 -0.037344 0.0306053
v -0.0083238 -0.0352708 0.0344483
v -0.00908158 -0.0384817 0.0306053
v -0.00465311 -0.0359397 0.0344483
v -0.00507672 -0.0392115 0.0306053
v -0.000933095 -0.0362276 0.0344483
v -0.00101804 -0.0395257 0.0306053
v 0.00279681 -0.0361316 0.0344483
v 0.00305142 -0.0394209 0.0306053
v 0.00649707 -0.0356525 0.0344483
v 0.00708854 -0.0388982 0.0306053
v 0.0101285 -0.0347955 0.0344483
v 0.0110505 -0.0379632 0.0306053
v 0.0136525 -0.0335696 0.0344483
v 0.0148954 -0.0366257 0.0306053
v 0.0170318 -0.031988 0.0344483
v -0.0261753 -0.0114333 0.0410382
v -0.028344 -0.0160416 0.0379379
v -0.0248583 -0.0140689 0.0410382
v -0.02328 -0.0165502 0.0410382
v -0.0197767 -0.0140597 0.0437173
v -0.0182263 -0.0160187 0.0437173
v -0.0148107 -0.0130167 0.0459479
v -0.0133938 -0.0144706 0.0459479
v -0.0101675 -0.0109849 0.047707
v -0.0089841 -0.0119721 0.047707
v -0.00604111 -0.00805032 0.0489765
v -0.00518135 -0.00862881 0.0489765
v -0.00260404 -0.00433665 0.0497435
v -0.00214434 -0.00458142 0.0497435
v -0.0315388 -0.0178498 0.0344483
v -0.0265444 -0.0188709 0.0379379
v -0.0295363 -0.020998 0.0344483
v -0.0244633 -0.0215002 0.0379379
v -0.0272208 -0.0239237 0.0344483
v -0.022123 -0.0239016 0.0379379
v -0.0246166 -0.0265957 0.0344483
v -0.0195482 -0.0260497 0.0379379
v -0.0217515 -0.0289859 0.0344483
v -0.0167661 -0.0279216 0.0379379
v -0.0186559 -0.0310688 0.0344483
v -0.0138063 -0.0294975 0.0379379
v -0.0153625 -0.0328223 0.0344483
v -0.0107002 -0.0307607 0.0379379
v -0.0119063 -0.0342279 0.0344483
v -0.00748061 -0.0316979 0.0379379
v -0.0083238 -0.0352708 0.0344483
v -0.00418176 -0.032299 0.0379379
v -0.00465311 -0.0359397 0.0344483
v -0.000838574 -0.0325578 0.0379379
v -0.000933095 -0.0362276 0.0344483
v 0.0025135 -0.0324715 0.0379379
v 0.00279681 -0.0361316 0.0344483
v 0.00583893 -0.0320409 0.0379379
v 0.00649707 -0.0356525 0.0344483
v 0.00910246 -0.0312708 0.0379379
v 0.0101285 -0.0347955 0.0344483
v 0.0122695 -0.0301691 0.0379379
v 0.0136525 -0.0335696 0.0344483
v 0.0153065 -0.0287476 0.0379379
v 0.0170318 -0.031988 0.0344483
v 0.0181812 -0.0270214 0.0379379
v -0.00412275 -0.00293095 0.0497435
v -0.00440226 -0.00249151 0.0497435
v -0.00875936 -0.00495746 0.0489765
v -0.00463518 -0.00202551 0.0497435
v -0.0095882 -0.00306089 0.0489765
v -0.00922292 -0.00402995 0.0489765
v -0.00481883 -0.00153834 0.0497435
v -0.0452964 -0.0197715 0.00757139
v -0.0457666 -0.0199751 0.00253246
v -0.0434584 -0.0245958 0.00253246
v -0.0365868 -0.0260103 -0.0220197
v -0.0345835 -0.0245861 -0.0264482
v -0.0337185 -0.0296344 -0.0220197
v -0.0318722 -0.0280117 -0.0264482
v -0.0304927 -0.0329443 -0.0220197
v -0.028344 -0.0160416 0.0379379
v -0.0265444 -0.0188709 0.0379379
v -0.02328 -0.0165502 0.0410382
v -0.0214549 -0.0188562 0.0410382
v -0.0182263 -0.0160187 0.0437173
v -0.0164826 -0.0178078 0.0437173
v -0.0133938 -0.0144706 0.0459479
v -0.0118349 -0.0157711 0.0459479
v -0.0089841 -0.0119721 0.047707
v -0.0077055 -0.0128324 0.047707
v -0.00518135 -0.00862881 0.0489765
v -0.00426667 -0.00911583 0.0489765
v -0.00214434 -0.00458142 0.0497435
v -0.0016619 -0.00477762 0.0497435
v -0.0244633 -0.0215002 0.0379379
v -0.0214549 -0.0188562 -0.0410382
v -0.0194024 -0.0209623 -0.0410382
v -0.022123 -0.0239016 -0.0379379
v -0.0195482 -0.0260497 -0.0379379
v -0.0217515 -0.0289859 -0.0344483
v -0.0186559 -0.0310688 -0.0344483
v -0.0203543 -0.0338972 -0.0306053
v -0.0167611 -0.0358104 -0.0306053
v -0.0179876 -0.038431 -0.0264482
v -0.0139408 -0.0400768 -0.0264482
v -0.0147483 -0.0423983 -0.0220197
v -0.0103107 -0.0436901 -0.0220197
v -0.0107695 -0.045634 -0.0173653
v -0.00602029 -0.0464995 -0.0173653
v -0.00621498 -0.0480032 -0.0125326
v -0.0012463 -0.0483878 -0.0125326
v -0.00127255 -0.049407 -0.00757139
v 0.00381427 -0.049276 -0.00757139
v 0.00385382 -0.0497869 -0.00253246
v 0.00895253 -0.0491268 -0.00253246
v 0.00895253 -0.0491268 0.00253246
v 0.0139563 -0.0479459 0.00253246
v 0.0138131 -0.0474539 0.00757139
v 0.0186192 -0.0457821 0.00757139
v 0.0182351 -0.0448377 0.0125326
v 0.0227487 -0.0427251 0.0125326
v 0.0220361 -0.0413867 0.0173653
v 0.0261747 -0.0389016 0.0173653
v 0.0250597 -0.0372444 0.0220197
v 0.0287564 -0.0344703 0.0220197
v 0.0271818 -0.0325829 0.0264482
v 0.0303879 -0.0296153 0.0264482
v 0.0283158 -0.0275959 0.0306053
v 0.0310031 -0.0245381 0.0306053
v 0.0284162 -0.0224907 0.0344483
v 0.0305781 -0.0194497 0.0344483
v 0.0274806 -0.0174795 0.0379379
v 0.0291322 -0.0145612 0.0379379
v 0.0255496 -0.0127705 0.0410382
v 0.0267273 -0.0100758 0.0410382
v 0.0227053 -0.00855956 0.0437173
v 0.023465 -0.00617962 0.0437173
v 0.0190677 -0.00502155 0.0459479
v 0.0194829 -0.00303438 0.0459479
v 0.0147899 -0.00230346 0.047707
v 0.0149483 -0.000770542 0.047707
v 0.0100516 -0.00051813 0.0489765
v 0.0100516 0.00051813 0.0489765
v 0.00505171 0.000260401 0.0497435
v 0.00994529 0.00154727 0.0489765
v 0.00499822 0.000778033 0.0497435
v 0.00973306 0.00256325 0.0489765
v 0.00489163 0.00128823 0.0497435
v 0.00473324 0.00178437 0.0497435
v -0.0304927 -0.0329443 -0.0220197
v -0.0318495 -0.0344101 -0.0173653
v -0.0337185 -0.0296344 -0.0220197
v -0.0352188 -0.030953 -0.0173653
v -0.0365868 -0.0260103 -0.0220197
v -0.0290527 -0.0387153 -0.0125326
v -0.0328794 -0.0355229 -0.0125326
v -0.0281426 -0.0375025 -0.0173653
v -0.0214549 -0.0188562 0.0410382
v -0.0244633 -0.0215002 0.0379379
v -0.0194024 -0.0209623 0.0410382
v -0.022123 -0.0239016 0.0379379
v -0.0171442 -0.0228461 0.0410382
v -0.0195482 -0.0260497 0.0379379
v -0.0147042 -0.0244878 0.0410382
v -0.0167661 -0.0279216 0.0379379
v -0.0121084 -0.0258699 0.0410382
v -0.0138063 -0.0294975 0.0379379
v -0.00938429 -0.0269778 0.0410382
v -0.0107002 -0.0307607 0.0379379
v -0.00656067 -0.0277997 0.0410382
v -0.00748061 -0.0316979 0.0379379
v -0.00366749 -0.028327 0.0410382
v -0.00418176 -0.032299 0.0379379
v -0.000735448 -0.0285539 0.0410382
v -0.000838574 -0.0325578 0.0379379
v 0.00220439 -0.0284782 0.0410382
v 0.0025135 -0.0324715 0.0379379
v 0.00512087 -0.0281006 0.0410382
v 0.00583893 -0.0320409 0.0379379
v 0.00798306 -0.0274252 0.0410382
v 0.00910246 -0.0312708 0.0379379
v 0.0107606 -0.026459 0.0410382
v 0.0122695 -0.0301691 0.0379379
v 0.0134241 -0.0252123 0.0410382
v 0.0153065 -0.0287476 0.0379379
v 0.0159453 -0.0236984 0.0410382
v 0.0181812 -0.0270214 0.0379379
v 0.0182975 -0.0219333 0.0410382
v -0.0214549 -0.0188562 0.0410382
v -0.0194024 -0.0209623 0.0410382
v -0.0164826 -0.0178078 0.0437173
v -0.0145643 -0.0194082 0.0437173
v -0.0118349 -0.0157711 0.0459479
v -0.0101506 -0.0169044 0.0459479
v -0.0077055 -0.0128324 0.047707
v -0.00634522 -0.0135567 0.047707
v -0.00426667 -0.00911583 0.0489765
v -0.00330675 -0.00950621 0.0489765
v -0.0016619 -0.00477762 0.0497435
v -0.00116186 -0.00492318 0.0497435
v -0.0171442 -0.0228461 0.0410382
v -0.0194024 -0.0209623 -0.0410382
v -0.0171442 -0.0228461 -0.0410382
v -0.0195482 -0.0260497 -0.0379379
v -0.0167661 -0.0279216 -0.0379379
v -0.0186559 -0.0310688 -0.0344483
v -0.0153625 -0.0328223 -0.0344483
v -0.0167611 -0.0358104 -0.0306053
v -0.0129902 -0.037344 -0.0306053
v -0.0139408 -0.0400768 -0.0264482
v -0.00974616 -0.0412978 -0.0264482
v -0.0103107 -0.0436901 -0.0220197
v -0.00576383 -0.0445187 -0.0220197
v -0.00602029 -0.0464995 -0.0173653
v -0.00120726 -0.0468721 -0.0173653
v -0.0012463 -0.0483878 -0.0125326
v 0.00373559 -0.0482595 -0.0125326
v 0.00381427 -0.049276 -0.00757139
v 0.00886067 -0.0486227 -0.00757139
v 0.00895253 -0.0491268 -0.00253246
v 0.0139563 -0.0479459 -0.00253246
v 0.0139563 -0.0479459 0.00253246
v 0.0188122 -0.0462568 0.00253246
v 0.0186192 -0.0457821 0.00757139
v 0.0232279 -0.043625 0.00757139
v 0.0227487 -0.0427251 0.0125326
v 0.0270211 -0.0401596 0.0125326
v 0.0261747 -0.0389016 0.0173653
v 0.0300359 -0.0360041 0.0173653
v 0.0287564 -0.0344703 0.0220197
v 0.0321482 -0.0313309 0.0220197
v 0.0303879 -0.0296153 0.0264482
v 0.0332719 -0.0263338 0.0264482
v 0.0310031 -0.0245381 0.0306053
v 0.0333619 -0.0212203 0.0306053
v 0.0305781 -0.0194497 0.0344483
v 0.0324159 -0.0162025 0.0344483
v 0.0291322 -0.0145612 0.0379379
v 0.030475 -0.0114886 0.0379379
v 0.0267273 -0.0100758 0.0410382
v 0.0276216 -0.00727428 0.0410382
v 0.023465 -0.00617962 0.0437173
v 0.0239761 -0.00373417 0.0437173
v 0.0194829 -0.00303438 0.0459479
v 0.0196916 -0.00101505 0.0459479
v 0.0149483 -0.000770542 0.047707
v 0.0149483 0.000770542 0.047707
v 0.0100516 0.00051813 0.0489765
v 0.0147904 0.00229982 0.047707
v 0.00994529 0.00154727 0.0489765
v 0.0144746 0.00381196 0.047707
v 0.00973306 0.00256325 0.0489765
v 0.00941792 0.00355042 0.0489765
v 0.00473324 0.00178437 0.0497435
v 0.00452469 0.00226159 0.0497435
v -0.024918 -0.0414973 -0.0125326
v -0.0290527 -0.0387153 -0.0125326
v -0.0281426 -0.0375025 -0.0173653
v -0.0145643 -0.0194082 0.0437173
v -0.0171442 -0.0228461 0.0410382
v -0.0124915 -0.0208028 0.0437173
v -0.0147042 -0.0244878 0.0410382
v -0.0102863 -0.021977 0.0437173
v -0.0121084 -0.0258699 0.0410382
v -0.00797211 -0.0229181 0.0437173
v -0.00938429 -0.0269778 0.0410382
v -0.0055734 -0.0236164 0.0437173
v -0.00656067 -0.0277997 0.0410382
v -0.0031156 -0.0240642 0.0437173
v -0.00366749 -0.028327 0.0410382
v -0.000624776 -0.0242571 0.0437173
v -0.000735448 -0.0285539 0.0410382
v 0.00187267 -0.0241927 0.0437173
v 0.00220439 -0.0284782 0.0410382
v 0.00435027 -0.023872 0.0437173
v 0.00512087 -0.0281006 0.0410382
v 0.00678175 -0.0232981 0.0437173
v 0.00798306 -0.0274252 0.0410382
v 0.00914134 -0.0224773 0.0437173
v 0.0107606 -0.026459 0.0410382
v 0.011404 -0.0214183 0.0437173
v 0.0134241 -0.0252123 0.0410382
v 0.0135458 -0.0201322 0.0437173
v 0.0159453 -0.0236984 0.0410382
v 0.0155441 -0.0186327 0.0437173
v 0.0182975 -0.0219333 0.0410382
v 0.0173775 -0.0169357 0.0437173
v -0.0171442 -0.0228461 -0.0410382
v -0.0147042 -0.0244878 -0.0410382
v -0.0167661 -0.0279216 -0.0379379
v -0.0138063 -0.0294975 -0.0379379
v -0.0153625 -0.0328223 -0.0344483
v -0.0119063 -0.0342279 -0.0344483
v -0.0129902 -0.037344 -0.0306053
v -0.00908158 -0.0384817 -0.0306053
v -0.00974616 -0.0412978 -0.0264482
v -0.00544823 -0.042081 -0.0264482
v -0.00576383 -0.0445187 -0.0220197
v -0.00115583 -0.0448753 -0.0220197
v -0.00120726 -0.0468721 -0.0173653
v 0.00361857 -0.0467478 -0.0173653
v 0.00373559 -0.0482595 -0.0125326
v 0.00867788 -0.0476196 -0.0125326
v 0.00886067 -0.0486227 -0.00757139
v 0.0138131 -0.0474539 -0.00757139
v 0.0139563 -0.0479459 -0.00253246
v 0.0188122 -0.0462568 -0.00253246
v 0.0188122 -0.0462568 0.00253246
v 0.0234687 -0.0440773 0.00253246
v 0.0232279 -0.043625 0.00757139
v 0.0275903 -0.0410055 0.00757139
v 0.0270211 -0.0401596 0.0125326
v 0.0310072 -0.0371684 0.0125326
v 0.0300359 -0.0360041 0.0173653
v 0.0335787 -0.0327249 0.0173653
v 0.0321482 -0.0313309 0.0220197
v 0.0351993 -0.0278593 0.0220197
v 0.0332719 -0.0263338 0.0264482
v 0.0358033 -0.0227732 0.0264482
v 0.0333619 -0.0212203 0.0306053
v 0.0353669 -0.0176775 0.0306053
v 0.0324159 -0.0162025 0.0344483
v 0.03391 -0.0127836 0.0344483
v 0.030475 -0.0114886 0.0379379
v 0.0314948 -0.00829429 0.0379379
v 0.0276216 -0.00727428 0.0410382
v 0.0282232 -0.00439564 0.0410382
v 0.0239761 -0.00373417 0.0437173
v 0.0242329 -0.00124914 0.0437173
v 0.0196916 -0.00101505 0.0459479
v 0.0196916 0.00101505 0.0459479
v 0.0149483 0.000770542 0.047707
v 0.0194839 0.00302799 0.0459479
v 0.0147904 0.00229982 0.047707
v 0.0190677 0.00502155 0.0459479
v 0.0144746 0.00381196 0.047707
v 0.014006 0.00528005 0.047707
v 0.00941792 0.00355042 0.0489765
v 0.00900295 0.00449997 0.0489765
v 0.00452469 0.00226159 0.0497435
v 0.00426817 0.00271483 0.0497435
v -0.0145643 -0.0194082 0.0437173
v -0.0124915 -0.0208028 0.0437173
v -0.0101506 -0.0169044 0.0459479
v -0.00835866 -0.0178584 0.0459479
v -0.00634522 -0.0135567 0.047707
v -0.00491767 -0.0141373 0.047707
v -0.00330675 -0.00950621 0.0489765
v -0.00231179 -0.00979583 0.0489765
v -0.00116186 -0.00492318 0.0497435
v -0.000649492 -0.00501655 0.0497435
v -0.0102863 -0.021977 0.0437173
v -0.00647813 -0.0186232 0.0459479
v -0.00797211 -0.0229181 0.0437173
v -0.00452894 -0.0191906 0.0459479
v -0.0055734 -0.0236164 0.0437173
v -0.00253173 -0.0195546 0.0459479
v -0.0031156 -0.0240642 0.0437173
v -0.000507692 -0.0197113 0.0459479
v -0.000624776 -0.0242571 0.0437173
v 0.00152173 -0.019659 0.0459479
v 0.00187267 -0.0241927 0.0437173
v 0.00353502 -0.0193983 0.0459479
v 0.00435027 -0.023872 0.0437173
v 0.00551084 -0.018932 0.0459479
v 0.00678175 -0.0232981 0.0437173
v 0.00742824 -0.0182651 0.0459479
v 0.00914134 -0.0224773 0.0437173
v 0.0092669 -0.0174045 0.0459479
v 0.011404 -0.0214183 0.0437173
v 0.0110073 -0.0163594 0.0459479
v 0.0135458 -0.0201322 0.0437173
v 0.0126311 -0.0151409 0.0459479
v 0.0155441 -0.0186327 0.0437173
v 0.0141209 -0.0137619 0.0459479
v 0.0173775 -0.0169357 0.0437173
v 0.0154611 -0.012237 0.0459479
v -0.00835866 -0.0178584 0.0459479
v -0.00491767 -0.0141373 0.047707
v -0.003438 -0.014568 0.047707
v -0.00231179 -0.00979583 0.0489765
v -0.00129232 -0.00998162 0.0489765
v -0.000649492 -0.00501655 0.0497435
v -0.000130244 -0.00505674 0.0497435
v -0.00647813 -0.0186232 0.0459479
v -0.00452894 -0.0191906 0.0459479
v -0.00192189 -0.0148443 0.047707
v -0.00253173 -0.0195546 0.0459479
v -0.000385399 -0.0149632 0.047707
v -0.000507692 -0.0197113 0.0459479
v 0.00115517 -0.0149235 0.047707
v 0.00152173 -0.019659 0.0459479
v 0.0026835 -0.0147256 0.047707
v 0.00353502 -0.0193983 0.0459479
v 0.00418338 -0.0143717 0.047707
v 0.00551084 -0.018932 0.0459479
v 0.00563892 -0.0138654 0.047707
v 0.00742824 -0.0182651 0.0459479
v 0.00703469 -0.0132121 0.047707
v 0.0092669 -0.0174045 0.0459479
v 0.00835588 -0.0124187 0.047707
v 0.0110073 -0.0163594 0.0459479
v 0.0095885 -0.0114938 0.047707
v 0.0126311 -0.0151409 0.0459479
v 0.0107195 -0.0104469 0.047707
v 0.0141209 -0.0137619 0.0459479
v 0.0117368 -0.00928938 0.047707
v 0.0154611 -0.012237 0.0459479
v 0.0126298 -0.00803335 0.047707
v -0.00366749 -0.028327 -0.0410382
v -0.000735448 -0.0285539 -0.0410382
v -0.000838574 -0.0325578 -0.0379379
v 0.0025135 -0.0324715 -0.0379379
v 0.00279681 -0.0361316 -0.0344483
v 0.00649707 -0.0356525 -0.0344483
v 0.00708854 -0.0388982 -0.0306053
v 0.0110505 -0.0379632 -0.0306053
v 0.0118592 -0.0407413 -0.0264482
v 0.0159854 -0.039306 -0.0264482
v 0.0169114 -0.0415829 -0.0220197
v 0.0210974 -0.0396237 -0.0220197
v 0.0220361 -0.0413867 -0.0173653
v 0.0261747 -0.0389016 -0.0173653
v 0.0270211 -0.0401596 -0.0125326
v 0.0310072 -0.0371684 -0.0125326
v 0.0316603 -0.0379513 -0.00757139
v 0.0353947 -0.0344948 -0.00757139
v 0.0357617 -0.0348524 -0.00253246
v 0.0391557 -0.0309906 -0.00253246
v -0.000385399 -0.0149632 0.047707
v -0.000259151 -0.0100616 0.0489765
v -0.00192189 -0.0148443 0.047707
v -0.00129232 -0.00998162 0.0489765
v -0.003438 -0.014568 0.047707
v 0.000390386 -0.00504333 0.0497435
v -0.000130244 -0.00505674 0.0497435
v 0.000776765 -0.0100349 0.0489765
v 0.00115517 -0.0149235 0.047707
v 0.00180445 -0.00990185 0.0489765
v 0.0026835 -0.0147256 0.047707
v 0.002813 -0.00966384 0.0489765
v 0.00418338 -0.0143717 0.047707
v 0.00379174 -0.00932338 0.0489765
v 0.00563892 -0.0138654 0.047707
v 0.00473028 -0.0088841 0.0489765
v 0.00703469 -0.0132121 0.047707
v 0.00561868 -0.00835064 0.0489765
v 0.00835588 -0.0124187 0.047707
v 0.00644752 -0.00772866 0.0489765
v 0.0095885 -0.0114938 0.047707
v 0.00720802 -0.00702476 0.0489765
v 0.0107195 -0.0104469 0.047707
v 0.00789211 -0.00624639 0.0489765
v 0.0117368 -0.00928938 0.047707
v 0.00849254 -0.00540181 0.0489765
v 0.0126298 -0.00803335 0.047707
v 0.00900295 -0.00449997 0.0489765
v -0.000735448 -0.0285539 -0.0410382
v 0.00220439 -0.0284782 -0.0410382
v 0.0025135 -0.0324715 -0.0379379
v 0.00583893 -0.0320409 -0.0379379
v 0.00649707 -0.0356525 -0.0344483
v 0.0101285 -0.0347955 -0.0344483
v 0.0110505 -0.0379632 -0.0306053
v 0.0148954 -0.0366257 -0.0306053
v 0.0159854 -0.039306 -0.0264482
v 0.0199422 -0.037454 -0.0264482
v 0.0210974 -0.0396237 -0.0220197
v 0.0250597 -0.0372444 -0.0220197
v 0.0261747 -0.0389016 -0.0173653
v 0.0300359 -0.0360041 -0.0173653
v 0.0310072 -0.0371684 -0.0125326
v 0.0346645 -0.0337832 -0.0125326
v 0.0353947 -0.0344948 -0.00757139
v 0.0387539 -0.0306726 -0.00757139
v 0.0391557 -0.0309906 -0.00253246
v 0.0421346 -0.0268004 -0.00253246
v 0.000906877 -0.00497646 0.0497435
v 0.000390386 -0.00504333 0.0497435
v 0.000776765 -0.0100349 0.0489765
v -0.000259151 -0.0100616 0.0489765
v 0.00180445 -0.00990185 0.0489765
v 0.00512087 -0.0281006 -0.0410382
v 0.00910246 -0.0312708 -0.0379379
v 0.0136525 -0.0335696 -0.0344483
v 0.00141375 -0.00485684 0.0497435
v 0.002813 -0.00966384 0.0489765
v 0.00190565 -0.00468573 0.0497435
v 0.00379174 -0.00932338 0.0489765
v 0.00237734 -0.00446496 0.0497435
v 0.00473028 -0.0088841 0.0489765
v 0.00282383 -0.00419685 0.0497435
v 0.00561868 -0.00835064 0.0489765
v 0.00324039 -0.00388426 0.0497435
v 0.00644752 -0.00772866 0.0489765
v 0.0036226 -0.00353049 0.0497435
v 0.00720802 -0.00702476 0.0489765
v 0.0039664 -0.0031393 0.0497435
v 0.00789211 -0.00624639 0.0489765
v 0.00426817 -0.00271483 0.0497435
v 0.00849254 -0.00540181 0.0489765
v 0.00452469 -0.00226159 0.0497435
v 0.00900295 -0.00449997 0.0489765
v 0.00473324 -0.00178437 0.0497435
v 0.00220439 -0.0284782 -0.0410382
v 0.00583893 -0.0320409 -0.0379379
v 0.0199422 -0.037454 -0.0264482
v 0.0148954 -0.0366257 -0.0306053
v 0.0185823 -0.0349001 -0.0306053
v -3.06162e-18 3.7494e-34 0.05
v 0.0250597 -0.0372444 -0.0220197
v 0.0236875 -0.035205 -0.0264482
v 0.0182975 -0.0219333 -0.0410382
v 0.0208632 -0.0250088 -0.0379379
v 0.0159453 -0.0236984 -0.0410382
v 0.0181812 -0.0270214 -0.0379379
v 0.0134241 -0.0252123 -0.0410382
v 0.0232149 -0.0278277 -0.0344483
v 0.0259531 -0.0252932 -0.0344483
v 0.0283158 -0.0275959 -0.0306053
v 0.0310031 -0.0245381 -0.0306053
v 0.0332719 -0.0263338 -0.0264482
v 0.0358033 -0.0227732 -0.0264482
v 0.0378773 -0.0240924 -0.0220197
v 0.0401537 -0.0200701 -0.0220197
v 0.0419404 -0.0209632 -0.0173653
v 0.0407255 -0.018883 -0.0220197
v 0.0426362 -0.0195089 -0.0173653
v 0.0420045 -0.0158351 -0.0220197
v 0.0233241 -0.0227311 -0.0379379
v 0.0204557 -0.0199357 -0.0410382
v 0.0255377 -0.0202124 -0.0379379
v 0.0223971 -0.0177267 -0.0410382
v 0.0274806 -0.0174795 -0.0379379
v 0.0287564 -0.0344703 -0.0220197
v 0.0300359 -0.0360041 -0.0173653
v 0.0335787 -0.0327249 -0.0173653
v 0.0346645 -0.0337832 -0.0125326
v 0.0379544 -0.0300399 -0.0125326
v 0.0387539 -0.0306726 -0.00757139
v 0.0417023 -0.0265254 -0.00757139
v 0.0421346 -0.0268004 -0.00253246
v 0.0446669 -0.022326 -0.00253246
v 0.0208632 -0.0250088 -0.0379379
v 0.0284162 -0.0224907 -0.0344483
v 0.0333619 -0.0212203 -0.0306053
v 0.0379551 -0.0189712 -0.0264482
v 0.0384052 -0.0180426 -0.0264482
v 0.0397045 -0.0149681 -0.0264482
v 0.0434101 -0.0114322 -0.0220197
v 0.0305781 -0.0194497 -0.0344483
v 0.0324159 -0.0162025 -0.0344483
v 0.0353669 -0.0176775 -0.0306053
v 0.0357013 -0.0169921 -0.0306053
v 0.0369971 -0.0139474 -0.0306053
v 0.0410331 -0.0108063 -0.0264482
v 0.0443555 -0.00690818 -0.0220197
v 0.0432966 -0.0216411 0.0125326
v 0.0417023 -0.0265254 0.00757139
v 0.0442086 -0.0220969 0.00757139
v 0.0326436 -0.0157387 -0.0344483
v 0.03391 -0.0127836 -0.0344483
v 0.0382351 -0.0100694 -0.0306053
v 0.0419268 -0.00652992 -0.0264482
v 0.0448307 -0.00231089 -0.0220197
v 0.0285255 0.00147041 -0.0410382
v 0.0282237 0.00439219 -0.0410382
v 0.032182 0.00500335 -0.0379379
v 0.0314948 0.00829429 -0.0379379
v 0.0350447 0.00922919 -0.0344483
v 0.03391 0.0127836 -0.0344483
v 0.0369971 0.0139474 -0.0306053
v 0.0353669 0.0176775 -0.0306053
v 0.0379551 0.0189712 -0.0264482
v 0.0358033 0.0227732 -0.0264482
v 0.0378773 0.0240924 -0.0220197
v 0.0351993 0.0278593 -0.0220197
v 0.0367655 0.0290989 -0.0173653
v 0.0335787 0.0327249 -0.0173653
v 0.0346645 0.0337832 -0.0125326
v 0.0310072 0.0371684 -0.0125326
v 0.0316603 0.0379513 -0.00757139
v 0.0275903 0.0410055 -0.00757139
v 0.0278764 0.0414306 -0.00253246
v 0.0234687 0.0440773 -0.00253246
v 0.0234687 0.0440773 0.00253246
v 0.0188122 0.0462568 0.00253246
v 0.0186192 0.0457821 0.00757139
v 0.0138131 0.0474539 0.00757139
v 0.0135282 0.046475 0.0125326
v 0.00867788 0.0476196 0.0125326
v 0.00840605 0.0461279 0.0173653
v 0.00361857 0.0467478 0.0173653
v 0.00346442 0.0447563 0.0220197
v -0.00115583 0.0448753 0.0220197
v -0.00109254 0.0424181 0.0264482
v -0.00544823 0.042081 0.0264482
v -0.00507672 0.0392115 0.0306053
v -0.00908158 0.0384817 0.0306053
v -0.0083238 0.0352708 0.0344483
v -0.0119063 0.0342279 0.0344483
v -0.0107002 0.0307607 0.0379379
v -0.0138063 0.0294975 0.0379379
v -0.0121084 0.0258699 0.0410382
v -0.0147042 0.0244878 0.0410382
v -0.0124915 0.0208028 0.0437173
v -0.0145643 0.0194082 0.0437173
v -0.0118349 0.0157711 0.0459479
v -0.0133938 0.0144706 0.0459479
v -0.0101675 0.0109849 0.047707
v -0.0112431 0.00988126 0.047707
v -0.00756009 0.00664438 0.0489765
v -0.0082032 0.00583183 0.0489765
v -0.00412275 0.00293095 0.0497435
v -0.00440226 0.00249151 0.0497435
v 0.0282237 0.00439219 -0.0410382
v 0.0276216 0.00727428 -0.0410382
v 0.0314948 0.00829429 -0.0379379
v 0.030475 0.0114886 -0.0379379
v 0.03391 0.0127836 -0.0344483
v 0.0324159 0.0162025 -0.0344483
v 0.0353669 0.0176775 -0.0306053
v 0.0333619 0.0212203 -0.0306053
v 0.0358033 0.0227732 -0.0264482
v 0.0332719 0.0263338 -0.0264482
v 0.0351993 0.0278593 -0.0220197
v 0.0321482 0.0313309 -0.0220197
v 0.0335787 0.0327249 -0.0173653
v 0.0300359 0.0360041 -0.0173653
v 0.0310072 0.0371684 -0.0125326
v 0.0270211 0.0401596 -0.0125326
v 0.0275903 0.0410055 -0.00757139
v 0.0232279 0.043625 -0.00757139
v 0.0234687 0.0440773 -0.00253246
v 0.0188122 0.0462568 -0.00253246
v 0.0188122 0.0462568 0.00253246
v 0.0139563 0.0479459 0.00253246
v 0.0138131 0.0474539 0.00757139
v 0.00886067 0.0486227 0.00757139
v 0.00867788 0.0476196 0.0125326
v 0.00373559 0.0482595 0.0125326
v 0.00361857 0.0467478 0.0173653
v -0.00120726 0.0468721 0.0173653
v -0.00115583 0.0448753 0.0220197
v -0.00576383 0.0445187 0.0220197
v -0.00544823 0.042081 0.0264482
v -0.00974616 0.0412978 0.0264482
v -0.00908158 0.0384817 0.0306053
v -0.0129902 0.037344 0.0306053
v -0.0119063 0.0342279 0.0344483
v -0.0153625 0.0328223 0.0344483
v -0.0138063 0.0294975 0.0379379
v -0.0167661 0.0279216 0.0379379
v -0.0147042 0.0244878 0.0410382
v -0.0171442 0.0228461 0.0410382
v -0.0145643 0.0194082 0.0437173
v -0.0164826 0.0178078 0.0437173
v -0.0133938 0.0144706 0.0459479
v -0.0148107 0.0130167 0.0459479
v -0.0112431 0.00988126 0.047707
v -0.0121995 0.00867287 0.047707
v -0.0082032 0.00583183 0.0489765
v -0.00875936 0.00495746 0.0489765
v -0.00440226 0.00249151 0.0497435
v -0.00463511 0.00202566 0.0497435
v 0.0267273 0.0100758 -0.0410382
v 0.0291322 0.0145612 -0.0379379
v 0.030475 0.0114886 -0.0379379
v 0.0324159 0.0162025 -0.0344483
v 0.0333619 0.0212203 -0.0306053
v 0.0305781 0.0194497 -0.0344483
v 0.0452923 0.0170746 -0.0125326
v 0.0438735 0.0165397 -0.0173653
v 0.0432966 0.0216411 -0.0125326
v 0.0442086 0.0220969 -0.00757139
v 0.0421346 0.0268004 -0.00253246
v 0.0446669 0.022326 -0.00253246
v 0.0421346 0.0268004 0.00253246
v 0.0446669 0.022326 0.00253246
v 0.0417023 0.0265254 0.00757139
v 0.0442086 0.0220969 0.00757139
v 0.040842 0.0259782 0.0125326
v 0.0432966 0.0216411 0.0125326
v 0.0395626 0.0251644 0.0173653
v 0.0419404 0.0209632 0.0173653
v 0.0378773 0.0240924 0.0220197
v 0.0401537 0.0200701 0.0220197
v 0.0358033 0.0227732 0.0264482
v 0.0379551 0.0189712 0.0264482
v 0.0333619 0.0212203 0.0306053
v 0.0353669 0.0176775 0.0306053
v 0.0305781 0.0194497 0.0344483
v 0.0324159 0.0162025 0.0344483
v 0.0274806 0.0174795 0.0379379
v 0.0291322 0.0145612 0.0379379
v 0.0241011 0.0153299 0.0410382
v 0.0255496 0.0127705 0.0410382
v 0.0204743 0.013023 0.0437173
v 0.030475 0.0114886 0.0379379
v 0.0350447 0.00922919 0.0344483
v 0.03391 0.0127836 0.0344483
v 0.0382351 0.0100694 0.0306053
v 0.0369971 0.0139474 0.0306053
v 0.0410331 0.0108063 0.0264482
v 0.0397045 0.0149681 0.0264482
v 0.0434101 0.0114322 0.0220197
v 0.0420045 0.0158351 0.0220197
v 0.0453416 0.0119409 0.0173653
v 0.0438735 0.0165397 0.0173653
v 0.0276216 0.00727428 -0.0410382
v 0.0267273 0.0100758 -0.0410382
v 0.030475 0.0114886 -0.0379379
v 0.0332719 0.0263338 -0.0264482
v 0.0333619 0.0212203 -0.0306053
v 0.0310031 0.0245381 -0.0306053
v 0.0305781 0.0194497 -0.0344483
v 0.0421346 0.0268004 -0.00253246
v 0.0391557 0.0309906 0.00253246
v 0.0421346 0.0268004 0.00253246
v 0.0387539 0.0306726 0.00757139
v 0.0417023 0.0265254 0.00757139
v 0.0379544 0.0300399 0.0125326
v 0.040842 0.0259782 0.0125326
v 0.0367655 0.0290989 0.0173653
v 0.0395626 0.0251644 0.0173653
v 0.0351993 0.0278593 0.0220197
v 0.0378773 0.0240924 0.0220197
v 0.0332719 0.0263338 0.0264482
v 0.0358033 0.0227732 0.0264482
v 0.0310031 0.0245381 0.0306053
v 0.0333619 0.0212203 0.0306053
v 0.0284162 0.0224907 0.0344483
v 0.0305781 0.0194497 0.0344483
v 0.0255377 0.0202124 0.0379379
v 0.0274806 0.0174795 0.0379379
v 0.0223971 0.0177267 0.0410382
v 0.0241011 0.0153299 0.0410382
v 0.0190267 0.0150591 0.0437173
v 0.0204743 0.013023 0.0437173
v 0.0154611 0.012237 0.0459479
v 0.0321482 0.0313309 -0.0220197
v 0.0332719 0.0263338 -0.0264482
v 0.0303879 0.0296153 -0.0264482
v 0.0310031 0.0245381 -0.0306053
v 0.0353947 0.0344948 0.00757139
v 0.0346645 0.0337832 0.0125326
v 0.0335787 0.0327249 0.0173653
v 0.0321482 0.0313309 0.0220197
v 0.0303879 0.0296153 0.0264482
v 0.0283158 0.0275959 0.0306053
v 0.0259531 0.0252932 0.0344483
v 0.0233241 0.0227311 0.0379379
v 0.0204557 0.0199357 0.0410382
v 0.0173775 0.0169357 0.0437173
v 0.0141209 0.0137619 0.0459479
v 0.0107195 0.0104469 0.047707
v 0.0182975 0.0219333 -0.0410382
v 0.0208632 0.0250088 -0.0379379
v 0.0204557 0.0199357 -0.0410382
v 0.0233241 0.0227311 -0.0379379
v 0.0223971 0.0177267 -0.0410382
v 0.0232149 0.0278277 -0.0344483
v 0.0202306 0.0300672 -0.0344483
v 0.0220723 0.0328044 -0.0306053
v 0.0185823 0.0349001 -0.0306053
v 0.0199422 0.037454 -0.0264482
v 0.0159854 0.039306 -0.0264482
v 0.0169114 0.0415829 -0.0220197
v 0.0125462 0.0431013 -0.0220197
v 0.0131044 0.0450191 -0.0173653
v 0.00840605 0.0461279 -0.0173653
v 0.00867788 0.0476196 -0.0125326
v 0.00373559 0.0482595 -0.0125326
v 0.00381427 0.049276 -0.00757139
v -0.00127255 0.049407 -0.00757139
v -0.00128574 0.0499193 -0.00253246
v -0.00641168 0.0495225 -0.00253246
v -0.00641168 0.0495225 0.00253246
v -0.0114696 0.0486008 0.00253246
v -0.011352 0.0481021 0.00757139
v -0.0162377 0.0466799 0.00757139
v -0.0159027 0.0457169 0.0125326
v -0.0205191 0.0438395 0.0125326
v -0.0198763 0.0424662 0.0173653
v -0.0241374 0.0401974 0.0173653
v -0.0231092 0.038485 0.0220197
v -0.0269438 0.035905 0.0220197
v -0.0254684 0.0339389 0.0264482
v -0.0288231 0.0311404 0.0264482
v -0.0268576 0.0290169 0.0306053
v -0.0296988 0.0261016 0.0306053
v -0.0272208 0.0239237 0.0344483
v -0.0295363 0.020998 0.0344483
v -0.0265444 0.0188709 0.0379379
v -0.028344 0.0160416 0.0379379
v -0.0248583 0.0140689 0.0410382
v -0.0261731 0.0114383 0.0410382
v -0.0222345 0.00971705 0.0437173
v -0.0231158 0.00737938 0.0437173
v 0.0208632 0.0250088 -0.0379379
v 0.0182975 0.0219333 -0.0410382
v 0.0181812 0.0270214 -0.0379379
v 0.0159453 0.0236984 -0.0410382
v 0.0153065 0.0287476 -0.0379379
v 0.0134241 0.0252123 -0.0410382
v 0.0122695 0.0301691 -0.0379379
v 0.0321482 0.0313309 -0.0220197
v 0.0303879 0.0296153 -0.0264482
v 0.0287564 0.0344703 -0.0220197
v 0.0300359 0.0360041 -0.0173653
v 0.0261747 0.0389016 -0.0173653
v 0.0270211 0.0401596 -0.0125326
v 0.0227487 0.0427251 -0.0125326
v 0.0232279 0.043625 -0.00757139
v 0.0186192 0.0457821 -0.00757139
v 0.0188122 0.0462568 -0.00253246
v 0.0139563 0.0479459 -0.00253246
v 0.0139563 0.0479459 0.00253246
v 0.00895253 0.0491268 0.00253246
v 0.00886067 0.0486227 0.00757139
v 0.00381427 0.049276 0.00757139
v 0.00373559 0.0482595 0.0125326
v -0.0012463 0.0483878 0.0125326
v -0.00120726 0.0468721 0.0173653
v -0.00602029 0.0464995 0.0173653
v -0.00576383 0.0445187 0.0220197
v -0.0103107 0.0436901 0.0220197
v -0.00974616 0.0412978 0.0264482
v -0.0139408 0.0400768 0.0264482
v -0.0129902 0.037344 0.0306053
v -0.0167611 0.0358104 0.0306053
v -0.0153625 0.0328223 0.0344483
v -0.0186559 0.0310688 0.0344483
v -0.0167661 0.0279216 0.0379379
v -0.0195482 0.0260497 0.0379379
v -0.0171442 0.0228461 0.0410382
v -0.0194024 0.0209623 0.0410382
v -0.0164826 0.0178078 0.0437173
v -0.0182263 0.0160187 0.0437173
v -0.0148107 0.0130167 0.0459479
v -0.0160706 0.0114249 0.0459479
v -0.0121995 0.00867287 0.047707
v -0.0130266 0.00737254 0.047707
v -0.00875936 0.00495746 0.0489765
v -0.00922266 0.00403054 0.0489765
v -0.00463511 0.00202566 0.0497435
v -0.00481883 0.00153834 0.0497435
v 0.0346645 0.0337832 0.0125326
v 0.0353947 0.0344948 0.00757139
v 0.0310072 0.0371684 0.0125326
v 0.0335787 0.0327249 0.0173653
v 0.0300359 0.0360041 0.0173653
v 0.0261747 0.0389016 0.0173653
v 0.0321482 0.0313309 0.0220197
v 0.0287564 0.0344703 0.0220197
v 0.0250597 0.0372444 0.0220197
v 0.0210974 0.0396237 0.0220197
v 0.0303879 0.0296153 0.0264482
v 0.0271818 0.0325829 0.0264482
v 0.0236875 0.035205 0.0264482
v 0.0199422 0.037454 0.0264482
v 0.0159854 0.039306 0.0264482
v 0.0283158 0.0275959 0.0306053
v 0.0253283 0.0303611 0.0306053
v 0.0220723 0.0328044 0.0306053
v 0.0185823 0.0349001 0.0306053
v 0.0148954 0.0366257 0.0306053
v 0.0110505 0.0379632 0.0306053
v 0.0259531 0.0252932 0.0344483
v 0.0232149 0.0278277 0.0344483
v 0.0202306 0.0300672 0.0344483
v 0.0170318 0.031988 0.0344483
v 0.0136525 0.0335696 0.0344483
v 0.0101285 0.0347955 0.0344483
v 0.00649707 0.0356525 0.0344483
v 0.0233241 0.0227311 0.0379379
v 0.0208632 0.0250088 0.0379379
v 0.0181812 0.0270214 0.0379379
v 0.0153065 0.0287476 0.0379379
v 0.0122695 0.0301691 0.0379379
v 0.00910246 0.0312708 0.0379379
v 0.00583893 0.0320409 0.0379379
v 0.0025135 0.0324715 0.0379379
v 0.0204557 0.0199357 0.0410382
v 0.0182975 0.0219333 0.0410382
v 0.0159453 0.0236984 0.0410382
v 0.0134241 0.0252123 0.0410382
v 0.0107606 0.026459 0.0410382
v 0.00798306 0.0274252 0.0410382
v 0.00512087 0.0281006 0.0410382
v 0.00220439 0.0284782 0.0410382
v -0.000735448 0.0285539 0.0410382
v 0.0173775 0.0169357 0.0437173
v 0.0155441 0.0186327 0.0437173
v 0.0135458 0.0201322 0.0437173
v 0.011404 0.0214183 0.0437173
v 0.00914134 0.0224773 0.0437173
v 0.00678175 0.0232981 0.0437173
v 0.00435027 0.023872 0.0437173
v 0.00187267 0.0241927 0.0437173
v -0.000624776 0.0242571 0.0437173
v -0.0031156 0.0240642 0.0437173
v 0.0141209 0.0137619 0.0459479
v 0.0126311 0.0151409 0.0459479
v 0.0110073 0.0163594 0.0459479
v 0.0092669 0.0174045 0.0459479
v 0.00742824 0.0182651 0.0459479
v 0.00551084 0.018932 0.0459479
v 0.00353502 0.0193983 0.0459479
v 0.00152173 0.019659 0.0459479
v -0.000507692 0.0197113 0.0459479
v -0.00253173 0.0195546 0.0459479
v -0.00452894 0.0191906 0.0459479
v 0.0107195 0.0104469 0.047707
v 0.0095885 0.0114938 0.047707
v 0.00835588 0.0124187 0.047707
v 0.00703469 0.0132121 0.047707
v 0.00563892 0.0138654 0.047707
v 0.00418338 0.0143717 0.047707
v 0.0026835 0.0147256 0.047707
v 0.00115517 0.0149235 0.047707
v -0.000385399 0.0149632 0.047707
v -0.00192189 0.0148443 0.047707
v -0.003438 0.014568 0.047707
v -0.00491767 0.0141373 0.047707
v 0.00644752 0.00772866 0.0489765
v 0.00561868 0.00835064 0.0489765
v 0.00282383 0.00419685 0.0497435
v 0.00237734 0.00446496 0.0497435
v 0.0208632 0.0250088 -0.0379379
v 0.0181812 0.0270214 -0.0379379
v 0.0202306 0.0300672 -0.0344483
v 0.0170318 0.031988 -0.0344483
v 0.0185823 0.0349001 -0.0306053
v 0.0148954 0.0366257 -0.0306053
v 0.0159854 0.039306 -0.0264482
v 0.0118592 0.0407413 -0.0264482
v 0.0125462 0.0431013 -0.0220197
v 0.00804795 0.0441629 -0.0220197
v 0.00840605 0.0461279 -0.0173653
v 0.00361857 0.0467478 -0.0173653
v 0.00373559 0.0482595 -0.0125326
v -0.0012463 0.0483878 -0.0125326
v -0.00127255 0.049407 -0.00757139
v -0.00634589 0.0490143 -0.00757139
v -0.00641168 0.0495225 -0.00253246
v -0.0114696 0.0486008 -0.00253246
v -0.0114696 0.0486008 0.00253246
v -0.016406 0.0471638 0.00253246
v -0.0162377 0.0466799 0.00757139
v -0.0209513 0.0447629 0.00757139
v -0.0205191 0.0438395 0.0125326
v -0.024918 0.0414973 0.0125326
v -0.0241374 0.0401974 0.0173653
v -0.0281426 0.0375025 0.0173653
v -0.0269438 0.035905 0.0220197
v -0.0304927 0.0329443 0.0220197
v -0.0288231 0.0311404 0.0264482
v -0.0318722 0.0280117 0.0264482
v -0.0296988 0.0261016 0.0306053
v -0.0322252 0.0229096 0.0306053
v -0.0295363 0.020998 0.0344483
v -0.0315388 0.0178498 0.0344483
v -0.028344 0.0160416 0.0379379
v -0.0298432 0.0130422 0.0379379
v -0.0261731 0.0114383 0.0410382
v -0.0272105 0.00868656 0.0410382
v -0.0231158 0.00737938 0.0437173
v -0.023752 0.00496348 0.0437173
v 0.0170318 0.031988 -0.0344483
v 0.0181812 0.0270214 -0.0379379
v 0.0153065 0.0287476 -0.0379379
v 0.00561868 0.00835064 0.0489765
v 0.00835588 0.0124187 0.047707
v 0.00473028 0.0088841 0.0489765
v 0.00703469 0.0132121 0.047707
v 0.00379174 0.00932338 0.0489765
v 0.00563892 0.0138654 0.047707
v 0.002813 0.00966384 0.0489765
v 0.00418338 0.0143717 0.047707
v 0.00180445 0.00990185 0.0489765
v 0.0026835 0.0147256 0.047707
v 0.000776765 0.0100349 0.0489765
v 0.00115517 0.0149235 0.047707
v -0.000259151 0.0100616 0.0489765
v -0.000385399 0.0149632 0.047707
v -0.00129232 0.00998162 0.0489765
v -0.00192189 0.0148443 0.047707
v -0.00231179 0.00979583 0.0489765
v -0.003438 0.014568 0.047707
v -0.00330675 0.00950621 0.0489765
v -0.00491767 0.0141373 0.047707
v -0.00426667 0.00911583 0.0489765
v 0.0136525 0.0335696 -0.0344483
v 0.0122695 0.0301691 -0.0379379
v 0.0101285 0.0347955 -0.0344483
v 0.0148954 0.0366257 -0.0306053
v 0.0110505 0.0379632 -0.0306053
v 0.0118592 0.0407413 -0.0264482
v 0.00760728 0.0417447 -0.0264482
v 0.00804795 0.0441629 -0.0220197
v 0.00346442 0.0447563 -0.0220197
v 0.00361857 0.0467478 -0.0173653
v -0.00120726 0.0468721 -0.0173653
v -0.0012463 0.0483878 -0.0125326
v -0.00621498 0.0480032 -0.0125326
v -0.00634589 0.0490143 -0.00757139
v -0.011352 0.0481021 -0.00757139
v -0.0114696 0.0486008 -0.00253246
v -0.016406 0.0471638 -0.00253246
v -0.016406 0.0471638 0.00253246
v -0.0211685 0.045227 0.00253246
v -0.0209513 0.0447629 0.00757139
v -0.0254428 0.0423714 0.00757139
v -0.024918 0.0414973 0.0125326
v -0.0290527 0.0387153 0.0125326
v -0.0281426 0.0375025 0.0173653
v -0.0318495 0.0344101 0.0173653
v -0.0304927 0.0329443 0.0220197
v -0.0337185 0.0296344 0.0220197
v -0.0318722 0.0280117 0.0264482
v -0.0345835 0.0245861 0.0264482
v -0.0322252 0.0229096 0.0306053
v -0.03441 0.0194748 0.0306053
v -0.0315388 0.0178498 0.0344483
v -0.033207 0.0145123 0.0344483
v -0.0298432 0.0130422 0.0379379
v -0.031026 0.0099046 0.0379379
v -0.0272105 0.00868656 0.0410382
v -0.0279595 0.0058427 0.0410382
v -0.023752 0.00496348 0.0437173
v -0.0241365 0.00249496 0.0437173
v 0.0110505 0.0379632 -0.0306053
v 0.0136525 0.0335696 -0.0344483
v 0.0101285 0.0347955 -0.0344483
v 0.00379174 0.00932338 0.0489765
v 0.00190565 0.00468573 0.0497435
v 0.00473028 0.0088841 0.0489765
v 0.00237734 0.00446496 0.0497435
v 0.00561868 0.00835064 0.0489765
v 0.00141375 0.00485684 0.0497435
v 0.002813 0.00966384 0.0489765
v 0.000906877 0.00497646 0.0497435
v 0.00180445 0.00990185 0.0489765
v 0.000390386 0.00504333 0.0497435
v 0.000776765 0.0100349 0.0489765
v -0.000130244 0.00505674 0.0497435
v -0.000259151 0.0100616 0.0489765
v -0.000649492 0.00501655 0.0497435
v -0.00129232 0.00998162 0.0489765
v -0.00116186 0.00492318 0.0497435
v -0.00231179 0.00979583 0.0489765
v -0.0016619 0.00477762 0.0497435
v -0.00330675 0.00950621 0.0489765
v -0.00214434 0.00458142 0.0497435
v -0.00426667 0.00911583 0.0489765
v -0.00260404 0.00433665 0.0497435
v 0.00760728 0.0417447 -0.0264482
v 0.00708854 0.0388982 -0.0306053
v 0.00346442 0.0447563 -0.0220197
v 0.00327473 0.0423057 -0.0264482
v -0.000735448 0.0285539 -0.0410382
v -0.000838574 0.0325578 -0.0379379
v 0.00220439 0.0284782 -0.0410382
v 0.0025135 0.0324715 -0.0379379
v 0.00512087 0.0281006 -0.0410382
v -0.000933095 0.0362276 -0.0344483
v -0.00465311 0.0359397 -0.0344483
v -0.00507672 0.0392115 -0.0306053
v -0.00908158 0.0384817 -0.0306053
v -0.00974616 0.0412978 -0.0264482
v -0.0139408 0.0400768 -0.0264482
v -0.0147483 0.0423983 -0.0220197
v -0.0190296 0.0406572 -0.0220197
v -0.0198763 0.0424662 -0.0173653
v -0.0241374 0.0401974 -0.0173653
v -0.024918 0.0414973 -0.0125326
v -0.0290527 0.0387153 -0.0125326
v -0.0296646 0.0395308 -0.00757139
v -0.033572 0.0362711 -0.00757139
v -0.0339201 0.0366472 -0.00253246
v -0.0375084 0.0329652 -0.00253246
v -0.0375084 0.0329652 0.00253246
v -0.0406991 0.0289339 0.00253246
v -0.0402815 0.028637 0.00757139
v -0.0430125 0.0243434 0.00757139
v -0.0421252 0.0238412 0.0125326
v -0.0443533 0.0193835 0.0125326
v -0.0429639 0.0187763 0.0173653
v -0.000735448 0.0285539 -0.0410382
v -0.00418176 0.032299 -0.0379379
v -0.00366749 0.028327 -0.0410382
v -0.00748061 0.0316979 -0.0379379
v 0.00346442 0.0447563 -0.0220197
v 0.00327473 0.0423057 -0.0264482
v -0.00115583 0.0448753 -0.0220197
v -0.00120726 0.0468721 -0.0173653
v -0.00602029 0.0464995 -0.0173653
v -0.00621498 0.0480032 -0.0125326
v -0.0111178 0.0471097 -0.0125326
v -0.011352 0.0481021 -0.00757139
v -0.0162377 0.0466799 -0.00757139
v -0.016406 0.0471638 -0.00253246
v -0.0211685 0.045227 -0.00253246
v -0.0211685 0.045227 0.00253246
v -0.0257066 0.0428107 0.00253246
v -0.0254428 0.0423714 0.00757139
v -0.0296646 0.0395308 0.00757139
v -0.0290527 0.0387153 0.0125326
v -0.0328794 0.0355229 0.0125326
v -0.0318495 0.0344101 0.0173653
v -0.0352188 0.030953 0.0173653
v -0.0337185 0.0296344 0.0220197
v -0.0365868 0.0260103 0.0220197
v -0.0345835 0.0245861 0.0264482
v -0.0369281 0.0208999 0.0264482
v -0.03441 0.0194748 0.0306053
v -0.0362301 0.0158335 0.0306053
v -0.033207 0.0145123 0.0344483
v -0.0345232 0.011021 0.0344483
v -0.031026 0.0099046 0.0379379
v -0.03188 0.00666198 0.0379379
v -0.0279595 0.0058427 0.0410382
v -0.028412 0.00293692 0.0410382
v -0.0241365 0.00249496 0.0437173
v -0.0242651 2.97162e-18 0.0437173
v -0.000838574 0.0325578 -0.0379379
v -0.00418176 0.032299 -0.0379379
v -0.00465311 0.0359397 -0.0344483
v -0.0083238 0.0352708 -0.0344483
v -0.00908158 0.0384817 -0.0306053
v -0.0129902 0.037344 -0.0306053
v -0.0139408 0.0400768 -0.0264482
v -0.0179876 0.038431 -0.0264482
v -0.0190296 0.0406572 -0.0220197
v -0.0231092 0.038485 -0.0220197
v -0.0241374 0.0401974 -0.0173653
v -0.0281426 0.0375025 -0.0173653
v -0.0290527 0.0387153 -0.0125326
v -0.0328794 0.0355229 -0.0125326
v -0.033572 0.0362711 -0.00757139
v -0.0371235 0.032627 -0.00757139
v -0.0375084 0.0329652 -0.00253246
v -0.0406991 0.0289339 -0.00253246
v -0.0406991 0.0289339 0.00253246
v -0.0434584 0.0245958 0.00253246
v -0.0430125 0.0243434 0.00757139
v -0.0452875 0.0197918 0.00757139
v -0.0443533 0.0193835 0.0125326
v -0.00748061 0.0316979 -0.0379379
v -0.0119063 0.0342279 -0.0344483
v -0.0167611 0.0358104 -0.0306053
v -0.0218438 0.0363778 -0.0264482
v -0.0269438 0.035905 -0.0220197
v -0.0318495 0.0344101 -0.0173653
v -0.0363577 0.0319539 -0.0125326
v -0.0402815 0.028637 -0.00757139
v -0.0434584 0.0245958 -0.00253246
v -0.045757 0.019997 0.00253246
v -0.0147042 0.0244878 -0.0410382
v -0.0171442 0.0228461 -0.0410382
v -0.0195482 0.0260497 -0.0379379
v -0.022123 0.0239016 -0.0379379
v -0.0246166 0.0265957 -0.0344483
v -0.0272208 0.0239237 -0.0344483
v -0.0296988 0.0261016 -0.0306053
v -0.0322252 0.0229096 -0.0306053
v -0.0345835 0.0245861 -0.0264482
v -0.0369281 0.0208999 -0.0264482
v -0.0390673 0.0221106 -0.0220197
v -0.0411337 0.0179765 -0.0220197
v -0.0429639 0.0187763 -0.0173653
v -0.0411502 0.0179385 -0.0220197
v -0.0429842 0.0187299 -0.0173653
v -0.042764 0.0136518 -0.0220197
v -0.0446668 0.0142592 -0.0173653
v -0.0453151 0.0197285 -0.00757139
v -0.0458258 0.0194188 -0.00478631
v -0.0452875 0.0197918 -0.00757139
v -0.0458258 0.0149702 -0.0132625
v 0.042376 -0.00218436 0.0264482
v 0.0419268 -0.00652992 0.0264482
v 0.0443555 -0.00690818 0.0220197
v 0.0434101 -0.0114322 0.0220197
v 0.042376 0.00218436 0.0264482
v 0.0448307 -0.00231089 0.0220197
v 0.0361916 0.00186557 0.0344483
v 0.0394864 -0.00203541 0.0306053
v 0.0394864 0.00203541 0.0306053
v 0.0443617 0.00686819 0.0220197
v 0.0448307 0.00231089 0.0220197
v 0.0390723 0.00605583 0.0306053
v 0.0419321 0.00649555 0.0264482
v 0.0410331 0.0108063 0.0264482
v 0.0434101 0.0114322 0.0220197
v 0.0358116 0.00555346 0.0344483
v 0.0382351 0.0100694 0.0306053
v 0.0350447 0.00922919 0.0344483
v -0.0196133 -0.0020274 0.0459479
v -0.0146517 -0.00306177 0.047707
v -0.0148888 -0.00153904 0.047707
v -0.00985211 -0.0020588 0.0489765
v -0.0100116 -0.00103489 0.0489765
v -0.00495146 -0.00103471 0.0497435
v -0.00503161 -0.000520111 0.0497435
v -0.0095882 -0.00306089 0.0489765
v -0.00481883 -0.00153834 0.0497435
v -3.06162e-18 3.7494e-34 0.05
vn 0 0 1
vn -0.997283 0.0729917 0.00995556
vn -0.99995 0 -0.00995556
vn -0.997283 -0.0729917 0.00995556
vn -0.989294 -0.145594 -0.00995556
vn -0.976027 -0.217419 0.00995556
vn -0.957553 -0.288085 -0.00995556
vn -0.93397 -0.357213 0.00995556
vn -0.905403 -0.424436 -0.00995556
vn -0.872006 -0.489394 0.00995556
vn -0.833956 -0.55174 -0.00995556
vn -0.791457 -0.611143 0.00995556
vn -0.744735 -0.667286 -0.00995556
vn -0.69404 -0.719868 0.00995556
vn -0.639641 -0.768609 -0.00995556
vn -0.58183 -0.813249 0.00995556
vn -0.520914 -0.853551 -0.00995556
vn -0.45722 -0.889298 0.00995556
vn -0.391085 -0.920301 -0.00995556
vn -0.322864 -0.946393 0.00995556
vn -0.252921 -0.967436 -0.00995556
vn -0.181628 -0.983317 0.00995556
vn -0.109366 -0.993952 -0.00995556
vn -0.0365202 -0.999283 0.00995556
vn 0.0365202 -0.999283 -0.00995556
vn 0.109366 -0.993952 0.00995556
vn 0.181628 -0.983317 -0.00995556
vn 0.252921 -0.967436 0.00995556
vn 0.322864 -0.946393 -0.00995556
vn 0.391085 -0.920301 0.00995556
vn 0.45722 -0.889298 -0.00995556
vn 0.520914 -0.853551 0.00995556
vn 0.58183 -0.813249 -0.00995556
vn 0.639641 -0.768609 0.00995556
vn 0.69404 -0.719868 -0.00995556
vn 0.744735 -0.667286 0.00995556
vn 0.791457 -0.611143 -0.00995556
vn 0.833956 -0.55174 0.00995556
vn 0.872006 -0.489394 -0.00995556
vn 0.905403 -0.424436 0.00995556
vn 0.93397 -0.357213 -0.00995556
vn 0.957553 -0.288085 0.00995556
vn 0.976027 -0.217419 -0.00995556
vn 0.989294 -0.145594 0.00995556
vn 0.997283 -0.0729917 -0.00995556
vn 0.99995 0 0.00995556
vn 0.997283 0.0729917 -0.00995556
vn 0.989294 0.145594 0.00995556
vn 0.976027 0.217419 -0.00995556
vn 0.957553 0.288085 0.00995556
vn 0.93397 0.357213 -0.00995556
vn 0.905403 0.424436 0.00995556
vn 0.872006 0.489394 -0.00995556
vn 0.833956 0.55174 0.00995556
vn 0.791457 0.611143 -0.00995556
vn 0.744735 0.667286 0.00995556
vn 0.69404 0.719868 -0.00995556
vn 0.639641 0.768609 0.00995556
vn 0.58183 0.813249 -0.00995556
vn 0.520914 0.853551 0.00995556
vn 0.45722 0.889298 -0.00995556
vn 0.391085 0.920301 0.00995556
vn 0.322864 0.946393 -0.00995556
vn 0.252921 0.967436 0.00995556
vn 0.181628 0.983317 -0.00995556
vn 0.109366 0.993952 0.00995556
vn 0.0365202 0.999283 -0.00995556
vn -0.0365202 0.999283 0.00995556
vn -0.109366 0.993952 -0.00995556
vn -0.181628 0.983317 0.00995556
vn -0.252921 0.967436 -0.00995556
vn -0.322864 0.946393 0.00995556
vn -0.391085 0.920301 -0.00995556
vn -0.45722 0.889298 0.00995556
vn -0.520914 0.853551 -0.00995556
vn -0.58183 0.813249 0.00995556
vn -0.639641 0.768609 -0.00995556
vn -0.69404 0.719868 0.00995556
vn -0.744735 0.667286 -0.00995556
vn -0.791457 0.611143 0.00995556
vn -0.833956 0.55174 -0.00995556
vn -0.872006 0.489394 0.00995556
vn -0.905403 0.424436 -0.00995556
vn -0.93397 0.357213 0.00995556
vn -0.957553 0.288085 -0.00995556
vn -0.976027 0.217419 0.00995556
vn -0.989294 0.145594 -0.00995556
vn -0.620623 0.784106 0.00213241
vn -0.647735 0.761825 0.00789975
vn -0.655455 0.755163 0.0103614
vn -0.666531 0.745461 0.00499516
vn -0.69214 0.721763 -0.000162225
vn -0.727933 0.685649 0.000138271
vn -0.756193 0.654326 0.00547031
vn -0.766879 0.641788 0.00225612
vn -0.801649 0.597795 -0.000894192
vn -0.839493 0.543361 0.00299954
vn -0.841548 0.54017 0.00360524
vn -0.872486 0.488639 -0.00086382
vn -0.90606 0.423146 0.00185735
vn -0.909801 0.415034 0.00311214
vn -0.934759 0.35528 -0.0010173
vn -0.959568 0.281465 0.00244452
vn -0.960146 0.27949 0.00213622
vn -0.979222 0.20279 -0.00101384
vn -0.989837 0.142177 0.0029778
vn -0.992569 0.121682 0.000554883
vn -0.999164 0.0408814 -0.000466004
vn -0.999995 0 0.00317865
vn -0.999164 -0.0408814 -0.000466004
vn -0.992569 -0.121682 0.000554883
vn -0.989837 -0.142177 0.0029778
vn -0.979222 -0.20279 -0.00101384
vn -0.960146 -0.27949 0.00213622
vn -0.959568 -0.281465 0.00244452
vn -0.934759 -0.35528 -0.0010173
vn -0.909801 -0.415034 0.00311214
vn -0.90606 -0.423146 0.00185735
vn -0.872486 -0.488639 -0.00086382
vn -0.839847 -0.542809 0.00383845
vn -0.841549 -0.540171 0.00322219
vn -0.801649 -0.597795 -0.000894192
vn -0.766879 -0.641788 0.00225612
vn -0.756193 -0.654326 0.00547031
vn -0.727933 -0.685649 0.000138271
vn -0.69214 -0.721763 -0.000162225
vn -0.666531 -0.745461 0.00499516
vn -0.653832 -0.756558 0.0111411
vn -0.65546 -0.755169 0.00957383
vn -0.620623 -0.784106 0.00213241
vn 0.620623 -0.784106 0.00213241
vn 0.647735 -0.761825 0.00789975
vn 0.655455 -0.755163 0.0103614
vn 0.666531 -0.745461 0.00499516
vn 0.69214 -0.721763 -0.000162225
vn 0.727933 -0.685649 0.000138271
vn 0.756193 -0.654326 0.00547031
vn 0.766879 -0.641788 0.00225612
vn 0.801649 -0.597795 -0.000894192
vn 0.839493 -0.543361 0.00299954
vn 0.841548 -0.54017 0.00360524
vn 0.872486 -0.488639 -0.00086382
vn 0.90606 -0.423146 0.00185735
vn 0.909801 -0.415034 0.00311214
vn 0.934759 -0.35528 -0.0010173
vn 0.959568 -0.281465 0.00244452
vn 0.960146 -0.27949 0.00213622
vn 0.979222 -0.20279 -0.00101384
vn 0.989837 -0.142177 0.0029778
vn 0.992569 -0.121682 0.000554883
vn 0.999164 -0.0408814 -0.000466004
vn 0.999995 0 0.00317865
vn 0.999164 0.0408814 -0.000466004
vn 0.992569 0.121682 0.000554883
vn 0.989837 0.142177 0.0029778
vn 0.979222 0.20279 -0.00101384
vn 0.960146 0.27949 0.00213622
vn 0.959568 0.281465 0.00244452
vn 0.934759 0.35528 -0.0010173
vn 0.909801 0.415034 0.00311214
vn 0.90606 0.423146 0.00185735
vn 0.872486 0.488639 -0.00086382
vn 0.841548 0.54017 0.00360524
vn 0.839493 0.543361 0.00299954
vn 0.801649 0.597795 -0.000894192
vn 0.766879 0.641788 0.00225612
vn 0.756193 0.654326 0.00547031
vn 0.727933 0.685649 0.000138271
vn 0.69214 0.721763 -0.000162225
vn 0.666531 0.745461 0.00499516
vn 0.655455 0.755163 0.0103614
vn 0.647735 0.761825 0.00789975
vn 0.620623 0.784106 0.00213241
vn 0 0 -1
vn -4.2735e-18 0.998734 0.0503041
vn 6.39356e-18 0.996757 -0.0804666
vn 0 0.970942 -0.239316
vn -4.53781e-18 0.919979 -0.391967
vn -1.69394e-17 0.84519 -0.534466
vn 1.29294e-17 0.748511 -0.663123
vn 0 0.632445 -0.774605
vn 0 0.5 -0.866025
vn 0 0.354605 -0.935016
vn 1.89298e-17 0.200026 -0.979791
vn 4.19171e-18 0.0402659 -0.999189
vn -0 -0.120537 -0.992709
vn -0 -0.278217 -0.960518
vn -4.05701e-17 -0.428693 -0.90345
vn -4.30079e-17 -0.568065 -0.822984
vn -2.40669e-17 -0.692724 -0.721202
vn 1.52192e-17 -0.799443 -0.600742
vn 3.5184e-17 -0.885456 -0.464723
vn -0 -0.948536 -0.316668
vn 1.51808e-17 -0.98705 -0.160411
vn 3.81064e-18 -0.999189 -0.0402659
vn 0.00210388 -0.999998 0
vn 0.00197873 0.996755 0.0804664
vn -0.00077662 0.988717 0.149796
vn 0.00156882 0.970941 0.239315
vn 0.000974159 0.969148 0.246477
vn -0.000593229 0.940249 0.340488
vn 0.00222347 0.919977 0.391966
vn -0.000283882 0.902892 0.429867
vn 0.000329036 0.857822 0.513947
vn 0.0021784 0.845188 0.534465
vn -0.000800193 0.804955 0.593335
vn 0.00179822 0.747324 0.664457
vn 0.00161577 0.74851 0.663122
vn -0.000772339 0.681773 0.731564
vn 0.0024815 0.632443 0.774603
vn 0.00018954 0.610565 0.791966
vn -0.00017873 0.530393 0.847752
vn 0.00274868 0.499998 0.866022
vn -0.001014 0.443437 0.896305
vn 0.00194043 0.354604 0.935014
vn 0.0014843 0.350894 0.936414
vn -0.000925623 0.253069 0.967448
vn 0.00306064 0.200025 0.979786
vn -0.000776465 0.152238 0.988344
vn 0.00107867 0.0510915 0.998693
vn 0.00233527 0.0402658 0.999186
vn -0.00119426 -0.0509987 0.998698
vn 0.00290895 -0.120536 0.992705
vn -0.00014628 -0.152313 0.988332
vn 0.000155247 -0.253279 0.967393
vn 0.00269354 -0.278216 0.960515
vn -0.00118923 -0.35021 0.93667
vn 0.00241647 -0.428691 0.903448
vn 0.000666002 -0.443949 0.896052
vn -0.00051686 -0.530279 0.847823
vn 0.00273995 -0.568063 0.822981
vn -0.000629744 -0.610278 0.792187
vn 0.000900876 -0.682355 0.731021
vn 0.0021654 -0.692723 0.721201
vn -0.000826231 -0.746461 0.665429
vn 0.00193388 -0.799441 0.600741
vn 0.00102373 -0.805494 0.592603
vn -0.000622 -0.857585 0.514342
vn 0.00227479 -0.885454 0.464722
vn -0.000211413 -0.902906 0.429838
vn 0.000245635 -0.940359 0.340182
vn 0.00199124 -0.948535 0.316667
vn -0.000788201 -0.969017 0.246993
vn 0.00163927 -0.987049 0.160411
vn 0.000769091 -0.988761 0.149502
vn -0.000526867 -0.998732 0.0503393
vn -0.00210388 -0.999998 -0
vn 0.000526867 -0.998732 0.0503393
vn -0.000769091 -0.988761 0.149502
vn -0.00163927 -0.987049 0.160411
vn 0.000788201 -0.969017 0.246993
vn -0.00199124 -0.948535 0.316667
vn -0.000245635 -0.940359 0.340182
vn 0.000211413 -0.902906 0.429838
vn -0.00227479 -0.885454 0.464722
vn 0.000622 -0.857585 0.514342
vn -0.00102373 -0.805494 0.592603
vn -0.00193388 -0.799441 0.600741
vn 0.000826231 -0.746461 0.665429
vn -0.0021654 -0.692723 0.721201
vn -0.000900876 -0.682355 0.731021
vn 0.000629744 -0.610278 0.792187
vn -0.00273995 -0.568063 0.822981
vn 0.00051686 -0.530279 0.847823
vn -0.000666002 -0.443949 0.896052
vn -0.00241647 -0.428691 0.903448
vn 0.00118923 -0.35021 0.93667
vn -0.00269354 -0.278216 0.960515
vn -0.000155247 -0.253279 0.967393
vn 0.00014628 -0.152313 0.988332
vn -0.00290895 -0.120536 0.992705
vn 0.00119426 -0.0509987 0.998698
vn -0.00233527 0.0402658 0.999186
vn -0.00107867 0.0510915 0.998693
vn 0.000776465 0.152238 0.988344
vn -0.00306064 0.200025 0.979786
vn 0.000925623 0.253069 0.967448
vn -0.0014843 0.350894 0.936414
vn -0.00194043 0.354604 0.935014
vn 0.001014 0.443437 0.896305
vn -0.00274868 0.499998 0.866022
vn 0.00017873 0.530393 0.847752
vn -0.00018954 0.610565 0.791966
vn -0.0024815 0.632443 0.774603
vn 0.000772339 0.681773 0.731564
vn -0.00161577 0.74851 0.663122
vn -0.00179822 0.747324 0.664457
vn 0.000800193 0.804955 0.593335
vn -0.0021784 0.845188 0.534465
vn -0.000329036 0.857822 0.513947
vn 0.000283882 0.902892 0.429867
vn -0.00222347 0.919977 0.391966
vn 0.000593229 0.940249 0.340488
vn -0.000974159 0.969148 0.246477
vn -0.00156882 0.970941 0.239315
vn 0.00077662 0.988717 0.149796
vn -0.00197873 0.996755 0.0804664
vn -3.99697e-18 0.998734 0.0503041
vn 6.39356e-18 0.996757 -0.0804666
vn 0 0.970942 -0.239316
vn 0 0.919979 -0.391967
vn 0 0.84519 -0.534466
vn 1.29294e-17 0.748511 -0.663123
vn 0 0.632445 -0.774605
vn 0 0.5 -0.866025
vn 0 0.354605 -0.935016
vn -5.14637e-17 0.200026 -0.979791
vn -6.80269e-17 0.0402659 -0.999189
vn -0 -0.120537 -0.992709
vn -0 -0.278217 -0.960518
vn -0 -0.428693 -0.90345
vn -2.20415e-18 -0.568065 -0.822984
vn 2.8379e-17 -0.692724 -0.721202
vn -7.52176e-18 -0.799443 -0.600742
vn -3.18535e-17 -0.885456 -0.464723
vn -0 -0.948536 -0.316668
vn -5.95483e-17 -0.98705 -0.160411
vn -0.528969 -0.0387156 -0.847757
vn -0.535907 -0.0276245 -0.843825
vn -0.535907 0.0276245 -0.843825
vn -0.611802 0.0315366 -0.790382
vn -0.688533 0.0354919 -0.724336
vn -0.758178 0.0390819 -0.650875
vn -0.82003 0.0422702 -0.570758
vn -0.87346 0.0450243 -0.48481
vn -0.900586 0.0464226 -0.432191
vn -0.903943 0.0515478 -0.424534
vn -0.533668 -0.0831165 -0.8416
vn -0.516635 -0.115085 -0.848436
vn -0.520807 -0.137157 -0.842584
vn -0.499617 -0.188337 -0.845525
vn -0.57323 -0.216086 -0.790389
vn -0.547994 -0.273875 -0.790376
vn -0.616716 -0.308221 -0.724335
vn -0.581739 -0.370024 -0.724336
vn -0.640582 -0.407452 -0.650875
vn -0.595292 -0.471157 -0.650875
vn -0.643855 -0.509594 -0.570758
vn -0.588046 -0.573095 -0.570758
vn -0.626361 -0.610436 -0.48481
vn -0.560275 -0.671603 -0.48481
vn -0.588799 -0.705795 -0.393914
vn -0.513108 -0.762595 -0.393914
vn -0.532705 -0.791721 -0.299002
vn -0.448477 -0.842299 -0.299002
vn -0.460381 -0.864657 -0.201042
vn -0.369036 -0.907411 -0.201042
vn -0.3748 -0.921584 -0.101036
vn -0.278055 -0.955237 -0.101036
vn -0.279486 -0.96015 0
vn -0.179281 -0.983798 -0
vn -0.178363 -0.978764 0.101036
vn -0.0767805 -0.991916 0.101036
vn -0.0755997 -0.976661 0.201042
vn 0.0252222 -0.979258 0.201042
vn 0.02457 -0.953936 0.299002
vn 0.122524 -0.946354 0.299002
vn 0.118017 -0.911539 0.393914
vn 0.211117 -0.894573 0.393914
vn 0.200889 -0.851236 0.48481
vn 0.28735 -0.826069 0.48481
vn 0.269772 -0.775538 0.570758
vn 0.348084 -0.743689 0.570758
vn 0.321829 -0.687596 0.650875
vn 0.390823 -0.65086 0.650875
vn 0.354922 -0.591073 0.724336
vn 0.413816 -0.551447 0.724336
vn 0.3677 -0.489993 0.790382
vn 0.416132 -0.449588 0.790382
vn 0.359655 -0.38857 0.848329
vn 0.397701 -0.34953 0.848329
vn 0.331148 -0.291038 0.897573
vn 0.359318 -0.255447 0.897573
vn 0.283394 -0.201471 0.937602
vn 0.302607 -0.171264 0.937602
vn 0.218411 -0.123612 0.967996
vn 0.229963 -0.1005 0.967996
vn 0.138936 -0.0607185 0.988438
vn 0.144443 -0.0461112 0.988438
vn 0.0483141 -0.0154236 0.998713
vn -0.497194 -0.19016 -0.846545
vn -0.482441 -0.241128 -0.842085
vn -0.547981 -0.273885 -0.790382
vn -0.516909 -0.328787 -0.790382
vn -0.581739 -0.370024 -0.724336
vn -0.540609 -0.427877 -0.724336
vn -0.595292 -0.471157 -0.650875
vn -0.543692 -0.529869 -0.650875
vn -0.588046 -0.573095 -0.570758
vn -0.526003 -0.630521 -0.570758
vn -0.560275 -0.671603 -0.48481
vn -0.488251 -0.725652 -0.48481
vn -0.513108 -0.762595 -0.393914
vn -0.431978 -0.811312 -0.393914
vn -0.448477 -0.842299 -0.299002
vn -0.359494 -0.883947 -0.299002
vn -0.369036 -0.907411 -0.201042
vn -0.273779 -0.940546 -0.201042
vn -0.278055 -0.955237 -0.101036
vn -0.178363 -0.978764 -0.101036
vn -0.179281 -0.983798 0
vn -0.0771755 -0.997018 -0
vn -0.0767805 -0.991916 0.101036
vn 0.0256162 -0.994553 0.101036
vn 0.0252222 -0.979258 0.201042
vn 0.125777 -0.971474 0.201042
vn 0.122524 -0.946354 0.299002
vn 0.21918 -0.92874 0.299002
vn 0.211117 -0.894573 0.393914
vn 0.301979 -0.868125 0.393914
vn 0.28735 -0.826069 0.48481
vn 0.370764 -0.792145 0.48481
vn 0.348084 -0.743689 0.570758
vn 0.422706 -0.703957 0.570758
vn 0.390823 -0.65086 0.650875
vn 0.455674 -0.607226 0.650875
vn 0.413816 -0.551447 0.724336
vn 0.468323 -0.505975 0.724336
vn 0.416132 -0.449588 0.790382
vn 0.460154 -0.404418 0.790382
vn 0.397701 -0.34953 0.848329
vn 0.431533 -0.306786 0.848329
vn 0.359318 -0.255447 0.897573
vn 0.383679 -0.217147 0.897573
vn 0.302607 -0.171264 0.937602
vn 0.318613 -0.139242 0.937602
vn 0.229963 -0.1005 0.967996
vn 0.239078 -0.076322 0.967996
vn 0.144443 -0.0461112 0.988438
vn 0.148418 -0.031015 0.988438
vn 0.0496439 -0.0103741 0.998713
vn -0.461364 -0.25893 -0.848586
vn -0.455436 -0.289687 -0.841819
vn -0.516909 -0.328787 -0.790382
vn -0.480363 -0.380194 -0.790382
vn -0.540609 -0.427877 -0.724336
vn -0.493749 -0.481196 -0.724336
vn -0.543692 -0.529869 -0.650875
vn -0.486329 -0.582963 -0.650875
vn -0.526003 -0.630521 -0.570758
vn -0.458384 -0.681263 -0.570758
vn -0.488251 -0.725652 -0.48481
vn -0.411051 -0.772008 -0.48481
vn -0.431978 -0.811312 -0.393914
vn -0.346268 -0.851428 -0.393914
vn -0.359494 -0.883947 -0.299002
vn -0.2667 -0.916225 -0.299002
vn -0.273779 -0.940546 -0.201042
vn -0.17562 -0.963711 -0.201042
vn -0.178363 -0.978764 -0.101036
vn -0.0767805 -0.991916 -0.101036
vn -0.0771755 -0.997018 0
vn 0.0257479 -0.999668 0
vn 0.0256162 -0.994553 0.101036
vn 0.127741 -0.986648 0.101036
vn 0.125777 -0.971474 0.201042
vn 0.224998 -0.953393 0.201042
vn 0.21918 -0.92874 0.299002
vn 0.313512 -0.901281 0.299002
vn 0.301979 -0.868125 0.393914
vn 0.38964 -0.832474 0.393914
vn 0.370764 -0.792145 0.48481
vn 0.450248 -0.749824 0.48481
vn 0.422706 -0.703957 0.570758
vn 0.492847 -0.656763 0.570758
vn 0.455674 -0.607226 0.650875
vn 0.515694 -0.557155 0.650875
vn 0.468323 -0.505975 0.724336
vn 0.517866 -0.45514 0.724336
vn 0.460154 -0.404418 0.790382
vn 0.499298 -0.354961 0.790382
vn 0.431533 -0.306786 0.848329
vn 0.46079 -0.260789 0.848329
vn 0.383679 -0.217147 0.897573
vn 0.403972 -0.176546 0.897573
vn 0.318613 -0.139242 0.937602
vn 0.331241 -0.105744 0.937602
vn 0.239078 -0.076322 0.967996
vn 0.245658 -0.0513353 0.967996
vn 0.148418 -0.031015 0.988438
vn 0.150821 -0.0155902 0.988438
vn 0.0504474 -0.00521469 0.998713
vn -0.420591 -0.32477 -0.847129
vn -0.419641 -0.332135 -0.844741
vn -0.480363 -0.380194 -0.790382
vn -0.438725 -0.42757 -0.790382
vn -0.493749 -0.481196 -0.724336
vn -0.441655 -0.529413 -0.724336
vn -0.486329 -0.582963 -0.650875
vn -0.42381 -0.629878 -0.650875
vn -0.458384 -0.681263 -0.570758
vn -0.385907 -0.724784 -0.570758
vn -0.411051 -0.772008 -0.48481
vn -0.329494 -0.810181 -0.48481
vn -0.346268 -0.851428 -0.393914
vn -0.256888 -0.882519 -0.393914
vn -0.2667 -0.916225 -0.299002
vn -0.171079 -0.938792 -0.299002
vn -0.17562 -0.963711 -0.201042
vn -0.0755997 -0.976661 -0.201042
vn -0.0767805 -0.991916 -0.101036
vn 0.0256162 -0.994553 -0.101036
vn 0.0257479 -0.999668 0
vn 0.128398 -0.991723 0
vn 0.127741 -0.986648 0.101036
vn 0.228512 -0.968284 0.101036
vn 0.224998 -0.953393 0.201042
vn 0.321834 -0.925205 0.201042
vn 0.313512 -0.901281 0.299002
vn 0.404521 -0.864269 0.299002
vn 0.38964 -0.832474 0.393914
vn 0.47317 -0.787998 0.393914
vn 0.450248 -0.749824 0.48481
vn 0.524959 -0.699555 0.48481
vn 0.492847 -0.656763 0.570758
vn 0.557764 -0.602607 0.570758
vn 0.515694 -0.557155 0.650875
vn 0.570248 -0.501178 0.650875
vn 0.517866 -0.45514 0.724336
vn 0.561919 -0.39948 0.724336
vn 0.499298 -0.354961 0.790382
vn 0.533149 -0.301742 0.790382
vn 0.46079 -0.260789 0.848329
vn 0.485162 -0.212028 0.848329
vn 0.403972 -0.176546 0.897573
vn 0.419984 -0.134074 0.897573
vn 0.331241 -0.105744 0.937602
vn 0.340359 -0.0711249 0.937602
vn 0.245658 -0.0513353 0.967996
vn 0.249634 -0.0258044 0.967996
vn 0.150821 -0.0155902 0.988438
vn 0.151624 0 0.988438
vn 0.0507162 0 0.998713
vn 0.0504475 0.00521262 0.998713
vn -0.385162 -0.37537 -0.843058
vn -0.367623 -0.381304 -0.84821
vn -0.346045 -0.414805 -0.84154
vn -0.308277 -0.430893 -0.848113
vn -0.300081 -0.445988 -0.843236
vn -0.2517 -0.472726 -0.844498
vn -0.287914 -0.540741 -0.790382
vn -0.230789 -0.567479 -0.790382
vn -0.259734 -0.638651 -0.724336
vn -0.192691 -0.661972 -0.724336
vn -0.212181 -0.728931 -0.650875
vn -0.136107 -0.746885 -0.650875
vn -0.147211 -0.807815 -0.570758
vn -0.0633702 -0.81867 -0.570758
vn -0.0674992 -0.872011 -0.48481
vn 0.0225196 -0.87433 -0.48481
vn 0.0236661 -0.918842 -0.393914
vn 0.118017 -0.911539 -0.393914
vn 0.122524 -0.946354 -0.299002
vn 0.21918 -0.92874 -0.299002
vn 0.224998 -0.953393 -0.201042
vn 0.321834 -0.925205 -0.201042
vn 0.326861 -0.939656 -0.101036
vn 0.421745 -0.901068 -0.101036
vn 0.423914 -0.905702 0
vn 0.514793 -0.857315 0
vn 0.512159 -0.852928 0.101036
vn 0.597143 -0.795746 0.101036
vn 0.587959 -0.783509 0.201042
vn 0.665404 -0.718901 0.201042
vn 0.648198 -0.700312 0.299002
vn 0.71677 -0.629952 0.299002
vn 0.690401 -0.606777 0.393914
vn 0.749131 -0.532573 0.393914
vn 0.71284 -0.506773 0.48481
vn 0.761169 -0.430792 0.48481
vn 0.714607 -0.40444 0.570758
vn 0.752405 -0.32882 0.570758
vn 0.695654 -0.304019 0.650875
vn 0.723227 -0.230879 0.650875
vn 0.656792 -0.209671 0.724336
vn 0.674869 -0.141028 0.724336
vn 0.599661 -0.125311 0.790382
vn 0.609367 -0.0629896 0.790382
vn 0.526663 -0.0544406 0.848329
vn 0.529469 0 0.848329
vn 0.440865 0 0.897573
vn 0.438534 0.04524 0.897575
vn 0.438525 0.0452572 0.897579
vn 0.431572 0.0900936 0.897568
vn 0.431561 0.0901098 0.897572
vn 0.419984 0.134074 0.897573
vn 0.331241 0.105744 0.937602
vn 0.318613 0.139242 0.937602
vn 0.229963 0.1005 0.967996
vn 0.218411 0.123612 0.967996
vn 0.131956 0.0746822 0.988438
vn 0.123578 0.0878543 0.988438
vn 0.0413352 0.0293861 0.998713
vn -0.242846 -0.472339 -0.847303
vn -0.203383 -0.500093 -0.84175
vn -0.230789 -0.567479 -0.790382
vn -0.171217 -0.588201 -0.790382
vn -0.192691 -0.661972 -0.724336
vn -0.123605 -0.678277 -0.724336
vn -0.136107 -0.746885 -0.650875
vn -0.0585905 -0.756921 -0.650875
vn -0.0633702 -0.81867 -0.570758
vn 0.0211421 -0.820846 -0.570758
vn 0.0225196 -0.87433 -0.48481
vn 0.1123 -0.86738 -0.48481
vn 0.118017 -0.911539 -0.393914
vn 0.211117 -0.894573 -0.393914
vn 0.21918 -0.92874 -0.299002
vn 0.313512 -0.901281 -0.299002
vn 0.321834 -0.925205 -0.201042
vn 0.415259 -0.88721 -0.201042
vn 0.421745 -0.901068 -0.101036
vn 0.512159 -0.852928 -0.101036
vn 0.514793 -0.857315 0
vn 0.600214 -0.799839 0
vn 0.597143 -0.795746 0.101036
vn 0.675797 -0.73013 0.101036
vn 0.665404 -0.718901 0.201042
vn 0.735796 -0.646674 0.201042
vn 0.71677 -0.629952 0.299002
vn 0.777743 -0.552914 0.299002
vn 0.749131 -0.532573 0.393914
vn 0.79992 -0.452724 0.393914
vn 0.761169 -0.430792 0.48481
vn 0.801429 -0.350245 0.48481
vn 0.752405 -0.32882 0.570758
vn 0.782227 -0.249714 0.570758
vn 0.723227 -0.230879 0.650875
vn 0.743133 -0.155293 0.650875
vn 0.674869 -0.141028 0.724336
vn 0.685793 -0.0708896 0.724336
vn 0.609367 -0.0629896 0.790382
vn 0.612614 0 0.790382
vn 0.529469 0 0.848329
vn 0.526672 0.0543106 0.848332
vn 0.52666 0.0543312 0.848338
vn 0.518315 0.108179 0.84832
vn 0.5183 0.108199 0.848326
vn 0.504391 0.16102 0.848329
vn 0.419984 0.134074 0.897573
vn 0.403972 0.176546 0.897573
vn 0.318613 0.139242 0.937602
vn 0.302607 0.171264 0.937602
vn 0.218411 0.123612 0.967996
vn 0.204543 0.145414 0.967996
vn 0.123578 0.0878543 0.988438
vn 0.11389 0.100095 0.988438
vn 0.0380946 0.0334804 0.998713
vn -0.170833 -0.500753 -0.848565
vn -0.15069 -0.517683 -0.842197
vn -0.171217 -0.588201 -0.790382
vn -0.10983 -0.602688 -0.790382
vn -0.123605 -0.678277 -0.724336
vn -0.0532084 -0.687391 -0.724336
vn -0.0585905 -0.756921 -0.650875
vn 0.0195474 -0.758933 -0.650875
vn 0.0211421 -0.820846 -0.570758
vn 0.10543 -0.814322 -0.570758
vn 0.1123 -0.86738 -0.48481
vn 0.200889 -0.851236 -0.48481
vn 0.211117 -0.894573 -0.393914
vn 0.301979 -0.868125 -0.393914
vn 0.313512 -0.901281 -0.299002
vn 0.404521 -0.864269 -0.299002
vn 0.415259 -0.88721 -0.201042
vn 0.504282 -0.83981 -0.201042
vn 0.512159 -0.852928 -0.101036
vn 0.597143 -0.795746 -0.101036
vn 0.600214 -0.799839 0
vn 0.679273 -0.733885 0
vn 0.675797 -0.73013 0.101036
vn 0.747288 -0.656774 0.101036
vn 0.735796 -0.646674 0.201042
vn 0.798388 -0.567591 0.201042
vn 0.777743 -0.552914 0.299002
vn 0.830472 -0.470015 0.299002
vn 0.79992 -0.452724 0.393914
vn 0.84223 -0.368076 0.393914
vn 0.801429 -0.350245 0.48481
vn 0.833194 -0.265985 0.48481
vn 0.782227 -0.249714 0.570758
vn 0.803757 -0.167962 0.570758
vn 0.743133 -0.155293 0.650875
vn 0.755161 -0.0780602 0.650875
vn 0.685793 -0.0708896 0.724336
vn 0.689447 0 0.724336
vn 0.612614 0 0.790382
vn 0.609379 0.0628142 0.790387
vn 0.609365 0.0628379 0.790396
vn 0.599713 0.125143 0.790369
vn 0.599696 0.125165 0.790379
vn 0.583598 0.186305 0.790382
vn 0.504391 0.16102 0.848329
vn 0.485162 0.212028 0.848329
vn 0.403972 0.176546 0.897573
vn 0.383679 0.217147 0.897573
vn 0.302607 0.171264 0.937602
vn 0.283394 0.201471 0.937602
vn 0.204543 0.145414 0.967996
vn 0.188507 0.165675 0.967996
vn 0.11389 0.100095 0.988438
vn 0.102994 0.111275 0.988438
vn 0.0344502 0.0372199 0.998713
vn -0.0967527 -0.523811 -0.846322
vn -0.0956451 -0.52485 -0.845804
vn -0.10983 -0.602688 -0.790382
vn -0.0472788 -0.610787 -0.790382
vn -0.0532084 -0.687391 -0.724336
vn 0.0177518 -0.689218 -0.724336
vn 0.0195474 -0.758933 -0.650875
vn 0.0974781 -0.752901 -0.650875
vn 0.10543 -0.814322 -0.570758
vn 0.188601 -0.799165 -0.570758
vn 0.200889 -0.851236 -0.48481
vn 0.28735 -0.826069 -0.48481
vn 0.301979 -0.868125 -0.393914
vn 0.38964 -0.832474 -0.393914
vn 0.404521 -0.864269 -0.299002
vn 0.491242 -0.818095 -0.299002
vn 0.504282 -0.83981 -0.201042
vn 0.587959 -0.783509 -0.201042
vn 0.597143 -0.795746 -0.101036
vn 0.675797 -0.73013 -0.101036
vn 0.679273 -0.733885 0
vn 0.751132 -0.660152 0
vn 0.747288 -0.656774 0.101036
vn 0.810858 -0.576456 0.101036
vn 0.798388 -0.567591 0.201042
vn 0.852516 -0.482491 0.201042
vn 0.830472 -0.470015 0.299002
vn 0.874398 -0.382134 0.299002
vn 0.84223 -0.368076 0.393914
vn 0.875612 -0.279526 0.393914
vn 0.833194 -0.265985 0.48481
vn 0.856126 -0.178905 0.48481
vn 0.803757 -0.167962 0.570758
vn 0.816767 -0.0844282 0.570758
vn 0.755161 -0.0780602 0.650875
vn 0.759185 0 0.650875
vn 0.689447 0 0.724336
vn 0.68581 0.0706642 0.724342
vn 0.685793 0.0706908 0.724355
vn 0.674935 0.140811 0.724317
vn 0.674915 0.140835 0.724331
vn 0.656792 0.209671 0.724336
vn 0.583598 0.186305 0.790382
vn 0.561348 0.245324 0.790382
vn 0.485162 0.212028 0.848329
vn 0.46079 0.260789 0.848329
vn 0.383679 0.217147 0.897573
vn 0.359318 0.255447 0.897573
vn 0.283394 0.201471 0.937602
vn 0.261177 0.229542 0.937602
vn 0.188507 0.165675 0.967996
vn 0.170473 0.184179 0.967996
vn 0.102994 0.111275 0.988438
vn 0.091007 0.121275 0.988438
vn 0.0304406 0.0405648 0.998713
vn -0.0415807 -0.537175 -0.842446
vn -0.0193279 -0.528859 -0.84849
vn 0.0139049 -0.53986 -0.84164
vn 0.0580333 -0.527426 -0.847617
vn 0.0688575 -0.531841 -0.84404
vn 0.123329 -0.522587 -0.843619
vn 0.14071 -0.596235 -0.790382
vn 0.20127 -0.578607 -0.790382
vn 0.226513 -0.651175 -0.724336
vn 0.292266 -0.624434 -0.724336
vn 0.321829 -0.687596 -0.650875
vn 0.390823 -0.65086 -0.650875
vn 0.422706 -0.703957 -0.570758
vn 0.492847 -0.656763 -0.570758
vn 0.524959 -0.699555 -0.48481
vn 0.594106 -0.64187 -0.48481
vn 0.624352 -0.674549 -0.393914
vn 0.690401 -0.606777 -0.393914
vn 0.71677 -0.629952 -0.299002
vn 0.777743 -0.552914 -0.299002
vn 0.798388 -0.567591 -0.201042
vn 0.852516 -0.482491 -0.201042
vn 0.865832 -0.490028 -0.101036
vn 0.897689 -0.428861 -0.101152
vn 0.902889 -0.42371 -0.0725313
vn 0.936982 -0.348245 -0.0281133
vn 0.905012 -0.424707 -0.0240348
vn 0.895072 -0.445922 0
vn 0.870285 -0.492548 0
vn 0.815028 -0.579421 0
vn 0.751132 -0.660152 0
vn 0.134099 -0.512938 -0.847887
vn 0.177462 -0.510164 -0.84157
vn 0.20127 -0.578607 -0.790382
vn 0.259696 -0.554846 -0.790382
vn 0.292266 -0.624434 -0.724336
vn 0.354922 -0.591073 -0.724336
vn 0.390823 -0.65086 -0.650875
vn 0.455674 -0.607226 -0.650875
vn 0.492847 -0.656763 -0.570758
vn 0.557764 -0.602607 -0.570758
vn 0.594106 -0.64187 -0.48481
vn 0.656955 -0.577382 -0.48481
vn 0.690401 -0.606777 -0.393914
vn 0.749131 -0.532573 -0.393914
vn 0.777743 -0.552914 -0.299002
vn 0.830472 -0.470015 -0.299002
vn 0.852516 -0.482491 -0.201042
vn 0.884644 -0.420593 -0.201261
vn 0.88587 -0.418446 -0.200341
vn 0.895161 -0.397617 -0.201463
vn 0.914437 -0.372342 -0.15864
vn 0.207051 -0.487232 -0.848372
vn 0.228207 -0.487569 -0.842733
vn 0.259696 -0.554846 -0.790382
vn 0.315369 -0.525203 -0.790382
vn 0.354922 -0.591073 -0.724336
vn 0.413816 -0.551447 -0.724336
vn 0.455674 -0.607226 -0.650875
vn 0.515694 -0.557155 -0.650875
vn 0.557764 -0.602607 -0.570758
vn 0.616768 -0.542063 -0.570758
vn 0.656955 -0.577382 -0.48481
vn 0.71284 -0.506773 -0.48481
vn 0.749131 -0.532573 -0.393914
vn 0.79992 -0.452724 -0.393914
vn 0.830472 -0.470015 -0.299002
vn 0.860684 -0.41186 -0.299323
vn 0.861928 -0.409793 -0.298581
vn 0.880376 -0.366853 -0.300594
vn 0.881694 -0.364801 -0.299225
vn 0.897281 -0.324475 -0.299338
vn 0.907986 -0.313626 -0.277848
vn 0.275087 -0.458118 -0.845255
vn 0.277137 -0.454106 -0.846748
vn 0.323813 -0.431509 -0.841989
vn 0.338412 -0.406645 -0.848597
vn 0.36656 -0.39603 -0.841899
vn 0.395982 -0.354801 -0.846944
vn 0.401688 -0.353034 -0.844993
vn 0.438554 -0.311778 -0.842891
vn 0.499298 -0.354961 -0.790382
vn 0.533149 -0.301742 -0.790382
vn 0.600016 -0.339586 -0.724336
vn 0.61769 -0.305189 -0.724789
vn 0.618527 -0.303669 -0.724713
vn 0.632211 -0.272826 -0.725172
vn 0.63359 -0.271533 -0.724454
vn 0.656792 -0.209671 -0.724336
vn 0.723227 -0.230879 -0.650875
vn 0.743133 -0.155293 -0.650875
vn 0.803757 -0.167962 -0.570758
vn 0.816767 -0.0844282 -0.570758
vn 0.869984 -0.0899293 -0.48481
vn 0.87462 0 -0.48481
vn 0.898435 0 -0.439106
vn 0.911317 0.0496256 -0.408704
vn 0.896877 0.0923215 -0.432538
vn 0.905595 0.118004 -0.407398
vn 0.892887 0.193032 -0.406806
vn 0.895705 0.186776 -0.403518
vn 0.893767 0.213849 -0.39427
vn 0.875612 0.279526 -0.393914
vn 0.89599 0.286032 -0.339689
vn 0.900647 0.301025 -0.3134
vn 0.894997 0.330706 -0.299357
vn 0.919046 0.3151 -0.236782
vn 0.883825 0.414232 -0.217406
vn 0.895437 0.391329 -0.21226
vn 0.892031 0.404739 -0.201162
vn 0.852516 0.482491 -0.201042
vn 0.865832 0.490028 -0.101036
vn 0.810858 0.576456 -0.101036
vn 0.815028 0.579421 0
vn 0.751132 0.660152 0
vn 0.747288 0.656774 0.101036
vn 0.675797 0.73013 0.101036
vn 0.665404 0.718901 0.201042
vn 0.587959 0.783509 0.201042
vn 0.572756 0.763249 0.299002
vn 0.491242 0.818095 0.299002
vn 0.47317 0.787998 0.393914
vn 0.38964 0.832474 0.393914
vn 0.370764 0.792145 0.48481
vn 0.28735 0.826069 0.48481
vn 0.269772 0.775538 0.570758
vn 0.188601 0.799165 0.570758
vn 0.174376 0.738888 0.650875
vn 0.0974781 0.752901 0.650875
vn 0.0885239 0.68374 0.724336
vn 0.0177518 0.689218 0.724336
vn 0.0157735 0.612411 0.790382
vn -0.0472788 0.610787 0.790382
vn -0.0408621 0.52789 0.848329
vn -0.0949237 0.520891 0.848329
vn -0.0790387 0.433722 0.897573
vn -0.123216 0.423297 0.897573
vn -0.0971801 0.333854 0.937602
vn -0.130992 0.322093 0.937602
vn -0.0945453 0.232474 0.967996
vn -0.117947 0.221521 0.967996
vn -0.0712598 0.133835 0.988438
vn -0.0846433 0.125799 0.988438
vn -0.028312 0.0420781 0.998713
vn 0.44162 -0.292173 -0.848296
vn 0.47011 -0.266064 -0.84155
vn 0.533149 -0.301742 -0.790382
vn 0.548094 -0.272521 -0.790775
vn 0.548807 -0.271155 -0.79075
vn 0.561151 -0.243837 -0.790982
vn 0.562394 -0.242697 -0.79045
vn 0.583598 -0.186305 -0.790382
vn 0.656792 -0.209671 -0.724336
vn 0.674869 -0.141028 -0.724336
vn 0.743133 -0.155293 -0.650875
vn 0.755161 -0.0780602 -0.650875
vn 0.816767 -0.0844282 -0.570758
vn 0.821119 0 -0.570758
vn 0.87462 0 -0.48481
vn 0.870018 0.0895568 -0.484818
vn 0.477068 -0.237205 -0.846251
vn 0.479613 -0.224833 -0.848187
vn 0.49268 -0.214085 -0.843466
vn 0.510543 -0.162983 -0.844264
vn 0.599661 -0.125311 -0.790382
vn 0.685793 -0.0708896 -0.724336
vn 0.759185 0 -0.650875
vn 0.816792 0.0841383 -0.570765
vn 0.869984 0.0896177 -0.484867
vn 0.856234 0.178546 -0.484753
vn 0.508343 -0.152938 -0.847465
vn 0.528544 -0.11045 -0.84169
vn 0.609367 -0.0629896 -0.790382
vn 0.689447 0 -0.724336
vn 0.755179 0.0778475 -0.65088
vn 0.816757 0.0841953 -0.570806
vn 0.803848 0.167683 -0.570711
vn 0.856193 0.178603 -0.484803
vn 0.833194 0.265985 -0.48481
vn 0.875612 0.279526 -0.393914
vn 0.84223 0.368076 -0.393914
vn 0.874398 0.382134 -0.299002
vn 0.830472 0.470015 -0.299002
vn 0.852516 0.482491 -0.201042
vn 0.798388 0.567591 -0.201042
vn 0.810858 0.576456 -0.101036
vn 0.747288 0.656774 -0.101036
vn 0.751132 0.660152 0
vn 0.679273 0.733885 0
vn 0.675797 0.73013 0.101036
vn 0.597143 0.795746 0.101036
vn 0.587959 0.783509 0.201042
vn 0.504282 0.83981 0.201042
vn 0.491242 0.818095 0.299002
vn 0.404521 0.864269 0.299002
vn 0.38964 0.832474 0.393914
vn 0.301979 0.868125 0.393914
vn 0.28735 0.826069 0.48481
vn 0.200889 0.851236 0.48481
vn 0.188601 0.799165 0.570758
vn 0.10543 0.814322 0.570758
vn 0.0974781 0.752901 0.650875
vn 0.0195474 0.758933 0.650875
vn 0.0177518 0.689218 0.724336
vn -0.0532084 0.687391 0.724336
vn -0.0472788 0.610787 0.790382
vn -0.10983 0.602688 0.790382
vn -0.0949237 0.520891 0.848329
vn -0.147979 0.50837 0.848329
vn -0.123216 0.423297 0.897573
vn -0.166086 0.408384 0.897573
vn -0.130992 0.322093 0.937602
vn -0.163416 0.306917 0.937602
vn -0.117947 0.221521 0.967996
vn -0.140099 0.208219 0.967996
vn -0.0846433 0.125799 0.988438
vn -0.0971294 0.116429 0.988438
vn -0.0324885 0.038944 0.998713
vn 0.523504 -0.0770438 -0.848533
vn 0.536126 -0.0554188 -0.842317
vn 0.609367 -0.0629896 -0.790382
vn 0.612614 0 -0.790382
vn 0.689447 0 -0.724336
vn 0.685804 0.0707468 -0.72434
vn 0.755145 0.0779 -0.650913
vn 0.743207 0.15509 -0.650838
vn 0.803808 0.167736 -0.570752
vn 0.782227 0.249714 -0.570758
vn 0.833194 0.265985 -0.48481
vn 0.801429 0.350245 -0.48481
vn 0.84223 0.368076 -0.393914
vn 0.79992 0.452724 -0.393914
vn 0.830472 0.470015 -0.299002
vn 0.777743 0.552914 -0.299002
vn 0.798388 0.567591 -0.201042
vn 0.735796 0.646674 -0.201042
vn 0.747288 0.656774 -0.101036
vn 0.675797 0.73013 -0.101036
vn 0.679273 0.733885 0
vn 0.600214 0.799839 0
vn 0.597143 0.795746 0.101036
vn 0.512159 0.852928 0.101036
vn 0.504282 0.83981 0.201042
vn 0.415259 0.88721 0.201042
vn 0.404521 0.864269 0.299002
vn 0.313512 0.901281 0.299002
vn 0.301979 0.868125 0.393914
vn 0.211117 0.894573 0.393914
vn 0.200889 0.851236 0.48481
vn 0.1123 0.86738 0.48481
vn 0.10543 0.814322 0.570758
vn 0.0211421 0.820846 0.570758
vn 0.0195474 0.758933 0.650875
vn -0.0585905 0.756921 0.650875
vn -0.0532084 0.687391 0.724336
vn -0.123605 0.678277 0.724336
vn -0.10983 0.602688 0.790382
vn -0.171217 0.588201 0.790382
vn -0.147979 0.50837 0.848329
vn -0.199466 0.49046 0.848329
vn -0.166086 0.408384 0.897573
vn -0.207196 0.389142 0.897573
vn -0.163416 0.306917 0.937602
vn -0.194107 0.288488 0.937602
vn -0.140099 0.208219 0.967996
vn -0.160766 0.192711 0.967996
vn -0.0971294 0.116429 0.988438
vn -0.108586 0.105825 0.988438
vn -0.0363205 0.0353971 0.998713
vn 0.533036 0 -0.846092
vn 0.612614 0 -0.790382
vn 0.609373 0.0629074 -0.790384
vn 0.685773 0.0707944 -0.724364
vn 0.674926 0.140893 -0.724309
vn 0.743168 0.155139 -0.650871
vn 0.723227 0.230879 -0.650875
vn 0.782227 0.249714 -0.570758
vn 0.752405 0.32882 -0.570758
vn 0.801429 0.350245 -0.48481
vn 0.761169 0.430792 -0.48481
vn 0.79992 0.452724 -0.393914
vn 0.749131 0.532573 -0.393914
vn 0.777743 0.552914 -0.299002
vn 0.71677 0.629952 -0.299002
vn 0.735796 0.646674 -0.201042
vn 0.665404 0.718901 -0.201042
vn 0.675797 0.73013 -0.101036
vn 0.597143 0.795746 -0.101036
vn 0.600214 0.799839 0
vn 0.514793 0.857315 0
vn 0.512159 0.852928 0.101036
vn 0.421745 0.901068 0.101036
vn 0.415259 0.88721 0.201042
vn 0.321834 0.925205 0.201042
vn 0.313512 0.901281 0.299002
vn 0.21918 0.92874 0.299002
vn 0.211117 0.894573 0.393914
vn 0.118017 0.911539 0.393914
vn 0.1123 0.86738 0.48481
vn 0.0225196 0.87433 0.48481
vn 0.0211421 0.820846 0.570758
vn -0.0633702 0.81867 0.570758
vn -0.0585905 0.756921 0.650875
vn -0.136107 0.746885 0.650875
vn -0.123605 0.678277 0.724336
vn -0.192691 0.661972 0.724336
vn -0.171217 0.588201 0.790382
vn -0.230789 0.567479 0.790382
vn -0.199466 0.49046 0.848329
vn -0.248838 0.467352 0.848329
vn -0.207196 0.389142 0.897573
vn -0.24611 0.365776 0.897573
vn -0.194107 0.288488 0.937602
vn -0.222741 0.267 0.937602
vn -0.160766 0.192711 0.967996
vn -0.179729 0.175159 0.967996
vn -0.108586 0.105825 0.988438
vn -0.118892 0.0940994 0.988438
vn -0.0397676 0.031475 0.998713
vn 0.536125 0.0553855 -0.84232
vn 0.523501 0.0770434 -0.848535
vn 0.528559 0.110419 -0.841685
vn 0.508343 0.152938 -0.847465
vn 0.510543 0.162983 -0.844264
vn 0.492292 0.215144 -0.843423
vn 0.561348 0.245324 -0.790382
vn 0.533149 0.301742 -0.790382
vn 0.600016 0.339586 -0.724336
vn 0.561919 0.39948 -0.724336
vn 0.618757 0.439888 -0.650875
vn 0.570248 0.501178 -0.650875
vn 0.616768 0.542063 -0.570758
vn 0.557764 0.602607 -0.570758
vn 0.594106 0.64187 -0.48481
vn 0.524959 0.699555 -0.48481
vn 0.551685 0.73517 -0.393914
vn 0.47317 0.787998 -0.393914
vn 0.491242 0.818095 -0.299002
vn 0.404521 0.864269 -0.299002
vn 0.415259 0.88721 -0.201042
vn 0.321834 0.925205 -0.201042
vn 0.326861 0.939656 -0.101036
vn 0.228512 0.968284 -0.101036
vn 0.229688 0.973264 0
vn 0.128398 0.991723 0
vn 0.127741 0.986648 0.101036
vn 0.0256162 0.994553 0.101036
vn 0.0252222 0.979258 0.201042
vn -0.0755997 0.976661 0.201042
vn -0.0736449 0.951407 0.299002
vn -0.171079 0.938792 0.299002
vn -0.164785 0.904255 0.393914
vn -0.256888 0.882519 0.393914
vn -0.244444 0.839766 0.48481
vn -0.329494 0.810181 0.48481
vn -0.309338 0.760622 0.570758
vn -0.385907 0.724784 0.570758
vn -0.356799 0.670117 0.650875
vn -0.42381 0.629878 0.650875
vn -0.384879 0.572018 0.724336
vn -0.441655 0.529413 0.724336
vn -0.392436 0.470414 0.790382
vn -0.438725 0.42757 0.790382
vn -0.379181 0.36954 0.848329
vn -0.415168 0.328594 0.848329
vn -0.345691 0.273605 0.897573
vn -0.371991 0.236611 0.897573
vn -0.29339 0.186615 0.937602
vn -0.311023 0.155459 0.937602
vn -0.224484 0.112205 0.967996
vn -0.234832 0.0885282 0.967996
vn -0.141877 0.0534858 0.988438
vn -0.146625 0.0386143 0.988438
vn -0.049044 0.012916 0.998713
vn 0.479876 0.224957 -0.848006
vn 0.47011 0.266064 -0.84155
vn 0.533149 0.301742 -0.790382
vn 0.499298 0.354961 -0.790382
vn 0.561919 0.39948 -0.724336
vn 0.517866 0.45514 -0.724336
vn 0.570248 0.501178 -0.650875
vn 0.515694 0.557155 -0.650875
vn 0.557764 0.602607 -0.570758
vn 0.492847 0.656763 -0.570758
vn 0.524959 0.699555 -0.48481
vn 0.450248 0.749824 -0.48481
vn 0.47317 0.787998 -0.393914
vn 0.38964 0.832474 -0.393914
vn 0.404521 0.864269 -0.299002
vn 0.313512 0.901281 -0.299002
vn 0.321834 0.925205 -0.201042
vn 0.224998 0.953393 -0.201042
vn 0.228512 0.968284 -0.101036
vn 0.127741 0.986648 -0.101036
vn 0.128398 0.991723 0
vn 0.0257479 0.999668 0
vn 0.0256162 0.994553 0.101036
vn -0.0767805 0.991916 0.101036
vn -0.0755997 0.976661 0.201042
vn -0.17562 0.963711 0.201042
vn -0.171079 0.938792 0.299002
vn -0.2667 0.916225 0.299002
vn -0.256888 0.882519 0.393914
vn -0.346268 0.851428 0.393914
vn -0.329494 0.810181 0.48481
vn -0.411051 0.772008 0.48481
vn -0.385907 0.724784 0.570758
vn -0.458384 0.681263 0.570758
vn -0.42381 0.629878 0.650875
vn -0.486329 0.582963 0.650875
vn -0.441655 0.529413 0.724336
vn -0.493749 0.481196 0.724336
vn -0.438725 0.42757 0.790382
vn -0.480363 0.380194 0.790382
vn -0.415168 0.328594 0.848329
vn -0.446753 0.284164 0.848329
vn -0.371991 0.236611 0.897573
vn -0.394348 0.197108 0.897573
vn -0.311023 0.155459 0.937602
vn -0.325359 0.122656 0.937602
vn -0.234832 0.0885282 0.967996
vn -0.24269 0.0639134 0.967996
vn -0.146625 0.0386143 0.988438
vn -0.149818 0.0233335 0.988438
vn -0.0501121 0.00780475 0.998713
vn 0.44162 0.292173 -0.848296
vn 0.438554 0.311778 -0.842891
vn 0.499298 0.354961 -0.790382
vn 0.460154 0.404418 -0.790382
vn 0.517866 0.45514 -0.724336
vn 0.468323 0.505975 -0.724336
vn 0.515694 0.557155 -0.650875
vn 0.455674 0.607226 -0.650875
vn 0.492847 0.656763 -0.570758
vn 0.422706 0.703957 -0.570758
vn 0.450248 0.749824 -0.48481
vn 0.370764 0.792145 -0.48481
vn 0.38964 0.832474 -0.393914
vn 0.301979 0.868125 -0.393914
vn 0.313512 0.901281 -0.299002
vn 0.21918 0.92874 -0.299002
vn 0.224998 0.953393 -0.201042
vn 0.125777 0.971474 -0.201042
vn 0.127741 0.986648 -0.101036
vn 0.0256162 0.994553 -0.101036
vn 0.0257479 0.999668 0
vn -0.0771755 0.997018 0
vn -0.0767805 0.991916 0.101036
vn -0.178363 0.978764 0.101036
vn -0.17562 0.963711 0.201042
vn -0.273779 0.940546 0.201042
vn -0.2667 0.916225 0.299002
vn -0.359494 0.883947 0.299002
vn -0.346268 0.851428 0.393914
vn -0.431978 0.811312 0.393914
vn -0.411051 0.772008 0.48481
vn -0.488251 0.725652 0.48481
vn -0.458384 0.681263 0.570758
vn -0.526003 0.630521 0.570758
vn -0.486329 0.582963 0.650875
vn -0.543692 0.529869 0.650875
vn -0.493749 0.481196 0.724336
vn -0.540609 0.427877 0.724336
vn -0.480363 0.380194 0.790382
vn -0.516909 0.328787 0.790382
vn -0.446753 0.284164 0.848329
vn -0.473604 0.236723 0.848329
vn -0.394348 0.197108 0.897573
vn -0.412525 0.155516 0.897573
vn -0.325359 0.122656 0.937602
vn -0.336246 0.0885519 0.937602
vn -0.24269 0.0639134 0.967996
vn -0.247975 0.0386211 0.967996
vn -0.149818 0.0233335 0.988438
vn -0.151423 0.00780543 0.988438
vn -0.050649 0.00261081 0.998713
vn 0.401688 0.353034 -0.844993
vn 0.395982 0.354801 -0.846944
vn 0.36656 0.39603 -0.841899
vn 0.338412 0.406645 -0.848597
vn 0.323813 0.431509 -0.841989
vn 0.277137 0.454106 -0.846748
vn 0.275087 0.458118 -0.845255
vn 0.228207 0.487569 -0.842733
vn 0.259696 0.554846 -0.790382
vn 0.20127 0.578607 -0.790382
vn 0.226513 0.651175 -0.724336
vn 0.158358 0.671014 -0.724336
vn 0.174376 0.738888 -0.650875
vn 0.0974781 0.752901 -0.650875
vn 0.10543 0.814322 -0.570758
vn 0.0211421 0.820846 -0.570758
vn 0.0225196 0.87433 -0.48481
vn -0.0674992 0.872011 -0.48481
vn -0.0709356 0.916406 -0.393914
vn -0.164785 0.904255 -0.393914
vn -0.171079 0.938792 -0.299002
vn -0.2667 0.916225 -0.299002
vn -0.273779 0.940546 -0.201042
vn -0.369036 0.907411 -0.201042
vn -0.3748 0.921584 -0.101036
vn -0.467572 0.878162 -0.101036
vn -0.469977 0.882679 0
vn -0.558244 0.829677 0
vn -0.555387 0.825431 0.101036
vn -0.637315 0.763951 0.101036
vn -0.627514 0.752202 0.201042
vn -0.70153 0.683694 0.201042
vn -0.68339 0.666015 0.299002
vn -0.748248 0.592218 0.299002
vn -0.720722 0.570431 0.393914
vn -0.775554 0.493303 0.393914
vn -0.737983 0.469405 0.48481
vn -0.782336 0.391037 0.48481
vn -0.73448 0.367117 0.570758
vn -0.768334 0.289651 0.570758
vn -0.710382 0.267804 0.650875
vn -0.734153 0.193343 0.650875
vn -0.666714 0.175582 0.724336
vn -0.681234 0.106099 0.724336
vn -0.605316 0.0942755 0.790382
vn -0.611802 0.0315366 0.790382
vn -0.528767 0.0272564 0.848329
vn -0.528767 -0.0272564 0.848329
vn -0.440281 -0.0226952 0.897573
vn -0.435614 -0.067845 0.897573
vn -0.343569 -0.0535094 0.937602
vn -0.336246 -0.0885519 0.937602
vn -0.24269 -0.0639134 0.967996
vn -0.234835 -0.0885167 0.967996
vn -0.224491 -0.112194 0.967996
vn -0.211758 -0.134692 0.967996
vn -0.127937 -0.0813761 0.988438
vn -0.118892 -0.0940994 0.988438
vn -0.0397676 -0.031475 0.998713
vn 0.207051 0.487232 -0.848372
vn 0.177462 0.510164 -0.84157
vn 0.20127 0.578607 -0.790382
vn 0.14071 0.596235 -0.790382
vn 0.158358 0.671014 -0.724336
vn 0.0885239 0.68374 -0.724336
vn 0.0974781 0.752901 -0.650875
vn 0.0195474 0.758933 -0.650875
vn 0.0211421 0.820846 -0.570758
vn -0.0633702 0.81867 -0.570758
vn -0.0674992 0.872011 -0.48481
vn -0.156802 0.860449 -0.48481
vn -0.164785 0.904255 -0.393914
vn -0.256888 0.882519 -0.393914
vn -0.2667 0.916225 -0.299002
vn -0.359494 0.883947 -0.299002
vn -0.369036 0.907411 -0.201042
vn -0.460381 0.864657 -0.201042
vn -0.467572 0.878162 -0.101036
vn -0.555387 0.825431 -0.101036
vn -0.558244 0.829677 0
vn -0.640593 0.76788 0
vn -0.637315 0.763951 0.101036
vn -0.712488 0.694373 0.101036
vn -0.70153 0.683694 0.201042
vn -0.76811 0.607938 0.201042
vn -0.748248 0.592218 0.299002
vn -0.805175 0.512144 0.299002
vn -0.775554 0.493303 0.393914
vn -0.822165 0.410945 0.393914
vn -0.782336 0.391037 0.48481
vn -0.818396 0.308524 0.48481
vn -0.768334 0.289651 0.570758
vn -0.794044 0.209115 0.570758
vn -0.734153 0.193343 0.650875
vn -0.750142 0.116831 0.650875
vn -0.681234 0.106099 0.724336
vn -0.688533 0.0354919 0.724336
vn -0.611802 0.0315366 0.790382
vn -0.611802 -0.0315366 0.790382
vn -0.528767 -0.0272564 0.848329
vn -0.523162 -0.0814804 0.848329
vn -0.435614 -0.067845 0.897573
vn -0.426329 -0.112276 0.897573
vn -0.336246 -0.0885519 0.937602
vn -0.325366 -0.122635 0.937602
vn -0.311035 -0.155441 0.937601
vn -0.29339 -0.186615 0.937602
vn -0.211758 -0.134692 0.967996
vn -0.196786 -0.155751 0.967996
vn -0.118892 -0.0940994 0.988438
vn -0.108586 -0.105825 0.988438
vn -0.0363205 -0.0353971 0.998713
vn 0.134099 0.512938 -0.847887
vn 0.123329 0.522587 -0.843619
vn 0.14071 0.596235 -0.790382
vn 0.0786586 0.607543 -0.790382
vn 0.0885239 0.68374 -0.724336
vn 0.0177518 0.689218 -0.724336
vn 0.0195474 0.758933 -0.650875
vn -0.0585905 0.756921 -0.650875
vn -0.0633702 0.81867 -0.570758
vn -0.147211 0.807815 -0.570758
vn -0.156802 0.860449 -0.48481
vn -0.244444 0.839766 -0.48481
vn -0.256888 0.882519 -0.393914
vn -0.346268 0.851428 -0.393914
vn -0.359494 0.883947 -0.299002
vn -0.448477 0.842299 -0.299002
vn -0.460381 0.864657 -0.201042
vn -0.546846 0.812737 -0.201042
vn -0.555387 0.825431 -0.101036
vn -0.637315 0.763951 -0.101036
vn -0.640593 0.76788 0
vn -0.716152 0.697944 0
vn -0.712488 0.694373 0.101036
vn -0.780107 0.617434 0.101036
vn -0.76811 0.607938 0.201042
vn -0.826548 0.525738 0.201042
vn -0.805175 0.512144 0.299002
vn -0.853567 0.42664 0.299002
vn -0.822165 0.410945 0.393914
vn -0.860062 0.324231 0.393914
vn -0.818396 0.308524 0.48481
vn -0.845781 0.22274 0.48481
vn -0.794044 0.209115 0.570758
vn -0.811337 0.126362 0.570758
vn -0.750142 0.116831 0.650875
vn -0.758178 0.0390819 0.650875
vn -0.688533 0.0354919 0.724336
vn -0.688533 -0.0354919 0.724336
vn -0.611802 -0.0315366 0.790382
vn -0.605316 -0.0942755 0.790382
vn -0.523162 -0.0814804 0.848329
vn -0.512012 -0.134841 0.848329
vn -0.426329 -0.112276 0.897573
vn -0.412536 -0.155483 0.897574
vn -0.394368 -0.197078 0.897571
vn -0.371991 -0.236611 0.897573
vn -0.29339 -0.186615 0.937602
vn -0.272647 -0.215793 0.937602
vn -0.196786 -0.155751 0.967996
vn -0.179729 -0.175159 0.967996
vn -0.108586 -0.105825 0.988438
vn -0.0971294 -0.116429 0.988438
vn -0.0324885 -0.038944 0.998713
vn 0.0688575 0.531841 -0.84404
vn 0.0580333 0.527426 -0.847617
vn 0.0139049 0.53986 -0.84164
vn -0.0193279 0.528859 -0.84849
vn -0.0415807 0.537175 -0.842446
vn -0.0956451 0.52485 -0.845804
vn -0.10983 0.602688 -0.790382
vn -0.171217 0.588201 -0.790382
vn -0.192691 0.661972 -0.724336
vn -0.259734 0.638651 -0.724336
vn -0.286006 0.703251 -0.650875
vn -0.356799 0.670117 -0.650875
vn -0.385907 0.724784 -0.570758
vn -0.458384 0.681263 -0.570758
vn -0.488251 0.725652 -0.48481
vn -0.560275 0.671603 -0.48481
vn -0.588799 0.705795 -0.393914
vn -0.658249 0.641513 -0.393914
vn -0.68339 0.666015 -0.299002
vn -0.748248 0.592218 -0.299002
vn -0.76811 0.607938 -0.201042
vn -0.826548 0.525738 -0.201042
vn -0.839458 0.53395 -0.101036
vn -0.88991 0.444806 -0.101036
vn -0.894487 0.447094 0
vn -0.668999 0.743263 0
vn -0.950029 0.30812 0.0500743
vn -0.0967527 0.523811 -0.846322
vn -0.15069 0.517683 -0.842197
vn -0.171217 0.588201 -0.790382
vn -0.230789 0.567479 -0.790382
vn -0.259734 0.638651 -0.724336
vn -0.324024 0.60856 -0.724336
vn -0.356799 0.670117 -0.650875
vn -0.42381 0.629878 -0.650875
vn -0.458384 0.681263 -0.570758
vn -0.526003 0.630521 -0.570758
vn -0.560275 0.671603 -0.48481
vn -0.626361 0.610436 -0.48481
vn -0.658249 0.641513 -0.393914
vn -0.720722 0.570431 -0.393914
vn -0.748248 0.592218 -0.299002
vn -0.805175 0.512144 -0.299002
vn -0.826548 0.525738 -0.201042
vn -0.876224 0.437965 -0.201042
vn -0.88991 0.444806 -0.101036
vn -0.863227 0.494694 -0.100581
vn -0.914088 0.398634 -0.0743888
vn -0.965119 0.258422 -0.0419976
vn -0.915842 0.399398 -0.0414138
vn -0.668999 0.743263 0
vn -0.170833 0.500753 -0.848565
vn -0.203383 0.500093 -0.84175
vn -0.230789 0.567479 -0.790382
vn -0.287914 0.540741 -0.790382
vn -0.324024 0.60856 -0.724336
vn -0.384879 0.572018 -0.724336
vn -0.42381 0.629878 -0.650875
vn -0.486329 0.582963 -0.650875
vn -0.526003 0.630521 -0.570758
vn -0.588046 0.573095 -0.570758
vn -0.626361 0.610436 -0.48481
vn -0.685807 0.542797 -0.48481
vn -0.720722 0.570431 -0.393914
vn -0.775554 0.493303 -0.393914
vn -0.805175 0.512144 -0.299002
vn -0.853567 0.42664 -0.299002
vn -0.876224 0.437965 -0.201042
vn -0.897803 0.3917 -0.201298
vn -0.897834 0.39163 -0.201298
vn -0.900077 0.386443 -0.201304
vn -0.91722 0.377878 -0.126154
vn -0.242846 0.472339 -0.847303
vn -0.2517 0.472726 -0.844498
vn -0.287914 0.540741 -0.790382
vn -0.341988 0.508272 -0.790382
vn -0.384879 0.572018 -0.724336
vn -0.441655 0.529413 -0.724336
vn -0.486329 0.582963 -0.650875
vn -0.543692 0.529869 -0.650875
vn -0.588046 0.573095 -0.570758
vn -0.643855 0.509594 -0.570758
vn -0.685807 0.542797 -0.48481
vn -0.737983 0.469405 -0.48481
vn -0.775554 0.493303 -0.393914
vn -0.822165 0.410945 -0.393914
vn -0.853567 0.42664 -0.299002
vn -0.8745 0.381616 -0.299363
vn -0.874531 0.381547 -0.299362
vn -0.889371 0.345687 -0.299198
vn -0.903076 0.343345 -0.258007
vn -0.300081 0.445988 -0.843236
vn -0.308277 0.430893 -0.848113
vn -0.346045 0.414805 -0.84154
vn -0.367623 0.381304 -0.84821
vn -0.385162 0.37537 -0.843058
vn -0.419641 0.332135 -0.844741
vn -0.480363 0.380194 -0.790382
vn -0.516909 0.328787 -0.790382
vn -0.581739 0.370024 -0.724336
vn -0.616701 0.308247 -0.724336
vn -0.679081 0.339427 -0.650875
vn -0.695331 0.303692 -0.651372
vn -0.695355 0.303637 -0.651372
vn -0.71041 0.267633 -0.650916
vn -0.710459 0.267587 -0.650881
vn -0.734153 0.193343 -0.650875
vn -0.794044 0.209115 -0.570758
vn -0.811337 0.126362 -0.570758
vn -0.864201 0.134596 -0.48481
vn -0.420591 0.32477 -0.847129
vn -0.455436 0.289687 -0.841819
vn -0.547975 0.273896 -0.790382
vn -0.631352 0.275808 -0.724793
vn -0.631374 0.275758 -0.724793
vn -0.645133 0.243099 -0.724366
vn -0.645178 0.243058 -0.72434
vn -0.666714 0.175582 -0.724336
vn -0.750142 0.116831 -0.650875
vn -0.461364 0.25893 -0.848586
vn -0.482433 0.241136 -0.842088
vn -0.560899 0.245083 -0.790776
vn -0.560919 0.245039 -0.790776
vn -0.573222 0.216054 -0.790403
vn -0.573262 0.216017 -0.790385
vn -0.592414 0.156015 -0.790382
vn -0.681234 0.106099 -0.724336
vn -0.490407 0.214282 -0.844739
vn -0.497181 0.190156 -0.846553
vn -0.499627 0.188315 -0.845524
vn -0.520807 0.137157 -0.842584
vn -0.605316 0.0942755 -0.790382
vn -0.516635 0.115085 -0.848436
vn -0.533668 0.0831165 -0.8416
vn -0.528969 0.0387156 -0.847757
vn 0.908685 -0.416129 0.0335934
vn 0.897689 -0.428861 0.101152
vn 0.865832 -0.490028 0.101036
vn 0.810858 -0.576456 0.101036
vn 0.899621 -0.423983 0.104502
vn 0.901132 -0.398852 0.169935
vn 0.890846 -0.407332 0.201183
vn 0.893113 -0.390313 0.223618
vn 0.874398 -0.382134 0.299002
vn 0.897281 -0.324475 0.299338
vn 0.897838 -0.286622 0.334267
vn 0.910795 -0.26111 0.319802
vn 0.911664 -0.205468 0.355881
vn 0.913065 -0.344681 0.217963
vn 0.907986 -0.313626 0.277848
vn 0.903707 -0.151825 0.400329
vn 0.892464 -0.186499 0.410764
vn 0.894453 -0.211011 0.394245
vn 0.875612 -0.279526 0.393914
vn 0.899745 -0.0930056 0.426391
vn 0.903827 -0.0855905 0.41925
vn 0.908241 -0.0168492 0.418109
vn 0.898435 0 0.439106
vn 0.911317 0.0496256 0.408704
vn 0.896884 0.0923013 0.432527
vn 0.9056 0.118001 0.407386
vn 0.892871 0.193045 0.406834
vn 0.920361 0.222153 0.321844
vn 0.893767 0.213849 0.39427
vn 0.895706 0.186755 0.403525
vn 0.856226 0.178523 0.484774
vn 0.870001 0.0895707 0.484846
vn 0.816795 0.0840929 0.570766
vn 0.821119 0 0.570758
vn 0.816767 -0.0844282 0.570758
vn 0.89599 0.286032 0.339689
vn 0.900647 0.301025 0.3134
vn 0.894997 0.330706 0.299357
vn 0.919046 0.3151 0.236782
vn 0.883825 0.414232 0.217406
vn 0.904135 0.40526 0.135296
vn 0.892031 0.404739 0.201162
vn 0.895437 0.391329 0.21226
vn 0.874398 0.382134 0.299002
vn 0.84223 0.368076 0.393914
vn 0.801429 0.350245 0.48481
vn 0.752405 0.32882 0.570758
vn 0.695654 0.304019 0.650875
vn 0.631752 0.276092 0.724336
vn 0.561348 0.245324 0.790382
vn 0.8947 0.43506 0.101162
vn 0.907783 0.414009 0.067283
vn 0.899872 0.436153 0
vn 0.907783 0.414009 -0.067283
vn 0.8947 0.43506 -0.101162
vn 0.904135 0.40526 -0.135296
vn 0.920361 0.222153 -0.321844
vn 0.908241 -0.0168492 -0.418109
vn 0.903827 -0.0855905 -0.41925
vn 0.899745 -0.0930056 -0.426391
vn 0.903707 -0.151825 -0.400329
vn 0.892464 -0.186499 -0.410764
vn 0.894453 -0.211011 -0.394245
vn 0.875612 -0.279526 -0.393914
vn 0.848336 -0.353502 -0.39416
vn 0.911664 -0.205468 -0.355881
vn 0.910795 -0.26111 -0.319802
vn 0.897838 -0.286622 -0.334267
vn 0.913065 -0.344681 -0.217963
vn 0.901078 -0.372821 -0.221503
vn 0.900154 -0.422916 -0.104239
vn 0.899303 -0.424792 -0.103948
vn -0.949421 -0.312988 -0.025267
vn 0.38571 -0.92262 7.87533e-05
vn -0.949483 -0.312802 0.025252
vn -0.742413 -0.650475 0.160328
vn -0.894652 -0.43518 0.101071
vn -0.917593 -0.365712 0.155815
vn -0.895063 -0.397923 0.201292
vn -0.90578 -0.358148 0.226479
vn -0.891317 -0.340741 0.299082
vn -0.89212 -0.336121 0.301902
vn -0.860122 -0.324066 0.393917
vn -0.889255 -0.232552 0.393884
vn -0.889151 -0.234162 0.393164
vn -0.892323 -0.225699 0.390922
vn -0.900801 -0.153981 0.406014
vn -0.896067 -0.139559 0.421412
vn -0.909221 -0.0832732 0.407899
vn -0.897244 -0.0462503 0.439105
vn -0.91101 -0.0166051 0.41205
vn -0.900586 0.0464226 0.432191
vn -0.903943 0.0515478 0.424534
vn -0.905196 0.118241 0.408215
vn -0.896263 0.139589 0.420984
vn -0.900156 0.186724 0.393513
vn -0.887683 0.233775 0.396697
vn -0.887914 0.237468 0.393977
vn -0.860062 0.324231 0.393914
vn -0.88978 0.335435 0.309475
vn -0.889211 0.346151 0.299136
vn -0.902727 0.343932 0.258448
vn -0.900672 0.384731 0.201922
vn -0.899976 0.386682 0.201295
vn -0.916804 0.378785 0.126457
vn -0.863227 0.494694 0.100581
vn -0.743315 -0.649504 -0.160088
vn -0.894672 -0.435142 -0.101065
vn -0.890017 -0.444597 -0.10101
vn -0.890004 -0.444618 -0.101034
vn -0.839458 -0.53395 -0.101036
vn -0.780107 -0.617434 -0.101036
vn -0.712488 -0.694373 -0.101036
vn -0.637315 -0.763951 -0.101036
vn -0.555387 -0.825431 -0.101036
vn -0.467572 -0.878162 -0.101036
vn -0.3748 -0.921584 -0.101036
vn -0.917581 -0.365736 -0.155826
vn -0.895065 -0.397919 -0.201291
vn -0.876321 -0.437782 -0.201018
vn -0.876306 -0.437801 -0.201041
vn -0.826548 -0.525738 -0.201042
vn -0.76811 -0.607938 -0.201042
vn -0.70153 -0.683694 -0.201042
vn -0.627514 -0.752202 -0.201042
vn -0.546846 -0.812737 -0.201042
vn -0.460381 -0.864657 -0.201042
vn -0.905772 -0.358163 -0.226488
vn -0.890763 -0.340175 -0.301369
vn -0.891738 -0.339646 -0.299072
vn -0.891199 -0.335803 -0.304962
vn -0.860114 -0.32409 -0.393917
vn -0.888841 -0.23408 -0.393914
vn -0.845781 -0.22274 -0.48481
vn -0.864201 -0.134596 -0.48481
vn -0.811337 -0.126362 -0.570758
vn -0.82003 -0.0422702 -0.570758
vn -0.758178 -0.0390819 -0.650875
vn -0.909413 -0.26303 -0.322153
vn -0.887592 -0.230315 -0.398917
vn -0.891649 -0.23003 -0.389934
vn -0.900801 -0.153981 -0.406014
vn -0.896067 -0.139559 -0.421412
vn -0.909221 -0.0832732 -0.407899
vn -0.897244 -0.0462503 -0.439105
vn -0.91101 -0.0166051 -0.41205
vn -0.905196 0.118241 -0.408215
vn -0.896263 0.139589 -0.420984
vn -0.864201 0.134596 -0.48481
vn -0.845781 0.22274 -0.48481
vn -0.794044 0.209115 -0.570758
vn -0.76844 0.289356 -0.570765
vn -0.768389 0.289406 -0.570809
vn -0.752205 0.328391 -0.571268
vn -0.752179 0.32845 -0.571268
vn -0.73448 0.367117 -0.570758
vn -0.679081 0.339427 -0.650875
vn -0.640582 0.407452 -0.650875
vn -0.581739 0.370024 -0.724336
vn -0.540609 0.427877 -0.724336
vn -0.480363 0.380194 -0.790382
vn -0.438725 0.42757 -0.790382
vn -0.900156 0.186724 -0.393513
vn -0.887683 0.233775 -0.396697
vn -0.818534 0.308145 -0.484819
vn -0.818482 0.308199 -0.484872
vn -0.80134 0.349766 -0.485302
vn -0.801312 0.349829 -0.485302
vn -0.782336 0.391037 -0.48481
vn -0.69284 0.440691 -0.570758
vn -0.595292 0.471157 -0.650875
vn -0.493749 0.481196 -0.724336
vn -0.392436 0.470414 -0.790382
vn -0.887914 0.237468 -0.393977
vn -0.904387 0.2424 -0.351178
vn -0.90506 0.294604 -0.306716
vn -0.900731 0.384623 -0.201865
vn -0.90506 0.294604 0.306716
vn -0.904387 0.2424 0.351178
vn -0.909413 -0.26303 0.322153
vn -0.88927 -0.342355 0.3033
vn -0.047456 0.0178903 0.998713
vn -0.045365 0.0226749 0.998713
vn -0.0427931 0.0272192 0.998713
vn -0.0238355 0.0447662 0.998713
vn -0.0191062 0.0469797 0.998713
vn -0.0141745 0.0486952 0.998713
vn -0.00909245 0.0498945 0.998713
vn -0.00391405 0.050565 0.998713
vn 0.00130584 0.0506994 0.998713
vn 0.00651188 0.0502964 0.998713
vn 0.0116489 0.0493603 0.998713
vn 0.0166624 0.0479009 0.998713
vn 0.0214993 0.0459338 0.998713
vn 0.0261084 0.0434798 0.998713
vn 0.0441376 0.0249802 0.998713
vn 0.0464722 0.0203095 0.998713
vn 0.0483141 0.0154236 0.998713
vn 0.0496444 0.0103721 0.998713
vn 0.0464722 -0.0203095 0.998713
vn 0.0441376 -0.0249802 0.998713
vn 0.0413352 -0.0293861 0.998713
vn 0.0380946 -0.0334804 0.998713
vn 0.0344502 -0.0372199 0.998713
vn 0.0304406 -0.0405648 0.998713
vn 0.0261084 -0.0434798 0.998713
vn 0.0166624 -0.0479009 0.998713
vn 0.0116489 -0.0493603 0.998713
vn 0.00651188 -0.0502964 0.998713
vn 0.00130584 -0.0506994 0.998713
vn -0.00391405 -0.050565 0.998713
vn -0.00909245 -0.0498945 0.998713
vn -0.0141745 -0.0486952 0.998713
vn -0.0191062 -0.0469797 0.998713
vn -0.0238355 -0.0447662 0.998713
vn -0.028312 -0.0420781 0.998713
vn -0.0427931 -0.0272192 0.998713
vn -0.0453654 -0.0226742 0.998713
vn -0.0501121 -0.00780475 0.998713
vn -0.050649 -0.00261081 0.998713
vn -0.611802 -0.0315366 -0.790382
vn -0.605316 -0.0942755 -0.790382
vn -0.592414 -0.156015 -0.790382
vn -0.573242 -0.216075 -0.790383
vn -0.688533 -0.0354919 -0.724336
vn -0.681234 -0.106099 -0.724336
vn -0.666714 -0.175582 -0.724336
vn -0.645142 -0.24316 -0.724337
vn -0.645129 -0.243172 -0.724345
vn -0.616731 -0.30821 -0.724327
vn -0.87346 -0.0450243 -0.48481
vn -0.82003 -0.0422702 -0.570758
vn -0.87346 0.0450243 0.48481
vn -0.864201 0.134596 0.48481
vn -0.845781 0.22274 0.48481
vn -0.82003 0.0422702 0.570758
vn -0.811337 0.126362 0.570758
vn -0.87346 -0.0450243 0.48481
vn -0.864201 -0.134596 0.48481
vn -0.845781 -0.22274 0.48481
vn -0.818449 -0.308379 0.484813
vn -0.860112 -0.324078 0.39393
vn -0.82225 -0.41079 0.393898
vn -0.853649 -0.426477 0.298999
vn -0.805175 -0.512144 0.299002
vn -0.748248 -0.592218 0.299002
vn -0.68339 -0.666015 0.299002
vn -0.611288 -0.732752 0.299002
vn -0.532705 -0.791721 0.299002
vn -0.448477 -0.842299 0.299002
vn -0.359494 -0.883947 0.299002
vn -0.2667 -0.916225 0.299002
vn -0.171079 -0.938792 0.299002
vn -0.0736449 -0.951407 0.299002
vn 0.02457 -0.953936 0.299002
vn -0.758178 0.0390819 0.650875
vn -0.758178 -0.0390819 0.650875
vn -0.688533 -0.0354919 0.724336
vn -0.681234 -0.106099 0.724336
vn -0.605316 -0.0942755 0.790382
vn -0.592414 -0.156015 0.790382
vn -0.512012 -0.134841 0.848329
vn -0.49545 -0.186723 0.84833
vn -0.473631 -0.23668 0.848326
vn -0.446753 -0.284164 0.848329
vn -0.371991 -0.236611 0.897573
vn -0.345691 -0.273605 0.897573
vn -0.272647 -0.215793 0.937602
vn -0.249014 -0.242683 0.937602
vn -0.179729 -0.175159 0.967996
vn -0.160766 -0.192711 0.967996
vn -0.0971294 -0.116429 0.988438
vn -0.0846433 -0.125799 0.988438
vn -0.82003 -0.0422702 0.570758
vn -0.811337 -0.126362 0.570758
vn -0.794044 -0.209115 0.570758
vn -0.768379 -0.289528 0.570761
vn -0.818438 -0.30839 0.484824
vn -0.782412 -0.390903 0.484796
vn -0.822239 -0.410801 0.393911
vn -0.775554 -0.493303 0.393914
vn -0.720722 -0.570431 0.393914
vn -0.658249 -0.641513 0.393914
vn -0.588799 -0.705795 0.393914
vn -0.513108 -0.762595 0.393914
vn -0.431978 -0.811312 0.393914
vn -0.346268 -0.851428 0.393914
vn -0.256888 -0.882519 0.393914
vn -0.164785 -0.904255 0.393914
vn -0.0709356 -0.916406 0.393914
vn 0.0236661 -0.918842 0.393914
vn 0.118017 -0.911539 0.393914
vn -0.440281 0.0226952 0.897573
vn -0.435614 0.067845 0.897573
vn -0.426329 0.112276 0.897573
vn -0.412525 0.155516 0.897573
vn -0.34725 0.0178997 0.937602
vn -0.343569 0.0535094 0.937602
vn -0.336246 0.0885519 0.937602
vn -0.440281 -0.0226952 0.897573
vn -0.34725 -0.0178997 0.937602
vn -0.250632 -0.0129193 0.967996
vn -0.151423 -0.00780543 0.988438
vn -0.250632 0.0129193 0.967996
vn -0.247975 0.0386211 0.967996
vn -0.151423 0.00780543 0.988438
vn -0.0474563 -0.0178895 0.998713
vn -0.141878 -0.0534833 0.988438
vn -0.135628 -0.0677861 0.988438
vn -0.758178 -0.0390819 -0.650875
vn -0.750142 -0.116831 -0.650875
vn -0.811337 -0.126362 -0.570758
vn -0.794044 -0.209115 -0.570758
vn -0.845781 -0.22274 -0.48481
vn -0.818438 -0.308409 -0.484812
vn -0.860098 -0.324108 -0.393936
vn -0.822241 -0.410814 -0.393893
vn -0.853637 -0.426501 -0.298999
vn -0.805175 -0.512144 -0.299002
vn -0.864201 -0.134596 -0.48481
vn -0.734153 -0.193343 -0.650875
vn -0.710405 -0.267738 -0.650877
vn -0.71039 -0.267752 -0.650887
vn -0.679122 -0.339369 -0.650863
vn -0.679105 -0.339381 -0.650874
vn -0.640582 -0.407452 -0.650875
vn -0.768367 -0.289562 -0.57076
vn -0.818422 -0.308425 -0.484829
vn -0.7824 -0.390932 -0.484791
vn -0.822224 -0.410831 -0.393912
vn -0.775554 -0.493303 -0.393914
vn -0.748248 -0.592218 -0.299002
vn -0.768351 -0.289577 -0.570773
vn -0.734532 -0.367037 -0.570742
vn -0.734515 -0.36705 -0.570756
vn -0.69284 -0.440691 -0.570758
vn -0.643855 -0.509594 -0.570758
vn -0.782382 -0.390947 -0.484808
vn -0.737983 -0.469405 -0.48481
vn -0.720722 -0.570431 -0.393914
vn -0.68339 -0.666015 -0.299002
vn -0.853653 -0.426483 -0.298978
vn -0.894594 -0.446879 4.07315e-06
vn -0.843776 -0.536696 -0
vn -0.78412 -0.620609 -0
vn -0.716152 -0.697944 -0
vn -0.640593 -0.76788 -0
vn -0.558244 -0.829677 -0
vn -0.469977 -0.882679 -0
vn -0.376728 -0.926324 -0
vn -0.279486 -0.96015 -0
vn -0.876325 -0.437771 0.201025
vn -0.890009 -0.444607 0.101034
vn -0.839458 -0.53395 0.101036
vn -0.780107 -0.617434 0.101036
vn -0.712488 -0.694373 0.101036
vn -0.637315 -0.763951 0.101036
vn -0.555387 -0.825431 0.101036
vn -0.467572 -0.878162 0.101036
vn -0.3748 -0.921584 0.101036
vn -0.278055 -0.955237 0.101036
vn -0.178363 -0.978764 0.101036
vn -0.85366 -0.426465 0.298985
vn -0.876315 -0.437783 0.20104
vn -0.826548 -0.525738 0.201042
vn -0.76811 -0.607938 0.201042
vn -0.70153 -0.683694 0.201042
vn -0.627514 -0.752202 0.201042
vn -0.546846 -0.812737 0.201042
vn -0.460381 -0.864657 0.201042
vn -0.369036 -0.907411 0.201042
vn -0.273779 -0.940546 0.201042
vn -0.17562 -0.963711 0.201042
vn -0.0755997 -0.976661 0.201042
vn -0.7824 -0.390913 0.484807
vn -0.734546 -0.367003 0.570746
vn -0.768368 -0.289538 0.57077
vn -0.710419 -0.267701 0.650878
vn -0.734153 -0.193343 0.650875
vn -0.750142 -0.116831 0.650875
vn -0.758178 -0.0390819 0.650875
vn -0.734535 -0.367012 0.570755
vn -0.679137 -0.339333 0.650865
vn -0.710409 -0.26771 0.650885
vn -0.645156 -0.243121 0.724338
vn -0.666714 -0.175582 0.724336
vn -0.681234 -0.106099 0.724336
vn -0.737983 -0.469405 0.48481
vn -0.685807 -0.542797 0.48481
vn -0.626361 -0.610436 0.48481
vn -0.560275 -0.671603 0.48481
vn -0.488251 -0.725652 0.48481
vn -0.411051 -0.772008 0.48481
vn -0.329494 -0.810181 0.48481
vn -0.244444 -0.839766 0.48481
vn -0.156802 -0.860449 0.48481
vn -0.0674992 -0.872011 0.48481
vn 0.0225196 -0.87433 0.48481
vn 0.1123 -0.86738 0.48481
vn 0.200889 -0.851236 0.48481
vn -0.679127 -0.339341 0.650872
vn -0.616748 -0.308172 0.724329
vn -0.645147 -0.243129 0.724344
vn -0.573255 -0.216036 0.790384
vn -0.592414 -0.156015 0.790382
vn -0.69284 -0.440691 0.570758
vn -0.643855 -0.509594 0.570758
vn -0.588046 -0.573095 0.570758
vn -0.526003 -0.630521 0.570758
vn -0.458384 -0.681263 0.570758
vn -0.385907 -0.724784 0.570758
vn -0.309338 -0.760622 0.570758
vn -0.229491 -0.788397 0.570758
vn -0.147211 -0.807815 0.570758
vn -0.0633702 -0.81867 0.570758
vn 0.0211421 -0.820846 0.570758
vn 0.10543 -0.814322 0.570758
vn 0.188601 -0.799165 0.570758
vn 0.269772 -0.775538 0.570758
vn -0.616738 -0.308179 0.724334
vn -0.548012 -0.273838 0.790377
vn -0.573247 -0.216043 0.790388
vn -0.640582 -0.407452 0.650875
vn -0.595292 -0.471157 0.650875
vn -0.543692 -0.529869 0.650875
vn -0.486329 -0.582963 0.650875
vn -0.42381 -0.629878 0.650875
vn -0.356799 -0.670117 0.650875
vn -0.286006 -0.703251 0.650875
vn -0.212181 -0.728931 0.650875
vn -0.136107 -0.746885 0.650875
vn -0.0585905 -0.756921 0.650875
vn 0.0195474 -0.758933 0.650875
vn 0.0974781 -0.752901 0.650875
vn 0.174376 -0.738888 0.650875
vn 0.249424 -0.717042 0.650875
vn 0.321829 -0.687596 0.650875
vn -0.548003 -0.273844 0.790381
vn -0.516909 -0.328787 0.790382
vn -0.446753 -0.284164 0.848329
vn -0.415168 -0.328594 0.848329
vn -0.345691 -0.273605 0.897573
vn -0.315727 -0.307699 0.897573
vn -0.249014 -0.242683 0.937602
vn -0.222741 -0.267 0.937602
vn -0.160766 -0.192711 0.967996
vn -0.140099 -0.208219 0.967996
vn -0.0846433 -0.125799 0.988438
vn -0.0712598 -0.133835 0.988438
vn -0.581739 -0.370024 0.724336
vn -0.540609 -0.427877 0.724336
vn -0.493749 -0.481196 0.724336
vn -0.441655 -0.529413 0.724336
vn -0.384879 -0.572018 0.724336
vn -0.324024 -0.60856 0.724336
vn -0.259734 -0.638651 0.724336
vn -0.192691 -0.661972 0.724336
vn -0.123605 -0.678277 0.724336
vn -0.0532084 -0.687391 0.724336
vn 0.0177518 -0.689218 0.724336
vn 0.0885239 -0.68374 0.724336
vn 0.158358 -0.671014 0.724336
vn 0.226513 -0.651175 0.724336
vn 0.292266 -0.624434 0.724336
vn 0.354922 -0.591073 0.724336
vn -0.127937 -0.0813761 0.988438
vn -0.135627 -0.0677881 0.988438
vn -0.141879 -0.0534811 0.988438
vn -0.890018 -0.444593 0.101018
vn -0.685807 -0.542797 -0.48481
vn -0.626361 -0.610436 -0.48481
vn -0.516909 -0.328787 0.790382
vn -0.480363 -0.380194 0.790382
vn -0.415168 -0.328594 0.848329
vn -0.379181 -0.36954 0.848329
vn -0.315727 -0.307699 0.897573
vn -0.282415 -0.338532 0.897573
vn -0.222741 -0.267 0.937602
vn -0.194107 -0.288488 0.937602
vn -0.140099 -0.208219 0.967996
vn -0.117947 -0.221521 0.967996
vn -0.0712598 -0.133835 0.988438
vn -0.0571211 -0.140453 0.988438
vn -0.438725 -0.42757 -0.790382
vn -0.392436 -0.470414 -0.790382
vn -0.441655 -0.529413 -0.724336
vn -0.384879 -0.572018 -0.724336
vn -0.42381 -0.629878 -0.650875
vn -0.356799 -0.670117 -0.650875
vn -0.385907 -0.724784 -0.570758
vn -0.309338 -0.760622 -0.570758
vn -0.329494 -0.810181 -0.48481
vn -0.244444 -0.839766 -0.48481
vn -0.256888 -0.882519 -0.393914
vn -0.164785 -0.904255 -0.393914
vn -0.171079 -0.938792 -0.299002
vn -0.0736449 -0.951407 -0.299002
vn -0.0755997 -0.976661 -0.201042
vn 0.0252222 -0.979258 -0.201042
vn 0.0256162 -0.994553 -0.101036
vn 0.127741 -0.986648 -0.101036
vn 0.128398 -0.991723 0
vn 0.229688 -0.973264 0
vn 0.228512 -0.968284 0.101036
vn 0.326861 -0.939656 0.101036
vn 0.321834 -0.925205 0.201042
vn 0.415259 -0.88721 0.201042
vn 0.404521 -0.864269 0.299002
vn 0.491242 -0.818095 0.299002
vn 0.47317 -0.787998 0.393914
vn 0.551685 -0.73517 0.393914
vn 0.524959 -0.699555 0.48481
vn 0.594106 -0.64187 0.48481
vn 0.557764 -0.602607 0.570758
vn 0.616768 -0.542063 0.570758
vn 0.570248 -0.501178 0.650875
vn 0.618757 -0.439888 0.650875
vn 0.561919 -0.39948 0.724336
vn 0.600016 -0.339586 0.724336
vn 0.533149 -0.301742 0.790382
vn 0.561348 -0.245324 0.790382
vn 0.485162 -0.212028 0.848329
vn 0.504391 -0.16102 0.848329
vn 0.419984 -0.134074 0.897573
vn 0.431543 -0.0901799 0.897573
vn 0.340359 -0.0711249 0.937602
vn 0.345868 -0.035752 0.937602
vn 0.249634 -0.0258044 0.967996
vn 0.250964 0 0.967996
vn 0.151624 0 0.988438
vn 0.150821 0.0155777 0.988438
vn 0.148422 0.0310031 0.988438
vn 0.144443 0.0461112 0.988438
vn -0.658249 -0.641513 -0.393914
vn -0.720722 -0.570431 -0.393914
vn -0.611288 -0.732752 -0.299002
vn -0.68339 -0.666015 -0.299002
vn -0.588799 -0.705795 -0.393914
vn -0.438725 -0.42757 0.790382
vn -0.392436 -0.470414 0.790382
vn -0.341988 -0.508272 0.790382
vn -0.287914 -0.540741 0.790382
vn -0.230789 -0.567479 0.790382
vn -0.171217 -0.588201 0.790382
vn -0.10983 -0.602688 0.790382
vn -0.0472788 -0.610787 0.790382
vn 0.0157735 -0.612411 0.790382
vn 0.0786586 -0.607543 0.790382
vn 0.14071 -0.596235 0.790382
vn 0.20127 -0.578607 0.790382
vn 0.259696 -0.554846 0.790382
vn 0.315369 -0.525203 0.790382
vn 0.3677 -0.489993 0.790382
vn -0.379181 -0.36954 0.848329
vn -0.339175 -0.406569 0.848329
vn -0.282415 -0.338532 0.897573
vn -0.24611 -0.365776 0.897573
vn -0.194107 -0.288488 0.937602
vn -0.163416 -0.306917 0.937602
vn -0.117947 -0.221521 0.967996
vn -0.0945453 -0.232474 0.967996
vn -0.0571211 -0.140453 0.988438
vn -0.0423768 -0.145582 0.988438
vn -0.392436 -0.470414 -0.790382
vn -0.341988 -0.508272 -0.790382
vn -0.384879 -0.572018 -0.724336
vn -0.324024 -0.60856 -0.724336
vn -0.356799 -0.670117 -0.650875
vn -0.286006 -0.703251 -0.650875
vn -0.309338 -0.760622 -0.570758
vn -0.229491 -0.788397 -0.570758
vn -0.244444 -0.839766 -0.48481
vn -0.156802 -0.860449 -0.48481
vn -0.164785 -0.904255 -0.393914
vn -0.0709356 -0.916406 -0.393914
vn -0.0736449 -0.951407 -0.299002
vn 0.02457 -0.953936 -0.299002
vn 0.0252222 -0.979258 -0.201042
vn 0.125777 -0.971474 -0.201042
vn 0.127741 -0.986648 -0.101036
vn 0.228512 -0.968284 -0.101036
vn 0.229688 -0.973264 0
vn 0.328542 -0.944489 0
vn 0.326861 -0.939656 0.101036
vn 0.421745 -0.901068 0.101036
vn 0.415259 -0.88721 0.201042
vn 0.504282 -0.83981 0.201042
vn 0.491242 -0.818095 0.299002
vn 0.572756 -0.763249 0.299002
vn 0.551685 -0.73517 0.393914
vn 0.624352 -0.674549 0.393914
vn 0.594106 -0.64187 0.48481
vn 0.656955 -0.577382 0.48481
vn 0.616768 -0.542063 0.570758
vn 0.669235 -0.475773 0.570758
vn 0.618757 -0.439888 0.650875
vn 0.660708 -0.373935 0.650875
vn 0.600016 -0.339586 0.724336
vn 0.631752 -0.276092 0.724336
vn 0.561348 -0.245324 0.790382
vn 0.583598 -0.186305 0.790382
vn 0.504391 -0.16102 0.848329
vn 0.518274 -0.108304 0.848329
vn 0.431543 -0.0901799 0.897573
vn 0.438529 -0.0453302 0.897573
vn 0.345868 -0.035752 0.937602
vn 0.347711 0 0.937602
vn 0.250964 0 0.967996
vn 0.249636 0.0257736 0.967997
vn 0.249632 0.0257835 0.967997
vn 0.245668 0.0513058 0.967995
vn 0.245663 0.0513153 0.967996
vn 0.239078 0.076322 0.967996
vn 0.144443 0.0461112 0.988438
vn 0.138936 0.0607185 0.988438
vn -0.532705 -0.791721 -0.299002
vn -0.295573 -0.439289 0.848329
vn -0.248838 -0.467352 0.848329
vn -0.199466 -0.49046 0.848329
vn -0.147979 -0.50837 0.848329
vn -0.0949237 -0.520891 0.848329
vn -0.0408621 -0.52789 0.848329
vn 0.0136327 -0.529294 0.848329
vn 0.067983 -0.525087 0.848329
vn 0.121613 -0.515314 0.848329
vn 0.173953 -0.500078 0.848329
vn 0.22445 -0.479542 0.848329
vn 0.272567 -0.453922 0.848329
vn 0.317795 -0.42349 0.848329
vn 0.359655 -0.38857 0.848329
vn -0.341988 -0.508272 -0.790382
vn -0.287914 -0.540741 -0.790382
vn -0.324024 -0.60856 -0.724336
vn -0.259734 -0.638651 -0.724336
vn -0.286006 -0.703251 -0.650875
vn -0.212181 -0.728931 -0.650875
vn -0.229491 -0.788397 -0.570758
vn -0.147211 -0.807815 -0.570758
vn -0.156802 -0.860449 -0.48481
vn -0.0674992 -0.872011 -0.48481
vn -0.0709356 -0.916406 -0.393914
vn 0.0236661 -0.918842 -0.393914
vn 0.02457 -0.953936 -0.299002
vn 0.122524 -0.946354 -0.299002
vn 0.125777 -0.971474 -0.201042
vn 0.224998 -0.953393 -0.201042
vn 0.228512 -0.968284 -0.101036
vn 0.326861 -0.939656 -0.101036
vn 0.328542 -0.944489 0
vn 0.423914 -0.905702 0
vn 0.421745 -0.901068 0.101036
vn 0.512159 -0.852928 0.101036
vn 0.504282 -0.83981 0.201042
vn 0.587959 -0.783509 0.201042
vn 0.572756 -0.763249 0.299002
vn 0.648198 -0.700312 0.299002
vn 0.624352 -0.674549 0.393914
vn 0.690401 -0.606777 0.393914
vn 0.656955 -0.577382 0.48481
vn 0.71284 -0.506773 0.48481
vn 0.669235 -0.475773 0.570758
vn 0.714607 -0.40444 0.570758
vn 0.660708 -0.373935 0.650875
vn 0.695654 -0.304019 0.650875
vn 0.631752 -0.276092 0.724336
vn 0.656792 -0.209671 0.724336
vn 0.583598 -0.186305 0.790382
vn 0.599661 -0.125311 0.790382
vn 0.518274 -0.108304 0.848329
vn 0.526663 -0.0544406 0.848329
vn 0.438529 -0.0453302 0.897573
vn 0.440865 0 0.897573
vn 0.347711 0 0.937602
vn 0.345871 0.035695 0.937603
vn 0.345865 0.0357087 0.937605
vn 0.340377 0.0710705 0.937599
vn 0.340369 0.0710835 0.937601
vn 0.331241 0.105744 0.937602
vn 0.239078 0.076322 0.967996
vn 0.229963 0.1005 0.967996
vn 0.138936 0.0607185 0.988438
vn 0.131956 0.0746822 0.988438
vn -0.24611 -0.365776 0.897573
vn -0.207196 -0.389142 0.897573
vn -0.163416 -0.306917 0.937602
vn -0.130992 -0.322093 0.937602
vn -0.0945453 -0.232474 0.967996
vn -0.0701409 -0.240963 0.967996
vn -0.0423768 -0.145582 0.988438
vn -0.0271833 -0.149168 0.988438
vn -0.166086 -0.408384 0.897573
vn -0.123216 -0.423297 0.897573
vn -0.0790387 -0.433722 0.897573
vn -0.034024 -0.43955 0.897573
vn 0.0113514 -0.440719 0.897573
vn 0.0566064 -0.437216 0.897573
vn 0.101261 -0.429078 0.897573
vn 0.144843 -0.416393 0.897573
vn 0.186889 -0.399293 0.897573
vn 0.226954 -0.37796 0.897573
vn 0.264614 -0.352621 0.897573
vn 0.299468 -0.323545 0.897573
vn 0.331148 -0.291038 0.897573
vn -0.130992 -0.322093 0.937602
vn -0.0971801 -0.333854 0.937602
vn -0.0701409 -0.240963 0.967996
vn -0.0449931 -0.246898 0.967996
vn -0.0271833 -0.149168 0.988438
vn -0.0117017 -0.151172 0.988438
vn -0.0623378 -0.342077 0.937602
vn -0.0268347 -0.346674 0.937602
vn 0.00895282 -0.347595 0.937602
vn 0.0446455 -0.344833 0.937602
vn 0.0798649 -0.338414 0.937602
vn 0.114238 -0.328409 0.937602
vn 0.1474 -0.314922 0.937602
vn 0.178999 -0.298097 0.937602
vn 0.208701 -0.278113 0.937602
vn 0.236191 -0.25518 0.937602
vn 0.261177 -0.229542 0.937602
vn 0.283394 -0.201471 0.937602
vn -0.0472788 -0.610787 -0.790382
vn 0.0157735 -0.612411 -0.790382
vn 0.0177518 -0.689218 -0.724336
vn 0.0885239 -0.68374 -0.724336
vn 0.0974781 -0.752901 -0.650875
vn 0.174376 -0.738888 -0.650875
vn 0.188601 -0.799165 -0.570758
vn 0.269772 -0.775538 -0.570758
vn 0.28735 -0.826069 -0.48481
vn 0.370764 -0.792145 -0.48481
vn 0.38964 -0.832474 -0.393914
vn 0.47317 -0.787998 -0.393914
vn 0.491242 -0.818095 -0.299002
vn 0.572756 -0.763249 -0.299002
vn 0.587959 -0.783509 -0.201042
vn 0.665404 -0.718901 -0.201042
vn 0.675797 -0.73013 -0.101036
vn 0.747288 -0.656774 -0.101036
vn -0.0193683 -0.250216 0.967996
vn -0.0449931 -0.246898 0.967996
vn 0.00390401 -0.151574 0.988438
vn -0.0117017 -0.151172 0.988438
vn 0.00646181 -0.250881 0.967996
vn 0.0322234 -0.248887 0.967996
vn 0.0576434 -0.244255 0.967996
vn 0.0824524 -0.237033 0.967996
vn 0.106387 -0.227299 0.967996
vn 0.129195 -0.215155 0.967996
vn 0.150632 -0.200731 0.967996
vn 0.170473 -0.184179 0.967996
vn 0.188507 -0.165675 0.967996
vn 0.204543 -0.145414 0.967996
vn 0.218411 -0.123612 0.967996
vn 0.0157735 -0.612411 -0.790382
vn 0.0786586 -0.607543 -0.790382
vn 0.0885239 -0.68374 -0.724336
vn 0.158358 -0.671014 -0.724336
vn 0.174376 -0.738888 -0.650875
vn 0.249424 -0.717042 -0.650875
vn 0.269772 -0.775538 -0.570758
vn 0.348084 -0.743689 -0.570758
vn 0.370764 -0.792145 -0.48481
vn 0.450248 -0.749824 -0.48481
vn 0.47317 -0.787998 -0.393914
vn 0.551685 -0.73517 -0.393914
vn 0.572756 -0.763249 -0.299002
vn 0.648198 -0.700312 -0.299002
vn 0.665404 -0.718901 -0.201042
vn 0.735796 -0.646674 -0.201042
vn 0.747288 -0.656774 -0.101036
vn 0.810858 -0.576456 -0.101036
vn 0.0194683 -0.150369 0.988438
vn 0.00390401 -0.151574 0.988438
vn 0.14071 -0.596235 -0.790382
vn 0.158358 -0.671014 -0.724336
vn 0.249424 -0.717042 -0.650875
vn 0.226513 -0.651175 -0.724336
vn 0.0348262 -0.14757 0.988438
vn 0.049815 -0.143207 0.988438
vn 0.0642757 -0.137326 0.988438
vn 0.078055 -0.12999 0.988438
vn 0.091007 -0.121275 0.988438
vn 0.102994 -0.111275 0.988438
vn 0.11389 -0.100095 0.988438
vn 0.123578 -0.0878543 0.988438
vn 0.131956 -0.0746822 0.988438
vn 0.138936 -0.0607185 0.988438
vn 0.0786586 -0.607543 -0.790382
vn 0.348084 -0.743689 -0.570758
vn 0.321829 -0.687596 -0.650875
vn 0.0214993 -0.0459338 0.998713
vn 0.450248 -0.749824 -0.48481
vn 0.422706 -0.703957 -0.570758
vn 0.3677 -0.489993 -0.790382
vn 0.315369 -0.525203 -0.790382
vn 0.413816 -0.551447 -0.724336
vn 0.468323 -0.505975 -0.724336
vn 0.515694 -0.557155 -0.650875
vn 0.570248 -0.501178 -0.650875
vn 0.616768 -0.542063 -0.570758
vn 0.669235 -0.475773 -0.570758
vn 0.71284 -0.506773 -0.48481
vn 0.761169 -0.430792 -0.48481
vn 0.79992 -0.452724 -0.393914
vn 0.827951 -0.398759 -0.39432
vn 0.829171 -0.39678 -0.393754
vn 0.846922 -0.355416 -0.395479
vn 0.416132 -0.449588 -0.790382
vn 0.460154 -0.404418 -0.790382
vn 0.499298 -0.354961 -0.790382
vn 0.524959 -0.699555 -0.48481
vn 0.551685 -0.73517 -0.393914
vn 0.624352 -0.674549 -0.393914
vn 0.648198 -0.700312 -0.299002
vn 0.71677 -0.629952 -0.299002
vn 0.735796 -0.646674 -0.201042
vn 0.798388 -0.567591 -0.201042
vn 0.810858 -0.576456 -0.101036
vn 0.865832 -0.490028 -0.101036
vn 0.468323 -0.505975 -0.724336
vn 0.517866 -0.45514 -0.724336
vn 0.570248 -0.501178 -0.650875
vn 0.618757 -0.439888 -0.650875
vn 0.669235 -0.475773 -0.570758
vn 0.714607 -0.40444 -0.570758
vn 0.761169 -0.430792 -0.48481
vn 0.786801 -0.381382 -0.485275
vn 0.787961 -0.379499 -0.48487
vn 0.804882 -0.340158 -0.486269
vn 0.80636 -0.338394 -0.48505
vn 0.833194 -0.265985 -0.48481
vn 0.561919 -0.39948 -0.724336
vn 0.600016 -0.339586 -0.724336
vn 0.660708 -0.373935 -0.650875
vn 0.737678 -0.359866 -0.57125
vn 0.738748 -0.35809 -0.570984
vn 0.754715 -0.321197 -0.572047
vn 0.756212 -0.319589 -0.57097
vn 0.782227 -0.249714 -0.570758
vn 0.856126 -0.178905 -0.48481
vn 0.852516 -0.482491 0.201042
vn 0.682067 -0.332737 -0.651207
vn 0.681108 -0.334393 -0.651363
vn 0.696956 -0.298689 -0.651949
vn 0.69842 -0.297239 -0.651044
vn 0.723227 -0.230879 -0.650875
vn 0.803757 -0.167962 -0.570758
vn 0.869984 -0.0899293 -0.48481
vn 0.609346 0.0629498 -0.790402
vn 0.5997 0.125236 -0.790364
vn 0.674891 0.140938 -0.724334
vn 0.656792 0.209671 -0.724336
vn 0.723227 0.230879 -0.650875
vn 0.695654 0.304019 -0.650875
vn 0.752405 0.32882 -0.570758
vn 0.714607 0.40444 -0.570758
vn 0.761169 0.430792 -0.48481
vn 0.71284 0.506773 -0.48481
vn 0.749131 0.532573 -0.393914
vn 0.690401 0.606777 -0.393914
vn 0.71677 0.629952 -0.299002
vn 0.648198 0.700312 -0.299002
vn 0.665404 0.718901 -0.201042
vn 0.587959 0.783509 -0.201042
vn 0.597143 0.795746 -0.101036
vn 0.512159 0.852928 -0.101036
vn 0.514793 0.857315 0
vn 0.423914 0.905702 0
vn 0.421745 0.901068 0.101036
vn 0.326861 0.939656 0.101036
vn 0.321834 0.925205 0.201042
vn 0.224998 0.953393 0.201042
vn 0.21918 0.92874 0.299002
vn 0.122524 0.946354 0.299002
vn 0.118017 0.911539 0.393914
vn 0.0236661 0.918842 0.393914
vn 0.0225196 0.87433 0.48481
vn -0.0674992 0.872011 0.48481
vn -0.0633702 0.81867 0.570758
vn -0.147211 0.807815 0.570758
vn -0.136107 0.746885 0.650875
vn -0.212181 0.728931 0.650875
vn -0.192691 0.661972 0.724336
vn -0.259734 0.638651 0.724336
vn -0.230789 0.567479 0.790382
vn -0.287914 0.540741 0.790382
vn -0.248838 0.467352 0.848329
vn -0.295573 0.439289 0.848329
vn -0.24611 0.365776 0.897573
vn -0.282415 0.338532 0.897573
vn -0.222741 0.267 0.937602
vn -0.249014 0.242683 0.937602
vn -0.179729 0.175159 0.967996
vn -0.196786 0.155751 0.967996
vn -0.118892 0.0940994 0.988438
vn -0.127937 0.0813761 0.988438
vn 0.599669 0.125275 -0.790381
vn 0.583598 0.186305 -0.790382
vn 0.656792 0.209671 -0.724336
vn 0.631752 0.276092 -0.724336
vn 0.695654 0.304019 -0.650875
vn 0.660708 0.373935 -0.650875
vn 0.714607 0.40444 -0.570758
vn 0.669235 0.475773 -0.570758
vn 0.71284 0.506773 -0.48481
vn 0.656955 0.577382 -0.48481
vn 0.690401 0.606777 -0.393914
vn 0.624352 0.674549 -0.393914
vn 0.648198 0.700312 -0.299002
vn 0.572756 0.763249 -0.299002
vn 0.587959 0.783509 -0.201042
vn 0.504282 0.83981 -0.201042
vn 0.512159 0.852928 -0.101036
vn 0.421745 0.901068 -0.101036
vn 0.423914 0.905702 0
vn 0.328542 0.944489 0
vn 0.326861 0.939656 0.101036
vn 0.228512 0.968284 0.101036
vn 0.224998 0.953393 0.201042
vn 0.125777 0.971474 0.201042
vn 0.122524 0.946354 0.299002
vn 0.02457 0.953936 0.299002
vn 0.0236661 0.918842 0.393914
vn -0.0709356 0.916406 0.393914
vn -0.0674992 0.872011 0.48481
vn -0.156802 0.860449 0.48481
vn -0.147211 0.807815 0.570758
vn -0.229491 0.788397 0.570758
vn -0.212181 0.728931 0.650875
vn -0.286006 0.703251 0.650875
vn -0.259734 0.638651 0.724336
vn -0.324024 0.60856 0.724336
vn -0.287914 0.540741 0.790382
vn -0.341988 0.508272 0.790382
vn -0.295573 0.439289 0.848329
vn -0.339175 0.406569 0.848329
vn -0.282415 0.338532 0.897573
vn -0.315727 0.307699 0.897573
vn -0.249014 0.242683 0.937602
vn -0.272647 0.215793 0.937602
vn -0.196786 0.155751 0.967996
vn -0.211758 0.134692 0.967996
vn -0.127937 0.0813761 0.988438
vn -0.135626 0.0677902 0.988438
vn 0.561348 0.245324 -0.790382
vn 0.631752 0.276092 -0.724336
vn 0.660708 0.373935 -0.650875
vn 0.600016 0.339586 -0.724336
vn 0.874398 0.382134 -0.299002
vn 0.865832 0.490028 -0.101036
vn 0.870285 0.492548 0
vn 0.865832 0.490028 0.101036
vn 0.852516 0.482491 0.201042
vn 0.830472 0.470015 0.299002
vn 0.79992 0.452724 0.393914
vn 0.761169 0.430792 0.48481
vn 0.714607 0.40444 0.570758
vn 0.660708 0.373935 0.650875
vn 0.600016 0.339586 0.724336
vn 0.533149 0.301742 0.790382
vn 0.46079 0.260789 0.848329
vn 0.656792 0.209671 0.724336
vn 0.723227 0.230879 0.650875
vn 0.782227 0.249714 0.570758
vn 0.833194 0.265985 0.48481
vn 0.875612 0.279526 0.393914
vn 0.583598 0.186305 -0.790382
vn 0.669235 0.475773 -0.570758
vn 0.618757 0.439888 -0.650875
vn 0.815028 0.579421 0
vn 0.810858 0.576456 0.101036
vn 0.798388 0.567591 0.201042
vn 0.777743 0.552914 0.299002
vn 0.749131 0.532573 0.393914
vn 0.71284 0.506773 0.48481
vn 0.669235 0.475773 0.570758
vn 0.618757 0.439888 0.650875
vn 0.561919 0.39948 0.724336
vn 0.499298 0.354961 0.790382
vn 0.431533 0.306786 0.848329
vn 0.359318 0.255447 0.897573
vn 0.656955 0.577382 -0.48481
vn 0.616768 0.542063 -0.570758
vn 0.747288 0.656774 0.101036
vn 0.735796 0.646674 0.201042
vn 0.71677 0.629952 0.299002
vn 0.690401 0.606777 0.393914
vn 0.656955 0.577382 0.48481
vn 0.616768 0.542063 0.570758
vn 0.570248 0.501178 0.650875
vn 0.517866 0.45514 0.724336
vn 0.460154 0.404418 0.790382
vn 0.397701 0.34953 0.848329
vn 0.331148 0.291038 0.897573
vn 0.261177 0.229542 0.937602
vn 0.416132 0.449588 -0.790382
vn 0.460154 0.404418 -0.790382
vn 0.468323 0.505975 -0.724336
vn 0.413816 0.551447 -0.724336
vn 0.455674 0.607226 -0.650875
vn 0.390823 0.65086 -0.650875
vn 0.422706 0.703957 -0.570758
vn 0.348084 0.743689 -0.570758
vn 0.370764 0.792145 -0.48481
vn 0.28735 0.826069 -0.48481
vn 0.301979 0.868125 -0.393914
vn 0.211117 0.894573 -0.393914
vn 0.21918 0.92874 -0.299002
vn 0.122524 0.946354 -0.299002
vn 0.125777 0.971474 -0.201042
vn 0.0252222 0.979258 -0.201042
vn 0.0256162 0.994553 -0.101036
vn -0.0767805 0.991916 -0.101036
vn -0.0771755 0.997018 0
vn -0.179281 0.983798 0
vn -0.178363 0.978764 0.101036
vn -0.278055 0.955237 0.101036
vn -0.273779 0.940546 0.201042
vn -0.369036 0.907411 0.201042
vn -0.359494 0.883947 0.299002
vn -0.448477 0.842299 0.299002
vn -0.431978 0.811312 0.393914
vn -0.513108 0.762595 0.393914
vn -0.488251 0.725652 0.48481
vn -0.560275 0.671603 0.48481
vn -0.526003 0.630521 0.570758
vn -0.588046 0.573095 0.570758
vn -0.543692 0.529869 0.650875
vn -0.595292 0.471157 0.650875
vn -0.540609 0.427877 0.724336
vn -0.581739 0.370024 0.724336
vn -0.516909 0.328787 0.790382
vn -0.547975 0.273896 0.790382
vn -0.473604 0.236723 0.848329
vn -0.495434 0.186771 0.848329
vn 0.3677 0.489993 -0.790382
vn 0.315369 0.525203 -0.790382
vn 0.259696 0.554846 -0.790382
vn 0.594106 0.64187 -0.48481
vn 0.624352 0.674549 -0.393914
vn 0.551685 0.73517 -0.393914
vn 0.572756 0.763249 -0.299002
vn 0.491242 0.818095 -0.299002
vn 0.504282 0.83981 -0.201042
vn 0.415259 0.88721 -0.201042
vn 0.421745 0.901068 -0.101036
vn 0.326861 0.939656 -0.101036
vn 0.328542 0.944489 0
vn 0.229688 0.973264 0
vn 0.228512 0.968284 0.101036
vn 0.127741 0.986648 0.101036
vn 0.125777 0.971474 0.201042
vn 0.0252222 0.979258 0.201042
vn 0.02457 0.953936 0.299002
vn -0.0736449 0.951407 0.299002
vn -0.0709356 0.916406 0.393914
vn -0.164785 0.904255 0.393914
vn -0.156802 0.860449 0.48481
vn -0.244444 0.839766 0.48481
vn -0.229491 0.788397 0.570758
vn -0.309338 0.760622 0.570758
vn -0.286006 0.703251 0.650875
vn -0.356799 0.670117 0.650875
vn -0.324024 0.60856 0.724336
vn -0.384879 0.572018 0.724336
vn -0.341988 0.508272 0.790382
vn -0.392436 0.470414 0.790382
vn -0.339175 0.406569 0.848329
vn -0.379181 0.36954 0.848329
vn -0.315727 0.307699 0.897573
vn -0.345691 0.273605 0.897573
vn -0.272647 0.215793 0.937602
vn -0.29339 0.186615 0.937602
vn -0.211758 0.134692 0.967996
vn -0.224484 0.112205 0.967996
vn -0.135626 0.0677902 0.988438
vn -0.141877 0.0534858 0.988438
vn 0.665404 0.718901 0.201042
vn 0.648198 0.700312 0.299002
vn 0.572756 0.763249 0.299002
vn 0.624352 0.674549 0.393914
vn 0.551685 0.73517 0.393914
vn 0.47317 0.787998 0.393914
vn 0.594106 0.64187 0.48481
vn 0.524959 0.699555 0.48481
vn 0.450248 0.749824 0.48481
vn 0.370764 0.792145 0.48481
vn 0.557764 0.602607 0.570758
vn 0.492847 0.656763 0.570758
vn 0.422706 0.703957 0.570758
vn 0.348084 0.743689 0.570758
vn 0.269772 0.775538 0.570758
vn 0.515694 0.557155 0.650875
vn 0.455674 0.607226 0.650875
vn 0.390823 0.65086 0.650875
vn 0.321829 0.687596 0.650875
vn 0.249424 0.717042 0.650875
vn 0.174376 0.738888 0.650875
vn 0.468323 0.505975 0.724336
vn 0.413816 0.551447 0.724336
vn 0.354922 0.591073 0.724336
vn 0.292266 0.624434 0.724336
vn 0.226513 0.651175 0.724336
vn 0.158358 0.671014 0.724336
vn 0.0885239 0.68374 0.724336
vn 0.416132 0.449588 0.790382
vn 0.3677 0.489993 0.790382
vn 0.315369 0.525203 0.790382
vn 0.259696 0.554846 0.790382
vn 0.20127 0.578607 0.790382
vn 0.14071 0.596235 0.790382
vn 0.0786586 0.607543 0.790382
vn 0.0157735 0.612411 0.790382
vn 0.359655 0.38857 0.848329
vn 0.317795 0.42349 0.848329
vn 0.272567 0.453922 0.848329
vn 0.22445 0.479542 0.848329
vn 0.173953 0.500078 0.848329
vn 0.121613 0.515314 0.848329
vn 0.067983 0.525087 0.848329
vn 0.0136327 0.529294 0.848329
vn -0.0408621 0.52789 0.848329
vn 0.299468 0.323545 0.897573
vn 0.264614 0.352621 0.897573
vn 0.226954 0.37796 0.897573
vn 0.186889 0.399293 0.897573
vn 0.144843 0.416393 0.897573
vn 0.101261 0.429078 0.897573
vn 0.0566064 0.437216 0.897573
vn 0.0113514 0.440719 0.897573
vn -0.034024 0.43955 0.897573
vn -0.0790387 0.433722 0.897573
vn 0.236191 0.25518 0.937602
vn 0.208701 0.278113 0.937602
vn 0.178999 0.298097 0.937602
vn 0.1474 0.314922 0.937602
vn 0.114238 0.328409 0.937602
vn 0.0798649 0.338414 0.937602
vn 0.0446455 0.344833 0.937602
vn 0.00895282 0.347595 0.937602
vn -0.0268347 0.346674 0.937602
vn -0.0623378 0.342077 0.937602
vn -0.0971801 0.333854 0.937602
vn 0.170473 0.184179 0.967996
vn 0.150632 0.200731 0.967996
vn 0.091007 0.121275 0.988438
vn 0.078055 0.12999 0.988438
vn 0.413816 0.551447 -0.724336
vn 0.354922 0.591073 -0.724336
vn 0.390823 0.65086 -0.650875
vn 0.321829 0.687596 -0.650875
vn 0.348084 0.743689 -0.570758
vn 0.269772 0.775538 -0.570758
vn 0.28735 0.826069 -0.48481
vn 0.200889 0.851236 -0.48481
vn 0.211117 0.894573 -0.393914
vn 0.118017 0.911539 -0.393914
vn 0.122524 0.946354 -0.299002
vn 0.02457 0.953936 -0.299002
vn 0.0252222 0.979258 -0.201042
vn -0.0755997 0.976661 -0.201042
vn -0.0767805 0.991916 -0.101036
vn -0.178363 0.978764 -0.101036
vn -0.179281 0.983798 0
vn -0.279486 0.96015 0
vn -0.278055 0.955237 0.101036
vn -0.3748 0.921584 0.101036
vn -0.369036 0.907411 0.201042
vn -0.460381 0.864657 0.201042
vn -0.448477 0.842299 0.299002
vn -0.532705 0.791721 0.299002
vn -0.513108 0.762595 0.393914
vn -0.588799 0.705795 0.393914
vn -0.560275 0.671603 0.48481
vn -0.626361 0.610436 0.48481
vn -0.588046 0.573095 0.570758
vn -0.643855 0.509594 0.570758
vn -0.595292 0.471157 0.650875
vn -0.640582 0.407452 0.650875
vn -0.581739 0.370024 0.724336
vn -0.616701 0.308247 0.724336
vn -0.547975 0.273896 0.790382
vn -0.573233 0.216101 0.790382
vn -0.495434 0.186771 0.848329
vn -0.512012 0.134841 0.848329
vn 0.354922 0.591073 -0.724336
vn 0.129195 0.215155 0.967996
vn 0.106387 0.227299 0.967996
vn 0.0824524 0.237033 0.967996
vn 0.0576434 0.244255 0.967996
vn 0.0322234 0.248887 0.967996
vn 0.00646181 0.250881 0.967996
vn -0.0193683 0.250216 0.967996
vn -0.0449931 0.246898 0.967996
vn -0.0701409 0.240963 0.967996
vn -0.0945453 0.232474 0.967996
vn 0.292266 0.624434 -0.724336
vn 0.226513 0.651175 -0.724336
vn 0.321829 0.687596 -0.650875
vn 0.249424 0.717042 -0.650875
vn 0.269772 0.775538 -0.570758
vn 0.188601 0.799165 -0.570758
vn 0.200889 0.851236 -0.48481
vn 0.1123 0.86738 -0.48481
vn 0.118017 0.911539 -0.393914
vn 0.0236661 0.918842 -0.393914
vn 0.02457 0.953936 -0.299002
vn -0.0736449 0.951407 -0.299002
vn -0.0755997 0.976661 -0.201042
vn -0.17562 0.963711 -0.201042
vn -0.178363 0.978764 -0.101036
vn -0.278055 0.955237 -0.101036
vn -0.279486 0.96015 0
vn -0.376728 0.926324 0
vn -0.3748 0.921584 0.101036
vn -0.467572 0.878162 0.101036
vn -0.460381 0.864657 0.201042
vn -0.546846 0.812737 0.201042
vn -0.532705 0.791721 0.299002
vn -0.611288 0.732752 0.299002
vn -0.588799 0.705795 0.393914
vn -0.658249 0.641513 0.393914
vn -0.626361 0.610436 0.48481
vn -0.685807 0.542797 0.48481
vn -0.643855 0.509594 0.570758
vn -0.69284 0.440691 0.570758
vn -0.640582 0.407452 0.650875
vn -0.679081 0.339427 0.650875
vn -0.616701 0.308247 0.724336
vn -0.645127 0.243204 0.724336
vn -0.573233 0.216101 0.790382
vn -0.592414 0.156015 0.790382
vn -0.512012 0.134841 0.848329
vn -0.523162 0.0814804 0.848329
vn 0.249424 0.717042 -0.650875
vn 0.0642757 0.137326 0.988438
vn 0.078055 0.12999 0.988438
vn 0.049815 0.143207 0.988438
vn 0.0348262 0.14757 0.988438
vn 0.0194683 0.150369 0.988438
vn 0.00390401 0.151574 0.988438
vn -0.0117017 0.151172 0.988438
vn -0.0271833 0.149168 0.988438
vn -0.0423768 0.145582 0.988438
vn -0.0571211 0.140453 0.988438
vn -0.0712598 0.133835 0.988438
vn 0.188601 0.799165 -0.570758
vn 0.174376 0.738888 -0.650875
vn 0.1123 0.86738 -0.48481
vn 0.10543 0.814322 -0.570758
vn 0.0157735 0.612411 -0.790382
vn 0.0786586 0.607543 -0.790382
vn 0.0177518 0.689218 -0.724336
vn -0.0532084 0.687391 -0.724336
vn -0.0585905 0.756921 -0.650875
vn -0.136107 0.746885 -0.650875
vn -0.147211 0.807815 -0.570758
vn -0.229491 0.788397 -0.570758
vn -0.244444 0.839766 -0.48481
vn -0.329494 0.810181 -0.48481
vn -0.346268 0.851428 -0.393914
vn -0.431978 0.811312 -0.393914
vn -0.448477 0.842299 -0.299002
vn -0.532705 0.791721 -0.299002
vn -0.546846 0.812737 -0.201042
vn -0.627514 0.752202 -0.201042
vn -0.637315 0.763951 -0.101036
vn -0.712488 0.694373 -0.101036
vn -0.716152 0.697944 0
vn -0.78412 0.620609 0
vn -0.780107 0.617434 0.101036
vn -0.839458 0.53395 0.101036
vn -0.826548 0.525738 0.201042
vn -0.876224 0.437965 0.201042
vn -0.853567 0.42664 0.299002
vn -0.0472788 0.610787 -0.790382
vn -0.10983 0.602688 -0.790382
vn 0.0225196 0.87433 -0.48481
vn 0.0236661 0.918842 -0.393914
vn -0.0709356 0.916406 -0.393914
vn -0.0736449 0.951407 -0.299002
vn -0.171079 0.938792 -0.299002
vn -0.17562 0.963711 -0.201042
vn -0.273779 0.940546 -0.201042
vn -0.278055 0.955237 -0.101036
vn -0.3748 0.921584 -0.101036
vn -0.376728 0.926324 0
vn -0.469977 0.882679 0
vn -0.467572 0.878162 0.101036
vn -0.555387 0.825431 0.101036
vn -0.546846 0.812737 0.201042
vn -0.627514 0.752202 0.201042
vn -0.611288 0.732752 0.299002
vn -0.68339 0.666015 0.299002
vn -0.658249 0.641513 0.393914
vn -0.720722 0.570431 0.393914
vn -0.685807 0.542797 0.48481
vn -0.737983 0.469405 0.48481
vn -0.69284 0.440691 0.570758
vn -0.73448 0.367117 0.570758
vn -0.679081 0.339427 0.650875
vn -0.710382 0.267804 0.650875
vn -0.645127 0.243204 0.724336
vn -0.666714 0.175582 0.724336
vn -0.592414 0.156015 0.790382
vn -0.605316 0.0942755 0.790382
vn -0.523162 0.0814804 0.848329
vn -0.528767 0.0272564 0.848329
vn -0.0532084 0.687391 -0.724336
vn -0.123605 0.678277 -0.724336
vn -0.136107 0.746885 -0.650875
vn -0.212181 0.728931 -0.650875
vn -0.229491 0.788397 -0.570758
vn -0.309338 0.760622 -0.570758
vn -0.329494 0.810181 -0.48481
vn -0.411051 0.772008 -0.48481
vn -0.431978 0.811312 -0.393914
vn -0.513108 0.762595 -0.393914
vn -0.532705 0.791721 -0.299002
vn -0.611288 0.732752 -0.299002
vn -0.627514 0.752202 -0.201042
vn -0.70153 0.683694 -0.201042
vn -0.712488 0.694373 -0.101036
vn -0.780107 0.617434 -0.101036
vn -0.78412 0.620609 0
vn -0.843776 0.536696 0
vn -0.839458 0.53395 0.101036
vn -0.88991 0.444806 0.101036
vn -0.876224 0.437965 0.201042
vn -0.123605 0.678277 -0.724336
vn -0.192691 0.661972 -0.724336
vn -0.212181 0.728931 -0.650875
vn -0.286006 0.703251 -0.650875
vn -0.309338 0.760622 -0.570758
vn -0.385907 0.724784 -0.570758
vn -0.411051 0.772008 -0.48481
vn -0.488251 0.725652 -0.48481
vn -0.513108 0.762595 -0.393914
vn -0.588799 0.705795 -0.393914
vn -0.611288 0.732752 -0.299002
vn -0.68339 0.666015 -0.299002
vn -0.70153 0.683694 -0.201042
vn -0.76811 0.607938 -0.201042
vn -0.780107 0.617434 -0.101036
vn -0.839458 0.53395 -0.101036
vn -0.843776 0.536696 0
vn -0.894487 0.447094 0
vn -0.88991 0.444806 0.101036
vn -0.341988 0.508272 -0.790382
vn -0.392436 0.470414 -0.790382
vn -0.441655 0.529413 -0.724336
vn -0.493749 0.481196 -0.724336
vn -0.543692 0.529869 -0.650875
vn -0.595292 0.471157 -0.650875
vn -0.643855 0.509594 -0.570758
vn -0.69284 0.440691 -0.570758
vn -0.737983 0.469405 -0.48481
vn -0.782336 0.391037 -0.48481
vn -0.822165 0.410945 -0.393914
vn -0.842226 0.367612 -0.394356
vn -0.842256 0.367545 -0.394355
vn -0.860183 0.323824 -0.393985
vn -0.860233 0.323765 -0.393923
vn -0.909674 0.396794 -0.122667
vn -0.88997 0.334957 -0.309446
vn 0.869984 -0.0899293 0.48481
vn 0.856126 -0.178905 0.48481
vn 0.87462 0 0.48481
vn 0.759185 0 0.650875
vn 0.87002 0.0895366 0.484818
vn 0.755184 0.077781 0.650882
vn 0.816776 0.0841248 0.570789
vn 0.803846 0.167636 0.570727
vn 0.856204 0.178555 0.484802
vn 0.755165 0.0778104 0.6509
vn 0.743211 0.155023 0.65085
vn 0.743189 0.15505 0.650868
vn 0.803823 0.167666 0.57075
vn -0.343569 -0.0535094 0.937602
vn -0.247975 -0.0386211 0.967996
vn -0.149818 -0.0233335 0.988438
vn -0.24269 -0.0639134 0.967996
vn -0.146625 -0.0386143 0.988438
vn -0.049044 -0.012916 0.998713
f 1//1 2//1 3//1
f 3//1 2//1 4//1
f 3//1 4//1 5//1
f 5//1 4//1 6//1
f 5//1 6//1 7//1
f 7//1 6//1 8//1
f 7//1 8//1 9//1
f 9//1 8//1 10//1
f 9//1 10//1 11//1
f 11//1 10//1 12//1
f 11//1 12//1 13//1
f 13//1 12//1 14//1
f 13//1 14//1 15//1
f 15//1 14//1 16//1
f 15//1 16//1 17//1
f 17//1 16//1 18//1
f 17//1 18//1 19//1
f 19//1 18//1 20//1
f 19//1 20//1 21//1
f 21//1 20//1 22//1
f 21//1 22//1 23//1
f 23//1 22//1 24//1
f 23//1 24//1 25//1
f 25//1 24//1 26//1
f 25//1 26//1 27//1
f 27//1 26//1 28//1
f 29//2 30//2 31//2
f 31//3 30//3 32//3
f 31//4 32//4 33//4
f 33//5 32//5 34//5
f 33//6 34//6 35//6
f 35//7 34//7 36//7
f 35//8 36//8 37//8
f 37//9 36//9 38//9
f 37//10 38//10 39//10
f 39//11 38//11 40//11
f 39//12 40//12 41//12
f 41//13 40//13 42//13
f 41//14 42//14 43//14
f 43//15 42//15 44//15
f 43//16 44//16 45//16
f 45//17 44//17 46//17
f 45//18 46//18 47//18
f 47//19 46//19 48//19
f 47//20 48//20 49//20
f 49//21 48//21 50//21
f 49//22 50//22 51//22
f 51//23 50//23 52//23
f 51//24 52//24 53//24
f 53//25 52//25 54//25
f 53//26 54//26 55//26
f 55//27 54//27 56//27
f 55//28 56//28 57//28
f 57//29 56//29 58//29
f 57//30 58//30 59//30
f 59//31 58//31 60//31
f 59//32 60//32 61//32
f 61//33 60//33 62//33
f 61//34 62//34 63//34
f 63//35 62//35 64//35
f 63//36 64//36 65//36
f 65//37 64//37 66//37
f 65//38 66//38 67//38
f 67//39 66//39 68//39
f 67//40 68//40 69//40
f 69//41 68//41 70//41
f 69//42 70//42 71//42
f 71//43 70//43 72//43
f 71//44 72//44 73//44
f 73//45 72//45 74//45
f 73//46 74//46 75//46
f 75//47 74//47 76//47
f 75//48 76//48 77//48
f 77//49 76//49 78//49
f 77//50 78//50 79//50
f 79//51 78//51 80//51
f 79//52 80//52 81//52
f 81//53 80//53 82//53
f 81//54 82//54 83//54
f 83//55 82//55 84//55
f 83//56 84//56 85//56
f 85//57 84//57 86//57
f 85//58 86//58 87//58
f 87//59 86//59 88//59
f 87//60 88//60 89//60
f 89//61 88//61 90//61
f 89//62 90//62 91//62
f 91//63 90//63 92//63
f 91//64 92//64 93//64
f 93//65 92//65 94//65
f 93//66 94//66 95//66
f 95//67 94//67 96//67
f 95//68 96//68 97//68
f 97//69 96//69 98//69
f 97//70 98//70 99//70
f 99//71 98//71 100//71
f 99//72 100//72 101//72
f 101//73 100//73 102//73
f 101//74 102//74 103//74
f 103//75 102//75 104//75
f 103//76 104//76 105//76
f 105//77 104//77 106//77
f 105//78 106//78 107//78
f 107//79 106//79 108//79
f 107//80 108//80 109//80
f 109//81 108//81 110//81
f 109//82 110//82 111//82
f 111//83 110//83 112//83
f 111//84 112//84 113//84
f 113//85 112//85 114//85
f 113//86 114//86 115//86
f 115//87 114//87 116//87
f 117//88 118//88 119//88
f 119//89 118//89 120//89
f 119//90 120//90 121//90
f 121//91 120//91 122//91
f 121//92 122//92 123//92
f 123//93 124//93 121//93
f 121//94 124//94 125//94
f 125//95 124//95 126//95
f 125//96 126//96 127//96
f 127//97 128//97 125//97
f 125//98 128//98 129//98
f 129//99 128//99 130//99
f 129//100 130//100 131//100
f 129//101 131//101 132//101
f 132//102 131//102 133//102
f 132//103 133//103 134//103
f 134//104 133//104 135//104
f 134//105 135//105 136//105
f 134//106 136//106 137//106
f 137//107 136//107 138//107
f 137//108 138//108 139//108
f 137//109 139//109 140//109
f 140//110 139//110 141//110
f 140//111 141//111 142//111
f 140//112 142//112 143//112
f 143//113 142//113 144//113
f 143//114 144//114 145//114
f 143//115 145//115 146//115
f 146//116 145//116 147//116
f 146//117 147//117 148//117
f 148//118 147//118 149//118
f 148//119 149//119 150//119
f 150//120 151//120 148//120
f 148//121 151//121 152//121
f 152//122 151//122 153//122
f 152//123 153//123 154//123
f 152//124 154//124 155//124
f 155//125 154//125 156//125
f 155//126 156//126 157//126
f 157//127 158//127 155//127
f 155//128 158//128 159//128
f 155//129 159//129 160//129
f 160//130 159//130 161//130
f 162//131 163//131 164//131
f 164//132 163//132 165//132
f 164//133 165//133 166//133
f 166//134 165//134 167//134
f 166//135 167//135 168//135
f 168//136 169//136 166//136
f 166//137 169//137 170//137
f 170//138 169//138 171//138
f 170//139 171//139 172//139
f 172//140 173//140 170//140
f 170//141 173//141 174//141
f 174//142 173//142 175//142
f 174//143 175//143 176//143
f 174//144 176//144 177//144
f 177//145 176//145 178//145
f 177//146 178//146 179//146
f 179//147 178//147 180//147
f 179//148 180//148 181//148
f 179//149 181//149 182//149
f 182//150 181//150 183//150
f 182//151 183//151 184//151
f 182//152 184//152 185//152
f 185//153 184//153 186//153
f 185//154 186//154 187//154
f 185//155 187//155 188//155
f 188//156 187//156 189//156
f 188//157 189//157 190//157
f 188//158 190//158 191//158
f 191//159 190//159 192//159
f 191//160 192//160 193//160
f 193//161 192//161 194//161
f 193//162 194//162 195//162
f 193//163 195//163 196//163
f 196//164 195//164 197//164
f 196//165 197//165 198//165
f 198//166 199//166 196//166
f 196//167 199//167 200//167
f 200//168 199//168 201//168
f 200//169 201//169 202//169
f 202//170 203//170 200//170
f 200//171 203//171 204//171
f 204//172 203//172 205//172
f 204//173 205//173 206//173
f 207//174 208//174 209//174
f 209//174 208//174 210//174
f 209//174 210//174 211//174
f 211//174 210//174 212//174
f 211//174 212//174 213//174
f 213//174 212//174 214//174
f 213//174 214//174 215//174
f 215//174 214//174 216//174
f 215//174 216//174 217//174
f 217//174 216//174 218//174
f 217//174 218//174 219//174
f 219//174 218//174 220//174
f 219//174 220//174 221//174
f 221//174 220//174 222//174
f 221//174 222//174 223//174
f 223//174 222//174 224//174
f 223//174 224//174 225//174
f 225//174 224//174 226//174
f 225//174 226//174 227//174
f 227//174 226//174 228//174
f 227//174 228//174 229//174
f 229//174 228//174 230//174
f 208//174 207//174 231//174
f 231//174 207//174 232//174
f 231//174 232//174 233//174
f 233//174 232//174 234//174
f 233//174 234//174 235//174
f 235//174 234//174 236//174
f 235//174 236//174 237//174
f 237//174 236//174 238//174
f 237//174 238//174 239//174
f 239//174 238//174 240//174
f 239//174 240//174 241//174
f 241//174 240//174 242//174
f 241//174 242//174 243//174
f 243//174 242//174 244//174
f 243//174 244//174 245//174
f 245//174 244//174 246//174
f 245//174 246//174 247//174
f 247//174 246//174 248//174
f 247//174 248//174 249//174
f 250//175 251//175 252//175
f 252//176 251//176 253//176
f 252//176 253//176 254//176
f 254//177 253//177 255//177
f 254//177 255//177 256//177
f 256//178 255//178 257//178
f 257//178 255//178 258//178
f 257//179 258//179 259//179
f 259//179 258//179 260//179
f 259//180 260//180 261//180
f 261//180 260//180 262//180
f 261//181 262//181 263//181
f 263//181 262//181 264//181
f 263//182 264//182 265//182
f 265//182 264//182 266//182
f 265//183 266//183 267//183
f 267//183 266//183 268//183
f 267//184 268//184 269//184
f 269//184 268//184 270//184
f 269//185 270//185 271//185
f 271//185 270//185 272//185
f 271//186 272//186 273//186
f 273//186 272//186 274//186
f 273//187 274//187 275//187
f 275//187 274//187 276//187
f 275//188 276//188 277//188
f 277//188 276//188 278//188
f 277//189 278//189 279//189
f 279//189 278//189 280//189
f 279//190 280//190 281//190
f 281//190 280//190 282//190
f 281//191 282//191 283//191
f 283//191 282//191 284//191
f 283//192 284//192 285//192
f 285//192 284//192 286//192
f 285//193 286//193 287//193
f 287//193 286//193 288//193
f 287//194 288//194 289//194
f 289//194 288//194 290//194
f 289//195 290//195 291//195
f 291//195 290//195 292//195
f 292//195 290//195 293//195
f 292//196 293//196 294//196
f 295//197 296//197 297//197
f 297//198 296//198 298//198
f 297//199 298//199 299//199
f 299//200 298//200 300//200
f 299//201 300//201 301//201
f 299//202 301//202 302//202
f 302//203 301//203 303//203
f 302//204 303//204 304//204
f 302//205 304//205 305//205
f 305//206 304//206 306//206
f 305//207 306//207 307//207
f 305//208 307//208 308//208
f 308//209 307//209 309//209
f 308//210 309//210 310//210
f 310//211 309//211 311//211
f 310//212 311//212 312//212
f 310//213 312//213 313//213
f 313//214 312//214 314//214
f 313//215 314//215 315//215
f 315//216 314//216 316//216
f 315//217 316//217 317//217
f 315//218 317//218 318//218
f 318//219 317//219 319//219
f 318//220 319//220 320//220
f 318//221 320//221 321//221
f 321//222 320//222 322//222
f 321//223 322//223 323//223
f 323//224 322//224 324//224
f 323//225 324//225 325//225
f 323//226 325//226 326//226
f 326//227 325//227 327//227
f 326//228 327//228 328//228
f 328//229 327//229 329//229
f 328//230 329//230 330//230
f 328//231 330//231 331//231
f 331//232 330//232 332//232
f 331//233 332//233 333//233
f 331//234 333//234 334//234
f 334//235 333//235 335//235
f 334//236 335//236 336//236
f 336//237 335//237 337//237
f 336//238 337//238 338//238
f 336//239 338//239 339//239
f 339//240 338//240 340//240
f 339//241 340//241 341//241
f 339//242 341//242 342//242
f 342//243 341//243 343//243
f 342//244 343//244 344//244
f 344//245 343//245 345//245
f 344//246 345//246 346//246
f 347//247 348//247 349//247
f 349//248 348//248 350//248
f 349//249 350//249 351//249
f 349//250 351//250 352//250
f 352//251 351//251 353//251
f 352//252 353//252 354//252
f 354//253 353//253 355//253
f 354//254 355//254 356//254
f 354//255 356//255 357//255
f 357//256 356//256 358//256
f 357//257 358//257 359//257
f 357//258 359//258 360//258
f 360//259 359//259 361//259
f 360//260 361//260 362//260
f 362//261 361//261 363//261
f 362//262 363//262 364//262
f 362//263 364//263 365//263
f 365//264 364//264 366//264
f 365//265 366//265 367//265
f 365//266 367//266 368//266
f 368//267 367//267 369//267
f 368//268 369//268 370//268
f 370//269 369//269 371//269
f 370//270 371//270 372//270
f 370//271 372//271 373//271
f 373//272 372//272 374//272
f 373//273 374//273 375//273
f 375//274 374//274 376//274
f 375//275 376//275 377//275
f 375//276 377//276 378//276
f 378//277 377//277 379//277
f 378//278 379//278 380//278
f 378//279 380//279 381//279
f 381//280 380//280 382//280
f 381//281 382//281 383//281
f 383//282 382//282 384//282
f 383//283 384//283 385//283
f 383//284 385//284 386//284
f 386//285 385//285 387//285
f 386//286 387//286 388//286
f 388//287 387//287 389//287
f 388//288 389//288 390//288
f 388//289 390//289 391//289
f 391//290 390//290 392//290
f 391//291 392//291 393//291
f 391//292 393//292 394//292
f 394//293 393//293 395//293
f 394//294 395//294 396//294
f 394//295 396//295 397//295
f 397//296 396//296 398//296
f 397//297 398//297 399//297
f 399//298 398//298 400//298
f 399//299 400//299 401//299
f 401//299 400//299 402//299
f 401//300 402//300 403//300
f 400//299 404//299 402//299
f 405//300 406//300 407//300
f 407//301 406//301 408//301
f 406//301 409//301 408//301
f 408//302 409//302 410//302
f 409//302 411//302 410//302
f 410//303 411//303 412//303
f 411//303 413//303 412//303
f 412//304 413//304 414//304
f 413//304 415//304 414//304
f 414//305 415//305 416//305
f 415//305 417//305 416//305
f 416//306 417//306 418//306
f 417//306 419//306 418//306
f 418//307 419//307 420//307
f 419//307 421//307 420//307
f 420//308 421//308 422//308
f 421//308 423//308 422//308
f 422//309 423//309 424//309
f 423//309 425//309 424//309
f 424//310 425//310 426//310
f 425//310 427//310 426//310
f 426//311 427//311 428//311
f 427//311 429//311 428//311
f 428//312 429//312 430//312
f 429//312 431//312 430//312
f 430//313 431//313 432//313
f 431//313 433//313 432//313
f 432//314 433//314 434//314
f 433//314 435//314 434//314
f 434//315 435//315 436//315
f 435//315 437//315 436//315
f 436//316 437//316 438//316
f 437//316 439//316 438//316
f 438//317 439//317 440//317
f 439//317 441//317 440//317
f 442//318 443//318 444//318
f 444//319 443//319 445//319
f 444//320 445//320 446//320
f 446//321 445//321 447//321
f 446//321 447//321 448//321
f 448//322 447//322 449//322
f 448//322 449//322 450//322
f 450//323 449//323 451//323
f 450//323 451//323 452//323
f 452//324 451//324 453//324
f 452//324 453//324 454//324
f 454//325 453//325 455//325
f 454//325 455//325 456//325
f 456//326 455//326 457//326
f 456//327 457//327 458//327
f 443//328 442//328 459//328
f 459//329 442//329 460//329
f 459//330 460//330 461//330
f 461//331 460//331 462//331
f 461//332 462//332 463//332
f 463//333 462//333 464//333
f 463//334 464//334 465//334
f 465//335 464//335 466//335
f 465//336 466//336 467//336
f 467//337 466//337 468//337
f 467//338 468//338 469//338
f 469//339 468//339 470//339
f 469//340 470//340 471//340
f 471//341 470//341 472//341
f 471//342 472//342 473//342
f 473//343 472//343 474//343
f 473//344 474//344 475//344
f 475//345 474//345 476//345
f 475//346 476//346 477//346
f 477//347 476//347 478//347
f 477//348 478//348 479//348
f 479//349 478//349 480//349
f 479//350 480//350 481//350
f 481//351 480//351 482//351
f 481//352 482//352 483//352
f 483//353 482//353 484//353
f 483//354 484//354 485//354
f 485//355 484//355 486//355
f 485//356 486//356 487//356
f 487//357 486//357 488//357
f 487//358 488//358 489//358
f 489//359 488//359 490//359
f 489//360 490//360 491//360
f 491//361 490//361 492//361
f 491//362 492//362 493//362
f 493//363 492//363 494//363
f 493//364 494//364 495//364
f 495//365 494//365 496//365
f 495//366 496//366 497//366
f 497//367 496//367 498//367
f 497//368 498//368 499//368
f 499//369 498//369 500//369
f 499//370 500//370 501//370
f 501//371 500//371 502//371
f 501//372 502//372 503//372
f 503//373 502//373 504//373
f 503//374 504//374 505//374
f 505//375 504//375 506//375
f 505//376 506//376 507//376
f 507//377 506//377 508//377
f 507//378 508//378 509//378
f 509//379 508//379 510//379
f 509//380 510//380 511//380
f 512//381 513//381 514//381
f 514//382 513//382 515//382
f 514//383 515//383 516//383
f 516//384 515//384 517//384
f 516//385 517//385 518//385
f 518//386 517//386 519//386
f 518//387 519//387 520//387
f 520//388 519//388 521//388
f 520//389 521//389 522//389
f 522//390 521//390 523//390
f 522//391 523//391 524//391
f 524//392 523//392 525//392
f 524//393 525//393 526//393
f 526//394 525//394 527//394
f 526//395 527//395 528//395
f 528//396 527//396 529//396
f 528//397 529//397 530//397
f 530//398 529//398 531//398
f 530//399 531//399 532//399
f 532//400 531//400 533//400
f 532//401 533//401 534//401
f 534//402 533//402 535//402
f 534//403 535//403 536//403
f 536//404 535//404 537//404
f 536//405 537//405 538//405
f 538//406 537//406 539//406
f 538//407 539//407 540//407
f 540//408 539//408 541//408
f 540//409 541//409 542//409
f 542//410 541//410 543//410
f 542//411 543//411 544//411
f 544//412 543//412 545//412
f 544//413 545//413 546//413
f 546//414 545//414 547//414
f 546//415 547//415 548//415
f 548//416 547//416 549//416
f 548//417 549//417 550//417
f 550//418 549//418 551//418
f 550//419 551//419 552//419
f 552//420 551//420 553//420
f 552//421 553//421 554//421
f 554//422 553//422 555//422
f 554//423 555//423 556//423
f 556//424 555//424 557//424
f 556//425 557//425 558//425
f 558//426 557//426 559//426
f 558//427 559//427 560//427
f 560//428 559//428 561//428
f 560//429 561//429 562//429
f 562//430 561//430 563//430
f 562//431 563//431 564//431
f 565//432 566//432 567//432
f 567//433 566//433 568//433
f 567//434 568//434 569//434
f 569//435 568//435 570//435
f 569//436 570//436 571//436
f 571//437 570//437 572//437
f 571//438 572//438 573//438
f 573//439 572//439 574//439
f 573//440 574//440 575//440
f 575//441 574//441 576//441
f 575//442 576//442 577//442
f 577//443 576//443 578//443
f 577//444 578//444 579//444
f 579//445 578//445 580//445
f 579//446 580//446 581//446
f 581//447 580//447 582//447
f 581//448 582//448 583//448
f 583//449 582//449 584//449
f 583//450 584//450 585//450
f 585//451 584//451 586//451
f 585//452 586//452 587//452
f 587//453 586//453 588//453
f 587//454 588//454 589//454
f 589//455 588//455 590//455
f 589//456 590//456 591//456
f 591//457 590//457 592//457
f 591//458 592//458 593//458
f 593//459 592//459 594//459
f 593//460 594//460 595//460
f 595//461 594//461 596//461
f 595//462 596//462 597//462
f 597//463 596//463 598//463
f 597//464 598//464 599//464
f 599//465 598//465 600//465
f 599//466 600//466 601//466
f 601//467 600//467 602//467
f 601//468 602//468 603//468
f 603//469 602//469 604//469
f 603//470 604//470 605//470
f 605//471 604//471 606//471
f 605//472 606//472 607//472
f 607//473 606//473 608//473
f 607//474 608//474 609//474
f 609//475 608//475 610//475
f 609//476 610//476 611//476
f 611//477 610//477 612//477
f 611//478 612//478 613//478
f 613//479 612//479 614//479
f 613//480 614//480 615//480
f 615//481 614//481 616//481
f 615//482 616//482 617//482
f 618//483 619//483 620//483
f 620//484 619//484 621//484
f 620//485 621//485 622//485
f 622//486 621//486 623//486
f 622//487 623//487 624//487
f 624//488 623//488 625//488
f 624//489 625//489 626//489
f 626//490 625//490 627//490
f 626//491 627//491 628//491
f 628//492 627//492 629//492
f 628//493 629//493 630//493
f 630//494 629//494 631//494
f 630//495 631//495 632//495
f 632//496 631//496 633//496
f 632//497 633//497 634//497
f 634//498 633//498 635//498
f 634//499 635//499 636//499
f 636//500 635//500 637//500
f 636//501 637//501 638//501
f 638//502 637//502 639//502
f 638//503 639//503 640//503
f 640//504 639//504 641//504
f 640//505 641//505 642//505
f 642//506 641//506 643//506
f 642//507 643//507 644//507
f 644//508 643//508 645//508
f 644//509 645//509 646//509
f 646//510 645//510 647//510
f 646//511 647//511 648//511
f 648//512 647//512 649//512
f 648//513 649//513 650//513
f 650//514 649//514 651//514
f 650//515 651//515 652//515
f 652//516 651//516 653//516
f 652//517 653//517 654//517
f 654//518 653//518 655//518
f 654//519 655//519 656//519
f 656//520 655//520 657//520
f 656//521 657//521 658//521
f 658//522 657//522 659//522
f 658//523 659//523 660//523
f 660//524 659//524 661//524
f 660//525 661//525 662//525
f 662//526 661//526 663//526
f 662//527 663//527 664//527
f 664//528 663//528 665//528
f 664//529 665//529 666//529
f 666//530 665//530 667//530
f 666//531 667//531 668//531
f 668//532 667//532 669//532
f 668//533 669//533 670//533
f 670//534 669//534 671//534
f 672//535 673//535 674//535
f 674//536 673//536 675//536
f 674//537 675//537 676//537
f 676//538 675//538 677//538
f 676//539 677//539 678//539
f 678//540 677//540 679//540
f 678//541 679//541 680//541
f 680//542 679//542 681//542
f 680//543 681//543 682//543
f 682//544 681//544 683//544
f 682//545 683//545 684//545
f 684//546 683//546 685//546
f 684//547 685//547 686//547
f 686//548 685//548 687//548
f 686//549 687//549 688//549
f 688//550 687//550 689//550
f 688//551 689//551 690//551
f 690//552 689//552 691//552
f 690//553 691//553 692//553
f 692//554 691//554 693//554
f 692//555 693//555 694//555
f 694//556 693//556 695//556
f 694//557 695//557 696//557
f 696//558 695//558 697//558
f 696//559 697//559 698//559
f 698//560 697//560 699//560
f 698//561 699//561 700//561
f 700//562 699//562 701//562
f 700//563 701//563 702//563
f 702//564 701//564 703//564
f 702//565 703//565 704//565
f 704//566 703//566 705//566
f 704//567 705//567 706//567
f 706//568 705//568 707//568
f 706//569 707//569 708//569
f 708//570 707//570 709//570
f 708//571 709//571 710//571
f 710//572 709//572 711//572
f 710//573 711//573 712//573
f 712//574 711//574 713//574
f 712//575 713//575 714//575
f 714//576 713//576 715//576
f 714//577 715//577 716//577
f 716//578 715//578 717//578
f 716//579 717//579 718//579
f 718//580 717//580 719//580
f 718//581 719//581 720//581
f 720//582 719//582 721//582
f 720//583 721//583 722//583
f 722//584 721//584 723//584
f 722//585 723//585 724//585
f 724//586 723//586 725//586
f 724//587 725//587 726//587
f 726//588 725//588 727//588
f 726//589 727//589 728//589
f 728//590 727//590 729//590
f 728//591 729//591 730//591
f 730//592 729//592 731//592
f 730//593 731//593 732//593
f 733//594 734//594 735//594
f 735//595 734//595 736//595
f 735//596 736//596 737//596
f 737//597 736//597 738//597
f 737//598 738//598 739//598
f 739//599 738//599 740//599
f 739//600 740//600 741//600
f 741//601 740//601 742//601
f 741//602 742//602 743//602
f 743//603 742//603 744//603
f 743//604 744//604 745//604
f 745//605 744//605 746//605
f 745//606 746//606 747//606
f 747//607 746//607 748//607
f 747//608 748//608 749//608
f 749//609 748//609 750//609
f 749//610 750//610 751//610
f 751//611 750//611 752//611
f 751//612 752//612 753//612
f 753//613 752//613 754//613
f 753//614 754//614 755//614
f 755//615 754//615 756//615
f 755//616 756//616 757//616
f 757//617 756//617 758//617
f 757//618 758//618 759//618
f 759//619 758//619 760//619
f 759//620 760//620 761//620
f 761//621 760//621 762//621
f 761//622 762//622 763//622
f 763//623 762//623 764//623
f 763//624 764//624 765//624
f 765//625 764//625 766//625
f 765//626 766//626 767//626
f 767//627 766//627 768//627
f 767//628 768//628 769//628
f 769//629 768//629 770//629
f 769//630 770//630 771//630
f 771//631 770//631 772//631
f 771//632 772//632 773//632
f 773//633 772//633 774//633
f 773//634 774//634 775//634
f 775//635 774//635 776//635
f 775//636 776//636 777//636
f 777//637 776//637 778//637
f 777//638 778//638 779//638
f 779//639 778//639 780//639
f 779//640 780//640 781//640
f 781//641 780//641 782//641
f 781//642 782//642 783//642
f 783//643 782//643 784//643
f 783//644 784//644 785//644
f 785//645 784//645 786//645
f 785//646 786//646 787//646
f 787//647 786//647 788//647
f 787//648 788//648 789//648
f 790//649 791//649 792//649
f 792//650 791//650 793//650
f 792//651 793//651 794//651
f 794//652 793//652 795//652
f 794//653 795//653 796//653
f 796//654 795//654 797//654
f 796//655 797//655 798//655
f 798//656 797//656 799//656
f 798//657 799//657 800//657
f 800//658 799//658 801//658
f 800//659 801//659 802//659
f 802//660 801//660 803//660
f 802//661 803//661 804//661
f 804//662 803//662 805//662
f 804//663 805//663 806//663
f 806//664 805//664 807//664
f 806//665 807//665 808//665
f 808//666 807//666 809//666
f 808//667 809//667 810//667
f 810//668 809//668 811//668
f 810//669 811//669 812//669
f 812//670 811//670 813//670
f 812//671 813//671 814//671
f 814//672 813//672 815//672
f 814//673 815//673 816//673
f 816//674 815//674 817//674
f 816//675 817//675 818//675
f 818//676 817//676 819//676
f 818//677 819//677 820//677
f 820//678 819//678 821//678
f 820//679 821//679 822//679
f 822//680 821//680 823//680
f 822//681 823//681 824//681
f 824//682 823//682 825//682
f 824//683 825//683 826//683
f 826//684 825//684 827//684
f 826//685 827//685 828//685
f 828//686 827//686 829//686
f 828//687 829//687 830//687
f 830//688 829//688 831//688
f 830//689 831//689 832//689
f 832//690 831//690 833//690
f 832//691 833//691 834//691
f 834//692 833//692 835//692
f 834//693 835//693 836//693
f 836//694 835//694 837//694
f 836//695 837//695 838//695
f 838//696 837//696 839//696
f 838//697 839//697 840//697
f 840//698 839//698 841//698
f 840//699 841//699 842//699
f 842//700 841//700 843//700
f 842//701 843//701 844//701
f 844//702 843//702 845//702
f 844//703 845//703 846//703
f 847//704 848//704 849//704
f 849//705 848//705 850//705
f 849//706 850//706 851//706
f 851//707 850//707 852//707
f 851//708 852//708 853//708
f 853//709 852//709 854//709
f 853//710 854//710 855//710
f 855//711 854//711 856//711
f 855//712 856//712 857//712
f 857//713 856//713 858//713
f 857//714 858//714 859//714
f 859//715 858//715 860//715
f 859//716 860//716 861//716
f 861//717 860//717 862//717
f 861//718 862//718 863//718
f 863//719 862//719 864//719
f 863//720 864//720 865//720
f 865//721 864//721 866//721
f 865//722 866//722 867//722
f 867//723 866//723 868//723
f 867//724 868//724 869//724
f 869//725 868//725 870//725
f 869//726 870//726 871//726
f 871//727 870//727 872//727
f 871//728 872//728 873//728
f 873//729 872//729 874//729
f 873//730 874//730 875//730
f 875//731 874//731 876//731
f 875//732 876//732 877//732
f 877//733 876//733 878//733
f 877//734 878//734 879//734
f 879//735 878//735 880//735
f 879//736 880//736 881//736
f 881//737 880//737 882//737
f 881//738 882//738 883//738
f 883//739 882//739 884//739
f 883//740 884//740 885//740
f 885//741 884//741 886//741
f 885//742 886//742 887//742
f 887//743 886//743 888//743
f 887//744 888//744 889//744
f 889//745 888//745 890//745
f 889//746 890//746 891//746
f 891//747 890//747 892//747
f 891//748 892//748 893//748
f 893//749 892//749 894//749
f 893//750 894//750 895//750
f 895//751 894//751 896//751
f 895//752 896//752 897//752
f 897//753 896//753 898//753
f 897//754 898//754 899//754
f 899//755 898//755 900//755
f 899//756 900//756 901//756
f 901//757 900//757 902//757
f 901//758 902//758 903//758
f 904//759 905//759 906//759
f 906//760 905//760 907//760
f 906//761 907//761 908//761
f 908//762 907//762 909//762
f 908//763 909//763 910//763
f 910//764 909//764 911//764
f 910//765 911//765 912//765
f 912//766 911//766 913//766
f 912//767 913//767 914//767
f 914//768 913//768 915//768
f 914//769 915//769 916//769
f 916//770 915//770 917//770
f 916//771 917//771 918//771
f 918//772 917//772 919//772
f 918//773 919//773 920//773
f 920//774 919//774 921//774
f 920//775 921//775 922//775
f 922//776 921//776 923//776
f 922//777 923//777 924//777
f 924//778 923//778 925//778
f 924//779 925//779 926//779
f 926//780 925//780 927//780
f 926//781 927//781 928//781
f 928//782 927//782 929//782
f 928//783 929//783 930//783
f 930//784 929//784 931//784
f 930//785 931//785 928//785
f 928//786 931//786 932//786
f 928//787 932//787 933//787
f 933//787 932//787 934//787
f 933//788 934//788 935//788
f 935//788 934//788 936//788
f 935//789 936//789 937//789
f 938//790 939//790 940//790
f 940//791 939//791 941//791
f 940//792 941//792 942//792
f 942//793 941//793 943//793
f 942//794 943//794 944//794
f 944//795 943//795 945//795
f 944//796 945//796 946//796
f 946//797 945//797 947//797
f 946//798 947//798 948//798
f 948//799 947//799 949//799
f 948//800 949//800 950//800
f 950//801 949//801 951//801
f 950//802 951//802 952//802
f 952//803 951//803 953//803
f 952//804 953//804 954//804
f 954//805 953//805 955//805
f 954//806 955//806 956//806
f 956//807 955//807 957//807
f 956//808 957//808 958//808
f 958//809 957//809 959//809
f 958//810 959//810 960//810
f 939//811 961//811 941//811
f 941//812 961//812 962//812
f 941//813 962//813 943//813
f 943//814 962//814 963//814
f 943//815 963//815 945//815
f 945//816 963//816 964//816
f 945//817 964//817 947//817
f 947//818 964//818 965//818
f 947//819 965//819 949//819
f 949//820 965//820 966//820
f 949//821 966//821 951//821
f 951//822 966//822 967//822
f 951//823 967//823 953//823
f 953//824 967//824 968//824
f 953//825 968//825 955//825
f 955//826 968//826 969//826
f 955//827 969//827 957//827
f 957//828 969//828 970//828
f 957//829 970//829 971//829
f 971//830 970//830 972//830
f 971//831 972//831 973//831
f 962//832 961//832 974//832
f 974//833 961//833 975//833
f 974//834 975//834 976//834
f 976//835 975//835 977//835
f 976//836 977//836 978//836
f 978//837 977//837 979//837
f 978//838 979//838 980//838
f 980//839 979//839 981//839
f 980//840 981//840 982//840
f 982//841 981//841 983//841
f 982//842 983//842 984//842
f 984//843 983//843 985//843
f 984//844 985//844 986//844
f 986//845 985//845 987//845
f 986//846 987//846 988//846
f 988//847 987//847 989//847
f 988//848 989//848 990//848
f 990//849 989//849 991//849
f 990//850 991//850 992//850
f 992//851 991//851 993//851
f 992//852 993//852 994//852
f 994//853 993//853 995//853
f 994//854 995//854 996//854
f 996//855 995//855 997//855
f 997//856 995//856 998//856
f 997//857 998//857 999//857
f 999//858 998//858 1000//858
f 1000//859 998//859 1001//859
f 1000//860 1001//860 1002//860
f 1002//861 1001//861 1003//861
f 1002//862 1003//862 1004//862
f 1004//863 1003//863 1005//863
f 1005//864 1003//864 1006//864
f 1005//865 1006//865 1007//865
f 1007//866 1006//866 1008//866
f 1008//867 1006//867 1009//867
f 1008//868 1009//868 1010//868
f 1010//869 1009//869 1011//869
f 1010//870 1011//870 1012//870
f 1012//871 1011//871 1013//871
f 1012//872 1013//872 1014//872
f 1014//873 1013//873 1015//873
f 1014//874 1015//874 1016//874
f 1016//875 1015//875 1017//875
f 1016//876 1017//876 1018//876
f 1018//877 1017//877 1019//877
f 1018//878 1019//878 1020//878
f 1020//879 1019//879 1021//879
f 1020//880 1021//880 1022//880
f 1022//881 1021//881 1023//881
f 1022//882 1023//882 1024//882
f 1024//883 1023//883 1025//883
f 1024//884 1025//884 1026//884
f 1026//885 1025//885 1027//885
f 1026//886 1027//886 1028//886
f 1028//887 1027//887 1029//887
f 1028//888 1029//888 1030//888
f 1030//889 1029//889 1031//889
f 1030//890 1031//890 1032//890
f 1032//891 1031//891 1033//891
f 1032//892 1033//892 1034//892
f 1034//893 1033//893 1035//893
f 1034//894 1035//894 1036//894
f 1036//895 1035//895 1037//895
f 1036//896 1037//896 1038//896
f 1038//897 1037//897 1039//897
f 1038//898 1039//898 1040//898
f 1040//899 1039//899 1041//899
f 1040//900 1041//900 1042//900
f 1042//901 1041//901 1043//901
f 1042//902 1043//902 1044//902
f 1045//903 1046//903 1047//903
f 1047//904 1046//904 1048//904
f 1047//905 1048//905 1049//905
f 1049//906 1048//906 1050//906
f 1049//907 1050//907 1051//907
f 1051//908 1050//908 1052//908
f 1051//909 1052//909 1053//909
f 1053//910 1052//910 1054//910
f 1053//911 1054//911 1055//911
f 1055//912 1054//912 1056//912
f 1055//913 1056//913 1057//913
f 1057//914 1056//914 1058//914
f 1057//915 1058//915 1059//915
f 1059//916 1058//916 1060//916
f 1059//917 1060//917 1061//917
f 1061//918 1060//918 1062//918
f 1048//919 1046//919 1050//919
f 1050//920 1046//920 1063//920
f 1050//921 1063//921 1052//921
f 1052//922 1063//922 1064//922
f 1052//910 1064//910 1054//910
f 1054//923 1064//923 1065//923
f 1054//912 1065//912 1056//912
f 1056//924 1065//924 1066//924
f 1056//914 1066//914 1058//914
f 1058//925 1066//925 1067//925
f 1058//916 1067//916 1060//916
f 1060//926 1067//926 1068//926
f 1060//927 1068//927 1062//927
f 1062//928 1068//928 1069//928
f 1063//929 1070//929 1064//929
f 1064//930 1070//930 1071//930
f 1064//923 1071//923 1065//923
f 1065//931 1071//931 1072//931
f 1065//924 1072//924 1066//924
f 1066//932 1072//932 1073//932
f 1066//925 1073//925 1067//925
f 1067//933 1073//933 1074//933
f 1067//934 1074//934 1068//934
f 1068//935 1074//935 1075//935
f 1068//936 1075//936 1069//936
f 1069//937 1075//937 1076//937
f 1069//938 1076//938 1077//938
f 1077//939 1076//939 1078//939
f 1077//940 1078//940 1079//940
f 1079//941 1078//941 1080//941
f 1079//942 1080//942 1081//942
f 1081//943 1080//943 1082//943
f 1081//944 1082//944 1083//944
f 1083//945 1082//945 1084//945
f 1083//946 1084//946 1085//946
f 1085//947 1084//947 1086//947
f 1085//948 1086//948 1087//948
f 1087//949 1086//949 1088//949
f 1087//950 1088//950 1089//950
f 1089//951 1088//951 1090//951
f 1089//952 1090//952 1091//952
f 1091//953 1090//953 1092//953
f 1091//954 1092//954 1093//954
f 1093//955 1092//955 1094//955
f 1093//956 1094//956 1095//956
f 1095//957 1094//957 1096//957
f 1095//958 1096//958 1097//958
f 1097//959 1096//959 1098//959
f 1097//960 1098//960 1099//960
f 1099//961 1098//961 1100//961
f 1099//962 1100//962 1101//962
f 1101//963 1100//963 1102//963
f 1101//964 1102//964 1103//964
f 1103//965 1102//965 1104//965
f 1103//966 1104//966 1105//966
f 1105//967 1104//967 1106//967
f 1105//968 1106//968 1107//968
f 1107//969 1106//969 1108//969
f 1107//970 1108//970 1109//970
f 1109//971 1108//971 1110//971
f 1109//972 1110//972 1111//972
f 1111//973 1110//973 1112//973
f 1111//974 1112//974 1113//974
f 1113//975 1112//975 1114//975
f 1113//976 1114//976 1115//976
f 1116//977 1117//977 1118//977
f 1118//978 1117//978 1119//978
f 1118//979 1119//979 1120//979
f 1120//980 1119//980 1121//980
f 1120//981 1121//981 1122//981
f 1122//982 1121//982 1123//982
f 1122//983 1123//983 1124//983
f 1124//984 1123//984 1125//984
f 1124//985 1125//985 1126//985
f 1126//986 1125//986 1127//986
f 1126//987 1127//987 1128//987
f 1128//988 1127//988 1129//988
f 1128//989 1129//989 1130//989
f 1130//990 1129//990 1131//990
f 1130//991 1131//991 1132//991
f 1132//992 1131//992 1133//992
f 1132//993 1133//993 1134//993
f 1134//994 1133//994 1135//994
f 1134//995 1135//995 1136//995
f 1136//996 1135//996 1137//996
f 1136//997 1137//997 1138//997
f 1138//998 1137//998 1139//998
f 1138//999 1139//999 1140//999
f 1140//1000 1139//1000 1141//1000
f 1140//1001 1141//1001 1142//1001
f 1142//1002 1141//1002 1143//1002
f 1142//1003 1143//1003 1144//1003
f 1144//1004 1143//1004 1145//1004
f 1144//1005 1145//1005 1146//1005
f 1146//1006 1145//1006 1147//1006
f 1146//1007 1147//1007 1148//1007
f 1148//1008 1147//1008 1149//1008
f 1148//1009 1149//1009 1150//1009
f 1150//1010 1149//1010 1151//1010
f 1150//1011 1151//1011 1152//1011
f 1152//1012 1151//1012 1153//1012
f 1152//1013 1153//1013 1154//1013
f 1154//1014 1153//1014 1155//1014
f 1154//1015 1155//1015 1156//1015
f 1156//1016 1155//1016 1157//1016
f 1156//1017 1157//1017 1158//1017
f 1158//1018 1157//1018 1159//1018
f 1158//1019 1159//1019 1160//1019
f 1160//1020 1159//1020 1161//1020
f 1160//1021 1161//1021 1162//1021
f 1162//1022 1161//1022 1163//1022
f 1162//1023 1163//1023 1164//1023
f 1164//1024 1163//1024 1165//1024
f 1164//1025 1165//1025 1166//1025
f 1166//1026 1165//1026 1167//1026
f 1166//1027 1167//1027 1168//1027
f 1169//1028 1170//1028 1171//1028
f 1171//1028 1170//1028 1172//1028
f 1171//1029 1172//1029 1173//1029
f 1173//1030 1172//1030 1174//1030
f 1173//1031 1174//1031 1175//1031
f 1175//1032 1174//1032 1176//1032
f 1175//1033 1176//1033 1177//1033
f 1177//1034 1176//1034 1178//1034
f 1177//1035 1178//1035 1179//1035
f 1179//1036 1178//1036 1180//1036
f 1179//1037 1180//1037 1181//1037
f 1181//1038 1180//1038 1182//1038
f 1181//1039 1182//1039 1183//1039
f 1183//1040 1182//1040 1184//1040
f 1183//1041 1184//1041 1185//1041
f 1185//1042 1184//1042 1186//1042
f 1185//1043 1186//1043 1187//1043
f 1187//1044 1186//1044 1188//1044
f 1187//1045 1188//1045 1189//1045
f 1189//1046 1188//1046 1190//1046
f 1189//1047 1190//1047 1191//1047
f 1191//1048 1190//1048 1192//1048
f 1191//1049 1192//1049 1193//1049
f 1193//1050 1192//1050 1194//1050
f 1193//1051 1194//1051 1195//1051
f 1195//1052 1194//1052 1196//1052
f 1195//1053 1196//1053 1197//1053
f 1197//1054 1196//1054 1198//1054
f 1197//1055 1198//1055 1199//1055
f 1199//1056 1198//1056 1200//1056
f 1199//1057 1200//1057 1201//1057
f 1201//1058 1200//1058 1202//1058
f 1201//1059 1202//1059 1203//1059
f 1203//1060 1202//1060 1204//1060
f 1203//1061 1204//1061 1205//1061
f 1205//1062 1204//1062 1206//1062
f 1205//1063 1206//1063 1207//1063
f 1207//1064 1206//1064 1208//1064
f 1207//1065 1208//1065 1209//1065
f 1209//1066 1208//1066 1210//1066
f 1209//1067 1210//1067 1211//1067
f 1211//1068 1210//1068 1212//1068
f 1211//1069 1212//1069 1213//1069
f 1213//1070 1212//1070 1214//1070
f 1213//1071 1214//1071 1215//1071
f 1215//1072 1214//1072 1216//1072
f 1215//1073 1216//1073 1217//1073
f 1217//1074 1216//1074 1218//1074
f 1217//1075 1218//1075 1219//1075
f 1219//1076 1218//1076 1220//1076
f 1219//1077 1220//1077 1221//1077
f 1222//1078 1223//1078 1224//1078
f 1224//1079 1223//1079 1225//1079
f 1224//1080 1225//1080 1226//1080
f 1226//1081 1225//1081 1227//1081
f 1226//1082 1227//1082 1228//1082
f 1228//1083 1227//1083 1229//1083
f 1228//1084 1229//1084 1230//1084
f 1230//1085 1229//1085 1231//1085
f 1230//1086 1231//1086 1232//1086
f 1232//1087 1231//1087 1233//1087
f 1232//1088 1233//1088 1234//1088
f 1234//1089 1233//1089 1235//1089
f 1234//1090 1235//1090 1236//1090
f 1236//1091 1235//1091 1237//1091
f 1236//1092 1237//1092 1238//1092
f 1238//1093 1237//1093 1239//1093
f 1238//1094 1239//1094 1240//1094
f 1240//1095 1239//1095 1241//1095
f 1240//1096 1241//1096 1242//1096
f 1242//1097 1241//1097 1243//1097
f 1242//1098 1243//1098 1244//1098
f 1244//1099 1243//1099 1245//1099
f 1244//1100 1245//1100 1246//1100
f 1246//1101 1245//1101 1247//1101
f 1246//1102 1247//1102 1248//1102
f 1248//1103 1247//1103 1249//1103
f 1248//1104 1249//1104 1250//1104
f 1250//1105 1249//1105 1251//1105
f 1250//1106 1251//1106 1252//1106
f 1252//1107 1251//1107 1253//1107
f 1252//1108 1253//1108 1254//1108
f 1254//1109 1253//1109 1255//1109
f 1254//1110 1255//1110 1256//1110
f 1256//1111 1255//1111 1257//1111
f 1256//1112 1257//1112 1258//1112
f 1258//1113 1257//1113 1259//1113
f 1258//1114 1259//1114 1260//1114
f 1260//1115 1259//1115 1261//1115
f 1260//1116 1261//1116 1262//1116
f 1262//1117 1261//1117 1263//1117
f 1262//1118 1263//1118 1264//1118
f 1264//1119 1263//1119 1265//1119
f 1264//1120 1265//1120 1266//1120
f 1266//1121 1265//1121 1267//1121
f 1266//1122 1267//1122 1268//1122
f 1268//1123 1267//1123 1269//1123
f 1268//1124 1269//1124 1270//1124
f 1270//1125 1269//1125 1271//1125
f 1270//1126 1271//1126 1272//1126
f 1272//1127 1271//1127 1273//1127
f 1272//1128 1273//1128 1274//1128
f 1274//1129 1273//1129 1275//1129
f 1274//1130 1275//1130 1276//1130
f 1276//1131 1275//1131 1277//1131
f 1276//1132 1277//1132 1278//1132
f 1279//1133 1280//1133 1281//1133
f 1281//1134 1280//1134 1282//1134
f 1281//1135 1282//1135 1283//1135
f 1283//1136 1282//1136 1284//1136
f 1283//1137 1284//1137 1285//1137
f 1285//1138 1284//1138 1286//1138
f 1285//1139 1286//1139 1287//1139
f 1287//1140 1286//1140 1288//1140
f 1287//1141 1288//1141 1289//1141
f 1289//1142 1288//1142 1290//1142
f 1289//1143 1290//1143 1291//1143
f 1291//1144 1290//1144 1292//1144
f 1291//1145 1292//1145 1293//1145
f 1293//1146 1292//1146 1294//1146
f 1293//1147 1294//1147 1295//1147
f 1295//1148 1294//1148 1296//1148
f 1295//1149 1296//1149 1297//1149
f 1297//1150 1296//1150 1298//1150
f 1297//1151 1298//1151 1299//1151
f 1299//1152 1298//1152 1300//1152
f 1299//1153 1300//1153 1301//1153
f 1301//1154 1300//1154 1302//1154
f 1301//1155 1302//1155 1303//1155
f 1303//1156 1302//1156 1304//1156
f 1303//1157 1304//1157 1305//1157
f 1305//1158 1304//1158 1306//1158
f 1305//1159 1306//1159 1307//1159
f 1307//1160 1306//1160 1308//1160
f 1307//1161 1308//1161 1309//1161
f 1309//1162 1308//1162 1310//1162
f 1309//1163 1310//1163 1311//1163
f 1311//1164 1310//1164 1312//1164
f 1311//1165 1312//1165 1313//1165
f 1313//1166 1312//1166 1314//1166
f 1313//1167 1314//1167 1315//1167
f 1315//1168 1314//1168 1316//1168
f 1315//1169 1316//1169 1317//1169
f 1317//1170 1316//1170 1318//1170
f 1317//1171 1318//1171 1319//1171
f 1319//1172 1318//1172 1320//1172
f 1319//1173 1320//1173 1321//1173
f 1321//1174 1320//1174 1322//1174
f 1321//1175 1322//1175 1323//1175
f 1323//1176 1322//1176 1324//1176
f 1323//1177 1324//1177 1325//1177
f 1325//1178 1324//1178 1326//1178
f 1325//1179 1326//1179 1327//1179
f 1327//1180 1326//1180 1328//1180
f 1327//1181 1328//1181 1329//1181
f 1329//1182 1328//1182 1330//1182
f 1329//1183 1330//1183 1331//1183
f 1332//1184 1333//1184 1334//1184
f 1334//1185 1333//1185 1335//1185
f 1334//1186 1335//1186 1336//1186
f 1336//1187 1335//1187 1337//1187
f 1336//1188 1337//1188 1338//1188
f 1338//1189 1337//1189 1339//1189
f 1338//1190 1339//1190 1340//1190
f 1340//1191 1339//1191 1341//1191
f 1340//1192 1341//1192 1342//1192
f 1342//1193 1341//1193 1343//1193
f 1342//1194 1343//1194 1344//1194
f 1344//1195 1343//1195 1345//1195
f 1344//1196 1345//1196 1346//1196
f 1346//1197 1345//1197 1347//1197
f 1346//1198 1347//1198 1348//1198
f 1348//1199 1347//1199 1349//1199
f 1348//1200 1349//1200 1350//1200
f 1350//1201 1349//1201 1351//1201
f 1350//1202 1351//1202 1352//1202
f 1352//1203 1351//1203 1353//1203
f 1352//1204 1353//1204 1354//1204
f 1354//1205 1353//1205 1355//1205
f 1354//1206 1355//1206 1356//1206
f 1356//1207 1355//1207 1357//1207
f 1356//1208 1357//1208 1358//1208
f 1358//1209 1357//1209 1359//1209
f 1358//1210 1359//1210 1360//1210
f 1360//1211 1359//1211 1361//1211
f 1360//1212 1361//1212 1362//1212
f 1362//1213 1361//1213 1363//1213
f 1362//1214 1363//1214 1364//1214
f 1364//1215 1363//1215 1365//1215
f 1364//1216 1365//1216 1366//1216
f 1366//1217 1365//1217 1367//1217
f 1366//1218 1367//1218 1368//1218
f 1368//1219 1367//1219 1369//1219
f 1368//1220 1369//1220 1370//1220
f 1370//1221 1369//1221 1371//1221
f 1370//1222 1371//1222 1372//1222
f 1372//1223 1371//1223 1373//1223
f 1372//1224 1373//1224 1374//1224
f 1374//1225 1373//1225 1375//1225
f 1374//1226 1375//1226 1376//1226
f 1376//1227 1375//1227 1377//1227
f 1376//1228 1377//1228 1378//1228
f 1378//1229 1377//1229 1379//1229
f 1378//1230 1379//1230 1380//1230
f 1380//1231 1379//1231 1381//1231
f 1380//1232 1381//1232 1382//1232
f 1382//1233 1381//1233 1383//1233
f 1382//1234 1383//1234 1384//1234
f 1385//1235 1386//1235 1387//1235
f 1387//1236 1386//1236 1388//1236
f 1387//1237 1388//1237 1389//1237
f 1389//1238 1388//1238 1390//1238
f 1389//1239 1390//1239 1391//1239
f 1391//1240 1390//1240 1392//1240
f 1391//1241 1392//1241 1393//1241
f 1393//1242 1392//1242 1394//1242
f 1393//1243 1394//1243 1395//1243
f 1395//1244 1394//1244 1396//1244
f 1395//1245 1396//1245 1397//1245
f 1397//1246 1396//1246 1398//1246
f 1397//1247 1398//1247 1399//1247
f 1399//1248 1398//1248 1400//1248
f 1399//1249 1400//1249 1401//1249
f 1401//1250 1400//1250 1402//1250
f 1401//1251 1402//1251 1403//1251
f 1403//1252 1402//1252 1404//1252
f 1403//1253 1404//1253 1405//1253
f 1405//1254 1404//1254 1406//1254
f 1405//1255 1406//1255 1407//1255
f 1407//1256 1406//1256 1408//1256
f 1407//1257 1408//1257 1409//1257
f 1409//1258 1408//1258 1410//1258
f 1409//1259 1410//1259 1411//1259
f 1411//1260 1410//1260 1412//1260
f 1411//1261 1412//1261 1413//1261
f 1413//1262 1412//1262 1414//1262
f 1413//1263 1414//1263 1415//1263
f 1415//1264 1414//1264 1416//1264
f 1415//1265 1416//1265 1417//1265
f 1417//1266 1416//1266 1418//1266
f 1417//1267 1418//1267 1419//1267
f 1419//1268 1418//1268 1420//1268
f 1419//1269 1420//1269 1421//1269
f 1421//1270 1420//1270 1422//1270
f 1421//1271 1422//1271 1423//1271
f 1423//1272 1422//1272 1424//1272
f 1423//1273 1424//1273 1425//1273
f 1425//1274 1424//1274 1426//1274
f 1425//1275 1426//1275 1427//1275
f 1427//1276 1426//1276 1428//1276
f 1427//1277 1428//1277 1429//1277
f 1429//1278 1428//1278 1430//1278
f 1429//1279 1430//1279 1431//1279
f 1431//1280 1430//1280 1432//1280
f 1431//1281 1432//1281 1433//1281
f 1433//1282 1432//1282 1434//1282
f 1433//1283 1434//1283 1435//1283
f 1435//1284 1434//1284 1436//1284
f 1435//1285 1436//1285 1437//1285
f 1437//1286 1436//1286 1438//1286
f 1437//1287 1438//1287 1439//1287
f 1439//1288 1438//1288 1440//1288
f 1439//1288 1440//1288 1441//1288
f 1441//1289 1440//1289 1442//1289
f 1441//1289 1442//1289 1443//1289
f 1443//1290 1442//1290 1444//1290
f 1443//1291 1444//1291 1445//1291
f 1445//1292 1444//1292 1446//1292
f 1445//1293 1446//1293 1447//1293
f 1448//1294 1449//1294 1450//1294
f 1450//1295 1449//1295 1451//1295
f 1450//1296 1451//1296 1452//1296
f 1452//1297 1451//1297 1453//1297
f 1452//1298 1453//1298 1454//1298
f 1454//1299 1453//1299 1455//1299
f 1454//1300 1455//1300 1456//1300
f 1456//1301 1455//1301 1457//1301
f 1456//1302 1457//1302 1458//1302
f 1458//1303 1457//1303 1459//1303
f 1458//1304 1459//1304 1460//1304
f 1460//1305 1459//1305 1461//1305
f 1460//1306 1461//1306 1462//1306
f 1462//1307 1461//1307 1463//1307
f 1462//1308 1463//1308 1464//1308
f 1464//1309 1463//1309 1465//1309
f 1464//1310 1465//1310 1466//1310
f 1466//1311 1465//1311 1467//1311
f 1466//1312 1467//1312 1468//1312
f 1468//1313 1467//1313 1469//1313
f 1468//1314 1469//1314 1470//1314
f 1470//1315 1469//1315 1471//1315
f 1470//1316 1471//1316 1472//1316
f 1472//1317 1471//1317 1473//1317
f 1472//1318 1473//1318 1474//1318
f 1474//1319 1473//1319 1475//1319
f 1474//1320 1475//1320 1476//1320
f 1476//1321 1475//1321 1477//1321
f 1476//1322 1477//1322 1478//1322
f 1478//1323 1477//1323 1479//1323
f 1478//1324 1479//1324 1480//1324
f 1480//1325 1479//1325 1481//1325
f 1480//1326 1481//1326 1482//1326
f 1482//1327 1481//1327 1483//1327
f 1482//1328 1483//1328 1484//1328
f 1484//1329 1483//1329 1485//1329
f 1484//1330 1485//1330 1486//1330
f 1486//1331 1485//1331 1487//1331
f 1486//1332 1487//1332 1488//1332
f 1488//1333 1487//1333 1489//1333
f 1488//1334 1489//1334 1490//1334
f 1490//1335 1489//1335 1491//1335
f 1490//1336 1491//1336 1492//1336
f 1492//1337 1491//1337 1493//1337
f 1492//1338 1493//1338 1494//1338
f 1494//1339 1493//1339 1495//1339
f 1494//1339 1495//1339 1496//1339
f 1496//1340 1495//1340 1497//1340
f 1496//1340 1497//1340 1498//1340
f 1498//1341 1497//1341 1499//1341
f 1498//1342 1499//1342 1500//1342
f 1500//1343 1499//1343 1501//1343
f 1500//1344 1501//1344 1502//1344
f 1502//1345 1501//1345 1503//1345
f 1502//1346 1503//1346 1504//1346
f 1505//1347 1506//1347 1507//1347
f 1507//1348 1506//1348 1508//1348
f 1507//1349 1508//1349 1509//1349
f 1509//1350 1508//1350 1510//1350
f 1509//1351 1510//1351 1511//1351
f 1511//1352 1510//1352 1512//1352
f 1511//1353 1512//1353 1513//1353
f 1513//1354 1512//1354 1514//1354
f 1513//1355 1514//1355 1515//1355
f 1515//1356 1514//1356 1516//1356
f 1515//1357 1516//1357 1517//1357
f 1517//1358 1516//1358 1518//1358
f 1517//1359 1518//1359 1519//1359
f 1519//1360 1518//1360 1520//1360
f 1519//1361 1520//1361 1521//1361
f 1521//1362 1520//1362 1522//1362
f 1521//1363 1522//1363 1523//1363
f 1523//1364 1522//1364 1524//1364
f 1523//1365 1524//1365 1525//1365
f 1525//1366 1524//1366 1526//1366
f 1525//1367 1526//1367 1527//1367
f 1527//1368 1526//1368 1528//1368
f 1527//1369 1528//1369 1529//1369
f 1529//1370 1528//1370 1530//1370
f 1529//1371 1530//1371 1531//1371
f 1531//1372 1530//1372 1532//1372
f 1531//1373 1532//1373 1533//1373
f 1533//1374 1532//1374 1534//1374
f 1533//1375 1534//1375 1535//1375
f 1535//1376 1534//1376 1536//1376
f 1535//1377 1536//1377 1537//1377
f 1537//1378 1536//1378 1538//1378
f 1537//1379 1538//1379 1539//1379
f 1539//1380 1538//1380 1540//1380
f 1539//1381 1540//1381 1541//1381
f 1541//1382 1540//1382 1542//1382
f 1541//1383 1542//1383 1543//1383
f 1543//1384 1542//1384 1544//1384
f 1543//1385 1544//1385 1545//1385
f 1545//1386 1544//1386 1546//1386
f 1545//1387 1546//1387 1547//1387
f 1547//1388 1546//1388 1548//1388
f 1547//1389 1548//1389 1549//1389
f 1549//1390 1548//1390 1550//1390
f 1549//1390 1550//1390 1551//1390
f 1551//1391 1550//1391 1552//1391
f 1551//1391 1552//1391 1553//1391
f 1553//1392 1552//1392 1554//1392
f 1553//1393 1554//1393 1555//1393
f 1555//1394 1554//1394 1556//1394
f 1555//1395 1556//1395 1557//1395
f 1557//1396 1556//1396 1558//1396
f 1557//1397 1558//1397 1559//1397
f 1559//1398 1558//1398 1560//1398
f 1559//1399 1560//1399 1561//1399
f 1562//1400 1563//1400 1564//1400
f 1564//1401 1563//1401 1565//1401
f 1564//1402 1565//1402 1566//1402
f 1566//1403 1565//1403 1567//1403
f 1566//1404 1567//1404 1568//1404
f 1568//1405 1567//1405 1569//1405
f 1568//1406 1569//1406 1570//1406
f 1570//1407 1569//1407 1571//1407
f 1570//1408 1571//1408 1572//1408
f 1572//1409 1571//1409 1573//1409
f 1572//1410 1573//1410 1574//1410
f 1574//1411 1573//1411 1575//1411
f 1574//1412 1575//1412 1576//1412
f 1576//1413 1575//1413 1577//1413
f 1576//1414 1577//1414 1578//1414
f 1578//1415 1577//1415 1579//1415
f 1578//1416 1579//1416 1580//1416
f 1580//1417 1579//1417 1581//1417
f 1580//1418 1581//1418 1582//1418
f 1582//1419 1581//1419 1583//1419
f 1582//1420 1583//1420 1584//1420
f 1584//1421 1583//1421 1585//1421
f 1584//1422 1585//1422 1586//1422
f 1586//1423 1585//1423 1587//1423
f 1586//1424 1587//1424 1588//1424
f 1588//1425 1587//1425 1589//1425
f 1588//1426 1589//1426 1590//1426
f 1567//1427 1591//1427 1569//1427
f 1569//1428 1591//1428 1592//1428
f 1569//1429 1592//1429 1571//1429
f 1571//1430 1592//1430 1593//1430
f 1571//1431 1593//1431 1573//1431
f 1573//1432 1593//1432 1594//1432
f 1573//1433 1594//1433 1575//1433
f 1575//1434 1594//1434 1595//1434
f 1575//1435 1595//1435 1577//1435
f 1577//1436 1595//1436 1596//1436
f 1577//1437 1596//1437 1579//1437
f 1579//1438 1596//1438 1597//1438
f 1579//1439 1597//1439 1581//1439
f 1581//1440 1597//1440 1598//1440
f 1581//1441 1598//1441 1583//1441
f 1583//1442 1598//1442 1599//1442
f 1583//1443 1599//1443 1585//1443
f 1585//1444 1599//1444 1600//1444
f 1585//1445 1600//1445 1587//1445
f 1587//1446 1600//1446 1601//1446
f 1587//1447 1601//1447 1602//1447
f 1602//1448 1601//1448 1603//1448
f 1602//1449 1603//1449 1587//1449
f 1587//1450 1603//1450 1589//1450
f 1591//1451 1604//1451 1592//1451
f 1592//1452 1604//1452 1605//1452
f 1592//1453 1605//1453 1593//1453
f 1593//1454 1605//1454 1606//1454
f 1593//1455 1606//1455 1594//1455
f 1594//1456 1606//1456 1607//1456
f 1594//1457 1607//1457 1595//1457
f 1595//1458 1607//1458 1608//1458
f 1595//1459 1608//1459 1596//1459
f 1596//1460 1608//1460 1609//1460
f 1596//1461 1609//1461 1597//1461
f 1597//1462 1609//1462 1610//1462
f 1597//1463 1610//1463 1598//1463
f 1598//1464 1610//1464 1611//1464
f 1598//1465 1611//1465 1599//1465
f 1599//1466 1611//1466 1612//1466
f 1599//1467 1612//1467 1600//1467
f 1600//1468 1612//1468 1613//1468
f 1600//1469 1613//1469 1614//1469
f 1614//1470 1613//1470 1615//1470
f 1614//1471 1615//1471 1601//1471
f 1604//1472 1616//1472 1605//1472
f 1605//1473 1616//1473 1617//1473
f 1605//1474 1617//1474 1606//1474
f 1606//1475 1617//1475 1618//1475
f 1606//1476 1618//1476 1607//1476
f 1607//1477 1618//1477 1619//1477
f 1607//1478 1619//1478 1608//1478
f 1608//1479 1619//1479 1620//1479
f 1608//1480 1620//1480 1609//1480
f 1609//1481 1620//1481 1621//1481
f 1609//1482 1621//1482 1610//1482
f 1610//1483 1621//1483 1622//1483
f 1610//1484 1622//1484 1611//1484
f 1611//1485 1622//1485 1623//1485
f 1611//1486 1623//1486 1612//1486
f 1612//1487 1623//1487 1624//1487
f 1612//1488 1624//1488 1613//1488
f 1613//1489 1624//1489 1625//1489
f 1613//1490 1625//1490 1626//1490
f 1617//1491 1616//1491 1627//1491
f 1627//1492 1616//1492 1628//1492
f 1627//1493 1628//1493 1629//1493
f 1629//1494 1628//1494 1630//1494
f 1629//1495 1630//1495 1631//1495
f 1631//1496 1630//1496 1632//1496
f 1631//1497 1632//1497 1633//1497
f 1633//1498 1632//1498 1634//1498
f 1633//1499 1634//1499 1635//1499
f 1635//1500 1634//1500 1636//1500
f 1635//1501 1636//1501 1637//1501
f 1637//1502 1636//1502 1638//1502
f 1637//1503 1638//1503 1639//1503
f 1639//1504 1638//1504 1640//1504
f 1639//1505 1640//1505 1641//1505
f 1641//1506 1640//1506 1642//1506
f 1641//1507 1642//1507 1643//1507
f 1643//1508 1642//1508 1644//1508
f 1643//1509 1644//1509 1645//1509
f 1630//1510 1646//1510 1632//1510
f 1632//1511 1646//1511 1647//1511
f 1632//1498 1647//1498 1634//1498
f 1634//1512 1647//1512 1648//1512
f 1634//1500 1648//1500 1636//1500
f 1636//1513 1648//1513 1648//1513
f 1636//1514 1648//1514 1638//1514
f 1638//1515 1648//1515 1649//1515
f 1638//1516 1649//1516 1640//1516
f 1640//1517 1649//1517 1650//1517
f 1640//1506 1650//1506 1642//1506
f 1642//1518 1650//1518 1651//1518
f 1642//1508 1651//1508 1644//1508
f 1646//1519 1652//1519 1647//1519
f 1647//1520 1652//1520 1653//1520
f 1647//1512 1653//1512 1648//1512
f 1648//1521 1653//1521 1653//1521
f 1648//1522 1653//1522 1648//1522
f 1648//1523 1653//1523 1654//1523
f 1648//1524 1654//1524 1649//1524
f 1649//1525 1654//1525 1655//1525
f 1649//1517 1655//1517 1650//1517
f 1650//1526 1655//1526 1656//1526
f 1650//1518 1656//1518 1651//1518
f 1653//1527 1652//1527 1653//1527
f 1653//1528 1652//1528 1657//1528
f 1653//1529 1657//1529 1654//1529
f 1654//1530 1657//1530 1658//1530
f 1654//1525 1658//1525 1655//1525
f 1655//1531 1658//1531 1659//1531
f 1655//1526 1659//1526 1656//1526
f 1657//1532 1660//1532 1658//1532
f 1658//1533 1660//1533 1661//1533
f 1658//1531 1661//1531 1659//1531
f 1660//1534 1662//1534 1661//1534
f 1663//1535 1664//1535 1665//1535
f 1665//1536 1664//1536 1666//1536
f 1665//1537 1666//1537 1667//1537
f 1667//1537 1666//1537 1668//1537
f 1667//1538 1668//1538 1669//1538
f 1664//1539 1670//1539 1666//1539
f 1666//1540 1670//1540 1671//1540
f 1666//1541 1671//1541 1672//1541
f 1672//1542 1671//1542 1673//1542
f 1672//1543 1673//1543 1674//1543
f 1674//1544 1673//1544 1675//1544
f 1674//1545 1675//1545 1676//1545
f 1676//1546 1675//1546 1677//1546
f 1676//1547 1677//1547 1678//1547
f 1671//1548 1679//1548 1673//1548
f 1673//1549 1679//1549 1675//1549
f 1680//1550 1681//1550 1678//1550
f 1678//1551 1681//1551 1682//1551
f 1678//1552 1682//1552 1676//1552
f 1676//1553 1682//1553 1674//1553
f 1681//1554 1680//1554 1683//1554
f 1683//1555 1680//1555 1684//1555
f 1683//1556 1684//1556 1685//1556
f 1683//1557 1685//1557 1686//1557
f 1686//1558 1685//1558 1687//1558
f 1686//1559 1687//1559 1688//1559
f 1688//1560 1687//1560 1689//1560
f 1688//1561 1689//1561 1690//1561
f 1691//1562 1692//1562 1690//1562
f 1690//1563 1692//1563 1693//1563
f 1690//1564 1693//1564 1688//1564
f 1688//1565 1693//1565 1694//1565
f 1688//1566 1694//1566 1695//1566
f 1695//1567 1694//1567 1696//1567
f 1695//1568 1696//1568 1697//1568
f 1697//1568 1696//1568 1698//1568
f 1697//1569 1698//1569 1699//1569
f 1692//1570 1691//1570 1700//1570
f 1700//1571 1691//1571 1701//1571
f 1700//1572 1701//1572 1702//1572
f 1702//1573 1701//1573 1703//1573
f 1702//1574 1703//1574 1704//1574
f 1705//1575 1706//1575 1704//1575
f 1704//1576 1706//1576 1707//1576
f 1704//1577 1707//1577 1702//1577
f 1702//1578 1707//1578 1708//1578
f 1702//1578 1708//1578 1700//1578
f 1700//1579 1708//1579 1709//1579
f 1700//1579 1709//1579 1710//1579
f 1710//1580 1709//1580 1711//1580
f 1710//1580 1711//1580 1712//1580
f 1712//1581 1711//1581 1713//1581
f 1712//1581 1713//1581 1714//1581
f 1714//1582 1713//1582 1715//1582
f 1714//1582 1715//1582 1716//1582
f 1716//1583 1715//1583 1717//1583
f 1716//1583 1717//1583 1718//1583
f 1718//1584 1717//1584 1719//1584
f 1706//1585 1705//1585 1720//1585
f 1720//1586 1705//1586 1721//1586
f 1720//1587 1721//1587 1722//1587
f 1720//1587 1722//1587 1723//1587
f 1723//1588 1722//1588 1724//1588
f 1723//1589 1724//1589 1725//1589
f 1725//1590 1724//1590 1726//1590
f 1727//1591 1728//1591 1729//1591
f 1730//1592 1731//1592 1732//1592
f 1732//1593 1731//1593 1733//1593
f 1732//1594 1733//1594 1734//1594
f 1734//1595 1733//1595 1735//1595
f 1734//1596 1735//1596 1736//1596
f 1736//1597 1735//1597 1737//1597
f 1736//1598 1737//1598 1738//1598
f 1738//1598 1737//1598 1739//1598
f 1738//1599 1739//1599 1740//1599
f 1735//1600 1741//1600 1737//1600
f 1737//1601 1741//1601 1742//1601
f 1737//1602 1742//1602 1739//1602
f 1743//1603 1744//1603 1745//1603
f 1745//1604 1744//1604 1746//1604
f 1747//1605 1748//1605 1749//1605
f 1749//1606 1748//1606 1750//1606
f 1751//1607 1752//1607 1753//1607
f 1753//1608 1752//1608 1754//1608
f 1753//1609 1754//1609 1755//1609
f 1755//1610 1754//1610 1756//1610
f 1756//1611 1754//1611 1757//1611
f 1756//1612 1757//1612 1758//1612
f 1758//1613 1757//1613 1759//1613
f 1758//1614 1759//1614 1760//1614
f 1760//1615 1759//1615 1761//1615
f 1760//1616 1761//1616 1762//1616
f 1762//1617 1761//1617 1763//1617
f 1762//1618 1763//1618 1764//1618
f 1764//1619 1763//1619 1765//1619
f 1764//1620 1765//1620 1766//1620
f 1766//1621 1765//1621 1767//1621
f 1767//1622 1765//1622 1768//1622
f 1767//1623 1768//1623 1769//1623
f 1769//1624 1768//1624 1770//1624
f 1769//1625 1770//1625 1771//1625
f 1771//1626 1770//1626 1772//1626
f 1771//1627 1772//1627 1773//1627
f 1773//1628 1772//1628 1774//1628
f 1774//1629 1772//1629 1775//1629
f 1774//1630 1775//1630 1776//1630
f 1776//1631 1775//1631 1777//1631
f 1776//1632 1777//1632 1778//1632
f 1778//1633 1777//1633 1779//1633
f 1778//1634 1779//1634 1780//1634
f 1780//1635 1779//1635 1781//1635
f 1780//1636 1781//1636 1782//1636
f 1782//1637 1781//1637 1783//1637
f 1783//1638 1781//1638 1784//1638
f 1783//1639 1784//1639 1785//1639
f 1785//1640 1784//1640 1786//1640
f 1787//1641 1788//1641 1789//1641
f 1789//1642 1788//1642 1790//1642
f 1789//1643 1790//1643 1791//1643
f 1791//1644 1790//1644 1792//1644
f 1791//1645 1792//1645 1793//1645
f 1793//1645 1792//1645 1794//1645
f 1793//1646 1794//1646 1795//1646
f 1795//1646 1794//1646 1796//1646
f 1795//1647 1796//1647 1797//1647
f 1797//1647 1796//1647 1798//1647
f 1797//1648 1798//1648 1799//1648
f 1799//1648 1798//1648 1800//1648
f 1799//1649 1800//1649 1801//1649
f 1801//1649 1800//1649 1802//1649
f 1801//1650 1802//1650 1803//1650
f 1803//1650 1802//1650 1804//1650
f 1803//1651 1804//1651 1805//1651
f 1788//1652 1806//1652 1790//1652
f 1790//1653 1806//1653 1807//1653
f 1790//1654 1807//1654 1792//1654
f 1792//1655 1807//1655 1808//1655
f 1792//1656 1808//1656 1794//1656
f 1794//1656 1808//1656 1809//1656
f 1794//1657 1809//1657 1796//1657
f 1796//1657 1809//1657 1810//1657
f 1796//1658 1810//1658 1798//1658
f 1798//1658 1810//1658 1811//1658
f 1798//1659 1811//1659 1800//1659
f 1800//1659 1811//1659 1812//1659
f 1800//1660 1812//1660 1802//1660
f 1802//1660 1812//1660 1813//1660
f 1802//1661 1813//1661 1804//1661
f 1806//1662 1814//1662 1807//1662
f 1807//1663 1814//1663 1815//1663
f 1807//1664 1815//1664 1816//1664
f 1816//1665 1815//1665 1817//1665
f 1816//1666 1817//1666 1818//1666
f 1818//1667 1817//1667 1819//1667
f 1818//1668 1819//1668 1820//1668
f 1820//1669 1819//1669 1821//1669
f 1820//1670 1821//1670 1822//1670
f 1822//1671 1821//1671 1823//1671
f 1822//1672 1823//1672 1824//1672
f 1815//1673 1825//1673 1817//1673
f 1817//1674 1825//1674 1826//1674
f 1817//1675 1826//1675 1819//1675
f 1819//1676 1826//1676 1827//1676
f 1819//1677 1827//1677 1828//1677
f 1828//1678 1827//1678 1829//1678
f 1828//1679 1829//1679 1830//1679
f 1830//1680 1829//1680 1831//1680
f 1832//1681 1833//1681 1834//1681
f 1834//1682 1833//1682 1835//1682
f 1834//1683 1835//1683 1836//1683
f 1836//1684 1835//1684 1837//1684
f 1836//1685 1837//1685 1838//1685
f 1838//1686 1837//1686 1839//1686
f 1838//1687 1839//1687 1840//1687
f 1840//1688 1839//1688 1841//1688
f 1840//1689 1841//1689 1842//1689
f 1842//1690 1841//1690 1843//1690
f 1842//1691 1843//1691 1844//1691
f 1844//1692 1843//1692 1845//1692
f 1844//1693 1845//1693 1846//1693
f 1846//1694 1845//1694 1847//1694
f 1846//1695 1847//1695 1848//1695
f 1848//1696 1847//1696 1849//1696
f 1833//1697 1850//1697 1835//1697
f 1835//1698 1850//1698 1851//1698
f 1835//1684 1851//1684 1837//1684
f 1837//1699 1851//1699 1852//1699
f 1837//1700 1852//1700 1839//1700
f 1839//1701 1852//1701 1853//1701
f 1839//1702 1853//1702 1841//1702
f 1841//1703 1853//1703 1854//1703
f 1841//1690 1854//1690 1843//1690
f 1843//1704 1854//1704 1855//1704
f 1843//1692 1855//1692 1845//1692
f 1845//1705 1855//1705 1856//1705
f 1845//1694 1856//1694 1847//1694
f 1847//1706 1856//1706 1857//1706
f 1847//1696 1857//1696 1849//1696
f 1849//1707 1857//1707 1858//1707
f 1851//1708 1850//1708 1859//1708
f 1859//1709 1850//1709 1860//1709
f 1859//1710 1860//1710 1861//1710
f 1862//1711 1863//1711 1864//1711
f 1865//1712 1866//1712 1867//1712
f 1867//1713 1866//1713 1868//1713
f 1869//1714 1870//1714 1871//1714
f 1871//1715 1870//1715 1872//1715
f 1873//1716 1874//1716 1875//1716
f 1875//1717 1874//1717 1876//1717
f 1876//1718 1874//1718 1877//1718
f 1878//1719 1874//1719 1879//1719
f 1879//1720 1874//1720 1880//1720
f 1880//1721 1874//1721 1881//1721
f 1881//1722 1874//1722 1882//1722
f 1882//1723 1874//1723 1883//1723
f 1883//1724 1874//1724 1884//1724
f 1884//1725 1874//1725 1885//1725
f 1885//1726 1874//1726 1886//1726
f 1886//1727 1874//1727 1887//1727
f 1887//1728 1874//1728 1888//1728
f 1888//1729 1874//1729 1889//1729
f 1890//1730 1874//1730 1891//1730
f 1891//1731 1874//1731 1892//1731
f 1892//1732 1874//1732 1893//1732
f 1893//1733 1874//1733 1894//1733
f 1895//1734 1874//1734 1896//1734
f 1896//1735 1874//1735 1897//1735
f 1897//1736 1874//1736 1898//1736
f 1898//1737 1874//1737 1899//1737
f 1899//1738 1874//1738 1900//1738
f 1900//1739 1874//1739 1901//1739
f 1901//1740 1902//1740 1903//1740
f 1904//1741 1902//1741 1905//1741
f 1905//1742 1902//1742 1906//1742
f 1906//1743 1902//1743 1907//1743
f 1907//1744 1902//1744 1908//1744
f 1908//1745 1902//1745 1909//1745
f 1909//1746 1902//1746 1910//1746
f 1910//1747 1902//1747 1911//1747
f 1911//1748 1902//1748 1912//1748
f 1912//1749 1902//1749 1913//1749
f 1913//1750 1902//1750 1914//1750
f 1915//1751 1902//1751 1916//1751
f 1916//1752 1902//1752 1917//1752
f 1918//1753 1902//1753 1919//1753
f 1919//1754 1902//1754 1920//1754
f 1921//1755 1922//1755 1923//1755
f 1923//1755 1922//1755 1924//1755
f 1923//1756 1924//1756 1925//1756
f 1925//1756 1924//1756 1926//1756
f 1925//1757 1926//1757 1927//1757
f 1927//1757 1926//1757 1928//1757
f 1927//1758 1928//1758 1929//1758
f 1930//1759 1921//1759 1931//1759
f 1931//1759 1921//1759 1923//1759
f 1931//1760 1923//1760 1932//1760
f 1932//1760 1923//1760 1925//1760
f 1932//1761 1925//1761 1933//1761
f 1933//1761 1925//1761 1927//1761
f 1933//1762 1927//1762 1934//1762
f 1934//1763 1927//1763 1929//1763
f 1934//1764 1929//1764 1935//1764
f 1936//1765 1937//1765 1938//1765
f 1936//1765 1938//1765 1939//1765
f 1939//1766 1938//1766 1940//1766
f 1941//1767 1942//1767 1943//1767
f 1943//1767 1942//1767 1944//1767
f 1943//1768 1944//1768 1945//1768
f 1945//1768 1944//1768 1946//1768
f 1945//1769 1946//1769 1947//1769
f 1942//1770 1948//1770 1944//1770
f 1944//1770 1948//1770 1949//1770
f 1944//1771 1949//1771 1946//1771
f 1942//1772 1941//1772 1950//1772
f 1950//1772 1941//1772 1951//1772
f 1950//1773 1951//1773 1952//1773
f 1952//1773 1951//1773 1953//1773
f 1952//1774 1953//1774 1954//1774
f 1954//1774 1953//1774 1955//1774
f 1954//1775 1955//1775 1956//1775
f 1956//1776 1955//1776 1957//1776
f 1956//1777 1957//1777 1958//1777
f 1958//1778 1957//1778 1959//1778
f 1958//1779 1959//1779 1960//1779
f 1960//1779 1959//1779 1961//1779
f 1960//1780 1961//1780 1962//1780
f 1962//1780 1961//1780 1963//1780
f 1962//1781 1963//1781 1964//1781
f 1964//1781 1963//1781 1965//1781
f 1964//1782 1965//1782 1966//1782
f 1966//1782 1965//1782 1967//1782
f 1966//1783 1967//1783 1968//1783
f 1968//1783 1967//1783 1969//1783
f 1968//1784 1969//1784 1970//1784
f 1970//1784 1969//1784 1971//1784
f 1970//1785 1971//1785 1972//1785
f 1972//1785 1971//1785 1973//1785
f 1972//1786 1973//1786 1974//1786
f 1974//1786 1973//1786 1975//1786
f 1974//1787 1975//1787 1976//1787
f 1976//1787 1975//1787 1977//1787
f 1976//1788 1977//1788 1978//1788
f 1978//1788 1977//1788 1979//1788
f 1978//1789 1979//1789 1980//1789
f 1981//1790 1982//1790 1983//1790
f 1983//1791 1982//1791 1984//1791
f 1983//1792 1984//1792 1985//1792
f 1985//1793 1984//1793 1986//1793
f 1985//1794 1986//1794 1987//1794
f 1987//1795 1986//1795 1988//1795
f 1987//1796 1988//1796 1989//1796
f 1989//1797 1988//1797 1990//1797
f 1989//1797 1990//1797 1991//1797
f 1991//1798 1990//1798 1992//1798
f 1991//1798 1992//1798 1993//1798
f 1993//1799 1992//1799 1994//1799
f 1993//1800 1994//1800 1995//1800
f 1995//1801 1994//1801 1996//1801
f 1995//1802 1996//1802 1997//1802
f 1997//1803 1996//1803 1998//1803
f 1997//1804 1998//1804 1999//1804
f 1999//1805 1998//1805 2000//1805
f 1999//1806 2000//1806 2001//1806
f 2001//1807 2000//1807 2002//1807
f 1982//1808 2003//1808 2004//1808
f 2004//1808 2003//1808 2005//1808
f 2004//1809 2005//1809 2006//1809
f 2006//1809 2005//1809 2007//1809
f 2006//1810 2007//1810 2008//1810
f 2008//1810 2007//1810 2009//1810
f 2008//1811 2009//1811 2010//1811
f 2010//1812 2009//1812 2011//1812
f 2010//1813 2011//1813 2012//1813
f 2012//1814 2011//1814 2013//1814
f 2012//1815 2013//1815 2014//1815
f 2014//1815 2013//1815 2015//1815
f 2014//1816 2015//1816 2016//1816
f 2016//1816 2015//1816 2017//1816
f 2016//1817 2017//1817 2018//1817
f 2018//1817 2017//1817 2019//1817
f 2018//1818 2019//1818 2020//1818
f 2020//1818 2019//1818 2021//1818
f 2020//1819 2021//1819 2022//1819
f 2022//1819 2021//1819 2023//1819
f 2022//1820 2023//1820 2024//1820
f 2024//1820 2023//1820 2025//1820
f 2024//1821 2025//1821 2026//1821
f 2026//1821 2025//1821 2027//1821
f 2026//1822 2027//1822 2028//1822
f 2028//1822 2027//1822 2029//1822
f 2028//1823 2029//1823 2030//1823
f 2030//1823 2029//1823 2031//1823
f 2030//1824 2031//1824 2032//1824
f 2032//1824 2031//1824 2033//1824
f 2032//1825 2033//1825 2034//1825
f 2034//1825 2033//1825 2035//1825
f 2034//1826 2035//1826 2036//1826
f 2037//1827 2038//1827 2039//1827
f 2039//1827 2038//1827 2040//1827
f 2039//1828 2040//1828 2041//1828
f 2041//1828 2040//1828 2042//1828
f 2041//1829 2042//1829 2043//1829
f 2043//1829 2042//1829 2044//1829
f 2043//1830 2044//1830 2045//1830
f 2038//1831 2046//1831 2040//1831
f 2040//1831 2046//1831 2047//1831
f 2040//1832 2047//1832 2042//1832
f 2042//1832 2047//1832 2048//1832
f 2042//1833 2048//1833 2044//1833
f 2037//1834 2049//1834 2038//1834
f 2038//1835 2049//1835 2050//1835
f 2038//1835 2050//1835 2046//1835
f 2046//1836 2050//1836 2051//1836
f 2046//1836 2051//1836 2052//1836
f 2052//1837 2051//1837 2053//1837
f 2052//1837 2053//1837 2054//1837
f 2046//1838 2052//1838 2047//1838
f 2047//1838 2052//1838 2055//1838
f 2047//1839 2055//1839 2048//1839
f 2052//1840 2054//1840 2055//1840
f 2056//1841 2057//1841 2058//1841
f 2058//1842 2057//1842 2059//1842
f 2058//1843 2059//1843 2060//1843
f 2061//1844 2062//1844 2063//1844
f 2063//1845 2062//1845 2064//1845
f 2063//1846 2064//1846 2065//1846
f 2065//1847 2064//1847 2066//1847
f 2065//1848 2066//1848 2067//1848
f 2067//1849 2066//1849 2068//1849
f 2067//1850 2068//1850 2069//1850
f 2069//1851 2068//1851 2070//1851
f 2069//1852 2070//1852 2071//1852
f 2071//1853 2070//1853 2072//1853
f 2064//1845 2062//1845 2073//1845
f 2074//1854 2075//1854 2076//1854
f 2064//1855 2073//1855 2077//1855
f 2077//1855 2073//1855 2078//1855
f 2077//1856 2078//1856 2079//1856
f 2079//1857 2078//1857 2080//1857
f 2079//1858 2080//1858 2081//1858
f 2081//1859 2080//1859 2082//1859
f 2081//1860 2082//1860 2083//1860
f 2064//1847 2077//1847 2066//1847
f 2066//1861 2077//1861 2084//1861
f 2066//1862 2084//1862 2068//1862
f 2068//1863 2084//1863 2085//1863
f 2068//1864 2085//1864 2070//1864
f 2070//1865 2085//1865 2086//1865
f 2070//1853 2086//1853 2072//1853
f 2072//1866 2086//1866 2087//1866
f 2084//1867 2077//1867 2079//1867
f 2084//1868 2079//1868 2088//1868
f 2088//1869 2079//1869 2081//1869
f 2088//1870 2081//1870 2089//1870
f 2089//1870 2081//1870 2083//1870
f 2089//1871 2083//1871 2090//1871
f 2084//1872 2088//1872 2085//1872
f 2085//1873 2088//1873 2091//1873
f 2085//1865 2091//1865 2086//1865
f 2086//1874 2091//1874 2092//1874
f 2086//1866 2092//1866 2087//1866
f 2087//1875 2092//1875 2093//1875
f 2091//1873 2088//1873 2089//1873
f 2094//1876 2069//1876 2071//1876
f 2095//1877 2096//1877 2097//1877
f 2097//1877 2096//1877 2098//1877
f 2097//1878 2098//1878 2099//1878
f 2099//1878 2098//1878 2100//1878
f 2099//1879 2100//1879 2101//1879
f 2101//1879 2100//1879 2102//1879
f 2101//1880 2102//1880 2103//1880
f 2103//1880 2102//1880 2104//1880
f 2103//1881 2104//1881 2105//1881
f 2105//1881 2104//1881 2106//1881
f 2105//1882 2106//1882 2107//1882
f 2107//1882 2106//1882 2108//1882
f 2107//1883 2108//1883 2109//1883
f 2109//1883 2108//1883 2110//1883
f 2109//1884 2110//1884 2111//1884
f 2111//1884 2110//1884 2112//1884
f 2111//1885 2112//1885 2113//1885
f 2114//1886 2115//1886 2116//1886
f 2116//1887 2115//1887 2097//1887
f 2116//1888 2097//1888 2117//1888
f 2117//1888 2097//1888 2099//1888
f 2117//1889 2099//1889 2118//1889
f 2118//1889 2099//1889 2101//1889
f 2118//1890 2101//1890 2119//1890
f 2119//1890 2101//1890 2103//1890
f 2119//1891 2103//1891 2120//1891
f 2120//1891 2103//1891 2105//1891
f 2120//1892 2105//1892 2121//1892
f 2121//1892 2105//1892 2107//1892
f 2121//1893 2107//1893 2122//1893
f 2122//1893 2107//1893 2109//1893
f 2122//1894 2109//1894 2123//1894
f 2123//1894 2109//1894 2111//1894
f 2123//1895 2111//1895 2124//1895
f 2124//1895 2111//1895 2113//1895
f 2124//1896 2113//1896 2125//1896
f 2126//1897 2114//1897 2127//1897
f 2127//1898 2114//1898 2116//1898
f 2127//1899 2116//1899 2128//1899
f 2128//1899 2116//1899 2117//1899
f 2128//1900 2117//1900 2129//1900
f 2129//1900 2117//1900 2118//1900
f 2129//1901 2118//1901 2130//1901
f 2130//1901 2118//1901 2119//1901
f 2130//1902 2119//1902 2131//1902
f 2131//1902 2119//1902 2120//1902
f 2131//1903 2120//1903 2132//1903
f 2132//1903 2120//1903 2121//1903
f 2132//1904 2121//1904 2133//1904
f 2133//1904 2121//1904 2122//1904
f 2133//1905 2122//1905 2134//1905
f 2134//1905 2122//1905 2123//1905
f 2134//1906 2123//1906 2135//1906
f 2135//1906 2123//1906 2124//1906
f 2135//1907 2124//1907 2136//1907
f 2136//1907 2124//1907 2125//1907
f 2136//1908 2125//1908 2137//1908
f 2138//1909 2139//1909 2140//1909
f 2140//1910 2139//1910 2141//1910
f 2140//1911 2141//1911 2142//1911
f 2142//1912 2141//1912 2143//1912
f 2142//1913 2143//1913 2144//1913
f 2144//1913 2143//1913 2145//1913
f 2144//1914 2145//1914 2146//1914
f 2146//1914 2145//1914 2147//1914
f 2146//1915 2147//1915 2148//1915
f 2139//1916 2149//1916 2141//1916
f 2141//1917 2149//1917 2150//1917
f 2141//1918 2150//1918 2143//1918
f 2143//1919 2150//1919 2151//1919
f 2143//1920 2151//1920 2145//1920
f 2145//1920 2151//1920 2152//1920
f 2145//1921 2152//1921 2147//1921
f 2139//1922 2138//1922 2153//1922
f 2153//1922 2138//1922 2154//1922
f 2153//1923 2154//1923 2155//1923
f 2155//1923 2154//1923 2156//1923
f 2155//1924 2156//1924 2157//1924
f 2157//1924 2156//1924 2158//1924
f 2157//1925 2158//1925 2159//1925
f 2159//1925 2158//1925 2160//1925
f 2159//1926 2160//1926 2161//1926
f 2161//1926 2160//1926 2162//1926
f 2161//1927 2162//1927 2163//1927
f 2163//1927 2162//1927 2164//1927
f 2163//1928 2164//1928 2165//1928
f 2165//1928 2164//1928 2166//1928
f 2165//1929 2166//1929 2167//1929
f 2167//1929 2166//1929 2168//1929
f 2167//1930 2168//1930 2169//1930
f 2169//1930 2168//1930 2170//1930
f 2169//1931 2170//1931 2171//1931
f 2171//1931 2170//1931 2172//1931
f 2171//1932 2172//1932 2173//1932
f 2173//1932 2172//1932 2174//1932
f 2173//1933 2174//1933 2175//1933
f 2175//1933 2174//1933 2176//1933
f 2175//1934 2176//1934 2177//1934
f 2178//1935 2179//1935 2180//1935
f 2180//1936 2179//1936 2181//1936
f 2180//1937 2181//1937 2182//1937
f 2182//1938 2181//1938 2183//1938
f 2182//1939 2183//1939 2184//1939
f 2178//1940 2185//1940 2186//1940
f 2186//1940 2185//1940 2187//1940
f 2186//1941 2187//1941 2188//1941
f 2188//1941 2187//1941 2189//1941
f 2188//1942 2189//1942 2190//1942
f 2190//1942 2189//1942 2191//1942
f 2190//1943 2191//1943 2192//1943
f 2192//1943 2191//1943 2193//1943
f 2192//1944 2193//1944 2194//1944
f 2194//1944 2193//1944 2195//1944
f 2194//1945 2195//1945 2196//1945
f 2196//1945 2195//1945 2197//1945
f 2196//1946 2197//1946 2198//1946
f 2198//1946 2197//1946 2199//1946
f 2198//1947 2199//1947 2200//1947
f 2200//1947 2199//1947 2201//1947
f 2200//1948 2201//1948 2202//1948
f 2202//1948 2201//1948 2203//1948
f 2202//1949 2203//1949 2204//1949
f 2204//1949 2203//1949 2205//1949
f 2204//1950 2205//1950 2206//1950
f 2206//1950 2205//1950 2207//1950
f 2206//1951 2207//1951 2208//1951
f 2208//1951 2207//1951 2209//1951
f 2208//1952 2209//1952 2210//1952
f 2210//1952 2209//1952 2211//1952
f 2210//1953 2211//1953 2212//1953
f 2213//1954 2214//1954 2215//1954
f 2215//1955 2214//1955 2216//1955
f 2215//1956 2216//1956 2217//1956
f 2213//1957 2218//1957 2219//1957
f 2219//1957 2218//1957 2220//1957
f 2219//1958 2220//1958 2221//1958
f 2221//1958 2220//1958 2222//1958
f 2221//1959 2222//1959 2223//1959
f 2223//1959 2222//1959 2224//1959
f 2223//1960 2224//1960 2225//1960
f 2225//1960 2224//1960 2226//1960
f 2225//1961 2226//1961 2227//1961
f 2227//1961 2226//1961 2228//1961
f 2227//1962 2228//1962 2229//1962
f 2229//1962 2228//1962 2230//1962
f 2229//1963 2230//1963 2231//1963
f 2231//1963 2230//1963 2232//1963
f 2231//1964 2232//1964 2233//1964
f 2233//1964 2232//1964 2234//1964
f 2233//1965 2234//1965 2235//1965
f 2235//1965 2234//1965 2236//1965
f 2235//1966 2236//1966 2237//1966
f 2237//1966 2236//1966 2238//1966
f 2237//1967 2238//1967 2239//1967
f 2239//1967 2238//1967 2240//1967
f 2239//1968 2240//1968 2241//1968
f 2241//1968 2240//1968 2242//1968
f 2241//1969 2242//1969 2243//1969
f 2243//1969 2242//1969 2244//1969
f 2243//1970 2244//1970 2245//1970
f 2245//1970 2244//1970 2246//1970
f 2245//1971 2246//1971 2247//1971
f 2248//1972 2249//1972 2250//1972
f 2250//1973 2249//1973 2251//1973
f 2250//1974 2251//1974 2252//1974
f 2252//1975 2251//1975 2253//1975
f 2252//1976 2253//1976 2254//1976
f 2254//1977 2253//1977 2255//1977
f 2254//1978 2255//1978 2256//1978
f 2256//1979 2255//1979 2257//1979
f 2256//1980 2257//1980 2258//1980
f 2258//1981 2257//1981 2259//1981
f 2258//1982 2259//1982 2260//1982
f 2260//1983 2259//1983 2261//1983
f 2249//1984 2262//1984 2263//1984
f 2263//1984 2262//1984 2264//1984
f 2263//1985 2264//1985 2265//1985
f 2265//1985 2264//1985 2266//1985
f 2265//1986 2266//1986 2267//1986
f 2267//1986 2266//1986 2268//1986
f 2267//1987 2268//1987 2269//1987
f 2269//1987 2268//1987 2270//1987
f 2269//1988 2270//1988 2271//1988
f 2271//1988 2270//1988 2272//1988
f 2271//1989 2272//1989 2273//1989
f 2273//1989 2272//1989 2274//1989
f 2273//1990 2274//1990 2275//1990
f 2275//1990 2274//1990 2276//1990
f 2275//1991 2276//1991 2277//1991
f 2277//1991 2276//1991 2278//1991
f 2277//1992 2278//1992 2279//1992
f 2279//1992 2278//1992 2280//1992
f 2279//1993 2280//1993 2281//1993
f 2281//1993 2280//1993 2282//1993
f 2281//1994 2282//1994 2283//1994
f 2283//1994 2282//1994 2284//1994
f 2283//1995 2284//1995 2285//1995
f 2285//1995 2284//1995 2286//1995
f 2285//1996 2286//1996 2287//1996
f 2287//1996 2286//1996 2288//1996
f 2287//1997 2288//1997 2289//1997
f 2289//1997 2288//1997 2290//1997
f 2289//1998 2290//1998 2291//1998
f 2291//1998 2290//1998 2292//1998
f 2291//1999 2292//1999 2293//1999
f 2294//2000 2295//2000 2296//2000
f 2296//2001 2295//2001 2297//2001
f 2298//2002 2299//2002 2300//2002
f 2301//2003 2302//2003 2303//2003
f 2304//2004 2305//2004 2306//2004
f 2306//2004 2305//2004 2307//2004
f 2306//2005 2307//2005 2308//2005
f 2309//2006 2310//2006 2311//2006
f 2311//2007 2310//2007 2312//2007
f 2311//2008 2312//2008 2313//2008
f 2313//2009 2312//2009 2314//2009
f 2313//2010 2314//2010 2315//2010
f 2315//2011 2314//2011 2316//2011
f 2315//2012 2316//2012 2317//2012
f 2317//2013 2316//2013 2318//2013
f 2317//2014 2318//2014 2319//2014
f 2319//2015 2318//2015 2320//2015
f 2319//2016 2320//2016 2321//2016
f 2321//2017 2320//2017 2322//2017
f 2312//2007 2310//2007 2323//2007
f 2324//2018 2325//2018 2326//2018
f 2326//2019 2325//2019 2327//2019
f 2326//2020 2327//2020 2328//2020
f 2328//2021 2327//2021 2329//2021
f 2328//2022 2329//2022 2330//2022
f 2330//2023 2329//2023 2331//2023
f 2330//2024 2331//2024 2332//2024
f 2332//2025 2331//2025 2333//2025
f 2332//2026 2333//2026 2334//2026
f 2334//2027 2333//2027 2335//2027
f 2334//2028 2335//2028 2336//2028
f 2336//2029 2335//2029 2337//2029
f 2336//2030 2337//2030 2338//2030
f 2338//2031 2337//2031 2339//2031
f 2338//2032 2339//2032 2340//2032
f 2340//2033 2339//2033 2341//2033
f 2340//2034 2341//2034 2342//2034
f 2342//2035 2341//2035 2343//2035
f 2342//2036 2343//2036 2344//2036
f 2344//2037 2343//2037 2345//2037
f 2344//2038 2345//2038 2346//2038
f 2346//2039 2345//2039 2347//2039
f 2346//2040 2347//2040 2348//2040
f 2348//2041 2347//2041 2349//2041
f 2348//2042 2349//2042 2350//2042
f 2350//2043 2349//2043 2351//2043
f 2350//2044 2351//2044 2352//2044
f 2352//2045 2351//2045 2353//2045
f 2352//2046 2353//2046 2354//2046
f 2354//2047 2353//2047 2355//2047
f 2354//2048 2355//2048 2356//2048
f 2356//2049 2355//2049 2357//2049
f 2356//2050 2357//2050 2358//2050
f 2358//2051 2357//2051 2359//2051
f 2358//2052 2359//2052 2360//2052
f 2360//2053 2359//2053 2361//2053
f 2360//2054 2361//2054 2362//2054
f 2362//2055 2361//2055 2363//2055
f 2362//2056 2363//2056 2364//2056
f 2364//2057 2363//2057 2365//2057
f 2364//2058 2365//2058 2366//2058
f 2366//2059 2365//2059 2367//2059
f 2366//2060 2367//2060 2368//2060
f 2368//2061 2367//2061 2369//2061
f 2368//2062 2369//2062 2370//2062
f 2370//2063 2369//2063 2371//2063
f 2370//2064 2371//2064 2372//2064
f 2372//2065 2371//2065 2373//2065
f 2372//2065 2373//2065 2374//2065
f 2374//2066 2373//2066 2375//2066
f 2374//2066 2375//2066 2376//2066
f 2376//2067 2375//2067 2377//2067
f 2378//2068 2379//2068 2380//2068
f 2380//2068 2379//2068 2381//2068
f 2380//2069 2381//2069 2382//2069
f 2383//2070 2384//2070 2379//2070
f 2379//2071 2384//2071 2381//2071
f 2383//2070 2379//2070 2385//2070
f 2385//2072 2379//2072 2378//2072
f 2386//2073 2387//2073 2388//2073
f 2388//2073 2387//2073 2389//2073
f 2388//2074 2389//2074 2390//2074
f 2390//2074 2389//2074 2391//2074
f 2390//2075 2391//2075 2392//2075
f 2392//2075 2391//2075 2393//2075
f 2392//2076 2393//2076 2394//2076
f 2394//2076 2393//2076 2395//2076
f 2394//2077 2395//2077 2396//2077
f 2396//2077 2395//2077 2397//2077
f 2396//2078 2397//2078 2398//2078
f 2398//2078 2397//2078 2399//2078
f 2398//2079 2399//2079 2400//2079
f 2400//2079 2399//2079 2401//2079
f 2400//2080 2401//2080 2402//2080
f 2402//2080 2401//2080 2403//2080
f 2402//2081 2403//2081 2404//2081
f 2404//2081 2403//2081 2405//2081
f 2404//2082 2405//2082 2406//2082
f 2406//2082 2405//2082 2407//2082
f 2406//2083 2407//2083 2408//2083
f 2408//2083 2407//2083 2409//2083
f 2408//2084 2409//2084 2410//2084
f 2410//2084 2409//2084 2411//2084
f 2410//2085 2411//2085 2412//2085
f 2412//2085 2411//2085 2413//2085
f 2412//2086 2413//2086 2414//2086
f 2414//2086 2413//2086 2415//2086
f 2414//2087 2415//2087 2416//2087
f 2417//2088 2418//2088 2419//2088
f 2419//2089 2418//2089 2420//2089
f 2419//2090 2420//2090 2421//2090
f 2421//2091 2420//2091 2422//2091
f 2421//2092 2422//2092 2423//2092
f 2423//2093 2422//2093 2424//2093
f 2423//2094 2424//2094 2425//2094
f 2425//2095 2424//2095 2426//2095
f 2425//2096 2426//2096 2427//2096
f 2427//2097 2426//2097 2428//2097
f 2420//2089 2418//2089 2429//2089
f 2430//2098 2431//2098 2432//2098
f 2432//2099 2431//2099 2433//2099
f 2432//2100 2433//2100 2434//2100
f 2434//2101 2433//2101 2435//2101
f 2434//2102 2435//2102 2436//2102
f 2436//2103 2435//2103 2437//2103
f 2436//2104 2437//2104 2438//2104
f 2438//2105 2437//2105 2439//2105
f 2438//2106 2439//2106 2440//2106
f 2440//2107 2439//2107 2441//2107
f 2440//2108 2441//2108 2442//2108
f 2442//2109 2441//2109 2443//2109
f 2442//2110 2443//2110 2444//2110
f 2444//2111 2443//2111 2445//2111
f 2444//2112 2445//2112 2446//2112
f 2446//2113 2445//2113 2447//2113
f 2446//2114 2447//2114 2448//2114
f 2448//2115 2447//2115 2449//2115
f 2448//2116 2449//2116 2450//2116
f 2450//2117 2449//2117 2451//2117
f 2450//2118 2451//2118 2452//2118
f 2452//2119 2451//2119 2453//2119
f 2452//2120 2453//2120 2454//2120
f 2454//2121 2453//2121 2455//2121
f 2454//2122 2455//2122 2456//2122
f 2456//2123 2455//2123 2457//2123
f 2456//2124 2457//2124 2458//2124
f 2458//2125 2457//2125 2459//2125
f 2458//2126 2459//2126 2460//2126
f 2460//2127 2459//2127 2461//2127
f 2460//2128 2461//2128 2462//2128
f 2462//2129 2461//2129 2463//2129
f 2462//2130 2463//2130 2464//2130
f 2464//2131 2463//2131 2465//2131
f 2464//2132 2465//2132 2466//2132
f 2466//2133 2465//2133 2467//2133
f 2466//2134 2467//2134 2468//2134
f 2468//2135 2467//2135 2469//2135
f 2468//2136 2469//2136 2470//2136
f 2470//2137 2469//2137 2471//2137
f 2470//2138 2471//2138 2472//2138
f 2472//2139 2471//2139 2473//2139
f 2472//2140 2473//2140 2474//2140
f 2474//2141 2473//2141 2475//2141
f 2474//2142 2475//2142 2476//2142
f 2476//2143 2475//2143 2477//2143
f 2476//2144 2477//2144 2478//2144
f 2478//2145 2477//2145 2479//2145
f 2478//2146 2479//2146 2480//2146
f 2480//2147 2479//2147 2481//2147
f 2480//2148 2481//2148 2482//2148
f 2482//2149 2481//2149 2483//2149
f 2484//2150 2485//2150 2486//2150
f 2487//2151 2488//2151 2489//2151
f 2489//2151 2488//2151 2490//2151
f 2489//2152 2490//2152 2491//2152
f 2491//2152 2490//2152 2492//2152
f 2491//2153 2492//2153 2493//2153
f 2493//2153 2492//2153 2494//2153
f 2493//2154 2494//2154 2495//2154
f 2495//2154 2494//2154 2496//2154
f 2495//2155 2496//2155 2497//2155
f 2497//2155 2496//2155 2498//2155
f 2497//2156 2498//2156 2499//2156
f 2499//2156 2498//2156 2500//2156
f 2499//2157 2500//2157 2501//2157
f 2501//2157 2500//2157 2502//2157
f 2501//2158 2502//2158 2503//2158
f 2503//2158 2502//2158 2504//2158
f 2503//2159 2504//2159 2505//2159
f 2505//2159 2504//2159 2506//2159
f 2505//2160 2506//2160 2507//2160
f 2507//2160 2506//2160 2508//2160
f 2507//2161 2508//2161 2509//2161
f 2509//2161 2508//2161 2510//2161
f 2509//2162 2510//2162 2511//2162
f 2511//2162 2510//2162 2512//2162
f 2511//2163 2512//2163 2513//2163
f 2513//2163 2512//2163 2514//2163
f 2513//2164 2514//2164 2515//2164
f 2516//2165 2517//2165 2518//2165
f 2518//2166 2517//2166 2519//2166
f 2518//2167 2519//2167 2520//2167
f 2520//2168 2519//2168 2521//2168
f 2520//2169 2521//2169 2522//2169
f 2522//2170 2521//2170 2523//2170
f 2522//2171 2523//2171 2524//2171
f 2524//2172 2523//2172 2525//2172
f 2524//2173 2525//2173 2526//2173
f 2526//2174 2525//2174 2527//2174
f 2526//2175 2527//2175 2528//2175
f 2528//2176 2527//2176 2529//2176
f 2528//2177 2529//2177 2530//2177
f 2530//2178 2529//2178 2531//2178
f 2530//2179 2531//2179 2532//2179
f 2532//2180 2531//2180 2533//2180
f 2532//2181 2533//2181 2534//2181
f 2534//2182 2533//2182 2535//2182
f 2534//2183 2535//2183 2536//2183
f 2536//2184 2535//2184 2537//2184
f 2536//2185 2537//2185 2538//2185
f 2538//2186 2537//2186 2539//2186
f 2538//2187 2539//2187 2540//2187
f 2540//2188 2539//2188 2541//2188
f 2540//2189 2541//2189 2542//2189
f 2542//2190 2541//2190 2543//2190
f 2542//2191 2543//2191 2544//2191
f 2544//2192 2543//2192 2545//2192
f 2544//2193 2545//2193 2546//2193
f 2546//2194 2545//2194 2547//2194
f 2546//2195 2547//2195 2548//2195
f 2548//2196 2547//2196 2549//2196
f 2548//2197 2549//2197 2550//2197
f 2550//2198 2549//2198 2551//2198
f 2550//2199 2551//2199 2552//2199
f 2552//2200 2551//2200 2553//2200
f 2552//2201 2553//2201 2554//2201
f 2554//2202 2553//2202 2555//2202
f 2554//2203 2555//2203 2556//2203
f 2556//2204 2555//2204 2557//2204
f 2556//2205 2557//2205 2558//2205
f 2558//2206 2557//2206 2559//2206
f 2558//2207 2559//2207 2560//2207
f 2560//2208 2559//2208 2561//2208
f 2560//2209 2561//2209 2562//2209
f 2562//2210 2561//2210 2563//2210
f 2562//2211 2563//2211 2564//2211
f 2564//2212 2563//2212 2565//2212
f 2564//2213 2565//2213 2566//2213
f 2566//2214 2565//2214 2567//2214
f 2566//2215 2567//2215 2568//2215
f 2568//2216 2567//2216 2569//2216
f 2570//2217 2571//2217 2572//2217
f 2572//2218 2571//2218 2573//2218
f 2572//2219 2573//2219 2574//2219
f 2574//2220 2573//2220 2575//2220
f 2574//2221 2575//2221 2576//2221
f 2576//2222 2575//2222 2577//2222
f 2576//2223 2577//2223 2578//2223
f 2578//2224 2577//2224 2579//2224
f 2573//2218 2571//2218 2580//2218
f 2573//2225 2580//2225 2581//2225
f 2581//2225 2580//2225 2582//2225
f 2581//2226 2582//2226 2583//2226
f 2583//2226 2582//2226 2584//2226
f 2583//2227 2584//2227 2585//2227
f 2585//2227 2584//2227 2586//2227
f 2585//2228 2586//2228 2587//2228
f 2587//2228 2586//2228 2588//2228
f 2587//2229 2588//2229 2589//2229
f 2589//2229 2588//2229 2590//2229
f 2589//2230 2590//2230 2591//2230
f 2591//2230 2590//2230 2592//2230
f 2591//2231 2592//2231 2593//2231
f 2593//2231 2592//2231 2594//2231
f 2593//2232 2594//2232 2595//2232
f 2595//2232 2594//2232 2596//2232
f 2595//2233 2596//2233 2597//2233
f 2597//2233 2596//2233 2598//2233
f 2597//2234 2598//2234 2599//2234
f 2599//2234 2598//2234 2600//2234
f 2599//2235 2600//2235 2601//2235
f 2601//2235 2600//2235 2602//2235
f 2601//2236 2602//2236 2603//2236
f 2603//2236 2602//2236 2604//2236
f 2603//2237 2604//2237 2605//2237
f 2606//2238 2581//2238 2607//2238
f 2607//2239 2581//2239 2608//2239
f 2607//2240 2608//2240 2609//2240
f 2609//2241 2608//2241 2610//2241
f 2609//2242 2610//2242 2611//2242
f 2611//2243 2610//2243 2612//2243
f 2608//2239 2613//2239 2614//2239
f 2608//2244 2614//2244 2615//2244
f 2615//2244 2614//2244 2616//2244
f 2615//2245 2616//2245 2617//2245
f 2617//2245 2616//2245 2618//2245
f 2617//2246 2618//2246 2619//2246
f 2619//2246 2618//2246 2620//2246
f 2619//2247 2620//2247 2621//2247
f 2621//2247 2620//2247 2622//2247
f 2621//2248 2622//2248 2623//2248
f 2623//2248 2622//2248 2624//2248
f 2623//2249 2624//2249 2625//2249
f 2625//2249 2624//2249 2626//2249
f 2625//2250 2626//2250 2627//2250
f 2627//2250 2626//2250 2628//2250
f 2627//2251 2628//2251 2629//2251
f 2629//2251 2628//2251 2630//2251
f 2629//2252 2630//2252 2631//2252
f 2631//2252 2630//2252 2632//2252
f 2631//2253 2632//2253 2633//2253
f 2633//2253 2632//2253 2634//2253
f 2633//2254 2634//2254 2635//2254
f 2635//2254 2634//2254 2636//2254
f 2635//2255 2636//2255 2637//2255
f 2638//2256 2639//2256 2640//2256
f 2640//2257 2639//2257 2641//2257
f 2640//2258 2641//2258 2642//2258
f 2642//2259 2641//2259 2643//2259
f 2642//2260 2643//2260 2644//2260
f 2644//2261 2643//2261 2645//2261
f 2644//2262 2645//2262 2646//2262
f 2646//2263 2645//2263 2647//2263
f 2646//2264 2647//2264 2648//2264
f 2648//2265 2647//2265 2649//2265
f 2648//2266 2649//2266 2650//2266
f 2650//2267 2649//2267 2651//2267
f 2650//2268 2651//2268 2652//2268
f 2652//2269 2651//2269 2653//2269
f 2652//2270 2653//2270 2654//2270
f 2654//2271 2653//2271 2655//2271
f 2654//2272 2655//2272 2656//2272
f 2656//2273 2655//2273 2657//2273
f 2658//2274 2659//2274 2660//2274
f 2660//2274 2659//2274 2661//2274
f 2660//2275 2661//2275 2662//2275
f 2663//2276 2664//2276 2659//2276
f 2659//2277 2664//2277 2661//2277
f 2659//2278 2658//2278 2665//2278
f 2665//2278 2658//2278 2666//2278
f 2665//2279 2666//2279 2667//2279
f 2667//2279 2666//2279 2668//2279
f 2667//2280 2668//2280 2669//2280
f 2669//2280 2668//2280 2670//2280
f 2669//2281 2670//2281 2671//2281
f 2671//2281 2670//2281 2672//2281
f 2671//2282 2672//2282 2673//2282
f 2673//2282 2672//2282 2674//2282
f 2673//2283 2674//2283 2675//2283
f 2675//2283 2674//2283 2676//2283
f 2675//2284 2676//2284 2677//2284
f 2677//2284 2676//2284 2678//2284
f 2677//2285 2678//2285 2679//2285
f 2679//2285 2678//2285 2680//2285
f 2679//2286 2680//2286 2681//2286
f 2681//2286 2680//2286 2682//2286
f 2681//2287 2682//2287 2683//2287
f 2683//2287 2682//2287 2684//2287
f 2683//2288 2684//2288 2685//2288
f 2686//2289 2687//2289 2688//2289
f 2688//2290 2687//2290 2689//2290
f 2688//2291 2689//2291 2690//2291
f 2690//2292 2689//2292 2691//2292
f 2690//2293 2691//2293 2692//2293
f 2692//2294 2691//2294 2693//2294
f 2692//2295 2693//2295 2694//2295
f 2694//2296 2693//2296 2695//2296
f 2694//2297 2695//2297 2696//2297
f 2696//2298 2695//2298 2697//2298
f 2696//2299 2697//2299 2698//2299
f 2698//2300 2697//2300 2699//2300
f 2698//2301 2699//2301 2700//2301
f 2700//2302 2699//2302 2701//2302
f 2700//2303 2701//2303 2702//2303
f 2702//2304 2701//2304 2703//2304
f 2702//2305 2703//2305 2704//2305
f 2704//2306 2703//2306 2705//2306
f 2706//2307 2707//2307 2708//2307
f 2708//2308 2707//2308 2709//2308
f 2706//2307 2708//2307 2710//2307
f 2711//2309 2712//2309 2689//2309
f 2689//2310 2712//2310 2691//2310
f 2693//2311 2691//2311 2713//2311
f 2713//2312 2691//2312 2712//2312
f 2706//2313 2710//2313 2714//2313
f 2714//2313 2710//2313 2715//2313
f 2714//2314 2715//2314 2716//2314
f 2716//2314 2715//2314 2717//2314
f 2716//2315 2717//2315 2718//2315
f 2718//2315 2717//2315 2719//2315
f 2718//2316 2719//2316 2720//2316
f 2720//2316 2719//2316 2721//2316
f 2720//2317 2721//2317 2722//2317
f 2722//2317 2721//2317 2723//2317
f 2722//2318 2723//2318 2724//2318
f 2724//2318 2723//2318 2725//2318
f 2724//2319 2725//2319 2726//2319
f 2726//2319 2725//2319 2727//2319
f 2726//2320 2727//2320 2728//2320
f 2728//2320 2727//2320 2729//2320
f 2728//2321 2729//2321 2730//2321
f 2730//2321 2729//2321 2731//2321
f 2730//2322 2731//2322 2732//2322
f 2733//2323 2711//2323 2734//2323
f 2735//2324 2736//2324 2737//2324
f 2737//2325 2736//2325 2713//2325
f 2738//2326 2716//2326 2718//2326
f 2739//2327 2735//2327 2740//2327
f 2740//2328 2735//2328 2737//2328
f 2741//2329 2742//2329 2743//2329
f 2743//2329 2742//2329 2744//2329
f 2743//2330 2744//2330 2745//2330
f 2744//2331 2742//2331 2746//2331
f 2746//2332 2742//2332 2747//2332
f 2746//2333 2747//2333 2748//2333
f 2748//2334 2747//2334 2749//2334
f 2748//2335 2749//2335 2750//2335
f 2750//2336 2749//2336 2751//2336
f 2750//2337 2751//2337 2752//2337
f 2752//2338 2751//2338 2753//2338
f 2752//2339 2753//2339 2754//2339
f 2754//2340 2753//2340 2755//2340
f 2754//2341 2755//2341 2756//2341
f 2756//2342 2755//2342 2757//2342
f 2742//2343 2741//2343 2758//2343
f 2758//2343 2741//2343 2759//2343
f 2758//2344 2759//2344 2760//2344
f 2760//2344 2759//2344 2761//2344
f 2760//2345 2761//2345 2762//2345
f 2739//2346 2740//2346 2763//2346
f 2739//2347 2763//2347 2764//2347
f 2764//2348 2763//2348 2765//2348
f 2764//2349 2765//2349 2766//2349
f 2766//2350 2765//2350 2767//2350
f 2766//2351 2767//2351 2768//2351
f 2768//2352 2767//2352 2769//2352
f 2768//2353 2769//2353 2770//2353
f 2770//2354 2769//2354 2771//2354
f 2772//2355 2758//2355 2747//2355
f 2747//2356 2758//2356 2773//2356
f 2747//2357 2773//2357 2749//2357
f 2749//2358 2773//2358 2774//2358
f 2749//2359 2774//2359 2751//2359
f 2751//2360 2774//2360 2775//2360
f 2751//2361 2775//2361 2753//2361
f 2753//2362 2775//2362 2776//2362
f 2753//2363 2776//2363 2755//2363
f 2755//2364 2776//2364 2777//2364
f 2755//2365 2777//2365 2757//2365
f 2757//2366 2777//2366 2778//2366
f 2773//2356 2758//2356 2760//2356
f 2773//2367 2760//2367 2779//2367
f 2779//2367 2760//2367 2762//2367
f 2779//2368 2762//2368 2780//2368
f 2773//2358 2779//2358 2774//2358
f 2774//2369 2779//2369 2781//2369
f 2774//2360 2781//2360 2775//2360
f 2775//2370 2781//2370 2782//2370
f 2775//2371 2782//2371 2776//2371
f 2776//2372 2782//2372 2783//2372
f 2776//2373 2783//2373 2777//2373
f 2777//2374 2783//2374 2784//2374
f 2777//2366 2784//2366 2778//2366
f 2778//2375 2784//2375 2785//2375
f 2781//2369 2779//2369 2780//2369
f 2786//2376 2787//2376 2788//2376
f 2782//2377 2781//2377 2789//2377
f 2789//2378 2781//2378 2780//2378
f 2782//2379 2789//2379 2790//2379
f 2782//2380 2790//2380 2783//2380
f 2783//2381 2790//2381 2791//2381
f 2783//2374 2791//2374 2784//2374
f 2784//2382 2791//2382 2792//2382
f 2784//2375 2792//2375 2785//2375
f 2785//2383 2792//2383 2793//2383
f 2794//2384 2795//2384 2796//2384
f 2796//2385 2795//2385 2797//2385
f 2796//2386 2797//2386 2798//2386
f 2798//2387 2797//2387 2799//2387
f 2798//2388 2799//2388 2800//2388
f 2800//2389 2799//2389 2801//2389
f 2800//2390 2801//2390 2802//2390
f 2802//2391 2801//2391 2803//2391
f 2802//2392 2803//2392 2804//2392
f 2804//2393 2803//2393 2805//2393
f 2804//2394 2805//2394 2806//2394
f 2806//2395 2805//2395 2807//2395
f 2806//2396 2807//2396 2808//2396
f 2808//2397 2807//2397 2809//2397
f 2808//2398 2809//2398 2810//2398
f 2810//2399 2809//2399 2811//2399
f 2810//2400 2811//2400 2812//2400
f 2812//2401 2811//2401 2813//2401
f 2812//2402 2813//2402 2814//2402
f 2814//2403 2813//2403 2815//2403
f 2814//2404 2815//2404 2816//2404
f 2816//2405 2815//2405 2817//2405
f 2816//2406 2817//2406 2818//2406
f 2818//2407 2817//2407 2819//2407
f 2818//2408 2819//2408 2820//2408
f 2820//2409 2819//2409 2821//2409
f 2820//2410 2821//2410 2822//2410
f 2822//2411 2821//2411 2823//2411
f 2822//2412 2823//2412 2824//2412
f 2824//2413 2823//2413 2825//2413
f 2824//2414 2825//2414 2826//2414
f 2826//2415 2825//2415 2827//2415
f 2826//2416 2827//2416 2828//2416
f 2828//2417 2827//2417 2829//2417
f 2828//2418 2829//2418 2830//2418
f 2830//2419 2829//2419 2831//2419
f 2830//2420 2831//2420 2832//2420
f 2832//2421 2831//2421 2833//2421
f 2832//2422 2833//2422 2834//2422
f 2834//2423 2833//2423 2835//2423
f 2834//2424 2835//2424 2836//2424
f 2836//2425 2835//2425 2837//2425
f 2836//2426 2837//2426 2838//2426
f 2838//2427 2837//2427 2839//2427
f 2838//2428 2839//2428 2840//2428
f 2840//2429 2839//2429 2841//2429
f 2840//2430 2841//2430 2842//2430
f 2842//2431 2841//2431 2843//2431
f 2844//2432 2845//2432 2846//2432
f 2846//2433 2845//2433 2847//2433
f 2846//2434 2847//2434 2848//2434
f 2848//2435 2847//2435 2849//2435
f 2848//2436 2849//2436 2850//2436
f 2850//2437 2849//2437 2851//2437
f 2850//2438 2851//2438 2852//2438
f 2852//2439 2851//2439 2853//2439
f 2852//2440 2853//2440 2854//2440
f 2854//2441 2853//2441 2855//2441
f 2854//2442 2855//2442 2856//2442
f 2856//2443 2855//2443 2857//2443
f 2856//2444 2857//2444 2858//2444
f 2858//2445 2857//2445 2859//2445
f 2858//2446 2859//2446 2860//2446
f 2860//2447 2859//2447 2861//2447
f 2860//2448 2861//2448 2862//2448
f 2862//2449 2861//2449 2863//2449
f 2862//2450 2863//2450 2864//2450
f 2864//2451 2863//2451 2865//2451
f 2864//2452 2865//2452 2866//2452
f 2866//2453 2865//2453 2867//2453
f 2866//2454 2867//2454 2868//2454
f 2868//2455 2867//2455 2869//2455
f 2868//2456 2869//2456 2870//2456
f 2870//2457 2869//2457 2871//2457
f 2870//2458 2871//2458 2872//2458
f 2872//2459 2871//2459 2873//2459
f 2872//2460 2873//2460 2874//2460
f 2874//2461 2873//2461 2875//2461
f 2874//2462 2875//2462 2876//2462
f 2876//2463 2875//2463 2877//2463
f 2876//2464 2877//2464 2878//2464
f 2878//2465 2877//2465 2879//2465
f 2878//2466 2879//2466 2880//2466
f 2880//2467 2879//2467 2881//2467
f 2880//2468 2881//2468 2882//2468
f 2882//2469 2881//2469 2883//2469
f 2882//2470 2883//2470 2884//2470
f 2884//2471 2883//2471 2885//2471
f 2884//2472 2885//2472 2886//2472
f 2886//2473 2885//2473 2887//2473
f 2886//2474 2887//2474 2888//2474
f 2888//2475 2887//2475 2889//2475
f 2888//2476 2889//2476 2890//2476
f 2890//2477 2889//2477 2891//2477
f 2890//2478 2891//2478 2892//2478
f 2892//2479 2891//2479 2893//2479
f 2894//2480 2895//2480 2896//2480
f 2896//2481 2895//2481 2897//2481
f 2898//2482 2897//2482 2899//2482
f 2899//2483 2897//2483 2895//2483
f 2900//2484 2901//2484 2902//2484
f 2903//2485 2904//2485 2905//2485
f 2905//2486 2904//2486 2906//2486
f 2905//2486 2906//2486 2907//2486
f 2907//2487 2906//2487 2908//2487
f 2907//2487 2908//2487 2909//2487
f 2909//2488 2908//2488 2910//2488
f 2909//2488 2910//2488 2911//2488
f 2911//2489 2910//2489 2912//2489
f 2911//2489 2912//2489 2913//2489
f 2913//2490 2912//2490 2914//2490
f 2913//2490 2914//2490 2915//2490
f 2915//2491 2914//2491 2916//2491
f 2915//2491 2916//2491 2917//2491
f 2917//2492 2916//2492 2918//2492
f 2917//2492 2918//2492 2919//2492
f 2919//2493 2918//2493 2920//2493
f 2919//2493 2920//2493 2921//2493
f 2921//2494 2920//2494 2922//2494
f 2921//2494 2922//2494 2923//2494
f 2923//2495 2922//2495 2924//2495
f 2923//2495 2924//2495 2925//2495
f 2925//2496 2924//2496 2926//2496
f 2927//2497 2928//2497 2929//2497
f 2929//2498 2928//2498 2930//2498
f 2929//2498 2930//2498 2931//2498
f 2931//2499 2930//2499 2932//2499
f 2931//2499 2932//2499 2933//2499
f 2933//2500 2932//2500 2934//2500
f 2933//2500 2934//2500 2935//2500
f 2935//2501 2934//2501 2936//2501
f 2935//2501 2936//2501 2937//2501
f 2938//2502 2939//2502 2940//2502
f 2941//2503 2942//2503 2943//2503
f 2943//2504 2942//2504 2944//2504
f 2945//2505 2946//2505 2947//2505
f 2947//2506 2946//2506 2948//2506
f 2947//2506 2948//2506 2949//2506
f 2949//2507 2948//2507 2950//2507
f 2949//2507 2950//2507 2951//2507
f 2951//2508 2950//2508 2952//2508
f 2951//2508 2952//2508 2953//2508
f 2953//2509 2952//2509 2954//2509
f 2953//2509 2954//2509 2955//2509
f 2955//2510 2954//2510 2956//2510
f 2955//2510 2956//2510 2957//2510
f 2957//2511 2956//2511 2958//2511
f 2957//2511 2958//2511 2959//2511
f 2959//2512 2958//2512 2960//2512
f 2959//2512 2960//2512 2961//2512
f 2961//2513 2960//2513 2962//2513
f 2961//2513 2962//2513 2963//2513
f 2963//2514 2962//2514 2964//2514
f 2963//2514 2964//2514 2965//2514
f 2965//2515 2964//2515 2966//2515
f 2965//2515 2966//2515 2967//2515
f 2967//2516 2966//2516 2968//2516
f 2969//2517 2970//2517 2971//2517
f 2971//2518 2970//2518 2972//2518
f 2946//2519 2973//2519 2948//2519
f 2948//2520 2973//2520 2974//2520
f 2948//2520 2974//2520 2950//2520
f 2950//2521 2974//2521 2975//2521
f 2950//2521 2975//2521 2952//2521
f 2952//2522 2975//2522 2976//2522
f 2952//2522 2976//2522 2954//2522
f 2954//2523 2976//2523 2977//2523
f 2954//2523 2977//2523 2956//2523
f 2956//2524 2977//2524 2978//2524
f 2956//2524 2978//2524 2958//2524
f 2958//2525 2978//2525 2979//2525
f 2958//2525 2979//2525 2960//2525
f 2960//2526 2979//2526 2980//2526
f 2960//2526 2980//2526 2962//2526
f 2962//2527 2980//2527 2981//2527
f 2962//2527 2981//2527 2964//2527
f 2964//2528 2981//2528 2982//2528
f 2964//2528 2982//2528 2966//2528
f 2966//2529 2982//2529 2983//2529
f 2966//2529 2983//2529 2968//2529
f 2968//2530 2983//2530 2984//2530
f 2985//2531 2986//2531 2987//2531
f 2987//2531 2986//2531 2988//2531
f 2987//2532 2988//2532 2989//2532
f 2988//2533 2986//2533 2990//2533
f 2990//2534 2986//2534 2991//2534
f 2990//2535 2991//2535 2992//2535
f 2992//2536 2991//2536 2993//2536
f 2992//2537 2993//2537 2994//2537
f 2994//2538 2993//2538 2995//2538
f 2994//2539 2995//2539 2996//2539
f 2996//2540 2995//2540 2997//2540
f 2996//2541 2997//2541 2998//2541
f 2998//2542 2997//2542 2999//2542
f 2998//2543 2999//2543 3000//2543
f 3000//2544 2999//2544 3001//2544
f 3000//2545 3001//2545 3002//2545
f 3002//2546 3001//2546 3003//2546
f 3002//2547 3003//2547 3004//2547
f 3004//2548 3003//2548 3005//2548
f 3004//2549 3005//2549 3006//2549
f 3006//2550 3005//2550 3007//2550
f 3006//2551 3007//2551 3008//2551
f 3008//2552 3007//2552 3009//2552
f 3008//2553 3009//2553 3010//2553
f 3010//2554 3009//2554 3011//2554
f 3010//2555 3011//2555 3012//2555
f 3012//2556 3011//2556 3013//2556
f 3012//2557 3013//2557 3014//2557
f 3014//2558 3013//2558 3015//2558
f 3014//2559 3015//2559 3016//2559
f 3016//2560 3015//2560 3017//2560
f 3016//2561 3017//2561 3018//2561
f 3018//2562 3017//2562 3019//2562
f 3018//2563 3019//2563 3020//2563
f 3020//2564 3019//2564 3021//2564
f 3020//2565 3021//2565 3022//2565
f 3022//2566 3021//2566 3023//2566
f 3022//2567 3023//2567 3024//2567
f 3024//2568 3023//2568 3025//2568
f 3024//2569 3025//2569 3026//2569
f 3026//2570 3025//2570 3027//2570
f 3028//2571 3029//2571 3030//2571
f 3030//2571 3029//2571 3031//2571
f 3030//2572 3031//2572 3032//2572
f 3032//2572 3031//2572 3033//2572
f 3032//2573 3033//2573 3034//2573
f 3035//2574 3036//2574 3037//2574
f 3035//2575 3037//2575 3038//2575
f 3038//2576 3037//2576 3039//2576
f 3038//2577 3039//2577 3040//2577
f 3040//2578 3039//2578 3041//2578
f 3040//2579 3041//2579 3042//2579
f 3042//2580 3041//2580 3043//2580
f 3042//2581 3043//2581 3044//2581
f 3044//2582 3043//2582 3045//2582
f 3044//2583 3045//2583 3046//2583
f 3046//2584 3045//2584 3047//2584
f 3046//2585 3047//2585 3048//2585
f 3048//2586 3047//2586 3049//2586
f 3048//2587 3049//2587 3050//2587
f 3050//2588 3049//2588 3051//2588
f 3050//2589 3051//2589 3052//2589
f 3052//2590 3051//2590 3053//2590
f 3052//2591 3053//2591 3054//2591
f 3054//2592 3053//2592 3055//2592
f 3054//2593 3055//2593 3056//2593
f 3056//2594 3055//2594 3057//2594
f 3056//2595 3057//2595 3058//2595
f 3058//2596 3057//2596 3059//2596
f 3058//2597 3059//2597 3060//2597
f 3060//2598 3059//2598 3061//2598
f 3060//2599 3061//2599 3062//2599
f 3062//2600 3061//2600 3063//2600
f 3062//2601 3063//2601 3064//2601
f 3064//2602 3063//2602 3065//2602
f 3064//2603 3065//2603 3066//2603
f 3066//2604 3065//2604 3067//2604
f 3066//2605 3067//2605 3068//2605
f 3068//2606 3067//2606 3069//2606
f 3068//2607 3069//2607 3070//2607
f 3070//2608 3069//2608 3071//2608
f 3070//2609 3071//2609 3072//2609
f 3072//2610 3071//2610 3073//2610
f 3072//2611 3073//2611 3074//2611
f 3074//2612 3073//2612 3075//2612
f 3076//2613 3077//2613 3078//2613
f 3079//2614 3076//2614 3080//2614
f 3080//2614 3076//2614 3078//2614
f 3080//2615 3078//2615 3081//2615
f 3082//2616 3079//2616 3083//2616
f 3083//2616 3079//2616 3080//2616
f 3083//2617 3080//2617 3084//2617
f 3084//2617 3080//2617 3081//2617
f 3084//2618 3081//2618 3085//2618
f 3086//2619 3082//2619 3087//2619
f 3087//2619 3082//2619 3083//2619
f 3087//2620 3083//2620 3088//2620
f 3088//2620 3083//2620 3084//2620
f 3088//2621 3084//2621 3089//2621
f 3089//2621 3084//2621 3085//2621
f 3089//2622 3085//2622 3090//2622
f 3091//2623 3086//2623 3092//2623
f 3092//2623 3086//2623 3087//2623
f 3092//2624 3087//2624 3093//2624
f 3093//2624 3087//2624 3088//2624
f 3093//2625 3088//2625 3094//2625
f 3094//2625 3088//2625 3089//2625
f 3094//2626 3089//2626 3095//2626
f 3095//2626 3089//2626 3090//2626
f 3095//2627 3090//2627 3096//2627
f 3097//2628 3091//2628 3098//2628
f 3098//2628 3091//2628 3092//2628
f 3098//2629 3092//2629 3099//2629
f 3099//2629 3092//2629 3093//2629
f 3099//2630 3093//2630 3100//2630
f 3100//2630 3093//2630 3094//2630
f 3100//2631 3094//2631 3101//2631
f 3101//2631 3094//2631 3095//2631
f 3101//2632 3095//2632 3102//2632
f 3102//2632 3095//2632 3096//2632
f 3102//2633 3096//2633 3103//2633
f 3104//2634 3097//2634 3105//2634
f 3105//2634 3097//2634 3098//2634
f 3105//2635 3098//2635 3106//2635
f 3106//2635 3098//2635 3099//2635
f 3106//2636 3099//2636 3107//2636
f 3107//2636 3099//2636 3100//2636
f 3107//2637 3100//2637 3108//2637
f 3108//2637 3100//2637 3101//2637
f 3108//2638 3101//2638 3109//2638
f 3109//2638 3101//2638 3102//2638
f 3109//2639 3102//2639 3110//2639
f 3110//2639 3102//2639 3103//2639
f 3110//2640 3103//2640 3111//2640
f 3112//2641 3104//2641 3113//2641
f 3113//2641 3104//2641 3105//2641
f 3113//2642 3105//2642 3114//2642
f 3114//2642 3105//2642 3106//2642
f 3114//2643 3106//2643 3115//2643
f 3115//2643 3106//2643 3107//2643
f 3115//2644 3107//2644 3116//2644
f 3116//2644 3107//2644 3108//2644
f 3116//2645 3108//2645 3117//2645
f 3117//2645 3108//2645 3109//2645
f 3117//2646 3109//2646 3118//2646
f 3118//2646 3109//2646 3110//2646
f 3118//2647 3110//2647 3119//2647
f 3119//2647 3110//2647 3111//2647
f 3119//2648 3111//2648 3120//2648
f 3121//2649 3112//2649 3122//2649
f 3122//2649 3112//2649 3113//2649
f 3122//2650 3113//2650 3123//2650
f 3123//2650 3113//2650 3114//2650
f 3123//2651 3114//2651 3124//2651
f 3124//2651 3114//2651 3115//2651
f 3124//2652 3115//2652 3125//2652
f 3125//2652 3115//2652 3116//2652
f 3125//2653 3116//2653 3126//2653
f 3126//2653 3116//2653 3117//2653
f 3126//2654 3117//2654 3127//2654
f 3127//2654 3117//2654 3118//2654
f 3127//2655 3118//2655 3128//2655
f 3128//2655 3118//2655 3119//2655
f 3128//2656 3119//2656 3129//2656
f 3129//2656 3119//2656 3120//2656
f 3129//2657 3120//2657 3130//2657
f 3131//2658 3121//2658 3132//2658
f 3132//2658 3121//2658 3122//2658
f 3132//2659 3122//2659 3133//2659
f 3133//2659 3122//2659 3123//2659
f 3133//2660 3123//2660 3134//2660
f 3134//2660 3123//2660 3124//2660
f 3134//2661 3124//2661 3135//2661
f 3135//2661 3124//2661 3125//2661
f 3135//2662 3125//2662 3136//2662
f 3136//2662 3125//2662 3126//2662
f 3136//2663 3126//2663 3137//2663
f 3137//2663 3126//2663 3127//2663
f 3137//2664 3127//2664 3138//2664
f 3138//2664 3127//2664 3128//2664
f 3138//2665 3128//2665 3139//2665
f 3139//2665 3128//2665 3129//2665
f 3139//2666 3129//2666 3140//2666
f 3140//2666 3129//2666 3130//2666
f 3140//2667 3130//2667 3141//2667
f 3142//2668 3131//2668 3143//2668
f 3143//2668 3131//2668 3132//2668
f 3143//2669 3132//2669 3144//2669
f 3144//2669 3132//2669 3133//2669
f 3144//2670 3133//2670 3145//2670
f 3145//2670 3133//2670 3134//2670
f 3145//2671 3134//2671 3146//2671
f 3146//2671 3134//2671 3135//2671
f 3146//2672 3135//2672 3147//2672
f 3147//2672 3135//2672 3136//2672
f 3147//2673 3136//2673 3148//2673
f 3148//2673 3136//2673 3137//2673
f 3148//2674 3137//2674 3149//2674
f 3149//2674 3137//2674 3138//2674
f 3149//2675 3138//2675 3150//2675
f 3150//2675 3138//2675 3139//2675
f 3150//2676 3139//2676 3151//2676
f 3151//2676 3139//2676 3140//2676
f 3151//2677 3140//2677 3152//2677
f 3152//2677 3140//2677 3141//2677
f 3152//2678 3141//2678 3153//2678
f 3142//2679 3143//2679 3154//2679
f 3154//2680 3143//2680 3155//2680
f 3154//2681 3155//2681 3156//2681
f 3156//2682 3155//2682 3157//2682
f 3155//2680 3143//2680 3144//2680
f 3158//2683 3159//2683 3160//2683
f 3160//2684 3159//2684 3161//2684
f 3160//2685 3161//2685 3162//2685
f 3162//2686 3161//2686 3163//2686
f 3162//2687 3163//2687 3164//2687
f 3164//2688 3163//2688 3165//2688
f 3164//2689 3165//2689 3166//2689
f 3166//2690 3165//2690 3167//2690
f 3166//2691 3167//2691 3168//2691
f 3168//2692 3167//2692 3169//2692
f 3168//2693 3169//2693 3170//2693
f 3170//2694 3169//2694 3171//2694
f 3170//2695 3171//2695 3172//2695
f 3172//2696 3171//2696 3173//2696
f 3172//2697 3173//2697 3174//2697
f 3174//2698 3173//2698 3175//2698
f 3174//2699 3175//2699 3176//2699
f 3176//2700 3175//2700 3177//2700
f 3176//2701 3177//2701 3178//2701
f 3178//2702 3177//2702 3179//2702
f 3178//2703 3179//2703 3180//2703
f 3180//2704 3179//2704 3181//2704
f 3180//2705 3181//2705 3182//2705
f 3182//2706 3181//2706 3183//2706
f 3182//2707 3183//2707 3184//2707
f 3184//2708 3183//2708 3185//2708
f 3184//2709 3185//2709 3186//2709
f 3186//2710 3185//2710 3187//2710
f 3186//2711 3187//2711 3188//2711
f 3188//2712 3187//2712 3189//2712
f 3188//2713 3189//2713 3190//2713
f 3190//2714 3189//2714 3191//2714
f 3190//2715 3191//2715 3192//2715
f 3192//2716 3191//2716 3193//2716
f 3192//2717 3193//2717 3194//2717
f 3194//2718 3193//2718 3195//2718
f 3194//2719 3195//2719 3196//2719
f 3196//2720 3195//2720 3197//2720
f 3198//2721 3199//2721 3200//2721
f 3201//2722 3202//2722 3203//2722
f 3203//2722 3202//2722 3204//2722
f 3203//2723 3204//2723 3205//2723
f 3205//2723 3204//2723 3206//2723
f 3205//2724 3206//2724 3207//2724
f 3207//2724 3206//2724 3208//2724
f 3207//2725 3208//2725 3209//2725
f 3209//2725 3208//2725 3210//2725
f 3209//2726 3210//2726 3211//2726
f 3211//2726 3210//2726 3212//2726
f 3211//2727 3212//2727 3213//2727
f 3213//2727 3212//2727 3214//2727
f 3213//2728 3214//2728 3215//2728
f 3215//2728 3214//2728 3216//2728
f 3215//2729 3216//2729 3217//2729
f 3217//2729 3216//2729 3218//2729
f 3217//2730 3218//2730 3219//2730
f 3219//2730 3218//2730 3220//2730
f 3219//2731 3220//2731 3221//2731
f 3198//2732 3200//2732 3222//2732
f 3222//2732 3200//2732 3223//2732
f 3222//2733 3223//2733 3224//2733
f 3198//2734 3222//2734 3225//2734
f 3225//2735 3222//2735 3226//2735
f 3225//2736 3226//2736 3227//2736
f 3227//2737 3226//2737 3228//2737
f 3227//2738 3228//2738 3229//2738
f 3229//2739 3228//2739 3230//2739
f 3229//2740 3230//2740 3231//2740
f 3231//2741 3230//2741 3232//2741
f 3231//2742 3232//2742 3233//2742
f 3233//2743 3232//2743 3234//2743
f 3233//2744 3234//2744 3235//2744
f 3235//2745 3234//2745 3236//2745
f 3235//2746 3236//2746 3237//2746
f 3237//2747 3236//2747 3238//2747
f 3237//2748 3238//2748 3239//2748
f 3239//2749 3238//2749 3240//2749
f 3239//2750 3240//2750 3241//2750
f 3241//2751 3240//2751 3242//2751
f 3241//2752 3242//2752 3243//2752
f 3243//2753 3242//2753 3244//2753
f 3243//2754 3244//2754 3245//2754
f 3245//2755 3244//2755 3246//2755
f 3245//2756 3246//2756 3247//2756
f 3247//2757 3246//2757 3248//2757
f 3247//2758 3248//2758 3249//2758
f 3249//2759 3248//2759 3250//2759
f 3249//2760 3250//2760 3251//2760
f 3251//2761 3250//2761 3252//2761
f 3251//2762 3252//2762 3253//2762
f 3253//2763 3252//2763 3254//2763
f 3253//2764 3254//2764 3255//2764
f 3255//2765 3254//2765 3256//2765
f 3255//2766 3256//2766 3257//2766
f 3257//2767 3256//2767 3258//2767
f 3257//2768 3258//2768 3259//2768
f 3259//2769 3258//2769 3260//2769
f 3261//2770 3262//2770 3263//2770
f 3264//2771 3265//2771 3266//2771
f 3266//2771 3265//2771 3267//2771
f 3266//2772 3267//2772 3268//2772
f 3265//2773 3264//2773 3269//2773
f 3269//2773 3264//2773 3270//2773
f 3269//2774 3270//2774 3271//2774
f 3271//2774 3270//2774 3272//2774
f 3271//2775 3272//2775 3273//2775
f 3273//2775 3272//2775 3274//2775
f 3273//2776 3274//2776 3275//2776
f 3275//2776 3274//2776 3276//2776
f 3275//2777 3276//2777 3277//2777
f 3277//2777 3276//2777 3278//2777
f 3277//2778 3278//2778 3279//2778
f 3279//2778 3278//2778 3280//2778
f 3279//2779 3280//2779 3281//2779
f 3281//2779 3280//2779 3282//2779
f 3281//2780 3282//2780 3283//2780
f 3283//2780 3282//2780 3284//2780
f 3283//2781 3284//2781 3285//2781
f 3286//2782 3261//2782 3287//2782
f 3287//2783 3261//2783 3263//2783
f 3288//2784 3286//2784 3289//2784
f 3289//2785 3286//2785 3287//2785
f 3290//2786 3291//2786 3292//2786
f 3292//2786 3291//2786 3293//2786
f 3292//2787 3293//2787 3294//2787
f 3293//2788 3291//2788 3295//2788
f 3295//2789 3291//2789 3296//2789
f 3295//2790 3296//2790 3297//2790
f 3297//2791 3296//2791 3298//2791
f 3297//2792 3298//2792 3299//2792
f 3299//2793 3298//2793 3300//2793
f 3299//2794 3300//2794 3301//2794
f 3301//2795 3300//2795 3302//2795
f 3301//2796 3302//2796 3303//2796
f 3303//2797 3302//2797 3304//2797
f 3303//2798 3304//2798 3305//2798
f 3305//2799 3304//2799 3306//2799
f 3305//2800 3306//2800 3307//2800
f 3307//2801 3306//2801 3308//2801
f 3307//2802 3308//2802 3309//2802
f 3309//2803 3308//2803 3310//2803
f 3309//2804 3310//2804 3311//2804
f 3311//2805 3310//2805 3312//2805
f 3311//2806 3312//2806 3313//2806
f 3313//2807 3312//2807 3314//2807
f 3313//2808 3314//2808 3315//2808
f 3315//2809 3314//2809 3316//2809
f 3315//2810 3316//2810 3317//2810
f 3291//2811 3318//2811 3319//2811
f 3319//2811 3318//2811 3320//2811
f 3319//2812 3320//2812 3321//2812
f 3322//2813 3323//2813 3324//2813
f 3322//2814 3324//2814 3325//2814
f 3325//2815 3324//2815 3326//2815
f 3325//2816 3326//2816 3327//2816
f 3327//2817 3326//2817 3328//2817
f 3327//2818 3328//2818 3329//2818
f 3329//2819 3328//2819 3330//2819
f 3329//2820 3330//2820 3331//2820
f 3331//2821 3330//2821 3332//2821
f 3331//2822 3332//2822 3333//2822
f 3333//2823 3332//2823 3334//2823
f 3333//2824 3334//2824 3335//2824
f 3335//2825 3334//2825 3336//2825
f 3335//2826 3336//2826 3337//2826
f 3337//2827 3336//2827 3338//2827
f 3337//2828 3338//2828 3339//2828
f 3339//2829 3338//2829 3340//2829
f 3339//2830 3340//2830 3341//2830
f 3341//2831 3340//2831 3342//2831
f 3341//2832 3342//2832 3343//2832
f 3343//2833 3342//2833 3344//2833
f 3343//2834 3344//2834 3345//2834
f 3345//2835 3344//2835 3346//2835
f 3345//2836 3346//2836 3347//2836
f 3347//2837 3346//2837 3348//2837
f 3347//2838 3348//2838 3349//2838
f 3349//2839 3348//2839 3350//2839
f 3349//2840 3350//2840 3351//2840
f 3351//2841 3350//2841 3352//2841
f 3351//2842 3352//2842 3353//2842
f 3353//2843 3352//2843 3354//2843
f 3355//2844 3356//2844 3357//2844
f 3357//2845 3356//2845 3358//2845
f 3357//2846 3358//2846 3359//2846
f 3359//2847 3358//2847 3360//2847
f 3359//2848 3360//2848 3361//2848
f 3361//2849 3360//2849 3362//2849
f 3361//2850 3362//2850 3363//2850
f 3363//2851 3362//2851 3364//2851
f 3363//2852 3364//2852 3365//2852
f 3365//2853 3364//2853 3366//2853
f 3365//2854 3366//2854 3367//2854
f 3367//2855 3366//2855 3368//2855
f 3367//2856 3368//2856 3369//2856
f 3369//2857 3368//2857 3370//2857
f 3369//2858 3370//2858 3371//2858
f 3371//2859 3370//2859 3372//2859
f 3371//2860 3372//2860 3373//2860
f 3373//2861 3372//2861 3374//2861
f 3373//2862 3374//2862 3375//2862
f 3375//2863 3374//2863 3376//2863
f 3375//2864 3376//2864 3377//2864
f 3358//2865 3356//2865 3378//2865
f 3358//2866 3378//2866 3379//2866
f 3358//2867 3379//2867 3360//2867
f 3360//2868 3379//2868 3380//2868
f 3360//2869 3380//2869 3362//2869
f 3362//2870 3380//2870 3381//2870
f 3362//2871 3381//2871 3364//2871
f 3364//2872 3381//2872 3382//2872
f 3364//2873 3382//2873 3366//2873
f 3366//2874 3382//2874 3383//2874
f 3366//2875 3383//2875 3368//2875
f 3368//2876 3383//2876 3384//2876
f 3368//2877 3384//2877 3370//2877
f 3370//2878 3384//2878 3385//2878
f 3370//2879 3385//2879 3372//2879
f 3372//2880 3385//2880 3386//2880
f 3372//2881 3386//2881 3374//2881
f 3374//2882 3386//2882 3387//2882
f 3374//2883 3387//2883 3376//2883
f 3388//2884 3389//2884 3390//2884
f 3390//2885 3389//2885 3391//2885
f 3390//2886 3391//2886 3392//2886
f 3392//2887 3391//2887 3393//2887
f 3392//2888 3393//2888 3394//2888
f 3394//2889 3393//2889 3395//2889
f 3394//2890 3395//2890 3396//2890
f 3396//2891 3395//2891 3397//2891
f 3396//2892 3397//2892 3398//2892
f 3398//2893 3397//2893 3399//2893
f 3398//2894 3399//2894 3400//2894
f 3400//2895 3399//2895 3401//2895
f 3400//2896 3401//2896 3402//2896
f 3402//2897 3401//2897 3403//2897
f 3402//2898 3403//2898 3404//2898
f 3405//2899 3406//2899 3407//2899
f 3408//2900 3402//2900 3404//2900
f 3409//2901 3410//2901 3411//2901
f 3411//2902 3410//2902 3412//2902
f 3413//2903 3409//2903 3414//2903
f 3414//2901 3409//2901 3411//2901
f 3415//2904 3416//2904 3417//2904
f 3418//2905 3413//2905 3419//2905
f 3419//2903 3413//2903 3414//2903
f 3415//2906 3417//2906 3420//2906
f 3420//2907 3417//2907 3421//2907
f 3420//2908 3421//2908 3422//2908
f 3422//2909 3421//2909 3423//2909
f 3415//2910 3420//2910 3424//2910
f 3424//2911 3420//2911 3425//2911
f 3424//2912 3425//2912 3426//2912
f 3425//2913 3420//2913 3422//2913
f 3427//2914 3428//2914 3429//2914
f 3429//2915 3428//2915 3430//2915
f 3429//2915 3430//2915 3431//2915
f 3431//2916 3430//2916 3432//2916
f 3431//2916 3432//2916 3433//2916
f 3428//2917 3434//2917 3430//2917
f 3430//2918 3434//2918 3435//2918
f 3430//2918 3435//2918 3432//2918
f 3432//2919 3435//2919 3436//2919
