g 0
v -0.05 0.0147721 0.00260472
v -0.0316228 0.0147721 0.00260472
v -0.05 0.015 0
v -0.0316228 0.015 0
v -0.05 0.0147721 -0.00260472
v -0.0316228 0.0147721 -0.00260472
v -0.05 0.0140954 -0.0051303
v -0.0316228 0.0140954 -0.0051303
v -0.05 0.0129904 -0.0075
v -0.0316228 0.0129904 -0.0075
v -0.05 0.0114907 -0.00964181
v -0.0316228 0.0114907 -0.00964181
v -0.05 0.00964181 -0.0114907
v -0.0316228 0.00964181 -0.0114907
v -0.05 0.0075 -0.0129904
v -0.0316228 0.0075 -0.0129904
v -0.05 0.0051303 -0.0140954
v -0.0316228 0.0051303 -0.0140954
v -0.05 0.00260472 -0.0147721
v -0.0316228 0.00260472 -0.0147721
v -0.05 -2.75546e-18 -0.015
v -0.0316228 9.18485e-19 -0.015
v -0.05 -0.00260472 -0.0147721
v -0.0316228 -0.00260472 -0.0147721
v -0.05 -0.0051303 -0.0140954
v -0.0316228 -0.0051303 -0.0140954
v -0.05 -0.0075 -0.0129904
v -0.0316228 -0.0075 -0.0129904
v -0.05 -0.00964181 -0.0114907
v -0.0316228 -0.00964181 -0.0114907
v -0.05 -0.0114907 -0.00964181
v -0.0316228 -0.0114907 -0.00964181
v -0.05 -0.0129904 -0.0075
v -0.0316228 -0.0129904 -0.0075
v -0.05 -0.0140954 -0.0051303
v -0.0316228 -0.0140954 -0.0051303
v -0.05 -0.0147721 -0.00260472
v -0.0316228 -0.0147721 -0.00260472
v -0.05 -0.015 1.83697e-18
v -0.0316228 -0.015 -1.83697e-18
v -0.05 -0.0147721 0.00260472
v -0.0316228 -0.0147721 0.00260472
v -0.05 -0.0140954 0.0051303
v -0.0316228 -0.0140954 0.0051303
v -0.05 -0.0129904 0.0075
v -0.0316228 -0.0129904 0.0075
v -0.05 -0.0114907 0.00964181
v -0.0316228 -0.0114907 0.00964181
v -0.05 -0.00964181 0.0114907
v -0.0316228 -0.00964181 0.0114907
v -0.05 -0.0075 0.0129904
v -0.0316228 -0.0075 0.0129904
v -0.05 -0.0051303 0.0140954
v -0.0316228 -0.0051303 0.0140954
v -0.05 -0.00260472 0.0147721
v -0.0316228 -0.00260472 0.0147721
v -0.05 9.18485e-19 0.015
v -0.0316228 9.18485e-19 0.015
v -0.05 0.00260472 0.0147721
v -0.0316228 0.00260472 0.0147721
v -0.05 0.0051303 0.0140954
v -0.0316228 0.0051303 0.0140954
v -0.05 0.0075 0.0129904
v -0.0316228 0.0075 0.0129904
v -0.05 0.00964181 0.0114907
v -0.0316228 0.00964181 0.0114907
v -0.05 0.0114907 0.00964181
v -0.0316228 0.0114907 0.00964181
v -0.05 0.0129904 0.0075
v -0.0316228 0.0129904 0.0075
v -0.05 0.0140954 0.0051303
v -0.0316228 0.0140954 0.0051303
v -0.05 0.0147721 0.00260472
v -0.0316228 0.0147721 0.00260472
v 0.05 0.0147721 -0.00260472
v 0.0316228 0.0147721 -0.00260472
v 0.05 0.015 0
v 0.0316228 0.015 0
v 0.05 0.0147721 0.00260472
v 0.0316228 0.0147721 0.00260472
v 0.05 0.0140954 0.0051303
v 0.0316228 0.0140954 0.0051303
v 0.05 0.0129904 0.0075
v 0.0316228 0.0129904 0.0075
v 0.05 0.0114907 0.00964181
v 0.0316228 0.0114907 0.00964181
v 0.05 0.00964181 0.0114907
v 0.0316228 0.00964181 0.0114907
v 0.05 0.0075 0.0129904
v 0.0316228 0.0075 0.0129904
v 0.05 0.0051303 0.0140954
v 0.0316228 0.0051303 0.0140954
v 0.05 0.00260472 0.0147721
v 0.0316228 0.00260472 0.0147721
v 0.05 9.18485e-19 0.015
v 0.0316228 9.18485e-19 0.015
v 0.05 -0.00260472 0.0147721
v 0.0316228 -0.00260472 0.0147721
v 0.05 -0.0051303 0.0140954
v 0.0316228 -0.0051303 0.0140954
v 0.05 -0.0075 0.0129904
v 0.0316228 -0.0075 0.0129904
v 0.05 -0.00964181 0.0114907
v 0.0316228 -0.00964181 0.0114907
v 0.05 -0.0114907 0.00964181
v 0.0316228 -0.0114907 0.00964181
v 0.05 -0.0129904 0.0075
v 0.0316228 -0.0129904 0.0075
v 0.05 -0.0140954 0.0051303
v 0.0316228 -0.0140954 0.0051303
v 0.05 -0.0147721 0.00260472
v 0.0316228 -0.0147721 0.00260472
v 0.05 -0.015 1.83697e-18
v 0.0316228 -0.015 1.83697e-18
v 0.05 -0.0147721 -0.00260472
v 0.0316228 -0.0147721 -0.00260472
v 0.05 -0.0140954 -0.0051303
v 0.0316228 -0.0140954 -0.0051303
v 0.05 -0.0129904 -0.0075
v 0.0316228 -0.0129904 -0.0075
v 0.05 -0.0114907 -0.00964181
v 0.0316228 -0.0114907 -0.00964181
v 0.05 -0.00964181 -0.0114907
v 0.0316228 -0.00964181 -0.0114907
v 0.05 -0.0075 -0.0129904
v 0.0316228 -0.0075 -0.0129904
v 0.05 -0.0051303 -0.0140954
v 0.0316228 -0.0051303 -0.0140954
v 0.05 -0.00260472 -0.0147721
v 0.0316228 -0.00260472 -0.0147721
v 0.05 -2.75546e-18 -0.015
v 0.0316228 9.18485e-19 -0.015
v 0.05 0.00260472 -0.0147721
v 0.0316228 0.00260472 -0.0147721
v 0.05 0.0051303 -0.0140954
v 0.0316228 0.0051303 -0.0140954
v 0.05 0.0075 -0.0129904
v 0.0316228 0.0075 -0.0129904
v 0.05 0.00964181 -0.0114907
v 0.0316228 0.00964181 -0.0114907
v 0.05 0.0114907 -0.00964181
v 0.0316228 0.0114907 -0.00964181
v 0.05 0.0129904 -0.0075
v 0.0316228 0.0129904 -0.0075
v 0.05 0.0140954 -0.0051303
v 0.0316228 0.0140954 -0.0051303
v 0.05 0.0147721 -0.00260472
v 0.0316228 0.0147721 -0.00260472
v -0.05 0.015 0
v -0.05 0.0147721 -0.00260472
v -0.05 0.0147721 0.00260472
v -0.05 0.0140954 0.0051303
v -0.05 0.0140954 -0.0051303
v -0.05 0.0129904 0.0075
v -0.05 0.0129904 -0.0075
v -0.05 0.0114907 0.00964181
v -0.05 0.0114907 -0.00964181
v -0.05 0.00964181 0.0114907
v -0.05 0.00964181 -0.0114907
v -0.05 0.0075 0.0129904
v -0.05 0.0075 -0.0129904
v -0.05 0.0051303 0.0140954
v -0.05 0.0051303 -0.0140954
v -0.05 0.00260472 0.0147721
v -0.05 0.00260472 -0.0147721
v -0.05 9.18485e-19 0.015
v -0.05 -2.75546e-18 -0.015
v -0.05 -0.00260472 0.0147721
v -0.05 -0.00260472 -0.0147721
v -0.05 -0.0051303 0.0140954
v -0.05 -0.0051303 -0.0140954
v -0.05 -0.0075 0.0129904
v -0.05 -0.0075 -0.0129904
v -0.05 -0.00964181 0.0114907
v -0.05 -0.00964181 -0.0114907
v -0.05 -0.0114907 0.00964181
v -0.05 -0.0114907 -0.00964181
v -0.05 -0.0129904 0.0075
v -0.05 -0.0129904 -0.0075
v -0.05 -0.0140954 0.0051303
v -0.05 -0.0140954 -0.0051303
v -0.05 -0.0147721 0.00260472
v -0.05 -0.0147721 -0.00260472
v -0.05 -0.015 1.83697e-18
v 0.05 0.015 0
v 0.05 0.0147721 0.00260472
v 0.05 0.0147721 -0.00260472
v 0.05 0.0140954 -0.0051303
v 0.05 0.0140954 0.0051303
v 0.05 0.0129904 -0.0075
v 0.05 0.0129904 0.0075
v 0.05 0.0114907 -0.00964181
v 0.05 0.0114907 0.00964181
v 0.05 0.00964181 -0.0114907
v 0.05 0.00964181 0.0114907
v 0.05 0.0075 -0.0129904
v 0.05 0.0075 0.0129904
v 0.05 0.0051303 -0.0140954
v 0.05 0.0051303 0.0140954
v 0.05 0.00260472 -0.0147721
v 0.05 0.00260472 0.0147721
v 0.05 -2.75546e-18 -0.015
v 0.05 9.18485e-19 0.015
v 0.05 -0.00260472 -0.0147721
v 0.05 -0.00260472 0.0147721
v 0.05 -0.0051303 -0.0140954
v 0.05 -0.0051303 0.0140954
v 0.05 -0.0075 -0.0129904
v 0.05 -0.0075 0.0129904
v 0.05 -0.00964181 -0.0114907
v 0.05 -0.00964181 0.0114907
v 0.05 -0.0114907 -0.00964181
v 0.05 -0.0114907 0.00964181
v 0.05 -0.0129904 -0.0075
v 0.05 -0.0129904 0.0075
v 0.05 -0.0140954 -0.0051303
v 0.05 -0.0140954 0.0051303
v 0.05 -0.0147721 -0.00260472
v 0.05 -0.0147721 0.00260472
v 0.05 -0.015 1.83697e-18
v -0.0247671 0.05 -0.00340417
v -0.0247671 0.0244949 -0.00340417
v -0.025 0.05 0
v -0.025 0.0244949 0
v -0.0247671 0.05 0.00340417
v -0.0247671 0.0244949 0.00340417
v -0.0240729 0.05 0.00674492
v -0.0240729 0.0244949 0.00674492
v -0.0229303 0.05 0.00996003
v -0.0229303 0.0244949 0.00996003
v -0.0213605 0.05 0.0129896
v -0.0213605 0.0244949 0.0129896
v -0.0193928 0.05 0.0157772
v -0.0193928 0.0244949 0.0157772
v -0.0170638 0.05 0.0182709
v -0.0170638 0.0244949 0.0182709
v -0.014417 0.05 0.0204242
v -0.014417 0.0244949 0.0204242
v -0.0115016 0.05 0.0221971
v -0.0115016 0.0244949 0.0221971
v -0.00837199 0.05 0.0235565
v -0.00837199 0.0244949 0.0235565
v -0.0050864 0.05 0.0244771
v -0.0050864 0.0244949 0.0244771
v -0.00170606 0.05 0.0249417
v -0.00170606 0.0244949 0.0249417
v 0.00170606 0.05 0.0249417
v 0.00170606 0.0244949 0.0249417
v 0.0050864 0.05 0.0244771
v 0.0050864 0.0244949 0.0244771
v 0.00837199 0.05 0.0235565
v 0.00837199 0.0244949 0.0235565
v 0.0115016 0.05 0.0221971
v 0.0115016 0.0244949 0.0221971
v 0.014417 0.05 0.0204242
v 0.014417 0.0244949 0.0204242
v 0.0170638 0.05 0.0182709
v 0.0170638 0.0244949 0.0182709
v 0.0193928 0.05 0.0157772
v 0.0193928 0.0244949 0.0157772
v 0.0213605 0.05 0.0129896
v 0.0213605 0.0244949 0.0129896
v 0.0229303 0.05 0.00996003
v 0.0229303 0.0244949 0.00996003
v 0.0240729 0.05 0.00674492
v 0.0240729 0.0244949 0.00674492
v 0.0247671 0.05 0.00340417
v 0.0247671 0.0244949 0.00340417
v 0.025 0.05 3.06162e-18
v 0.025 0.0244949 3.06162e-18
v 0.0247671 0.05 -0.00340417
v 0.0247671 0.0244949 -0.00340417
v 0.0240729 0.05 -0.00674492
v 0.0240729 0.0244949 -0.00674492
v 0.0229303 0.05 -0.00996003
v 0.0229303 0.0244949 -0.00996003
v 0.0213605 0.05 -0.0129896
v 0.0213605 0.0244949 -0.0129896
v 0.0193928 0.05 -0.0157772
v 0.0193928 0.0244949 -0.0157772
v 0.0170638 0.05 -0.0182709
v 0.0170638 0.0244949 -0.0182709
v 0.014417 0.05 -0.0204242
v 0.014417 0.0244949 -0.0204242
v 0.0115016 0.05 -0.0221971
v 0.0115016 0.0244949 -0.0221971
v 0.00837199 0.05 -0.0235565
v 0.00837199 0.0244949 -0.0235565
v 0.0050864 0.05 -0.0244771
v 0.0050864 0.0244949 -0.0244771
v 0.00170606 0.05 -0.0249417
v 0.00170606 0.0244949 -0.0249417
v -0.00170606 0.05 -0.0249417
v -0.00170606 0.0244949 -0.0249417
v -0.0050864 0.05 -0.0244771
v -0.0050864 0.0244949 -0.0244771
v -0.00837199 0.05 -0.0235565
v -0.00837199 0.0244949 -0.0235565
v -0.0115016 0.05 -0.0221971
v -0.0115016 0.0244949 -0.0221971
v -0.014417 0.05 -0.0204242
v -0.014417 0.0244949 -0.0204242
v -0.0170638 0.05 -0.0182709
v -0.0170638 0.0244949 -0.0182709
v -0.0193928 0.05 -0.0157772
v -0.0193928 0.0244949 -0.0157772
v -0.0213605 0.05 -0.0129896
v -0.0213605 0.0244949 -0.0129896
v -0.0229303 0.05 -0.00996003
v -0.0229303 0.0244949 -0.00996003
v -0.0240729 0.05 -0.00674492
v -0.0240729 0.0244949 -0.00674492
v -0.0247671 0.05 -0.00340417
v -0.0247671 0.0244949 -0.00340417
v -0.025 0.05 0
v -0.0247671 0.05 0.00340417
v -0.0240729 0.05 0.00674492
v -0.0229303 0.05 0.00996003
v -0.0213605 0.05 0.0129896
v -0.0193928 0.05 0.0157772
v -0.0170638 0.05 0.0182709
v -0.014417 0.05 0.0204242
v -0.0115016 0.05 0.0221971
v -0.00837199 0.05 0.0235565
v -0.00837199 0.05 -0.0235565
v -0.0050864 0.05 -0.0244771
v -0.0050864 0.05 0.0244771
v -0.00170606 0.05 -0.0249417
v -0.00170606 0.05 0.0249417
v 0.00170606 0.05 -0.0249417
v 0.00170606 0.05 0.0249417
v 0.0050864 0.05 -0.0244771
v 0.0050864 0.05 0.0244771
v 0.00837199 0.05 -0.0235565
v 0.00837199 0.05 0.0235565
v 0.0115016 0.05 -0.0221971
v 0.0115016 0.05 0.0221971
v 0.014417 0.05 -0.0204242
v 0.014417 0.05 0.0204242
v 0.0170638 0.05 -0.0182709
v 0.0170638 0.05 0.0182709
v 0.0193928 0.05 -0.0157772
v 0.0193928 0.05 0.0157772
v 0.0213605 0.05 -0.0129896
v 0.0213605 0.05 0.0129896
v 0.0229303 0.05 -0.00996003
v 0.0229303 0.05 0.00996003
v 0.0240729 0.05 -0.00674492
v 0.0240729 0.05 0.00674492
v 0.0247671 0.05 -0.00340417
v 0.0247671 0.05 0.00340417
v 0.025 0.05 3.06162e-18
v 0.0316228 -0.0147721 0.00260472
v 0.0312242 -0.0156814 0.00203507
v 0.0316228 -0.015 1.83697e-18
v 0.0312242 -0.0156814 -0.00203507
v 0.0315568 -0.0150009 -0.00203507
v 0.0316228 -0.0147721 -0.00260472
v 0.030802 -0.0154693 0.00607769
v 0.0316228 -0.0140954 0.0051303
v 0.0316228 -0.0129904 0.0075
v 0.0316228 -0.0114907 0.00964181
v 0.0315136 -0.0114512 0.0100381
v 0.0299632 -0.0150481 0.0100381
v 0.0287978 -0.0189406 0.00607769
v 0.0291926 -0.0192003 0.00203507
v 0.0267662 -0.0224595 0.00203507
v 0.0267662 -0.0224595 -0.00203507
v 0.0239778 -0.025415 -0.00203507
v 0.0236536 -0.0250713 -0.00607769
v 0.020583 -0.0276478 -0.00607769
v 0.0200225 -0.0268949 -0.0100381
v 0.0167648 -0.0290375 -0.0100381
v 0.0160688 -0.0278319 -0.0138628
v 0.012729 -0.0295092 -0.0138628
v 0.0120055 -0.0278319 -0.0175
v 0.00869326 -0.0290375 -0.0175
v 0.0080518 -0.0268949 -0.0209006
v 0.00487505 -0.0276478 -0.0209006
v 0.00442075 -0.0250713 -0.0240185
v 0.00148026 -0.025415 -0.0240185
v 0.00130812 -0.0224595 -0.0268116
v -0.00130812 -0.0224595 -0.0268116
v -0.00111829 -0.0192003 -0.0292421
v -0.00333974 -0.0189406 -0.0292421
v -0.00272766 -0.0154693 -0.0312771
v -0.0045051 -0.0150481 -0.0312771
v -0.00343324 -0.0114678 -0.0328892
v -0.00474135 -0.0109917 -0.0328892
v -0.00319698 -0.00741143 -0.0340566
v -0.00403578 -0.00699017 -0.0340566
v -0.00203163 -0.00351888 -0.0347633
v -0.00242641 -0.00325923 -0.0347633
v -2.14313e-18 -2.62458e-34 -0.035
v 0.0316228 -0.0114907 0.00964181
v 0.0316228 -0.00964181 0.0114907
v 0.0315136 -0.0114512 0.0100381
v 0.0302047 -0.0109772 0.0138628
v 0.0299632 -0.0150481 0.0100381
v 0.0287192 -0.0144233 0.0138628
v 0.0280136 -0.0184248 0.0100381
v 0.0268505 -0.0176599 0.0138628
v 0.0256852 -0.0215524 0.0100381
v 0.0246188 -0.0206576 0.0138628
v 0.0230094 -0.0243886 0.0100381
v 0.0220541 -0.023376 0.0138628
v 0.0200225 -0.0268949 0.0100381
v 0.0191912 -0.0257783 0.0138628
v 0.0167648 -0.0290375 0.0100381
v 0.0160688 -0.0278319 0.0138628
v 0.0132804 -0.0307874 0.0100381
v 0.012729 -0.0295092 0.0138628
v 0.00961641 -0.032121 0.0100381
v 0.00921716 -0.0307874 0.0138628
v 0.00582236 -0.0330202 0.0100381
v 0.00558063 -0.0316493 0.0138628
v 0.00194957 -0.0334729 0.0100381
v 0.00186863 -0.0320832 0.0138628
v -0.00194957 -0.0334729 0.0100381
v -0.00186863 -0.0320832 0.0138628
v -0.00582236 -0.0330202 0.0100381
v -0.00558063 -0.0316493 0.0138628
v -0.00961641 -0.032121 0.0100381
v -0.00921716 -0.0307874 0.0138628
v -0.0132804 -0.0307874 0.0100381
v -0.012729 -0.0295092 0.0138628
v -0.0167648 -0.0290375 0.0100381
v -0.0160688 -0.0278319 0.0138628
v -0.0200225 -0.0268949 0.0100381
v -0.0191912 -0.0257783 0.0138628
v -0.0230094 -0.0243886 0.0100381
v -0.0220541 -0.023376 0.0138628
v -0.0256852 -0.0215524 0.0100381
v -0.0246188 -0.0206576 0.0138628
v -0.0280136 -0.0184248 0.0100381
v -0.0268505 -0.0176599 0.0138628
v -0.0299632 -0.0150481 0.0100381
v -0.0287192 -0.0144233 0.0138628
v -0.0302047 -0.0109772 0.0138628
v -0.0284874 -0.0103546 0.0175
v -0.0294929 -0.00699426 0.0175
v -0.0273168 -0.00647775 0.0209006
v -0.0301059 -0.00351888 0.0175
v -0.0278845 -0.00325923 0.0209006
v -0.0303109 3.71201e-18 0.0175
v -0.0280743 3.43811e-18 0.0209006
v -0.0301059 0.00351888 0.0175
v -0.0278845 0.00325923 0.0209006
v -0.0273168 0.00647775 0.0209006
v -0.0247712 0.00587371 0.0240185
v -0.0263849 0.00959185 0.0209006
v -0.0239257 0.00869913 0.0240185
v -0.0250881 0.0125997 0.0209006
v -0.0227502 0.0114256 0.0240185
v -0.0234557 0.0154271 0.0209006
v -0.0212699 0.0139894 0.0240185
v -0.0215062 0.0180458 0.0209006
v -0.019502 0.0163641 0.0240185
v -0.0192658 0.0204205 0.0209006
v -0.0174704 0.0185175 0.0240185
v -0.0167648 0.0225191 0.0209006
v -0.0152025 0.0204205 0.0240185
v -0.0140372 0.0243131 0.0209006
v -0.012729 0.0220473 0.0240185
v -0.0115016 0.0244949 0.0221971
v -0.0100834 0.023376 0.0240185
v -0.00837199 0.0244949 0.0235565
v -0.00730146 0.0243886 0.0240185
v -0.0050864 0.0244949 0.0244771
v -0.00645237 0.0215524 0.0268116
v -0.00390666 0.0221558 0.0268116
v -0.00551603 0.0184248 0.0292421
v -0.00333974 0.0189406 0.0292421
v -0.0045051 0.0150481 0.0312771
v -0.00272766 0.0154693 0.0312771
v -0.00343324 0.0114678 0.0328892
v -0.00207869 0.0117888 0.0328892
v -0.00231495 0.00773247 0.0340566
v -0.00140161 0.00794893 0.0340566
v -0.00116535 0.00389255 0.0347633
v -0.000705576 0.00400152 0.0347633
v -2.14313e-18 2.62458e-34 0.035
v 0.0316228 -0.00964181 0.0114907
v 0.0316228 -0.0075 0.0129904
v 0.0302047 -0.0109772 0.0138628
v 0.0312702 -0.00741625 0.0138628
v 0.0294929 -0.00699426 0.0175
v 0.0316228 -0.0051303 0.0140954
v 0.0301059 -0.00351888 0.0175
v 0.0316228 -0.00260472 0.0147721
v 0.0303109 8.174e-19 0.0175
v 0.0316228 9.18485e-19 0.015
v 0.0316228 0.00260472 0.0147721
v 0.0301059 0.00351888 0.0175
v 0.0316228 0.0051303 0.0140954
v 0.0294929 0.00699426 0.0175
v 0.0312702 0.00741625 0.0138628
v 0.0302047 0.0109772 0.0138628
v 0.0316228 0.00964181 0.0114907
v 0.0315136 0.0114512 0.0100381
v 0.0316228 0.0114907 0.00964181
v 0.0316228 0.0129904 0.0075
v 0.0316228 0.0075 0.0129904
v 0.0316228 0.0140954 0.0051303
v 0.030802 0.0154693 0.00607769
v 0.0299632 0.0150481 0.0100381
v 0.0316228 0.0147721 0.00260472
v 0.0312242 0.0156814 0.00203507
v 0.0287978 0.0189406 0.00607769
v 0.0291926 0.0192003 0.00203507
v 0.0264042 0.0221558 0.00607769
v 0.0267662 0.0224595 0.00203507
v 0.0247671 0.0244949 0.00340417
v 0.025 0.0244949 3.06162e-18
v 0.0267662 0.0224595 -0.00203507
v 0.0250274 0.0243821 -0.00203507
v 0.0247671 0.0244949 -0.00340417
v 0.0316228 0.015 0
v 0.0312242 0.0156814 -0.00203507
v 0.0291926 0.0192003 -0.00203507
v 0.0316228 0.0147721 -0.00260472
v 0.0316228 0.0140954 -0.0051303
v 0.030802 0.0154693 -0.00607769
v 0.0316228 0.0129904 -0.0075
v 0.0299632 0.0150481 -0.0100381
v 0.0315136 0.0114512 -0.0100381
v 0.0302047 0.0109772 -0.0138628
v 0.0316228 0.00964181 -0.0114907
v 0.0312702 0.00741625 -0.0138628
v 0.0316228 0.0075 -0.0129904
v 0.0316228 0.0051303 -0.0140954
v 0.0316228 0.0114907 -0.00964181
v 0.0316228 0.00260472 -0.0147721
v 0.0301059 0.00351888 -0.0175
v 0.0294929 0.00699426 -0.0175
v 0.0303109 8.174e-19 -0.0175
v 0.0316228 9.18485e-19 -0.015
v 0.0316228 -0.00260472 -0.0147721
v 0.0301059 -0.00351888 -0.0175
v 0.0316228 -0.0051303 -0.0140954
v 0.0294929 -0.00699426 -0.0175
v 0.0312702 -0.00741625 -0.0138628
v 0.0302047 -0.0109772 -0.0138628
v 0.0316228 -0.0075 -0.0129904
v 0.0316228 -0.00964181 -0.0114907
v 0.0315136 -0.0114512 -0.0100381
v 0.0316228 -0.0114907 -0.00964181
v 0.0316228 -0.0129904 -0.0075
v 0.0316228 -0.0140954 -0.0051303
v 0.0311053 -0.01485 -0.00607769
v 0.0302341 -0.014496 -0.0100381
v 0.030802 -0.0154693 -0.00607769
v 0.0316228 -0.0147721 -0.00260472
v 0.0312242 -0.0156814 -0.00203507
v -0.0316228 -0.0147721 -0.00260472
v -0.0312242 -0.0156814 -0.00203507
v -0.0316228 -0.015 -1.83697e-18
v -0.0312242 -0.0156814 0.00203507
v -0.0316228 -0.0147721 0.00260472
v -0.030802 -0.0154693 0.00607769
v -0.0316228 -0.0140954 0.0051303
v -0.0316228 -0.0129904 0.0075
v -0.0299632 -0.0150481 0.0100381
v -0.0315136 -0.0114512 0.0100381
v -0.0302047 -0.0109772 0.0138628
v -0.0316228 -0.00964181 0.0114907
v -0.0312702 -0.00741625 0.0138628
v -0.0316228 -0.0075 0.0129904
v -0.0316228 -0.0051303 0.0140954
v -0.0294929 -0.00699426 0.0175
v -0.0301059 -0.00351888 0.0175
v -0.0316228 -0.0140954 -0.0051303
v -0.030802 -0.0154693 -0.00607769
v -0.0291926 -0.0192003 -0.00203507
v -0.0287978 -0.0189406 -0.00607769
v -0.0267662 -0.0224595 -0.00203507
v -0.0264042 -0.0221558 -0.00607769
v -0.0239778 -0.025415 -0.00203507
v -0.0236536 -0.0250713 -0.00607769
v -0.0208652 -0.0280268 -0.00203507
v -0.020583 -0.0276478 -0.00607769
v -0.0174704 -0.0302596 -0.00203507
v -0.0172341 -0.0298504 -0.00607769
v -0.0138393 -0.0320832 -0.00203507
v -0.0136522 -0.0316493 -0.00607769
v -0.0100211 -0.0334729 -0.00203507
v -0.00988561 -0.0330202 -0.00607769
v -0.0060674 -0.03441 -0.00203507
v -0.00598535 -0.0339446 -0.00607769
v -0.00203163 -0.0348817 -0.00203507
v -0.00200415 -0.03441 -0.00607769
v 0.00203163 -0.0348817 -0.00203507
v 0.00200415 -0.03441 -0.00607769
v 0.0060674 -0.03441 -0.00203507
v 0.00598535 -0.0339446 -0.00607769
v 0.0100211 -0.0334729 -0.00203507
v 0.00988561 -0.0330202 -0.00607769
v 0.0138393 -0.0320832 -0.00203507
v 0.0136522 -0.0316493 -0.00607769
v 0.0174704 -0.0302596 -0.00203507
v 0.0172341 -0.0298504 -0.00607769
v 0.0208652 -0.0280268 -0.00203507
v 0.020583 -0.0276478 -0.00607769
v 0.0239778 -0.025415 -0.00203507
v -0.0316228 -0.0140954 -0.0051303
v -0.0316228 -0.0129904 -0.0075
v -0.030802 -0.0154693 -0.00607769
v -0.0299632 -0.0150481 -0.0100381
v -0.0287978 -0.0189406 -0.00607769
v -0.0280136 -0.0184248 -0.0100381
v -0.0264042 -0.0221558 -0.00607769
v -0.0256852 -0.0215524 -0.0100381
v -0.0236536 -0.0250713 -0.00607769
v -0.0230094 -0.0243886 -0.0100381
v -0.020583 -0.0276478 -0.00607769
v -0.0200225 -0.0268949 -0.0100381
v -0.0172341 -0.0298504 -0.00607769
v -0.0167648 -0.0290375 -0.0100381
v -0.0136522 -0.0316493 -0.00607769
v -0.0132804 -0.0307874 -0.0100381
v -0.00988561 -0.0330202 -0.00607769
v -0.00961641 -0.032121 -0.0100381
v -0.00598535 -0.0339446 -0.00607769
v -0.00582236 -0.0330202 -0.0100381
v -0.00200415 -0.03441 -0.00607769
v -0.00194957 -0.0334729 -0.0100381
v 0.00200415 -0.03441 -0.00607769
v 0.00194957 -0.0334729 -0.0100381
v 0.00598535 -0.0339446 -0.00607769
v 0.00582236 -0.0330202 -0.0100381
v 0.00988561 -0.0330202 -0.00607769
v 0.00961641 -0.032121 -0.0100381
v 0.0136522 -0.0316493 -0.00607769
v 0.0132804 -0.0307874 -0.0100381
v 0.0172341 -0.0298504 -0.00607769
v 0.0167648 -0.0290375 -0.0100381
v 0.020583 -0.0276478 -0.00607769
v -0.0299632 -0.0150481 -0.0100381
v -0.0316228 -0.0129904 -0.0075
v -0.0315136 -0.0114512 -0.0100381
v -0.0316228 -0.0114907 -0.00964181
v -0.0316228 -0.00964181 -0.0114907
v -0.0316228 -0.0075 -0.0129904
v -0.0312702 -0.00741625 -0.0138628
v -0.0302047 -0.0109772 -0.0138628
v -0.0316228 -0.0051303 -0.0140954
v -0.0294929 -0.00699426 -0.0175
v -0.0284874 -0.0103546 -0.0175
v -0.0287192 -0.0144233 -0.0138628
v -0.0270868 -0.0136035 -0.0175
v -0.0268505 -0.0176599 -0.0138628
v -0.0253244 -0.0166561 -0.0175
v -0.0246188 -0.0206576 -0.0138628
v -0.0232195 -0.0194835 -0.0175
v -0.0220541 -0.023376 -0.0138628
v -0.0208006 -0.0220473 -0.0175
v -0.0191912 -0.0257783 -0.0138628
v -0.0181004 -0.0243131 -0.0175
v -0.0160688 -0.0278319 -0.0138628
v -0.0151554 -0.02625 -0.0175
v -0.012729 -0.0295092 -0.0138628
v -0.0120055 -0.0278319 -0.0175
v -0.00921716 -0.0307874 -0.0138628
v -0.00869326 -0.0290375 -0.0175
v -0.00558063 -0.0316493 -0.0138628
v -0.00526343 -0.0298504 -0.0175
v -0.00186863 -0.0320832 -0.0138628
v -0.00176242 -0.0302596 -0.0175
v 0.00186863 -0.0320832 -0.0138628
v 0.00176242 -0.0302596 -0.0175
v 0.00558063 -0.0316493 -0.0138628
v 0.00526343 -0.0298504 -0.0175
v 0.00921716 -0.0307874 -0.0138628
v 0.00869326 -0.0290375 -0.0175
v 0.012729 -0.0295092 -0.0138628
v -0.0294929 -0.00699426 -0.0175
v -0.0316228 -0.0051303 -0.0140954
v -0.0301059 -0.00351888 -0.0175
v -0.0316228 -0.00260472 -0.0147721
v -0.0303109 3.71201e-18 -0.0175
v -0.0316228 9.18485e-19 -0.015
v -0.0316228 0.00260472 -0.0147721
v -0.0301059 0.00351888 -0.0175
v -0.0316228 0.0051303 -0.0140954
v -0.0294929 0.00699426 -0.0175
v -0.0312702 0.00741625 -0.0138628
v -0.0302047 0.0109772 -0.0138628
v -0.0316228 0.0075 -0.0129904
v -0.0316228 0.00964181 -0.0114907
v -0.0315136 0.0114512 -0.0100381
v -0.0316228 0.0114907 -0.00964181
v -0.0316228 0.0129904 -0.0075
v -0.0316228 0.0140954 -0.0051303
v -0.0311053 0.01485 -0.00607769
v -0.0302341 0.014496 -0.0100381
v -0.030802 0.0154693 -0.00607769
v -0.0316228 0.0147721 -0.00260472
v -0.0312242 0.0156814 -0.00203507
v -0.0315568 0.0150009 -0.00203507
v -0.0316228 0.015 0
v -0.0312242 0.0156814 0.00203507
v -0.0316228 0.0147721 0.00260472
v -0.030802 0.0154693 0.00607769
v -0.0316228 0.0140954 0.0051303
v -0.0316228 0.0129904 0.0075
v -0.0316228 0.0114907 0.00964181
v -0.0315136 0.0114512 0.0100381
v -0.0299632 0.0150481 0.0100381
v -0.0287978 0.0189406 0.00607769
v -0.0291926 0.0192003 0.00203507
v -0.0267662 0.0224595 0.00203507
v -0.0267662 0.0224595 -0.00203507
v -0.025 0.0244949 0
v -0.0247671 0.0244949 -0.00340417
v -0.0316228 0.00964181 0.0114907
v -0.0302047 0.0109772 0.0138628
v -0.0287192 0.0144233 0.0138628
v -0.0280136 0.0184248 0.0100381
v -0.0268505 0.0176599 0.0138628
v -0.0256852 0.0215524 0.0100381
v -0.0246188 0.0206576 0.0138628
v -0.0230094 0.0243886 0.0100381
v -0.0220541 0.023376 0.0138628
v -0.0213605 0.0244949 0.0129896
v -0.0193928 0.0244949 0.0157772
v -0.0208006 0.0220473 0.0175
v -0.0181004 0.0243131 0.0175
v -0.0192658 0.0204205 0.0209006
v -0.0167648 0.0225191 0.0209006
v -0.0316228 0.0075 0.0129904
v -0.0312702 0.00741625 0.0138628
v -0.0294929 0.00699426 0.0175
v -0.0316228 0.0051303 0.0140954
v -0.0301059 0.00351888 0.0175
v -0.0316228 0.00260472 0.0147721
v -0.0303109 3.71201e-18 0.0175
v -0.0316228 9.18485e-19 0.015
v -0.0316228 -0.00260472 0.0147721
v -0.0301059 -0.00351888 0.0175
v -0.0316228 -0.0051303 0.0140954
v -0.0316228 -0.00964181 0.0114907
v -0.0316228 -0.0114907 0.00964181
v -0.0315136 -0.0114512 0.0100381
v -0.0316228 -0.0129904 0.0075
v 0.0247671 0.0244949 0.00340417
v 0.0240729 0.0244949 0.00674492
v 0.0264042 0.0221558 0.00607769
v 0.0256852 0.0215524 0.0100381
v 0.0287978 0.0189406 0.00607769
v 0.0280136 0.0184248 0.0100381
v 0.030802 0.0154693 0.00607769
v 0.0299632 0.0150481 0.0100381
v 0.0230094 0.0243886 0.0100381
v 0.0229303 0.0244949 0.00996003
v 0.0213605 0.0244949 0.0129896
v 0.0220541 0.023376 0.0138628
v 0.0193928 0.0244949 0.0157772
v 0.0208006 0.0220473 0.0175
v 0.0181004 0.0243131 0.0175
v 0.0167648 0.0225191 0.0209006
v 0.0170638 0.0244949 0.0182709
v 0.014417 0.0244949 0.0204242
v 0.0140372 0.0243131 0.0209006
v 0.0115016 0.0244949 0.0221971
v 0.012729 0.0220473 0.0240185
v 0.0100834 0.023376 0.0240185
v 0.00891083 0.0206576 0.0268116
v 0.00645237 0.0215524 0.0268116
v 0.00551603 0.0184248 0.0292421
v 0.00333974 0.0189406 0.0292421
v 0.00272766 0.0154693 0.0312771
v 0.000913337 0.0156814 0.0312771
v 0.000696035 0.0119505 0.0328892
v -0.000696035 0.0119505 0.0328892
v -0.000469319 0.0080579 0.0340566
v -0.00140161 0.00794893 0.0340566
v -0.000705576 0.00400152 0.0347633
v 0.00837199 0.0244949 0.0235565
v 0.00730146 0.0243886 0.0240185
v 0.0050864 0.0244949 0.0244771
v 0.00390666 0.0221558 0.0268116
v 0.00170606 0.0244949 0.0249417
v 0.00130812 0.0224595 0.0268116
v -0.00170606 0.0244949 0.0249417
v -0.00130812 0.0224595 0.0268116
v -0.00390666 0.0221558 0.0268116
v -0.00333974 0.0189406 0.0292421
v -0.0050864 0.0244949 0.0244771
v -0.0115016 0.0244949 0.0221971
v -0.014417 0.0244949 0.0204242
v -0.0140372 0.0243131 0.0209006
v -0.0167648 0.0225191 0.0209006
v -0.0170638 0.0244949 0.0182709
v -0.0181004 0.0243131 0.0175
v -0.0193928 0.0244949 0.0157772
v -0.0213605 0.0244949 0.0129896
v -0.0229303 0.0244949 0.00996003
v -0.0230094 0.0243886 0.0100381
v -0.0240729 0.0244949 0.00674492
v -0.0256852 0.0215524 0.0100381
v -0.0264042 0.0221558 0.00607769
v -0.0280136 0.0184248 0.0100381
v -0.0287978 0.0189406 0.00607769
v -0.0299632 0.0150481 0.0100381
v -0.0247671 0.0244949 0.00340417
v -0.0267662 0.0224595 0.00203507
v -0.025 0.0244949 0
v -0.0267662 0.0224595 -0.00203507
v -0.0247671 0.0244949 -0.00340417
v -0.0264042 0.0221558 -0.00607769
v -0.0240729 0.0244949 -0.00674492
v -0.0256852 0.0215524 -0.0100381
v -0.0230094 0.0243886 -0.0100381
v -0.0220541 0.023376 -0.0138628
v -0.0213605 0.0244949 -0.0129896
v -0.0193928 0.0244949 -0.0157772
v -0.0229303 0.0244949 -0.00996003
v -0.0170638 0.0244949 -0.0182709
v -0.0181004 0.0243131 -0.0175
v -0.0208006 0.0220473 -0.0175
v -0.0246188 0.0206576 -0.0138628
v -0.0280136 0.0184248 -0.0100381
v -0.0287978 0.0189406 -0.00607769
v -0.030802 0.0154693 -0.00607769
v -0.0312242 0.0156814 -0.00203507
v -0.0167648 0.0225191 -0.0209006
v -0.014417 0.0244949 -0.0204242
v -0.0140372 0.0243131 -0.0209006
v -0.0115016 0.0244949 -0.0221971
v -0.012729 0.0220473 -0.0240185
v -0.0100834 0.023376 -0.0240185
v -0.00891083 0.0206576 -0.0268116
v -0.00645237 0.0215524 -0.0268116
v -0.00551603 0.0184248 -0.0292421
v -0.00333974 0.0189406 -0.0292421
v -0.00272766 0.0154693 -0.0312771
v -0.000913337 0.0156814 -0.0312771
v -0.000696035 0.0119505 -0.0328892
v 0.000696035 0.0119505 -0.0328892
v 0.000469319 0.0080579 -0.0340566
v 0.00140161 0.00794893 -0.0340566
v 0.000705576 0.00400152 -0.0347633
v 0.00116535 0.00389255 -0.0347633
v -2.14313e-18 -2.62458e-34 -0.035
v -0.00837199 0.0244949 -0.0235565
v -0.00730146 0.0243886 -0.0240185
v -0.0050864 0.0244949 -0.0244771
v -0.00390666 0.0221558 -0.0268116
v -0.00170606 0.0244949 -0.0249417
v -0.00130812 0.0224595 -0.0268116
v 0.00170606 0.0244949 -0.0249417
v 0.00130812 0.0224595 -0.0268116
v 0.00390666 0.0221558 -0.0268116
v 0.00333974 0.0189406 -0.0292421
v 0.00551603 0.0184248 -0.0292421
v 0.0045051 0.0150481 -0.0312771
v 0.00622161 0.0144233 -0.0312771
v 0.00474135 0.0109917 -0.0328892
v 0.00598535 0.0103669 -0.0328892
v 0.00403578 0.00699017 -0.0340566
v 0.00482 0.00647438 -0.0340566
v 0.00242641 0.00325923 -0.0347633
v 0.00278837 0.0029555 -0.0347633
v 0.0050864 0.0244949 -0.0244771
v 0.00645237 0.0215524 -0.0268116
v 0.00761773 0.0176599 -0.0292421
v 0.00785399 0.0136035 -0.0312771
v 0.00714841 0.00960198 -0.0328892
v 0.00553904 0.00587104 -0.0340566
v 0.00612354 0.00525855 -0.0340566
v 0.00309767 0.00262953 -0.0347633
v 0.00618317 0.0051883 -0.0340566
v 0.00311263 0.00261181 -0.0347633
v 0.0033948 0.00223279 -0.0347633
v -2.14313e-18 -2.62458e-34 -0.035
v 0.00730146 0.0243886 -0.0240185
v 0.00837199 0.0244949 -0.0235565
v 0.0100834 0.023376 -0.0240185
v 0.0115016 0.0244949 -0.0221971
v 0.012729 0.0220473 -0.0240185
v 0.0140372 0.0243131 -0.0209006
v 0.0152025 0.0204205 -0.0240185
v 0.0167648 0.0225191 -0.0209006
v 0.0174704 0.0185175 -0.0240185
v 0.0192658 0.0204205 -0.0209006
v 0.02066 0.0190088 -0.0209006
v 0.0221883 0.0206501 -0.0175
v 0.0232195 0.0194835 -0.0175
v 0.0246188 0.0206576 -0.0138628
v 0.0253244 0.0166561 -0.0175
v 0.0268505 0.0176599 -0.0138628
v 0.0270868 0.0136035 -0.0175
v 0.0287192 0.0144233 -0.0138628
v 0.0284874 0.0103546 -0.0175
v 0.0302047 0.0109772 -0.0138628
v 0.0294929 0.00699426 -0.0175
v 0.014417 0.0244949 -0.0204242
v 0.0170638 0.0244949 -0.0182709
v 0.0181004 0.0243131 -0.0175
v 0.0208006 0.0220473 -0.0175
v 0.0234002 0.0220285 -0.0138628
v 0.0256852 0.0215524 -0.0100381
v 0.0280136 0.0184248 -0.0100381
v 0.0299632 0.0150481 -0.0100381
v 0.0193928 0.0244949 -0.0157772
v 0.0220541 0.023376 -0.0138628
v 0.0213605 0.0244949 -0.0129896
v 0.0230094 0.0243886 -0.0100381
v 0.0229303 0.0244949 -0.00996003
v 0.0240729 0.0244949 -0.00674492
v 0.0247671 0.0244949 -0.00340417
v 0.0248258 0.0239111 -0.00607769
v 0.0242822 0.0231217 -0.0100381
v -0.00406325 4.97605e-19 -0.0347633
v -2.14313e-18 -2.62458e-34 -0.035
v -0.00403578 -0.000471715 -0.0347633
v -0.00406325 4.97605e-19 0.0347633
v -2.14313e-18 2.62458e-34 0.035
v -0.00403578 0.000471715 0.0347633
v -0.00381827 -0.00138953 -0.0347633
v -0.00363105 -0.00182358 -0.0347633
v -0.0033948 -0.00223279 -0.0347633
v -0.00311263 -0.00261181 -0.0347633
v -0.00278837 -0.0029555 -0.0347633
v -0.00242641 -0.00325923 -0.0347633
v -0.00203163 -0.00351888 -0.0347633
v -0.00160937 -0.00373094 -0.0347633
v -0.00116535 -0.00389255 -0.0347633
v -0.000705576 -0.00400152 -0.0347633
v -0.000236257 -0.00405638 -0.0347633
v 0.000236257 -0.00405638 -0.0347633
v 0.000705576 -0.00400152 -0.0347633
v 0.00116535 -0.00389255 -0.0347633
v 0.00160937 -0.00373094 -0.0347633
v 0.00203163 -0.00351888 -0.0347633
v 0.00242641 -0.00325923 -0.0347633
v 0.00278837 -0.0029555 -0.0347633
v 0.00311263 -0.00261181 -0.0347633
v 0.0033948 -0.00223279 -0.0347633
v 0.00363105 -0.00182358 -0.0347633
v 0.00395371 -0.000937111 -0.0347633
v 0.00403578 -0.000471715 -0.0347633
v -2.14313e-18 -2.62458e-34 -0.035
v 0.00406325 1.21749e-20 -0.0347633
v 0.00403578 0.000471715 -0.0347633
v 0.00381827 0.00138953 -0.0347633
v 0.00363105 0.00182358 -0.0347633
v 0.0033948 0.00223279 -0.0347633
v 0.00242641 0.00325923 -0.0347633
v 0.00203163 0.00351888 -0.0347633
v 0.00160937 0.00373094 -0.0347633
v 0.00116535 0.00389255 -0.0347633
v 0.000705576 0.00400152 -0.0347633
v 0.000236257 0.00405638 -0.0347633
v -0.000236257 0.00405638 -0.0347633
v -0.000705576 0.00400152 -0.0347633
v -0.00116535 0.00389255 -0.0347633
v -0.00160937 0.00373094 -0.0347633
v -0.00203163 0.00351888 -0.0347633
v -0.00242641 0.00325923 -0.0347633
v -0.00278837 0.0029555 -0.0347633
v -0.00311263 0.00261181 -0.0347633
v -0.0033948 0.00223279 -0.0347633
v -0.00363105 0.00182358 -0.0347633
v -0.00395371 0.000937111 -0.0347633
v -0.00403578 0.000471715 -0.0347633
v -0.00406325 4.97605e-19 -0.0347633
v -0.00403578 0.000471715 0.0347633
v -2.14313e-18 2.62458e-34 0.035
v -0.00395371 0.000937111 0.0347633
v -0.00363105 0.00182358 0.0347633
v -0.0033948 0.00223279 0.0347633
v -0.00311263 0.00261181 0.0347633
v -0.00278837 0.0029555 0.0347633
v -0.00242641 0.00325923 0.0347633
v -0.00203163 0.00351888 0.0347633
v -0.00160937 0.00373094 0.0347633
v -0.00116535 0.00389255 0.0347633
v -0.000705576 0.00400152 0.0347633
v -0.000236257 0.00405638 0.0347633
v 0.000236257 0.00405638 0.0347633
v 0.000705576 0.00400152 0.0347633
v 0.00116535 0.00389255 0.0347633
v 0.00160937 0.00373094 0.0347633
v 0.00203163 0.00351888 0.0347633
v 0.00242641 0.00325923 0.0347633
v 0.00278837 0.0029555 0.0347633
v 0.00311263 0.00261181 0.0347633
v 0.0033948 0.00223279 0.0347633
v 0.00363105 0.00182358 0.0347633
v 0.00381827 0.00138953 0.0347633
v 0.00403578 0.000471715 0.0347633
v 0.00406325 1.21749e-20 0.0347633
v 0.00403578 -0.000471715 0.0347633
v 0.00395371 -0.000937111 0.0347633
v 0.00363105 -0.00182358 0.0347633
v -2.14313e-18 2.62458e-34 0.035
v 0.0033948 -0.00223279 0.0347633
v 0.00311263 -0.00261181 0.0347633
v 0.00278837 -0.0029555 0.0347633
v 0.00242641 -0.00325923 0.0347633
v 0.00203163 -0.00351888 0.0347633
v 0.00160937 -0.00373094 0.0347633
v 0.00116535 -0.00389255 0.0347633
v 0.000705576 -0.00400152 0.0347633
v 0.000236257 -0.00405638 0.0347633
v -0.000236257 -0.00405638 0.0347633
v -0.000705576 -0.00400152 0.0347633
v -0.00116535 -0.00389255 0.0347633
v -0.00160937 -0.00373094 0.0347633
v -0.00203163 -0.00351888 0.0347633
v -0.00242641 -0.00325923 0.0347633
v -0.00278837 -0.0029555 0.0347633
v -0.00311263 -0.00261181 0.0347633
v -0.0033948 -0.00223279 0.0347633
v -0.00363105 -0.00182358 0.0347633
v -0.00381827 -0.00138953 0.0347633
v -0.00403578 -0.000471715 0.0347633
v -0.00406325 4.97605e-19 0.0347633
v -0.00406325 4.97605e-19 -0.0347633
v -0.00807156 9.8848e-19 -0.0340566
v -0.00403578 0.000471715 -0.0347633
v -0.00801698 0.00093705 -0.0340566
v -0.00395371 0.000937111 -0.0347633
v -0.00785393 0.00186167 -0.0340566
v -0.00758505 0.00275991 -0.0340566
v -0.0112494 0.0040926 -0.0328892
v -0.0107242 0.00531886 -0.0328892
v -0.0140839 0.00695595 -0.0312771
v -0.0140372 0.00704972 -0.0312771
v -0.0171871 0.00863167 -0.0292421
v -0.0131238 0.00863167 -0.0312771
v -0.0160688 0.0105686 -0.0292421
v -0.012033 0.0100969 -0.0312771
v -0.0147332 0.0123626 -0.0292421
v -0.0107795 0.0114256 -0.0312771
v -0.0131984 0.0139894 -0.0292421
v -0.00938015 0.0125997 -0.0312771
v -0.011485 0.0154271 -0.0292421
v -0.00785399 0.0136035 -0.0312771
v -0.00961641 0.0166561 -0.0292421
v -0.00622161 0.0144233 -0.0312771
v -0.00761773 0.0176599 -0.0292421
v -0.0045051 0.0150481 -0.0312771
v -0.00551603 0.0184248 -0.0292421
v -0.00272766 0.0154693 -0.0312771
v -0.0119707 1.46599e-18 -0.0328892
v -0.0118898 0.00138971 -0.0328892
v -0.0116479 0.00276117 -0.0328892
v -0.0147617 0.00536961 -0.0312771
v -0.0172584 0.00848808 -0.0292421
v -0.0201046 0.0100969 -0.0268116
v -0.0187964 0.0123626 -0.0268116
v -0.0172341 0.0144612 -0.0268116
v -0.0154388 0.0163641 -0.0268116
v -0.0134346 0.0180458 -0.0268116
v -0.0112488 0.0194835 -0.0268116
v -0.00891083 0.0206576 -0.0268116
v -0.00807156 9.8848e-19 -0.0340566
v -0.00406325 4.97605e-19 -0.0347633
v -0.00801698 -0.00093705 -0.0340566
v -0.00403578 -0.000471715 -0.0347633
v -0.00395371 -0.000937111 -0.0347633
v -2.14313e-18 -2.62458e-34 -0.035
v -0.00381827 -0.00138953 -0.0347633
v -0.015708 1.92367e-18 -0.0312771
v -0.0156018 0.00182358 -0.0312771
v -0.0152843 0.00362345 -0.0312771
v -0.0180745 0.00657367 -0.0292421
v -0.0202046 0.00989525 -0.0268116
v -0.0227502 0.0114256 -0.0240185
v -0.0212699 0.0139894 -0.0240185
v -0.019502 0.0163641 -0.0240185
v -0.0174704 0.0185175 -0.0240185
v -0.0152025 0.0204205 -0.0240185
v -0.012729 0.0220473 -0.0240185
v -0.0119707 1.46599e-18 -0.0328892
v -0.0118898 -0.00138971 -0.0328892
v -0.00785393 -0.00186167 -0.0340566
v -0.00758505 -0.00275991 -0.0340566
v -0.00721301 -0.00362251 -0.0340566
v -0.00363105 -0.00182358 -0.0347633
v -0.00674369 -0.00443539 -0.0340566
v -0.0033948 -0.00223279 -0.0347633
v -0.00618317 -0.0051883 -0.0340566
v -0.00311263 -0.00261181 -0.0347633
v -0.00553904 -0.00587104 -0.0340566
v -0.00278837 -0.0029555 -0.0347633
v -0.00482 -0.00647438 -0.0340566
v -0.00242641 -0.00325923 -0.0347633
v -0.00403578 -0.00699017 -0.0340566
v -0.0192328 2.35534e-18 -0.0292421
v -0.0191028 0.00223279 -0.0292421
v -0.018714 0.00443683 -0.0292421
v -0.021143 0.00768853 -0.0268116
v -0.022882 0.0111593 -0.0240185
v -0.0250881 0.0125997 -0.0209006
v -0.0234557 0.0154271 -0.0209006
v -0.0215062 0.0180458 -0.0209006
v -0.0192658 0.0204205 -0.0209006
v -0.0167648 0.0225191 -0.0209006
v -0.0140372 0.0243131 -0.0209006
v -0.015708 1.92367e-18 -0.0312771
v -0.0156018 -0.00182358 -0.0312771
v -0.0119707 1.46599e-18 -0.0328892
v -0.0118898 -0.00138971 -0.0328892
v -0.0116479 -0.00276117 -0.0328892
v -0.00785393 -0.00186167 -0.0340566
v -0.0112494 -0.0040926 -0.0328892
v -0.00758505 -0.00275991 -0.0340566
v -0.0106974 -0.00537244 -0.0328892
v -0.00721301 -0.00362251 -0.0340566
v -0.0100014 -0.00657801 -0.0328892
v -0.00674369 -0.00443539 -0.0340566
v -0.00917009 -0.00769462 -0.0328892
v -0.00618317 -0.0051883 -0.0340566
v -0.0082148 -0.00870718 -0.0328892
v -0.00553904 -0.00587104 -0.0340566
v -0.00714841 -0.00960198 -0.0328892
v -0.00482 -0.00647438 -0.0340566
v -0.00598535 -0.0103669 -0.0328892
v -0.00403578 -0.00699017 -0.0340566
v -0.00474135 -0.0109917 -0.0328892
v -0.0192328 2.35534e-18 -0.0292421
v -0.0224976 2.75516e-18 -0.0268116
v -0.0191028 0.00223279 -0.0292421
v -0.0223454 0.00261181 -0.0268116
v -0.018714 0.00443683 -0.0292421
v -0.0218907 0.00519032 -0.0268116
v -0.021143 0.00768853 -0.0268116
v -0.0239257 0.00869913 -0.0240185
v -0.022882 0.0111593 -0.0240185
v -0.025254 0.012264 -0.0209006
v -0.0250881 0.0125997 -0.0209006
v -0.0270868 0.0136035 -0.0175
v -0.0234557 0.0154271 -0.0209006
v -0.0253244 0.0166561 -0.0175
v -0.0215062 0.0180458 -0.0209006
v -0.0232195 0.0194835 -0.0175
v -0.0192658 0.0204205 -0.0209006
v -0.0208006 0.0220473 -0.0175
v -0.0167648 0.0225191 -0.0209006
v -0.0181004 0.0243131 -0.0175
v -0.015708 1.92367e-18 -0.0312771
v -0.0191028 -0.00223279 -0.0292421
v -0.0156018 -0.00182358 -0.0312771
v -0.0152843 -0.00362345 -0.0312771
v -0.0116479 -0.00276117 -0.0328892
v -0.0147617 -0.00536961 -0.0312771
v -0.0112494 -0.0040926 -0.0328892
v -0.0140372 -0.00704972 -0.0312771
v -0.0106974 -0.00537244 -0.0328892
v -0.0131238 -0.00863167 -0.0312771
v -0.0100014 -0.00657801 -0.0328892
v -0.012033 -0.0100969 -0.0312771
v -0.00917009 -0.00769462 -0.0328892
v -0.0107795 -0.0114256 -0.0312771
v -0.0082148 -0.00870718 -0.0328892
v -0.00938015 -0.0125997 -0.0312771
v -0.00714841 -0.00960198 -0.0328892
v -0.00785399 -0.0136035 -0.0312771
v -0.00598535 -0.0103669 -0.0328892
v -0.00622161 -0.0144233 -0.0312771
v -0.00474135 -0.0109917 -0.0328892
v -0.0045051 -0.0150481 -0.0312771
v -0.0224976 2.75516e-18 -0.0268116
v -0.0254581 3.11772e-18 -0.0240185
v -0.0223454 0.00261181 -0.0268116
v -0.0252859 0.0029555 -0.0240185
v -0.0218907 0.00519032 -0.0268116
v -0.0247712 0.00587371 -0.0240185
v -0.0239257 0.00869913 -0.0240185
v -0.0263849 0.00959185 -0.0209006
v -0.025254 0.012264 -0.0209006
v -0.0272879 0.0131955 -0.0175
v -0.0270868 0.0136035 -0.0175
v -0.0287192 0.0144233 -0.0138628
v -0.0253244 0.0166561 -0.0175
v -0.0268505 0.0176599 -0.0138628
v -0.0232195 0.0194835 -0.0175
v -0.0246188 0.0206576 -0.0138628
v -0.0208006 0.0220473 -0.0175
v -0.0192328 2.35534e-18 -0.0292421
v -0.0223454 -0.00261181 -0.0268116
v -0.0191028 -0.00223279 -0.0292421
v -0.018714 -0.00443683 -0.0292421
v -0.0152843 -0.00362345 -0.0312771
v -0.0180745 -0.00657367 -0.0292421
v -0.0147617 -0.00536961 -0.0312771
v -0.0171871 -0.00863167 -0.0292421
v -0.0140372 -0.00704972 -0.0312771
v -0.0160688 -0.0105686 -0.0292421
v -0.0131238 -0.00863167 -0.0312771
v -0.0147332 -0.0123626 -0.0292421
v -0.012033 -0.0100969 -0.0312771
v -0.0131984 -0.0139894 -0.0292421
v -0.0107795 -0.0114256 -0.0312771
v -0.011485 -0.0154271 -0.0292421
v -0.00938015 -0.0125997 -0.0312771
v -0.00961641 -0.0166561 -0.0292421
v -0.00785399 -0.0136035 -0.0312771
v -0.00761773 -0.0176599 -0.0292421
v -0.00622161 -0.0144233 -0.0312771
v -0.00551603 -0.0184248 -0.0292421
v -0.0045051 -0.0150481 -0.0312771
v -0.00333974 -0.0189406 -0.0292421
v -0.0254581 3.11772e-18 -0.0240185
v -0.0280743 3.43811e-18 -0.0209006
v -0.0252859 0.0029555 -0.0240185
v -0.0278845 0.00325923 -0.0209006
v -0.0247712 0.00587371 -0.0240185
v -0.0273168 0.00647775 -0.0209006
v -0.0263849 0.00959185 -0.0209006
v -0.0284874 0.0103546 -0.0175
v -0.0272879 0.0131955 -0.0175
v -0.0289557 0.0139425 -0.0138628
v -0.0287192 0.0144233 -0.0138628
v -0.0299632 0.0150481 -0.0100381
v -0.0268505 0.0176599 -0.0138628
v -0.0280136 0.0184248 -0.0100381
v -0.0246188 0.0206576 -0.0138628
v -0.0224976 2.75516e-18 -0.0268116
v -0.0252859 -0.0029555 -0.0240185
v -0.0223454 -0.00261181 -0.0268116
v -0.0218907 -0.00519032 -0.0268116
v -0.018714 -0.00443683 -0.0292421
v -0.021143 -0.00768853 -0.0268116
v -0.0180745 -0.00657367 -0.0292421
v -0.0201046 -0.0100969 -0.0268116
v -0.0171871 -0.00863167 -0.0292421
v -0.0187964 -0.0123626 -0.0268116
v -0.0160688 -0.0105686 -0.0292421
v -0.0172341 -0.0144612 -0.0268116
v -0.0147332 -0.0123626 -0.0292421
v -0.0154388 -0.0163641 -0.0268116
v -0.0131984 -0.0139894 -0.0292421
v -0.0134346 -0.0180458 -0.0268116
v -0.011485 -0.0154271 -0.0292421
v -0.0112488 -0.0194835 -0.0268116
v -0.00961641 -0.0166561 -0.0292421
v -0.00891083 -0.0206576 -0.0268116
v -0.00761773 -0.0176599 -0.0292421
v -0.00645237 -0.0215524 -0.0268116
v -0.00551603 -0.0184248 -0.0292421
v -0.00390666 -0.0221558 -0.0268116
v -0.00333974 -0.0189406 -0.0292421
v -0.00130812 -0.0224595 -0.0268116
v -0.0280743 3.43811e-18 -0.0209006
v -0.0303109 3.71201e-18 -0.0175
v -0.0278845 0.00325923 -0.0209006
v -0.0301059 0.00351888 -0.0175
v -0.0273168 0.00647775 -0.0209006
v -0.0294929 0.00699426 -0.0175
v -0.0284874 0.0103546 -0.0175
v -0.0302047 0.0109772 -0.0138628
v -0.0289557 0.0139425 -0.0138628
v -0.0302341 0.014496 -0.0100381
v -0.0299632 0.0150481 -0.0100381
v -0.030802 0.0154693 -0.00607769
v -0.0280136 0.0184248 -0.0100381
v -0.0254581 3.11772e-18 -0.0240185
v -0.0278845 -0.00325923 -0.0209006
v -0.0252859 -0.0029555 -0.0240185
v -0.0247712 -0.00587371 -0.0240185
v -0.0218907 -0.00519032 -0.0268116
v -0.0239257 -0.00869913 -0.0240185
v -0.021143 -0.00768853 -0.0268116
v -0.0227502 -0.0114256 -0.0240185
v -0.0201046 -0.0100969 -0.0268116
v -0.0212699 -0.0139894 -0.0240185
v -0.0187964 -0.0123626 -0.0268116
v -0.019502 -0.0163641 -0.0240185
v -0.0172341 -0.0144612 -0.0268116
v -0.0174704 -0.0185175 -0.0240185
v -0.0154388 -0.0163641 -0.0268116
v -0.0152025 -0.0204205 -0.0240185
v -0.0134346 -0.0180458 -0.0268116
v -0.012729 -0.0220473 -0.0240185
v -0.0112488 -0.0194835 -0.0268116
v -0.0100834 -0.023376 -0.0240185
v -0.00891083 -0.0206576 -0.0268116
v -0.00730146 -0.0243886 -0.0240185
v -0.00645237 -0.0215524 -0.0268116
v -0.00442075 -0.0250713 -0.0240185
v -0.00390666 -0.0221558 -0.0268116
v -0.00148026 -0.025415 -0.0240185
v -0.00130812 -0.0224595 -0.0268116
v 0.00148026 -0.025415 -0.0240185
v -0.0303109 3.71201e-18 -0.0175
v -0.0280743 3.43811e-18 -0.0209006
v -0.0301059 -0.00351888 -0.0175
v -0.0278845 -0.00325923 -0.0209006
v -0.0273168 -0.00647775 -0.0209006
v -0.0247712 -0.00587371 -0.0240185
v -0.0263849 -0.00959185 -0.0209006
v -0.0239257 -0.00869913 -0.0240185
v -0.0250881 -0.0125997 -0.0209006
v -0.0227502 -0.0114256 -0.0240185
v -0.0234557 -0.0154271 -0.0209006
v -0.0212699 -0.0139894 -0.0240185
v -0.0215062 -0.0180458 -0.0209006
v -0.019502 -0.0163641 -0.0240185
v -0.0192658 -0.0204205 -0.0209006
v -0.0174704 -0.0185175 -0.0240185
v -0.0167648 -0.0225191 -0.0209006
v -0.0152025 -0.0204205 -0.0240185
v -0.0140372 -0.0243131 -0.0209006
v -0.012729 -0.0220473 -0.0240185
v -0.0111197 -0.0257783 -0.0209006
v -0.0100834 -0.023376 -0.0240185
v -0.0080518 -0.0268949 -0.0209006
v -0.00730146 -0.0243886 -0.0240185
v -0.00487505 -0.0276478 -0.0209006
v -0.00442075 -0.0250713 -0.0240185
v -0.00163238 -0.0280268 -0.0209006
v -0.00148026 -0.025415 -0.0240185
v 0.00163238 -0.0280268 -0.0209006
v 0.00148026 -0.025415 -0.0240185
v 0.00487505 -0.0276478 -0.0209006
v -0.0280743 3.43811e-18 0.0209006
v -0.0254581 3.11772e-18 0.0240185
v -0.0278845 0.00325923 0.0209006
v -0.0252859 0.0029555 0.0240185
v -0.0247712 0.00587371 0.0240185
v -0.0218907 0.00519032 0.0268116
v -0.0239257 0.00869913 0.0240185
v -0.021143 0.00768853 0.0268116
v -0.0227502 0.0114256 0.0240185
v -0.0201046 0.0100969 0.0268116
v -0.0212699 0.0139894 0.0240185
v -0.0187964 0.0123626 0.0268116
v -0.019502 0.0163641 0.0240185
v -0.0172341 0.0144612 0.0268116
v -0.0174704 0.0185175 0.0240185
v -0.0154388 0.0163641 0.0268116
v -0.0152025 0.0204205 0.0240185
v -0.0134346 0.0180458 0.0268116
v -0.012729 0.0220473 0.0240185
v -0.0112488 0.0194835 0.0268116
v -0.0100834 0.023376 0.0240185
v -0.00891083 0.0206576 0.0268116
v -0.00730146 0.0243886 0.0240185
v -0.00645237 0.0215524 0.0268116
v -0.0224976 2.75516e-18 0.0268116
v -0.0223454 0.00261181 0.0268116
v -0.018714 0.00443683 0.0292421
v -0.0180745 0.00657367 0.0292421
v -0.0171871 0.00863167 0.0292421
v -0.0160688 0.0105686 0.0292421
v -0.0147332 0.0123626 0.0292421
v -0.0131984 0.0139894 0.0292421
v -0.011485 0.0154271 0.0292421
v -0.00961641 0.0166561 0.0292421
v -0.00761773 0.0176599 0.0292421
v -0.00551603 0.0184248 0.0292421
v -0.0254581 3.11772e-18 0.0240185
v -0.0280743 3.43811e-18 0.0209006
v -0.0252859 -0.0029555 0.0240185
v -0.0278845 -0.00325923 0.0209006
v -0.0247712 -0.00587371 0.0240185
v -0.0273168 -0.00647775 0.0209006
v -0.0263849 -0.00959185 0.0209006
v -0.0284874 -0.0103546 0.0175
v -0.0270868 -0.0136035 0.0175
v -0.0287192 -0.0144233 0.0138628
v -0.0253244 -0.0166561 0.0175
v -0.0268505 -0.0176599 0.0138628
v -0.0232195 -0.0194835 0.0175
v -0.0246188 -0.0206576 0.0138628
v -0.0208006 -0.0220473 0.0175
v -0.0220541 -0.023376 0.0138628
v -0.0181004 -0.0243131 0.0175
v -0.0191912 -0.0257783 0.0138628
v -0.0151554 -0.02625 0.0175
v -0.0160688 -0.0278319 0.0138628
v -0.0120055 -0.0278319 0.0175
v -0.012729 -0.0295092 0.0138628
v -0.00869326 -0.0290375 0.0175
v -0.00921716 -0.0307874 0.0138628
v -0.00526343 -0.0298504 0.0175
v -0.00558063 -0.0316493 0.0138628
v -0.00176242 -0.0302596 0.0175
v -0.00186863 -0.0320832 0.0138628
v 0.00176242 -0.0302596 0.0175
v 0.00186863 -0.0320832 0.0138628
v 0.00526343 -0.0298504 0.0175
v 0.00558063 -0.0316493 0.0138628
v 0.00869326 -0.0290375 0.0175
v 0.00921716 -0.0307874 0.0138628
v 0.0120055 -0.0278319 0.0175
v 0.012729 -0.0295092 0.0138628
v 0.0151554 -0.02625 0.0175
v 0.0160688 -0.0278319 0.0138628
v 0.0181004 -0.0243131 0.0175
v 0.0191912 -0.0257783 0.0138628
v 0.0208006 -0.0220473 0.0175
v 0.0220541 -0.023376 0.0138628
v 0.0232195 -0.0194835 0.0175
v 0.0246188 -0.0206576 0.0138628
v 0.0253244 -0.0166561 0.0175
v 0.0268505 -0.0176599 0.0138628
v 0.0270868 -0.0136035 0.0175
v 0.0287192 -0.0144233 0.0138628
v 0.0284874 -0.0103546 0.0175
v 0.0302047 -0.0109772 0.0138628
v 0.0294929 -0.00699426 0.0175
v -0.0224976 2.75516e-18 0.0268116
v -0.0192328 2.35534e-18 0.0292421
v -0.0223454 0.00261181 0.0268116
v -0.0191028 0.00223279 0.0292421
v -0.018714 0.00443683 0.0292421
v -0.0152843 0.00362345 0.0312771
v -0.0180745 0.00657367 0.0292421
v -0.0147617 0.00536961 0.0312771
v -0.0171871 0.00863167 0.0292421
v -0.0140372 0.00704972 0.0312771
v -0.0160688 0.0105686 0.0292421
v -0.0131238 0.00863167 0.0312771
v -0.0147332 0.0123626 0.0292421
v -0.012033 0.0100969 0.0312771
v -0.0131984 0.0139894 0.0292421
v -0.0107795 0.0114256 0.0312771
v -0.011485 0.0154271 0.0292421
v -0.00938015 0.0125997 0.0312771
v -0.00961641 0.0166561 0.0292421
v -0.00785399 0.0136035 0.0312771
v -0.00761773 0.0176599 0.0292421
v -0.00622161 0.0144233 0.0312771
v -0.00551603 0.0184248 0.0292421
v -0.0045051 0.0150481 0.0312771
v -0.0254581 3.11772e-18 0.0240185
v -0.0223454 -0.00261181 0.0268116
v -0.0252859 -0.0029555 0.0240185
v -0.0218907 -0.00519032 0.0268116
v -0.0247712 -0.00587371 0.0240185
v -0.0239257 -0.00869913 0.0240185
v -0.0263849 -0.00959185 0.0209006
v -0.0250881 -0.0125997 0.0209006
v -0.0270868 -0.0136035 0.0175
v -0.0234557 -0.0154271 0.0209006
v -0.0253244 -0.0166561 0.0175
v -0.0215062 -0.0180458 0.0209006
v -0.0232195 -0.0194835 0.0175
v -0.0192658 -0.0204205 0.0209006
v -0.0208006 -0.0220473 0.0175
v -0.0167648 -0.0225191 0.0209006
v -0.0181004 -0.0243131 0.0175
v -0.0140372 -0.0243131 0.0209006
v -0.0151554 -0.02625 0.0175
v -0.0111197 -0.0257783 0.0209006
v -0.0120055 -0.0278319 0.0175
v -0.0080518 -0.0268949 0.0209006
v -0.00869326 -0.0290375 0.0175
v -0.00487505 -0.0276478 0.0209006
v -0.00526343 -0.0298504 0.0175
v -0.00163238 -0.0280268 0.0209006
v -0.00176242 -0.0302596 0.0175
v 0.00163238 -0.0280268 0.0209006
v 0.00176242 -0.0302596 0.0175
v 0.00487505 -0.0276478 0.0209006
v 0.00526343 -0.0298504 0.0175
v 0.0080518 -0.0268949 0.0209006
v 0.00869326 -0.0290375 0.0175
v 0.0111197 -0.0257783 0.0209006
v 0.0120055 -0.0278319 0.0175
v 0.0140372 -0.0243131 0.0209006
v 0.0151554 -0.02625 0.0175
v 0.0167648 -0.0225191 0.0209006
v 0.0181004 -0.0243131 0.0175
v 0.0192658 -0.0204205 0.0209006
v 0.0208006 -0.0220473 0.0175
v 0.0215062 -0.0180458 0.0209006
v 0.0232195 -0.0194835 0.0175
v 0.0234557 -0.0154271 0.0209006
v 0.0253244 -0.0166561 0.0175
v 0.0250881 -0.0125997 0.0209006
v 0.0270868 -0.0136035 0.0175
v 0.0263849 -0.00959185 0.0209006
v 0.0284874 -0.0103546 0.0175
v 0.0273168 -0.00647775 0.0209006
v 0.0294929 -0.00699426 0.0175
v 0.0301059 -0.00351888 0.0175
v -0.0192328 2.35534e-18 0.0292421
v -0.015708 1.92367e-18 0.0312771
v -0.0191028 0.00223279 0.0292421
v -0.0156018 0.00182358 0.0312771
v -0.0152843 0.00362345 0.0312771
v -0.0116479 0.00276117 0.0328892
v -0.0147617 0.00536961 0.0312771
v -0.0112494 0.0040926 0.0328892
v -0.0140372 0.00704972 0.0312771
v -0.0106974 0.00537244 0.0328892
v -0.0131238 0.00863167 0.0312771
v -0.0100014 0.00657801 0.0328892
v -0.012033 0.0100969 0.0312771
v -0.00917009 0.00769462 0.0328892
v -0.0107795 0.0114256 0.0312771
v -0.0082148 0.00870718 0.0328892
v -0.00938015 0.0125997 0.0312771
v -0.00714841 0.00960198 0.0328892
v -0.00785399 0.0136035 0.0312771
v -0.00598535 0.0103669 0.0328892
v -0.00622161 0.0144233 0.0312771
v -0.00474135 0.0109917 0.0328892
v -0.0045051 0.0150481 0.0312771
v -0.00343324 0.0114678 0.0328892
v -0.0224976 2.75516e-18 0.0268116
v -0.0191028 -0.00223279 0.0292421
v -0.0223454 -0.00261181 0.0268116
v -0.018714 -0.00443683 0.0292421
v -0.0218907 -0.00519032 0.0268116
v -0.021143 -0.00768853 0.0268116
v -0.0239257 -0.00869913 0.0240185
v -0.0227502 -0.0114256 0.0240185
v -0.0250881 -0.0125997 0.0209006
v -0.0212699 -0.0139894 0.0240185
v -0.0234557 -0.0154271 0.0209006
v -0.019502 -0.0163641 0.0240185
v -0.0215062 -0.0180458 0.0209006
v -0.0174704 -0.0185175 0.0240185
v -0.0192658 -0.0204205 0.0209006
v -0.0152025 -0.0204205 0.0240185
v -0.0167648 -0.0225191 0.0209006
v -0.012729 -0.0220473 0.0240185
v -0.0140372 -0.0243131 0.0209006
v -0.0100834 -0.023376 0.0240185
v -0.0111197 -0.0257783 0.0209006
v -0.00730146 -0.0243886 0.0240185
v -0.0080518 -0.0268949 0.0209006
v -0.00442075 -0.0250713 0.0240185
v -0.00487505 -0.0276478 0.0209006
v -0.00148026 -0.025415 0.0240185
v -0.00163238 -0.0280268 0.0209006
v 0.00148026 -0.025415 0.0240185
v 0.00163238 -0.0280268 0.0209006
v 0.00442075 -0.0250713 0.0240185
v 0.00487505 -0.0276478 0.0209006
v 0.00730146 -0.0243886 0.0240185
v 0.0080518 -0.0268949 0.0209006
v 0.0100834 -0.023376 0.0240185
v 0.0111197 -0.0257783 0.0209006
v 0.012729 -0.0220473 0.0240185
v 0.0140372 -0.0243131 0.0209006
v 0.0152025 -0.0204205 0.0240185
v 0.0167648 -0.0225191 0.0209006
v 0.0174704 -0.0185175 0.0240185
v 0.0192658 -0.0204205 0.0209006
v 0.019502 -0.0163641 0.0240185
v 0.0215062 -0.0180458 0.0209006
v 0.0212699 -0.0139894 0.0240185
v 0.0234557 -0.0154271 0.0209006
v 0.0227502 -0.0114256 0.0240185
v 0.0250881 -0.0125997 0.0209006
v 0.0239257 -0.00869913 0.0240185
v 0.0263849 -0.00959185 0.0209006
v 0.0247712 -0.00587371 0.0240185
v 0.0273168 -0.00647775 0.0209006
v 0.0278845 -0.00325923 0.0209006
v 0.0301059 -0.00351888 0.0175
v 0.0280743 6.72965e-19 0.0209006
v 0.0303109 8.174e-19 0.0175
v 0.0278845 0.00325923 0.0209006
v 0.0301059 0.00351888 0.0175
v 0.0273168 0.00647775 0.0209006
v 0.0294929 0.00699426 0.0175
v 0.0284874 0.0103546 0.0175
v 0.0302047 0.0109772 0.0138628
v 0.0287192 0.0144233 0.0138628
v 0.0299632 0.0150481 0.0100381
v 0.0268505 0.0176599 0.0138628
v 0.0280136 0.0184248 0.0100381
v 0.0246188 0.0206576 0.0138628
v 0.0256852 0.0215524 0.0100381
v 0.0220541 0.023376 0.0138628
v 0.0230094 0.0243886 0.0100381
v -0.015708 1.92367e-18 0.0312771
v -0.0119707 1.46599e-18 0.0328892
v -0.0156018 0.00182358 0.0312771
v -0.0118898 0.00138971 0.0328892
v -0.0116479 0.00276117 0.0328892
v -0.00785393 0.00186167 0.0340566
v -0.0112494 0.0040926 0.0328892
v -0.00758505 0.00275991 0.0340566
v -0.0106974 0.00537244 0.0328892
v -0.00721301 0.00362251 0.0340566
v -0.0100014 0.00657801 0.0328892
v -0.00674369 0.00443539 0.0340566
v -0.00917009 0.00769462 0.0328892
v -0.00618317 0.0051883 0.0340566
v -0.0082148 0.00870718 0.0328892
v -0.00553904 0.00587104 0.0340566
v -0.00714841 0.00960198 0.0328892
v -0.00482 0.00647438 0.0340566
v -0.00598535 0.0103669 0.0328892
v -0.00403578 0.00699017 0.0340566
v -0.00474135 0.0109917 0.0328892
v -0.00319698 0.00741143 0.0340566
v -0.00343324 0.0114678 0.0328892
v -0.00231495 0.00773247 0.0340566
v -0.0192328 2.35534e-18 0.0292421
v -0.0156018 -0.00182358 0.0312771
v -0.0191028 -0.00223279 0.0292421
v -0.0152843 -0.00362345 0.0312771
v -0.018714 -0.00443683 0.0292421
v -0.0180745 -0.00657367 0.0292421
v -0.021143 -0.00768853 0.0268116
v -0.0201046 -0.0100969 0.0268116
v -0.0227502 -0.0114256 0.0240185
v -0.0187964 -0.0123626 0.0268116
v -0.0212699 -0.0139894 0.0240185
v -0.0172341 -0.0144612 0.0268116
v -0.019502 -0.0163641 0.0240185
v -0.0154388 -0.0163641 0.0268116
v -0.0174704 -0.0185175 0.0240185
v -0.0134346 -0.0180458 0.0268116
v -0.0152025 -0.0204205 0.0240185
v -0.0112488 -0.0194835 0.0268116
v -0.012729 -0.0220473 0.0240185
v -0.00891083 -0.0206576 0.0268116
v -0.0100834 -0.023376 0.0240185
v -0.00645237 -0.0215524 0.0268116
v -0.00730146 -0.0243886 0.0240185
v -0.00390666 -0.0221558 0.0268116
v -0.00442075 -0.0250713 0.0240185
v -0.00130812 -0.0224595 0.0268116
v -0.00148026 -0.025415 0.0240185
v 0.00130812 -0.0224595 0.0268116
v 0.00148026 -0.025415 0.0240185
v 0.00390666 -0.0221558 0.0268116
v 0.00442075 -0.0250713 0.0240185
v 0.00645237 -0.0215524 0.0268116
v 0.00730146 -0.0243886 0.0240185
v 0.00891083 -0.0206576 0.0268116
v 0.0100834 -0.023376 0.0240185
v 0.0112488 -0.0194835 0.0268116
v 0.012729 -0.0220473 0.0240185
v 0.0134346 -0.0180458 0.0268116
v 0.0152025 -0.0204205 0.0240185
v 0.0154388 -0.0163641 0.0268116
v 0.0174704 -0.0185175 0.0240185
v 0.0172341 -0.0144612 0.0268116
v 0.019502 -0.0163641 0.0240185
v 0.0187964 -0.0123626 0.0268116
v 0.0212699 -0.0139894 0.0240185
v 0.0201046 -0.0100969 0.0268116
v 0.0227502 -0.0114256 0.0240185
v 0.021143 -0.00768853 0.0268116
v 0.0239257 -0.00869913 0.0240185
v 0.0218907 -0.00519032 0.0268116
v 0.0247712 -0.00587371 0.0240185
v 0.0252859 -0.0029555 0.0240185
v 0.0278845 -0.00325923 0.0209006
v 0.0254581 5.3397e-19 0.0240185
v 0.0280743 6.72965e-19 0.0209006
v 0.0252859 0.0029555 0.0240185
v 0.0278845 0.00325923 0.0209006
v 0.0247712 0.00587371 0.0240185
v 0.0273168 0.00647775 0.0209006
v 0.0263849 0.00959185 0.0209006
v 0.0284874 0.0103546 0.0175
v 0.0270868 0.0136035 0.0175
v 0.0287192 0.0144233 0.0138628
v 0.0253244 0.0166561 0.0175
v 0.0268505 0.0176599 0.0138628
v 0.0232195 0.0194835 0.0175
v 0.0246188 0.0206576 0.0138628
v 0.0208006 0.0220473 0.0175
v 0.0220541 0.023376 0.0138628
v -0.0119707 1.46599e-18 0.0328892
v -0.00807156 9.8848e-19 0.0340566
v -0.0118898 0.00138971 0.0328892
v -0.00801698 0.00093705 0.0340566
v -0.00785393 0.00186167 0.0340566
v -0.00395371 0.000937111 0.0347633
v -0.00758505 0.00275991 0.0340566
v -0.00381827 0.00138953 0.0347633
v -0.00721301 0.00362251 0.0340566
v -0.00363105 0.00182358 0.0347633
v -0.00674369 0.00443539 0.0340566
v -0.0033948 0.00223279 0.0347633
v -0.00618317 0.0051883 0.0340566
v -0.00311263 0.00261181 0.0347633
v -0.00553904 0.00587104 0.0340566
v -0.00278837 0.0029555 0.0347633
v -0.00482 0.00647438 0.0340566
v -0.00242641 0.00325923 0.0347633
v -0.00403578 0.00699017 0.0340566
v -0.00203163 0.00351888 0.0347633
v -0.00319698 0.00741143 0.0340566
v -0.00160937 0.00373094 0.0347633
v -0.00231495 0.00773247 0.0340566
v -0.00116535 0.00389255 0.0347633
v -0.015708 1.92367e-18 0.0312771
v -0.0118898 -0.00138971 0.0328892
v -0.0156018 -0.00182358 0.0312771
v -0.0116479 -0.00276117 0.0328892
v -0.0152843 -0.00362345 0.0312771
v -0.0147617 -0.00536961 0.0312771
v -0.0180745 -0.00657367 0.0292421
v -0.0171871 -0.00863167 0.0292421
v -0.0201046 -0.0100969 0.0268116
v -0.0160688 -0.0105686 0.0292421
v -0.0187964 -0.0123626 0.0268116
v -0.0147332 -0.0123626 0.0292421
v -0.0172341 -0.0144612 0.0268116
v -0.0131984 -0.0139894 0.0292421
v -0.0154388 -0.0163641 0.0268116
v -0.011485 -0.0154271 0.0292421
v -0.0134346 -0.0180458 0.0268116
v -0.00961641 -0.0166561 0.0292421
v -0.0112488 -0.0194835 0.0268116
v -0.00761773 -0.0176599 0.0292421
v -0.00891083 -0.0206576 0.0268116
v -0.00551603 -0.0184248 0.0292421
v -0.00645237 -0.0215524 0.0268116
v -0.00333974 -0.0189406 0.0292421
v -0.00390666 -0.0221558 0.0268116
v -0.00111829 -0.0192003 0.0292421
v -0.00130812 -0.0224595 0.0268116
v 0.00111829 -0.0192003 0.0292421
v 0.00130812 -0.0224595 0.0268116
v 0.00333974 -0.0189406 0.0292421
v 0.00390666 -0.0221558 0.0268116
v 0.00551603 -0.0184248 0.0292421
v 0.00645237 -0.0215524 0.0268116
v 0.00761773 -0.0176599 0.0292421
v 0.00891083 -0.0206576 0.0268116
v 0.00961641 -0.0166561 0.0292421
v 0.0112488 -0.0194835 0.0268116
v 0.011485 -0.0154271 0.0292421
v 0.0134346 -0.0180458 0.0268116
v 0.0131984 -0.0139894 0.0292421
v 0.0154388 -0.0163641 0.0268116
v 0.0147332 -0.0123626 0.0292421
v 0.0172341 -0.0144612 0.0268116
v 0.0160688 -0.0105686 0.0292421
v 0.0187964 -0.0123626 0.0268116
v 0.0171871 -0.00863167 0.0292421
v 0.0201046 -0.0100969 0.0268116
v 0.0180745 -0.00657367 0.0292421
v 0.021143 -0.00768853 0.0268116
v 0.018714 -0.00443683 0.0292421
v 0.0218907 -0.00519032 0.0268116
v 0.0223454 -0.00261181 0.0268116
v 0.0252859 -0.0029555 0.0240185
v 0.0224976 4.04464e-19 0.0268116
v 0.0254581 5.3397e-19 0.0240185
v 0.0223454 0.00261181 0.0268116
v 0.0252859 0.0029555 0.0240185
v 0.0218907 0.00519032 0.0268116
v 0.0247712 0.00587371 0.0240185
v 0.0239257 0.00869913 0.0240185
v 0.0263849 0.00959185 0.0209006
v 0.0250881 0.0125997 0.0209006
v 0.0270868 0.0136035 0.0175
v 0.0234557 0.0154271 0.0209006
v 0.0253244 0.0166561 0.0175
v 0.0215062 0.0180458 0.0209006
v 0.0232195 0.0194835 0.0175
v 0.0192658 0.0204205 0.0209006
v 0.0208006 0.0220473 0.0175
v 0.0167648 0.0225191 0.0209006
v -0.00807156 9.8848e-19 0.0340566
v -0.00406325 4.97605e-19 0.0347633
v -0.00801698 0.00093705 0.0340566
v -0.00403578 0.000471715 0.0347633
v -0.00395371 0.000937111 0.0347633
v -0.0119707 1.46599e-18 0.0328892
v -0.00801698 -0.00093705 0.0340566
v -0.0118898 -0.00138971 0.0328892
v -0.00785393 -0.00186167 0.0340566
v -0.0116479 -0.00276117 0.0328892
v -0.0112494 -0.0040926 0.0328892
v -0.0147617 -0.00536961 0.0312771
v -0.0140372 -0.00704972 0.0312771
v -0.0171871 -0.00863167 0.0292421
v -0.0131238 -0.00863167 0.0312771
v -0.0160688 -0.0105686 0.0292421
v -0.012033 -0.0100969 0.0312771
v -0.0147332 -0.0123626 0.0292421
v -0.0107795 -0.0114256 0.0312771
v -0.0131984 -0.0139894 0.0292421
v -0.00938015 -0.0125997 0.0312771
v -0.011485 -0.0154271 0.0292421
v -0.00785399 -0.0136035 0.0312771
v -0.00961641 -0.0166561 0.0292421
v -0.00622161 -0.0144233 0.0312771
v -0.00761773 -0.0176599 0.0292421
v -0.0045051 -0.0150481 0.0312771
v -0.00551603 -0.0184248 0.0292421
v -0.00272766 -0.0154693 0.0312771
v -0.00333974 -0.0189406 0.0292421
v -0.000913337 -0.0156814 0.0312771
v -0.00111829 -0.0192003 0.0292421
v 0.000913337 -0.0156814 0.0312771
v 0.00111829 -0.0192003 0.0292421
v 0.00272766 -0.0154693 0.0312771
v 0.00333974 -0.0189406 0.0292421
v 0.0045051 -0.0150481 0.0312771
v 0.00551603 -0.0184248 0.0292421
v 0.00622161 -0.0144233 0.0312771
v 0.00761773 -0.0176599 0.0292421
v 0.00785399 -0.0136035 0.0312771
v 0.00961641 -0.0166561 0.0292421
v 0.00938015 -0.0125997 0.0312771
v 0.011485 -0.0154271 0.0292421
v 0.0107795 -0.0114256 0.0312771
v 0.0131984 -0.0139894 0.0292421
v 0.012033 -0.0100969 0.0312771
v 0.0147332 -0.0123626 0.0292421
v 0.0131238 -0.00863167 0.0312771
v 0.0160688 -0.0105686 0.0292421
v 0.0140372 -0.00704972 0.0312771
v 0.0171871 -0.00863167 0.0292421
v 0.0147617 -0.00536961 0.0312771
v 0.0180745 -0.00657367 0.0292421
v 0.0152843 -0.00362345 0.0312771
v 0.018714 -0.00443683 0.0292421
v 0.0191028 -0.00223279 0.0292421
v 0.0223454 -0.00261181 0.0268116
v 0.0192328 2.88142e-19 0.0292421
v 0.0224976 4.04464e-19 0.0268116
v 0.0191028 0.00223279 0.0292421
v 0.0223454 0.00261181 0.0268116
v 0.018714 0.00443683 0.0292421
v 0.0218907 0.00519032 0.0268116
v 0.021143 0.00768853 0.0268116
v 0.0239257 0.00869913 0.0240185
v 0.0227502 0.0114256 0.0240185
v 0.0250881 0.0125997 0.0209006
v 0.0212699 0.0139894 0.0240185
v 0.0234557 0.0154271 0.0209006
v 0.019502 0.0163641 0.0240185
v 0.0215062 0.0180458 0.0209006
v 0.0174704 0.0185175 0.0240185
v 0.0192658 0.0204205 0.0209006
v 0.0152025 0.0204205 0.0240185
v 0.0167648 0.0225191 0.0209006
v 0.012729 0.0220473 0.0240185
v 0.0140372 0.0243131 0.0209006
v -0.00406325 4.97605e-19 0.0347633
v -0.00807156 9.8848e-19 0.0340566
v -0.00403578 -0.000471715 0.0347633
v -0.00801698 -0.00093705 0.0340566
v -0.00395371 -0.000937111 0.0347633
v -0.00785393 -0.00186167 0.0340566
v -0.00758505 -0.00275991 0.0340566
v -0.0112494 -0.0040926 0.0328892
v -0.0106974 -0.00537244 0.0328892
v -0.0140372 -0.00704972 0.0312771
v -0.0100014 -0.00657801 0.0328892
v -0.0131238 -0.00863167 0.0312771
v -0.00917009 -0.00769462 0.0328892
v -0.012033 -0.0100969 0.0312771
v -0.0082148 -0.00870718 0.0328892
v -0.0107795 -0.0114256 0.0312771
v -0.00714841 -0.00960198 0.0328892
v -0.00938015 -0.0125997 0.0312771
v -0.00598535 -0.0103669 0.0328892
v -0.00785399 -0.0136035 0.0312771
v -0.00474135 -0.0109917 0.0328892
v -0.00622161 -0.0144233 0.0312771
v -0.00343324 -0.0114678 0.0328892
v -0.0045051 -0.0150481 0.0312771
v -0.00207869 -0.0117888 0.0328892
v -0.00272766 -0.0154693 0.0312771
v -0.000696035 -0.0119505 0.0328892
v -0.000913337 -0.0156814 0.0312771
v 0.000696035 -0.0119505 0.0328892
v 0.000913337 -0.0156814 0.0312771
v 0.00207869 -0.0117888 0.0328892
v 0.00272766 -0.0154693 0.0312771
v 0.00343324 -0.0114678 0.0328892
v 0.0045051 -0.0150481 0.0312771
v 0.00474135 -0.0109917 0.0328892
v 0.00622161 -0.0144233 0.0312771
v 0.00598535 -0.0103669 0.0328892
v 0.00785399 -0.0136035 0.0312771
v 0.00714841 -0.00960198 0.0328892
v 0.00938015 -0.0125997 0.0312771
v 0.0082148 -0.00870718 0.0328892
v 0.0107795 -0.0114256 0.0312771
v 0.00917009 -0.00769462 0.0328892
v 0.012033 -0.0100969 0.0312771
v 0.0100014 -0.00657801 0.0328892
v 0.0131238 -0.00863167 0.0312771
v 0.0106974 -0.00537244 0.0328892
v 0.0140372 -0.00704972 0.0312771
v 0.0112494 -0.0040926 0.0328892
v 0.0147617 -0.00536961 0.0312771
v 0.0116479 -0.00276117 0.0328892
v 0.0152843 -0.00362345 0.0312771
v 0.0156018 -0.00182358 0.0312771
v 0.0191028 -0.00223279 0.0292421
v 0.015708 1.88267e-19 0.0312771
v 0.0192328 2.88142e-19 0.0292421
v 0.0156018 0.00182358 0.0312771
v 0.0191028 0.00223279 0.0292421
v 0.0152843 0.00362345 0.0312771
v 0.018714 0.00443683 0.0292421
v 0.0180745 0.00657367 0.0292421
v 0.021143 0.00768853 0.0268116
v 0.0201046 0.0100969 0.0268116
v 0.0227502 0.0114256 0.0240185
v 0.0187964 0.0123626 0.0268116
v 0.0212699 0.0139894 0.0240185
v 0.0172341 0.0144612 0.0268116
v 0.019502 0.0163641 0.0240185
v 0.0154388 0.0163641 0.0268116
v 0.0174704 0.0185175 0.0240185
v 0.0134346 0.0180458 0.0268116
v 0.0152025 0.0204205 0.0240185
v 0.0112488 0.0194835 0.0268116
v 0.012729 0.0220473 0.0240185
v 0.00891083 0.0206576 0.0268116
v 0.00278837 0.0029555 -0.0347633
v 0.00309767 0.00262953 -0.0347633
v -2.14313e-18 -2.62458e-34 -0.035
v 0.00311263 0.00261181 -0.0347633
v -2.14313e-18 2.62458e-34 0.035
v -0.00395371 -0.000937111 0.0347633
v -0.00381827 -0.00138953 0.0347633
v -0.00758505 -0.00275991 0.0340566
v -0.00721301 -0.00362251 0.0340566
v -0.0106974 -0.00537244 0.0328892
v -0.00674369 -0.00443539 0.0340566
v -0.0100014 -0.00657801 0.0328892
v -0.00618317 -0.0051883 0.0340566
v -0.00917009 -0.00769462 0.0328892
v -0.00553904 -0.00587104 0.0340566
v -0.0082148 -0.00870718 0.0328892
v -0.00482 -0.00647438 0.0340566
v -0.00714841 -0.00960198 0.0328892
v -0.00403578 -0.00699017 0.0340566
v -0.00598535 -0.0103669 0.0328892
v -0.00319698 -0.00741143 0.0340566
v -0.00474135 -0.0109917 0.0328892
v -0.00231495 -0.00773247 0.0340566
v -0.00343324 -0.0114678 0.0328892
v -0.00140161 -0.00794893 0.0340566
v -0.00207869 -0.0117888 0.0328892
v -0.000469319 -0.0080579 0.0340566
v -0.000696035 -0.0119505 0.0328892
v 0.000469319 -0.0080579 0.0340566
v 0.000696035 -0.0119505 0.0328892
v 0.00140161 -0.00794893 0.0340566
v 0.00207869 -0.0117888 0.0328892
v 0.00231495 -0.00773247 0.0340566
v 0.00343324 -0.0114678 0.0328892
v 0.00319698 -0.00741143 0.0340566
v 0.00474135 -0.0109917 0.0328892
v 0.00403578 -0.00699017 0.0340566
v 0.00598535 -0.0103669 0.0328892
v 0.00482 -0.00647438 0.0340566
v 0.00714841 -0.00960198 0.0328892
v 0.00553904 -0.00587104 0.0340566
v 0.0082148 -0.00870718 0.0328892
v 0.00618317 -0.0051883 0.0340566
v 0.00917009 -0.00769462 0.0328892
v 0.00674369 -0.00443539 0.0340566
v 0.0100014 -0.00657801 0.0328892
v 0.00721301 -0.00362251 0.0340566
v 0.0106974 -0.00537244 0.0328892
v 0.00758505 -0.00275991 0.0340566
v 0.0112494 -0.0040926 0.0328892
v 0.00785393 -0.00186167 0.0340566
v 0.0116479 -0.00276117 0.0328892
v 0.0118898 -0.00138971 0.0328892
v 0.0156018 -0.00182358 0.0312771
v 0.0119707 1.07605e-19 0.0328892
v 0.015708 1.88267e-19 0.0312771
v 0.0118898 0.00138971 0.0328892
v 0.0156018 0.00182358 0.0312771
v 0.0116479 0.00276117 0.0328892
v 0.0152843 0.00362345 0.0312771
v 0.0147617 0.00536961 0.0312771
v 0.0180745 0.00657367 0.0292421
v 0.0171871 0.00863167 0.0292421
v 0.0201046 0.0100969 0.0268116
v 0.0160688 0.0105686 0.0292421
v 0.0187964 0.0123626 0.0268116
v 0.0147332 0.0123626 0.0292421
v 0.0172341 0.0144612 0.0268116
v 0.0131984 0.0139894 0.0292421
v 0.0154388 0.0163641 0.0268116
v 0.011485 0.0154271 0.0292421
v 0.0134346 0.0180458 0.0268116
v 0.00961641 0.0166561 0.0292421
v 0.0112488 0.0194835 0.0268116
v 0.00761773 0.0176599 0.0292421
v 0.00891083 0.0206576 0.0268116
v 0.00551603 0.0184248 0.0292421
v 0.00203163 -0.00351888 0.0347633
v -2.14313e-18 2.62458e-34 0.035
v 0.00160937 -0.00373094 0.0347633
v 0.00203163 -0.00351888 -0.0347633
v -2.14313e-18 -2.62458e-34 -0.035
v 0.00242641 -0.00325923 -0.0347633
v 0.00381827 -0.00138953 0.0347633
v 0.00395371 -0.000937111 0.0347633
v 0.00758505 -0.00275991 0.0340566
v 0.00785393 -0.00186167 0.0340566
v 0.00381827 -0.00138953 -0.0347633
v 0.00363409 -0.00181753 -0.0347633
v 0.00722505 -0.00359843 -0.0340566
v 0.00721301 -0.00362251 -0.0340566
v 0.0106974 -0.00537244 -0.0328892
v 0.00674369 -0.00443539 -0.0340566
v 0.0100014 -0.00657801 -0.0328892
v 0.00618317 -0.0051883 -0.0340566
v 0.00917009 -0.00769462 -0.0328892
v 0.00553904 -0.00587104 -0.0340566
v 0.0082148 -0.00870718 -0.0328892
v 0.00482 -0.00647438 -0.0340566
v 0.00714841 -0.00960198 -0.0328892
v 0.00403578 -0.00699017 -0.0340566
v 0.00598535 -0.0103669 -0.0328892
v 0.00319698 -0.00741143 -0.0340566
v 0.00474135 -0.0109917 -0.0328892
v 0.00231495 -0.00773247 -0.0340566
v 0.00343324 -0.0114678 -0.0328892
v 0.00140161 -0.00794893 -0.0340566
v 0.00207869 -0.0117888 -0.0328892
v 0.000469319 -0.0080579 -0.0340566
v 0.000696035 -0.0119505 -0.0328892
v -0.000469319 -0.0080579 -0.0340566
v -0.000696035 -0.0119505 -0.0328892
v -0.00140161 -0.00794893 -0.0340566
v -0.00207869 -0.0117888 -0.0328892
v -0.00231495 -0.00773247 -0.0340566
v -0.00343324 -0.0114678 -0.0328892
v -0.00319698 -0.00741143 -0.0340566
v 0.00381827 -0.00138953 -0.0347633
v -2.14313e-18 -2.62458e-34 -0.035
v 0.00395371 -0.000937111 -0.0347633
v -2.14313e-18 2.62458e-34 0.035
v 0.00395371 0.000937111 0.0347633
v 0.00381827 0.00138953 0.0347633
v 0.00758505 0.00275991 0.0340566
v 0.00721301 0.00362251 0.0340566
v 0.0106974 0.00537244 0.0328892
v 0.00674369 0.00443539 0.0340566
v 0.0100014 0.00657801 0.0328892
v 0.00618317 0.0051883 0.0340566
v 0.00917009 0.00769462 0.0328892
v 0.00553904 0.00587104 0.0340566
v 0.0082148 0.00870718 0.0328892
v 0.00482 0.00647438 0.0340566
v 0.00714841 0.00960198 0.0328892
v 0.00403578 0.00699017 0.0340566
v 0.00598535 0.0103669 0.0328892
v 0.00319698 0.00741143 0.0340566
v 0.00474135 0.0109917 0.0328892
v 0.00231495 0.00773247 0.0340566
v 0.00343324 0.0114678 0.0328892
v 0.00140161 0.00794893 0.0340566
v 0.00207869 0.0117888 0.0328892
v 0.000469319 0.0080579 0.0340566
v 0.000696035 0.0119505 0.0328892
v -0.000469319 0.0080579 0.0340566
v 0.00395371 0.000937111 -0.0347633
v 0.00403578 0.000471715 -0.0347633
v 0.00801698 0.00093705 -0.0340566
v 0.00406325 1.21749e-20 -0.0347633
v 0.00807156 4.83705e-20 -0.0340566
v 0.00403578 -0.000471715 -0.0347633
v 0.00801698 -0.00093705 -0.0340566
v 0.00395371 -0.000937111 -0.0347633
v 0.00785393 -0.00186167 -0.0340566
v 0.00758505 -0.00275991 -0.0340566
v 0.0112494 -0.0040926 -0.0328892
v 0.0107242 -0.00531886 -0.0328892
v 0.0140839 -0.00695595 -0.0312771
v 0.0140372 -0.00704972 -0.0312771
v 0.0171871 -0.00863167 -0.0292421
v 0.0131238 -0.00863167 -0.0312771
v 0.0160688 -0.0105686 -0.0292421
v 0.012033 -0.0100969 -0.0312771
v 0.0147332 -0.0123626 -0.0292421
v 0.0107795 -0.0114256 -0.0312771
v 0.0131984 -0.0139894 -0.0292421
v 0.00938015 -0.0125997 -0.0312771
v 0.011485 -0.0154271 -0.0292421
v 0.00785399 -0.0136035 -0.0312771
v 0.00961641 -0.0166561 -0.0292421
v 0.00622161 -0.0144233 -0.0312771
v 0.00761773 -0.0176599 -0.0292421
v 0.0045051 -0.0150481 -0.0312771
v 0.00551603 -0.0184248 -0.0292421
v 0.00272766 -0.0154693 -0.0312771
v 0.00333974 -0.0189406 -0.0292421
v 0.000913337 -0.0156814 -0.0312771
v 0.00111829 -0.0192003 -0.0292421
v -0.000913337 -0.0156814 -0.0312771
v -0.00111829 -0.0192003 -0.0292421
v -0.00272766 -0.0154693 -0.0312771
v 0.00395371 0.000937111 -0.0347633
v -2.14313e-18 -2.62458e-34 -0.035
v 0.00381827 0.00138953 -0.0347633
v 0.00203163 0.00351888 0.0347633
v -2.14313e-18 2.62458e-34 0.035
v 0.00242641 0.00325923 0.0347633
v 0.00203163 0.00351888 -0.0347633
v 0.00160937 0.00373094 -0.0347633
v -0.00363105 0.00182358 0.0347633
v -0.00381827 0.00138953 0.0347633
v -0.00395371 0.000937111 0.0347633
v -0.00381827 0.00138953 -0.0347633
v -0.00363409 0.00181753 -0.0347633
v -0.00722505 0.00359843 -0.0340566
v -0.00721301 0.00362251 -0.0340566
v -0.0106974 0.00537244 -0.0328892
v -0.00674369 0.00443539 -0.0340566
v -0.0100014 0.00657801 -0.0328892
v -0.00618317 0.0051883 -0.0340566
v -0.00917009 0.00769462 -0.0328892
v -0.00553904 0.00587104 -0.0340566
v -0.0082148 0.00870718 -0.0328892
v -0.00482 0.00647438 -0.0340566
v -0.00714841 0.00960198 -0.0328892
v -0.00403578 0.00699017 -0.0340566
v -0.00598535 0.0103669 -0.0328892
v -0.00319698 0.00741143 -0.0340566
v -0.00474135 0.0109917 -0.0328892
v -0.00231495 0.00773247 -0.0340566
v -0.00343324 0.0114678 -0.0328892
v -0.00140161 0.00794893 -0.0340566
v -0.00207869 0.0117888 -0.0328892
v -0.000469319 0.0080579 -0.0340566
v -0.000696035 0.0119505 -0.0328892
v 0.000469319 0.0080579 -0.0340566
v -2.14313e-18 -2.62458e-34 -0.035
v -0.00395371 0.000937111 -0.0347633
v 0.00758505 -0.00275991 0.0340566
v 0.00381827 -0.00138953 0.0347633
v 0.00721301 -0.00362251 0.0340566
v 0.00363105 -0.00182358 0.0347633
v 0.00674369 -0.00443539 0.0340566
v 0.0033948 -0.00223279 0.0347633
v 0.00618317 -0.0051883 0.0340566
v 0.00311263 -0.00261181 0.0347633
v 0.00553904 -0.00587104 0.0340566
v 0.00278837 -0.0029555 0.0347633
v 0.00482 -0.00647438 0.0340566
v 0.00242641 -0.00325923 0.0347633
v 0.00403578 -0.00699017 0.0340566
v 0.00203163 -0.00351888 0.0347633
v 0.00319698 -0.00741143 0.0340566
v 0.00160937 -0.00373094 0.0347633
v 0.00231495 -0.00773247 0.0340566
v 0.00116535 -0.00389255 0.0347633
v 0.00140161 -0.00794893 0.0340566
v 0.000705576 -0.00400152 0.0347633
v 0.000469319 -0.0080579 0.0340566
v 0.000236257 -0.00405638 0.0347633
v -0.000469319 -0.0080579 0.0340566
v -0.000236257 -0.00405638 0.0347633
v -0.00140161 -0.00794893 0.0340566
v -0.000705576 -0.00400152 0.0347633
v -0.00231495 -0.00773247 0.0340566
v -0.00116535 -0.00389255 0.0347633
v -0.00319698 -0.00741143 0.0340566
v -0.00160937 -0.00373094 0.0347633
v -0.00403578 -0.00699017 0.0340566
v -0.00203163 -0.00351888 0.0347633
v -0.00482 -0.00647438 0.0340566
v -0.00242641 -0.00325923 0.0347633
v -0.00553904 -0.00587104 0.0340566
v -0.00278837 -0.0029555 0.0347633
v -0.00618317 -0.0051883 0.0340566
v -0.00311263 -0.00261181 0.0347633
v -0.00674369 -0.00443539 0.0340566
v -0.0033948 -0.00223279 0.0347633
v -0.00721301 -0.00362251 0.0340566
v -0.00363105 -0.00182358 0.0347633
v -0.00381827 -0.00138953 0.0347633
v 0.0287978 -0.0189406 0.00607769
v 0.0299632 -0.0150481 0.0100381
v 0.0280136 -0.0184248 0.0100381
v 0.030802 -0.0154693 0.00607769
v 0.0291926 -0.0192003 0.00203507
v 0.0312242 -0.0156814 0.00203507
v 0.0291926 -0.0192003 -0.00203507
v 0.0312242 -0.0156814 -0.00203507
v 0.0287978 -0.0189406 -0.00607769
v 0.030802 -0.0154693 -0.00607769
v 0.0280136 -0.0184248 -0.0100381
v 0.0299632 -0.0150481 -0.0100381
v 0.0268505 -0.0176599 -0.0138628
v 0.0287192 -0.0144233 -0.0138628
v 0.0253244 -0.0166561 -0.0175
v 0.0270868 -0.0136035 -0.0175
v 0.0234557 -0.0154271 -0.0209006
v 0.0250881 -0.0125997 -0.0209006
v 0.0212699 -0.0139894 -0.0240185
v 0.0227502 -0.0114256 -0.0240185
v 0.0187964 -0.0123626 -0.0268116
v 0.0201046 -0.0100969 -0.0268116
v 0.0160688 -0.0105686 -0.0292421
v 0.0171871 -0.00863167 -0.0292421
v 0.0302341 -0.014496 -0.0100381
v 0.0289557 -0.0139425 -0.0138628
v 0.0302047 -0.0109772 -0.0138628
v 0.0284874 -0.0103546 -0.0175
v 0.0294929 -0.00699426 -0.0175
v 0.0273168 -0.00647775 -0.0209006
v 0.0301059 -0.00351888 -0.0175
v 0.0278845 -0.00325923 -0.0209006
v 0.0303109 8.174e-19 -0.0175
v 0.0280743 6.72965e-19 -0.0209006
v 0.0301059 0.00351888 -0.0175
v 0.0278845 0.00325923 -0.0209006
v 0.0273168 0.00647775 -0.0209006
v 0.0247712 0.00587371 -0.0240185
v 0.0263849 0.00959185 -0.0209006
v 0.0239257 0.00869913 -0.0240185
v 0.0250881 0.0125997 -0.0209006
v 0.0227502 0.0114256 -0.0240185
v 0.0234557 0.0154271 -0.0209006
v 0.0212699 0.0139894 -0.0240185
v 0.0215062 0.0180458 -0.0209006
v 0.019502 0.0163641 -0.0240185
v 0.0188327 0.0171301 -0.0240185
v 0.0167288 0.0150428 -0.0268116
v 0.0154388 0.0163641 -0.0268116
v 0.0131984 0.0139894 -0.0292421
v 0.0134346 0.0180458 -0.0268116
v 0.011485 0.0154271 -0.0292421
v 0.0112488 0.0194835 -0.0268116
v 0.00961641 0.0166561 -0.0292421
v 0.00891083 0.0206576 -0.0268116
v 0.00761773 0.0176599 -0.0292421
v 0.00645237 0.0215524 -0.0268116
v 0.0299632 -0.0150481 -0.0100381
v 0.0287192 -0.0144233 -0.0138628
v 0.0289557 -0.0139425 -0.0138628
v 0.0272879 -0.0131955 -0.0175
v 0.0284874 -0.0103546 -0.0175
v 0.0263849 -0.00959185 -0.0209006
v 0.0273168 -0.00647775 -0.0209006
v 0.0247712 -0.00587371 -0.0240185
v 0.0278845 -0.00325923 -0.0209006
v 0.0252859 -0.0029555 -0.0240185
v 0.0280743 6.72965e-19 -0.0209006
v 0.0254581 5.3397e-19 -0.0240185
v 0.0278845 0.00325923 -0.0209006
v 0.0252859 0.0029555 -0.0240185
v 0.0247712 0.00587371 -0.0240185
v 0.0218907 0.00519032 -0.0268116
v 0.0239257 0.00869913 -0.0240185
v 0.021143 0.00768853 -0.0268116
v 0.0227502 0.0114256 -0.0240185
v 0.0201046 0.0100969 -0.0268116
v 0.0212699 0.0139894 -0.0240185
v 0.0187964 0.0123626 -0.0268116
v 0.019502 0.0163641 -0.0240185
v 0.0172341 0.0144612 -0.0268116
v 0.0167288 0.0150428 -0.0268116
v 0.0143744 0.012778 -0.0292421
v 0.0131984 0.0139894 -0.0292421
v 0.0107795 0.0114256 -0.0312771
v 0.011485 0.0154271 -0.0292421
v 0.00938015 0.0125997 -0.0312771
v 0.00961641 0.0166561 -0.0292421
v 0.00785399 0.0136035 -0.0312771
v 0.00761773 0.0176599 -0.0292421
v 0.0287192 -0.0144233 -0.0138628
v 0.0270868 -0.0136035 -0.0175
v 0.0272879 -0.0131955 -0.0175
v 0.025254 -0.012264 -0.0209006
v 0.0263849 -0.00959185 -0.0209006
v 0.0239257 -0.00869913 -0.0240185
v 0.0247712 -0.00587371 -0.0240185
v 0.0218907 -0.00519032 -0.0268116
v 0.0252859 -0.0029555 -0.0240185
v 0.0223454 -0.00261181 -0.0268116
v 0.0254581 5.3397e-19 -0.0240185
v 0.0224976 4.04464e-19 -0.0268116
v 0.0252859 0.0029555 -0.0240185
v 0.0223454 0.00261181 -0.0268116
v 0.0218907 0.00519032 -0.0268116
v 0.018714 0.00443683 -0.0292421
v 0.021143 0.00768853 -0.0268116
v 0.0180745 0.00657367 -0.0292421
v 0.0201046 0.0100969 -0.0268116
v 0.0171871 0.00863167 -0.0292421
v 0.0187964 0.0123626 -0.0268116
v 0.0160688 0.0105686 -0.0292421
v 0.0172341 0.0144612 -0.0268116
v 0.0147332 0.0123626 -0.0292421
v 0.0143744 0.012778 -0.0292421
v 0.0117993 0.010369 -0.0312771
v 0.0107795 0.0114256 -0.0312771
v 0.0082148 0.00870718 -0.0328892
v 0.00938015 0.0125997 -0.0312771
v 0.00714841 0.00960198 -0.0328892
v 0.00785399 0.0136035 -0.0312771
v 0.0270868 -0.0136035 -0.0175
v 0.0250881 -0.0125997 -0.0209006
v 0.025254 -0.012264 -0.0209006
v 0.022882 -0.0111593 -0.0240185
v 0.0239257 -0.00869913 -0.0240185
v 0.021143 -0.00768853 -0.0268116
v 0.0218907 -0.00519032 -0.0268116
v 0.018714 -0.00443683 -0.0292421
v 0.0223454 -0.00261181 -0.0268116
v 0.0191028 -0.00223279 -0.0292421
v 0.0224976 4.04464e-19 -0.0268116
v 0.0192328 2.88142e-19 -0.0292421
v 0.0223454 0.00261181 -0.0268116
v 0.0191028 0.00223279 -0.0292421
v 0.018714 0.00443683 -0.0292421
v 0.0152843 0.00362345 -0.0312771
v 0.0180745 0.00657367 -0.0292421
v 0.0147617 0.00536961 -0.0312771
v 0.0171871 0.00863167 -0.0292421
v 0.0140372 0.00704972 -0.0312771
v 0.0160688 0.0105686 -0.0292421
v 0.0131238 0.00863167 -0.0312771
v 0.0147332 0.0123626 -0.0292421
v 0.012033 0.0100969 -0.0312771
v 0.0117993 0.010369 -0.0312771
v 0.00903699 0.00785052 -0.0328892
v 0.0082148 0.00870718 -0.0328892
v 0.00553904 0.00587104 -0.0340566
v 0.00714841 0.00960198 -0.0328892
v 0.0250881 -0.0125997 -0.0209006
v 0.0227502 -0.0114256 -0.0240185
v 0.022882 -0.0111593 -0.0240185
v 0.0202046 -0.00989525 -0.0268116
v 0.021143 -0.00768853 -0.0268116
v 0.0180745 -0.00657367 -0.0292421
v 0.018714 -0.00443683 -0.0292421
v 0.0152843 -0.00362345 -0.0312771
v 0.0191028 -0.00223279 -0.0292421
v 0.0156018 -0.00182358 -0.0312771
v 0.0192328 2.88142e-19 -0.0292421
v 0.015708 1.88267e-19 -0.0312771
v 0.0191028 0.00223279 -0.0292421
v 0.0156018 0.00182358 -0.0312771
v 0.0152843 0.00362345 -0.0312771
v 0.0116479 0.00276117 -0.0328892
v 0.0147617 0.00536961 -0.0312771
v 0.0112494 0.0040926 -0.0328892
v 0.0140372 0.00704972 -0.0312771
v 0.0106974 0.00537244 -0.0328892
v 0.0131238 0.00863167 -0.0312771
v 0.0100014 0.00657801 -0.0328892
v 0.012033 0.0100969 -0.0312771
v 0.00917009 0.00769462 -0.0328892
v 0.00903699 0.00785052 -0.0328892
v 0.00612354 0.00525855 -0.0340566
v 0.00553904 0.00587104 -0.0340566
v 0.0201046 -0.0100969 -0.0268116
v 0.0172584 -0.00848808 -0.0292421
v 0.0147617 -0.00536961 -0.0312771
v 0.0116479 -0.00276117 -0.0328892
v 0.0118898 -0.00138971 -0.0328892
v 0.0119707 1.07605e-19 -0.0328892
v 0.0118898 0.00138971 -0.0328892
v 0.00785393 0.00186167 -0.0340566
v 0.00758505 0.00275991 -0.0340566
v 0.00721301 0.00362251 -0.0340566
v 0.00674369 0.00443539 -0.0340566
v 0.00618317 0.0051883 -0.0340566
v 0.0171871 -0.00863167 -0.0292421
v 0.0140839 -0.00695595 -0.0312771
v 0.0112494 -0.0040926 -0.0328892
v 0.00785393 -0.00186167 -0.0340566
v 0.00801698 -0.00093705 -0.0340566
v 0.00807156 4.83705e-20 -0.0340566
v 0.00801698 0.00093705 -0.0340566
v 0.00395371 0.000937111 -0.0347633
v 0.00381827 0.00138953 -0.0347633
v 0.00363105 0.00182358 -0.0347633
v 0.0033948 0.00223279 -0.0347633
v 0.0140372 -0.00704972 -0.0312771
v 0.0106974 -0.00537244 -0.0328892
v 0.0107242 -0.00531886 -0.0328892
v 0.00722505 -0.00359843 -0.0340566
v 0.00758505 -0.00275991 -0.0340566
v 0.00381827 -0.00138953 -0.0347633
v 0.00395371 -0.000937111 -0.0347633
v 0.0100014 -0.00657801 -0.0328892
v 0.0131238 -0.00863167 -0.0312771
v 0.00917009 -0.00769462 -0.0328892
v 0.012033 -0.0100969 -0.0312771
v 0.0082148 -0.00870718 -0.0328892
v 0.0107795 -0.0114256 -0.0312771
v 0.00714841 -0.00960198 -0.0328892
v 0.00938015 -0.0125997 -0.0312771
v 0.00598535 -0.0103669 -0.0328892
v 0.00785399 -0.0136035 -0.0312771
v 0.00474135 -0.0109917 -0.0328892
v 0.00622161 -0.0144233 -0.0312771
v 0.00343324 -0.0114678 -0.0328892
v 0.0045051 -0.0150481 -0.0312771
v 0.00207869 -0.0117888 -0.0328892
v 0.00272766 -0.0154693 -0.0312771
v 0.000696035 -0.0119505 -0.0328892
v 0.000913337 -0.0156814 -0.0312771
v -0.000696035 -0.0119505 -0.0328892
v -0.000913337 -0.0156814 -0.0312771
v -0.00207869 -0.0117888 -0.0328892
v -0.00272766 -0.0154693 -0.0312771
v -0.00343324 -0.0114678 -0.0328892
v 0.0033948 -0.00223279 -0.0347633
v 0.00363105 -0.00182358 -0.0347633
v 0.00721301 -0.00362251 -0.0340566
v 0.00674369 -0.00443539 -0.0340566
v 0.0302341 -0.014496 -0.0100381
v 0.0311053 -0.01485 -0.00607769
v 0.030802 -0.0154693 -0.00607769
v 0.00381827 -0.00138953 0.0347633
v -2.14313e-18 2.62458e-34 0.035
v 0.00363105 -0.00182358 0.0347633
v 0.00395371 -0.000937111 0.0347633
v 0.00785393 -0.00186167 0.0340566
v 0.00801698 -0.00093705 0.0340566
v 0.0118898 -0.00138971 0.0328892
v 0.00807156 4.83705e-20 0.0340566
v 0.0119707 1.07605e-19 0.0328892
v 0.00801698 0.00093705 0.0340566
v 0.0118898 0.00138971 0.0328892
v 0.00785393 0.00186167 0.0340566
v 0.0116479 0.00276117 0.0328892
v 0.0112494 0.0040926 0.0328892
v 0.0147617 0.00536961 0.0312771
v 0.0140372 0.00704972 0.0312771
v 0.0171871 0.00863167 0.0292421
v 0.0131238 0.00863167 0.0312771
v 0.0160688 0.0105686 0.0292421
v 0.012033 0.0100969 0.0312771
v 0.0147332 0.0123626 0.0292421
v 0.0107795 0.0114256 0.0312771
v 0.0131984 0.0139894 0.0292421
v 0.00938015 0.0125997 0.0312771
v 0.011485 0.0154271 0.0292421
v 0.00785399 0.0136035 0.0312771
v 0.00961641 0.0166561 0.0292421
v 0.00622161 0.0144233 0.0312771
v 0.00761773 0.0176599 0.0292421
v 0.0045051 0.0150481 0.0312771
v 0.00551603 0.0184248 0.0292421
v 0.00272766 0.0154693 0.0312771
v 0.00406325 1.21749e-20 0.0347633
v 0.00403578 -0.000471715 0.0347633
v 0.00801698 -0.00093705 0.0340566
v 0.00395371 -0.000937111 0.0347633
v 0.00807156 4.83705e-20 0.0340566
v 0.00403578 0.000471715 0.0347633
v 0.00801698 0.00093705 0.0340566
v 0.00395371 0.000937111 0.0347633
v 0.00785393 0.00186167 0.0340566
v 0.00758505 0.00275991 0.0340566
v 0.0112494 0.0040926 0.0328892
v 0.0106974 0.00537244 0.0328892
v 0.0140372 0.00704972 0.0312771
v 0.0100014 0.00657801 0.0328892
v 0.0131238 0.00863167 0.0312771
v 0.00917009 0.00769462 0.0328892
v 0.012033 0.0100969 0.0312771
v 0.0082148 0.00870718 0.0328892
v 0.0107795 0.0114256 0.0312771
v 0.00714841 0.00960198 0.0328892
v 0.00938015 0.0125997 0.0312771
v 0.00598535 0.0103669 0.0328892
v 0.00785399 0.0136035 0.0312771
v 0.00474135 0.0109917 0.0328892
v 0.00622161 0.0144233 0.0312771
v 0.00343324 0.0114678 0.0328892
v 0.0045051 0.0150481 0.0312771
v 0.00207869 0.0117888 0.0328892
v 0.00272766 0.0154693 0.0312771
v 0.000696035 0.0119505 0.0328892
v -2.14313e-18 2.62458e-34 0.035
v 0.00363105 0.00182358 0.0347633
v 0.00381827 0.00138953 0.0347633
v 0.00721301 0.00362251 0.0340566
v 0.0250881 0.0125997 -0.0209006
v 0.0270868 0.0136035 -0.0175
v 0.0263849 0.00959185 -0.0209006
v 0.0284874 0.0103546 -0.0175
v 0.0273168 0.00647775 -0.0209006
v 0.0294929 0.00699426 -0.0175
v 0.0301059 0.00351888 -0.0175
v 0.0253244 0.0166561 -0.0175
v 0.0234557 0.0154271 -0.0209006
v 0.0232195 0.0194835 -0.0175
v 0.0215062 0.0180458 -0.0209006
v 0.02066 0.0190088 -0.0209006
v 0.0188327 0.0171301 -0.0240185
v 0.0174704 0.0185175 -0.0240185
v 0.0154388 0.0163641 -0.0268116
v 0.0152025 0.0204205 -0.0240185
v 0.0134346 0.0180458 -0.0268116
v 0.012729 0.0220473 -0.0240185
v 0.0112488 0.0194835 -0.0268116
v 0.0100834 0.023376 -0.0240185
v 0.00891083 0.0206576 -0.0268116
v 0.00730146 0.0243886 -0.0240185
v 0.00645237 0.0215524 -0.0268116
v 0.0291926 0.0192003 -0.00203507
v 0.0312242 0.0156814 -0.00203507
v 0.030802 0.0154693 -0.00607769
v 0.0299632 0.0150481 -0.0100381
v 0.0287978 0.0189406 -0.00607769
v 0.0280136 0.0184248 -0.0100381
v 0.0264042 0.0221558 -0.00607769
v 0.0256852 0.0215524 -0.0100381
v 0.0242822 0.0231217 -0.0100381
v 0.0234002 0.0220285 -0.0138628
v 0.0220541 0.023376 -0.0138628
v 0.0208006 0.0220473 -0.0175
v 0.0033948 0.00223279 0.0347633
v 0.00363105 0.00182358 0.0347633
v 0.00721301 0.00362251 0.0340566
v 0.00674369 0.00443539 0.0340566
v -0.0250881 -0.0125997 -0.0209006
v -0.0270868 -0.0136035 -0.0175
v -0.0263849 -0.00959185 -0.0209006
v -0.0284874 -0.0103546 -0.0175
v -0.0273168 -0.00647775 -0.0209006
v -0.0294929 -0.00699426 -0.0175
v -0.0301059 -0.00351888 -0.0175
v -0.0253244 -0.0166561 -0.0175
v -0.0234557 -0.0154271 -0.0209006
v -0.0232195 -0.0194835 -0.0175
v -0.0215062 -0.0180458 -0.0209006
v -0.0208006 -0.0220473 -0.0175
v -0.0192658 -0.0204205 -0.0209006
v -0.0181004 -0.0243131 -0.0175
v -0.0167648 -0.0225191 -0.0209006
v -0.0151554 -0.02625 -0.0175
v -0.0140372 -0.0243131 -0.0209006
v -0.0120055 -0.0278319 -0.0175
v -0.0111197 -0.0257783 -0.0209006
v -0.00869326 -0.0290375 -0.0175
v -0.0080518 -0.0268949 -0.0209006
v -0.00526343 -0.0298504 -0.0175
v -0.00487505 -0.0276478 -0.0209006
v -0.00176242 -0.0302596 -0.0175
v -0.00163238 -0.0280268 -0.0209006
v 0.00176242 -0.0302596 -0.0175
v 0.00163238 -0.0280268 -0.0209006
v 0.00526343 -0.0298504 -0.0175
v 0.00487505 -0.0276478 -0.0209006
v 0.00869326 -0.0290375 -0.0175
v -0.0280136 -0.0184248 -0.0100381
v -0.0299632 -0.0150481 -0.0100381
v -0.0287192 -0.0144233 -0.0138628
v -0.0302047 -0.0109772 -0.0138628
v -0.0268505 -0.0176599 -0.0138628
v -0.0312242 -0.0156814 0.00203507
v -0.0312242 -0.0156814 -0.00203507
v -0.0291926 -0.0192003 0.00203507
v -0.0291926 -0.0192003 -0.00203507
v -0.0267662 -0.0224595 0.00203507
v -0.0267662 -0.0224595 -0.00203507
v -0.0239778 -0.025415 0.00203507
v -0.0239778 -0.025415 -0.00203507
v -0.0208652 -0.0280268 0.00203507
v -0.0208652 -0.0280268 -0.00203507
v -0.0174704 -0.0302596 0.00203507
v -0.0174704 -0.0302596 -0.00203507
v -0.0138393 -0.0320832 0.00203507
v -0.0138393 -0.0320832 -0.00203507
v -0.0100211 -0.0334729 0.00203507
v -0.0100211 -0.0334729 -0.00203507
v -0.0060674 -0.03441 0.00203507
v -0.0060674 -0.03441 -0.00203507
v -0.00203163 -0.0348817 0.00203507
v -0.00203163 -0.0348817 -0.00203507
v 0.00203163 -0.0348817 0.00203507
v 0.00203163 -0.0348817 -0.00203507
v 0.0060674 -0.03441 0.00203507
v 0.0060674 -0.03441 -0.00203507
v 0.0100211 -0.0334729 0.00203507
v 0.0100211 -0.0334729 -0.00203507
v 0.0138393 -0.0320832 0.00203507
v 0.0138393 -0.0320832 -0.00203507
v 0.0174704 -0.0302596 0.00203507
v 0.0174704 -0.0302596 -0.00203507
v 0.0208652 -0.0280268 0.00203507
v 0.0208652 -0.0280268 -0.00203507
v 0.0239778 -0.025415 0.00203507
v 0.0239778 -0.025415 -0.00203507
v 0.0267662 -0.0224595 0.00203507
v -0.0280136 -0.0184248 0.0100381
v -0.0299632 -0.0150481 0.0100381
v -0.030802 -0.0154693 0.00607769
v -0.0312242 -0.0156814 0.00203507
v -0.0287978 -0.0189406 0.00607769
v -0.0291926 -0.0192003 0.00203507
v -0.0264042 -0.0221558 0.00607769
v -0.0267662 -0.0224595 0.00203507
v -0.0236536 -0.0250713 0.00607769
v -0.0239778 -0.025415 0.00203507
v -0.020583 -0.0276478 0.00607769
v -0.0208652 -0.0280268 0.00203507
v -0.0172341 -0.0298504 0.00607769
v -0.0174704 -0.0302596 0.00203507
v -0.0136522 -0.0316493 0.00607769
v -0.0138393 -0.0320832 0.00203507
v -0.00988561 -0.0330202 0.00607769
v -0.0100211 -0.0334729 0.00203507
v -0.00598535 -0.0339446 0.00607769
v -0.0060674 -0.03441 0.00203507
v -0.00200415 -0.03441 0.00607769
v -0.00203163 -0.0348817 0.00203507
v 0.00200415 -0.03441 0.00607769
v 0.00203163 -0.0348817 0.00203507
v 0.00598535 -0.0339446 0.00607769
v 0.0060674 -0.03441 0.00203507
v 0.00988561 -0.0330202 0.00607769
v 0.0100211 -0.0334729 0.00203507
v 0.0136522 -0.0316493 0.00607769
v 0.0138393 -0.0320832 0.00203507
v 0.0172341 -0.0298504 0.00607769
v 0.0174704 -0.0302596 0.00203507
v 0.020583 -0.0276478 0.00607769
v 0.0208652 -0.0280268 0.00203507
v 0.0236536 -0.0250713 0.00607769
v 0.0239778 -0.025415 0.00203507
v 0.0264042 -0.0221558 0.00607769
v 0.0267662 -0.0224595 0.00203507
v 0.0287978 -0.0189406 0.00607769
v -0.0312702 -0.00741625 0.0138628
v -0.0302047 -0.0109772 0.0138628
v -0.0294929 -0.00699426 0.0175
v -0.00381827 0.00138953 -0.0347633
v -0.00395371 0.000937111 -0.0347633
v -0.00758505 0.00275991 -0.0340566
v -0.00722505 0.00359843 -0.0340566
v -0.0107242 0.00531886 -0.0328892
v -0.030802 0.0154693 -0.00607769
v -0.0302341 0.014496 -0.0100381
v -0.0311053 0.01485 -0.00607769
v -0.0106974 0.00537244 -0.0328892
v -0.0140372 0.00704972 -0.0312771
v -0.00363105 0.00182358 -0.0347633
v -0.00721301 0.00362251 -0.0340566
v -0.0250881 0.0125997 0.0209006
v -0.0270868 0.0136035 0.0175
v -0.0263849 0.00959185 0.0209006
v -0.0284874 0.0103546 0.0175
v -0.0273168 0.00647775 0.0209006
v -0.0294929 0.00699426 0.0175
v -0.0301059 0.00351888 0.0175
v -0.0287192 0.0144233 0.0138628
v -0.0302047 0.0109772 0.0138628
v -0.0253244 0.0166561 0.0175
v -0.0234557 0.0154271 0.0209006
v -0.0232195 0.0194835 0.0175
v -0.0215062 0.0180458 0.0209006
v -0.0208006 0.0220473 0.0175
v -0.0192658 0.0204205 0.0209006
v -0.0268505 0.0176599 0.0138628
v -0.0246188 0.0206576 0.0138628
v -0.0220541 0.023376 0.0138628
v -0.030802 0.0154693 0.00607769
v -0.0291926 0.0192003 0.00203507
v -0.0312242 0.0156814 0.00203507
v -0.0291926 0.0192003 -0.00203507
v -0.0312242 0.0156814 -0.00203507
v -0.0287978 0.0189406 -0.00607769
v -0.0100014 0.00657801 -0.0328892
v -0.0106974 0.00537244 -0.0328892
v -0.0140372 0.00704972 -0.0312771
v -0.0131238 0.00863167 -0.0312771
v -0.0033948 0.00223279 -0.0347633
v -0.00363105 0.00182358 -0.0347633
v -0.00721301 0.00362251 -0.0340566
v -0.00674369 0.00443539 -0.0340566
v -2.14313e-18 2.62458e-34 0.035
v -0.00403578 -0.000471715 0.0347633
v -0.00395371 -0.000937111 0.0347633
v 0.00311263 0.00261181 0.0347633
v 0.00618317 0.0051883 0.0340566
v 0.00278837 0.0029555 0.0347633
v 0.00553904 0.00587104 0.0340566
v 0.00242641 0.00325923 0.0347633
v 0.00482 0.00647438 0.0340566
v 0.00203163 0.00351888 0.0347633
v 0.00403578 0.00699017 0.0340566
v 0.00160937 0.00373094 0.0347633
v 0.00319698 0.00741143 0.0340566
v 0.00116535 0.00389255 0.0347633
v 0.00231495 0.00773247 0.0340566
v 0.000705576 0.00400152 0.0347633
v 0.00140161 0.00794893 0.0340566
v 0.000236257 0.00405638 0.0347633
v 0.000469319 0.0080579 0.0340566
v -0.000236257 0.00405638 0.0347633
v -0.000469319 0.0080579 0.0340566
v -0.000705576 0.00400152 0.0347633
v 0.0033948 0.00223279 0.0347633
v 0.00674369 0.00443539 0.0340566
v 0.0248258 0.0239111 -0.00607769
v 0.0247671 0.0244949 -0.00340417
v 0.0264042 0.0221558 -0.00607769
v 0.0267662 0.0224595 -0.00203507
v 0.0287978 0.0189406 -0.00607769
v 0.0291926 0.0192003 -0.00203507
v 0.030802 0.0154693 -0.00607769
v 0.0242822 0.0231217 -0.0100381
v 0.00645237 0.0215524 0.0268116
v 0.00390666 0.0221558 0.0268116
v 0.00333974 0.0189406 0.0292421
v 0.00111829 0.0192003 0.0292421
v 0.000913337 0.0156814 0.0312771
v -0.000913337 0.0156814 0.0312771
v -0.000696035 0.0119505 0.0328892
v -0.00207869 0.0117888 0.0328892
v -0.00140161 0.00794893 0.0340566
v 0.00130812 0.0224595 0.0268116
v -0.00111829 0.0192003 0.0292421
v -0.00272766 0.0154693 0.0312771
v -0.00130812 0.0224595 0.0268116
v -0.00333974 0.0189406 0.0292421
v -0.00311263 0.00261181 -0.0347633
v -0.00618317 0.0051883 -0.0340566
v -0.00278837 0.0029555 -0.0347633
v -0.00553904 0.00587104 -0.0340566
v -0.00242641 0.00325923 -0.0347633
v -0.00482 0.00647438 -0.0340566
v -0.00203163 0.00351888 -0.0347633
v -0.00403578 0.00699017 -0.0340566
v -0.00160937 0.00373094 -0.0347633
v -0.00319698 0.00741143 -0.0340566
v -0.00116535 0.00389255 -0.0347633
v -0.00231495 0.00773247 -0.0340566
v -0.000705576 0.00400152 -0.0347633
v -0.00140161 0.00794893 -0.0340566
v -0.000236257 0.00405638 -0.0347633
v -0.000469319 0.0080579 -0.0340566
v 0.000236257 0.00405638 -0.0347633
v 0.000469319 0.0080579 -0.0340566
v 0.000705576 0.00400152 -0.0347633
v -0.0033948 0.00223279 -0.0347633
v -0.00674369 0.00443539 -0.0340566
v -0.00917009 0.00769462 -0.0328892
v -0.012033 0.0100969 -0.0312771
v -0.0082148 0.00870718 -0.0328892
v -0.0107795 0.0114256 -0.0312771
v -0.00714841 0.00960198 -0.0328892
v -0.00938015 0.0125997 -0.0312771
v -0.00598535 0.0103669 -0.0328892
v -0.00785399 0.0136035 -0.0312771
v -0.00474135 0.0109917 -0.0328892
v -0.00622161 0.0144233 -0.0312771
v -0.00343324 0.0114678 -0.0328892
v -0.0045051 0.0150481 -0.0312771
v -0.00207869 0.0117888 -0.0328892
v -0.00272766 0.0154693 -0.0312771
v -0.000696035 0.0119505 -0.0328892
v -0.0100014 0.00657801 -0.0328892
v -0.0131238 0.00863167 -0.0312771
v -0.0256852 0.0215524 -0.0100381
v -0.0287978 0.0189406 -0.00607769
v -0.0264042 0.0221558 -0.00607769
v -0.0291926 0.0192003 -0.00203507
v -0.0267662 0.0224595 -0.00203507
v -0.0291926 0.0192003 0.00203507
v -0.00645237 0.0215524 -0.0268116
v -0.00390666 0.0221558 -0.0268116
v -0.00333974 0.0189406 -0.0292421
v -0.00111829 0.0192003 -0.0292421
v -0.000913337 0.0156814 -0.0312771
v 0.000913337 0.0156814 -0.0312771
v 0.000696035 0.0119505 -0.0328892
v 0.00207869 0.0117888 -0.0328892
v 0.00140161 0.00794893 -0.0340566
v 0.00231495 0.00773247 -0.0340566
v 0.00116535 0.00389255 -0.0347633
v 0.00160937 0.00373094 -0.0347633
v -0.00130812 0.0224595 -0.0268116
v 0.00111829 0.0192003 -0.0292421
v 0.00272766 0.0154693 -0.0312771
v 0.00343324 0.0114678 -0.0328892
v 0.00319698 0.00741143 -0.0340566
v 0.00203163 0.00351888 -0.0347633
v 0.00130812 0.0224595 -0.0268116
v 0.00333974 0.0189406 -0.0292421
v 0.0045051 0.0150481 -0.0312771
v 0.00474135 0.0109917 -0.0328892
v 0.00403578 0.00699017 -0.0340566
v 0.00242641 0.00325923 -0.0347633
v 0.00242641 -0.00325923 -0.0347633
v 0.00482 -0.00647438 -0.0340566
v 0.00203163 -0.00351888 -0.0347633
v 0.00403578 -0.00699017 -0.0340566
v 0.00160937 -0.00373094 -0.0347633
v 0.00319698 -0.00741143 -0.0340566
v 0.00116535 -0.00389255 -0.0347633
v 0.00231495 -0.00773247 -0.0340566
v 0.000705576 -0.00400152 -0.0347633
v 0.00140161 -0.00794893 -0.0340566
v 0.000236257 -0.00405638 -0.0347633
v 0.000469319 -0.0080579 -0.0340566
v -0.000236257 -0.00405638 -0.0347633
v -0.000469319 -0.0080579 -0.0340566
v -0.000705576 -0.00400152 -0.0347633
v -0.00140161 -0.00794893 -0.0340566
v -0.00116535 -0.00389255 -0.0347633
v -0.00231495 -0.00773247 -0.0340566
v -0.00160937 -0.00373094 -0.0347633
v -0.00319698 -0.00741143 -0.0340566
v -0.00203163 -0.00351888 -0.0347633
v 0.00553904 -0.00587104 -0.0340566
v 0.00278837 -0.0029555 -0.0347633
v 0.00618317 -0.0051883 -0.0340566
v 0.00311263 -0.00261181 -0.0347633
v 0.00674369 -0.00443539 -0.0340566
v 0.0033948 -0.00223279 -0.0347633
v 0.011485 -0.0154271 -0.0292421
v 0.0134346 -0.0180458 -0.0268116
v 0.00961641 -0.0166561 -0.0292421
v 0.0112488 -0.0194835 -0.0268116
v 0.00761773 -0.0176599 -0.0292421
v 0.00891083 -0.0206576 -0.0268116
v 0.00551603 -0.0184248 -0.0292421
v 0.00645237 -0.0215524 -0.0268116
v 0.00333974 -0.0189406 -0.0292421
v 0.00390666 -0.0221558 -0.0268116
v 0.00111829 -0.0192003 -0.0292421
v 0.00130812 -0.0224595 -0.0268116
v -0.00111829 -0.0192003 -0.0292421
v 0.0152025 -0.0204205 -0.0240185
v 0.012729 -0.0220473 -0.0240185
v 0.0100834 -0.023376 -0.0240185
v 0.00730146 -0.0243886 -0.0240185
v 0.00442075 -0.0250713 -0.0240185
v 0.0154388 -0.0163641 -0.0268116
v 0.0131984 -0.0139894 -0.0292421
v 0.0172341 -0.0144612 -0.0268116
v 0.0147332 -0.0123626 -0.0292421
v 0.0187964 -0.0123626 -0.0268116
v 0.0160688 -0.0105686 -0.0292421
v 0.0167648 -0.0225191 -0.0209006
v 0.0140372 -0.0243131 -0.0209006
v 0.0111197 -0.0257783 -0.0209006
v 0.0080518 -0.0268949 -0.0209006
v 0.0174704 -0.0185175 -0.0240185
v 0.0134346 -0.0180458 -0.0268116
v 0.019502 -0.0163641 -0.0240185
v 0.0212699 -0.0139894 -0.0240185
v 0.0181004 -0.0243131 -0.0175
v 0.0151554 -0.02625 -0.0175
v 0.0120055 -0.0278319 -0.0175
v 0.0192658 -0.0204205 -0.0209006
v 0.0215062 -0.0180458 -0.0209006
v 0.0234557 -0.0154271 -0.0209006
v 0.0191912 -0.0257783 -0.0138628
v 0.0160688 -0.0278319 -0.0138628
v 0.0208006 -0.0220473 -0.0175
v 0.0232195 -0.0194835 -0.0175
v 0.0253244 -0.0166561 -0.0175
v 0.0200225 -0.0268949 -0.0100381
v 0.0230094 -0.0243886 -0.0100381
v 0.0236536 -0.0250713 -0.00607769
v 0.0264042 -0.0221558 -0.00607769
v 0.0267662 -0.0224595 -0.00203507
v 0.0291926 -0.0192003 -0.00203507
v 0.0291926 -0.0192003 0.00203507
v 0.0220541 -0.023376 -0.0138628
v 0.0246188 -0.0206576 -0.0138628
v 0.0268505 -0.0176599 -0.0138628
v 0.020583 -0.0276478 0.00607769
v 0.0200225 -0.0268949 0.0100381
v 0.0172341 -0.0298504 0.00607769
v 0.0167648 -0.0290375 0.0100381
v 0.0136522 -0.0316493 0.00607769
v 0.0132804 -0.0307874 0.0100381
v 0.00988561 -0.0330202 0.00607769
v 0.00961641 -0.032121 0.0100381
v 0.00598535 -0.0339446 0.00607769
v 0.00582236 -0.0330202 0.0100381
v 0.00200415 -0.03441 0.00607769
v 0.00194957 -0.0334729 0.0100381
v -0.00200415 -0.03441 0.00607769
v -0.00194957 -0.0334729 0.0100381
v -0.00598535 -0.0339446 0.00607769
v -0.00582236 -0.0330202 0.0100381
v -0.00988561 -0.0330202 0.00607769
v -0.00961641 -0.032121 0.0100381
v -0.0136522 -0.0316493 0.00607769
v -0.0132804 -0.0307874 0.0100381
v -0.0172341 -0.0298504 0.00607769
v -0.0167648 -0.0290375 0.0100381
v -0.020583 -0.0276478 0.00607769
v -0.0200225 -0.0268949 0.0100381
v -0.0236536 -0.0250713 0.00607769
v -0.0230094 -0.0243886 0.0100381
v -0.0264042 -0.0221558 0.00607769
v -0.0256852 -0.0215524 0.0100381
v -0.0287978 -0.0189406 0.00607769
v -0.0280136 -0.0184248 0.0100381
v -0.030802 -0.0154693 0.00607769
v 0.0200225 -0.0268949 0.0100381
v 0.020583 -0.0276478 0.00607769
v 0.0230094 -0.0243886 0.0100381
v 0.0236536 -0.0250713 0.00607769
v 0.0256852 -0.0215524 0.0100381
v 0.0264042 -0.0221558 0.00607769
v 0.0280136 -0.0184248 0.0100381
v 0.0287978 -0.0189406 0.00607769
v 0.012729 -0.0295092 -0.0138628
v 0.0167648 -0.0290375 -0.0100381
v 0.0132804 -0.0307874 -0.0100381
v 0.00921716 -0.0307874 -0.0138628
v 0.00961641 -0.032121 -0.0100381
v -0.0256852 -0.0215524 -0.0100381
v -0.0280136 -0.0184248 -0.0100381
v -0.0268505 -0.0176599 -0.0138628
v -0.0246188 -0.0206576 -0.0138628
v -0.0230094 -0.0243886 -0.0100381
v -0.0220541 -0.023376 -0.0138628
v -0.0200225 -0.0268949 -0.0100381
v -0.0191912 -0.0257783 -0.0138628
v -0.0167648 -0.0290375 -0.0100381
v -0.0160688 -0.0278319 -0.0138628
v -0.0132804 -0.0307874 -0.0100381
v -0.012729 -0.0295092 -0.0138628
v -0.00961641 -0.032121 -0.0100381
v -0.00921716 -0.0307874 -0.0138628
v -0.00582236 -0.0330202 -0.0100381
v -0.00558063 -0.0316493 -0.0138628
v -0.00194957 -0.0334729 -0.0100381
v -0.00186863 -0.0320832 -0.0138628
v 0.00194957 -0.0334729 -0.0100381
v 0.00186863 -0.0320832 -0.0138628
v 0.00582236 -0.0330202 -0.0100381
v 0.00558063 -0.0316493 -0.0138628
v 0.0191912 -0.0257783 -0.0138628
v 0.0220541 -0.023376 -0.0138628
v 0.0230094 -0.0243886 -0.0100381
v 0.0256852 -0.0215524 -0.0100381
v 0.0264042 -0.0221558 -0.00607769
v 0.0287978 -0.0189406 -0.00607769
v 0.0291926 -0.0192003 -0.00203507
v 0.0246188 -0.0206576 -0.0138628
v 0.0268505 -0.0176599 -0.0138628
v 0.0280136 -0.0184248 -0.0100381
vn 0 0.996195 0.0871557
vn 0 0.996195 -0.0871557
vn -4.27548e-17 0.965926 -0.258819
vn 2.57114e-17 0.906308 -0.422618
vn 1.16066e-16 0.819152 -0.573576
vn -1.33495e-16 0.707107 -0.707107
vn 1.00505e-16 0.573576 -0.819152
vn 9.97329e-17 0.422618 -0.906308
vn 1.39164e-16 0.258819 -0.965926
vn 1.57221e-16 0.0871557 -0.996195
vn 1.7424e-17 -0.0871557 -0.996195
vn 6.10783e-18 -0.258819 -0.965926
vn -5.98398e-17 -0.422618 -0.906308
vn -1.16066e-16 -0.573576 -0.819152
vn -6.67476e-17 -0.707107 -0.707107
vn 2.31812e-17 -0.819152 -0.573576
vn 9.1316e-17 -0.906308 -0.422618
vn 5.45319e-17 -0.965926 -0.258819
vn 1.23406e-17 -0.996195 -0.0871557
vn 1.7424e-17 -0.996195 0.0871557
vn 0 -0.965926 0.258819
vn -1.59573e-16 -0.906308 0.422618
vn -1.12176e-16 -0.819152 0.573576
vn 0 -0.707107 0.707107
vn 0 -0.573576 0.819152
vn 0 -0.422618 0.906308
vn -1.02517e-16 -0.258819 0.965926
vn 0 -0.0871557 0.996195
vn 0 0.0871557 0.996195
vn 0 0.258819 0.965926
vn -2.25987e-17 0.422618 0.906308
vn 0 0.573576 0.819152
vn 0 0.707107 0.707107
vn 0 0.819152 0.573576
vn 3.41283e-17 0.906308 0.422618
vn 8.55096e-17 0.965926 0.258819
vn 1.71618e-16 0.996195 -0.0871557
vn 0 0.996195 0.0871557
vn 0 -0.819152 0.573576
vn 0 -0.906308 0.422618
vn 0 -0.965926 0.258819
vn -2.87948e-17 -0.996195 0.0871557
vn -0 -0.996195 -0.0871557
vn -1.27387e-16 -0.965926 -0.258819
vn 1.33861e-16 -0.906308 -0.422618
vn 6.58137e-17 -0.819152 -0.573576
vn 0 -0.707107 -0.707107
vn 7.73241e-17 -0.573576 -0.819152
vn 5.76484e-18 -0.422618 -0.906308
vn 4.14392e-17 -0.258819 -0.965926
vn 1.69561e-16 -0.0871557 -0.996195
vn 1.7424e-17 0.0871557 -0.996195
vn 5.49704e-17 0.258819 -0.965926
vn 1.22332e-16 0.422618 -0.906308
vn 3.89028e-18 0.573576 -0.819152
vn -6.67476e-17 0.707107 -0.707107
vn 1.77829e-16 0.819152 -0.573576
vn -2.83635e-17 0.906308 -0.422618
vn -6.76246e-17 0.965926 -0.258819
vn -1 0 0
vn 1 0 0
vn -0.997669 -4.52545e-17 -0.0682424
vn -0.997669 0 0.0682424
vn -0.979084 -1.03785e-17 0.203456
vn -0.942261 -4.55535e-17 0.33488
vn -0.887885 4.38625e-18 0.460065
vn -0.81697 -6.5373e-17 0.57668
vn -0.730836 -9.94153e-17 0.682553
vn -0.631088 1.9673e-17 0.775711
vn -0.519584 0 0.854419
vn -0.398401 0 0.917211
vn -0.269797 0 0.962917
vn -0.136167 -2.7784e-17 0.990686
vn 0 0 1
vn 0.136167 0 0.990686
vn 0.269797 5.50505e-17 0.962917
vn 0.398401 0 0.917211
vn 0.519584 0 0.854419
vn 0.631088 0 0.775711
vn 0.730836 0 0.682553
vn 0.81697 0 0.57668
vn 0.887885 5.38099e-17 0.460065
vn 0.942261 1.1969e-16 0.33488
vn 0.979084 0 0.203456
vn 0.997669 0 0.0682424
vn 0.997669 0 -0.0682424
vn 0.979084 1.3838e-16 -0.203456
vn 0.942261 -1.65244e-16 -0.33488
vn 0.887885 4.00637e-17 -0.460065
vn 0.81697 6.5363e-18 -0.57668
vn 0.730836 -6.56789e-18 -0.682553
vn 0.631088 9.83652e-17 -0.775711
vn 0.519584 -1.06018e-16 -0.854419
vn 0.398401 -5.05672e-18 -0.917211
vn 0.269797 9.42849e-17 -0.962917
vn 0.136167 -3.70454e-17 -0.990686
vn 0 0 -1
vn -0.136167 3.473e-17 -0.990686
vn -0.269797 -7.59347e-17 -0.962917
vn -0.398401 -4.34764e-17 -0.917211
vn -0.519584 -5.10406e-17 -0.854419
vn -0.631088 -1.68116e-16 -0.775711
vn -0.730836 2.62716e-17 -0.682553
vn -0.81697 -4.57591e-17 -0.57668
vn -0.887885 -6.25824e-17 -0.460065
vn -0.942261 7.41366e-17 -0.33488
vn -0.979084 2.24855e-16 -0.203456
vn 0 1 0
vn 0.906587 -0.420413 0.0367814
vn 0.863189 -0.504881 0
vn 0.898068 -0.438904 -0.0289218
vn 0.896106 -0.437945 -0.0720985
vn 0.937819 -0.345802 -0.0302538
vn 0.880905 -0.458836 0.11608
vn 0.886479 -0.447001 0.119774
vn 0.894861 -0.404527 0.188634
vn 0.872502 -0.400247 0.280256
vn 0.884412 -0.381221 0.26923
vn 0.876527 -0.422527 0.230587
vn 0.842757 -0.486566 0.230246
vn 0.860189 -0.49663 0.115899
vn 0.796718 -0.593134 0.115899
vn 0.802123 -0.597159 0
vn 0.727374 -0.686242 0
vn 0.722472 -0.681617 -0.115899
vn 0.638456 -0.760882 -0.115899
vn 0.625517 -0.745463 -0.230246
vn 0.534745 -0.81304 -0.230246
vn 0.516472 -0.785257 -0.341509
vn 0.421817 -0.839906 -0.341509
vn 0.401198 -0.798851 -0.448193
vn 0.305744 -0.840026 -0.448193
vn 0.2859 -0.785503 -0.54886
vn 0.192775 -0.813382 -0.54886
vn 0.176786 -0.745917 -0.642149
vn 0.0889945 -0.761397 -0.642149
vn 0.0797391 -0.682212 -0.726793
vn -0 -0.686856 -0.726793
vn -0 -0.597809 -0.801638
vn -0.0694014 -0.593767 -0.801638
vn -0.0581202 -0.49725 -0.865658
vn -0.115454 -0.48714 -0.865658
vn -0.0914727 -0.385954 -0.917972
vn -0.135661 -0.372725 -0.917972
vn -0.098245 -0.269926 -0.957856
vn -0.128917 -0.256695 -0.957856
vn -0.0780612 -0.155433 -0.984757
vn -0.0955781 -0.145319 -0.984757
vn -0.0320051 -0.0486613 -0.998302
vn 0.917758 -0.280821 0.280821
vn 0.880703 -0.327707 0.342009
vn 0.863118 -0.372042 0.341485
vn 0.863102 -0.37206 0.341505
vn 0.813959 -0.469939 0.341509
vn 0.753898 -0.561257 0.341509
vn 0.683643 -0.644984 0.341509
vn 0.604142 -0.719989 0.341509
vn 0.516472 -0.785257 0.341509
vn 0.421817 -0.839906 0.341509
vn 0.321457 -0.883197 0.341509
vn 0.216751 -0.914544 0.341509
vn 0.109113 -0.933523 0.341509
vn 0 -0.939878 0.341509
vn -0.109113 -0.933523 0.341509
vn -0.216751 -0.914544 0.341509
vn -0.321457 -0.883197 0.341509
vn -0.421817 -0.839906 0.341509
vn -0.516472 -0.785257 0.341509
vn -0.604142 -0.719989 0.341509
vn -0.683643 -0.644984 0.341509
vn -0.753898 -0.561257 0.341509
vn -0.813959 -0.469939 0.341509
vn -0.863102 -0.37206 0.341505
vn -0.820922 -0.353878 0.448171
vn -0.856409 -0.256255 0.448216
vn -0.800826 -0.239624 0.54887
vn -0.823209 -0.145213 0.548854
vn -0.8345 -0.0486041 0.54886
vn -0.8345 0.0486041 0.54886
vn -0.823207 0.145206 0.548858
vn -0.75493 0.133162 0.642144
vn -0.734397 0.21976 0.642158
vn -0.734388 0.21977 0.642165
vn -0.703956 0.303496 0.642134
vn -0.70394 0.30351 0.642145
vn -0.663878 0.38329 0.642149
vn -0.614892 0.45777 0.642149
vn -0.55759 0.526059 0.642149
vn -0.492748 0.587234 0.642149
vn -0.421243 0.640468 0.642149
vn -0.376532 0.667136 0.64277
vn -0.333849 0.664747 0.668324
vn -0.283398 0.70285 0.652447
vn -0.240768 0.661504 0.710241
vn -0.151964 0.826284 0.542367
vn -0.182352 0.661661 0.727291
vn -0.155784 0.657306 0.737347
vn -0.137864 0.581695 0.801638
vn -0.115454 0.48714 0.865658
vn -0.0914727 0.385954 0.917972
vn -0.0662442 0.279506 0.957856
vn -0.0401118 0.169245 0.984757
vn -0.0134318 0.0566731 0.998302
vn 0.885961 -0.266001 0.379889
vn 0.884941 -0.264777 0.38311
vn 0.856418 -0.256243 0.448204
vn 0.87526 -0.180666 0.448643
vn 0.87338 -0.154063 0.462031
vn 0.884219 -0.120887 0.451158
vn 0.880022 -0.0512554 0.472159
vn 0.884756 -0.0406193 0.46428
vn 0.884756 0.0406193 0.46428
vn 0.906108 -0.178787 0.383411
vn 0.880022 0.0512554 0.472159
vn 0.884219 0.120887 0.451158
vn 0.87338 0.154063 0.462031
vn 0.87526 0.180666 0.448643
vn 0.856418 0.256243 0.448204
vn 0.886003 0.265095 0.380424
vn 0.880703 0.327707 0.342009
vn 0.917758 0.280821 0.280821
vn 0.872502 0.400247 0.280256
vn 0.906108 0.178787 0.383411
vn 0.883941 0.268204 0.383035
vn 0.894861 0.404527 0.188634
vn 0.876527 0.422527 0.230587
vn 0.884412 0.381221 0.26923
vn 0.863118 0.372042 0.341485
vn 0.886479 0.447001 0.119774
vn 0.880905 0.458836 0.11608
vn 0.860189 0.49663 0.115899
vn 0.796718 0.593134 0.115899
vn 0.74654 0.655138 0.116065
vn 0.729127 0.682559 0.0498736
vn 0.755287 0.655394 0
vn 0.741399 0.670514 -0.0271761
vn 0.738962 0.66831 -0.0854175
vn 0.560153 0.827503 -0.0383155
vn 0.906587 0.420413 0.0367814
vn 0.863189 0.504881 0
vn 0.866025 0.5 0
vn 0.802123 0.597159 0
vn 0.906587 0.420413 -0.0367814
vn 0.877946 0.462446 -0.123912
vn 0.885869 0.449175 -0.116092
vn 0.894861 0.404527 -0.188634
vn 0.876527 0.422527 -0.230587
vn 0.884412 0.381221 -0.26923
vn 0.863118 0.372042 -0.341485
vn 0.880703 0.327707 -0.342009
vn 0.886003 0.265095 -0.380424
vn 0.883941 0.268204 -0.383035
vn 0.906108 0.178787 -0.383411
vn 0.872502 0.400247 -0.280256
vn 0.917758 0.280821 -0.280821
vn 0.884219 0.120887 -0.451158
vn 0.87338 0.154063 -0.462031
vn 0.87526 0.180666 -0.448643
vn 0.856418 0.256243 -0.448204
vn 0.880022 0.0512554 -0.472159
vn 0.884756 0.0406193 -0.46428
vn 0.884756 -0.0406193 -0.46428
vn 0.880022 -0.0512554 -0.472159
vn 0.884219 -0.120887 -0.451158
vn 0.87338 -0.154063 -0.462031
vn 0.87526 -0.180666 -0.448643
vn 0.856418 -0.256243 -0.448204
vn 0.884941 -0.264777 -0.38311
vn 0.885961 -0.266001 -0.379889
vn 0.906108 -0.178787 -0.383411
vn 0.880703 -0.327707 -0.342009
vn 0.917758 -0.280821 -0.280821
vn 0.872502 -0.400247 -0.280256
vn 0.902488 -0.390361 -0.182028
vn 0.87747 -0.420555 -0.230607
vn 0.889006 -0.373571 -0.264789
vn 0.866443 -0.36409 -0.341637
vn 0.889378 -0.435576 -0.138855
vn 0.886479 -0.447001 -0.119774
vn 0.880905 -0.458836 -0.11608
vn -0.906587 -0.420413 -0.0367814
vn -0.863189 -0.504881 0
vn -0.906587 -0.420413 0.0367814
vn -0.880905 -0.458836 0.11608
vn -0.886479 -0.447001 0.119774
vn -0.894861 -0.404527 0.188634
vn -0.876527 -0.422527 0.230587
vn -0.884412 -0.381221 0.26923
vn -0.863118 -0.372042 0.341485
vn -0.880703 -0.327707 0.342009
vn -0.886003 -0.265095 0.380424
vn -0.883941 -0.268204 0.383035
vn -0.906108 -0.178787 0.383411
vn -0.87526 -0.180666 0.448643
vn -0.87338 -0.154063 0.462031
vn -0.877946 -0.462446 -0.123912
vn -0.885869 -0.449175 -0.116092
vn -0.860189 -0.49663 -0.115899
vn -0.796718 -0.593134 -0.115899
vn -0.722472 -0.681617 -0.115899
vn -0.638456 -0.760882 -0.115899
vn -0.545806 -0.829857 -0.115899
vn -0.445775 -0.88761 -0.115899
vn -0.339715 -0.93336 -0.115899
vn -0.229062 -0.966488 -0.115899
vn -0.115311 -0.986545 -0.115899
vn 0 -0.993261 -0.115899
vn 0.115311 -0.986545 -0.115899
vn 0.229062 -0.966488 -0.115899
vn 0.339715 -0.93336 -0.115899
vn 0.445775 -0.88761 -0.115899
vn 0.545806 -0.829857 -0.115899
vn 0.638456 -0.760882 -0.115899
vn -0.894861 -0.404527 -0.188634
vn -0.876527 -0.422527 -0.230587
vn -0.842757 -0.486566 -0.230246
vn -0.780572 -0.581114 -0.230246
vn -0.707831 -0.667804 -0.230246
vn -0.625517 -0.745463 -0.230246
vn -0.534745 -0.81304 -0.230246
vn -0.436741 -0.869623 -0.230246
vn -0.332831 -0.914445 -0.230246
vn -0.22442 -0.946901 -0.230246
vn -0.112974 -0.966552 -0.230246
vn 0 -0.973132 -0.230246
vn 0.112974 -0.966552 -0.230246
vn 0.22442 -0.946901 -0.230246
vn 0.332831 -0.914445 -0.230246
vn 0.436741 -0.869623 -0.230246
vn 0.534745 -0.81304 -0.230246
vn -0.884412 -0.381221 -0.26923
vn -0.872502 -0.400247 -0.280256
vn -0.917758 -0.280821 -0.280821
vn -0.883941 -0.268204 -0.383035
vn -0.886003 -0.265095 -0.380424
vn -0.880703 -0.327707 -0.342009
vn -0.863118 -0.372042 -0.341485
vn -0.906108 -0.178787 -0.383411
vn -0.87526 -0.180666 -0.448643
vn -0.856418 -0.256243 -0.448204
vn -0.856409 -0.256255 -0.448216
vn -0.820922 -0.353878 -0.448171
vn -0.820906 -0.353894 -0.448188
vn -0.774172 -0.446969 -0.448193
vn -0.717048 -0.533822 -0.448193
vn -0.650226 -0.613457 -0.448193
vn -0.574612 -0.684795 -0.448193
vn -0.491226 -0.746873 -0.448193
vn -0.401198 -0.798851 -0.448193
vn -0.305744 -0.840026 -0.448193
vn -0.206156 -0.869841 -0.448193
vn -0.10378 -0.887893 -0.448193
vn 0 -0.893937 -0.448193
vn 0.10378 -0.887893 -0.448193
vn 0.206156 -0.869841 -0.448193
vn 0.305744 -0.840026 -0.448193
vn -0.87338 -0.154063 -0.462031
vn -0.884219 -0.120887 -0.451158
vn -0.880022 -0.0512554 -0.472159
vn -0.884756 -0.0406193 -0.46428
vn -0.884756 0.0406193 -0.46428
vn -0.880022 0.0512554 -0.472159
vn -0.884219 0.120887 -0.451158
vn -0.87338 0.154063 -0.462031
vn -0.87526 0.180666 -0.448643
vn -0.856418 0.256243 -0.448204
vn -0.884941 0.264777 -0.38311
vn -0.885961 0.266001 -0.379889
vn -0.906108 0.178787 -0.383411
vn -0.880703 0.327707 -0.342009
vn -0.917758 0.280821 -0.280821
vn -0.872502 0.400247 -0.280256
vn -0.902488 0.390361 -0.182028
vn -0.87747 0.420555 -0.230607
vn -0.889006 0.373571 -0.264789
vn -0.866443 0.36409 -0.341637
vn -0.889378 0.435576 -0.138855
vn -0.886479 0.447001 -0.119774
vn -0.880905 0.458836 -0.11608
vn -0.896106 0.437945 -0.0720985
vn -0.898068 0.438904 -0.0289218
vn -0.937819 0.345802 -0.0302538
vn -0.863189 0.504881 0
vn -0.906587 0.420413 0.0367814
vn -0.880905 0.458836 0.11608
vn -0.886479 0.447001 0.119774
vn -0.894861 0.404527 0.188634
vn -0.872502 0.400247 0.280256
vn -0.884412 0.381221 0.26923
vn -0.876527 0.422527 0.230587
vn -0.842757 0.486566 0.230246
vn -0.860189 0.49663 0.115899
vn -0.796718 0.593134 0.115899
vn -0.802123 0.597159 0
vn -0.755287 0.655394 0
vn -0.729127 0.682559 -0.0498736
vn -0.917758 0.280821 0.280821
vn -0.880703 0.327707 0.342009
vn -0.863118 0.372042 0.341485
vn -0.863102 0.37206 0.341505
vn -0.813959 0.469939 0.341509
vn -0.753898 0.561257 0.341509
vn -0.683643 0.644984 0.341509
vn -0.655538 0.673289 0.341983
vn -0.590374 0.691226 0.416731
vn -0.600893 0.661487 0.448735
vn -0.560108 0.667511 0.490621
vn -0.537316 0.640348 0.54886
vn -0.885961 0.266001 0.379889
vn -0.884941 0.264777 0.38311
vn -0.856418 0.256243 0.448204
vn -0.87526 0.180666 0.448643
vn -0.87338 0.154063 0.462031
vn -0.884219 0.120887 0.451158
vn -0.880022 0.0512554 0.472159
vn -0.884756 0.0406193 0.46428
vn -0.884756 -0.0406193 0.46428
vn -0.906108 0.178787 0.383411
vn -0.880022 -0.0512554 0.472159
vn -0.884219 -0.120887 0.451158
vn -0.917758 -0.280821 0.280821
vn -0.872502 -0.400247 0.280256
vn 0.721338 0.676168 0.149896
vn 0.721304 0.653153 0.230461
vn 0.780572 0.581114 0.230246
vn 0.842757 0.486566 0.230246
vn 0.704471 0.664634 0.24896
vn 0.684046 0.687734 0.24311
vn 0.628206 0.706682 0.32551
vn 0.655538 0.673289 0.341983
vn 0.590374 0.691226 0.416731
vn 0.600893 0.661487 0.448735
vn 0.560108 0.667511 0.490621
vn 0.537316 0.640348 0.54886
vn 0.522832 0.651889 0.54926
vn 0.460542 0.683705 0.566082
vn 0.451563 0.786279 0.42173
vn 0.438092 0.666086 0.603659
vn 0.340483 0.75537 0.5599
vn 0.376532 0.667136 0.64277
vn 0.333849 0.664747 0.668324
vn 0.308261 0.613797 0.726793
vn 0.234919 0.645434 0.726793
vn 0.204463 0.561757 0.801638
vn 0.137864 0.581695 0.801638
vn 0.115454 0.48714 0.865658
vn 0.0581202 0.49725 0.865658
vn 0.0460477 0.393964 0.917972
vn 0 0.396645 0.917972
vn 0 0.287249 0.957856
vn -0.0333476 0.285307 0.957856
vn -0.0201925 0.172757 0.984757
vn 0.283398 0.70285 0.652447
vn 0.240768 0.661504 0.710241
vn 0.182352 0.661661 0.727291
vn 0.155784 0.657306 0.737347
vn 0.100208 0.67707 0.729064
vn 0.0778641 0.66617 0.741724
vn 0 0.676522 0.736422
vn -0.0778641 0.66617 0.741724
vn -0.0694014 0.593767 0.801638
vn 0.151964 0.826284 0.542367
vn -0.100208 0.67707 0.729064
vn -0.340483 0.75537 0.5599
vn -0.438092 0.666086 0.603659
vn -0.460542 0.683705 0.566082
vn -0.522832 0.651889 0.54926
vn -0.451563 0.786279 0.42173
vn -0.628206 0.706682 0.32551
vn -0.684046 0.687734 0.24311
vn -0.704471 0.664634 0.24896
vn -0.721304 0.653153 0.230461
vn -0.780572 0.581114 0.230246
vn -0.842757 0.486566 0.230246
vn -0.721338 0.676168 0.149896
vn -0.74654 0.655138 0.116065
vn -0.796718 0.593134 0.115899
vn -0.729127 0.682559 0.0498736
vn -0.74654 0.655138 -0.116065
vn -0.721338 0.676168 -0.149896
vn -0.721304 0.653153 -0.230461
vn -0.704471 0.664634 -0.24896
vn -0.683643 0.644984 -0.341509
vn -0.655538 0.673289 -0.341983
vn -0.590374 0.691226 -0.416731
vn -0.684046 0.687734 -0.24311
vn -0.628206 0.706682 -0.32551
vn -0.451563 0.786279 -0.42173
vn -0.560108 0.667511 -0.490621
vn -0.600893 0.661487 -0.448735
vn -0.650226 0.613457 -0.448193
vn -0.753898 0.561257 -0.341509
vn -0.780572 0.581114 -0.230246
vn -0.842757 0.486566 -0.230246
vn -0.860189 0.49663 -0.115899
vn -0.522832 0.651889 -0.54926
vn -0.460542 0.683705 -0.566082
vn -0.438092 0.666086 -0.603659
vn -0.340483 0.75537 -0.5599
vn -0.376532 0.667136 -0.64277
vn -0.333849 0.664747 -0.668324
vn -0.308261 0.613797 -0.726793
vn -0.234919 0.645434 -0.726793
vn -0.204463 0.561757 -0.801638
vn -0.137864 0.581695 -0.801638
vn -0.115454 0.48714 -0.865658
vn -0.0581202 0.49725 -0.865658
vn -0.0460477 0.393964 -0.917972
vn 0 0.396645 -0.917972
vn 0 0.287249 -0.957856
vn 0.0333476 0.285307 -0.957856
vn 0.0201925 0.172757 -0.984757
vn 0.0401118 0.169245 -0.984757
vn 0.0134318 0.0566731 -0.998302
vn -0.283398 0.70285 -0.652447
vn -0.240768 0.661504 -0.710241
vn -0.182352 0.661661 -0.727291
vn -0.155784 0.657306 -0.737347
vn -0.100208 0.67707 -0.729064
vn -0.0778641 0.66617 -0.741724
vn 0 0.676522 -0.736422
vn 0.0778641 0.66617 -0.741724
vn 0.0694014 0.593767 -0.801638
vn 0.137864 0.581695 -0.801638
vn 0.115454 0.48714 -0.865658
vn 0.171227 0.470443 -0.865658
vn 0.135661 0.372725 -0.917972
vn 0.178014 0.354455 -0.917972
vn 0.128917 0.256695 -0.957856
vn 0.157846 0.239993 -0.957856
vn 0.0955781 0.145319 -0.984757
vn 0.111802 0.133241 -0.984757
vn 0.0374379 0.0446168 -0.998302
vn -0.151964 0.826284 -0.542367
vn 0.100208 0.67707 -0.729064
vn 0.155784 0.657306 -0.737347
vn 0.204463 0.561757 -0.801638
vn 0.224685 0.447384 -0.865658
vn 0.21796 0.331392 -0.917972
vn 0.18464 0.220046 -0.957856
vn 0.125793 0.120044 -0.984767
vn 0.12608 0.119632 -0.98478
vn 0.132387 0.11238 -0.984807
vn 0.132704 0.111999 -0.984808
vn 0.139516 0.103866 -0.984757
vn 0.0467181 0.0347803 -0.998302
vn 0.182352 0.661661 -0.727291
vn 0.151964 0.826284 -0.542367
vn 0.240768 0.661504 -0.710241
vn 0.283398 0.70285 -0.652447
vn 0.333849 0.664747 -0.668324
vn 0.376532 0.667136 -0.64277
vn 0.421243 0.640468 -0.642149
vn 0.492748 0.587234 -0.642149
vn 0.545194 0.538415 -0.642552
vn 0.594124 0.586737 -0.550233
vn 0.626388 0.553631 -0.548754
vn 0.669627 0.591848 -0.448681
vn 0.717048 0.533822 -0.448193
vn 0.774172 0.446969 -0.448193
vn 0.820906 0.353894 -0.448188
vn 0.820922 0.353878 -0.448171
vn 0.856409 0.256255 -0.448216
vn 0.340483 0.75537 -0.5599
vn 0.438092 0.666086 -0.603659
vn 0.460542 0.683705 -0.566082
vn 0.522832 0.651889 -0.54926
vn 0.537316 0.640348 -0.54886
vn 0.59288 0.58886 -0.549307
vn 0.633727 0.62943 -0.449676
vn 0.668273 0.594057 -0.44778
vn 0.702349 0.624349 -0.341897
vn 0.753898 0.561257 -0.341509
vn 0.813959 0.469939 -0.341509
vn 0.863102 0.37206 -0.341505
vn 0.451563 0.786279 -0.42173
vn 0.560108 0.667511 -0.490621
vn 0.600893 0.661487 -0.448735
vn 0.590374 0.691226 -0.416731
vn 0.655538 0.673289 -0.341983
vn 0.628206 0.706682 -0.32551
vn 0.684046 0.687734 -0.24311
vn 0.681971 0.717518 -0.141715
vn 0.71533 0.659942 -0.229736
vn 0.684296 0.68746 -0.243182
vn 0.662956 0.666022 -0.341912
vn -0.0581445 -0.00338653 -0.998302
vn -0.0581445 0.00338653 0.998302
vn -0.0534803 -0.0230676 -0.998302
vn -0.0504399 -0.0291215 -0.998302
vn -0.0467181 -0.0347803 -0.998302
vn -0.0423644 -0.0399688 -0.998302
vn -0.0374379 -0.0446168 -0.998302
vn -0.0261394 -0.0520479 -0.998302
vn -0.0199203 -0.0547305 -0.998302
vn -0.0134318 -0.0566731 -0.998302
vn -0.0067616 -0.0578492 -0.998302
vn 0 -0.058243 -0.998302
vn 0.0067616 -0.0578492 -0.998302
vn 0.0134318 -0.0566731 -0.998302
vn 0.0199203 -0.0547305 -0.998302
vn 0.0261394 -0.0520479 -0.998302
vn 0.0374379 -0.0446168 -0.998302
vn 0.0423644 -0.0399688 -0.998302
vn 0.0467181 -0.0347803 -0.998302
vn 0.0504399 -0.0291215 -0.998302
vn 0.0519819 -0.026052 -0.998308
vn 0.0573581 -0.0101142 -0.998302
vn 0.0581445 -0.00338653 -0.998302
vn 0.0581445 0.00338653 -0.998302
vn 0.0534803 0.0230676 -0.998302
vn 0.0504399 0.0291215 -0.998302
vn 0.0320051 0.0486613 -0.998302
vn 0.0199203 0.0547305 -0.998302
vn 0.0067616 0.0578492 -0.998302
vn 0 0.058243 -0.998302
vn -0.0067616 0.0578492 -0.998302
vn -0.0134318 0.0566731 -0.998302
vn -0.0199203 0.0547305 -0.998302
vn -0.0261394 0.0520479 -0.998302
vn -0.0320051 0.0486613 -0.998302
vn -0.0374379 0.0446168 -0.998302
vn -0.0423644 0.0399688 -0.998302
vn -0.0467181 0.0347803 -0.998302
vn -0.0504399 0.0291215 -0.998302
vn -0.0519819 0.026052 -0.998308
vn -0.0573581 0.0101142 -0.998302
vn -0.0581445 0.00338653 -0.998302
vn -0.0573581 0.0101142 0.998302
vn -0.0504399 0.0291215 0.998302
vn -0.0467181 0.0347803 0.998302
vn -0.0423644 0.0399688 0.998302
vn -0.0374379 0.0446168 0.998302
vn -0.0320051 0.0486613 0.998302
vn -0.0261394 0.0520479 0.998302
vn -0.0199203 0.0547305 0.998302
vn -0.0067616 0.0578492 0.998302
vn 0 0.058243 0.998302
vn 0.0067616 0.0578492 0.998302
vn 0.0134318 0.0566731 0.998302
vn 0.0199203 0.0547305 0.998302
vn 0.0261394 0.0520479 0.998302
vn 0.0374379 0.0446168 0.998302
vn 0.0423644 0.0399688 0.998302
vn 0.0467181 0.0347803 0.998302
vn 0.0504399 0.0291215 0.998302
vn 0.0534803 0.0230676 0.998302
vn 0.0581445 0.00338653 0.998302
vn 0.0581445 -0.00338653 0.998302
vn 0.0573581 -0.0101142 0.998302
vn 0.0504399 -0.0291215 0.998302
vn 0.0467181 -0.0347803 0.998302
vn 0.0423644 -0.0399688 0.998302
vn 0.0374379 -0.0446168 0.998302
vn 0.0320051 -0.0486613 0.998302
vn 0.0199203 -0.0547305 0.998302
vn 0.0134318 -0.0566731 0.998302
vn 0.0067616 -0.0578492 0.998302
vn 0 -0.058243 0.998302
vn -0.0067616 -0.0578492 0.998302
vn -0.0134318 -0.0566731 0.998302
vn -0.0199203 -0.0547305 0.998302
vn -0.0261394 -0.0520479 0.998302
vn -0.0320051 -0.0486613 0.998302
vn -0.0374379 -0.0446168 0.998302
vn -0.0423644 -0.0399688 0.998302
vn -0.0467181 -0.0347803 0.998302
vn -0.0504399 -0.0291215 0.998302
vn -0.0534803 -0.0230676 0.998302
vn -0.0581445 -0.00338653 0.998302
vn -0.173639 0.0101133 -0.984757
vn -0.171291 0.0302046 -0.984757
vn -0.166627 0.0498791 -0.984758
vn -0.275181 0.0823741 -0.957857
vn -0.264017 0.113081 -0.957866
vn -0.364448 0.156097 -0.918047
vn -0.354546 0.176582 -0.918213
vn -0.447564 0.222909 -0.866024
vn -0.433563 0.250318 -0.865658
vn -0.401571 0.298959 -0.865658
vn -0.364149 0.343557 -0.865658
vn -0.321802 0.383509 -0.865658
vn -0.275103 0.418275 -0.865658
vn -0.224685 0.447384 -0.865658
vn -0.171227 0.470443 -0.865658
vn -0.115454 0.48714 -0.865658
vn -0.286763 0.0167021 -0.957856
vn -0.282885 0.0498847 -0.957856
vn -0.379982 0.113739 -0.917974
vn -0.364689 0.15583 -0.917997
vn -0.460136 0.196614 -0.865805
vn -0.447759 0.222541 -0.866018
vn -0.534756 0.265779 -0.802121
vn -0.517718 0.298905 -0.801638
vn -0.479517 0.356987 -0.801638
vn -0.434831 0.410242 -0.801638
vn -0.384264 0.457948 -0.801638
vn -0.328501 0.499462 -0.801638
vn -0.268296 0.534222 -0.801638
vn -0.204463 0.561757 -0.801638
vn -0.173639 -0.0101133 -0.984757
vn -0.171291 -0.0302046 -0.984757
vn -0.0573581 -0.0101142 -0.998302
vn -0.0557964 -0.0167034 -0.998302
vn -0.395974 0.0230629 -0.917972
vn -0.390618 0.0688859 -0.917972
vn -0.379986 0.113733 -0.917973
vn -0.479604 0.14355 -0.865663
vn -0.460463 0.196286 -0.865705
vn -0.549631 0.234297 -0.801879
vn -0.534993 0.265341 -0.802108
vn -0.614785 0.304915 -0.727369
vn -0.594835 0.343428 -0.726793
vn -0.550943 0.410162 -0.726793
vn -0.499601 0.471349 -0.726793
vn -0.441503 0.526162 -0.726793
vn -0.377434 0.57386 -0.726793
vn -0.308261 0.613797 -0.726793
vn -0.286763 -0.0167021 -0.957856
vn -0.282885 -0.0498847 -0.957856
vn -0.171291 -0.0302059 -0.984757
vn -0.166627 -0.0498791 -0.984758
vn -0.159713 -0.0688843 -0.984757
vn -0.150631 -0.0869668 -0.984757
vn -0.139516 -0.103866 -0.984757
vn -0.126515 -0.11936 -0.984757
vn -0.111802 -0.133241 -0.984757
vn -0.0955781 -0.145319 -0.984757
vn -0.499788 0.0291093 -0.865658
vn -0.493027 0.0869497 -0.865658
vn -0.47961 0.143543 -0.865661
vn -0.572698 0.171404 -0.801647
vn -0.550039 0.233914 -0.801712
vn -0.631732 0.268655 -0.727144
vn -0.615061 0.304414 -0.727346
vn -0.686562 0.339802 -0.642781
vn -0.663878 0.38329 -0.642149
vn -0.614892 0.45777 -0.642149
vn -0.55759 0.526059 -0.642149
vn -0.492748 0.587234 -0.642149
vn -0.421243 0.640468 -0.642149
vn -0.395974 -0.0230629 -0.917972
vn -0.390618 -0.0688859 -0.917972
vn -0.282885 -0.049887 -0.957856
vn -0.275184 -0.08237 -0.957856
vn -0.263767 -0.113756 -0.957855
vn -0.248765 -0.143625 -0.957856
vn -0.230409 -0.171533 -0.957856
vn -0.208937 -0.197122 -0.957856
vn -0.18464 -0.220046 -0.957856
vn -0.157846 -0.239993 -0.957856
vn -0.128917 -0.256695 -0.957856
vn -0.596798 0.0347595 -0.801638
vn -0.588724 0.103831 -0.801638
vn -0.572706 0.171396 -0.801643
vn -0.658008 0.196925 -0.726805
vn -0.632206 0.268217 -0.726894
vn -0.705336 0.299242 -0.642616
vn -0.686873 0.339243 -0.642744
vn -0.749108 0.369981 -0.5495
vn -0.723923 0.417957 -0.54886
vn -0.670506 0.499174 -0.54886
vn -0.608022 0.573639 -0.54886
vn -0.537316 0.640348 -0.54886
vn -0.499788 -0.0291093 -0.865658
vn -0.493027 -0.0869497 -0.865658
vn -0.390619 -0.0688891 -0.917971
vn -0.379986 -0.113733 -0.917973
vn -0.364226 -0.15707 -0.91797
vn -0.364219 -0.157078 -0.917971
vn -0.343505 -0.198323 -0.917972
vn -0.318159 -0.23686 -0.917972
vn -0.288509 -0.272195 -0.917972
vn -0.254959 -0.303848 -0.917972
vn -0.21796 -0.331392 -0.917972
vn -0.178014 -0.354455 -0.917972
vn -0.135661 -0.372725 -0.917972
vn -0.685694 0.0399371 -0.726793
vn -0.676417 0.119303 -0.726792
vn -0.658017 0.196915 -0.7268
vn -0.734388 0.21977 -0.642165
vn -0.705856 0.298749 -0.642274
vn -0.769454 0.325666 -0.549437
vn -0.74945 0.369372 -0.549445
vn -0.801571 0.395061 -0.448789
vn -0.774172 0.446969 -0.448193
vn -0.717048 0.533822 -0.448193
vn -0.650226 0.613457 -0.448193
vn -0.596798 -0.0347595 -0.801638
vn -0.588724 -0.103831 -0.801638
vn -0.493028 -0.0869538 -0.865657
vn -0.47961 -0.143543 -0.865661
vn -0.459722 -0.198239 -0.865654
vn -0.459712 -0.198248 -0.865657
vn -0.433563 -0.250318 -0.865658
vn -0.401571 -0.298959 -0.865658
vn -0.364149 -0.343557 -0.865658
vn -0.321802 -0.383509 -0.865658
vn -0.275103 -0.418275 -0.865658
vn -0.224685 -0.447384 -0.865658
vn -0.171227 -0.470443 -0.865658
vn -0.115454 -0.48714 -0.865658
vn -0.765283 0.0445727 -0.642149
vn -0.754928 0.133156 -0.642148
vn -0.734397 0.21976 -0.642158
vn -0.800816 0.239635 -0.54888
vn -0.769998 0.325118 -0.549
vn -0.823227 0.347593 -0.448861
vn -0.801934 0.394409 -0.448712
vn -0.84323 0.414719 -0.34201
vn -0.813959 0.469939 -0.341509
vn -0.753898 0.561257 -0.341509
vn -0.685694 -0.0399371 -0.726793
vn -0.676417 -0.119303 -0.726792
vn -0.588725 -0.103836 -0.801636
vn -0.572706 -0.171396 -0.801643
vn -0.572698 -0.171404 -0.801647
vn -0.548961 -0.236705 -0.801631
vn -0.548949 -0.236715 -0.801636
vn -0.517718 -0.298905 -0.801638
vn -0.479517 -0.356987 -0.801638
vn -0.434831 -0.410242 -0.801638
vn -0.384264 -0.457948 -0.801638
vn -0.328501 -0.499462 -0.801638
vn -0.268296 -0.534222 -0.801638
vn -0.204463 -0.561757 -0.801638
vn -0.137864 -0.581695 -0.801638
vn -0.0694014 -0.593767 -0.801638
vn -0.8345 0.0486041 -0.54886
vn -0.823207 0.145206 -0.548858
vn -0.800826 0.239624 -0.54887
vn -0.856409 0.256255 -0.448216
vn -0.823768 0.346989 -0.448335
vn -0.865928 0.364748 -0.342239
vn -0.843608 0.414032 -0.341911
vn -0.873515 0.42871 -0.230607
vn -0.842757 0.486566 -0.230246
vn -0.765283 -0.0445727 -0.642149
vn -0.754928 -0.133156 -0.642148
vn -0.676418 -0.119308 -0.72679
vn -0.658017 -0.196915 -0.7268
vn -0.658008 -0.196925 -0.726805
vn -0.630738 -0.271948 -0.726783
vn -0.630724 -0.27196 -0.72679
vn -0.594835 -0.343428 -0.726793
vn -0.550943 -0.410162 -0.726793
vn -0.499601 -0.471349 -0.726793
vn -0.441503 -0.526162 -0.726793
vn -0.377434 -0.57386 -0.726793
vn -0.308261 -0.613797 -0.726793
vn -0.234919 -0.645434 -0.726793
vn -0.1584 -0.668342 -0.726793
vn -0.0797391 -0.682212 -0.726793
vn 0 -0.686856 -0.726793
vn -0.8345 -0.0486041 -0.54886
vn -0.823207 -0.145206 -0.548858
vn -0.75493 -0.133162 -0.642144
vn -0.734397 -0.21976 -0.642158
vn -0.734388 -0.21977 -0.642165
vn -0.703956 -0.303496 -0.642134
vn -0.70394 -0.30351 -0.642145
vn -0.663878 -0.38329 -0.642149
vn -0.614892 -0.45777 -0.642149
vn -0.55759 -0.526059 -0.642149
vn -0.492748 -0.587234 -0.642149
vn -0.421243 -0.640468 -0.642149
vn -0.34404 -0.685041 -0.642149
vn -0.262186 -0.72035 -0.642149
vn -0.176786 -0.745917 -0.642149
vn -0.0889945 -0.761397 -0.642149
vn 0 -0.76658 -0.642149
vn 0.0889945 -0.761397 -0.642149
vn -0.765283 0.0445727 0.642149
vn -0.754928 0.133156 0.642148
vn -0.676418 0.119308 0.72679
vn -0.658017 0.196915 0.7268
vn -0.658008 0.196925 0.726805
vn -0.630738 0.271948 0.726783
vn -0.630724 0.27196 0.72679
vn -0.594835 0.343428 0.726793
vn -0.550943 0.410162 0.726793
vn -0.499601 0.471349 0.726793
vn -0.441503 0.526162 0.726793
vn -0.377434 0.57386 0.726793
vn -0.308261 0.613797 0.726793
vn -0.234919 0.645434 0.726793
vn -0.685694 0.0399371 0.726793
vn -0.588725 0.103836 0.801636
vn -0.572706 0.171396 0.801643
vn -0.572698 0.171404 0.801647
vn -0.548961 0.236705 0.801631
vn -0.548949 0.236715 0.801636
vn -0.517718 0.298905 0.801638
vn -0.479517 0.356987 0.801638
vn -0.434831 0.410242 0.801638
vn -0.384264 0.457948 0.801638
vn -0.328501 0.499462 0.801638
vn -0.268296 0.534222 0.801638
vn -0.204463 0.561757 0.801638
vn -0.765283 -0.0445727 0.642149
vn -0.754928 -0.133156 0.642148
vn -0.734397 -0.21976 0.642158
vn -0.800816 -0.239635 0.54888
vn -0.767633 -0.330928 0.548841
vn -0.820906 -0.353894 0.448188
vn -0.774172 -0.446969 0.448193
vn -0.717048 -0.533822 0.448193
vn -0.650226 -0.613457 0.448193
vn -0.574612 -0.684795 0.448193
vn -0.491226 -0.746873 0.448193
vn -0.401198 -0.798851 0.448193
vn -0.305744 -0.840026 0.448193
vn -0.206156 -0.869841 0.448193
vn -0.10378 -0.887893 0.448193
vn 0 -0.893937 0.448193
vn 0.10378 -0.887893 0.448193
vn 0.206156 -0.869841 0.448193
vn 0.305744 -0.840026 0.448193
vn 0.401198 -0.798851 0.448193
vn 0.491226 -0.746873 0.448193
vn 0.574612 -0.684795 0.448193
vn 0.650226 -0.613457 0.448193
vn 0.717048 -0.533822 0.448193
vn 0.774172 -0.446969 0.448193
vn 0.820906 -0.353894 0.448188
vn 0.820922 -0.353878 0.448171
vn 0.856409 -0.256255 0.448216
vn -0.596798 0.0347595 0.801638
vn -0.588724 0.103831 0.801638
vn -0.493028 0.0869538 0.865657
vn -0.47961 0.143543 0.865661
vn -0.459722 0.198239 0.865654
vn -0.459712 0.198248 0.865657
vn -0.433563 0.250318 0.865658
vn -0.401571 0.298959 0.865658
vn -0.364149 0.343557 0.865658
vn -0.321802 0.383509 0.865658
vn -0.275103 0.418275 0.865658
vn -0.224685 0.447384 0.865658
vn -0.171227 0.470443 0.865658
vn -0.685694 -0.0399371 0.726793
vn -0.676417 -0.119303 0.726792
vn -0.658017 -0.196915 0.7268
vn -0.734388 -0.21977 0.642165
vn -0.703956 -0.303496 0.642134
vn -0.767616 -0.330943 0.548855
vn -0.723923 -0.417957 0.54886
vn -0.670506 -0.499174 0.54886
vn -0.608022 -0.573639 0.54886
vn -0.537316 -0.640348 0.54886
vn -0.459343 -0.698396 0.54886
vn -0.375158 -0.747001 0.54886
vn -0.2859 -0.785503 0.54886
vn -0.192775 -0.813382 0.54886
vn -0.0970438 -0.830262 0.54886
vn 0 -0.835915 0.54886
vn 0.0970438 -0.830262 0.54886
vn 0.192775 -0.813382 0.54886
vn 0.2859 -0.785503 0.54886
vn 0.375158 -0.747001 0.54886
vn 0.459343 -0.698396 0.54886
vn 0.537316 -0.640348 0.54886
vn 0.608022 -0.573639 0.54886
vn 0.670506 -0.499174 0.54886
vn 0.723923 -0.417957 0.54886
vn 0.767616 -0.330943 0.548855
vn 0.767633 -0.330928 0.548841
vn 0.800816 -0.239635 0.54888
vn 0.800826 -0.239624 0.54887
vn 0.823209 -0.145213 0.548854
vn -0.499788 0.0291093 0.865658
vn -0.493027 0.0869497 0.865658
vn -0.390619 0.0688891 0.917971
vn -0.379986 0.113733 0.917973
vn -0.364226 0.15707 0.91797
vn -0.364219 0.157078 0.917971
vn -0.343505 0.198323 0.917972
vn -0.318159 0.23686 0.917972
vn -0.288509 0.272195 0.917972
vn -0.254959 0.303848 0.917972
vn -0.21796 0.331392 0.917972
vn -0.178014 0.354455 0.917972
vn -0.135661 0.372725 0.917972
vn -0.596798 -0.0347595 0.801638
vn -0.588724 -0.103831 0.801638
vn -0.572706 -0.171396 0.801643
vn -0.658008 -0.196925 0.726805
vn -0.630738 -0.271948 0.726783
vn -0.70394 -0.30351 0.642145
vn -0.663878 -0.38329 0.642149
vn -0.614892 -0.45777 0.642149
vn -0.55759 -0.526059 0.642149
vn -0.492748 -0.587234 0.642149
vn -0.421243 -0.640468 0.642149
vn -0.34404 -0.685041 0.642149
vn -0.262186 -0.72035 0.642149
vn -0.176786 -0.745917 0.642149
vn -0.0889945 -0.761397 0.642149
vn 0 -0.76658 0.642149
vn 0.0889945 -0.761397 0.642149
vn 0.176786 -0.745917 0.642149
vn 0.262186 -0.72035 0.642149
vn 0.34404 -0.685041 0.642149
vn 0.421243 -0.640468 0.642149
vn 0.492748 -0.587234 0.642149
vn 0.55759 -0.526059 0.642149
vn 0.614892 -0.45777 0.642149
vn 0.663878 -0.38329 0.642149
vn 0.70394 -0.30351 0.642145
vn 0.703956 -0.303496 0.642134
vn 0.734388 -0.21977 0.642165
vn 0.734397 -0.21976 0.642158
vn 0.75493 -0.133162 0.642144
vn 0.823207 -0.145206 0.548858
vn 0.8345 -0.0486041 0.54886
vn 0.8345 0.0486041 0.54886
vn 0.823207 0.145206 0.548858
vn 0.800826 0.239624 0.54887
vn 0.856409 0.256255 0.448216
vn 0.820922 0.353878 0.448171
vn 0.863102 0.37206 0.341505
vn 0.813959 0.469939 0.341509
vn 0.753898 0.561257 0.341509
vn 0.683643 0.644984 0.341509
vn -0.395974 0.0230629 0.917972
vn -0.390618 0.0688859 0.917972
vn -0.282885 0.049887 0.957856
vn -0.275184 0.08237 0.957856
vn -0.263767 0.113756 0.957855
vn -0.248765 0.143625 0.957856
vn -0.230409 0.171533 0.957856
vn -0.208937 0.197122 0.957856
vn -0.18464 0.220046 0.957856
vn -0.157846 0.239993 0.957856
vn -0.128917 0.256695 0.957856
vn -0.098245 0.269926 0.957856
vn -0.499788 -0.0291093 0.865658
vn -0.493027 -0.0869497 0.865658
vn -0.47961 -0.143543 0.865661
vn -0.572698 -0.171404 0.801647
vn -0.548961 -0.236705 0.801631
vn -0.630724 -0.27196 0.72679
vn -0.594835 -0.343428 0.726793
vn -0.550943 -0.410162 0.726793
vn -0.499601 -0.471349 0.726793
vn -0.441503 -0.526162 0.726793
vn -0.377434 -0.57386 0.726793
vn -0.308261 -0.613797 0.726793
vn -0.234919 -0.645434 0.726793
vn -0.1584 -0.668342 0.726793
vn -0.0797391 -0.682212 0.726793
vn 0 -0.686856 0.726793
vn 0.0797391 -0.682212 0.726793
vn 0.1584 -0.668342 0.726793
vn 0.234919 -0.645434 0.726793
vn 0.308261 -0.613797 0.726793
vn 0.377434 -0.57386 0.726793
vn 0.441503 -0.526162 0.726793
vn 0.499601 -0.471349 0.726793
vn 0.550943 -0.410162 0.726793
vn 0.594835 -0.343428 0.726793
vn 0.630724 -0.27196 0.72679
vn 0.630738 -0.271948 0.726783
vn 0.658008 -0.196925 0.726805
vn 0.658017 -0.196915 0.7268
vn 0.676418 -0.119308 0.72679
vn 0.754928 -0.133156 0.642148
vn 0.765283 -0.0445727 0.642149
vn 0.765283 0.0445727 0.642149
vn 0.754928 0.133156 0.642148
vn 0.734397 0.21976 0.642158
vn 0.800816 0.239635 0.54888
vn 0.767633 0.330928 0.548841
vn 0.820906 0.353894 0.448188
vn 0.774172 0.446969 0.448193
vn 0.717048 0.533822 0.448193
vn 0.650226 0.613457 0.448193
vn -0.286763 0.0167021 0.957856
vn -0.282885 0.0498847 0.957856
vn -0.171291 0.0302059 0.984757
vn -0.166627 0.0498791 0.984758
vn -0.159713 0.0688843 0.984757
vn -0.150631 0.0869668 0.984757
vn -0.139516 0.103866 0.984757
vn -0.126515 0.11936 0.984757
vn -0.111802 0.133241 0.984757
vn -0.0955781 0.145319 0.984757
vn -0.0780612 0.155433 0.984757
vn -0.0594888 0.163444 0.984757
vn -0.395974 -0.0230629 0.917972
vn -0.390618 -0.0688859 0.917972
vn -0.379986 -0.113733 0.917973
vn -0.479604 -0.14355 0.865663
vn -0.459722 -0.198239 0.865654
vn -0.548949 -0.236715 0.801636
vn -0.517718 -0.298905 0.801638
vn -0.479517 -0.356987 0.801638
vn -0.434831 -0.410242 0.801638
vn -0.384264 -0.457948 0.801638
vn -0.328501 -0.499462 0.801638
vn -0.268296 -0.534222 0.801638
vn -0.204463 -0.561757 0.801638
vn -0.137864 -0.581695 0.801638
vn -0.0694014 -0.593767 0.801638
vn 0 -0.597809 0.801638
vn 0.0694014 -0.593767 0.801638
vn 0.137864 -0.581695 0.801638
vn 0.204463 -0.561757 0.801638
vn 0.268296 -0.534222 0.801638
vn 0.328501 -0.499462 0.801638
vn 0.384264 -0.457948 0.801638
vn 0.434831 -0.410242 0.801638
vn 0.479517 -0.356987 0.801638
vn 0.517718 -0.298905 0.801638
vn 0.548949 -0.236715 0.801636
vn 0.548961 -0.236705 0.801631
vn 0.572698 -0.171404 0.801647
vn 0.572706 -0.171396 0.801643
vn 0.588725 -0.103836 0.801636
vn 0.676417 -0.119303 0.726792
vn 0.685694 -0.0399371 0.726793
vn 0.685694 0.0399371 0.726793
vn 0.676417 0.119303 0.726792
vn 0.658017 0.196915 0.7268
vn 0.734388 0.21977 0.642165
vn 0.703956 0.303496 0.642134
vn 0.767616 0.330943 0.548855
vn 0.723923 0.417957 0.54886
vn 0.670506 0.499174 0.54886
vn 0.608022 0.573639 0.54886
vn 0.537316 0.640348 0.54886
vn -0.173639 0.0101133 0.984757
vn -0.171291 0.0302046 0.984757
vn -0.286763 -0.0167021 0.957856
vn -0.282885 -0.0498847 0.957856
vn -0.275184 -0.08237 0.957856
vn -0.379982 -0.113739 0.917974
vn -0.364226 -0.15707 0.91797
vn -0.459712 -0.198248 0.865657
vn -0.433563 -0.250318 0.865658
vn -0.401571 -0.298959 0.865658
vn -0.364149 -0.343557 0.865658
vn -0.321802 -0.383509 0.865658
vn -0.275103 -0.418275 0.865658
vn -0.224685 -0.447384 0.865658
vn -0.171227 -0.470443 0.865658
vn -0.115454 -0.48714 0.865658
vn -0.0581202 -0.49725 0.865658
vn 0 -0.500635 0.865658
vn 0.0581202 -0.49725 0.865658
vn 0.115454 -0.48714 0.865658
vn 0.171227 -0.470443 0.865658
vn 0.224685 -0.447384 0.865658
vn 0.275103 -0.418275 0.865658
vn 0.321802 -0.383509 0.865658
vn 0.364149 -0.343557 0.865658
vn 0.401571 -0.298959 0.865658
vn 0.433563 -0.250318 0.865658
vn 0.459712 -0.198248 0.865657
vn 0.459722 -0.198239 0.865654
vn 0.479604 -0.14355 0.865663
vn 0.493028 -0.0869538 0.865657
vn 0.588724 -0.103831 0.801638
vn 0.596798 -0.0347595 0.801638
vn 0.596798 0.0347595 0.801638
vn 0.588724 0.103831 0.801638
vn 0.572706 0.171396 0.801643
vn 0.658008 0.196925 0.726805
vn 0.630738 0.271948 0.726783
vn 0.70394 0.30351 0.642145
vn 0.663878 0.38329 0.642149
vn 0.614892 0.45777 0.642149
vn 0.55759 0.526059 0.642149
vn 0.492748 0.587234 0.642149
vn 0.421243 0.640468 0.642149
vn -0.173639 -0.0101133 0.984757
vn -0.171291 -0.0302046 0.984757
vn -0.166627 -0.0498791 0.984758
vn -0.275181 -0.0823741 0.957857
vn -0.263767 -0.113756 0.957855
vn -0.364219 -0.157078 0.917971
vn -0.343505 -0.198323 0.917972
vn -0.318159 -0.23686 0.917972
vn -0.288509 -0.272195 0.917972
vn -0.254959 -0.303848 0.917972
vn -0.21796 -0.331392 0.917972
vn -0.178014 -0.354455 0.917972
vn -0.135661 -0.372725 0.917972
vn -0.0914727 -0.385954 0.917972
vn -0.0460477 -0.393964 0.917972
vn 0 -0.396645 0.917972
vn 0.0460477 -0.393964 0.917972
vn 0.0914727 -0.385954 0.917972
vn 0.135661 -0.372725 0.917972
vn 0.178014 -0.354455 0.917972
vn 0.21796 -0.331392 0.917972
vn 0.254959 -0.303848 0.917972
vn 0.288509 -0.272195 0.917972
vn 0.318159 -0.23686 0.917972
vn 0.343505 -0.198323 0.917972
vn 0.364219 -0.157078 0.917971
vn 0.364226 -0.15707 0.91797
vn 0.379982 -0.113739 0.917974
vn 0.390619 -0.0688891 0.917971
vn 0.493027 -0.0869497 0.865658
vn 0.499788 -0.0291093 0.865658
vn 0.499788 0.0291093 0.865658
vn 0.493027 0.0869497 0.865658
vn 0.47961 0.143543 0.865661
vn 0.572698 0.171404 0.801647
vn 0.548961 0.236705 0.801631
vn 0.630724 0.27196 0.72679
vn 0.594835 0.343428 0.726793
vn 0.550943 0.410162 0.726793
vn 0.499601 0.471349 0.726793
vn 0.441503 0.526162 0.726793
vn 0.377434 0.57386 0.726793
vn 0.308261 0.613797 0.726793
vn 0.0422434 0.0400831 -0.998303
vn 0.0444348 0.0375019 -0.998308
vn -0.0557964 -0.0167034 0.998302
vn -0.166626 -0.0498816 0.984758
vn -0.159713 -0.0688843 0.984757
vn -0.263763 -0.113761 0.957856
vn -0.248765 -0.143625 0.957856
vn -0.230409 -0.171533 0.957856
vn -0.208937 -0.197122 0.957856
vn -0.18464 -0.220046 0.957856
vn -0.157846 -0.239993 0.957856
vn -0.128917 -0.256695 0.957856
vn -0.098245 -0.269926 0.957856
vn -0.0662442 -0.279506 0.957856
vn -0.0333476 -0.285307 0.957856
vn 0 -0.287249 0.957856
vn 0.0333476 -0.285307 0.957856
vn 0.0662442 -0.279506 0.957856
vn 0.098245 -0.269926 0.957856
vn 0.128917 -0.256695 0.957856
vn 0.157846 -0.239993 0.957856
vn 0.18464 -0.220046 0.957856
vn 0.208937 -0.197122 0.957856
vn 0.230409 -0.171533 0.957856
vn 0.248765 -0.143625 0.957856
vn 0.263763 -0.113761 0.957856
vn 0.275181 -0.0823741 0.957857
vn 0.282885 -0.049887 0.957856
vn 0.390618 -0.0688859 0.917972
vn 0.395974 -0.0230629 0.917972
vn 0.395974 0.0230629 0.917972
vn 0.390618 0.0688859 0.917972
vn 0.379986 0.113733 0.917973
vn 0.479604 0.14355 0.865663
vn 0.459722 0.198239 0.865654
vn 0.548949 0.236715 0.801636
vn 0.517718 0.298905 0.801638
vn 0.479517 0.356987 0.801638
vn 0.434831 0.410242 0.801638
vn 0.384264 0.457948 0.801638
vn 0.328501 0.499462 0.801638
vn 0.268296 0.534222 0.801638
vn 0.204463 0.561757 0.801638
vn 0.0261394 -0.0520479 0.998302
vn 0.0320051 -0.0486613 -0.998302
vn 0.0557964 -0.0167034 0.998302
vn 0.166626 -0.0498816 0.984758
vn 0.053497 -0.0230219 -0.998303
vn 0.159731 -0.0687388 -0.984764
vn 0.155308 -0.0776745 -0.984808
vn 0.256511 -0.12829 -0.957989
vn 0.248765 -0.143625 -0.957856
vn 0.230409 -0.171533 -0.957856
vn 0.208937 -0.197122 -0.957856
vn 0.18464 -0.220046 -0.957856
vn 0.157846 -0.239993 -0.957856
vn 0.128917 -0.256695 -0.957856
vn 0.098245 -0.269926 -0.957856
vn 0.0662442 -0.279506 -0.957856
vn 0.0333476 -0.285307 -0.957856
vn -0 -0.287249 -0.957856
vn -0.0333476 -0.285307 -0.957856
vn -0.0662442 -0.279506 -0.957856
vn -0.098245 -0.269926 -0.957856
vn 0.0557964 -0.0167034 -0.998302
vn 0.0557964 0.0167034 0.998302
vn 0.166626 0.0498816 0.984758
vn 0.159713 0.0688843 0.984757
vn 0.263763 0.113761 0.957856
vn 0.248765 0.143625 0.957856
vn 0.230409 0.171533 0.957856
vn 0.208937 0.197122 0.957856
vn 0.18464 0.220046 0.957856
vn 0.157846 0.239993 0.957856
vn 0.128917 0.256695 0.957856
vn 0.098245 0.269926 0.957856
vn 0.0662442 0.279506 0.957856
vn 0.0333476 0.285307 0.957856
vn 0 0.287249 0.957856
vn 0.0573581 0.0101142 -0.998302
vn 0.171291 0.0302046 -0.984757
vn 0.173639 0.0101133 -0.984757
vn 0.173639 -0.0101133 -0.984757
vn 0.171291 -0.0302046 -0.984757
vn 0.166627 -0.0498791 -0.984758
vn 0.275181 -0.0823741 -0.957857
vn 0.264017 -0.113081 -0.957866
vn 0.364448 -0.156097 -0.918047
vn 0.354546 -0.176582 -0.918213
vn 0.447564 -0.222909 -0.866024
vn 0.433563 -0.250318 -0.865658
vn 0.401571 -0.298959 -0.865658
vn 0.364149 -0.343557 -0.865658
vn 0.321802 -0.383509 -0.865658
vn 0.275103 -0.418275 -0.865658
vn 0.224685 -0.447384 -0.865658
vn 0.171227 -0.470443 -0.865658
vn 0.115454 -0.48714 -0.865658
vn 0.0581202 -0.49725 -0.865658
vn -0 -0.500635 -0.865658
vn -0.0581202 -0.49725 -0.865658
vn 0.0557964 0.0167034 -0.998302
vn 0.0320051 0.0486613 0.998302
vn 0.0261394 0.0520479 -0.998302
vn -0.0534803 0.0230676 0.998302
vn -0.0557964 0.0167034 0.998302
vn -0.053497 0.0230219 -0.998303
vn -0.159731 0.0687388 -0.984764
vn -0.155308 0.0776745 -0.984808
vn -0.256511 0.12829 -0.957989
vn -0.248765 0.143625 -0.957856
vn -0.230409 0.171533 -0.957856
vn -0.208937 0.197122 -0.957856
vn -0.18464 0.220046 -0.957856
vn -0.157846 0.239993 -0.957856
vn -0.128917 0.256695 -0.957856
vn -0.098245 0.269926 -0.957856
vn -0.0662442 0.279506 -0.957856
vn -0.0333476 0.285307 -0.957856
vn 0 0.287249 -0.957856
vn -0.0557964 0.0167034 -0.998302
vn 0.159713 -0.0688843 0.984757
vn 0.150631 -0.0869668 0.984757
vn 0.139516 -0.103866 0.984757
vn 0.126515 -0.11936 0.984757
vn 0.111802 -0.133241 0.984757
vn 0.0955781 -0.145319 0.984757
vn 0.0780612 -0.155433 0.984757
vn 0.0594888 -0.163444 0.984757
vn 0.0401118 -0.169245 0.984757
vn 0.0201925 -0.172757 0.984757
vn 0 -0.173934 0.984757
vn -0.0201925 -0.172757 0.984757
vn -0.0401118 -0.169245 0.984757
vn -0.0594888 -0.163444 0.984757
vn -0.0780612 -0.155433 0.984757
vn -0.0955781 -0.145319 0.984757
vn -0.111802 -0.133241 0.984757
vn -0.126515 -0.11936 0.984757
vn -0.139516 -0.103866 0.984757
vn -0.150631 -0.0869668 0.984757
vn -0.15971 -0.0688878 0.984757
vn 0.842757 -0.486566 0.230246
vn 0.860189 -0.49663 0.115899
vn 0.866025 -0.5 0
vn 0.860189 -0.49663 -0.115899
vn 0.842757 -0.486566 -0.230246
vn 0.813959 -0.469939 -0.341509
vn 0.774172 -0.446969 -0.448193
vn 0.723923 -0.417957 -0.54886
vn 0.663878 -0.38329 -0.642149
vn 0.594835 -0.343428 -0.726793
vn 0.517718 -0.298905 -0.801638
vn 0.873515 -0.42871 -0.230607
vn 0.843608 -0.414032 -0.341911
vn 0.865928 -0.364748 -0.342239
vn 0.823768 -0.346989 -0.448335
vn 0.856409 -0.256255 -0.448216
vn 0.800826 -0.239624 -0.54887
vn 0.823209 -0.145213 -0.548854
vn 0.8345 -0.0486041 -0.54886
vn 0.8345 0.0486041 -0.54886
vn 0.823207 0.145206 -0.548858
vn 0.75493 0.133162 -0.642144
vn 0.734397 0.21976 -0.642158
vn 0.734388 0.21977 -0.642165
vn 0.703956 0.303496 -0.642134
vn 0.70394 0.30351 -0.642145
vn 0.663878 0.38329 -0.642149
vn 0.614892 0.45777 -0.642149
vn 0.576917 0.504071 -0.642712
vn 0.517032 0.451747 -0.727051
vn 0.490749 0.479144 -0.727727
vn 0.427508 0.417399 -0.801882
vn 0.384264 0.457948 -0.801638
vn 0.328501 0.499462 -0.801638
vn 0.268296 0.534222 -0.801638
vn 0.204463 0.561757 -0.801638
vn 0.84323 -0.414719 -0.34201
vn 0.801934 -0.394409 -0.448712
vn 0.823227 -0.347593 -0.448861
vn 0.769998 -0.325118 -0.549
vn 0.800816 -0.239635 -0.54888
vn 0.734397 -0.21976 -0.642158
vn 0.75493 -0.133162 -0.642144
vn 0.765283 -0.0445727 -0.642149
vn 0.765283 0.0445727 -0.642149
vn 0.754928 0.133156 -0.642148
vn 0.676418 0.119308 -0.72679
vn 0.658017 0.196915 -0.7268
vn 0.658008 0.196925 -0.726805
vn 0.630738 0.271948 -0.726783
vn 0.630724 0.27196 -0.72679
vn 0.594835 0.343428 -0.726793
vn 0.550943 0.410162 -0.726793
vn 0.518101 0.45008 -0.727323
vn 0.450992 0.391781 -0.801944
vn 0.428286 0.415778 -0.802309
vn 0.359013 0.348528 -0.865817
vn 0.321802 0.383509 -0.865658
vn 0.275103 0.418275 -0.865658
vn 0.224685 0.447384 -0.865658
vn 0.801571 -0.395061 -0.448789
vn 0.74945 -0.369372 -0.549445
vn 0.769454 -0.325666 -0.549437
vn 0.705856 -0.298749 -0.642274
vn 0.734388 -0.21977 -0.642165
vn 0.658017 -0.196915 -0.7268
vn 0.676418 -0.119308 -0.72679
vn 0.685694 -0.0399371 -0.726793
vn 0.685694 0.0399371 -0.726793
vn 0.676417 0.119303 -0.726792
vn 0.588725 0.103836 -0.801636
vn 0.572706 0.171396 -0.801643
vn 0.572698 0.171404 -0.801647
vn 0.548961 0.236705 -0.801631
vn 0.548949 0.236715 -0.801636
vn 0.517718 0.298905 -0.801638
vn 0.479517 0.356987 -0.801638
vn 0.451955 0.390361 -0.802094
vn 0.378508 0.326923 -0.86594
vn 0.359672 0.347179 -0.866085
vn 0.285239 0.275331 -0.918058
vn 0.254959 0.303848 -0.917972
vn 0.21796 0.331392 -0.917972
vn 0.749108 -0.369981 -0.5495
vn 0.686873 -0.339243 -0.642744
vn 0.705336 -0.299242 -0.642616
vn 0.632206 -0.268217 -0.726894
vn 0.658008 -0.196925 -0.726805
vn 0.572706 -0.171396 -0.801643
vn 0.588725 -0.103836 -0.801636
vn 0.596798 -0.0347595 -0.801638
vn 0.596798 0.0347595 -0.801638
vn 0.588724 0.103831 -0.801638
vn 0.493028 0.0869538 -0.865657
vn 0.47961 0.143543 -0.865661
vn 0.459722 0.198239 -0.865654
vn 0.459712 0.198248 -0.865657
vn 0.433563 0.250318 -0.865658
vn 0.401571 0.298959 -0.865658
vn 0.379347 0.325761 -0.866011
vn 0.300545 0.258091 -0.918184
vn 0.285786 0.274288 -0.9182
vn 0.207154 0.19882 -0.957892
vn 0.18464 0.220046 -0.957856
vn 0.686562 -0.339802 -0.642781
vn 0.615061 -0.304414 -0.727346
vn 0.631732 -0.268655 -0.727144
vn 0.550039 -0.233914 -0.801712
vn 0.572698 -0.171404 -0.801647
vn 0.47961 -0.143543 -0.865661
vn 0.493028 -0.0869538 -0.865657
vn 0.499788 -0.0291093 -0.865658
vn 0.499788 0.0291093 -0.865658
vn 0.493027 0.0869497 -0.865658
vn 0.390619 0.0688891 -0.917971
vn 0.379986 0.113733 -0.917973
vn 0.364226 0.15707 -0.91797
vn 0.364219 0.157078 -0.917971
vn 0.343505 0.198323 -0.917972
vn 0.318159 0.23686 -0.917972
vn 0.301233 0.257192 -0.918211
vn 0.218138 0.186246 -0.957981
vn 0.207583 0.198096 -0.95795
vn 0.614785 -0.304915 -0.727369
vn 0.534993 -0.265341 -0.802108
vn 0.549631 -0.234297 -0.801879
vn 0.460463 -0.196286 -0.865705
vn 0.479604 -0.14355 -0.865663
vn 0.379986 -0.113733 -0.917973
vn 0.390619 -0.0688891 -0.917971
vn 0.395974 -0.0230629 -0.917972
vn 0.395974 0.0230629 -0.917972
vn 0.390618 0.0688859 -0.917972
vn 0.282885 0.049887 -0.957856
vn 0.275184 0.08237 -0.957856
vn 0.263767 0.113756 -0.957855
vn 0.248765 0.143625 -0.957856
vn 0.230409 0.171533 -0.957856
vn 0.218651 0.185607 -0.957988
vn 0.534756 -0.265779 -0.802121
vn 0.447759 -0.222541 -0.866018
vn 0.460136 -0.196614 -0.865805
vn 0.364689 -0.15583 -0.917997
vn 0.275184 -0.08237 -0.957856
vn 0.282885 -0.049887 -0.957856
vn 0.286763 -0.0167021 -0.957856
vn 0.286763 0.0167021 -0.957856
vn 0.171291 0.0302059 -0.984757
vn 0.166627 0.0498791 -0.984758
vn 0.159713 0.0688843 -0.984757
vn 0.150631 0.0869668 -0.984757
vn 0.139516 0.103866 -0.984757
vn 0.354394 -0.176875 -0.918216
vn 0.25662 -0.128077 -0.957989
vn 0.26386 -0.113282 -0.957886
vn 0.159813 -0.0686115 -0.98476
vn 0.166626 -0.0498816 -0.984758
vn 0.343505 -0.198323 -0.917972
vn 0.318159 -0.23686 -0.917972
vn 0.288509 -0.272195 -0.917972
vn 0.254959 -0.303848 -0.917972
vn 0.21796 -0.331392 -0.917972
vn 0.178014 -0.354455 -0.917972
vn 0.135661 -0.372725 -0.917972
vn 0.0914727 -0.385954 -0.917972
vn 0.0460477 -0.393964 -0.917972
vn -0 -0.396645 -0.917972
vn -0.0460477 -0.393964 -0.917972
vn -0.0914727 -0.385954 -0.917972
vn 0.150631 -0.0869668 -0.984757
vn 0.155243 -0.0778038 -0.984808
vn 0.873898 -0.427994 -0.230486
vn 0.0534803 -0.0230676 0.998302
vn 0.171291 -0.0302059 0.984757
vn 0.282885 -0.0498847 0.957856
vn 0.286763 -0.0167021 0.957856
vn 0.286763 0.0167021 0.957856
vn 0.282885 0.0498847 0.957856
vn 0.275184 0.08237 0.957856
vn 0.379982 0.113739 0.917974
vn 0.364226 0.15707 0.91797
vn 0.459712 0.198248 0.865657
vn 0.433563 0.250318 0.865658
vn 0.401571 0.298959 0.865658
vn 0.364149 0.343557 0.865658
vn 0.321802 0.383509 0.865658
vn 0.275103 0.418275 0.865658
vn 0.224685 0.447384 0.865658
vn 0.171227 0.470443 0.865658
vn 0.115454 0.48714 0.865658
vn 0.173639 -0.0101133 0.984757
vn 0.171291 -0.0302046 0.984757
vn 0.173639 0.0101133 0.984757
vn 0.171291 0.0302046 0.984757
vn 0.166627 0.0498791 0.984758
vn 0.275181 0.0823741 0.957857
vn 0.263767 0.113756 0.957855
vn 0.364219 0.157078 0.917971
vn 0.343505 0.198323 0.917972
vn 0.318159 0.23686 0.917972
vn 0.288509 0.272195 0.917972
vn 0.254959 0.303848 0.917972
vn 0.21796 0.331392 0.917972
vn 0.178014 0.354455 0.917972
vn 0.135661 0.372725 0.917972
vn 0.0914727 0.385954 0.917972
vn 0.0460477 0.393964 0.917972
vn 0.0573581 0.0101142 0.998302
vn 0.15971 0.0688878 0.984757
vn 0.767616 0.330943 -0.548855
vn 0.767633 0.330928 -0.548841
vn 0.800816 0.239635 -0.54888
vn 0.800826 0.239624 -0.54887
vn 0.823209 0.145213 -0.548854
vn 0.723923 0.417957 -0.54886
vn 0.670506 0.499174 -0.54886
vn 0.627642 0.551557 -0.549409
vn 0.575755 0.50596 -0.64227
vn 0.546263 0.5364 -0.643328
vn 0.489835 0.480991 -0.727124
vn 0.441503 0.526162 -0.726793
vn 0.377434 0.57386 -0.726793
vn 0.308261 0.613797 -0.726793
vn 0.234919 0.645434 -0.726793
vn 0.860189 0.49663 -0.115899
vn 0.842757 0.486566 -0.230246
vn 0.780572 0.581114 -0.230246
vn 0.725414 0.648568 -0.230508
vn 0.700879 0.626633 -0.340735
vn 0.664574 0.663847 -0.342999
vn 0.632295 0.631604 -0.448642
vn 0.150631 0.0869668 0.984757
vn -0.767616 -0.330943 -0.548855
vn -0.767633 -0.330928 -0.548841
vn -0.800816 -0.239635 -0.54888
vn -0.800826 -0.239624 -0.54887
vn -0.823209 -0.145213 -0.548854
vn -0.723923 -0.417957 -0.54886
vn -0.670506 -0.499174 -0.54886
vn -0.608022 -0.573639 -0.54886
vn -0.537316 -0.640348 -0.54886
vn -0.459343 -0.698396 -0.54886
vn -0.375158 -0.747001 -0.54886
vn -0.2859 -0.785503 -0.54886
vn -0.192775 -0.813382 -0.54886
vn -0.0970438 -0.830262 -0.54886
vn 0 -0.835915 -0.54886
vn 0.0970438 -0.830262 -0.54886
vn 0.192775 -0.813382 -0.54886
vn -0.813959 -0.469939 -0.341509
vn -0.863102 -0.37206 -0.341505
vn -0.866025 -0.5 -0
vn -0.802123 -0.597159 -0
vn -0.727374 -0.686242 -0
vn -0.642788 -0.766044 -0
vn -0.549509 -0.835488 -0
vn -0.448799 -0.893633 -0
vn -0.34202 -0.939693 -0
vn -0.230616 -0.973045 -0
vn -0.116093 -0.993238 -0
vn 0 -1 0
vn 0.116093 -0.993238 0
vn 0.230616 -0.973045 0
vn 0.34202 -0.939693 0
vn 0.448799 -0.893633 0
vn 0.549509 -0.835488 0
vn 0.642788 -0.766044 0
vn 0.727374 -0.686242 0
vn -0.842757 -0.486566 0.230246
vn -0.860189 -0.49663 0.115899
vn -0.796718 -0.593134 0.115899
vn -0.722472 -0.681617 0.115899
vn -0.638456 -0.760882 0.115899
vn -0.545806 -0.829857 0.115899
vn -0.445775 -0.88761 0.115899
vn -0.339715 -0.93336 0.115899
vn -0.229062 -0.966488 0.115899
vn -0.115311 -0.986545 0.115899
vn 0 -0.993261 0.115899
vn 0.115311 -0.986545 0.115899
vn 0.229062 -0.966488 0.115899
vn 0.339715 -0.93336 0.115899
vn 0.445775 -0.88761 0.115899
vn 0.545806 -0.829857 0.115899
vn 0.638456 -0.760882 0.115899
vn 0.722472 -0.681617 0.115899
vn 0.796718 -0.593134 0.115899
vn -0.856418 -0.256243 0.448204
vn -0.166626 0.0498816 -0.984758
vn -0.159813 0.0686115 -0.98476
vn -0.26386 0.113282 -0.957886
vn -0.873898 0.427994 -0.230486
vn -0.25662 0.128077 -0.957989
vn -0.354394 0.176875 -0.918216
vn -0.155243 0.0778038 -0.984808
vn -0.767616 0.330943 0.548855
vn -0.767633 0.330928 0.548841
vn -0.800816 0.239635 0.54888
vn -0.800826 0.239624 0.54887
vn -0.823209 0.145213 0.548854
vn -0.820906 0.353894 0.448188
vn -0.820922 0.353878 0.448171
vn -0.856409 0.256255 0.448216
vn -0.723923 0.417957 0.54886
vn -0.670506 0.499174 0.54886
vn -0.608022 0.573639 0.54886
vn -0.774172 0.446969 0.448193
vn -0.717048 0.533822 0.448193
vn -0.650226 0.613457 0.448193
vn -0.860189 0.49663 0.115899
vn -0.866025 0.5 0
vn -0.860189 0.49663 -0.115899
vn -0.343505 0.198323 -0.917972
vn -0.150631 0.0869668 -0.984757
vn -0.0573581 -0.0101142 0.998302
vn 0.126515 0.11936 0.984757
vn 0.111802 0.133241 0.984757
vn 0.0955781 0.145319 0.984757
vn 0.0780612 0.155433 0.984757
vn 0.0594888 0.163444 0.984757
vn 0.0401118 0.169245 0.984757
vn 0.0201925 0.172757 0.984757
vn 0 0.173934 0.984757
vn -0.0201925 0.172757 0.984757
vn 0.139516 0.103866 0.984757
vn 0.737409 0.663089 -0.128613
vn 0.74654 0.655138 -0.116065
vn 0.796718 0.593134 -0.115899
vn 0.860189 0.49663 -0.115899
vn 0.723809 0.65086 -0.229089
vn 0.137864 0.581695 0.801638
vn 0.0694014 0.593767 0.801638
vn 0.0581202 0.49725 0.865658
vn 0 0.500635 0.865658
vn 0 0.396645 0.917972
vn -0.0460477 0.393964 0.917972
vn -0.0333476 0.285307 0.957856
vn 0 0.597809 0.801638
vn -0.0581202 0.49725 0.865658
vn -0.0694014 0.593767 0.801638
vn -0.126515 0.11936 -0.984757
vn -0.111802 0.133241 -0.984757
vn -0.0955781 0.145319 -0.984757
vn -0.0780612 0.155433 -0.984757
vn -0.0594888 0.163444 -0.984757
vn -0.0401118 0.169245 -0.984757
vn -0.0201925 0.172757 -0.984757
vn 0 0.173934 -0.984757
vn 0.0201925 0.172757 -0.984757
vn -0.139516 0.103866 -0.984757
vn -0.288509 0.272195 -0.917972
vn -0.254959 0.303848 -0.917972
vn -0.21796 0.331392 -0.917972
vn -0.178014 0.354455 -0.917972
vn -0.135661 0.372725 -0.917972
vn -0.0914727 0.385954 -0.917972
vn -0.0460477 0.393964 -0.917972
vn -0.318159 0.23686 -0.917972
vn -0.780572 0.581114 -0.230246
vn -0.796718 0.593134 -0.115899
vn -0.802123 0.597159 0
vn -0.137864 0.581695 -0.801638
vn -0.0694014 0.593767 -0.801638
vn -0.0581202 0.49725 -0.865658
vn 0 0.500635 -0.865658
vn 0 0.396645 -0.917972
vn 0.0460477 0.393964 -0.917972
vn 0.0333476 0.285307 -0.957856
vn 0.0662442 0.279506 -0.957856
vn 0.0401118 0.169245 -0.984757
vn 0.0594888 0.163444 -0.984757
vn 0 0.597809 -0.801638
vn 0.0581202 0.49725 -0.865658
vn 0.0914727 0.385954 -0.917972
vn 0.098245 0.269926 -0.957856
vn 0.0780612 0.155433 -0.984757
vn 0.0694014 0.593767 -0.801638
vn 0.115454 0.48714 -0.865658
vn 0.135661 0.372725 -0.917972
vn 0.128917 0.256695 -0.957856
vn 0.0955781 0.145319 -0.984757
vn 0.0955781 -0.145319 -0.984757
vn 0.0780612 -0.155433 -0.984757
vn 0.0594888 -0.163444 -0.984757
vn 0.0401118 -0.169245 -0.984757
vn 0.0201925 -0.172757 -0.984757
vn -0 -0.173934 -0.984757
vn -0.0201925 -0.172757 -0.984757
vn -0.0401118 -0.169245 -0.984757
vn -0.0594888 -0.163444 -0.984757
vn -0.0780612 -0.155433 -0.984757
vn 0.111802 -0.133241 -0.984757
vn 0.126515 -0.11936 -0.984757
vn 0.139516 -0.103866 -0.984757
vn 0.328501 -0.499462 -0.801638
vn 0.268296 -0.534222 -0.801638
vn 0.204463 -0.561757 -0.801638
vn 0.137864 -0.581695 -0.801638
vn 0.0694014 -0.593767 -0.801638
vn -0 -0.597809 -0.801638
vn 0.377434 -0.57386 -0.726793
vn 0.308261 -0.613797 -0.726793
vn 0.234919 -0.645434 -0.726793
vn 0.1584 -0.668342 -0.726793
vn 0.0797391 -0.682212 -0.726793
vn 0.384264 -0.457948 -0.801638
vn 0.434831 -0.410242 -0.801638
vn 0.479517 -0.356987 -0.801638
vn 0.421243 -0.640468 -0.642149
vn 0.34404 -0.685041 -0.642149
vn 0.262186 -0.72035 -0.642149
vn 0.176786 -0.745917 -0.642149
vn 0.441503 -0.526162 -0.726793
vn 0.499601 -0.471349 -0.726793
vn 0.550943 -0.410162 -0.726793
vn 0.459343 -0.698396 -0.54886
vn 0.375158 -0.747001 -0.54886
vn 0.2859 -0.785503 -0.54886
vn 0.492748 -0.587234 -0.642149
vn 0.55759 -0.526059 -0.642149
vn 0.614892 -0.45777 -0.642149
vn 0.491226 -0.746873 -0.448193
vn 0.401198 -0.798851 -0.448193
vn 0.537316 -0.640348 -0.54886
vn 0.608022 -0.573639 -0.54886
vn 0.670506 -0.499174 -0.54886
vn 0.516472 -0.785257 -0.341509
vn 0.604142 -0.719989 -0.341509
vn 0.625517 -0.745463 -0.230246
vn 0.707831 -0.667804 -0.230246
vn 0.722472 -0.681617 -0.115899
vn 0.796718 -0.593134 -0.115899
vn 0.802123 -0.597159 0
vn 0.574612 -0.684795 -0.448193
vn 0.650226 -0.613457 -0.448193
vn 0.717048 -0.533822 -0.448193
vn 0.534745 -0.81304 0.230246
vn 0.436741 -0.869623 0.230246
vn 0.332831 -0.914445 0.230246
vn 0.22442 -0.946901 0.230246
vn 0.112974 -0.966552 0.230246
vn 0 -0.973132 0.230246
vn -0.112974 -0.966552 0.230246
vn -0.22442 -0.946901 0.230246
vn -0.332831 -0.914445 0.230246
vn -0.436741 -0.869623 0.230246
vn -0.534745 -0.81304 0.230246
vn -0.625517 -0.745463 0.230246
vn -0.707831 -0.667804 0.230246
vn -0.780572 -0.581114 0.230246
vn -0.842757 -0.486566 0.230246
vn 0.625517 -0.745463 0.230246
vn 0.707831 -0.667804 0.230246
vn 0.780572 -0.581114 0.230246
vn 0.421817 -0.839906 -0.341509
vn 0.321457 -0.883197 -0.341509
vn -0.753898 -0.561257 -0.341509
vn -0.683643 -0.644984 -0.341509
vn -0.604142 -0.719989 -0.341509
vn -0.516472 -0.785257 -0.341509
vn -0.421817 -0.839906 -0.341509
vn -0.321457 -0.883197 -0.341509
vn -0.216751 -0.914544 -0.341509
vn -0.109113 -0.933523 -0.341509
vn -0 -0.939878 -0.341509
vn 0.109113 -0.933523 -0.341509
vn 0.216751 -0.914544 -0.341509
vn 0.604142 -0.719989 -0.341509
vn 0.683643 -0.644984 -0.341509
vn 0.707831 -0.667804 -0.230246
vn 0.780572 -0.581114 -0.230246
vn 0.796718 -0.593134 -0.115899
vn 0.753898 -0.561257 -0.341509
f 1//1 2//1 3//1
f 3//1 2//1 4//1
f 3//2 4//2 5//2
f 5//2 4//2 6//2
f 5//3 6//3 7//3
f 7//3 6//3 8//3
f 7//4 8//4 9//4
f 9//4 8//4 10//4
f 9//5 10//5 11//5
f 11//5 10//5 12//5
f 11//6 12//6 13//6
f 13//6 12//6 14//6
f 13//7 14//7 15//7
f 15//7 14//7 16//7
f 15//8 16//8 17//8
f 17//8 16//8 18//8
f 17//9 18//9 19//9
f 19//9 18//9 20//9
f 19//10 20//10 21//10
f 21//10 20//10 22//10
f 21//11 22//11 23//11
f 23//11 22//11 24//11
f 23//12 24//12 25//12
f 25//12 24//12 26//12
f 25//13 26//13 27//13
f 27//13 26//13 28//13
f 27//14 28//14 29//14
f 29//14 28//14 30//14
f 29//15 30//15 31//15
f 31//15 30//15 32//15
f 31//16 32//16 33//16
f 33//16 32//16 34//16
f 33//17 34//17 35//17
f 35//17 34//17 36//17
f 35//18 36//18 37//18
f 37//18 36//18 38//18
f 37//19 38//19 39//19
f 39//19 38//19 40//19
f 39//20 40//20 41//20
f 41//20 40//20 42//20
f 41//21 42//21 43//21
f 43//21 42//21 44//21
f 43//22 44//22 45//22
f 45//22 44//22 46//22
f 45//23 46//23 47//23
f 47//23 46//23 48//23
f 47//24 48//24 49//24
f 49//24 48//24 50//24
f 49//25 50//25 51//25
f 51//25 50//25 52//25
f 51//26 52//26 53//26
f 53//26 52//26 54//26
f 53//27 54//27 55//27
f 55//27 54//27 56//27
f 55//28 56//28 57//28
f 57//28 56//28 58//28
f 57//29 58//29 59//29
f 59//29 58//29 60//29
f 59//30 60//30 61//30
f 61//30 60//30 62//30
f 61//31 62//31 63//31
f 63//31 62//31 64//31
f 63//32 64//32 65//32
f 65//32 64//32 66//32
f 65//33 66//33 67//33
f 67//33 66//33 68//33
f 67//34 68//34 69//34
f 69//34 68//34 70//34
f 69//35 70//35 71//35
f 71//35 70//35 72//35
f 71//36 72//36 73//36
f 73//36 72//36 74//36
f 75//37 76//37 77//37
f 77//37 76//37 78//37
f 77//38 78//38 79//38
f 79//38 78//38 80//38
f 79//36 80//36 81//36
f 81//36 80//36 82//36
f 81//35 82//35 83//35
f 83//35 82//35 84//35
f 83//34 84//34 85//34
f 85//34 84//34 86//34
f 85//33 86//33 87//33
f 87//33 86//33 88//33
f 87//32 88//32 89//32
f 89//32 88//32 90//32
f 89//31 90//31 91//31
f 91//31 90//31 92//31
f 91//30 92//30 93//30
f 93//30 92//30 94//30
f 93//29 94//29 95//29
f 95//29 94//29 96//29
f 95//28 96//28 97//28
f 97//28 96//28 98//28
f 97//27 98//27 99//27
f 99//27 98//27 100//27
f 99//26 100//26 101//26
f 101//26 100//26 102//26
f 101//25 102//25 103//25
f 103//25 102//25 104//25
f 103//24 104//24 105//24
f 105//24 104//24 106//24
f 105//39 106//39 107//39
f 107//39 106//39 108//39
f 107//40 108//40 109//40
f 109//40 108//40 110//40
f 109//41 110//41 111//41
f 111//41 110//41 112//41
f 111//42 112//42 113//42
f 113//42 112//42 114//42
f 113//43 114//43 115//43
f 115//43 114//43 116//43
f 115//44 116//44 117//44
f 117//44 116//44 118//44
f 117//45 118//45 119//45
f 119//45 118//45 120//45
f 119//46 120//46 121//46
f 121//46 120//46 122//46
f 121//47 122//47 123//47
f 123//47 122//47 124//47
f 123//48 124//48 125//48
f 125//48 124//48 126//48
f 125//49 126//49 127//49
f 127//49 126//49 128//49
f 127//50 128//50 129//50
f 129//50 128//50 130//50
f 129//51 130//51 131//51
f 131//51 130//51 132//51
f 131//52 132//52 133//52
f 133//52 132//52 134//52
f 133//53 134//53 135//53
f 135//53 134//53 136//53
f 135//54 136//54 137//54
f 137//54 136//54 138//54
f 137//55 138//55 139//55
f 139//55 138//55 140//55
f 139//56 140//56 141//56
f 141//56 140//56 142//56
f 141//57 142//57 143//57
f 143//57 142//57 144//57
f 143//58 144//58 145//58
f 145//58 144//58 146//58
f 145//59 146//59 147//59
f 147//59 146//59 148//59
f 149//60 150//60 151//60
f 151//60 150//60 152//60
f 152//60 150//60 153//60
f 152//60 153//60 154//60
f 154//60 153//60 155//60
f 154//60 155//60 156//60
f 156//60 155//60 157//60
f 156//60 157//60 158//60
f 158//60 157//60 159//60
f 158//60 159//60 160//60
f 160//60 159//60 161//60
f 160//60 161//60 162//60
f 162//60 161//60 163//60
f 162//60 163//60 164//60
f 164//60 163//60 165//60
f 164//60 165//60 166//60
f 166//60 165//60 167//60
f 166//60 167//60 168//60
f 168//60 167//60 169//60
f 168//60 169//60 170//60
f 170//60 169//60 171//60
f 170//60 171//60 172//60
f 172//60 171//60 173//60
f 172//60 173//60 174//60
f 174//60 173//60 175//60
f 174//60 175//60 176//60
f 176//60 175//60 177//60
f 176//60 177//60 178//60
f 178//60 177//60 179//60
f 178//60 179//60 180//60
f 180//60 179//60 181//60
f 180//60 181//60 182//60
f 182//60 181//60 183//60
f 182//60 183//60 184//60
f 185//61 186//61 187//61
f 187//61 186//61 188//61
f 188//61 186//61 189//61
f 188//61 189//61 190//61
f 190//61 189//61 191//61
f 190//61 191//61 192//61
f 192//61 191//61 193//61
f 192//61 193//61 194//61
f 194//61 193//61 195//61
f 194//61 195//61 196//61
f 196//61 195//61 197//61
f 196//61 197//61 198//61
f 198//61 197//61 199//61
f 198//61 199//61 200//61
f 200//61 199//61 201//61
f 200//61 201//61 202//61
f 202//61 201//61 203//61
f 202//61 203//61 204//61
f 204//61 203//61 205//61
f 204//61 205//61 206//61
f 206//61 205//61 207//61
f 206//61 207//61 208//61
f 208//61 207//61 209//61
f 208//61 209//61 210//61
f 210//61 209//61 211//61
f 210//61 211//61 212//61
f 212//61 211//61 213//61
f 212//61 213//61 214//61
f 214//61 213//61 215//61
f 214//61 215//61 216//61
f 216//61 215//61 217//61
f 216//61 217//61 218//61
f 218//61 217//61 219//61
f 218//61 219//61 220//61
f 221//62 222//62 223//62
f 223//62 222//62 224//62
f 223//63 224//63 225//63
f 225//63 224//63 226//63
f 225//64 226//64 227//64
f 227//64 226//64 228//64
f 227//65 228//65 229//65
f 229//65 228//65 230//65
f 229//66 230//66 231//66
f 231//66 230//66 232//66
f 231//67 232//67 233//67
f 233//67 232//67 234//67
f 233//68 234//68 235//68
f 235//68 234//68 236//68
f 235//69 236//69 237//69
f 237//69 236//69 238//69
f 237//70 238//70 239//70
f 239//70 238//70 240//70
f 239//71 240//71 241//71
f 241//71 240//71 242//71
f 241//72 242//72 243//72
f 243//72 242//72 244//72
f 243//73 244//73 245//73
f 245//73 244//73 246//73
f 245//74 246//74 247//74
f 247//74 246//74 248//74
f 247//75 248//75 249//75
f 249//75 248//75 250//75
f 249//76 250//76 251//76
f 251//76 250//76 252//76
f 251//77 252//77 253//77
f 253//77 252//77 254//77
f 253//78 254//78 255//78
f 255//78 254//78 256//78
f 255//79 256//79 257//79
f 257//79 256//79 258//79
f 257//80 258//80 259//80
f 259//80 258//80 260//80
f 259//81 260//81 261//81
f 261//81 260//81 262//81
f 261//82 262//82 263//82
f 263//82 262//82 264//82
f 263//83 264//83 265//83
f 265//83 264//83 266//83
f 265//84 266//84 267//84
f 267//84 266//84 268//84
f 267//85 268//85 269//85
f 269//85 268//85 270//85
f 269//86 270//86 271//86
f 271//86 270//86 272//86
f 271//87 272//87 273//87
f 273//87 272//87 274//87
f 273//88 274//88 275//88
f 275//88 274//88 276//88
f 275//89 276//89 277//89
f 277//89 276//89 278//89
f 277//90 278//90 279//90
f 279//90 278//90 280//90
f 279//91 280//91 281//91
f 281//91 280//91 282//91
f 281//92 282//92 283//92
f 283//92 282//92 284//92
f 283//93 284//93 285//93
f 285//93 284//93 286//93
f 285//94 286//94 287//94
f 287//94 286//94 288//94
f 287//95 288//95 289//95
f 289//95 288//95 290//95
f 289//96 290//96 291//96
f 291//96 290//96 292//96
f 291//97 292//97 293//97
f 293//97 292//97 294//97
f 293//98 294//98 295//98
f 295//98 294//98 296//98
f 295//99 296//99 297//99
f 297//99 296//99 298//99
f 297//100 298//100 299//100
f 299//100 298//100 300//100
f 299//101 300//101 301//101
f 301//101 300//101 302//101
f 301//102 302//102 303//102
f 303//102 302//102 304//102
f 303//103 304//103 305//103
f 305//103 304//103 306//103
f 305//104 306//104 307//104
f 307//104 306//104 308//104
f 307//105 308//105 309//105
f 309//105 308//105 310//105
f 309//106 310//106 311//106
f 311//106 310//106 312//106
f 311//107 312//107 313//107
f 313//107 312//107 314//107
f 315//108 316//108 313//108
f 313//108 316//108 311//108
f 311//108 316//108 317//108
f 311//108 317//108 309//108
f 309//108 317//108 318//108
f 309//108 318//108 307//108
f 307//108 318//108 319//108
f 307//108 319//108 305//108
f 305//108 319//108 320//108
f 305//108 320//108 303//108
f 303//108 320//108 321//108
f 303//108 321//108 301//108
f 301//108 321//108 322//108
f 301//108 322//108 299//108
f 299//108 322//108 323//108
f 299//108 323//108 297//108
f 297//108 323//108 324//108
f 325//108 324//108 326//108
f 326//108 324//108 327//108
f 326//108 327//108 328//108
f 328//108 327//108 329//108
f 328//108 329//108 330//108
f 330//108 329//108 331//108
f 330//108 331//108 332//108
f 332//108 331//108 333//108
f 332//108 333//108 334//108
f 334//108 333//108 335//108
f 334//108 335//108 336//108
f 336//108 335//108 337//108
f 336//108 337//108 338//108
f 338//108 337//108 339//108
f 338//108 339//108 340//108
f 340//108 339//108 341//108
f 340//108 341//108 342//108
f 342//108 341//108 343//108
f 342//108 343//108 344//108
f 344//108 343//108 345//108
f 344//108 345//108 346//108
f 346//108 345//108 347//108
f 346//108 347//108 348//108
f 348//108 347//108 349//108
f 348//108 349//108 350//108
f 350//108 349//108 351//108
f 350//108 351//108 352//108
f 353//109 354//109 355//109
f 355//110 354//110 356//110
f 355//111 356//111 357//111
f 357//112 356//112 358//112
f 357//113 358//113 355//113
f 354//114 353//114 359//114
f 359//115 353//115 360//115
f 359//116 360//116 361//116
f 362//117 363//117 361//117
f 361//118 363//118 364//118
f 361//119 364//119 359//119
f 359//120 364//120 365//120
f 359//121 365//121 366//121
f 366//122 365//122 367//122
f 366//123 367//123 368//123
f 368//124 367//124 369//124
f 368//125 369//125 370//125
f 370//126 369//126 371//126
f 370//127 371//127 372//127
f 372//128 371//128 373//128
f 372//129 373//129 374//129
f 374//130 373//130 375//130
f 374//131 375//131 376//131
f 376//132 375//132 377//132
f 376//133 377//133 378//133
f 378//134 377//134 379//134
f 378//135 379//135 380//135
f 380//136 379//136 381//136
f 380//137 381//137 382//137
f 382//138 381//138 383//138
f 382//139 383//139 384//139
f 384//140 383//140 385//140
f 384//141 385//141 386//141
f 386//142 385//142 387//142
f 386//143 387//143 388//143
f 388//144 387//144 389//144
f 388//145 389//145 390//145
f 390//146 389//146 391//146
f 390//147 391//147 392//147
f 392//148 391//148 393//148
f 392//149 393//149 394//149
f 395//150 396//150 397//150
f 397//151 396//151 398//151
f 397//152 398//152 399//152
f 399//153 398//153 400//153
f 399//154 400//154 401//154
f 401//154 400//154 402//154
f 401//155 402//155 403//155
f 403//155 402//155 404//155
f 403//156 404//156 405//156
f 405//156 404//156 406//156
f 405//157 406//157 407//157
f 407//157 406//157 408//157
f 407//158 408//158 409//158
f 409//158 408//158 410//158
f 409//159 410//159 411//159
f 411//159 410//159 412//159
f 411//160 412//160 413//160
f 413//160 412//160 414//160
f 413//161 414//161 415//161
f 415//161 414//161 416//161
f 415//162 416//162 417//162
f 417//162 416//162 418//162
f 417//163 418//163 419//163
f 419//163 418//163 420//163
f 419//164 420//164 421//164
f 421//164 420//164 422//164
f 421//165 422//165 423//165
f 423//165 422//165 424//165
f 423//166 424//166 425//166
f 425//166 424//166 426//166
f 425//167 426//167 427//167
f 427//167 426//167 428//167
f 427//168 428//168 429//168
f 429//168 428//168 430//168
f 429//169 430//169 431//169
f 431//169 430//169 432//169
f 431//170 432//170 433//170
f 433//170 432//170 434//170
f 433//171 434//171 435//171
f 435//171 434//171 436//171
f 435//172 436//172 437//172
f 437//172 436//172 438//172
f 437//173 438//173 439//173
f 439//174 438//174 440//174
f 439//175 440//175 441//175
f 441//176 440//176 442//176
f 441//177 442//177 443//177
f 443//177 442//177 444//177
f 443//178 444//178 445//178
f 445//178 444//178 446//178
f 445//179 446//179 447//179
f 447//179 446//179 448//179
f 447//180 448//180 449//180
f 449//181 448//181 450//181
f 449//182 450//182 451//182
f 451//183 450//183 452//183
f 451//184 452//184 453//184
f 453//185 452//185 454//185
f 453//186 454//186 455//186
f 455//186 454//186 456//186
f 455//187 456//187 457//187
f 457//187 456//187 458//187
f 457//188 458//188 459//188
f 459//188 458//188 460//188
f 459//189 460//189 461//189
f 461//189 460//189 462//189
f 461//190 462//190 463//190
f 463//190 462//190 464//190
f 463//191 464//191 465//191
f 465//192 464//192 466//192
f 465//193 466//193 467//193
f 467//194 466//194 468//194
f 467//195 468//195 469//195
f 469//196 468//196 470//196
f 469//197 470//197 471//197
f 471//198 470//198 472//198
f 471//198 472//198 473//198
f 473//199 472//199 474//199
f 473//199 474//199 475//199
f 475//200 474//200 476//200
f 475//200 476//200 477//200
f 477//201 476//201 478//201
f 477//201 478//201 479//201
f 479//202 478//202 480//202
f 479//202 480//202 481//202
f 481//203 480//203 482//203
f 483//204 484//204 485//204
f 485//205 484//205 486//205
f 485//206 486//206 487//206
f 487//207 486//207 488//207
f 487//208 488//208 489//208
f 489//209 488//209 490//209
f 489//210 490//210 491//210
f 491//211 490//211 492//211
f 491//212 492//212 493//212
f 484//213 488//213 486//213
f 491//214 493//214 494//214
f 494//215 493//215 495//215
f 494//216 495//216 496//216
f 496//217 495//217 497//217
f 496//218 497//218 498//218
f 498//219 497//219 499//219
f 498//220 499//220 500//220
f 500//221 499//221 501//221
f 500//222 501//222 502//222
f 495//223 503//223 497//223
f 497//224 503//224 499//224
f 504//225 505//225 502//225
f 502//226 505//226 506//226
f 502//227 506//227 500//227
f 500//228 506//228 498//228
f 504//229 507//229 505//229
f 505//230 507//230 508//230
f 505//231 508//231 509//231
f 509//231 508//231 510//231
f 509//232 510//232 511//232
f 511//232 510//232 512//232
f 511//233 512//233 513//233
f 513//234 512//234 514//234
f 514//235 512//235 515//235
f 514//236 515//236 516//236
f 516//237 515//237 517//237
f 516//238 517//238 514//238
f 507//239 518//239 508//239
f 508//240 518//240 519//240
f 508//241 519//241 510//241
f 510//241 519//241 520//241
f 510//242 520//242 512//242
f 512//242 520//242 515//242
f 518//243 521//243 519//243
f 519//244 521//244 522//244
f 519//245 522//245 523//245
f 523//246 522//246 524//246
f 523//247 524//247 525//247
f 525//248 524//248 526//248
f 525//249 526//249 527//249
f 527//250 526//250 528//250
f 527//251 528//251 529//251
f 529//252 528//252 530//252
f 529//253 530//253 531//253
f 524//254 532//254 526//254
f 526//255 532//255 528//255
f 533//256 534//256 531//256
f 531//257 534//257 535//257
f 531//258 535//258 529//258
f 529//259 535//259 527//259
f 534//260 533//260 536//260
f 536//261 533//261 537//261
f 536//262 537//262 538//262
f 536//263 538//263 539//263
f 539//264 538//264 540//264
f 539//265 540//265 541//265
f 541//266 540//266 542//266
f 541//267 542//267 543//267
f 543//268 542//268 544//268
f 543//269 544//269 545//269
f 540//270 544//270 542//270
f 543//271 545//271 546//271
f 546//272 545//272 547//272
f 546//273 547//273 548//273
f 549//274 550//274 548//274
f 548//275 550//275 551//275
f 548//276 551//276 546//276
f 546//277 551//277 543//277
f 550//278 549//278 552//278
f 552//279 549//279 553//279
f 552//280 553//280 554//280
f 555//281 556//281 557//281
f 557//282 556//282 558//282
f 557//283 558//283 559//283
f 559//284 558//284 560//284
f 559//285 560//285 561//285
f 561//286 560//286 562//286
f 562//287 560//287 563//287
f 562//288 563//288 564//288
f 564//289 563//289 565//289
f 564//290 565//290 566//290
f 566//291 565//291 567//291
f 566//292 567//292 568//292
f 568//293 567//293 569//293
f 569//294 567//294 570//294
f 569//295 570//295 571//295
f 555//296 572//296 556//296
f 556//297 572//297 573//297
f 556//298 573//298 574//298
f 574//298 573//298 575//298
f 574//299 575//299 576//299
f 576//299 575//299 577//299
f 576//300 577//300 578//300
f 578//300 577//300 579//300
f 578//301 579//301 580//301
f 580//301 579//301 581//301
f 580//302 581//302 582//302
f 582//302 581//302 583//302
f 582//303 583//303 584//303
f 584//303 583//303 585//303
f 584//304 585//304 586//304
f 586//304 585//304 587//304
f 586//305 587//305 588//305
f 588//305 587//305 589//305
f 588//306 589//306 590//306
f 590//306 589//306 591//306
f 590//307 591//307 592//307
f 592//307 591//307 593//307
f 592//308 593//308 594//308
f 594//308 593//308 595//308
f 594//309 595//309 596//309
f 596//309 595//309 597//309
f 596//310 597//310 598//310
f 598//310 597//310 599//310
f 598//311 599//311 600//311
f 600//311 599//311 601//311
f 600//312 601//312 602//312
f 602//312 601//312 603//312
f 602//313 603//313 604//313
f 605//314 606//314 607//314
f 607//315 606//315 608//315
f 607//316 608//316 609//316
f 609//316 608//316 610//316
f 609//317 610//317 611//317
f 611//317 610//317 612//317
f 611//318 612//318 613//318
f 613//318 612//318 614//318
f 613//319 614//319 615//319
f 615//319 614//319 616//319
f 615//320 616//320 617//320
f 617//320 616//320 618//320
f 617//321 618//321 619//321
f 619//321 618//321 620//321
f 619//322 620//322 621//322
f 621//322 620//322 622//322
f 621//323 622//323 623//323
f 623//323 622//323 624//323
f 623//324 624//324 625//324
f 625//324 624//324 626//324
f 625//325 626//325 627//325
f 627//325 626//325 628//325
f 627//326 628//326 629//326
f 629//326 628//326 630//326
f 629//327 630//327 631//327
f 631//327 630//327 632//327
f 631//328 632//328 633//328
f 633//328 632//328 634//328
f 633//329 634//329 635//329
f 635//329 634//329 636//329
f 635//330 636//330 637//330
f 638//331 639//331 640//331
f 640//332 639//332 641//332
f 640//333 641//333 642//333
f 643//334 644//334 642//334
f 642//335 644//335 645//335
f 642//336 645//336 640//336
f 640//337 645//337 638//337
f 643//338 646//338 644//338
f 644//339 646//339 647//339
f 644//340 647//340 645//340
f 645//341 647//341 648//341
f 645//342 648//342 649//342
f 649//343 648//343 650//343
f 649//344 650//344 651//344
f 651//344 650//344 652//344
f 651//345 652//345 653//345
f 653//345 652//345 654//345
f 653//346 654//346 655//346
f 655//346 654//346 656//346
f 655//347 656//347 657//347
f 657//347 656//347 658//347
f 657//348 658//348 659//348
f 659//348 658//348 660//348
f 659//349 660//349 661//349
f 661//349 660//349 662//349
f 661//350 662//350 663//350
f 663//350 662//350 664//350
f 663//351 664//351 665//351
f 665//351 664//351 666//351
f 665//352 666//352 667//352
f 667//352 666//352 668//352
f 667//353 668//353 669//353
f 669//353 668//353 670//353
f 669//354 670//354 671//354
f 671//354 670//354 672//354
f 671//355 672//355 673//355
f 673//355 672//355 674//355
f 673//356 674//356 675//356
f 676//357 677//357 678//357
f 678//358 677//358 679//358
f 678//359 679//359 680//359
f 680//360 679//360 681//360
f 680//361 681//361 682//361
f 680//362 682//362 683//362
f 683//363 682//363 684//363
f 683//364 684//364 685//364
f 685//365 684//365 686//365
f 685//366 686//366 687//366
f 687//367 686//367 688//367
f 687//368 688//368 689//368
f 684//369 688//369 686//369
f 687//370 689//370 690//370
f 690//371 689//371 691//371
f 690//372 691//372 692//372
f 693//373 694//373 692//373
f 692//374 694//374 695//374
f 692//375 695//375 690//375
f 690//376 695//376 687//376
f 694//377 693//377 696//377
f 696//378 693//378 697//378
f 696//379 697//379 698//379
f 698//380 697//380 699//380
f 698//381 699//381 700//381
f 700//382 699//382 697//382
f 698//383 700//383 701//383
f 701//384 700//384 702//384
f 701//385 702//385 703//385
f 703//386 702//386 704//386
f 703//387 704//387 705//387
f 706//388 707//388 705//388
f 705//389 707//389 708//389
f 705//390 708//390 703//390
f 703//391 708//391 709//391
f 703//392 709//392 710//392
f 710//393 709//393 711//393
f 710//394 711//394 712//394
f 712//395 711//395 713//395
f 712//396 713//396 714//396
f 706//397 715//397 707//397
f 707//398 715//398 716//398
f 707//399 716//399 708//399
f 708//400 716//400 717//400
f 708//401 717//401 718//401
f 718//401 717//401 719//401
f 718//402 719//402 720//402
f 720//402 719//402 721//402
f 720//403 721//403 722//403
f 722//403 721//403 723//403
f 722//404 723//404 724//404
f 724//405 723//405 725//405
f 725//406 723//406 726//406
f 725//407 726//407 727//407
f 727//408 726//408 728//408
f 727//408 728//408 729//408
f 715//409 730//409 716//409
f 716//410 730//410 731//410
f 716//411 731//411 732//411
f 732//412 731//412 733//412
f 732//413 733//413 734//413
f 734//414 733//414 735//414
f 734//415 735//415 736//415
f 736//416 735//416 737//416
f 736//417 737//417 738//417
f 730//418 733//418 731//418
f 736//419 738//419 739//419
f 739//420 738//420 740//420
f 741//421 742//421 743//421
f 743//422 742//422 744//422
f 745//423 746//423 747//423
f 747//424 746//424 748//424
f 747//425 748//425 749//425
f 749//425 748//425 750//425
f 749//426 750//426 751//426
f 751//426 750//426 752//426
f 748//427 746//427 753//427
f 753//428 746//428 754//428
f 753//429 754//429 755//429
f 753//430 755//430 756//430
f 756//431 755//431 757//431
f 756//432 757//432 758//432
f 758//433 757//433 759//433
f 758//434 759//434 760//434
f 760//435 759//435 761//435
f 760//436 761//436 762//436
f 757//437 761//437 759//437
f 760//438 762//438 763//438
f 763//439 762//439 764//439
f 763//440 764//440 765//440
f 765//441 764//441 766//441
f 765//442 766//442 767//442
f 767//443 766//443 768//443
f 767//444 768//444 769//444
f 769//445 768//445 770//445
f 769//446 770//446 771//446
f 771//447 770//447 772//447
f 771//448 772//448 773//448
f 773//449 772//449 774//449
f 773//450 774//450 775//450
f 775//451 774//451 776//451
f 775//452 776//452 777//452
f 764//453 778//453 766//453
f 766//454 778//454 779//454
f 766//443 779//443 768//443
f 768//455 779//455 780//455
f 768//456 780//456 781//456
f 781//457 780//457 782//457
f 781//458 782//458 783//458
f 783//459 782//459 784//459
f 783//459 784//459 785//459
f 785//460 784//460 786//460
f 785//461 786//461 787//461
f 778//462 780//462 779//462
f 784//463 788//463 786//463
f 789//464 790//464 791//464
f 791//465 790//465 792//465
f 790//466 793//466 792//466
f 792//467 793//467 794//467
f 793//468 795//468 794//468
f 796//469 797//469 798//469
f 798//470 797//470 799//470
f 798//471 799//471 800//471
f 800//472 799//472 801//472
f 800//473 801//473 802//473
f 802//473 801//473 803//473
f 802//474 803//474 804//474
f 799//475 805//475 801//475
f 801//476 805//476 806//476
f 801//477 806//477 803//477
f 805//478 807//478 806//478
f 808//479 809//479 810//479
f 810//480 809//480 811//480
f 810//481 811//481 812//481
f 812//482 811//482 813//482
f 812//483 813//483 814//483
f 814//484 813//484 815//484
f 814//485 815//485 816//485
f 811//486 817//486 813//486
f 813//487 817//487 815//487
f 818//488 819//488 816//488
f 816//489 819//489 820//489
f 816//490 820//490 814//490
f 814//491 820//491 821//491
f 814//483 821//483 812//483
f 812//492 821//492 822//492
f 812//493 822//493 823//493
f 823//494 822//494 824//494
f 823//495 824//495 825//495
f 819//496 818//496 826//496
f 826//497 818//497 827//497
f 826//498 827//498 828//498
f 828//499 827//499 829//499
f 828//500 829//500 830//500
f 830//501 829//501 831//501
f 830//502 831//502 832//502
f 832//503 831//503 833//503
f 832//504 833//504 834//504
f 834//505 833//505 835//505
f 834//506 835//506 836//506
f 836//507 835//507 837//507
f 836//508 837//508 838//508
f 838//509 837//509 839//509
f 838//510 839//510 840//510
f 840//511 839//511 841//511
f 840//512 841//512 842//512
f 842//513 841//513 843//513
f 842//514 843//514 844//514
f 829//515 845//515 831//515
f 831//516 845//516 846//516
f 831//503 846//503 833//503
f 833//517 846//517 847//517
f 833//518 847//518 848//518
f 848//519 847//519 849//519
f 848//520 849//520 850//520
f 850//521 849//521 851//521
f 850//521 851//521 852//521
f 852//522 851//522 853//522
f 852//523 853//523 854//523
f 854//524 853//524 855//524
f 854//525 855//525 856//525
f 856//526 855//526 857//526
f 856//527 857//527 858//527
f 858//528 857//528 859//528
f 858//529 859//529 860//529
f 860//530 859//530 861//530
f 860//531 861//531 862//531
f 862//532 861//532 863//532
f 862//533 863//533 844//533
f 845//534 847//534 846//534
f 851//535 864//535 853//535
f 853//536 864//536 865//536
f 853//524 865//524 855//524
f 855//537 865//537 866//537
f 855//526 866//526 857//526
f 857//538 866//538 867//538
f 857//528 867//528 859//528
f 859//539 867//539 868//539
f 859//530 868//530 861//530
f 861//540 868//540 869//540
f 861//532 869//532 863//532
f 863//541 869//541 870//541
f 863//542 870//542 871//542
f 871//543 870//543 872//543
f 871//544 872//544 873//544
f 873//545 872//545 874//545
f 873//546 874//546 875//546
f 865//547 864//547 876//547
f 876//548 864//548 877//548
f 876//549 877//549 878//549
f 878//550 877//550 879//550
f 878//551 879//551 880//551
f 880//552 879//552 881//552
f 880//553 881//553 882//553
f 882//553 881//553 883//553
f 882//554 883//554 884//554
f 884//554 883//554 885//554
f 884//555 885//555 886//555
f 886//556 885//556 887//556
f 886//557 887//557 888//557
f 888//558 887//558 889//558
f 888//559 889//559 890//559
f 890//559 889//559 891//559
f 890//560 891//560 892//560
f 892//560 891//560 893//560
f 892//561 893//561 894//561
f 894//562 893//562 895//562
f 894//563 895//563 896//563
f 879//564 897//564 881//564
f 881//565 897//565 883//565
f 897//566 898//566 883//566
f 883//567 898//567 899//567
f 883//568 899//568 885//568
f 885//568 899//568 900//568
f 885//569 900//569 887//569
f 887//570 900//570 901//570
f 887//571 901//571 889//571
f 889//572 901//572 902//572
f 889//573 902//573 891//573
f 891//573 902//573 903//573
f 891//574 903//574 893//574
f 893//574 903//574 904//574
f 893//575 904//575 895//575
f 898//576 905//576 899//576
f 899//577 905//577 900//577
f 900//578 905//578 906//578
f 906//579 905//579 907//579
f 906//580 907//580 908//580
f 908//581 907//581 909//581
f 908//582 909//582 910//582
f 911//583 912//583 910//583
f 910//584 912//584 913//584
f 910//585 913//585 908//585
f 908//586 913//586 906//586
f 914//587 915//587 916//587
f 917//588 918//588 919//588
f 920//589 915//589 921//589
f 921//590 915//590 922//590
f 922//591 915//591 923//591
f 923//592 915//592 924//592
f 924//593 915//593 925//593
f 926//594 915//594 927//594
f 927//595 915//595 928//595
f 928//596 915//596 929//596
f 929//597 915//597 930//597
f 930//598 915//598 931//598
f 931//599 915//599 932//599
f 932//600 915//600 933//600
f 933//601 915//601 934//601
f 934//602 915//602 935//602
f 936//603 915//603 937//603
f 937//604 915//604 938//604
f 938//605 915//605 939//605
f 939//606 915//606 940//606
f 940//607 915//607 940//607
f 941//608 915//608 942//608
f 942//609 943//609 944//609
f 944//610 943//610 945//610
f 946//611 943//611 947//611
f 947//612 943//612 948//612
f 949//613 943//613 950//613
f 951//614 943//614 952//614
f 953//615 943//615 954//615
f 954//616 943//616 955//616
f 955//617 943//617 956//617
f 956//618 943//618 957//618
f 957//619 943//619 958//619
f 958//620 943//620 959//620
f 959//621 943//621 960//621
f 960//622 943//622 961//622
f 961//623 943//623 962//623
f 962//624 943//624 963//624
f 963//625 943//625 964//625
f 964//626 943//626 964//626
f 965//627 943//627 966//627
f 966//628 943//628 967//628
f 968//629 969//629 970//629
f 971//630 969//630 972//630
f 972//631 969//631 973//631
f 973//632 969//632 974//632
f 974//633 969//633 975//633
f 975//634 969//634 976//634
f 976//635 969//635 977//635
f 977//636 969//636 978//636
f 979//637 969//637 980//637
f 980//638 969//638 981//638
f 981//639 969//639 982//639
f 982//640 969//640 983//640
f 983//641 969//641 984//641
f 984//642 969//642 985//642
f 986//643 969//643 987//643
f 987//644 969//644 988//644
f 988//645 969//645 989//645
f 989//646 969//646 990//646
f 990//647 969//647 991//647
f 992//648 969//648 993//648
f 993//649 969//649 994//649
f 994//650 969//650 995//650
f 996//651 997//651 998//651
f 998//652 997//652 999//652
f 999//653 997//653 1000//653
f 1000//654 997//654 1001//654
f 1001//655 997//655 1002//655
f 1003//656 997//656 1004//656
f 1004//657 997//657 1005//657
f 1005//658 997//658 1006//658
f 1006//659 997//659 1007//659
f 1007//660 997//660 1008//660
f 1008//661 997//661 1009//661
f 1009//662 997//662 1010//662
f 1010//663 997//663 1011//663
f 1011//664 997//664 1012//664
f 1012//665 997//665 1013//665
f 1013//666 997//666 1014//666
f 1014//667 997//667 1015//667
f 1015//668 997//668 1016//668
f 1016//669 997//669 1017//669
f 1018//670 997//670 1019//670
f 1020//671 1021//671 1022//671
f 1022//671 1021//671 1023//671
f 1022//672 1023//672 1024//672
f 1024//672 1023//672 1025//672
f 1024//673 1025//673 1026//673
f 1026//674 1025//674 1027//674
f 1026//675 1027//675 1028//675
f 1028//676 1027//676 1029//676
f 1028//677 1029//677 1030//677
f 1030//678 1029//678 1031//678
f 1030//679 1031//679 1032//679
f 1032//679 1031//679 1033//679
f 1032//680 1033//680 1034//680
f 1034//680 1033//680 1035//680
f 1034//681 1035//681 1036//681
f 1036//681 1035//681 1037//681
f 1036//682 1037//682 1038//682
f 1038//682 1037//682 1039//682
f 1038//683 1039//683 1040//683
f 1040//683 1039//683 1041//683
f 1040//684 1041//684 1042//684
f 1042//684 1041//684 1043//684
f 1042//685 1043//685 1044//685
f 1044//685 1043//685 1045//685
f 1044//686 1045//686 1046//686
f 1021//687 1047//687 1023//687
f 1023//687 1047//687 1048//687
f 1023//688 1048//688 1025//688
f 1025//688 1048//688 1049//688
f 1025//674 1049//674 1027//674
f 1027//689 1049//689 1050//689
f 1027//690 1050//690 1029//690
f 1029//691 1050//691 1051//691
f 1029//692 1051//692 1031//692
f 1031//693 1051//693 1052//693
f 1031//694 1052//694 1033//694
f 1033//694 1052//694 1053//694
f 1033//695 1053//695 1035//695
f 1035//695 1053//695 1054//695
f 1035//696 1054//696 1037//696
f 1037//696 1054//696 1055//696
f 1037//697 1055//697 1039//697
f 1039//697 1055//697 1056//697
f 1039//698 1056//698 1041//698
f 1041//698 1056//698 1057//698
f 1041//699 1057//699 1043//699
f 1043//699 1057//699 1058//699
f 1043//700 1058//700 1045//700
f 1059//701 1060//701 1061//701
f 1061//701 1060//701 1062//701
f 1061//702 1062//702 1063//702
f 1063//703 1062//703 1064//703
f 1063//704 1064//704 1065//704
f 1047//705 1066//705 1048//705
f 1048//705 1066//705 1067//705
f 1048//706 1067//706 1049//706
f 1049//706 1067//706 1068//706
f 1049//707 1068//707 1050//707
f 1050//708 1068//708 1069//708
f 1050//709 1069//709 1051//709
f 1051//710 1069//710 1070//710
f 1051//711 1070//711 1052//711
f 1052//712 1070//712 1071//712
f 1052//713 1071//713 1053//713
f 1053//713 1071//713 1072//713
f 1053//714 1072//714 1054//714
f 1054//714 1072//714 1073//714
f 1054//715 1073//715 1055//715
f 1055//715 1073//715 1074//715
f 1055//716 1074//716 1056//716
f 1056//716 1074//716 1075//716
f 1056//717 1075//717 1057//717
f 1057//717 1075//717 1076//717
f 1057//718 1076//718 1058//718
f 1077//719 1059//719 1078//719
f 1078//719 1059//719 1061//719
f 1078//720 1061//720 1079//720
f 1079//721 1061//721 1063//721
f 1079//722 1063//722 1080//722
f 1080//722 1063//722 1065//722
f 1080//723 1065//723 1081//723
f 1081//723 1065//723 1082//723
f 1081//724 1082//724 1083//724
f 1083//724 1082//724 1084//724
f 1083//725 1084//725 1085//725
f 1085//725 1084//725 1086//725
f 1085//726 1086//726 1087//726
f 1087//726 1086//726 1088//726
f 1087//727 1088//727 1089//727
f 1089//727 1088//727 1090//727
f 1089//728 1090//728 1091//728
f 1066//729 1092//729 1067//729
f 1067//729 1092//729 1093//729
f 1067//730 1093//730 1068//730
f 1068//730 1093//730 1094//730
f 1068//731 1094//731 1069//731
f 1069//732 1094//732 1095//732
f 1069//733 1095//733 1070//733
f 1070//734 1095//734 1096//734
f 1070//735 1096//735 1071//735
f 1071//736 1096//736 1097//736
f 1071//737 1097//737 1072//737
f 1072//737 1097//737 1098//737
f 1072//738 1098//738 1073//738
f 1073//738 1098//738 1099//738
f 1073//739 1099//739 1074//739
f 1074//739 1099//739 1100//739
f 1074//740 1100//740 1075//740
f 1075//740 1100//740 1101//740
f 1075//741 1101//741 1076//741
f 1076//741 1101//741 1102//741
f 1103//742 1077//742 1104//742
f 1104//742 1105//742 1106//742
f 1104//743 1106//743 1107//743
f 1107//744 1106//744 1108//744
f 1107//745 1108//745 1109//745
f 1109//745 1108//745 1110//745
f 1109//746 1110//746 1111//746
f 1111//746 1110//746 1112//746
f 1111//747 1112//747 1113//747
f 1113//747 1112//747 1114//747
f 1113//748 1114//748 1115//748
f 1115//748 1114//748 1116//748
f 1115//749 1116//749 1117//749
f 1117//749 1116//749 1118//749
f 1117//750 1118//750 1119//750
f 1119//750 1118//750 1120//750
f 1119//751 1120//751 1121//751
f 1121//751 1120//751 1122//751
f 1121//752 1122//752 1123//752
f 1124//753 1125//753 1126//753
f 1126//753 1125//753 1127//753
f 1126//754 1127//754 1128//754
f 1128//754 1127//754 1129//754
f 1128//755 1129//755 1130//755
f 1130//756 1129//756 1131//756
f 1130//757 1131//757 1132//757
f 1132//758 1131//758 1133//758
f 1132//759 1133//759 1134//759
f 1134//760 1133//760 1135//760
f 1134//761 1135//761 1136//761
f 1136//761 1135//761 1137//761
f 1136//762 1137//762 1138//762
f 1138//762 1137//762 1139//762
f 1138//763 1139//763 1140//763
f 1140//763 1139//763 1141//763
f 1140//764 1141//764 1142//764
f 1142//764 1141//764 1143//764
f 1124//765 1144//765 1145//765
f 1145//765 1144//765 1146//765
f 1145//766 1146//766 1147//766
f 1147//767 1146//767 1148//767
f 1147//768 1148//768 1149//768
f 1149//768 1148//768 1150//768
f 1149//769 1150//769 1151//769
f 1151//770 1150//770 1152//770
f 1151//771 1152//771 1153//771
f 1153//771 1152//771 1154//771
f 1153//772 1154//772 1155//772
f 1155//772 1154//772 1156//772
f 1155//773 1156//773 1157//773
f 1157//773 1156//773 1158//773
f 1157//774 1158//774 1159//774
f 1159//774 1158//774 1160//774
f 1159//775 1160//775 1161//775
f 1161//775 1160//775 1162//775
f 1161//776 1162//776 1163//776
f 1163//776 1162//776 1164//776
f 1163//777 1164//777 1165//777
f 1166//778 1167//778 1168//778
f 1168//778 1167//778 1169//778
f 1168//779 1169//779 1170//779
f 1170//779 1169//779 1171//779
f 1170//780 1171//780 1172//780
f 1172//781 1171//781 1173//781
f 1172//782 1173//782 1174//782
f 1174//783 1173//783 1175//783
f 1174//784 1175//784 1176//784
f 1176//785 1175//785 1177//785
f 1176//786 1177//786 1178//786
f 1178//786 1177//786 1179//786
f 1178//787 1179//787 1180//787
f 1180//787 1179//787 1181//787
f 1180//788 1181//788 1182//788
f 1166//789 1183//789 1184//789
f 1184//789 1183//789 1185//789
f 1184//790 1185//790 1186//790
f 1186//791 1185//791 1187//791
f 1186//792 1187//792 1188//792
f 1188//792 1187//792 1189//792
f 1188//793 1189//793 1190//793
f 1190//794 1189//794 1191//794
f 1190//795 1191//795 1192//795
f 1192//795 1191//795 1193//795
f 1192//796 1193//796 1194//796
f 1194//796 1193//796 1195//796
f 1194//797 1195//797 1196//797
f 1196//797 1195//797 1197//797
f 1196//798 1197//798 1198//798
f 1198//798 1197//798 1199//798
f 1198//799 1199//799 1200//799
f 1200//799 1199//799 1201//799
f 1200//800 1201//800 1202//800
f 1202//800 1201//800 1203//800
f 1202//801 1203//801 1204//801
f 1204//801 1203//801 1205//801
f 1204//802 1205//802 1206//802
f 1207//803 1208//803 1209//803
f 1209//803 1208//803 1210//803
f 1209//804 1210//804 1211//804
f 1211//804 1210//804 1212//804
f 1211//805 1212//805 1213//805
f 1213//806 1212//806 1214//806
f 1213//807 1214//807 1215//807
f 1215//808 1214//808 1216//808
f 1215//809 1216//809 1217//809
f 1217//810 1216//810 1218//810
f 1217//811 1218//811 1219//811
f 1219//811 1218//811 1220//811
f 1219//812 1220//812 1221//812
f 1207//813 1222//813 1223//813
f 1223//813 1222//813 1224//813
f 1223//814 1224//814 1225//814
f 1225//815 1224//815 1226//815
f 1225//816 1226//816 1227//816
f 1227//817 1226//817 1228//817
f 1227//818 1228//818 1229//818
f 1229//819 1228//819 1230//819
f 1229//820 1230//820 1231//820
f 1231//820 1230//820 1232//820
f 1231//821 1232//821 1233//821
f 1233//821 1232//821 1234//821
f 1233//822 1234//822 1235//822
f 1235//822 1234//822 1236//822
f 1235//823 1236//823 1237//823
f 1237//823 1236//823 1238//823
f 1237//824 1238//824 1239//824
f 1239//824 1238//824 1240//824
f 1239//825 1240//825 1241//825
f 1241//825 1240//825 1242//825
f 1241//826 1242//826 1243//826
f 1243//826 1242//826 1244//826
f 1243//827 1244//827 1245//827
f 1245//827 1244//827 1246//827
f 1245//828 1246//828 1247//828
f 1248//829 1249//829 1250//829
f 1250//829 1249//829 1251//829
f 1250//830 1251//830 1252//830
f 1252//830 1251//830 1253//830
f 1252//831 1253//831 1254//831
f 1254//832 1253//832 1255//832
f 1254//833 1255//833 1256//833
f 1256//834 1255//834 1257//834
f 1256//835 1257//835 1258//835
f 1258//836 1257//836 1259//836
f 1258//837 1259//837 1260//837
f 1248//838 1261//838 1262//838
f 1262//838 1261//838 1263//838
f 1262//839 1263//839 1264//839
f 1264//840 1263//840 1265//840
f 1264//841 1265//841 1266//841
f 1266//842 1265//842 1267//842
f 1266//843 1267//843 1268//843
f 1268//844 1267//844 1269//844
f 1268//845 1269//845 1270//845
f 1270//845 1269//845 1271//845
f 1270//846 1271//846 1272//846
f 1272//846 1271//846 1273//846
f 1272//847 1273//847 1274//847
f 1274//847 1273//847 1275//847
f 1274//848 1275//848 1276//848
f 1276//848 1275//848 1277//848
f 1276//849 1277//849 1278//849
f 1278//849 1277//849 1279//849
f 1278//850 1279//850 1280//850
f 1280//850 1279//850 1281//850
f 1280//851 1281//851 1282//851
f 1282//851 1281//851 1283//851
f 1282//852 1283//852 1284//852
f 1284//852 1283//852 1285//852
f 1284//853 1285//853 1286//853
f 1286//853 1285//853 1287//853
f 1286//854 1287//854 1288//854
f 1289//855 1290//855 1291//855
f 1291//855 1290//855 1292//855
f 1291//856 1292//856 1293//856
f 1293//857 1292//857 1294//857
f 1293//858 1294//858 1295//858
f 1295//859 1294//859 1296//859
f 1295//860 1296//860 1297//860
f 1297//861 1296//861 1298//861
f 1297//862 1298//862 1299//862
f 1299//862 1298//862 1300//862
f 1299//863 1300//863 1301//863
f 1301//863 1300//863 1302//863
f 1301//864 1302//864 1303//864
f 1303//864 1302//864 1304//864
f 1303//865 1304//865 1305//865
f 1305//865 1304//865 1306//865
f 1305//866 1306//866 1307//866
f 1307//866 1306//866 1308//866
f 1307//867 1308//867 1309//867
f 1309//867 1308//867 1310//867
f 1309//868 1310//868 1311//868
f 1311//868 1310//868 1312//868
f 1311//869 1312//869 1313//869
f 1313//869 1312//869 1314//869
f 1313//870 1314//870 1315//870
f 1315//870 1314//870 1316//870
f 1315//871 1316//871 1317//871
f 1317//871 1316//871 1318//871
f 1317//872 1318//872 1319//872
f 1320//873 1321//873 1322//873
f 1322//873 1321//873 1323//873
f 1322//874 1323//874 1324//874
f 1324//875 1323//875 1325//875
f 1324//876 1325//876 1326//876
f 1326//877 1325//877 1327//877
f 1326//878 1327//878 1328//878
f 1328//879 1327//879 1329//879
f 1328//880 1329//880 1330//880
f 1330//880 1329//880 1331//880
f 1330//881 1331//881 1332//881
f 1332//881 1331//881 1333//881
f 1332//882 1333//882 1334//882
f 1334//882 1333//882 1335//882
f 1334//883 1335//883 1336//883
f 1336//883 1335//883 1337//883
f 1336//884 1337//884 1338//884
f 1338//884 1337//884 1339//884
f 1338//885 1339//885 1340//885
f 1340//885 1339//885 1341//885
f 1340//886 1341//886 1342//886
f 1342//886 1341//886 1343//886
f 1321//887 1344//887 1323//887
f 1323//887 1344//887 1345//887
f 1323//875 1345//875 1325//875
f 1325//888 1345//888 1346//888
f 1325//889 1346//889 1327//889
f 1327//890 1346//890 1347//890
f 1327//891 1347//891 1329//891
f 1329//892 1347//892 1348//892
f 1329//893 1348//893 1331//893
f 1331//893 1348//893 1349//893
f 1331//894 1349//894 1333//894
f 1333//894 1349//894 1350//894
f 1333//895 1350//895 1335//895
f 1335//895 1350//895 1351//895
f 1335//896 1351//896 1337//896
f 1337//896 1351//896 1352//896
f 1337//897 1352//897 1339//897
f 1339//897 1352//897 1353//897
f 1339//898 1353//898 1341//898
f 1341//898 1353//898 1354//898
f 1341//899 1354//899 1343//899
f 1343//899 1354//899 1355//899
f 1356//900 1357//900 1358//900
f 1358//900 1357//900 1359//900
f 1358//901 1359//901 1360//901
f 1360//901 1359//901 1361//901
f 1360//902 1361//902 1362//902
f 1362//903 1361//903 1363//903
f 1362//904 1363//904 1364//904
f 1364//905 1363//905 1365//905
f 1364//906 1365//906 1366//906
f 1366//906 1365//906 1367//906
f 1366//907 1367//907 1368//907
f 1368//907 1367//907 1369//907
f 1368//908 1369//908 1370//908
f 1370//908 1369//908 1371//908
f 1370//909 1371//909 1372//909
f 1372//909 1371//909 1373//909
f 1372//910 1373//910 1374//910
f 1374//910 1373//910 1375//910
f 1374//911 1375//911 1376//911
f 1376//911 1375//911 1377//911
f 1376//912 1377//912 1378//912
f 1378//912 1377//912 1379//912
f 1378//913 1379//913 1380//913
f 1380//913 1379//913 1381//913
f 1380//914 1381//914 1382//914
f 1382//914 1381//914 1383//914
f 1382//915 1383//915 1384//915
f 1384//915 1383//915 1385//915
f 1384//916 1385//916 1386//916
f 1386//916 1385//916 1387//916
f 1386//917 1387//917 1388//917
f 1388//917 1387//917 1389//917
f 1388//918 1389//918 1390//918
f 1390//918 1389//918 1391//918
f 1390//919 1391//919 1392//919
f 1392//919 1391//919 1393//919
f 1392//920 1393//920 1394//920
f 1394//920 1393//920 1395//920
f 1394//921 1395//921 1396//921
f 1396//921 1395//921 1397//921
f 1396//922 1397//922 1398//922
f 1398//922 1397//922 1399//922
f 1398//923 1399//923 1400//923
f 1400//923 1399//923 1401//923
f 1400//924 1401//924 1402//924
f 1402//924 1401//924 1403//924
f 1402//925 1403//925 1404//925
f 1404//926 1403//926 1405//926
f 1404//927 1405//927 1406//927
f 1407//928 1408//928 1409//928
f 1409//928 1408//928 1410//928
f 1409//929 1410//929 1411//929
f 1411//930 1410//930 1412//930
f 1411//931 1412//931 1413//931
f 1413//931 1412//931 1414//931
f 1413//932 1414//932 1415//932
f 1415//933 1414//933 1416//933
f 1415//934 1416//934 1417//934
f 1417//934 1416//934 1418//934
f 1417//935 1418//935 1419//935
f 1419//935 1418//935 1420//935
f 1419//936 1420//936 1421//936
f 1421//936 1420//936 1422//936
f 1421//937 1422//937 1423//937
f 1423//937 1422//937 1424//937
f 1423//938 1424//938 1425//938
f 1425//938 1424//938 1426//938
f 1425//939 1426//939 1427//939
f 1427//939 1426//939 1428//939
f 1427//940 1428//940 1429//940
f 1429//940 1428//940 1430//940
f 1407//941 1431//941 1432//941
f 1432//941 1431//941 1433//941
f 1432//942 1433//942 1434//942
f 1434//942 1433//942 1435//942
f 1434//943 1435//943 1436//943
f 1436//944 1435//944 1437//944
f 1436//945 1437//945 1438//945
f 1438//946 1437//946 1439//946
f 1438//947 1439//947 1440//947
f 1440//947 1439//947 1441//947
f 1440//948 1441//948 1442//948
f 1442//948 1441//948 1443//948
f 1442//949 1443//949 1444//949
f 1444//949 1443//949 1445//949
f 1444//950 1445//950 1446//950
f 1446//950 1445//950 1447//950
f 1446//951 1447//951 1448//951
f 1448//951 1447//951 1449//951
f 1448//952 1449//952 1450//952
f 1450//952 1449//952 1451//952
f 1450//953 1451//953 1452//953
f 1452//953 1451//953 1453//953
f 1452//954 1453//954 1454//954
f 1454//954 1453//954 1455//954
f 1454//955 1455//955 1456//955
f 1456//955 1455//955 1457//955
f 1456//956 1457//956 1458//956
f 1458//956 1457//956 1459//956
f 1458//957 1459//957 1460//957
f 1460//957 1459//957 1461//957
f 1460//958 1461//958 1462//958
f 1462//958 1461//958 1463//958
f 1462//959 1463//959 1464//959
f 1464//959 1463//959 1465//959
f 1464//960 1465//960 1466//960
f 1466//960 1465//960 1467//960
f 1466//961 1467//961 1468//961
f 1468//961 1467//961 1469//961
f 1468//962 1469//962 1470//962
f 1470//962 1469//962 1471//962
f 1470//963 1471//963 1472//963
f 1472//963 1471//963 1473//963
f 1472//964 1473//964 1474//964
f 1474//964 1473//964 1475//964
f 1474//965 1475//965 1476//965
f 1476//965 1475//965 1477//965
f 1476//966 1477//966 1478//966
f 1478//967 1477//967 1479//967
f 1478//968 1479//968 1480//968
f 1480//969 1479//969 1481//969
f 1480//970 1481//970 1482//970
f 1483//971 1484//971 1485//971
f 1485//971 1484//971 1486//971
f 1485//972 1486//972 1487//972
f 1487//973 1486//973 1488//973
f 1487//974 1488//974 1489//974
f 1489//974 1488//974 1490//974
f 1489//975 1490//975 1491//975
f 1491//976 1490//976 1492//976
f 1491//977 1492//977 1493//977
f 1493//977 1492//977 1494//977
f 1493//978 1494//978 1495//978
f 1495//978 1494//978 1496//978
f 1495//979 1496//979 1497//979
f 1497//979 1496//979 1498//979
f 1497//980 1498//980 1499//980
f 1499//980 1498//980 1500//980
f 1499//981 1500//981 1501//981
f 1501//981 1500//981 1502//981
f 1501//982 1502//982 1503//982
f 1503//982 1502//982 1504//982
f 1503//983 1504//983 1505//983
f 1505//983 1504//983 1506//983
f 1483//984 1507//984 1508//984
f 1508//984 1507//984 1509//984
f 1508//985 1509//985 1510//985
f 1510//985 1509//985 1511//985
f 1510//986 1511//986 1512//986
f 1512//987 1511//987 1513//987
f 1512//988 1513//988 1514//988
f 1514//989 1513//989 1515//989
f 1514//990 1515//990 1516//990
f 1516//990 1515//990 1517//990
f 1516//991 1517//991 1518//991
f 1518//991 1517//991 1519//991
f 1518//992 1519//992 1520//992
f 1520//992 1519//992 1521//992
f 1520//993 1521//993 1522//993
f 1522//993 1521//993 1523//993
f 1522//994 1523//994 1524//994
f 1524//994 1523//994 1525//994
f 1524//995 1525//995 1526//995
f 1526//995 1525//995 1527//995
f 1526//996 1527//996 1528//996
f 1528//996 1527//996 1529//996
f 1528//997 1529//997 1530//997
f 1530//997 1529//997 1531//997
f 1530//998 1531//998 1532//998
f 1532//998 1531//998 1533//998
f 1532//999 1533//999 1534//999
f 1534//999 1533//999 1535//999
f 1534//1000 1535//1000 1536//1000
f 1536//1000 1535//1000 1537//1000
f 1536//1001 1537//1001 1538//1001
f 1538//1001 1537//1001 1539//1001
f 1538//1002 1539//1002 1540//1002
f 1540//1002 1539//1002 1541//1002
f 1540//1003 1541//1003 1542//1003
f 1542//1003 1541//1003 1543//1003
f 1542//1004 1543//1004 1544//1004
f 1544//1004 1543//1004 1545//1004
f 1544//1005 1545//1005 1546//1005
f 1546//1005 1545//1005 1547//1005
f 1546//1006 1547//1006 1548//1006
f 1548//1006 1547//1006 1549//1006
f 1548//1007 1549//1007 1550//1007
f 1550//1007 1549//1007 1551//1007
f 1550//1008 1551//1008 1552//1008
f 1552//1008 1551//1008 1553//1008
f 1552//1009 1553//1009 1554//1009
f 1554//1010 1553//1010 1555//1010
f 1554//1011 1555//1011 1556//1011
f 1556//1012 1555//1012 1557//1012
f 1556//1013 1557//1013 1558//1013
f 1558//1014 1557//1014 1559//1014
f 1558//1015 1559//1015 1560//1015
f 1560//1015 1559//1015 1561//1015
f 1560//1016 1561//1016 1562//1016
f 1562//1016 1561//1016 1563//1016
f 1562//1017 1563//1017 1564//1017
f 1564//1017 1563//1017 1565//1017
f 1564//1018 1565//1018 1566//1018
f 1566//1019 1565//1019 1567//1019
f 1566//1020 1567//1020 1568//1020
f 1568//1021 1567//1021 1569//1021
f 1568//1022 1569//1022 1570//1022
f 1570//1022 1569//1022 1571//1022
f 1570//1023 1571//1023 1572//1023
f 1572//1023 1571//1023 1573//1023
f 1572//1024 1573//1024 1574//1024
f 1574//1024 1573//1024 1575//1024
f 1576//1025 1577//1025 1578//1025
f 1578//1025 1577//1025 1579//1025
f 1578//1026 1579//1026 1580//1026
f 1580//1027 1579//1027 1581//1027
f 1580//1028 1581//1028 1582//1028
f 1582//1028 1581//1028 1583//1028
f 1582//1029 1583//1029 1584//1029
f 1584//1029 1583//1029 1585//1029
f 1584//1030 1585//1030 1586//1030
f 1586//1030 1585//1030 1587//1030
f 1586//1031 1587//1031 1588//1031
f 1588//1031 1587//1031 1589//1031
f 1588//1032 1589//1032 1590//1032
f 1590//1032 1589//1032 1591//1032
f 1590//1033 1591//1033 1592//1033
f 1592//1033 1591//1033 1593//1033
f 1592//1034 1593//1034 1594//1034
f 1594//1034 1593//1034 1595//1034
f 1594//1035 1595//1035 1596//1035
f 1596//1035 1595//1035 1597//1035
f 1596//1036 1597//1036 1598//1036
f 1598//1036 1597//1036 1599//1036
f 1576//1037 1600//1037 1601//1037
f 1601//1037 1600//1037 1602//1037
f 1601//1038 1602//1038 1603//1038
f 1603//1038 1602//1038 1604//1038
f 1603//1039 1604//1039 1605//1039
f 1605//1040 1604//1040 1606//1040
f 1605//1041 1606//1041 1607//1041
f 1607//1042 1606//1042 1608//1042
f 1607//1043 1608//1043 1609//1043
f 1609//1043 1608//1043 1610//1043
f 1609//1044 1610//1044 1611//1044
f 1611//1044 1610//1044 1612//1044
f 1611//1045 1612//1045 1613//1045
f 1613//1045 1612//1045 1614//1045
f 1613//1046 1614//1046 1615//1046
f 1615//1046 1614//1046 1616//1046
f 1615//1047 1616//1047 1617//1047
f 1617//1047 1616//1047 1618//1047
f 1617//1048 1618//1048 1619//1048
f 1619//1048 1618//1048 1620//1048
f 1619//1049 1620//1049 1621//1049
f 1621//1049 1620//1049 1622//1049
f 1621//1050 1622//1050 1623//1050
f 1623//1050 1622//1050 1624//1050
f 1623//1051 1624//1051 1625//1051
f 1625//1051 1624//1051 1626//1051
f 1625//1052 1626//1052 1627//1052
f 1627//1052 1626//1052 1628//1052
f 1627//1053 1628//1053 1629//1053
f 1629//1053 1628//1053 1630//1053
f 1629//1054 1630//1054 1631//1054
f 1631//1054 1630//1054 1632//1054
f 1631//1055 1632//1055 1633//1055
f 1633//1055 1632//1055 1634//1055
f 1633//1056 1634//1056 1635//1056
f 1635//1056 1634//1056 1636//1056
f 1635//1057 1636//1057 1637//1057
f 1637//1057 1636//1057 1638//1057
f 1637//1058 1638//1058 1639//1058
f 1639//1058 1638//1058 1640//1058
f 1639//1059 1640//1059 1641//1059
f 1641//1059 1640//1059 1642//1059
f 1641//1060 1642//1060 1643//1060
f 1643//1060 1642//1060 1644//1060
f 1643//1061 1644//1061 1645//1061
f 1645//1061 1644//1061 1646//1061
f 1645//1062 1646//1062 1647//1062
f 1647//1063 1646//1063 1648//1063
f 1647//1064 1648//1064 1649//1064
f 1649//1065 1648//1065 1650//1065
f 1649//1066 1650//1066 1651//1066
f 1651//1067 1650//1067 1652//1067
f 1651//1068 1652//1068 1653//1068
f 1653//1068 1652//1068 1654//1068
f 1653//1069 1654//1069 1655//1069
f 1655//1069 1654//1069 1656//1069
f 1655//1070 1656//1070 1657//1070
f 1657//1070 1656//1070 1658//1070
f 1657//1071 1658//1071 1659//1071
f 1659//1072 1658//1072 1660//1072
f 1659//1073 1660//1073 1661//1073
f 1661//1074 1660//1074 1662//1074
f 1661//1075 1662//1075 1663//1075
f 1663//1075 1662//1075 1664//1075
f 1663//1076 1664//1076 1665//1076
f 1665//1076 1664//1076 1666//1076
f 1665//1077 1666//1077 1667//1077
f 1667//1077 1666//1077 1668//1077
f 1669//1078 1670//1078 1671//1078
f 1671//1078 1670//1078 1672//1078
f 1671//1079 1672//1079 1673//1079
f 1673//1080 1672//1080 1674//1080
f 1673//1081 1674//1081 1675//1081
f 1675//1081 1674//1081 1676//1081
f 1675//1082 1676//1082 1677//1082
f 1677//1082 1676//1082 1678//1082
f 1677//1083 1678//1083 1679//1083
f 1679//1083 1678//1083 1680//1083
f 1679//1084 1680//1084 1681//1084
f 1681//1084 1680//1084 1682//1084
f 1681//1085 1682//1085 1683//1085
f 1683//1085 1682//1085 1684//1085
f 1683//1086 1684//1086 1685//1086
f 1685//1086 1684//1086 1686//1086
f 1685//1087 1686//1087 1687//1087
f 1687//1087 1686//1087 1688//1087
f 1687//1088 1688//1088 1689//1088
f 1689//1088 1688//1088 1690//1088
f 1689//1089 1690//1089 1691//1089
f 1691//1089 1690//1089 1692//1089
f 1669//1090 1693//1090 1694//1090
f 1694//1090 1693//1090 1695//1090
f 1694//1091 1695//1091 1696//1091
f 1696//1091 1695//1091 1697//1091
f 1696//1092 1697//1092 1698//1092
f 1698//1093 1697//1093 1699//1093
f 1698//1094 1699//1094 1700//1094
f 1700//1095 1699//1095 1701//1095
f 1700//1096 1701//1096 1702//1096
f 1702//1096 1701//1096 1703//1096
f 1702//1097 1703//1097 1704//1097
f 1704//1097 1703//1097 1705//1097
f 1704//1098 1705//1098 1706//1098
f 1706//1098 1705//1098 1707//1098
f 1706//1099 1707//1099 1708//1099
f 1708//1099 1707//1099 1709//1099
f 1708//1100 1709//1100 1710//1100
f 1710//1100 1709//1100 1711//1100
f 1710//1101 1711//1101 1712//1101
f 1712//1101 1711//1101 1713//1101
f 1712//1102 1713//1102 1714//1102
f 1714//1102 1713//1102 1715//1102
f 1714//1103 1715//1103 1716//1103
f 1716//1103 1715//1103 1717//1103
f 1716//1104 1717//1104 1718//1104
f 1718//1104 1717//1104 1719//1104
f 1718//1105 1719//1105 1720//1105
f 1720//1105 1719//1105 1721//1105
f 1720//1106 1721//1106 1722//1106
f 1722//1106 1721//1106 1723//1106
f 1722//1107 1723//1107 1724//1107
f 1724//1107 1723//1107 1725//1107
f 1724//1108 1725//1108 1726//1108
f 1726//1108 1725//1108 1727//1108
f 1726//1109 1727//1109 1728//1109
f 1728//1109 1727//1109 1729//1109
f 1728//1110 1729//1110 1730//1110
f 1730//1110 1729//1110 1731//1110
f 1730//1111 1731//1111 1732//1111
f 1732//1111 1731//1111 1733//1111
f 1732//1112 1733//1112 1734//1112
f 1734//1112 1733//1112 1735//1112
f 1734//1113 1735//1113 1736//1113
f 1736//1113 1735//1113 1737//1113
f 1736//1114 1737//1114 1738//1114
f 1738//1114 1737//1114 1739//1114
f 1738//1115 1739//1115 1740//1115
f 1740//1116 1739//1116 1741//1116
f 1740//1117 1741//1117 1742//1117
f 1742//1118 1741//1118 1743//1118
f 1742//1119 1743//1119 1744//1119
f 1744//1120 1743//1120 1745//1120
f 1744//1121 1745//1121 1746//1121
f 1746//1121 1745//1121 1747//1121
f 1746//1122 1747//1122 1748//1122
f 1748//1122 1747//1122 1749//1122
f 1748//1123 1749//1123 1750//1123
f 1750//1123 1749//1123 1751//1123
f 1750//1124 1751//1124 1752//1124
f 1752//1125 1751//1125 1753//1125
f 1752//1126 1753//1126 1754//1126
f 1754//1127 1753//1127 1755//1127
f 1754//1128 1755//1128 1756//1128
f 1756//1128 1755//1128 1757//1128
f 1756//1129 1757//1129 1758//1129
f 1758//1129 1757//1129 1759//1129
f 1758//1130 1759//1130 1760//1130
f 1760//1130 1759//1130 1761//1130
f 1760//1131 1761//1131 1762//1131
f 1763//1132 1764//1132 1765//1132
f 1765//1132 1764//1132 1766//1132
f 1765//1133 1766//1133 1767//1133
f 1763//1134 1768//1134 1769//1134
f 1769//1134 1768//1134 1770//1134
f 1769//1135 1770//1135 1771//1135
f 1771//1135 1770//1135 1772//1135
f 1771//1136 1772//1136 1773//1136
f 1773//1137 1772//1137 1774//1137
f 1773//1138 1774//1138 1775//1138
f 1775//1139 1774//1139 1776//1139
f 1775//1140 1776//1140 1777//1140
f 1777//1140 1776//1140 1778//1140
f 1777//1141 1778//1141 1779//1141
f 1779//1141 1778//1141 1780//1141
f 1779//1142 1780//1142 1781//1142
f 1781//1142 1780//1142 1782//1142
f 1781//1143 1782//1143 1783//1143
f 1783//1143 1782//1143 1784//1143
f 1783//1144 1784//1144 1785//1144
f 1785//1144 1784//1144 1786//1144
f 1785//1145 1786//1145 1787//1145
f 1787//1145 1786//1145 1788//1145
f 1787//1146 1788//1146 1789//1146
f 1789//1146 1788//1146 1790//1146
f 1789//1147 1790//1147 1791//1147
f 1791//1147 1790//1147 1792//1147
f 1791//1148 1792//1148 1793//1148
f 1793//1148 1792//1148 1794//1148
f 1793//1149 1794//1149 1795//1149
f 1795//1149 1794//1149 1796//1149
f 1795//1150 1796//1150 1797//1150
f 1797//1150 1796//1150 1798//1150
f 1797//1151 1798//1151 1799//1151
f 1799//1151 1798//1151 1800//1151
f 1799//1152 1800//1152 1801//1152
f 1801//1152 1800//1152 1802//1152
f 1801//1153 1802//1153 1803//1153
f 1803//1153 1802//1153 1804//1153
f 1803//1154 1804//1154 1805//1154
f 1805//1154 1804//1154 1806//1154
f 1805//1155 1806//1155 1807//1155
f 1807//1155 1806//1155 1808//1155
f 1807//1156 1808//1156 1809//1156
f 1809//1156 1808//1156 1810//1156
f 1809//1157 1810//1157 1811//1157
f 1811//1157 1810//1157 1812//1157
f 1811//1158 1812//1158 1813//1158
f 1813//1158 1812//1158 1814//1158
f 1813//1159 1814//1159 1815//1159
f 1815//1160 1814//1160 1816//1160
f 1815//1161 1816//1161 1817//1161
f 1817//1161 1816//1161 1818//1161
f 1817//1162 1818//1162 1819//1162
f 1819//1163 1818//1163 1820//1163
f 1819//1164 1820//1164 1821//1164
f 1821//1164 1820//1164 1822//1164
f 1821//1165 1822//1165 1823//1165
f 1823//1165 1822//1165 1824//1165
f 1823//1166 1824//1166 1825//1166
f 1825//1166 1824//1166 1826//1166
f 1825//1167 1826//1167 1827//1167
f 1827//1168 1826//1168 1828//1168
f 1827//1169 1828//1169 1829//1169
f 1829//1170 1828//1170 1830//1170
f 1829//1171 1830//1171 1831//1171
f 1831//1171 1830//1171 1832//1171
f 1831//1172 1832//1172 1833//1172
f 1833//1172 1832//1172 1834//1172
f 1833//1173 1834//1173 1835//1173
f 1835//1173 1834//1173 1836//1173
f 1835//1174 1836//1174 1837//1174
f 1837//1174 1836//1174 1838//1174
f 1837//1175 1838//1175 1839//1175
f 1839//1175 1838//1175 1840//1175
f 1841//1176 1842//1176 1843//1176
f 1843//1176 1842//1176 1844//1176
f 1843//1177 1844//1177 1845//1177
f 1845//1177 1844//1177 1846//1177
f 1845//1178 1846//1178 1847//1178
f 1847//1179 1846//1179 1848//1179
f 1847//1180 1848//1180 1849//1180
f 1849//1181 1848//1181 1850//1181
f 1849//1182 1850//1182 1851//1182
f 1851//1182 1850//1182 1852//1182
f 1851//1183 1852//1183 1853//1183
f 1853//1183 1852//1183 1854//1183
f 1853//1184 1854//1184 1855//1184
f 1855//1184 1854//1184 1856//1184
f 1855//1185 1856//1185 1857//1185
f 1857//1185 1856//1185 1858//1185
f 1857//1186 1858//1186 1859//1186
f 1859//1186 1858//1186 1860//1186
f 1859//1187 1860//1187 1861//1187
f 1861//1187 1860//1187 1862//1187
f 1861//1188 1862//1188 1863//1188
f 1863//1188 1862//1188 1864//1188
f 1863//1189 1864//1189 1865//1189
f 1865//1189 1864//1189 1866//1189
f 1865//1190 1866//1190 1867//1190
f 1867//1190 1866//1190 1868//1190
f 1867//1191 1868//1191 1869//1191
f 1869//1191 1868//1191 1870//1191
f 1869//1192 1870//1192 1871//1192
f 1871//1192 1870//1192 1872//1192
f 1871//1193 1872//1193 1873//1193
f 1873//1193 1872//1193 1874//1193
f 1873//1194 1874//1194 1875//1194
f 1875//1194 1874//1194 1876//1194
f 1875//1195 1876//1195 1877//1195
f 1877//1195 1876//1195 1878//1195
f 1877//1196 1878//1196 1879//1196
f 1879//1196 1878//1196 1880//1196
f 1879//1197 1880//1197 1881//1197
f 1881//1197 1880//1197 1882//1197
f 1881//1198 1882//1198 1883//1198
f 1883//1198 1882//1198 1884//1198
f 1883//1199 1884//1199 1885//1199
f 1885//1199 1884//1199 1886//1199
f 1885//1200 1886//1200 1887//1200
f 1887//1200 1886//1200 1888//1200
f 1887//1201 1888//1201 1889//1201
f 1889//1202 1888//1202 1890//1202
f 1889//1203 1890//1203 1891//1203
f 1891//1203 1890//1203 1892//1203
f 1891//1204 1892//1204 1893//1204
f 1893//1205 1892//1205 1894//1205
f 1893//1206 1894//1206 1895//1206
f 1895//1206 1894//1206 1896//1206
f 1895//1207 1896//1207 1897//1207
f 1897//1207 1896//1207 1898//1207
f 1897//1208 1898//1208 1899//1208
f 1899//1208 1898//1208 1900//1208
f 1899//1209 1900//1209 1901//1209
f 1901//1210 1900//1210 1902//1210
f 1901//1211 1902//1211 1903//1211
f 1903//1212 1902//1212 1904//1212
f 1903//1213 1904//1213 1905//1213
f 1905//1213 1904//1213 1906//1213
f 1905//1214 1906//1214 1907//1214
f 1907//1214 1906//1214 1908//1214
f 1907//1215 1908//1215 1909//1215
f 1909//1215 1908//1215 1910//1215
f 1909//1216 1910//1216 1911//1216
f 1911//1216 1910//1216 1912//1216
f 1911//1217 1912//1217 1913//1217
f 1913//1217 1912//1217 1914//1217
f 1913//1218 1914//1218 1915//1218
f 1916//1219 1917//1219 1918//1219
f 1918//1220 1917//1220 1919//1220
f 1920//1221 1921//1221 1922//1221
f 1922//1222 1921//1222 1923//1222
f 1922//1223 1923//1223 1924//1223
f 1924//1224 1923//1224 1925//1224
f 1924//1225 1925//1225 1926//1225
f 1926//1225 1925//1225 1927//1225
f 1926//1226 1927//1226 1928//1226
f 1928//1226 1927//1226 1929//1226
f 1928//1227 1929//1227 1930//1227
f 1930//1227 1929//1227 1931//1227
f 1930//1228 1931//1228 1932//1228
f 1932//1228 1931//1228 1933//1228
f 1932//1229 1933//1229 1934//1229
f 1934//1229 1933//1229 1935//1229
f 1934//1230 1935//1230 1936//1230
f 1936//1230 1935//1230 1937//1230
f 1936//1231 1937//1231 1938//1231
f 1938//1231 1937//1231 1939//1231
f 1938//1232 1939//1232 1940//1232
f 1940//1232 1939//1232 1941//1232
f 1940//1233 1941//1233 1942//1233
f 1942//1233 1941//1233 1943//1233
f 1942//1234 1943//1234 1944//1234
f 1944//1234 1943//1234 1945//1234
f 1944//1235 1945//1235 1946//1235
f 1946//1235 1945//1235 1947//1235
f 1946//1236 1947//1236 1948//1236
f 1948//1236 1947//1236 1949//1236
f 1948//1237 1949//1237 1950//1237
f 1950//1237 1949//1237 1951//1237
f 1950//1238 1951//1238 1952//1238
f 1952//1238 1951//1238 1953//1238
f 1952//1239 1953//1239 1954//1239
f 1954//1239 1953//1239 1955//1239
f 1954//1240 1955//1240 1956//1240
f 1956//1240 1955//1240 1957//1240
f 1956//1241 1957//1241 1958//1241
f 1958//1241 1957//1241 1959//1241
f 1958//1242 1959//1242 1960//1242
f 1960//1242 1959//1242 1961//1242
f 1960//1243 1961//1243 1962//1243
f 1962//1243 1961//1243 1963//1243
f 1962//1244 1963//1244 1964//1244
f 1964//1244 1963//1244 1965//1244
f 1964//1245 1965//1245 1966//1245
f 1966//1245 1965//1245 1967//1245
f 1966//1246 1967//1246 1968//1246
f 1968//1247 1967//1247 1969//1247
f 1968//1248 1969//1248 1970//1248
f 1970//1248 1969//1248 1971//1248
f 1970//1249 1971//1249 1972//1249
f 1972//1249 1971//1249 1973//1249
f 1972//1250 1973//1250 1974//1250
f 1974//1250 1973//1250 1975//1250
f 1974//1251 1975//1251 1976//1251
f 1976//1252 1975//1252 1977//1252
f 1976//1253 1977//1253 1978//1253
f 1978//1254 1977//1254 1979//1254
f 1978//1255 1979//1255 1980//1255
f 1980//1255 1979//1255 1981//1255
f 1980//1256 1981//1256 1982//1256
f 1982//1256 1981//1256 1983//1256
f 1982//1257 1983//1257 1984//1257
f 1984//1257 1983//1257 1985//1257
f 1984//1258 1985//1258 1986//1258
f 1986//1258 1985//1258 1987//1258
f 1986//1259 1987//1259 1988//1259
f 1988//1259 1987//1259 1989//1259
f 1988//1260 1989//1260 1990//1260
f 1990//1260 1989//1260 1991//1260
f 1990//1261 1991//1261 1992//1261
f 1993//1262 1994//1262 1995//1262
f 1996//1263 1997//1263 1998//1263
f 1994//1264 1999//1264 2000//1264
f 2000//1265 1999//1265 2001//1265
f 2000//1265 2001//1265 2002//1265
f 1997//1266 2003//1266 2004//1266
f 2004//1267 2003//1267 2005//1267
f 2004//1268 2005//1268 2006//1268
f 2006//1269 2005//1269 2007//1269
f 2006//1270 2007//1270 2008//1270
f 2008//1270 2007//1270 2009//1270
f 2008//1271 2009//1271 2010//1271
f 2010//1271 2009//1271 2011//1271
f 2010//1272 2011//1272 2012//1272
f 2012//1272 2011//1272 2013//1272
f 2012//1273 2013//1273 2014//1273
f 2014//1273 2013//1273 2015//1273
f 2014//1274 2015//1274 2016//1274
f 2016//1274 2015//1274 2017//1274
f 2016//1275 2017//1275 2018//1275
f 2018//1275 2017//1275 2019//1275
f 2018//1276 2019//1276 2020//1276
f 2020//1276 2019//1276 2021//1276
f 2020//1277 2021//1277 2022//1277
f 2022//1277 2021//1277 2023//1277
f 2022//1278 2023//1278 2024//1278
f 2024//1278 2023//1278 2025//1278
f 2024//1279 2025//1279 2026//1279
f 2026//1279 2025//1279 2027//1279
f 2026//1280 2027//1280 2028//1280
f 2028//1280 2027//1280 2029//1280
f 2028//1281 2029//1281 2030//1281
f 2030//1281 2029//1281 2031//1281
f 2030//1282 2031//1282 2032//1282
f 2033//1283 2034//1283 2035//1283
f 2036//1284 2037//1284 2038//1284
f 2038//1285 2037//1285 2039//1285
f 2038//1286 2039//1286 2040//1286
f 2040//1287 2039//1287 2041//1287
f 2040//1288 2041//1288 2042//1288
f 2042//1288 2041//1288 2043//1288
f 2042//1289 2043//1289 2044//1289
f 2044//1289 2043//1289 2045//1289
f 2044//1290 2045//1290 2046//1290
f 2046//1290 2045//1290 2047//1290
f 2046//1291 2047//1291 2048//1291
f 2048//1291 2047//1291 2049//1291
f 2048//1292 2049//1292 2050//1292
f 2050//1292 2049//1292 2051//1292
f 2050//1293 2051//1293 2052//1293
f 2052//1293 2051//1293 2053//1293
f 2052//1294 2053//1294 2054//1294
f 2054//1294 2053//1294 2055//1294
f 2054//1295 2055//1295 2056//1295
f 2056//1295 2055//1295 2057//1295
f 2056//1296 2057//1296 2058//1296
f 2058//1296 2057//1296 2059//1296
f 2058//1297 2059//1297 2060//1297
f 2034//1298 2061//1298 2062//1298
f 2062//1299 2061//1299 2063//1299
f 2062//1300 2063//1300 2064//1300
f 2064//1300 2063//1300 2065//1300
f 2064//1301 2065//1301 2066//1301
f 2066//1301 2065//1301 2067//1301
f 2066//1302 2067//1302 2068//1302
f 2068//1302 2067//1302 2069//1302
f 2068//1303 2069//1303 2070//1303
f 2070//1304 2069//1304 2071//1304
f 2070//1305 2071//1305 2072//1305
f 2072//1306 2071//1306 2073//1306
f 2072//1307 2073//1307 2074//1307
f 2074//1308 2073//1308 2075//1308
f 2074//1309 2075//1309 2076//1309
f 2076//1309 2075//1309 2077//1309
f 2076//1310 2077//1310 2078//1310
f 2078//1310 2077//1310 2079//1310
f 2078//1311 2079//1311 2080//1311
f 2080//1311 2079//1311 2081//1311
f 2080//1312 2081//1312 2082//1312
f 2082//1312 2081//1312 2083//1312
f 2082//1313 2083//1313 2084//1313
f 2084//1313 2083//1313 2085//1313
f 2084//1314 2085//1314 2086//1314
f 2086//1314 2085//1314 2087//1314
f 2086//1315 2087//1315 2088//1315
f 2088//1315 2087//1315 2089//1315
f 2088//1316 2089//1316 2090//1316
f 2090//1316 2089//1316 2091//1316
f 2090//1317 2091//1317 2092//1317
f 2092//1317 2091//1317 2093//1317
f 2092//1318 2093//1318 2094//1318
f 2094//1318 2093//1318 2095//1318
f 2094//1319 2095//1319 2096//1319
f 2097//1320 2098//1320 2099//1320
f 2100//1321 2101//1321 2102//1321
f 2103//1322 2098//1322 2104//1322
f 2105//1323 2106//1323 2101//1323
f 2101//1324 2106//1324 2107//1324
f 2098//1325 2108//1325 2109//1325
f 2109//1326 2108//1326 2110//1326
f 2109//1327 2110//1327 2111//1327
f 2111//1328 2110//1328 2112//1328
f 2111//1329 2112//1329 2113//1329
f 2113//1329 2112//1329 2114//1329
f 2113//1330 2114//1330 2115//1330
f 2115//1330 2114//1330 2116//1330
f 2115//1331 2116//1331 2117//1331
f 2117//1331 2116//1331 2118//1331
f 2117//1332 2118//1332 2119//1332
f 2119//1332 2118//1332 2120//1332
f 2119//1333 2120//1333 2121//1333
f 2121//1333 2120//1333 2122//1333
f 2121//1334 2122//1334 2123//1334
f 2123//1334 2122//1334 2124//1334
f 2123//1335 2124//1335 2125//1335
f 2125//1335 2124//1335 2126//1335
f 2125//1336 2126//1336 2127//1336
f 2127//1336 2126//1336 2128//1336
f 2127//1337 2128//1337 2129//1337
f 2129//1337 2128//1337 2130//1337
f 2129//1338 2130//1338 2131//1338
f 2108//1339 2132//1339 2133//1339
f 2134//1340 2135//1340 2136//1340
f 2136//1340 2135//1340 2137//1340
f 2136//1341 2137//1341 2138//1341
f 2138//1341 2137//1341 2139//1341
f 2138//1342 2139//1342 2140//1342
f 2140//1342 2139//1342 2141//1342
f 2140//1343 2141//1343 2142//1343
f 2142//1343 2141//1343 2143//1343
f 2142//1344 2143//1344 2144//1344
f 2144//1344 2143//1344 2145//1344
f 2144//1345 2145//1345 2146//1345
f 2146//1345 2145//1345 2147//1345
f 2146//1346 2147//1346 2148//1346
f 2148//1346 2147//1346 2149//1346
f 2148//1347 2149//1347 2150//1347
f 2150//1347 2149//1347 2151//1347
f 2150//1348 2151//1348 2152//1348
f 2152//1348 2151//1348 2153//1348
f 2152//1349 2153//1349 2154//1349
f 2154//1349 2153//1349 2155//1349
f 2154//1350 2155//1350 2156//1350
f 2156//1350 2155//1350 2157//1350
f 2156//1351 2157//1351 2158//1351
f 2158//1351 2157//1351 2159//1351
f 2158//1352 2159//1352 2160//1352
f 2160//1352 2159//1352 2161//1352
f 2160//1353 2161//1353 2162//1353
f 2162//1353 2161//1353 2163//1353
f 2162//1354 2163//1354 2164//1354
f 2164//1354 2163//1354 2165//1354
f 2164//1355 2165//1355 2166//1355
f 2166//1355 2165//1355 2167//1355
f 2166//1356 2167//1356 2168//1356
f 2168//1356 2167//1356 2169//1356
f 2168//1357 2169//1357 2170//1357
f 2170//1357 2169//1357 2171//1357
f 2170//1358 2171//1358 2172//1358
f 2172//1358 2171//1358 2173//1358
f 2172//1359 2173//1359 2174//1359
f 2174//1359 2173//1359 2175//1359
f 2174//1360 2175//1360 2176//1360
f 2177//1361 2178//1361 2179//1361
f 2180//1362 2181//1362 2182//1362
f 2182//1363 2181//1363 2183//1363
f 2182//1363 2183//1363 2184//1363
f 2184//1364 2183//1364 2185//1364
f 2184//1364 2185//1364 2186//1364
f 2186//1365 2185//1365 2187//1365
f 2186//1365 2187//1365 2188//1365
f 2188//1366 2187//1366 2189//1366
f 2188//1366 2189//1366 2190//1366
f 2190//1367 2189//1367 2191//1367
f 2190//1367 2191//1367 2192//1367
f 2192//1368 2191//1368 2193//1368
f 2192//1368 2193//1368 2194//1368
f 2194//1369 2193//1369 2195//1369
f 2194//1369 2195//1369 2196//1369
f 2196//1370 2195//1370 2197//1370
f 2196//1370 2197//1370 2198//1370
f 2198//1371 2197//1371 2199//1371
f 2198//1371 2199//1371 2200//1371
f 2186//1372 2188//1372 2201//1372
f 2201//1373 2188//1373 2202//1373
f 2201//1374 2202//1374 2203//1374
f 2203//1375 2202//1375 2204//1375
f 2203//1376 2204//1376 2205//1376
f 2205//1377 2204//1377 2206//1377
f 2205//1378 2206//1378 2207//1378
f 2207//1378 2206//1378 2208//1378
f 2207//1379 2208//1379 2209//1379
f 2209//1379 2208//1379 2210//1379
f 2209//1380 2210//1380 2211//1380
f 2211//1380 2210//1380 2212//1380
f 2211//1381 2212//1381 2213//1381
f 2213//1382 2212//1382 2214//1382
f 2213//1383 2214//1383 2215//1383
f 2215//1384 2214//1384 2216//1384
f 2215//1385 2216//1385 2217//1385
f 2217//1386 2216//1386 2218//1386
f 2217//1387 2218//1387 2219//1387
f 2219//1387 2218//1387 2220//1387
f 2219//1388 2220//1388 2221//1388
f 2221//1388 2220//1388 2222//1388
f 2221//1389 2222//1389 2223//1389
f 2223//1390 2222//1390 2224//1390
f 2223//1391 2224//1391 2225//1391
f 2225//1392 2224//1392 2226//1392
f 2225//1393 2226//1393 2227//1393
f 2227//1393 2226//1393 2228//1393
f 2227//1394 2228//1394 2229//1394
f 2229//1394 2228//1394 2230//1394
f 2229//1395 2230//1395 2231//1395
f 2231//1395 2230//1395 2232//1395
f 2231//1396 2232//1396 2233//1396
f 2234//1397 2235//1397 2236//1397
f 2236//1398 2235//1398 2237//1398
f 2236//1399 2237//1399 2238//1399
f 2238//1400 2237//1400 2239//1400
f 2238//1401 2239//1401 2240//1401
f 2240//1402 2239//1402 2241//1402
f 2240//1403 2241//1403 2242//1403
f 2242//1403 2241//1403 2243//1403
f 2242//1404 2243//1404 2244//1404
f 2244//1404 2243//1404 2245//1404
f 2244//1405 2245//1405 2246//1405
f 2246//1405 2245//1405 2247//1405
f 2246//1406 2247//1406 2248//1406
f 2248//1407 2247//1407 2249//1407
f 2248//1408 2249//1408 2250//1408
f 2250//1409 2249//1409 2251//1409
f 2250//1410 2251//1410 2252//1410
f 2252//1411 2251//1411 2253//1411
f 2252//1412 2253//1412 2254//1412
f 2254//1412 2253//1412 2255//1412
f 2254//1413 2255//1413 2256//1413
f 2256//1413 2255//1413 2257//1413
f 2256//1414 2257//1414 2258//1414
f 2258//1415 2257//1415 2259//1415
f 2258//1416 2259//1416 2260//1416
f 2260//1417 2259//1417 2261//1417
f 2260//1418 2261//1418 2262//1418
f 2262//1418 2261//1418 2263//1418
f 2262//1419 2263//1419 2264//1419
f 2264//1419 2263//1419 2265//1419
f 2264//1420 2265//1420 2266//1420
f 2267//1421 2268//1421 2269//1421
f 2269//1422 2268//1422 2270//1422
f 2269//1423 2270//1423 2271//1423
f 2271//1424 2270//1424 2272//1424
f 2271//1425 2272//1425 2273//1425
f 2273//1426 2272//1426 2274//1426
f 2273//1427 2274//1427 2275//1427
f 2275//1427 2274//1427 2276//1427
f 2275//1428 2276//1428 2277//1428
f 2277//1428 2276//1428 2278//1428
f 2277//1429 2278//1429 2279//1429
f 2279//1429 2278//1429 2280//1429
f 2279//1430 2280//1430 2281//1430
f 2281//1431 2280//1431 2282//1431
f 2281//1432 2282//1432 2283//1432
f 2283//1433 2282//1433 2284//1433
f 2283//1434 2284//1434 2285//1434
f 2285//1435 2284//1435 2286//1435
f 2285//1436 2286//1436 2287//1436
f 2287//1436 2286//1436 2288//1436
f 2287//1437 2288//1437 2289//1437
f 2289//1437 2288//1437 2290//1437
f 2289//1438 2290//1438 2291//1438
f 2291//1439 2290//1439 2292//1439
f 2291//1440 2292//1440 2293//1440
f 2293//1441 2292//1441 2294//1441
f 2293//1442 2294//1442 2295//1442
f 2295//1442 2294//1442 2296//1442
f 2295//1443 2296//1443 2297//1443
f 2298//1444 2299//1444 2300//1444
f 2300//1445 2299//1445 2301//1445
f 2300//1446 2301//1446 2302//1446
f 2302//1447 2301//1447 2303//1447
f 2302//1448 2303//1448 2304//1448
f 2304//1449 2303//1449 2305//1449
f 2304//1450 2305//1450 2306//1450
f 2306//1450 2305//1450 2307//1450
f 2306//1451 2307//1451 2308//1451
f 2308//1451 2307//1451 2309//1451
f 2308//1452 2309//1452 2310//1452
f 2310//1452 2309//1452 2311//1452
f 2310//1453 2311//1453 2312//1453
f 2312//1454 2311//1454 2313//1454
f 2312//1455 2313//1455 2314//1455
f 2314//1455 2313//1455 2315//1455
f 2314//1456 2315//1456 2316//1456
f 2316//1457 2315//1457 2317//1457
f 2316//1458 2317//1458 2318//1458
f 2318//1458 2317//1458 2319//1458
f 2318//1459 2319//1459 2320//1459
f 2320//1459 2319//1459 2321//1459
f 2320//1460 2321//1460 2322//1460
f 2322//1461 2321//1461 2323//1461
f 2322//1462 2323//1462 2324//1462
f 2324//1463 2323//1463 2325//1463
f 2324//1464 2325//1464 2326//1464
f 2327//1465 2328//1465 2329//1465
f 2329//1466 2328//1466 2330//1466
f 2329//1467 2330//1467 2331//1467
f 2331//1468 2330//1468 2332//1468
f 2331//1469 2332//1469 2333//1469
f 2333//1470 2332//1470 2334//1470
f 2333//1471 2334//1471 2335//1471
f 2335//1471 2334//1471 2336//1471
f 2335//1472 2336//1472 2337//1472
f 2337//1472 2336//1472 2338//1472
f 2337//1473 2338//1473 2339//1473
f 2339//1473 2338//1473 2340//1473
f 2339//1474 2340//1474 2341//1474
f 2341//1475 2340//1475 2342//1475
f 2341//1476 2342//1476 2343//1476
f 2343//1476 2342//1476 2344//1476
f 2343//1477 2344//1477 2345//1477
f 2345//1478 2344//1478 2346//1478
f 2345//1479 2346//1479 2347//1479
f 2347//1479 2346//1479 2348//1479
f 2347//1480 2348//1480 2349//1480
f 2349//1480 2348//1480 2350//1480
f 2349//1481 2350//1481 2351//1481
f 2351//1482 2350//1482 2352//1482
f 2351//1483 2352//1483 2353//1483
f 2328//1484 2354//1484 2330//1484
f 2330//1485 2354//1485 2355//1485
f 2330//1486 2355//1486 2332//1486
f 2332//1487 2355//1487 2356//1487
f 2332//1488 2356//1488 2334//1488
f 2334//1489 2356//1489 2357//1489
f 2334//1490 2357//1490 2336//1490
f 2336//1490 2357//1490 2358//1490
f 2336//1491 2358//1491 2338//1491
f 2338//1491 2358//1491 2359//1491
f 2338//1492 2359//1492 2340//1492
f 2340//1492 2359//1492 2360//1492
f 2340//1493 2360//1493 2342//1493
f 2342//1494 2360//1494 2361//1494
f 2342//1495 2361//1495 2344//1495
f 2344//1495 2361//1495 2362//1495
f 2344//1496 2362//1496 2346//1496
f 2346//1496 2362//1496 2363//1496
f 2346//1497 2363//1497 2348//1497
f 2348//1497 2363//1497 2364//1497
f 2348//1498 2364//1498 2350//1498
f 2350//1498 2364//1498 2365//1498
f 2350//1499 2365//1499 2352//1499
f 2354//1500 2366//1500 2355//1500
f 2355//1501 2366//1501 2367//1501
f 2355//1502 2367//1502 2356//1502
f 2356//1503 2367//1503 2368//1503
f 2356//1489 2368//1489 2357//1489
f 2357//1504 2368//1504 2369//1504
f 2357//1505 2369//1505 2358//1505
f 2358//1505 2369//1505 2370//1505
f 2358//1506 2370//1506 2359//1506
f 2359//1506 2370//1506 2371//1506
f 2359//1507 2371//1507 2360//1507
f 2360//1507 2371//1507 2372//1507
f 2360//1494 2372//1494 2361//1494
f 2361//1508 2372//1508 2373//1508
f 2361//1509 2373//1509 2362//1509
f 2362//1509 2373//1509 2374//1509
f 2362//1510 2374//1510 2363//1510
f 2363//1510 2374//1510 2375//1510
f 2363//1511 2375//1511 2364//1511
f 2364//1511 2375//1511 2376//1511
f 2364//1512 2376//1512 2365//1512
f 2377//1513 2378//1513 2379//1513
f 2379//1514 2378//1514 2380//1514
f 2379//1515 2380//1515 2381//1515
f 2381//1516 2380//1516 2382//1516
f 2381//1517 2382//1517 2383//1517
f 2378//1518 2377//1518 2384//1518
f 2384//1518 2377//1518 2385//1518
f 2384//1519 2385//1519 2386//1519
f 2386//1519 2385//1519 2387//1519
f 2386//1520 2387//1520 2388//1520
f 2388//1520 2387//1520 2389//1520
f 2388//1521 2389//1521 2390//1521
f 2390//1521 2389//1521 2391//1521
f 2390//1522 2391//1522 2392//1522
f 2392//1522 2391//1522 2393//1522
f 2392//1523 2393//1523 2394//1523
f 2394//1523 2393//1523 2395//1523
f 2394//1524 2395//1524 2396//1524
f 2396//1524 2395//1524 2397//1524
f 2396//1525 2397//1525 2398//1525
f 2398//1525 2397//1525 2399//1525
f 2398//1526 2399//1526 2400//1526
f 2400//1526 2399//1526 2401//1526
f 2400//1527 2401//1527 2402//1527
f 2402//1527 2401//1527 2403//1527
f 2402//1528 2403//1528 2404//1528
f 2404//1528 2403//1528 2405//1528
f 2404//1529 2405//1529 2406//1529
f 2407//1530 2408//1530 2409//1530
f 2409//1531 2408//1531 2408//1531
f 2407//1530 2409//1530 2410//1530
f 2411//1532 2412//1532 2413//1532
f 2414//1533 2415//1533 2416//1533
f 2417//1534 2418//1534 2419//1534
f 2419//1535 2418//1535 2420//1535
f 2419//1536 2420//1536 2421//1536
f 2421//1536 2420//1536 2422//1536
f 2421//1537 2422//1537 2423//1537
f 2423//1537 2422//1537 2424//1537
f 2423//1538 2424//1538 2425//1538
f 2425//1538 2424//1538 2426//1538
f 2425//1539 2426//1539 2427//1539
f 2427//1540 2426//1540 2428//1540
f 2427//1541 2428//1541 2429//1541
f 2429//1542 2428//1542 2430//1542
f 2429//1543 2430//1543 2431//1543
f 2431//1543 2430//1543 2432//1543
f 2431//1544 2432//1544 2433//1544
f 2433//1544 2432//1544 2434//1544
f 2433//1545 2434//1545 2435//1545
f 2435//1545 2434//1545 2436//1545
f 2435//1546 2436//1546 2437//1546
f 2437//1546 2436//1546 2438//1546
f 2437//1547 2438//1547 2439//1547
f 2439//1547 2438//1547 2440//1547
f 2439//1548 2440//1548 2441//1548
f 2441//1548 2440//1548 2442//1548
f 2441//1549 2442//1549 2443//1549
f 2443//1549 2442//1549 2444//1549
f 2443//1550 2444//1550 2445//1550
f 2446//1551 2447//1551 2448//1551
f 2448//1552 2447//1552 2449//1552
f 2446//1551 2448//1551 2450//1551
f 2451//1553 2446//1553 2450//1553
f 2451//1553 2450//1553 2452//1553
f 2451//1554 2452//1554 2453//1554
f 2453//1554 2452//1554 2454//1554
f 2453//1555 2454//1555 2455//1555
f 2455//1556 2454//1556 2456//1556
f 2455//1557 2456//1557 2457//1557
f 2457//1558 2456//1558 2458//1558
f 2457//1559 2458//1559 2459//1559
f 2459//1559 2458//1559 2460//1559
f 2459//1560 2460//1560 2461//1560
f 2461//1560 2460//1560 2462//1560
f 2461//1561 2462//1561 2463//1561
f 2463//1561 2462//1561 2464//1561
f 2463//1562 2464//1562 2465//1562
f 2465//1562 2464//1562 2466//1562
f 2465//1563 2466//1563 2467//1563
f 2467//1563 2466//1563 2468//1563
f 2467//1564 2468//1564 2469//1564
f 2469//1564 2468//1564 2470//1564
f 2469//1565 2470//1565 2471//1565
f 2471//1565 2470//1565 2472//1565
f 2471//1566 2472//1566 2473//1566
f 2473//1566 2472//1566 2474//1566
f 2473//1567 2474//1567 2475//1567
f 2453//1568 2476//1568 2451//1568
f 2477//1569 2478//1569 2479//1569
f 2480//1570 2481//1570 2482//1570
f 2482//1571 2481//1571 2483//1571
f 2482//1572 2483//1572 2484//1572
f 2484//1573 2483//1573 2485//1573
f 2484//1574 2485//1574 2486//1574
f 2481//1575 2480//1575 2487//1575
f 2487//1575 2480//1575 2488//1575
f 2487//1576 2488//1576 2489//1576
f 2489//1576 2488//1576 2490//1576
f 2489//1577 2490//1577 2491//1577
f 2491//1578 2490//1578 2492//1578
f 2491//1579 2492//1579 2493//1579
f 2493//1580 2492//1580 2494//1580
f 2493//1581 2494//1581 2495//1581
f 2495//1581 2494//1581 2496//1581
f 2495//1582 2496//1582 2497//1582
f 2497//1582 2496//1582 2498//1582
f 2497//1583 2498//1583 2499//1583
f 2499//1583 2498//1583 2500//1583
f 2499//1584 2500//1584 2501//1584
f 2501//1584 2500//1584 2502//1584
f 2503//1585 2504//1585 2505//1585
f 2505//1586 2506//1586 2507//1586
f 2507//1586 2506//1586 2508//1586
f 2507//1587 2508//1587 2509//1587
f 2509//1587 2508//1587 2510//1587
f 2509//1588 2510//1588 2511//1588
f 2511//1589 2510//1589 2512//1589
f 2511//1590 2512//1590 2513//1590
f 2513//1591 2512//1591 2514//1591
f 2515//1592 2516//1592 2517//1592
f 2515//1592 2517//1592 2518//1592
f 2519//1593 2520//1593 2521//1593
f 2521//1594 2520//1594 2522//1594
f 2521//1595 2522//1595 2523//1595
f 2523//1596 2522//1596 2524//1596
f 2523//1597 2524//1597 2525//1597
f 2520//1598 2519//1598 2526//1598
f 2526//1598 2519//1598 2527//1598
f 2526//1599 2527//1599 2528//1599
f 2528//1599 2527//1599 2529//1599
f 2528//1600 2529//1600 2530//1600
f 2530//1600 2529//1600 2531//1600
f 2530//1601 2531//1601 2532//1601
f 2532//1601 2531//1601 2533//1601
f 2532//1602 2533//1602 2534//1602
f 2534//1602 2533//1602 2535//1602
f 2534//1603 2535//1603 2536//1603
f 2536//1603 2535//1603 2537//1603
f 2536//1604 2537//1604 2538//1604
f 2538//1604 2537//1604 2539//1604
f 2538//1605 2539//1605 2540//1605
f 2540//1605 2539//1605 2541//1605
f 2540//1606 2541//1606 2542//1606
f 2542//1606 2541//1606 2543//1606
f 2542//1607 2543//1607 2544//1607
f 2544//1607 2543//1607 2545//1607
f 2544//1608 2545//1608 2546//1608
f 2546//1608 2545//1608 2547//1608
f 2546//1609 2547//1609 2548//1609
f 2549//1610 2550//1610 2551//1610
f 2551//1611 2550//1611 2552//1611
f 2549//1610 2551//1610 2553//1610
f 2554//1612 2555//1612 2556//1612
f 2556//1612 2555//1612 2557//1612
f 2556//1613 2557//1613 2558//1613
f 2558//1613 2557//1613 2559//1613
f 2558//1614 2559//1614 2560//1614
f 2560//1614 2559//1614 2561//1614
f 2560//1615 2561//1615 2562//1615
f 2562//1615 2561//1615 2563//1615
f 2562//1616 2563//1616 2564//1616
f 2564//1616 2563//1616 2565//1616
f 2564//1617 2565//1617 2566//1617
f 2566//1617 2565//1617 2567//1617
f 2566//1618 2567//1618 2568//1618
f 2568//1618 2567//1618 2569//1618
f 2568//1619 2569//1619 2570//1619
f 2570//1619 2569//1619 2571//1619
f 2570//1620 2571//1620 2572//1620
f 2572//1620 2571//1620 2573//1620
f 2572//1621 2573//1621 2574//1621
f 2574//1621 2573//1621 2575//1621
f 2574//1622 2575//1622 2576//1622
f 2576//1622 2575//1622 2577//1622
f 2576//1623 2577//1623 2578//1623
f 2578//1623 2577//1623 2579//1623
f 2578//1624 2579//1624 2580//1624
f 2580//1624 2579//1624 2581//1624
f 2580//1625 2581//1625 2582//1625
f 2582//1625 2581//1625 2583//1625
f 2582//1626 2583//1626 2584//1626
f 2584//1626 2583//1626 2585//1626
f 2584//1627 2585//1627 2586//1627
f 2586//1627 2585//1627 2587//1627
f 2586//1628 2587//1628 2588//1628
f 2589//1629 2590//1629 2591//1629
f 2591//1630 2592//1630 2593//1630
f 2593//1630 2592//1630 2594//1630
f 2593//1631 2594//1631 2595//1631
f 2595//1631 2594//1631 2596//1631
f 2595//1632 2596//1632 2597//1632
f 2597//1632 2596//1632 2598//1632
f 2597//1633 2598//1633 2599//1633
f 2599//1633 2598//1633 2600//1633
f 2599//1634 2600//1634 2601//1634
f 2601//1634 2600//1634 2602//1634
f 2601//1635 2602//1635 2603//1635
f 2603//1635 2602//1635 2604//1635
f 2603//1636 2604//1636 2605//1636
f 2605//1636 2604//1636 2606//1636
f 2605//1637 2606//1637 2607//1637
f 2607//1637 2606//1637 2608//1637
f 2607//1638 2608//1638 2609//1638
f 2609//1638 2608//1638 2610//1638
f 2609//1639 2610//1639 2611//1639
f 2611//1639 2610//1639 2612//1639
f 2611//1640 2612//1640 2613//1640
f 2613//1640 2612//1640 2614//1640
f 2613//1641 2614//1641 2615//1641
f 2615//1641 2614//1641 2616//1641
f 2615//1642 2616//1642 2617//1642
f 2617//1642 2616//1642 2618//1642
f 2617//1643 2618//1643 2619//1643
f 2619//1643 2618//1643 2620//1643
f 2619//1644 2620//1644 2621//1644
f 2621//1644 2620//1644 2622//1644
f 2621//1645 2622//1645 2623//1645
f 2623//1645 2622//1645 2624//1645
f 2623//1646 2624//1646 2625//1646
f 2625//1646 2624//1646 2626//1646
f 2625//1647 2626//1647 2627//1647
f 2628//1648 2629//1648 2630//1648
f 2631//1649 2632//1649 2633//1649
f 2634//1650 2631//1650 2633//1650
f 2634//1651 2633//1651 2635//1651
f 2636//1652 2637//1652 2638//1652
f 2639//1653 2634//1653 2635//1653
f 2639//1654 2635//1654 2640//1654
f 2641//1655 2641//1655 2642//1655
f 2643//1656 2644//1656 2645//1656
f 2645//1657 2644//1657 2646//1657
f 2645//1658 2646//1658 2647//1658
f 2647//1659 2646//1659 2648//1659
f 2647//1660 2648//1660 2649//1660
f 2644//1661 2650//1661 2646//1661
f 2646//1662 2650//1662 2651//1662
f 2646//1663 2651//1663 2648//1663
f 2644//1664 2643//1664 2652//1664
f 2652//1664 2643//1664 2653//1664
f 2652//1665 2653//1665 2654//1665
f 2654//1665 2653//1665 2655//1665
f 2654//1666 2655//1666 2656//1666
f 2656//1666 2655//1666 2657//1666
f 2650//1667 2644//1667 2658//1667
f 2658//1667 2644//1667 2652//1667
f 2658//1668 2652//1668 2659//1668
f 2659//1668 2652//1668 2654//1668
f 2659//1669 2654//1669 2660//1669
f 2660//1669 2654//1669 2656//1669
f 2661//1670 2662//1670 2663//1670
f 2663//1671 2662//1671 2664//1671
f 2663//1671 2664//1671 2665//1671
f 2665//1672 2664//1672 2666//1672
f 2667//1673 2668//1673 2669//1673
f 2667//1673 2669//1673 2670//1673
f 2671//1674 2672//1674 2673//1674
f 2671//1674 2673//1674 2674//1674
f 2675//1675 2676//1675 2677//1675
f 2678//1676 2679//1676 2680//1676
f 2680//1676 2679//1676 2681//1676
f 2680//1677 2681//1677 2682//1677
f 2682//1677 2681//1677 2683//1677
f 2682//1678 2683//1678 2684//1678
f 2684//1678 2683//1678 2685//1678
f 2684//1679 2685//1679 2686//1679
f 2686//1679 2685//1679 2687//1679
f 2686//1680 2687//1680 2688//1680
f 2688//1680 2687//1680 2689//1680
f 2688//1681 2689//1681 2690//1681
f 2690//1681 2689//1681 2691//1681
f 2690//1682 2691//1682 2692//1682
f 2692//1682 2691//1682 2693//1682
f 2692//1683 2693//1683 2694//1683
f 2694//1683 2693//1683 2695//1683
f 2694//1684 2695//1684 2696//1684
f 2697//1685 2698//1685 2678//1685
f 2678//1685 2698//1685 2679//1685
f 2699//1686 2700//1686 2701//1686
f 2701//1687 2700//1687 2702//1687
f 2701//1688 2702//1688 2703//1688
f 2703//1688 2702//1688 2704//1688
f 2703//1689 2704//1689 2705//1689
f 2699//1690 2701//1690 2706//1690
f 2707//1691 2708//1691 2709//1691
f 2709//1692 2708//1692 2710//1692
f 2709//1693 2710//1693 2711//1693
f 2711//1694 2710//1694 2712//1694
f 2711//1695 2712//1695 2713//1695
f 2713//1696 2712//1696 2714//1696
f 2713//1697 2714//1697 2715//1697
f 2708//1692 2716//1692 2710//1692
f 2710//1698 2716//1698 2717//1698
f 2710//1694 2717//1694 2712//1694
f 2712//1699 2717//1699 2718//1699
f 2712//1696 2718//1696 2714//1696
f 2719//1700 2720//1700 2717//1700
f 2717//1699 2720//1699 2718//1699
f 2716//1698 2719//1698 2717//1698
f 2721//1701 2722//1701 2723//1701
f 2723//1701 2722//1701 2724//1701
f 2723//1702 2724//1702 2725//1702
f 2725//1702 2724//1702 2726//1702
f 2725//1703 2726//1703 2727//1703
f 2727//1703 2726//1703 2728//1703
f 2727//1704 2728//1704 2729//1704
f 2729//1704 2728//1704 2730//1704
f 2729//1705 2730//1705 2731//1705
f 2731//1705 2730//1705 2732//1705
f 2731//1706 2732//1706 2733//1706
f 2733//1706 2732//1706 2734//1706
f 2733//1707 2734//1707 2735//1707
f 2735//1707 2734//1707 2736//1707
f 2735//1708 2736//1708 2737//1708
f 2737//1708 2736//1708 2738//1708
f 2737//1709 2738//1709 2739//1709
f 2740//1710 2741//1710 2721//1710
f 2721//1710 2741//1710 2722//1710
f 2742//1711 2743//1711 2744//1711
f 2744//1711 2743//1711 2745//1711
f 2744//1712 2745//1712 2746//1712
f 2746//1712 2745//1712 2747//1712
f 2746//1713 2747//1713 2748//1713
f 2748//1713 2747//1713 2749//1713
f 2748//1714 2749//1714 2750//1714
f 2750//1714 2749//1714 2751//1714
f 2750//1715 2751//1715 2752//1715
f 2752//1715 2751//1715 2753//1715
f 2752//1716 2753//1716 2754//1716
f 2754//1716 2753//1716 2755//1716
f 2754//1717 2755//1717 2756//1717
f 2757//1718 2758//1718 2742//1718
f 2742//1718 2758//1718 2743//1718
f 2759//1719 2760//1719 2761//1719
f 2761//1720 2760//1720 2762//1720
f 2761//1720 2762//1720 2763//1720
f 2763//1721 2762//1721 2764//1721
f 2765//1722 2766//1722 2767//1722
f 2767//1723 2766//1723 2768//1723
f 2767//1724 2768//1724 2769//1724
f 2769//1725 2768//1725 2770//1725
f 2769//1726 2770//1726 2771//1726
f 2771//1727 2770//1727 2772//1727
f 2771//1728 2772//1728 2773//1728
f 2773//1729 2772//1729 2774//1729
f 2773//1730 2774//1730 2775//1730
f 2775//1731 2774//1731 2776//1731
f 2766//1723 2777//1723 2768//1723
f 2768//1732 2777//1732 2778//1732
f 2768//1725 2778//1725 2770//1725
f 2770//1733 2778//1733 2779//1733
f 2770//1727 2779//1727 2772//1727
f 2772//1734 2779//1734 2780//1734
f 2772//1729 2780//1729 2774//1729
f 2774//1735 2780//1735 2781//1735
f 2774//1731 2781//1731 2776//1731
f 2776//1736 2781//1736 2782//1736
f 2783//1737 2784//1737 2778//1737
f 2778//1733 2784//1733 2779//1733
f 2780//1734 2779//1734 2785//1734
f 2785//1738 2779//1738 2784//1738
f 2777//1732 2783//1732 2778//1732
f 2781//1735 2780//1735 2786//1735
f 2786//1739 2780//1739 2785//1739
f 2782//1736 2781//1736 2787//1736
f 2787//1740 2781//1740 2786//1740
f 2788//1741 2782//1741 2787//1741
f 2789//1742 2790//1742 2791//1742
f 2791//1742 2790//1742 2792//1742
f 2791//1743 2792//1743 2793//1743
f 2793//1743 2792//1743 2794//1743
f 2793//1744 2794//1744 2795//1744
f 2795//1744 2794//1744 2796//1744
f 2795//1745 2796//1745 2797//1745
f 2797//1745 2796//1745 2798//1745
f 2797//1746 2798//1746 2799//1746
f 2799//1746 2798//1746 2800//1746
f 2799//1747 2800//1747 2801//1747
f 2801//1747 2800//1747 2802//1747
f 2801//1748 2802//1748 2803//1748
f 2803//1748 2802//1748 2804//1748
f 2803//1749 2804//1749 2805//1749
f 2805//1749 2804//1749 2806//1749
f 2805//1750 2806//1750 2807//1750
f 2807//1750 2806//1750 2808//1750
f 2807//1751 2808//1751 2809//1751
f 2790//1752 2789//1752 2810//1752
f 2810//1752 2789//1752 2811//1752
f 2810//1753 2811//1753 2812//1753
f 2812//1753 2811//1753 2813//1753
f 2812//1754 2813//1754 2814//1754
f 2814//1754 2813//1754 2815//1754
f 2816//1755 2817//1755 2818//1755
f 2818//1755 2817//1755 2819//1755
f 2818//1756 2819//1756 2820//1756
f 2820//1756 2819//1756 2821//1756
f 2820//1757 2821//1757 2822//1757
f 2822//1757 2821//1757 2823//1757
f 2822//1758 2823//1758 2824//1758
f 2824//1758 2823//1758 2825//1758
f 2824//1759 2825//1759 2826//1759
f 2826//1759 2825//1759 2827//1759
f 2826//1760 2827//1760 2828//1760
f 2817//1761 2829//1761 2819//1761
f 2819//1761 2829//1761 2830//1761
f 2819//1762 2830//1762 2821//1762
f 2821//1762 2830//1762 2831//1762
f 2821//1763 2831//1763 2823//1763
f 2823//1763 2831//1763 2832//1763
f 2823//1764 2832//1764 2825//1764
f 2825//1764 2832//1764 2833//1764
f 2825//1765 2833//1765 2827//1765
f 2817//1766 2816//1766 2834//1766
f 2834//1766 2816//1766 2835//1766
f 2834//1767 2835//1767 2836//1767
f 2836//1767 2835//1767 2837//1767
f 2836//1768 2837//1768 2838//1768
f 2838//1768 2837//1768 2839//1768
f 2829//1769 2840//1769 2830//1769
f 2830//1769 2840//1769 2841//1769
f 2830//1770 2841//1770 2831//1770
f 2831//1770 2841//1770 2842//1770
f 2831//1771 2842//1771 2832//1771
f 2832//1771 2842//1771 2843//1771
f 2832//1772 2843//1772 2833//1772
f 2829//1773 2817//1773 2844//1773
f 2844//1773 2845//1773 2834//1773
f 2844//1774 2834//1774 2846//1774
f 2846//1774 2834//1774 2836//1774
f 2846//1775 2836//1775 2847//1775
f 2847//1775 2836//1775 2838//1775
f 2840//1776 2848//1776 2841//1776
f 2841//1776 2848//1776 2849//1776
f 2841//1777 2849//1777 2842//1777
f 2842//1777 2849//1777 2850//1777
f 2842//1778 2850//1778 2843//1778
f 2840//1779 2829//1779 2851//1779
f 2851//1779 2829//1779 2844//1779
f 2851//1780 2844//1780 2852//1780
f 2852//1780 2844//1780 2846//1780
f 2852//1781 2846//1781 2853//1781
f 2853//1781 2846//1781 2847//1781
f 2848//1782 2854//1782 2849//1782
f 2849//1782 2854//1782 2855//1782
f 2849//1783 2855//1783 2850//1783
f 2848//1784 2840//1784 2856//1784
f 2856//1784 2840//1784 2851//1784
f 2856//1785 2851//1785 2857//1785
f 2857//1785 2851//1785 2852//1785
f 2857//1786 2852//1786 2858//1786
f 2858//1786 2852//1786 2853//1786
f 2855//1787 2854//1787 2859//1787
f 2859//1788 2854//1788 2860//1788
f 2859//1789 2860//1789 2861//1789
f 2861//1790 2860//1790 2862//1790
f 2861//1791 2862//1791 2863//1791
f 2863//1792 2862//1792 2864//1792
f 2863//1793 2864//1793 2865//1793
f 2854//1794 2848//1794 2866//1794
f 2866//1794 2848//1794 2856//1794
f 2866//1795 2856//1795 2867//1795
f 2867//1795 2856//1795 2857//1795
f 2867//1796 2857//1796 2868//1796
f 2868//1796 2857//1796 2858//1796
f 2869//1797 2870//1797 2871//1797
f 2871//1797 2870//1797 2872//1797
f 2871//1798 2872//1798 2873//1798
f 2873//1798 2872//1798 2874//1798
f 2873//1799 2874//1799 2875//1799
f 2875//1799 2874//1799 2876//1799
f 2875//1800 2876//1800 2877//1800
f 2877//1800 2876//1800 2878//1800
f 2877//1801 2878//1801 2879//1801
f 2879//1801 2878//1801 2880//1801
f 2879//1802 2880//1802 2881//1802
f 2881//1802 2880//1802 2882//1802
f 2881//1803 2882//1803 2883//1803
f 2883//1803 2882//1803 2884//1803
f 2883//1804 2884//1804 2885//1804
f 2885//1804 2884//1804 2886//1804
f 2885//1805 2886//1805 2887//1805
f 2887//1805 2886//1805 2888//1805
f 2887//1806 2888//1806 2889//1806
f 2889//1806 2888//1806 2890//1806
f 2889//1807 2890//1807 2891//1807
f 2891//1807 2890//1807 2892//1807
f 2891//1808 2892//1808 2893//1808
f 2893//1808 2892//1808 2894//1808
f 2893//1809 2894//1809 2895//1809
f 2895//1809 2894//1809 2896//1809
f 2895//1810 2896//1810 2897//1810
f 2897//1810 2896//1810 2898//1810
f 2897//1811 2898//1811 2899//1811
f 2900//1812 2901//1812 2902//1812
f 2902//1812 2901//1812 2903//1812
f 2902//1813 2903//1813 2904//1813
f 2904//1813 2903//1813 2905//1813
f 2904//1814 2905//1814 2906//1814
f 2906//1814 2905//1814 2907//1814
f 2908//1815 2909//1815 2910//1815
f 2911//1816 2908//1816 2910//1816
f 2911//1816 2910//1816 2912//1816
f 2913//1817 2914//1817 2915//1817
f 2913//1817 2915//1817 2916//1817
f 2917//1818 2913//1818 2916//1818
f 2917//1818 2916//1818 2918//1818
f 2919//1819 2917//1819 2918//1819
f 2919//1819 2918//1819 2920//1819
f 2921//1820 2919//1820 2920//1820
f 2921//1820 2920//1820 2922//1820
f 2923//1821 2921//1821 2922//1821
f 2923//1821 2922//1821 2924//1821
f 2925//1822 2923//1822 2924//1822
f 2925//1822 2924//1822 2926//1822
f 2927//1823 2925//1823 2926//1823
f 2927//1823 2926//1823 2928//1823
f 2929//1824 2927//1824 2928//1824
f 2929//1824 2928//1824 2930//1824
f 2931//1825 2929//1825 2930//1825
f 2931//1825 2930//1825 2932//1825
f 2933//1826 2931//1826 2932//1826
f 2933//1826 2932//1826 2934//1826
f 2912//1827 2933//1827 2934//1827
f 2912//1827 2934//1827 2911//1827
f 2935//1828 2936//1828 2937//1828
f 2937//1829 2936//1829 2938//1829
f 2937//1830 2938//1830 2939//1830
f 2939//1831 2938//1831 2940//1831
f 2939//1832 2940//1832 2941//1832
f 2938//1829 2936//1829 2942//1829
f 2943//1833 2944//1833 2942//1833
f 2942//1833 2944//1833 2938//1833
f 2944//1831 2940//1831 2938//1831
