g 0
v -0.05 0.0147721 0.00260472
v -0.0316228 0.0147721 0.00260472
v -0.05 0.015 0
v -0.0316228 0.015 0
v -0.05 0.0147721 -0.00260472
v -0.0316228 0.0147721 -0.00260472
v -0.05 0.0140954 -0.0051303
v -0.0316228 0.0140954 -0.0051303
v -0.05 0.0129904 -0.0075
v -0.0316228 0.0129904 -0.0075
v -0.05 0.0114907 -0.00964181
v -0.0316228 0.0114907 -0.00964181
v -0.05 0.00964181 -0.0114907
v -0.0316228 0.00964181 -0.0114907
v -0.05 0.0075 -0.0129904
v -0.0316228 0.0075 -0.0129904
v -0.05 0.0051303 -0.0140954
v -0.0316228 0.0051303 -0.0140954
v -0.05 0.00260472 -0.0147721
v -0.0316228 0.00260472 -0.0147721
v -0.05 -2.75546e-18 -0.015
v -0.0316228 9.18485e-19 -0.015
v -0.05 -0.00260472 -0.0147721
v -0.0316228 -0.00260472 -0.0147721
v -0.05 -0.0051303 -0.0140954
v -0.0316228 -0.0051303 -0.0140954
v -0.05 -0.0075 -0.0129904
v -0.0316228 -0.0075 -0.0129904
v -0.05 -0.00964181 -0.0114907
v -0.0316228 -0.00964181 -0.0114907
v -0.05 -0.0114907 -0.00964181
v -0.0316228 -0.0114907 -0.00964181
v -0.05 -0.0129904 -0.0075
v -0.0316228 -0.0129904 -0.0075
v -0.05 -0.0140954 -0.0051303
v -0.0316228 -0.0140954 -0.0051303
v -0.05 -0.0147721 -0.00260472
v -0.0316228 -0.0147721 -0.00260472
v -0.05 -0.015 1.83697e-18
v -0.0316228 -0.015 -1.83697e-18
v -0.05 -0.0147721 0.00260472
v -0.0316228 -0.0147721 0.00260472
v -0.05 -0.0140954 0.0051303
v -0.0316228 -0.0140954 0.0051303
v -0.05 -0.0129904 0.0075
v -0.0316228 -0.0129904 0.0075
v -0.05 -0.0114907 0.00964181
v -0.0316228 -0.0114907 0.00964181
v -0.05 -0.00964181 0.0114907
v -0.0316228 -0.00964181 0.0114907
v -0.05 -0.0075 0.0129904
v -0.0316228 -0.0075 0.0129904
v -0.05 -0.0051303 0.0140954
v -0.0316228 -0.0051303 0.0140954
v -0.05 -0.00260472 0.0147721
v -0.0316228 -0.00260472 0.0147721
v -0.05 9.18485e-19 0.015
v -0.0316228 9.18485e-19 0.015
v -0.05 0.00260472 0.0147721
v -0.0316228 0.00260472 0.0147721
v -0.05 0.0051303 0.0140954
v -0.0316228 0.0051303 0.0140954
v -0.05 0.0075 0.0129904
v -0.0316228 0.0075 0.0129904
v -0.05 0.00964181 0.0114907
v -0.0316228 0.00964181 0.0114907
v -0.05 0.0114907 0.00964181
v -0.0316228 0.0114907 0.00964181
v -0.05 0.0129904 0.0075
v -0.0316228 0.0129904 0.0075
v -0.05 0.0140954 0.0051303
v -0.0316228 0.0140954 0.0051303
v -0.05 0.0147721 0.00260472
v -0.0316228 0.0147721 0.00260472
v 0.05 0.0147721 -0.00260472
v 0.0316228 0.0147721 -0.00260472
v 0.05 0.015 0
v 0.0316228 0.015 0
v 0.05 0.0147721 0.00260472
v 0.0316228 0.0147721 0.00260472
v 0.05 0.0140954 0.0051303
v 0.0316228 0.0140954 0.0051303
v 0.05 0.0129904 0.0075
v 0.0316228 0.0129904 0.0075
v 0.05 0.0114907 0.00964181
v 0.0316228 0.0114907 0.00964181
v 0.05 0.00964181 0.0114907
v 0.0316228 0.00964181 0.0114907
v 0.05 0.0075 0.0129904
v 0.0316228 0.0075 0.0129904
v 0.05 0.0051303 0.0140954
v 0.0316228 0.0051303 0.0140954
v 0.05 0.00260472 0.0147721
v 0.0316228 0.00260472 0.0147721
v 0.05 9.18485e-19 0.015
v 0.0316228 9.18485e-19 0.015
v 0.05 -0.00260472 0.0147721
v 0.0316228 -0.00260472 0.0147721
v 0.05 -0.0051303 0.0140954
v 0.0316228 -0.0051303 0.0140954
v 0.05 -0.0075 0.0129904
v 0.0316228 -0.0075 0.0129904
v 0.05 -0.00964181 0.0114907
v 0.0316228 -0.00964181 0.0114907
v 0.05 -0.0114907 0.00964181
v 0.0316228 -0.0114907 0.00964181
v 0.05 -0.0129904 0.0075
v 0.0316228 -0.0129904 0.0075
v 0.05 -0.0140954 0.0051303
v 0.0316228 -0.0140954 0.0051303
v 0.05 -0.0147721 0.00260472
v 0.0316228 -0.0147721 0.00260472
v 0.05 -0.015 1.83697e-18
v 0.0316228 -0.015 1.83697e-18
v 0.05 -0.0147721 -0.00260472
v 0.0316228 -0.0147721 -0.00260472
v 0.05 -0.0140954 -0.0051303
v 0.0316228 -0.0140954 -0.0051303
v 0.05 -0.0129904 -0.0075
v 0.0316228 -0.0129904 -0.0075
v 0.05 -0.0114907 -0.00964181
v 0.0316228 -0.0114907 -0.00964181
v 0.05 -0.00964181 -0.0114907
v 0.0316228 -0.00964181 -0.0114907
v 0.05 -0.0075 -0.0129904
v 0.0316228 -0.0075 -0.0129904
v 0.05 -0.0051303 -0.0140954
v 0.0316228 -0.0051303 -0.0140954
v 0.05 -0.00260472 -0.0147721
v 0.0316228 -0.00260472 -0.0147721
v 0.05 -2.75546e-18 -0.015
v 0.0316228 9.18485e-19 -0.015
v 0.05 0.00260472 -0.0147721
v 0.0316228 0.00260472 -0.0147721
v 0.05 0.0051303 -0.0140954
v 0.0316228 0.0051303 -0.0140954
v 0.05 0.0075 -0.0129904
v 0.0316228 0.0075 -0.0129904
v 0.05 0.00964181 -0.0114907
v 0.0316228 0.00964181 -0.0114907
v 0.05 0.0114907 -0.00964181
v 0.0316228 0.0114907 -0.00964181
v 0.05 0.0129904 -0.0075
v 0.0316228 0.0129904 -0.0075
v 0.05 0.0140954 -0.0051303
v 0.0316228 0.0140954 -0.0051303
v 0.05 0.0147721 -0.00260472
v 0.0316228 0.0147721 -0.00260472
v -0.05 0.015 0
v -0.05 0.0147721 -0.00260472
v -0.05 0.0147721 0.00260472
v -0.05 0.0140954 0.0051303
v -0.05 0.0140954 -0.0051303
v -0.05 0.0129904 0.0075
v -0.05 0.0129904 -0.0075
v -0.05 0.0114907 0.00964181
v -0.05 0.0114907 -0.00964181
v -0.05 0.00964181 0.0114907
v -0.05 0.00964181 -0.0114907
v -0.05 0.0075 0.0129904
v -0.05 0.0075 -0.0129904
v -0.05 0.0051303 0.0140954
v -0.05 0.0051303 -0.0140954
v -0.05 0.00260472 0.0147721
v -0.05 0.00260472 -0.0147721
v -0.05 9.18485e-19 0.015
v -0.05 -2.75546e-18 -0.015
v -0.05 -0.00260472 0.0147721
v -0.05 -0.00260472 -0.0147721
v -0.05 -0.0051303 0.0140954
v -0.05 -0.0051303 -0.0140954
v -0.05 -0.0075 0.0129904
v -0.05 -0.0075 -0.0129904
v -0.05 -0.00964181 0.0114907
v -0.05 -0.00964181 -0.0114907
v -0.05 -0.0114907 0.00964181
v -0.05 -0.0114907 -0.00964181
v -0.05 -0.0129904 0.0075
v -0.05 -0.0129904 -0.0075
v -0.05 -0.0140954 0.0051303
v -0.05 -0.0140954 -0.0051303
v -0.05 -0.0147721 0.00260472
v -0.05 -0.0147721 -0.00260472
v -0.05 -0.015 1.83697e-18
v 0.05 0.015 0
v 0.05 0.0147721 0.00260472
v 0.05 0.0147721 -0.00260472
v 0.05 0.0140954 -0.0051303
v 0.05 0.0140954 0.0051303
v 0.05 0.0129904 -0.0075
v 0.05 0.0129904 0.0075
v 0.05 0.0114907 -0.00964181
v 0.05 0.0114907 0.00964181
v 0.05 0.00964181 -0.0114907
v 0.05 0.00964181 0.0114907
v 0.05 0.0075 -0.0129904
v 0.05 0.0075 0.0129904
v 0.05 0.0051303 -0.0140954
v 0.05 0.0051303 0.0140954
v 0.05 0.00260472 -0.0147721
v 0.05 0.00260472 0.0147721
v 0.05 -2.75546e-18 -0.015
v 0.05 9.18485e-19 0.015
v 0.05 -0.00260472 -0.0147721
v 0.05 -0.00260472 0.0147721
v 0.05 -0.0051303 -0.0140954
v 0.05 -0.0051303 0.0140954
v 0.05 -0.0075 -0.0129904
v 0.05 -0.0075 0.0129904
v 0.05 -0.00964181 -0.0114907
v 0.05 -0.00964181 0.0114907
v 0.05 -0.0114907 -0.00964181
v 0.05 -0.0114907 0.00964181
v 0.05 -0.0129904 -0.0075
v 0.05 -0.0129904 0.0075
v 0.05 -0.0140954 -0.0051303
v 0.05 -0.0140954 0.0051303
v 0.05 -0.0147721 -0.00260472
v 0.05 -0.0147721 0.00260472
v 0.05 -0.015 1.83697e-18
v 0.0247671 -0.00340417 0.05
v 0.0247671 -0.00340417 0.0244949
v 0.025 0 0.05
v 0.025 0 0.0244949
v 0.0247671 0.00340417 0.05
v 0.0247671 0.00340417 0.0244949
v 0.0240729 0.00674492 0.05
v 0.0240729 0.00674492 0.0244949
v 0.0229303 0.00996003 0.05
v 0.0229303 0.00996003 0.0244949
v 0.0213605 0.0129896 0.05
v 0.0213605 0.0129896 0.0244949
v 0.0193928 0.0157772 0.05
v 0.0193928 0.0157772 0.0244949
v 0.0170638 0.0182709 0.05
v 0.0170638 0.0182709 0.0244949
v 0.014417 0.0204242 0.05
v 0.014417 0.0204242 0.0244949
v 0.0115016 0.0221971 0.05
v 0.0115016 0.0221971 0.0244949
v 0.00837199 0.0235565 0.05
v 0.00837199 0.0235565 0.0244949
v 0.0050864 0.0244771 0.05
v 0.0050864 0.0244771 0.0244949
v 0.00170606 0.0249417 0.05
v 0.00170606 0.0249417 0.0244949
v -0.00170606 0.0249417 0.05
v -0.00170606 0.0249417 0.0244949
v -0.0050864 0.0244771 0.05
v -0.0050864 0.0244771 0.0244949
v -0.00837199 0.0235565 0.05
v -0.00837199 0.0235565 0.0244949
v -0.0115016 0.0221971 0.05
v -0.0115016 0.0221971 0.0244949
v -0.014417 0.0204242 0.05
v -0.014417 0.0204242 0.0244949
v -0.0170638 0.0182709 0.05
v -0.0170638 0.0182709 0.0244949
v -0.0193928 0.0157772 0.05
v -0.0193928 0.0157772 0.0244949
v -0.0213605 0.0129896 0.05
v -0.0213605 0.0129896 0.0244949
v -0.0229303 0.00996003 0.05
v -0.0229303 0.00996003 0.0244949
v -0.0240729 0.00674492 0.05
v -0.0240729 0.00674492 0.0244949
v -0.0247671 0.00340417 0.05
v -0.0247671 0.00340417 0.0244949
v -0.025 3.06162e-18 0.05
v -0.025 3.06162e-18 0.0244949
v -0.0247671 -0.00340417 0.05
v -0.0247671 -0.00340417 0.0244949
v -0.0240729 -0.00674492 0.05
v -0.0240729 -0.00674492 0.0244949
v -0.0229303 -0.00996003 0.05
v -0.0229303 -0.00996003 0.0244949
v -0.0213605 -0.0129896 0.05
v -0.0213605 -0.0129896 0.0244949
v -0.0193928 -0.0157772 0.05
v -0.0193928 -0.0157772 0.0244949
v -0.0170638 -0.0182709 0.05
v -0.0170638 -0.0182709 0.0244949
v -0.014417 -0.0204242 0.05
v -0.014417 -0.0204242 0.0244949
v -0.0115016 -0.0221971 0.05
v -0.0115016 -0.0221971 0.0244949
v -0.00837199 -0.0235565 0.05
v -0.00837199 -0.0235565 0.0244949
v -0.0050864 -0.0244771 0.05
v -0.0050864 -0.0244771 0.0244949
v -0.00170606 -0.0249417 0.05
v -0.00170606 -0.0249417 0.0244949
v 0.00170606 -0.0249417 0.05
v 0.00170606 -0.0249417 0.0244949
v 0.0050864 -0.0244771 0.05
v 0.0050864 -0.0244771 0.0244949
v 0.00837199 -0.0235565 0.05
v 0.00837199 -0.0235565 0.0244949
v 0.0115016 -0.0221971 0.05
v 0.0115016 -0.0221971 0.0244949
v 0.014417 -0.0204242 0.05
v 0.014417 -0.0204242 0.0244949
v 0.0170638 -0.0182709 0.05
v 0.0170638 -0.0182709 0.0244949
v 0.0193928 -0.0157772 0.05
v 0.0193928 -0.0157772 0.0244949
v 0.0213605 -0.0129896 0.05
v 0.0213605 -0.0129896 0.0244949
v 0.0229303 -0.00996003 0.05
v 0.0229303 -0.00996003 0.0244949
v 0.0240729 -0.00674492 0.05
v 0.0240729 -0.00674492 0.0244949
v 0.0247671 -0.00340417 0.05
v 0.0247671 -0.00340417 0.0244949
v 0.0247671 0.00340417 0.05
v -0.0247671 0.00340417 0.05
v 0.025 0 0.05
v -0.025 3.06162e-18 0.05
v -0.0247671 -0.00340417 0.05
v -0.0240729 -0.00674492 0.05
v -0.0229303 -0.00996003 0.05
v -0.0213605 -0.0129896 0.05
v -0.0193928 -0.0157772 0.05
v -0.0170638 -0.0182709 0.05
v -0.014417 -0.0204242 0.05
v -0.0115016 -0.0221971 0.05
v 0.0115016 -0.0221971 0.05
v 0.00837199 -0.0235565 0.05
v -0.00837199 -0.0235565 0.05
v 0.0050864 -0.0244771 0.05
v -0.0050864 -0.0244771 0.05
v 0.00170606 -0.0249417 0.05
v -0.00170606 -0.0249417 0.05
v -0.0240729 0.00674492 0.05
v 0.0240729 0.00674492 0.05
v -0.0229303 0.00996003 0.05
v 0.0229303 0.00996003 0.05
v -0.0213605 0.0129896 0.05
v 0.0213605 0.0129896 0.05
v -0.0193928 0.0157772 0.05
v 0.0193928 0.0157772 0.05
v -0.0170638 0.0182709 0.05
v 0.0170638 0.0182709 0.05
v -0.014417 0.0204242 0.05
v 0.014417 0.0204242 0.05
v -0.0115016 0.0221971 0.05
v 0.0115016 0.0221971 0.05
v -0.00837199 0.0235565 0.05
v 0.00837199 0.0235565 0.05
v -0.0050864 0.0244771 0.05
v 0.0050864 0.0244771 0.05
v -0.00170606 0.0249417 0.05
v 0.00170606 0.0249417 0.05
v 0.0316228 -0.0147721 0.00260472
v 0.0315439 -0.0150279 0.00203507
v 0.0316228 -0.015 1.83697e-18
v 0.0312242 -0.0156814 0.00203507
v 0.0312242 -0.0156814 -0.00203507
v 0.0291926 -0.0192003 -0.00203507
v 0.0287978 -0.0189406 -0.00607769
v 0.0264042 -0.0221558 -0.00607769
v 0.0256852 -0.0215524 -0.0100381
v 0.0230094 -0.0243886 -0.0100381
v 0.0220541 -0.023376 -0.0138628
v 0.0191912 -0.0257783 -0.0138628
v 0.0181004 -0.0243131 -0.0175
v 0.0151554 -0.02625 -0.0175
v 0.0140372 -0.0243131 -0.0209006
v 0.0111197 -0.0257783 -0.0209006
v 0.0100834 -0.023376 -0.0240185
v 0.00730146 -0.0243886 -0.0240185
v 0.00645237 -0.0215524 -0.0268116
v 0.00390666 -0.0221558 -0.0268116
v 0.00333974 -0.0189406 -0.0292421
v 0.00111829 -0.0192003 -0.0292421
v 0.000913337 -0.0156814 -0.0312771
v -0.000913337 -0.0156814 -0.0312771
v -0.000696035 -0.0119505 -0.0328892
v -0.00207869 -0.0117888 -0.0328892
v -0.00140161 -0.00794893 -0.0340566
v -0.00231495 -0.00773247 -0.0340566
v -0.00116535 -0.00389255 -0.0347633
v -0.00160937 -0.00373094 -0.0347633
v -2.14313e-18 -2.62458e-34 -0.035
v 0.0316228 -0.0140954 0.0051303
v 0.030802 -0.0154693 0.00607769
v 0.0316228 -0.0147721 0.00260472
v 0.0312242 -0.0156814 0.00203507
v 0.0315439 -0.0150279 0.00203507
v 0.0310671 -0.0149298 0.00607769
v 0.0316228 -0.0129904 0.0075
v 0.0301718 -0.0146252 0.0100381
v 0.0315135 -0.0114514 0.0100381
v 0.0302038 -0.0109798 0.0138628
v 0.0316228 -0.00964181 0.0114907
v 0.0316228 -0.0075 0.0129904
v 0.0316228 -0.0114907 0.00964181
v 0.0312702 -0.00741602 0.0138628
v 0.0316228 -0.0051303 0.0140954
v 0.0294932 -0.00699313 0.0175
v 0.0301059 -0.00351888 0.0175
v 0.0273172 -0.00647586 0.0209006
v 0.0278845 -0.00325923 0.0209006
v 0.0247718 -0.00587122 0.0240185
v 0.0252859 -0.0029555 0.0240185
v 0.0247671 -0.00340417 0.0244949
v 0.025 0 0.0244949
v 0.0254581 4.20228e-20 0.0240185
v 0.0252859 0.0029555 0.0240185
v 0.0280743 3.31877e-19 0.0209006
v 0.0278845 0.00325923 0.0209006
v 0.0303109 6.66599e-19 0.0175
v 0.0301059 0.00351888 0.0175
v 0.0316228 0.00260472 0.0147721
v 0.0316228 0.0051303 0.0140954
v 0.0316228 -0.00260472 0.0147721
v 0.0316228 9.18485e-19 0.015
v 0.0316228 0.0075 0.0129904
v 0.0312702 0.00741602 0.0138628
v 0.0294932 0.00699313 0.0175
v 0.0273172 0.00647586 0.0209006
v 0.0247718 0.00587122 0.0240185
v 0.0247671 0.00340417 0.0244949
v 0.0316228 0.00964181 0.0114907
v 0.0302038 0.0109798 0.0138628
v 0.0284857 0.0103592 0.0175
v 0.0263826 0.00959815 0.0209006
v 0.0239229 0.00870669 0.0240185
v 0.0240729 0.00674492 0.0244949
v 0.0229303 0.00996003 0.0244949
v 0.0227502 0.0114256 0.0240185
v 0.0213605 0.0129896 0.0244949
v 0.0212699 0.0139894 0.0240185
v 0.0193928 0.0157772 0.0244949
v 0.019502 0.0163641 0.0240185
v 0.0170638 0.0182709 0.0244949
v 0.0174704 0.0185175 0.0240185
v 0.0152025 0.0204205 0.0240185
v 0.0192658 0.0204205 0.0209006
v 0.0167648 0.0225191 0.0209006
v 0.0208006 0.0220473 0.0175
v 0.0181004 0.0243131 0.0175
v 0.0220541 0.023376 0.0138628
v 0.0191912 0.0257783 0.0138628
v 0.0230094 0.0243886 0.0100381
v 0.0200225 0.0268949 0.0100381
v 0.0236536 0.0250713 0.00607769
v 0.020583 0.0276478 0.00607769
v 0.0239778 0.025415 0.00203507
v 0.0208652 0.0280268 0.00203507
v 0.0239778 0.025415 -0.00203507
v 0.0208652 0.0280268 -0.00203507
v 0.0236536 0.0250713 -0.00607769
v 0.020583 0.0276478 -0.00607769
v 0.0230094 0.0243886 -0.0100381
v 0.0200225 0.0268949 -0.0100381
v 0.0220541 0.023376 -0.0138628
v 0.0191912 0.0257783 -0.0138628
v 0.0208006 0.0220473 -0.0175
v 0.0181004 0.0243131 -0.0175
v 0.0192658 0.0204205 -0.0209006
v 0.0167648 0.0225191 -0.0209006
v 0.0174704 0.0185175 -0.0240185
v 0.0152025 0.0204205 -0.0240185
v 0.0154388 0.0163641 -0.0268116
v 0.0134346 0.0180458 -0.0268116
v 0.0131984 0.0139894 -0.0292421
v 0.011485 0.0154271 -0.0292421
v 0.0107795 0.0114256 -0.0312771
v 0.00938015 0.0125997 -0.0312771
v 0.0082148 0.00870718 -0.0328892
v 0.00714841 0.00960198 -0.0328892
v 0.00553904 0.00587104 -0.0340566
v 0.00482 0.00647438 -0.0340566
v 0.00278837 0.0029555 -0.0347633
v 0.00242641 0.00325923 -0.0347633
v -2.14313e-18 -2.62458e-34 -0.035
v 0.0302038 0.0109798 0.0138628
v 0.0316228 0.00964181 0.0114907
v 0.0315135 0.0114514 0.0100381
v 0.0316228 0.0114907 0.00964181
v 0.0316228 0.0129904 0.0075
v 0.0316228 0.0140954 0.0051303
v 0.030802 0.0154693 0.00607769
v 0.0299632 0.0150481 0.0100381
v 0.0316228 0.0147721 0.00260472
v 0.0312242 0.0156814 0.00203507
v 0.0287978 0.0189406 0.00607769
v 0.0291926 0.0192003 0.00203507
v 0.0264042 0.0221558 0.00607769
v 0.0267662 0.0224595 0.00203507
v 0.0236536 0.0250713 0.00607769
v 0.0239778 0.025415 0.00203507
v 0.0316228 0.015 0
v 0.0312242 0.0156814 -0.00203507
v 0.0291926 0.0192003 -0.00203507
v 0.0267662 0.0224595 -0.00203507
v 0.0239778 0.025415 -0.00203507
v 0.0316228 0.0147721 -0.00260472
v 0.0316228 0.0140954 -0.0051303
v 0.030802 0.0154693 -0.00607769
v 0.0316228 0.0129904 -0.0075
v 0.0299632 0.0150481 -0.0100381
v 0.0315136 0.0114512 -0.0100381
v 0.0302047 0.0109772 -0.0138628
v 0.0316228 0.00964181 -0.0114907
v 0.0312702 0.00741625 -0.0138628
v 0.0316228 0.0075 -0.0129904
v 0.0316228 0.0051303 -0.0140954
v 0.0316228 0.0114907 -0.00964181
v 0.0316228 0.00260472 -0.0147721
v 0.0301059 0.00351888 -0.0175
v 0.0294929 0.00699426 -0.0175
v 0.0303109 8.174e-19 -0.0175
v 0.0316228 9.18485e-19 -0.015
v 0.0316228 -0.00260472 -0.0147721
v 0.0301059 -0.00351888 -0.0175
v 0.0316228 -0.0051303 -0.0140954
v 0.0294929 -0.00699426 -0.0175
v 0.0312702 -0.00741625 -0.0138628
v 0.0302047 -0.0109772 -0.0138628
v 0.0316228 -0.0075 -0.0129904
v 0.0316228 -0.00964181 -0.0114907
v 0.0315136 -0.0114512 -0.0100381
v 0.0316228 -0.0114907 -0.00964181
v 0.0316228 -0.0129904 -0.0075
v 0.0316228 -0.0140954 -0.0051303
v 0.030802 -0.0154693 -0.00607769
v 0.0299632 -0.0150481 -0.0100381
v 0.0316228 -0.0147721 -0.00260472
v 0.0312242 -0.0156814 -0.00203507
v 0.0287978 -0.0189406 -0.00607769
v 0.0316228 -0.015 1.83697e-18
v -0.0316228 -0.0147721 -0.00260472
v -0.0312242 -0.0156814 -0.00203507
v -0.0316228 -0.015 -1.83697e-18
v -0.0312242 -0.0156814 0.00203507
v -0.0316228 -0.0147721 0.00260472
v -0.030802 -0.0154693 0.00607769
v -0.0316228 -0.0140954 0.0051303
v -0.0316228 -0.0129904 0.0075
v -0.0299632 -0.0150481 0.0100381
v -0.0315135 -0.0114514 0.0100381
v -0.0302038 -0.0109798 0.0138628
v -0.0316228 -0.00964181 0.0114907
v -0.0312702 -0.00741602 0.0138628
v -0.0316228 -0.0075 0.0129904
v -0.0316228 -0.0051303 0.0140954
v -0.0294932 -0.00699313 0.0175
v -0.0301059 -0.00351888 0.0175
v -0.0273172 -0.00647586 0.0209006
v -0.0278845 -0.00325923 0.0209006
v -0.0247718 -0.00587122 0.0240185
v -0.0252859 -0.0029555 0.0240185
v -0.0247671 -0.00340417 0.0244949
v -0.025 3.06162e-18 0.0244949
v -0.0316228 -0.0140954 -0.0051303
v -0.030802 -0.0154693 -0.00607769
v -0.0291926 -0.0192003 -0.00203507
v -0.0287978 -0.0189406 -0.00607769
v -0.0267662 -0.0224595 -0.00203507
v -0.0264042 -0.0221558 -0.00607769
v -0.0239778 -0.025415 -0.00203507
v -0.0236536 -0.0250713 -0.00607769
v -0.0208652 -0.0280268 -0.00203507
v -0.020583 -0.0276478 -0.00607769
v -0.0174704 -0.0302596 -0.00203507
v -0.0172341 -0.0298504 -0.00607769
v -0.0138393 -0.0320832 -0.00203507
v -0.0136522 -0.0316493 -0.00607769
v -0.0100211 -0.0334729 -0.00203507
v -0.00988561 -0.0330202 -0.00607769
v -0.0060674 -0.03441 -0.00203507
v -0.00598535 -0.0339446 -0.00607769
v -0.00203163 -0.0348817 -0.00203507
v -0.00200415 -0.03441 -0.00607769
v 0.00203163 -0.0348817 -0.00203507
v 0.00200415 -0.03441 -0.00607769
v 0.0060674 -0.03441 -0.00203507
v 0.00598535 -0.0339446 -0.00607769
v 0.0100211 -0.0334729 -0.00203507
v 0.00988561 -0.0330202 -0.00607769
v 0.0138393 -0.0320832 -0.00203507
v 0.0136522 -0.0316493 -0.00607769
v 0.0174704 -0.0302596 -0.00203507
v 0.0172341 -0.0298504 -0.00607769
v 0.0208652 -0.0280268 -0.00203507
v 0.020583 -0.0276478 -0.00607769
v 0.0239778 -0.025415 -0.00203507
v 0.0236536 -0.0250713 -0.00607769
v 0.0267662 -0.0224595 -0.00203507
v 0.0264042 -0.0221558 -0.00607769
v 0.0291926 -0.0192003 -0.00203507
v -0.0316228 -0.0140954 -0.0051303
v -0.0316228 -0.0129904 -0.0075
v -0.030802 -0.0154693 -0.00607769
v -0.0299632 -0.0150481 -0.0100381
v -0.0287978 -0.0189406 -0.00607769
v -0.0280136 -0.0184248 -0.0100381
v -0.0264042 -0.0221558 -0.00607769
v -0.0256852 -0.0215524 -0.0100381
v -0.0236536 -0.0250713 -0.00607769
v -0.0230094 -0.0243886 -0.0100381
v -0.020583 -0.0276478 -0.00607769
v -0.0200225 -0.0268949 -0.0100381
v -0.0172341 -0.0298504 -0.00607769
v -0.0167648 -0.0290375 -0.0100381
v -0.0136522 -0.0316493 -0.00607769
v -0.0132804 -0.0307874 -0.0100381
v -0.00988561 -0.0330202 -0.00607769
v -0.00961641 -0.032121 -0.0100381
v -0.00598535 -0.0339446 -0.00607769
v -0.00582236 -0.0330202 -0.0100381
v -0.00200415 -0.03441 -0.00607769
v -0.00194957 -0.0334729 -0.0100381
v 0.00200415 -0.03441 -0.00607769
v 0.00194957 -0.0334729 -0.0100381
v 0.00598535 -0.0339446 -0.00607769
v 0.00582236 -0.0330202 -0.0100381
v 0.00988561 -0.0330202 -0.00607769
v 0.00961641 -0.032121 -0.0100381
v 0.0136522 -0.0316493 -0.00607769
v 0.0132804 -0.0307874 -0.0100381
v 0.0172341 -0.0298504 -0.00607769
v 0.0167648 -0.0290375 -0.0100381
v 0.020583 -0.0276478 -0.00607769
v 0.0200225 -0.0268949 -0.0100381
v 0.0236536 -0.0250713 -0.00607769
v 0.0230094 -0.0243886 -0.0100381
v 0.0264042 -0.0221558 -0.00607769
v -0.0299632 -0.0150481 -0.0100381
v -0.0316228 -0.0129904 -0.0075
v -0.0315136 -0.0114512 -0.0100381
v -0.0316228 -0.0114907 -0.00964181
v -0.0316228 -0.00964181 -0.0114907
v -0.0316228 -0.0075 -0.0129904
v -0.0312702 -0.00741625 -0.0138628
v -0.0302047 -0.0109772 -0.0138628
v -0.0316228 -0.0051303 -0.0140954
v -0.0294929 -0.00699426 -0.0175
v -0.0284874 -0.0103546 -0.0175
v -0.0287192 -0.0144233 -0.0138628
v -0.0270868 -0.0136035 -0.0175
v -0.0268505 -0.0176599 -0.0138628
v -0.0253244 -0.0166561 -0.0175
v -0.0246188 -0.0206576 -0.0138628
v -0.0232195 -0.0194835 -0.0175
v -0.0220541 -0.023376 -0.0138628
v -0.0208006 -0.0220473 -0.0175
v -0.0191912 -0.0257783 -0.0138628
v -0.0181004 -0.0243131 -0.0175
v -0.0160688 -0.0278319 -0.0138628
v -0.0151554 -0.02625 -0.0175
v -0.012729 -0.0295092 -0.0138628
v -0.0120055 -0.0278319 -0.0175
v -0.00921716 -0.0307874 -0.0138628
v -0.00869326 -0.0290375 -0.0175
v -0.00558063 -0.0316493 -0.0138628
v -0.00526343 -0.0298504 -0.0175
v -0.00186863 -0.0320832 -0.0138628
v -0.00176242 -0.0302596 -0.0175
v 0.00186863 -0.0320832 -0.0138628
v 0.00176242 -0.0302596 -0.0175
v 0.00558063 -0.0316493 -0.0138628
v 0.00526343 -0.0298504 -0.0175
v 0.00921716 -0.0307874 -0.0138628
v 0.00869326 -0.0290375 -0.0175
v 0.012729 -0.0295092 -0.0138628
v 0.0120055 -0.0278319 -0.0175
v 0.0160688 -0.0278319 -0.0138628
v 0.0151554 -0.02625 -0.0175
v 0.0191912 -0.0257783 -0.0138628
v -0.0294929 -0.00699426 -0.0175
v -0.0316228 -0.0051303 -0.0140954
v -0.0301059 -0.00351888 -0.0175
v -0.0316228 -0.00260472 -0.0147721
v -0.0303109 3.71201e-18 -0.0175
v -0.0316228 9.18485e-19 -0.015
v -0.0316228 0.00260472 -0.0147721
v -0.0301059 0.00351888 -0.0175
v -0.0316228 0.0051303 -0.0140954
v -0.0294929 0.00699426 -0.0175
v -0.0312702 0.00741625 -0.0138628
v -0.0302047 0.0109772 -0.0138628
v -0.0316228 0.0075 -0.0129904
v -0.0316228 0.00964181 -0.0114907
v -0.0315136 0.0114512 -0.0100381
v -0.0316228 0.0114907 -0.00964181
v -0.0316228 0.0129904 -0.0075
v -0.0316228 0.0140954 -0.0051303
v -0.030802 0.0154693 -0.00607769
v -0.0299632 0.0150481 -0.0100381
v -0.0316228 0.0147721 -0.00260472
v -0.0312242 0.0156814 -0.00203507
v -0.0287978 0.0189406 -0.00607769
v -0.0291926 0.0192003 -0.00203507
v -0.0264042 0.0221558 -0.00607769
v -0.0267662 0.0224595 -0.00203507
v -0.0236536 0.0250713 -0.00607769
v -0.0239778 0.025415 -0.00203507
v -0.020583 0.0276478 -0.00607769
v -0.0208652 0.0280268 -0.00203507
v -0.0172341 0.0298504 -0.00607769
v -0.0174704 0.0302596 -0.00203507
v -0.0136522 0.0316493 -0.00607769
v -0.0138393 0.0320832 -0.00203507
v -0.00988561 0.0330202 -0.00607769
v -0.0100211 0.0334729 -0.00203507
v -0.00598535 0.0339446 -0.00607769
v -0.0060674 0.03441 -0.00203507
v -0.00200415 0.03441 -0.00607769
v -0.00203163 0.0348817 -0.00203507
v 0.00200415 0.03441 -0.00607769
v 0.00203163 0.0348817 -0.00203507
v 0.00598535 0.0339446 -0.00607769
v 0.0060674 0.03441 -0.00203507
v 0.00988561 0.0330202 -0.00607769
v 0.0100211 0.0334729 -0.00203507
v 0.0136522 0.0316493 -0.00607769
v 0.0138393 0.0320832 -0.00203507
v 0.0172341 0.0298504 -0.00607769
v 0.0174704 0.0302596 -0.00203507
v 0.020583 0.0276478 -0.00607769
v 0.0208652 0.0280268 -0.00203507
v -0.0316228 0.0147721 -0.00260472
v -0.0316228 0.015 0
v -0.0312242 0.0156814 -0.00203507
v -0.0312242 0.0156814 0.00203507
v -0.0291926 0.0192003 -0.00203507
v -0.0291926 0.0192003 0.00203507
v -0.0267662 0.0224595 -0.00203507
v -0.0267662 0.0224595 0.00203507
v -0.0239778 0.025415 -0.00203507
v -0.0239778 0.025415 0.00203507
v -0.0208652 0.0280268 -0.00203507
v -0.0208652 0.0280268 0.00203507
v -0.0174704 0.0302596 -0.00203507
v -0.0174704 0.0302596 0.00203507
v -0.0138393 0.0320832 -0.00203507
v -0.0138393 0.0320832 0.00203507
v -0.0100211 0.0334729 -0.00203507
v -0.0100211 0.0334729 0.00203507
v -0.0060674 0.03441 -0.00203507
v -0.0060674 0.03441 0.00203507
v -0.00203163 0.0348817 -0.00203507
v -0.00203163 0.0348817 0.00203507
v 0.00203163 0.0348817 -0.00203507
v 0.00203163 0.0348817 0.00203507
v 0.0060674 0.03441 -0.00203507
v 0.0060674 0.03441 0.00203507
v 0.0100211 0.0334729 -0.00203507
v 0.0100211 0.0334729 0.00203507
v 0.0138393 0.0320832 -0.00203507
v 0.0138393 0.0320832 0.00203507
v 0.0174704 0.0302596 -0.00203507
v 0.0174704 0.0302596 0.00203507
v 0.0208652 0.0280268 -0.00203507
v 0.0208652 0.0280268 0.00203507
v -0.0312242 0.0156814 0.00203507
v -0.0316228 0.015 0
v -0.0315439 0.0150279 0.00203507
v -0.0316228 0.0147721 0.00260472
v -0.030802 0.0154693 0.00607769
v -0.0291926 0.0192003 0.00203507
v -0.0287978 0.0189406 0.00607769
v -0.0267662 0.0224595 0.00203507
v -0.0264042 0.0221558 0.00607769
v -0.0239778 0.025415 0.00203507
v -0.0236536 0.0250713 0.00607769
v -0.0208652 0.0280268 0.00203507
v -0.020583 0.0276478 0.00607769
v -0.0174704 0.0302596 0.00203507
v -0.0172341 0.0298504 0.00607769
v -0.0138393 0.0320832 0.00203507
v -0.0136522 0.0316493 0.00607769
v -0.0100211 0.0334729 0.00203507
v -0.00988561 0.0330202 0.00607769
v -0.0060674 0.03441 0.00203507
v -0.00598535 0.0339446 0.00607769
v -0.00203163 0.0348817 0.00203507
v -0.00200415 0.03441 0.00607769
v 0.00203163 0.0348817 0.00203507
v 0.00200415 0.03441 0.00607769
v 0.0060674 0.03441 0.00203507
v 0.00598535 0.0339446 0.00607769
v 0.0100211 0.0334729 0.00203507
v 0.00988561 0.0330202 0.00607769
v 0.0138393 0.0320832 0.00203507
v 0.0136522 0.0316493 0.00607769
v 0.0174704 0.0302596 0.00203507
v 0.0172341 0.0298504 0.00607769
v 0.0208652 0.0280268 0.00203507
v 0.020583 0.0276478 0.00607769
v -0.0316228 0.0147721 0.00260472
v -0.0316228 0.0140954 0.0051303
v -0.030802 0.0154693 0.00607769
v -0.0310671 0.0149298 0.00607769
v -0.0301718 0.0146252 0.0100381
v -0.0316228 0.0129904 0.0075
v -0.0315135 0.0114514 0.0100381
v -0.0316228 0.0114907 0.00964181
v -0.0316228 0.00964181 0.0114907
v -0.0302038 0.0109798 0.0138628
v -0.0316228 0.0075 0.0129904
v -0.0312702 0.00741602 0.0138628
v -0.0316228 0.0051303 0.0140954
v -0.0294932 0.00699313 0.0175
v -0.0301059 0.00351888 0.0175
v -0.0273172 0.00647586 0.0209006
v -0.0278845 0.00325923 0.0209006
v -0.0247718 0.00587122 0.0240185
v -0.0252859 0.0029555 0.0240185
v -0.0247671 0.00340417 0.0244949
v -0.025 3.06162e-18 0.0244949
v -0.0254581 3.11772e-18 0.0240185
v -0.0252859 -0.0029555 0.0240185
v -0.0280743 3.43811e-18 0.0209006
v -0.0278845 -0.00325923 0.0209006
v -0.0303109 3.71201e-18 0.0175
v -0.0301059 -0.00351888 0.0175
v -0.0316228 -0.00260472 0.0147721
v -0.0316228 -0.0051303 0.0140954
v -0.0316228 0.00260472 0.0147721
v -0.0316228 9.18485e-19 0.015
v -0.0316228 -0.00964181 0.0114907
v -0.0316228 -0.0114907 0.00964181
v -0.0315135 -0.0114514 0.0100381
v -0.0316228 -0.0129904 0.0075
v -0.0240729 0.00674492 0.0244949
v -0.0239229 0.00870669 0.0240185
v -0.0263826 0.00959815 0.0209006
v -0.0251374 0.0125011 0.0209006
v -0.0271855 0.0134052 0.0175
v -0.0270868 0.0136035 0.0175
v -0.0287192 0.0144233 0.0138628
v -0.0268505 0.0176599 0.0138628
v -0.0280136 0.0184248 0.0100381
v -0.0256852 0.0215524 0.0100381
v -0.0264042 0.0221558 0.00607769
v -0.0236536 0.0250713 0.00607769
v -0.0229303 0.00996003 0.0244949
v -0.0227564 0.0114131 0.0240185
v -0.0250881 0.0125997 0.0209006
v -0.0253244 0.0166561 0.0175
v -0.0246188 0.0206576 0.0138628
v -0.0230094 0.0243886 0.0100381
v -0.020583 0.0276478 0.00607769
v -0.0227502 0.0114256 0.0240185
v -0.0213605 0.0129896 0.0244949
v -0.0212699 0.0139894 0.0240185
v -0.0193928 0.0157772 0.0244949
v -0.019502 0.0163641 0.0240185
v -0.0170638 0.0182709 0.0244949
v -0.0174704 0.0185175 0.0240185
v -0.0152025 0.0204205 0.0240185
v -0.0167648 0.0225191 0.0209006
v -0.0140372 0.0243131 0.0209006
v -0.0151554 0.02625 0.0175
v -0.0120055 0.0278319 0.0175
v -0.012729 0.0295092 0.0138628
v -0.00921716 0.0307874 0.0138628
v -0.00961641 0.032121 0.0100381
v -0.00582236 0.0330202 0.0100381
v -0.00598535 0.0339446 0.00607769
v -0.00200415 0.03441 0.00607769
v -0.014417 0.0204242 0.0244949
v -0.012729 0.0220473 0.0240185
v -0.0111197 0.0257783 0.0209006
v -0.00869326 0.0290375 0.0175
v -0.00558063 0.0316493 0.0138628
v -0.00194957 0.0334729 0.0100381
v 0.00200415 0.03441 0.00607769
v -0.0115016 0.0221971 0.0244949
v -0.0100834 0.023376 0.0240185
v -0.0080518 0.0268949 0.0209006
v -0.00526343 0.0298504 0.0175
v -0.00186863 0.0320832 0.0138628
v 0.00194957 0.0334729 0.0100381
v 0.00598535 0.0339446 0.00607769
v -0.00837199 0.0235565 0.0244949
v -0.00730146 0.0243886 0.0240185
v -0.00487505 0.0276478 0.0209006
v -0.00176242 0.0302596 0.0175
v 0.00186863 0.0320832 0.0138628
v 0.00582236 0.0330202 0.0100381
v 0.00988561 0.0330202 0.00607769
v -0.0050864 0.0244771 0.0244949
v -0.00442075 0.0250713 0.0240185
v -0.00163238 0.0280268 0.0209006
v 0.00176242 0.0302596 0.0175
v 0.00558063 0.0316493 0.0138628
v 0.00961641 0.032121 0.0100381
v 0.0136522 0.0316493 0.00607769
v -0.00170606 0.0249417 0.0244949
v -0.00148026 0.025415 0.0240185
v 0.00163238 0.0280268 0.0209006
v 0.00526343 0.0298504 0.0175
v 0.00921716 0.0307874 0.0138628
v 0.0132804 0.0307874 0.0100381
v 0.0172341 0.0298504 0.00607769
v 0.00170606 0.0249417 0.0244949
v 0.00148026 0.025415 0.0240185
v 0.00487505 0.0276478 0.0209006
v 0.00869326 0.0290375 0.0175
v 0.012729 0.0295092 0.0138628
v 0.0167648 0.0290375 0.0100381
v 0.020583 0.0276478 0.00607769
v 0.00442075 0.0250713 0.0240185
v 0.0050864 0.0244771 0.0244949
v 0.00730146 0.0243886 0.0240185
v 0.00837199 0.0235565 0.0244949
v 0.0100834 0.023376 0.0240185
v 0.0115016 0.0221971 0.0244949
v 0.012729 0.0220473 0.0240185
v 0.014417 0.0204242 0.0244949
v 0.0152025 0.0204205 0.0240185
v 0.0170638 0.0182709 0.0244949
v 0.0240729 0.00674492 0.0244949
v 0.0247671 0.00340417 0.0244949
v 0.0247718 0.00587122 0.0240185
v 0.0247671 -0.00340417 0.0244949
v 0.0240729 -0.00674492 0.0244949
v 0.0247718 -0.00587122 0.0240185
v 0.0239229 -0.00870669 0.0240185
v 0.0263826 -0.00959815 0.0209006
v 0.0251374 -0.0125011 0.0209006
v 0.0271855 -0.0134052 0.0175
v 0.0270868 -0.0136035 0.0175
v 0.0287192 -0.0144233 0.0138628
v 0.0268505 -0.0176599 0.0138628
v 0.0280136 -0.0184248 0.0100381
v 0.0256852 -0.0215524 0.0100381
v 0.0264042 -0.0221558 0.00607769
v 0.0236536 -0.0250713 0.00607769
v 0.0239778 -0.025415 0.00203507
v 0.0208652 -0.0280268 0.00203507
v 0.0208652 -0.0280268 -0.00203507
v 0.0174704 -0.0302596 -0.00203507
v 0.0229303 -0.00996003 0.0244949
v 0.0227564 -0.0114131 0.0240185
v 0.0250881 -0.0125997 0.0209006
v 0.0253244 -0.0166561 0.0175
v 0.0246188 -0.0206576 0.0138628
v 0.0230094 -0.0243886 0.0100381
v 0.020583 -0.0276478 0.00607769
v 0.0174704 -0.0302596 0.00203507
v 0.0138393 -0.0320832 -0.00203507
v 0.0227502 -0.0114256 0.0240185
v 0.0213605 -0.0129896 0.0244949
v 0.0212699 -0.0139894 0.0240185
v 0.0193928 -0.0157772 0.0244949
v 0.019502 -0.0163641 0.0240185
v 0.0170638 -0.0182709 0.0244949
v 0.0174704 -0.0185175 0.0240185
v 0.0152025 -0.0204205 0.0240185
v 0.0167648 -0.0225191 0.0209006
v 0.0140372 -0.0243131 0.0209006
v 0.0151554 -0.02625 0.0175
v 0.0120055 -0.0278319 0.0175
v 0.012729 -0.0295092 0.0138628
v 0.00921716 -0.0307874 0.0138628
v 0.00961641 -0.032121 0.0100381
v 0.00582236 -0.0330202 0.0100381
v 0.00598535 -0.0339446 0.00607769
v 0.00200415 -0.03441 0.00607769
v 0.00203163 -0.0348817 0.00203507
v -0.00203163 -0.0348817 0.00203507
v -0.00203163 -0.0348817 -0.00203507
v -0.0060674 -0.03441 -0.00203507
v 0.014417 -0.0204242 0.0244949
v 0.012729 -0.0220473 0.0240185
v 0.0111197 -0.0257783 0.0209006
v 0.00869326 -0.0290375 0.0175
v 0.00558063 -0.0316493 0.0138628
v 0.00194957 -0.0334729 0.0100381
v -0.00200415 -0.03441 0.00607769
v -0.0060674 -0.03441 0.00203507
v -0.0100211 -0.0334729 -0.00203507
v 0.0115016 -0.0221971 0.0244949
v 0.0100834 -0.023376 0.0240185
v 0.0080518 -0.0268949 0.0209006
v 0.00526343 -0.0298504 0.0175
v 0.00186863 -0.0320832 0.0138628
v -0.00194957 -0.0334729 0.0100381
v -0.00598535 -0.0339446 0.00607769
v -0.0100211 -0.0334729 0.00203507
v -0.0138393 -0.0320832 -0.00203507
v 0.00837199 -0.0235565 0.0244949
v 0.00730146 -0.0243886 0.0240185
v 0.00487505 -0.0276478 0.0209006
v 0.00176242 -0.0302596 0.0175
v -0.00186863 -0.0320832 0.0138628
v -0.00582236 -0.0330202 0.0100381
v -0.00988561 -0.0330202 0.00607769
v -0.0138393 -0.0320832 0.00203507
v -0.0174704 -0.0302596 -0.00203507
v 0.0050864 -0.0244771 0.0244949
v 0.00442075 -0.0250713 0.0240185
v 0.00163238 -0.0280268 0.0209006
v -0.00176242 -0.0302596 0.0175
v -0.00558063 -0.0316493 0.0138628
v -0.00961641 -0.032121 0.0100381
v -0.0136522 -0.0316493 0.00607769
v -0.0174704 -0.0302596 0.00203507
v -0.0208652 -0.0280268 -0.00203507
v 0.00170606 -0.0249417 0.0244949
v 0.00148026 -0.025415 0.0240185
v -0.00163238 -0.0280268 0.0209006
v -0.00526343 -0.0298504 0.0175
v -0.00921716 -0.0307874 0.0138628
v -0.0132804 -0.0307874 0.0100381
v -0.0172341 -0.0298504 0.00607769
v -0.0208652 -0.0280268 0.00203507
v -0.0239778 -0.025415 -0.00203507
v -0.00170606 -0.0249417 0.0244949
v -0.00148026 -0.025415 0.0240185
v -0.00487505 -0.0276478 0.0209006
v -0.00869326 -0.0290375 0.0175
v -0.012729 -0.0295092 0.0138628
v -0.0167648 -0.0290375 0.0100381
v -0.020583 -0.0276478 0.00607769
v -0.0239778 -0.025415 0.00203507
v -0.0267662 -0.0224595 -0.00203507
v -0.00442075 -0.0250713 0.0240185
v -0.0050864 -0.0244771 0.0244949
v -0.00730146 -0.0243886 0.0240185
v -0.00837199 -0.0235565 0.0244949
v -0.0100834 -0.023376 0.0240185
v -0.0115016 -0.0221971 0.0244949
v -0.012729 -0.0220473 0.0240185
v -0.014417 -0.0204242 0.0244949
v -0.0152025 -0.0204205 0.0240185
v -0.0170638 -0.0182709 0.0244949
v -0.0174704 -0.0185175 0.0240185
v -0.019502 -0.0163641 0.0240185
v -0.0215062 -0.0180458 0.0209006
v -0.0234557 -0.0154271 0.0209006
v -0.0253244 -0.0166561 0.0175
v -0.0270868 -0.0136035 0.0175
v -0.0287192 -0.0144233 0.0138628
v -0.0284857 -0.0103592 0.0175
v -0.0302038 -0.0109798 0.0138628
v -0.0294932 -0.00699313 0.0175
v -0.0312702 -0.00741602 0.0138628
v -0.0193928 -0.0157772 0.0244949
v -0.0212699 -0.0139894 0.0240185
v -0.0250881 -0.0125997 0.0209006
v -0.0263826 -0.00959815 0.0209006
v -0.0273172 -0.00647586 0.0209006
v -0.0213605 -0.0129896 0.0244949
v -0.0227502 -0.0114256 0.0240185
v -0.0239229 -0.00870669 0.0240185
v -0.0247718 -0.00587122 0.0240185
v -0.0229303 -0.00996003 0.0244949
v -0.0240729 -0.00674492 0.0244949
v -0.0247671 -0.00340417 0.0244949
v -0.00406325 4.97605e-19 -0.0347633
v -2.14313e-18 -2.62458e-34 -0.035
v -0.00403578 -0.000471715 -0.0347633
v -0.00381827 -0.00138953 -0.0347633
v -0.00363105 -0.00182358 -0.0347633
v -0.0033948 -0.00223279 -0.0347633
v -0.00311263 -0.00261181 -0.0347633
v -0.00278837 -0.0029555 -0.0347633
v -0.00242641 -0.00325923 -0.0347633
v -0.00203163 -0.00351888 -0.0347633
v -0.00160937 -0.00373094 -0.0347633
v -0.00116535 -0.00389255 -0.0347633
v -0.000705576 -0.00400152 -0.0347633
v -0.000236257 -0.00405638 -0.0347633
v 0.000236257 -0.00405638 -0.0347633
v 0.000705576 -0.00400152 -0.0347633
v 0.00116535 -0.00389255 -0.0347633
v 0.00160937 -0.00373094 -0.0347633
v 0.00203163 -0.00351888 -0.0347633
v 0.00242641 -0.00325923 -0.0347633
v 0.00278837 -0.0029555 -0.0347633
v 0.00311263 -0.00261181 -0.0347633
v 0.0033948 -0.00223279 -0.0347633
v 0.00363105 -0.00182358 -0.0347633
v 0.00395371 -0.000937111 -0.0347633
v 0.00403578 -0.000471715 -0.0347633
v 0.00406325 1.21749e-20 -0.0347633
v 0.00403578 0.000471715 -0.0347633
v 0.00381827 0.00138953 -0.0347633
v -2.14313e-18 -2.62458e-34 -0.035
v 0.00363105 0.00182358 -0.0347633
v 0.0033948 0.00223279 -0.0347633
v 0.00311263 0.00261181 -0.0347633
v 0.00278837 0.0029555 -0.0347633
v 0.00242641 0.00325923 -0.0347633
v 0.00203163 0.00351888 -0.0347633
v 0.00160937 0.00373094 -0.0347633
v 0.00116535 0.00389255 -0.0347633
v 0.000705576 0.00400152 -0.0347633
v 0.000236257 0.00405638 -0.0347633
v -0.000236257 0.00405638 -0.0347633
v -0.000705576 0.00400152 -0.0347633
v -0.00116535 0.00389255 -0.0347633
v -0.00160937 0.00373094 -0.0347633
v -0.00203163 0.00351888 -0.0347633
v -0.00242641 0.00325923 -0.0347633
v -0.00278837 0.0029555 -0.0347633
v -0.00311263 0.00261181 -0.0347633
v -0.0033948 0.00223279 -0.0347633
v -0.00363105 0.00182358 -0.0347633
v -0.00395371 0.000937111 -0.0347633
v -0.00403578 0.000471715 -0.0347633
v -0.00406325 4.97605e-19 -0.0347633
v -0.00807156 9.8848e-19 -0.0340566
v -0.00801698 0.00093705 -0.0340566
v -0.00785393 0.00186167 -0.0340566
v -0.00758505 0.00275991 -0.0340566
v -0.0112494 0.0040926 -0.0328892
v -0.0106974 0.00537244 -0.0328892
v -0.0140372 0.00704972 -0.0312771
v -0.0100014 0.00657801 -0.0328892
v -0.0131238 0.00863167 -0.0312771
v -0.00917009 0.00769462 -0.0328892
v -0.012033 0.0100969 -0.0312771
v -0.0082148 0.00870718 -0.0328892
v -0.0107795 0.0114256 -0.0312771
v -0.00714841 0.00960198 -0.0328892
v -0.00938015 0.0125997 -0.0312771
v -0.00598535 0.0103669 -0.0328892
v -0.00785399 0.0136035 -0.0312771
v -0.00474135 0.0109917 -0.0328892
v -0.00622161 0.0144233 -0.0312771
v -0.00343324 0.0114678 -0.0328892
v -0.0045051 0.0150481 -0.0312771
v -0.00207869 0.0117888 -0.0328892
v -0.00272766 0.0154693 -0.0312771
v -0.000696035 0.0119505 -0.0328892
v -0.000913337 0.0156814 -0.0312771
v 0.000696035 0.0119505 -0.0328892
v 0.000913337 0.0156814 -0.0312771
v 0.00207869 0.0117888 -0.0328892
v 0.00272766 0.0154693 -0.0312771
v 0.00343324 0.0114678 -0.0328892
v 0.0045051 0.0150481 -0.0312771
v 0.00474135 0.0109917 -0.0328892
v 0.00622161 0.0144233 -0.0312771
v 0.00598535 0.0103669 -0.0328892
v 0.00785399 0.0136035 -0.0312771
v 0.00714841 0.00960198 -0.0328892
v 0.00938015 0.0125997 -0.0312771
v -0.00807156 9.8848e-19 -0.0340566
v -0.0119707 1.46599e-18 -0.0328892
v -0.00801698 0.00093705 -0.0340566
v -0.0118898 0.00138971 -0.0328892
v -0.00785393 0.00186167 -0.0340566
v -0.0116479 0.00276117 -0.0328892
v -0.0112494 0.0040926 -0.0328892
v -0.0147617 0.00536961 -0.0312771
v -0.0140372 0.00704972 -0.0312771
v -0.0171871 0.00863167 -0.0292421
v -0.0131238 0.00863167 -0.0312771
v -0.0160688 0.0105686 -0.0292421
v -0.012033 0.0100969 -0.0312771
v -0.0147332 0.0123626 -0.0292421
v -0.0107795 0.0114256 -0.0312771
v -0.0131984 0.0139894 -0.0292421
v -0.00938015 0.0125997 -0.0312771
v -0.011485 0.0154271 -0.0292421
v -0.00785399 0.0136035 -0.0312771
v -0.00961641 0.0166561 -0.0292421
v -0.00622161 0.0144233 -0.0312771
v -0.00761773 0.0176599 -0.0292421
v -0.0045051 0.0150481 -0.0312771
v -0.00551603 0.0184248 -0.0292421
v -0.00272766 0.0154693 -0.0312771
v -0.00333974 0.0189406 -0.0292421
v -0.000913337 0.0156814 -0.0312771
v -0.00111829 0.0192003 -0.0292421
v 0.000913337 0.0156814 -0.0312771
v 0.00111829 0.0192003 -0.0292421
v 0.00272766 0.0154693 -0.0312771
v 0.00333974 0.0189406 -0.0292421
v 0.0045051 0.0150481 -0.0312771
v 0.00551603 0.0184248 -0.0292421
v 0.00622161 0.0144233 -0.0312771
v 0.00761773 0.0176599 -0.0292421
v 0.00785399 0.0136035 -0.0312771
v 0.00961641 0.0166561 -0.0292421
v 0.00938015 0.0125997 -0.0312771
v 0.011485 0.0154271 -0.0292421
v -0.00807156 9.8848e-19 -0.0340566
v -0.00406325 4.97605e-19 -0.0347633
v -0.00801698 -0.00093705 -0.0340566
v -0.00403578 -0.000471715 -0.0347633
v -0.00395371 -0.000937111 -0.0347633
v -2.14313e-18 -2.62458e-34 -0.035
v -0.00381827 -0.00138953 -0.0347633
v -0.0119707 1.46599e-18 -0.0328892
v -0.015708 1.92367e-18 -0.0312771
v -0.0118898 0.00138971 -0.0328892
v -0.0156018 0.00182358 -0.0312771
v -0.0116479 0.00276117 -0.0328892
v -0.0152843 0.00362345 -0.0312771
v -0.0147617 0.00536961 -0.0312771
v -0.0180745 0.00657367 -0.0292421
v -0.0171871 0.00863167 -0.0292421
v -0.0201046 0.0100969 -0.0268116
v -0.0160688 0.0105686 -0.0292421
v -0.0187964 0.0123626 -0.0268116
v -0.0147332 0.0123626 -0.0292421
v -0.0172341 0.0144612 -0.0268116
v -0.0131984 0.0139894 -0.0292421
v -0.0154388 0.0163641 -0.0268116
v -0.011485 0.0154271 -0.0292421
v -0.0134346 0.0180458 -0.0268116
v -0.00961641 0.0166561 -0.0292421
v -0.0112488 0.0194835 -0.0268116
v -0.00761773 0.0176599 -0.0292421
v -0.00891083 0.0206576 -0.0268116
v -0.00551603 0.0184248 -0.0292421
v -0.00645237 0.0215524 -0.0268116
v -0.00333974 0.0189406 -0.0292421
v -0.00390666 0.0221558 -0.0268116
v -0.00111829 0.0192003 -0.0292421
v -0.00130812 0.0224595 -0.0268116
v 0.00111829 0.0192003 -0.0292421
v 0.00130812 0.0224595 -0.0268116
v 0.00333974 0.0189406 -0.0292421
v 0.00390666 0.0221558 -0.0268116
v 0.00551603 0.0184248 -0.0292421
v 0.00645237 0.0215524 -0.0268116
v 0.00761773 0.0176599 -0.0292421
v 0.00891083 0.0206576 -0.0268116
v 0.00961641 0.0166561 -0.0292421
v 0.0112488 0.0194835 -0.0268116
v 0.011485 0.0154271 -0.0292421
v 0.0134346 0.0180458 -0.0268116
v -0.0119707 1.46599e-18 -0.0328892
v -0.00807156 9.8848e-19 -0.0340566
v -0.0118898 -0.00138971 -0.0328892
v -0.00801698 -0.00093705 -0.0340566
v -0.00785393 -0.00186167 -0.0340566
v -0.00395371 -0.000937111 -0.0347633
v -0.00758505 -0.00275991 -0.0340566
v -0.00381827 -0.00138953 -0.0347633
v -0.00721301 -0.00362251 -0.0340566
v -0.00363105 -0.00182358 -0.0347633
v -0.00674369 -0.00443539 -0.0340566
v -0.0033948 -0.00223279 -0.0347633
v -0.00618317 -0.0051883 -0.0340566
v -0.00311263 -0.00261181 -0.0347633
v -0.00553904 -0.00587104 -0.0340566
v -0.00278837 -0.0029555 -0.0347633
v -0.00482 -0.00647438 -0.0340566
v -0.00242641 -0.00325923 -0.0347633
v -0.00403578 -0.00699017 -0.0340566
v -0.00203163 -0.00351888 -0.0347633
v -0.00319698 -0.00741143 -0.0340566
v -0.00160937 -0.00373094 -0.0347633
v -0.00231495 -0.00773247 -0.0340566
v -0.015708 1.92367e-18 -0.0312771
v -0.0192328 2.35534e-18 -0.0292421
v -0.0156018 0.00182358 -0.0312771
v -0.0191028 0.00223279 -0.0292421
v -0.0152843 0.00362345 -0.0312771
v -0.018714 0.00443683 -0.0292421
v -0.0180745 0.00657367 -0.0292421
v -0.021143 0.00768853 -0.0268116
v -0.0201046 0.0100969 -0.0268116
v -0.0227502 0.0114256 -0.0240185
v -0.0187964 0.0123626 -0.0268116
v -0.0212699 0.0139894 -0.0240185
v -0.0172341 0.0144612 -0.0268116
v -0.019502 0.0163641 -0.0240185
v -0.0154388 0.0163641 -0.0268116
v -0.0174704 0.0185175 -0.0240185
v -0.0134346 0.0180458 -0.0268116
v -0.0152025 0.0204205 -0.0240185
v -0.0112488 0.0194835 -0.0268116
v -0.012729 0.0220473 -0.0240185
v -0.00891083 0.0206576 -0.0268116
v -0.0100834 0.023376 -0.0240185
v -0.00645237 0.0215524 -0.0268116
v -0.00730146 0.0243886 -0.0240185
v -0.00390666 0.0221558 -0.0268116
v -0.00442075 0.0250713 -0.0240185
v -0.00130812 0.0224595 -0.0268116
v -0.00148026 0.025415 -0.0240185
v 0.00130812 0.0224595 -0.0268116
v 0.00148026 0.025415 -0.0240185
v 0.00390666 0.0221558 -0.0268116
v 0.00442075 0.0250713 -0.0240185
v 0.00645237 0.0215524 -0.0268116
v 0.00730146 0.0243886 -0.0240185
v 0.00891083 0.0206576 -0.0268116
v 0.0100834 0.023376 -0.0240185
v 0.0112488 0.0194835 -0.0268116
v 0.012729 0.0220473 -0.0240185
v 0.0134346 0.0180458 -0.0268116
v 0.0152025 0.0204205 -0.0240185
v -0.015708 1.92367e-18 -0.0312771
v -0.0119707 1.46599e-18 -0.0328892
v -0.0156018 -0.00182358 -0.0312771
v -0.0118898 -0.00138971 -0.0328892
v -0.0116479 -0.00276117 -0.0328892
v -0.00785393 -0.00186167 -0.0340566
v -0.0112494 -0.0040926 -0.0328892
v -0.00758505 -0.00275991 -0.0340566
v -0.0106974 -0.00537244 -0.0328892
v -0.00721301 -0.00362251 -0.0340566
v -0.0100014 -0.00657801 -0.0328892
v -0.00674369 -0.00443539 -0.0340566
v -0.00917009 -0.00769462 -0.0328892
v -0.00618317 -0.0051883 -0.0340566
v -0.0082148 -0.00870718 -0.0328892
v -0.00553904 -0.00587104 -0.0340566
v -0.00714841 -0.00960198 -0.0328892
v -0.00482 -0.00647438 -0.0340566
v -0.00598535 -0.0103669 -0.0328892
v -0.00403578 -0.00699017 -0.0340566
v -0.00474135 -0.0109917 -0.0328892
v -0.00319698 -0.00741143 -0.0340566
v -0.00343324 -0.0114678 -0.0328892
v -0.00231495 -0.00773247 -0.0340566
v -0.00207869 -0.0117888 -0.0328892
v -0.0192328 2.35534e-18 -0.0292421
v -0.0224976 2.75516e-18 -0.0268116
v -0.0191028 0.00223279 -0.0292421
v -0.0223454 0.00261181 -0.0268116
v -0.018714 0.00443683 -0.0292421
v -0.0218907 0.00519032 -0.0268116
v -0.021143 0.00768853 -0.0268116
v -0.0239257 0.00869913 -0.0240185
v -0.0227502 0.0114256 -0.0240185
v -0.0250881 0.0125997 -0.0209006
v -0.0212699 0.0139894 -0.0240185
v -0.0234557 0.0154271 -0.0209006
v -0.019502 0.0163641 -0.0240185
v -0.0215062 0.0180458 -0.0209006
v -0.0174704 0.0185175 -0.0240185
v -0.0192658 0.0204205 -0.0209006
v -0.0152025 0.0204205 -0.0240185
v -0.0167648 0.0225191 -0.0209006
v -0.012729 0.0220473 -0.0240185
v -0.0140372 0.0243131 -0.0209006
v -0.0100834 0.023376 -0.0240185
v -0.0111197 0.0257783 -0.0209006
v -0.00730146 0.0243886 -0.0240185
v -0.0080518 0.0268949 -0.0209006
v -0.00442075 0.0250713 -0.0240185
v -0.00487505 0.0276478 -0.0209006
v -0.00148026 0.025415 -0.0240185
v -0.00163238 0.0280268 -0.0209006
v 0.00148026 0.025415 -0.0240185
v 0.00163238 0.0280268 -0.0209006
v 0.00442075 0.0250713 -0.0240185
v 0.00487505 0.0276478 -0.0209006
v 0.00730146 0.0243886 -0.0240185
v 0.0080518 0.0268949 -0.0209006
v 0.0100834 0.023376 -0.0240185
v 0.0111197 0.0257783 -0.0209006
v 0.012729 0.0220473 -0.0240185
v 0.0140372 0.0243131 -0.0209006
v 0.0152025 0.0204205 -0.0240185
v 0.0167648 0.0225191 -0.0209006
v -0.0192328 2.35534e-18 -0.0292421
v -0.015708 1.92367e-18 -0.0312771
v -0.0191028 -0.00223279 -0.0292421
v -0.0156018 -0.00182358 -0.0312771
v -0.0152843 -0.00362345 -0.0312771
v -0.0116479 -0.00276117 -0.0328892
v -0.0147617 -0.00536961 -0.0312771
v -0.0112494 -0.0040926 -0.0328892
v -0.0140372 -0.00704972 -0.0312771
v -0.0106974 -0.00537244 -0.0328892
v -0.0131238 -0.00863167 -0.0312771
v -0.0100014 -0.00657801 -0.0328892
v -0.012033 -0.0100969 -0.0312771
v -0.00917009 -0.00769462 -0.0328892
v -0.0107795 -0.0114256 -0.0312771
v -0.0082148 -0.00870718 -0.0328892
v -0.00938015 -0.0125997 -0.0312771
v -0.00714841 -0.00960198 -0.0328892
v -0.00785399 -0.0136035 -0.0312771
v -0.00598535 -0.0103669 -0.0328892
v -0.00622161 -0.0144233 -0.0312771
v -0.00474135 -0.0109917 -0.0328892
v -0.0045051 -0.0150481 -0.0312771
v -0.00343324 -0.0114678 -0.0328892
v -0.00272766 -0.0154693 -0.0312771
v -0.00207869 -0.0117888 -0.0328892
v -0.000913337 -0.0156814 -0.0312771
v -0.0224976 2.75516e-18 -0.0268116
v -0.0254581 3.11772e-18 -0.0240185
v -0.0223454 0.00261181 -0.0268116
v -0.0252859 0.0029555 -0.0240185
v -0.0218907 0.00519032 -0.0268116
v -0.0247712 0.00587371 -0.0240185
v -0.0239257 0.00869913 -0.0240185
v -0.0263849 0.00959185 -0.0209006
v -0.0250881 0.0125997 -0.0209006
v -0.0270868 0.0136035 -0.0175
v -0.0234557 0.0154271 -0.0209006
v -0.0253244 0.0166561 -0.0175
v -0.0215062 0.0180458 -0.0209006
v -0.0232195 0.0194835 -0.0175
v -0.0192658 0.0204205 -0.0209006
v -0.0208006 0.0220473 -0.0175
v -0.0167648 0.0225191 -0.0209006
v -0.0181004 0.0243131 -0.0175
v -0.0140372 0.0243131 -0.0209006
v -0.0151554 0.02625 -0.0175
v -0.0111197 0.0257783 -0.0209006
v -0.0120055 0.0278319 -0.0175
v -0.0080518 0.0268949 -0.0209006
v -0.00869326 0.0290375 -0.0175
v -0.00487505 0.0276478 -0.0209006
v -0.00526343 0.0298504 -0.0175
v -0.00163238 0.0280268 -0.0209006
v -0.00176242 0.0302596 -0.0175
v 0.00163238 0.0280268 -0.0209006
v 0.00176242 0.0302596 -0.0175
v 0.00487505 0.0276478 -0.0209006
v 0.00526343 0.0298504 -0.0175
v 0.0080518 0.0268949 -0.0209006
v 0.00869326 0.0290375 -0.0175
v 0.0111197 0.0257783 -0.0209006
v 0.0120055 0.0278319 -0.0175
v 0.0140372 0.0243131 -0.0209006
v 0.0151554 0.02625 -0.0175
v 0.0167648 0.0225191 -0.0209006
v 0.0181004 0.0243131 -0.0175
v -0.0224976 2.75516e-18 -0.0268116
v -0.0192328 2.35534e-18 -0.0292421
v -0.0223454 -0.00261181 -0.0268116
v -0.0191028 -0.00223279 -0.0292421
v -0.018714 -0.00443683 -0.0292421
v -0.0152843 -0.00362345 -0.0312771
v -0.0180745 -0.00657367 -0.0292421
v -0.0147617 -0.00536961 -0.0312771
v -0.0171871 -0.00863167 -0.0292421
v -0.0140372 -0.00704972 -0.0312771
v -0.0160688 -0.0105686 -0.0292421
v -0.0131238 -0.00863167 -0.0312771
v -0.0147332 -0.0123626 -0.0292421
v -0.012033 -0.0100969 -0.0312771
v -0.0131984 -0.0139894 -0.0292421
v -0.0107795 -0.0114256 -0.0312771
v -0.011485 -0.0154271 -0.0292421
v -0.00938015 -0.0125997 -0.0312771
v -0.00961641 -0.0166561 -0.0292421
v -0.00785399 -0.0136035 -0.0312771
v -0.00761773 -0.0176599 -0.0292421
v -0.00622161 -0.0144233 -0.0312771
v -0.00551603 -0.0184248 -0.0292421
v -0.0045051 -0.0150481 -0.0312771
v -0.00333974 -0.0189406 -0.0292421
v -0.00272766 -0.0154693 -0.0312771
v -0.00111829 -0.0192003 -0.0292421
v -0.000913337 -0.0156814 -0.0312771
v 0.00111829 -0.0192003 -0.0292421
v -0.0254581 3.11772e-18 -0.0240185
v -0.0280743 3.43811e-18 -0.0209006
v -0.0252859 0.0029555 -0.0240185
v -0.0278845 0.00325923 -0.0209006
v -0.0247712 0.00587371 -0.0240185
v -0.0273168 0.00647775 -0.0209006
v -0.0263849 0.00959185 -0.0209006
v -0.0284874 0.0103546 -0.0175
v -0.0270868 0.0136035 -0.0175
v -0.0287192 0.0144233 -0.0138628
v -0.0253244 0.0166561 -0.0175
v -0.0268505 0.0176599 -0.0138628
v -0.0232195 0.0194835 -0.0175
v -0.0246188 0.0206576 -0.0138628
v -0.0208006 0.0220473 -0.0175
v -0.0220541 0.023376 -0.0138628
v -0.0181004 0.0243131 -0.0175
v -0.0191912 0.0257783 -0.0138628
v -0.0151554 0.02625 -0.0175
v -0.0160688 0.0278319 -0.0138628
v -0.0120055 0.0278319 -0.0175
v -0.012729 0.0295092 -0.0138628
v -0.00869326 0.0290375 -0.0175
v -0.00921716 0.0307874 -0.0138628
v -0.00526343 0.0298504 -0.0175
v -0.00558063 0.0316493 -0.0138628
v -0.00176242 0.0302596 -0.0175
v -0.00186863 0.0320832 -0.0138628
v 0.00176242 0.0302596 -0.0175
v 0.00186863 0.0320832 -0.0138628
v 0.00526343 0.0298504 -0.0175
v 0.00558063 0.0316493 -0.0138628
v 0.00869326 0.0290375 -0.0175
v 0.00921716 0.0307874 -0.0138628
v 0.0120055 0.0278319 -0.0175
v 0.012729 0.0295092 -0.0138628
v 0.0151554 0.02625 -0.0175
v 0.0160688 0.0278319 -0.0138628
v 0.0181004 0.0243131 -0.0175
v 0.0191912 0.0257783 -0.0138628
v -0.0254581 3.11772e-18 -0.0240185
v -0.0224976 2.75516e-18 -0.0268116
v -0.0252859 -0.0029555 -0.0240185
v -0.0223454 -0.00261181 -0.0268116
v -0.0218907 -0.00519032 -0.0268116
v -0.018714 -0.00443683 -0.0292421
v -0.021143 -0.00768853 -0.0268116
v -0.0180745 -0.00657367 -0.0292421
v -0.0201046 -0.0100969 -0.0268116
v -0.0171871 -0.00863167 -0.0292421
v -0.0187964 -0.0123626 -0.0268116
v -0.0160688 -0.0105686 -0.0292421
v -0.0172341 -0.0144612 -0.0268116
v -0.0147332 -0.0123626 -0.0292421
v -0.0154388 -0.0163641 -0.0268116
v -0.0131984 -0.0139894 -0.0292421
v -0.0134346 -0.0180458 -0.0268116
v -0.011485 -0.0154271 -0.0292421
v -0.0112488 -0.0194835 -0.0268116
v -0.00961641 -0.0166561 -0.0292421
v -0.00891083 -0.0206576 -0.0268116
v -0.00761773 -0.0176599 -0.0292421
v -0.00645237 -0.0215524 -0.0268116
v -0.00551603 -0.0184248 -0.0292421
v -0.00390666 -0.0221558 -0.0268116
v -0.00333974 -0.0189406 -0.0292421
v -0.00130812 -0.0224595 -0.0268116
v -0.00111829 -0.0192003 -0.0292421
v 0.00130812 -0.0224595 -0.0268116
v 0.00111829 -0.0192003 -0.0292421
v 0.00390666 -0.0221558 -0.0268116
v -0.0280743 3.43811e-18 -0.0209006
v -0.0303109 3.71201e-18 -0.0175
v -0.0278845 0.00325923 -0.0209006
v -0.0301059 0.00351888 -0.0175
v -0.0273168 0.00647775 -0.0209006
v -0.0294929 0.00699426 -0.0175
v -0.0284874 0.0103546 -0.0175
v -0.0302047 0.0109772 -0.0138628
v -0.0287192 0.0144233 -0.0138628
v -0.0299632 0.0150481 -0.0100381
v -0.0268505 0.0176599 -0.0138628
v -0.0280136 0.0184248 -0.0100381
v -0.0246188 0.0206576 -0.0138628
v -0.0256852 0.0215524 -0.0100381
v -0.0220541 0.023376 -0.0138628
v -0.0230094 0.0243886 -0.0100381
v -0.0191912 0.0257783 -0.0138628
v -0.0200225 0.0268949 -0.0100381
v -0.0160688 0.0278319 -0.0138628
v -0.0167648 0.0290375 -0.0100381
v -0.012729 0.0295092 -0.0138628
v -0.0132804 0.0307874 -0.0100381
v -0.00921716 0.0307874 -0.0138628
v -0.00961641 0.032121 -0.0100381
v -0.00558063 0.0316493 -0.0138628
v -0.00582236 0.0330202 -0.0100381
v -0.00186863 0.0320832 -0.0138628
v -0.00194957 0.0334729 -0.0100381
v 0.00186863 0.0320832 -0.0138628
v 0.00194957 0.0334729 -0.0100381
v 0.00558063 0.0316493 -0.0138628
v 0.00582236 0.0330202 -0.0100381
v 0.00921716 0.0307874 -0.0138628
v 0.00961641 0.032121 -0.0100381
v 0.012729 0.0295092 -0.0138628
v 0.0132804 0.0307874 -0.0100381
v 0.0160688 0.0278319 -0.0138628
v 0.0167648 0.0290375 -0.0100381
v 0.0191912 0.0257783 -0.0138628
v 0.0200225 0.0268949 -0.0100381
v -0.0280743 3.43811e-18 -0.0209006
v -0.0254581 3.11772e-18 -0.0240185
v -0.0278845 -0.00325923 -0.0209006
v -0.0252859 -0.0029555 -0.0240185
v -0.0247712 -0.00587371 -0.0240185
v -0.0218907 -0.00519032 -0.0268116
v -0.0239257 -0.00869913 -0.0240185
v -0.021143 -0.00768853 -0.0268116
v -0.0227502 -0.0114256 -0.0240185
v -0.0201046 -0.0100969 -0.0268116
v -0.0212699 -0.0139894 -0.0240185
v -0.0187964 -0.0123626 -0.0268116
v -0.019502 -0.0163641 -0.0240185
v -0.0172341 -0.0144612 -0.0268116
v -0.0174704 -0.0185175 -0.0240185
v -0.0154388 -0.0163641 -0.0268116
v -0.0152025 -0.0204205 -0.0240185
v -0.0134346 -0.0180458 -0.0268116
v -0.012729 -0.0220473 -0.0240185
v -0.0112488 -0.0194835 -0.0268116
v -0.0100834 -0.023376 -0.0240185
v -0.00891083 -0.0206576 -0.0268116
v -0.00730146 -0.0243886 -0.0240185
v -0.00645237 -0.0215524 -0.0268116
v -0.00442075 -0.0250713 -0.0240185
v -0.00390666 -0.0221558 -0.0268116
v -0.00148026 -0.025415 -0.0240185
v -0.00130812 -0.0224595 -0.0268116
v 0.00148026 -0.025415 -0.0240185
v 0.00130812 -0.0224595 -0.0268116
v 0.00442075 -0.0250713 -0.0240185
v 0.00390666 -0.0221558 -0.0268116
v 0.00730146 -0.0243886 -0.0240185
v -0.0303109 3.71201e-18 -0.0175
v -0.0280743 3.43811e-18 -0.0209006
v -0.0301059 -0.00351888 -0.0175
v -0.0278845 -0.00325923 -0.0209006
v -0.0273168 -0.00647775 -0.0209006
v -0.0247712 -0.00587371 -0.0240185
v -0.0263849 -0.00959185 -0.0209006
v -0.0239257 -0.00869913 -0.0240185
v -0.0250881 -0.0125997 -0.0209006
v -0.0227502 -0.0114256 -0.0240185
v -0.0234557 -0.0154271 -0.0209006
v -0.0212699 -0.0139894 -0.0240185
v -0.0215062 -0.0180458 -0.0209006
v -0.019502 -0.0163641 -0.0240185
v -0.0192658 -0.0204205 -0.0209006
v -0.0174704 -0.0185175 -0.0240185
v -0.0167648 -0.0225191 -0.0209006
v -0.0152025 -0.0204205 -0.0240185
v -0.0140372 -0.0243131 -0.0209006
v -0.012729 -0.0220473 -0.0240185
v -0.0111197 -0.0257783 -0.0209006
v -0.0100834 -0.023376 -0.0240185
v -0.0080518 -0.0268949 -0.0209006
v -0.00730146 -0.0243886 -0.0240185
v -0.00487505 -0.0276478 -0.0209006
v -0.00442075 -0.0250713 -0.0240185
v -0.00163238 -0.0280268 -0.0209006
v -0.00148026 -0.025415 -0.0240185
v 0.00163238 -0.0280268 -0.0209006
v 0.00148026 -0.025415 -0.0240185
v 0.00487505 -0.0276478 -0.0209006
v 0.00442075 -0.0250713 -0.0240185
v 0.0080518 -0.0268949 -0.0209006
v 0.00730146 -0.0243886 -0.0240185
v 0.0111197 -0.0257783 -0.0209006
v -0.0278845 0.00325923 0.0209006
v -0.0301059 0.00351888 0.0175
v -0.0280743 3.43811e-18 0.0209006
v -0.0252859 0.0029555 0.0240185
v -0.0254581 3.11772e-18 0.0240185
v 0.00203163 -0.00351888 -0.0347633
v -2.14313e-18 -2.62458e-34 -0.035
v 0.00242641 -0.00325923 -0.0347633
v 0.00381827 -0.00138953 -0.0347633
v 0.00363105 -0.00182358 -0.0347633
v 0.00721301 -0.00362251 -0.0340566
v 0.0033948 -0.00223279 -0.0347633
v 0.00674369 -0.00443539 -0.0340566
v 0.00311263 -0.00261181 -0.0347633
v 0.00618317 -0.0051883 -0.0340566
v 0.00278837 -0.0029555 -0.0347633
v 0.00553904 -0.00587104 -0.0340566
v 0.00482 -0.00647438 -0.0340566
v 0.00403578 -0.00699017 -0.0340566
v 0.00160937 -0.00373094 -0.0347633
v 0.00319698 -0.00741143 -0.0340566
v 0.00116535 -0.00389255 -0.0347633
v 0.00231495 -0.00773247 -0.0340566
v 0.000705576 -0.00400152 -0.0347633
v 0.00140161 -0.00794893 -0.0340566
v 0.000236257 -0.00405638 -0.0347633
v 0.000469319 -0.0080579 -0.0340566
v -0.000236257 -0.00405638 -0.0347633
v -0.000469319 -0.0080579 -0.0340566
v -0.000705576 -0.00400152 -0.0347633
v -0.00140161 -0.00794893 -0.0340566
v -0.00116535 -0.00389255 -0.0347633
v 0.00395371 -0.000937111 -0.0347633
v 0.00395371 0.000937111 -0.0347633
v 0.00403578 0.000471715 -0.0347633
v 0.00801698 0.00093705 -0.0340566
v 0.00406325 1.21749e-20 -0.0347633
v 0.00807156 4.83705e-20 -0.0340566
v 0.00403578 -0.000471715 -0.0347633
v 0.00801698 -0.00093705 -0.0340566
v 0.00785393 -0.00186167 -0.0340566
v 0.00758505 -0.00275991 -0.0340566
v 0.0112494 -0.0040926 -0.0328892
v 0.0106974 -0.00537244 -0.0328892
v 0.0140372 -0.00704972 -0.0312771
v 0.0100014 -0.00657801 -0.0328892
v 0.0131238 -0.00863167 -0.0312771
v 0.00917009 -0.00769462 -0.0328892
v 0.012033 -0.0100969 -0.0312771
v 0.0082148 -0.00870718 -0.0328892
v 0.0107795 -0.0114256 -0.0312771
v 0.00714841 -0.00960198 -0.0328892
v 0.00938015 -0.0125997 -0.0312771
v 0.00598535 -0.0103669 -0.0328892
v 0.00785399 -0.0136035 -0.0312771
v 0.00474135 -0.0109917 -0.0328892
v 0.00622161 -0.0144233 -0.0312771
v 0.00343324 -0.0114678 -0.0328892
v 0.0045051 -0.0150481 -0.0312771
v 0.00207869 -0.0117888 -0.0328892
v 0.00272766 -0.0154693 -0.0312771
v 0.000696035 -0.0119505 -0.0328892
v 0.000913337 -0.0156814 -0.0312771
v -0.000696035 -0.0119505 -0.0328892
v 0.00395371 0.000937111 -0.0347633
v -2.14313e-18 -2.62458e-34 -0.035
v 0.00381827 0.00138953 -0.0347633
v 0.00203163 0.00351888 -0.0347633
v 0.00160937 0.00373094 -0.0347633
v -0.00381827 0.00138953 -0.0347633
v -0.00363105 0.00182358 -0.0347633
v -0.00721301 0.00362251 -0.0340566
v -0.0033948 0.00223279 -0.0347633
v -0.00674369 0.00443539 -0.0340566
v -0.00311263 0.00261181 -0.0347633
v -0.00618317 0.0051883 -0.0340566
v -0.00278837 0.0029555 -0.0347633
v -0.00553904 0.00587104 -0.0340566
v -0.00242641 0.00325923 -0.0347633
v -0.00482 0.00647438 -0.0340566
v -0.00203163 0.00351888 -0.0347633
v -0.00403578 0.00699017 -0.0340566
v -0.00160937 0.00373094 -0.0347633
v -0.00319698 0.00741143 -0.0340566
v -0.00116535 0.00389255 -0.0347633
v -0.00231495 0.00773247 -0.0340566
v -0.000705576 0.00400152 -0.0347633
v -0.00140161 0.00794893 -0.0340566
v -0.000236257 0.00405638 -0.0347633
v -0.000469319 0.0080579 -0.0340566
v 0.000236257 0.00405638 -0.0347633
v 0.000469319 0.0080579 -0.0340566
v 0.000705576 0.00400152 -0.0347633
v 0.00140161 0.00794893 -0.0340566
v 0.00116535 0.00389255 -0.0347633
v 0.00231495 0.00773247 -0.0340566
v 0.00160937 0.00373094 -0.0347633
v 0.00319698 0.00741143 -0.0340566
v 0.00203163 0.00351888 -0.0347633
v 0.00403578 0.00699017 -0.0340566
v 0.00242641 0.00325923 -0.0347633
v 0.00482 0.00647438 -0.0340566
v -0.00381827 0.00138953 -0.0347633
v -2.14313e-18 -2.62458e-34 -0.035
v -0.00395371 0.000937111 -0.0347633
v 0.0271855 -0.0134052 0.0175
v 0.0288716 -0.0141156 0.0138628
v 0.0284857 -0.0103592 0.0175
v 0.0302038 -0.0109798 0.0138628
v 0.0294932 -0.00699313 0.0175
v 0.0312702 -0.00741602 0.0138628
v 0.0301718 -0.0146252 0.0100381
v 0.0299632 -0.0150481 0.0100381
v 0.030802 -0.0154693 0.00607769
v 0.0287978 -0.0189406 0.00607769
v 0.0291926 -0.0192003 0.00203507
v 0.0267662 -0.0224595 0.00203507
v 0.0267662 -0.0224595 -0.00203507
v 0.0239778 -0.025415 -0.00203507
v 0.0287192 -0.0144233 0.0138628
v 0.0310671 -0.0149298 0.00607769
v 0.0263826 -0.00959815 0.0209006
v 0.0273172 -0.00647586 0.0209006
v 0.0247718 -0.00587122 0.0240185
v 0.0254581 4.20228e-20 0.0240185
v 0.0252859 -0.0029555 0.0240185
v 0.0278845 -0.00325923 0.0209006
v 0.0280743 3.31877e-19 0.0209006
v 0.0301059 -0.00351888 0.0175
v 0.0284857 0.0103592 0.0175
v 0.0302038 0.0109798 0.0138628
v 0.0287192 0.0144233 0.0138628
v 0.0299632 0.0150481 0.0100381
v 0.0268505 0.0176599 0.0138628
v 0.0280136 0.0184248 0.0100381
v 0.0246188 0.0206576 0.0138628
v 0.0256852 0.0215524 0.0100381
v 0.0220541 0.023376 0.0138628
v 0.0230094 0.0243886 0.0100381
v 0.0263826 0.00959815 0.0209006
v 0.0270868 0.0136035 0.0175
v 0.0253244 0.0166561 0.0175
v 0.0232195 0.0194835 0.0175
v 0.0208006 0.0220473 0.0175
v 0.0239229 0.00870669 0.0240185
v 0.0250881 0.0125997 0.0209006
v 0.0234557 0.0154271 0.0209006
v 0.0215062 0.0180458 0.0209006
v 0.0192658 0.0204205 0.0209006
v 0.00363105 0.00182358 -0.0347633
v 0.00721301 0.00362251 -0.0340566
v 0.00381827 0.00138953 -0.0347633
v 0.00758505 0.00275991 -0.0340566
v 0.00395371 0.000937111 -0.0347633
v 0.00785393 0.00186167 -0.0340566
v 0.00801698 0.00093705 -0.0340566
v 0.0118898 0.00138971 -0.0328892
v 0.00807156 4.83705e-20 -0.0340566
v 0.0119707 1.07605e-19 -0.0328892
v 0.00801698 -0.00093705 -0.0340566
v 0.0118898 -0.00138971 -0.0328892
v 0.00785393 -0.00186167 -0.0340566
v 0.0116479 -0.00276117 -0.0328892
v 0.0112494 -0.0040926 -0.0328892
v 0.0147617 -0.00536961 -0.0312771
v 0.0140372 -0.00704972 -0.0312771
v 0.0171871 -0.00863167 -0.0292421
v 0.0131238 -0.00863167 -0.0312771
v 0.0160688 -0.0105686 -0.0292421
v 0.012033 -0.0100969 -0.0312771
v 0.0147332 -0.0123626 -0.0292421
v 0.0107795 -0.0114256 -0.0312771
v 0.0131984 -0.0139894 -0.0292421
v 0.00938015 -0.0125997 -0.0312771
v 0.011485 -0.0154271 -0.0292421
v 0.00785399 -0.0136035 -0.0312771
v 0.00961641 -0.0166561 -0.0292421
v 0.00622161 -0.0144233 -0.0312771
v 0.00761773 -0.0176599 -0.0292421
v 0.0045051 -0.0150481 -0.0312771
v 0.00551603 -0.0184248 -0.0292421
v 0.00272766 -0.0154693 -0.0312771
v 0.00333974 -0.0189406 -0.0292421
v 0.000913337 -0.0156814 -0.0312771
v 0.00721301 0.00362251 -0.0340566
v 0.0106974 0.00537244 -0.0328892
v 0.00758505 0.00275991 -0.0340566
v 0.0112494 0.0040926 -0.0328892
v 0.00785393 0.00186167 -0.0340566
v 0.0116479 0.00276117 -0.0328892
v 0.0118898 0.00138971 -0.0328892
v 0.0156018 0.00182358 -0.0312771
v 0.0119707 1.07605e-19 -0.0328892
v 0.015708 1.88267e-19 -0.0312771
v 0.0118898 -0.00138971 -0.0328892
v 0.0156018 -0.00182358 -0.0312771
v 0.0116479 -0.00276117 -0.0328892
v 0.0152843 -0.00362345 -0.0312771
v 0.0147617 -0.00536961 -0.0312771
v 0.0180745 -0.00657367 -0.0292421
v 0.0171871 -0.00863167 -0.0292421
v 0.0201046 -0.0100969 -0.0268116
v 0.0160688 -0.0105686 -0.0292421
v 0.0187964 -0.0123626 -0.0268116
v 0.0147332 -0.0123626 -0.0292421
v 0.0172341 -0.0144612 -0.0268116
v 0.0131984 -0.0139894 -0.0292421
v 0.0154388 -0.0163641 -0.0268116
v 0.011485 -0.0154271 -0.0292421
v 0.0134346 -0.0180458 -0.0268116
v 0.00961641 -0.0166561 -0.0292421
v 0.0112488 -0.0194835 -0.0268116
v 0.00761773 -0.0176599 -0.0292421
v 0.00891083 -0.0206576 -0.0268116
v 0.00551603 -0.0184248 -0.0292421
v 0.00645237 -0.0215524 -0.0268116
v 0.00333974 -0.0189406 -0.0292421
v 0.00721301 0.00362251 -0.0340566
v 0.00363105 0.00182358 -0.0347633
v 0.00674369 0.00443539 -0.0340566
v 0.0033948 0.00223279 -0.0347633
v 0.00618317 0.0051883 -0.0340566
v 0.00311263 0.00261181 -0.0347633
v 0.00553904 0.00587104 -0.0340566
v 0.00278837 0.0029555 -0.0347633
v 0.0106974 0.00537244 -0.0328892
v 0.0140372 0.00704972 -0.0312771
v 0.0112494 0.0040926 -0.0328892
v 0.0147617 0.00536961 -0.0312771
v 0.0116479 0.00276117 -0.0328892
v 0.0152843 0.00362345 -0.0312771
v 0.0156018 0.00182358 -0.0312771
v 0.0191028 0.00223279 -0.0292421
v 0.015708 1.88267e-19 -0.0312771
v 0.0192328 2.88142e-19 -0.0292421
v 0.0156018 -0.00182358 -0.0312771
v 0.0191028 -0.00223279 -0.0292421
v 0.0152843 -0.00362345 -0.0312771
v 0.018714 -0.00443683 -0.0292421
v 0.0180745 -0.00657367 -0.0292421
v 0.021143 -0.00768853 -0.0268116
v 0.0201046 -0.0100969 -0.0268116
v 0.0227502 -0.0114256 -0.0240185
v 0.0187964 -0.0123626 -0.0268116
v 0.0212699 -0.0139894 -0.0240185
v 0.0172341 -0.0144612 -0.0268116
v 0.019502 -0.0163641 -0.0240185
v 0.0154388 -0.0163641 -0.0268116
v 0.0174704 -0.0185175 -0.0240185
v 0.0134346 -0.0180458 -0.0268116
v 0.0152025 -0.0204205 -0.0240185
v 0.0112488 -0.0194835 -0.0268116
v 0.012729 -0.0220473 -0.0240185
v 0.00891083 -0.0206576 -0.0268116
v 0.0100834 -0.023376 -0.0240185
v 0.00645237 -0.0215524 -0.0268116
v 0.0106974 0.00537244 -0.0328892
v 0.00721301 0.00362251 -0.0340566
v 0.0100014 0.00657801 -0.0328892
v 0.00674369 0.00443539 -0.0340566
v 0.00917009 0.00769462 -0.0328892
v 0.00618317 0.0051883 -0.0340566
v 0.0082148 0.00870718 -0.0328892
v 0.00553904 0.00587104 -0.0340566
v 0.0140372 0.00704972 -0.0312771
v 0.0171871 0.00863167 -0.0292421
v 0.0147617 0.00536961 -0.0312771
v 0.0180745 0.00657367 -0.0292421
v 0.0152843 0.00362345 -0.0312771
v 0.018714 0.00443683 -0.0292421
v 0.0191028 0.00223279 -0.0292421
v 0.0223454 0.00261181 -0.0268116
v 0.0192328 2.88142e-19 -0.0292421
v 0.0224976 4.04464e-19 -0.0268116
v 0.0191028 -0.00223279 -0.0292421
v 0.0223454 -0.00261181 -0.0268116
v 0.018714 -0.00443683 -0.0292421
v 0.0218907 -0.00519032 -0.0268116
v 0.021143 -0.00768853 -0.0268116
v 0.0239257 -0.00869913 -0.0240185
v 0.0227502 -0.0114256 -0.0240185
v 0.0250881 -0.0125997 -0.0209006
v 0.0212699 -0.0139894 -0.0240185
v 0.0234557 -0.0154271 -0.0209006
v 0.019502 -0.0163641 -0.0240185
v 0.0215062 -0.0180458 -0.0209006
v 0.0174704 -0.0185175 -0.0240185
v 0.0192658 -0.0204205 -0.0209006
v 0.0152025 -0.0204205 -0.0240185
v 0.0167648 -0.0225191 -0.0209006
v 0.012729 -0.0220473 -0.0240185
v 0.0140372 -0.0243131 -0.0209006
v 0.0100834 -0.023376 -0.0240185
v 0.0140372 0.00704972 -0.0312771
v 0.0106974 0.00537244 -0.0328892
v 0.0131238 0.00863167 -0.0312771
v 0.0100014 0.00657801 -0.0328892
v 0.012033 0.0100969 -0.0312771
v 0.00917009 0.00769462 -0.0328892
v 0.0107795 0.0114256 -0.0312771
v 0.0082148 0.00870718 -0.0328892
v 0.0171871 0.00863167 -0.0292421
v 0.0201046 0.0100969 -0.0268116
v 0.0180745 0.00657367 -0.0292421
v 0.021143 0.00768853 -0.0268116
v 0.018714 0.00443683 -0.0292421
v 0.0218907 0.00519032 -0.0268116
v 0.0223454 0.00261181 -0.0268116
v 0.0252859 0.0029555 -0.0240185
v 0.0224976 4.04464e-19 -0.0268116
v 0.0254581 5.3397e-19 -0.0240185
v 0.0223454 -0.00261181 -0.0268116
v 0.0252859 -0.0029555 -0.0240185
v 0.0218907 -0.00519032 -0.0268116
v 0.0247712 -0.00587371 -0.0240185
v 0.0239257 -0.00869913 -0.0240185
v 0.0263849 -0.00959185 -0.0209006
v 0.0250881 -0.0125997 -0.0209006
v 0.0270868 -0.0136035 -0.0175
v 0.0234557 -0.0154271 -0.0209006
v 0.0253244 -0.0166561 -0.0175
v 0.0215062 -0.0180458 -0.0209006
v 0.0232195 -0.0194835 -0.0175
v 0.0192658 -0.0204205 -0.0209006
v 0.0208006 -0.0220473 -0.0175
v 0.0167648 -0.0225191 -0.0209006
v 0.0181004 -0.0243131 -0.0175
v 0.0140372 -0.0243131 -0.0209006
v 0.0140372 0.00704972 -0.0312771
v 0.0160688 0.0105686 -0.0292421
v 0.0131238 0.00863167 -0.0312771
v 0.0147332 0.0123626 -0.0292421
v 0.012033 0.0100969 -0.0312771
v 0.0131984 0.0139894 -0.0292421
v 0.0107795 0.0114256 -0.0312771
v 0.0201046 0.0100969 -0.0268116
v 0.0227502 0.0114256 -0.0240185
v 0.021143 0.00768853 -0.0268116
v 0.0239257 0.00869913 -0.0240185
v 0.0218907 0.00519032 -0.0268116
v 0.0247712 0.00587371 -0.0240185
v 0.0252859 0.0029555 -0.0240185
v 0.0278845 0.00325923 -0.0209006
v 0.0254581 5.3397e-19 -0.0240185
v 0.0280743 6.72965e-19 -0.0209006
v 0.0252859 -0.0029555 -0.0240185
v 0.0278845 -0.00325923 -0.0209006
v 0.0247712 -0.00587371 -0.0240185
v 0.0273168 -0.00647775 -0.0209006
v 0.0263849 -0.00959185 -0.0209006
v 0.0284874 -0.0103546 -0.0175
v 0.0270868 -0.0136035 -0.0175
v 0.0287192 -0.0144233 -0.0138628
v 0.0253244 -0.0166561 -0.0175
v 0.0268505 -0.0176599 -0.0138628
v 0.0232195 -0.0194835 -0.0175
v 0.0246188 -0.0206576 -0.0138628
v 0.0208006 -0.0220473 -0.0175
v 0.0220541 -0.023376 -0.0138628
v 0.0181004 -0.0243131 -0.0175
v 0.0171871 0.00863167 -0.0292421
v 0.0187964 0.0123626 -0.0268116
v 0.0160688 0.0105686 -0.0292421
v 0.0172341 0.0144612 -0.0268116
v 0.0147332 0.0123626 -0.0292421
v 0.0154388 0.0163641 -0.0268116
v 0.0131984 0.0139894 -0.0292421
v 0.0227502 0.0114256 -0.0240185
v 0.0250881 0.0125997 -0.0209006
v 0.0239257 0.00869913 -0.0240185
v 0.0263849 0.00959185 -0.0209006
v 0.0247712 0.00587371 -0.0240185
v 0.0273168 0.00647775 -0.0209006
v 0.0278845 0.00325923 -0.0209006
v 0.0301059 0.00351888 -0.0175
v 0.0280743 6.72965e-19 -0.0209006
v 0.0303109 8.174e-19 -0.0175
v 0.0278845 -0.00325923 -0.0209006
v 0.0301059 -0.00351888 -0.0175
v 0.0273168 -0.00647775 -0.0209006
v 0.0294929 -0.00699426 -0.0175
v 0.0284874 -0.0103546 -0.0175
v 0.0302047 -0.0109772 -0.0138628
v 0.0287192 -0.0144233 -0.0138628
v 0.0299632 -0.0150481 -0.0100381
v 0.0268505 -0.0176599 -0.0138628
v 0.0280136 -0.0184248 -0.0100381
v 0.0246188 -0.0206576 -0.0138628
v 0.0256852 -0.0215524 -0.0100381
v 0.0220541 -0.023376 -0.0138628
v 0.0201046 0.0100969 -0.0268116
v 0.0212699 0.0139894 -0.0240185
v 0.0187964 0.0123626 -0.0268116
v 0.019502 0.0163641 -0.0240185
v 0.0172341 0.0144612 -0.0268116
v 0.0174704 0.0185175 -0.0240185
v 0.0154388 0.0163641 -0.0268116
v 0.0250881 0.0125997 -0.0209006
v 0.0270868 0.0136035 -0.0175
v 0.0263849 0.00959185 -0.0209006
v 0.0284874 0.0103546 -0.0175
v 0.0273168 0.00647775 -0.0209006
v 0.0294929 0.00699426 -0.0175
v 0.0301059 0.00351888 -0.0175
v 0.0227502 0.0114256 -0.0240185
v 0.0234557 0.0154271 -0.0209006
v 0.0215062 0.0180458 -0.0209006
v 0.0192658 0.0204205 -0.0209006
v 0.0287192 0.0144233 -0.0138628
v 0.0302047 0.0109772 -0.0138628
v 0.0253244 0.0166561 -0.0175
v 0.0232195 0.0194835 -0.0175
v 0.0208006 0.0220473 -0.0175
v 0.0299632 0.0150481 -0.0100381
v 0.0280136 0.0184248 -0.0100381
v 0.0287978 0.0189406 -0.00607769
v 0.0264042 0.0221558 -0.00607769
v 0.0267662 0.0224595 -0.00203507
v 0.0239778 0.025415 -0.00203507
v 0.0268505 0.0176599 -0.0138628
v 0.0246188 0.0206576 -0.0138628
v 0.0220541 0.023376 -0.0138628
v 0.0291926 0.0192003 -0.00203507
v 0.0312242 0.0156814 -0.00203507
v 0.030802 0.0154693 -0.00607769
v 0.0280136 0.0184248 0.0100381
v 0.0299632 0.0150481 0.0100381
v 0.030802 0.0154693 0.00607769
v 0.0287978 0.0189406 0.00607769
v 0.0212699 0.0139894 0.0240185
v 0.0227502 0.0114256 0.0240185
v 0.0250881 0.0125997 0.0209006
v 0.0239229 0.00870669 0.0240185
v 0.0234557 0.0154271 0.0209006
v 0.00381827 -0.00138953 -0.0347633
v 0.00395371 -0.000937111 -0.0347633
v 0.00758505 -0.00275991 -0.0340566
v 0.00721301 -0.00362251 -0.0340566
v 0.0106974 -0.00537244 -0.0328892
v 0.0227564 -0.0114131 0.0240185
v 0.0227502 -0.0114256 0.0240185
v 0.0250881 -0.0125997 0.0209006
v 0.0234557 -0.0154271 0.0209006
v 0.0253244 -0.0166561 0.0175
v 0.0232195 -0.0194835 0.0175
v 0.0246188 -0.0206576 0.0138628
v 0.0220541 -0.023376 0.0138628
v 0.0230094 -0.0243886 0.0100381
v 0.0200225 -0.0268949 0.0100381
v 0.020583 -0.0276478 0.00607769
v 0.0172341 -0.0298504 0.00607769
v 0.0174704 -0.0302596 0.00203507
v 0.0138393 -0.0320832 0.00203507
v 0.0138393 -0.0320832 -0.00203507
v 0.0100211 -0.0334729 -0.00203507
v 0.0287978 -0.0189406 0.00607769
v 0.0299632 -0.0150481 0.0100381
v 0.0280136 -0.0184248 0.0100381
v 0.0287192 -0.0144233 0.0138628
v 0.0291926 -0.0192003 -0.00203507
v 0.0312242 -0.0156814 0.00203507
v 0.0291926 -0.0192003 0.00203507
v 0.030802 -0.0154693 0.00607769
v 0.0280136 -0.0184248 -0.0100381
v 0.0299632 -0.0150481 -0.0100381
v 0.030802 -0.0154693 -0.00607769
v 0.0287978 -0.0189406 -0.00607769
v 0.00674369 -0.00443539 -0.0340566
v 0.00721301 -0.00362251 -0.0340566
v 0.0106974 -0.00537244 -0.0328892
v 0.0100014 -0.00657801 -0.0328892
v -0.0250881 -0.0125997 -0.0209006
v -0.0270868 -0.0136035 -0.0175
v -0.0263849 -0.00959185 -0.0209006
v -0.0284874 -0.0103546 -0.0175
v -0.0273168 -0.00647775 -0.0209006
v -0.0294929 -0.00699426 -0.0175
v -0.0301059 -0.00351888 -0.0175
v -0.0253244 -0.0166561 -0.0175
v -0.0234557 -0.0154271 -0.0209006
v -0.0232195 -0.0194835 -0.0175
v -0.0215062 -0.0180458 -0.0209006
v -0.0208006 -0.0220473 -0.0175
v -0.0192658 -0.0204205 -0.0209006
v -0.0181004 -0.0243131 -0.0175
v -0.0167648 -0.0225191 -0.0209006
v -0.0151554 -0.02625 -0.0175
v -0.0140372 -0.0243131 -0.0209006
v -0.0120055 -0.0278319 -0.0175
v -0.0111197 -0.0257783 -0.0209006
v -0.00869326 -0.0290375 -0.0175
v -0.0080518 -0.0268949 -0.0209006
v -0.00526343 -0.0298504 -0.0175
v -0.00487505 -0.0276478 -0.0209006
v -0.00176242 -0.0302596 -0.0175
v -0.00163238 -0.0280268 -0.0209006
v 0.00176242 -0.0302596 -0.0175
v 0.00163238 -0.0280268 -0.0209006
v 0.00526343 -0.0298504 -0.0175
v 0.00487505 -0.0276478 -0.0209006
v 0.00869326 -0.0290375 -0.0175
v 0.0080518 -0.0268949 -0.0209006
v 0.0120055 -0.0278319 -0.0175
v 0.0111197 -0.0257783 -0.0209006
v 0.0151554 -0.02625 -0.0175
v -0.0280136 -0.0184248 -0.0100381
v -0.0299632 -0.0150481 -0.0100381
v -0.0287192 -0.0144233 -0.0138628
v -0.0302047 -0.0109772 -0.0138628
v -0.0268505 -0.0176599 -0.0138628
v -0.0312242 -0.0156814 0.00203507
v -0.0312242 -0.0156814 -0.00203507
v -0.0291926 -0.0192003 0.00203507
v -0.0291926 -0.0192003 -0.00203507
v -0.0267662 -0.0224595 0.00203507
v -0.0267662 -0.0224595 -0.00203507
v -0.0239778 -0.025415 0.00203507
v -0.030802 -0.0154693 0.00607769
v -0.0287978 -0.0189406 0.00607769
v -0.0264042 -0.0221558 0.00607769
v -0.0236536 -0.0250713 0.00607769
v -0.020583 -0.0276478 0.00607769
v -0.0302038 -0.0109798 0.0138628
v -0.0299632 -0.0150481 0.0100381
v -0.0287192 -0.0144233 0.0138628
v -0.0268505 -0.0176599 0.0138628
v -0.0253244 -0.0166561 0.0175
v -0.0232195 -0.0194835 0.0175
v -0.0215062 -0.0180458 0.0209006
v -0.0192658 -0.0204205 0.0209006
v -0.0174704 -0.0185175 0.0240185
v -0.0152025 -0.0204205 0.0240185
v -0.0280136 -0.0184248 0.0100381
v -0.0256852 -0.0215524 0.0100381
v -0.0230094 -0.0243886 0.0100381
v -0.0200225 -0.0268949 0.0100381
v -0.0167648 -0.0290375 0.0100381
v -0.00381827 0.00138953 -0.0347633
v -0.00395371 0.000937111 -0.0347633
v -0.00758505 0.00275991 -0.0340566
v -0.00721301 0.00362251 -0.0340566
v -0.0106974 0.00537244 -0.0328892
v -0.0227564 0.0114131 0.0240185
v -0.0227502 0.0114256 0.0240185
v -0.0250881 0.0125997 0.0209006
v -0.0234557 0.0154271 0.0209006
v -0.0253244 0.0166561 0.0175
v -0.0232195 0.0194835 0.0175
v -0.0246188 0.0206576 0.0138628
v -0.0220541 0.023376 0.0138628
v -0.0230094 0.0243886 0.0100381
v -0.0200225 0.0268949 0.0100381
v -0.020583 0.0276478 0.00607769
v -0.0172341 0.0298504 0.00607769
v -0.0287192 0.0144233 0.0138628
v -0.0299632 0.0150481 0.0100381
v -0.0288716 0.0141156 0.0138628
v -0.0301718 0.0146252 0.0100381
v -0.0302038 0.0109798 0.0138628
v -0.0315135 0.0114514 0.0100381
v -0.0287978 0.0189406 0.00607769
v -0.030802 0.0154693 0.00607769
v -0.0280136 0.0184248 0.0100381
v -0.0280136 0.0184248 -0.0100381
v -0.0299632 0.0150481 -0.0100381
v -0.030802 0.0154693 -0.00607769
v -0.0287978 0.0189406 -0.00607769
v -0.00674369 0.00443539 -0.0340566
v -0.00721301 0.00362251 -0.0340566
v -0.0106974 0.00537244 -0.0328892
v -0.0100014 0.00657801 -0.0328892
v -0.0271855 0.0134052 0.0175
v -0.0284857 0.0103592 0.0175
v -0.0263826 0.00959815 0.0209006
v -0.0273172 0.00647586 0.0209006
v -0.0247718 0.00587122 0.0240185
v -0.0312702 0.00741602 0.0138628
v -0.0294932 0.00699313 0.0175
v -0.0227502 0.0114256 0.0240185
v -0.0212699 0.0139894 0.0240185
v -0.0234557 0.0154271 0.0209006
v -0.0215062 0.0180458 0.0209006
v -0.0232195 0.0194835 0.0175
v -0.0208006 0.0220473 0.0175
v -0.0220541 0.023376 0.0138628
v -0.0191912 0.0257783 0.0138628
v -0.0200225 0.0268949 0.0100381
v -0.0167648 0.0290375 0.0100381
v -0.0172341 0.0298504 0.00607769
v -0.0136522 0.0316493 0.00607769
v -0.0264042 0.0221558 0.00607769
v -0.0287978 0.0189406 0.00607769
v -0.0280136 0.0184248 0.0100381
v -0.0256852 0.0215524 -0.0100381
v -0.0280136 0.0184248 -0.0100381
v -0.0287978 0.0189406 -0.00607769
v -0.0264042 0.0221558 -0.00607769
v -0.00618317 0.0051883 -0.0340566
v -0.00674369 0.00443539 -0.0340566
v -0.0100014 0.00657801 -0.0328892
v -0.00917009 0.00769462 -0.0328892
v -0.019502 0.0163641 0.0240185
v -0.0192658 0.0204205 0.0209006
v -0.0181004 0.0243131 0.0175
v -0.0160688 0.0278319 0.0138628
v -0.0132804 0.0307874 0.0100381
v -0.00988561 0.0330202 0.00607769
v -0.0230094 0.0243886 -0.0100381
v -0.0236536 0.0250713 -0.00607769
v -0.00553904 0.00587104 -0.0340566
v -0.0082148 0.00870718 -0.0328892
v -0.0174704 0.0185175 0.0240185
v -0.0167648 0.0225191 0.0209006
v -0.0151554 0.02625 0.0175
v -0.0200225 0.0268949 -0.0100381
v -0.020583 0.0276478 -0.00607769
v -0.0167648 0.0290375 -0.0100381
v -0.0172341 0.0298504 -0.00607769
v -0.0132804 0.0307874 -0.0100381
v -0.0136522 0.0316493 -0.00607769
v -0.00961641 0.032121 -0.0100381
v -0.00988561 0.0330202 -0.00607769
v -0.00582236 0.0330202 -0.0100381
v -0.00598535 0.0339446 -0.00607769
v -0.00194957 0.0334729 -0.0100381
v -0.00200415 0.03441 -0.00607769
v 0.00194957 0.0334729 -0.0100381
v 0.00200415 0.03441 -0.00607769
v 0.00582236 0.0330202 -0.0100381
v 0.00598535 0.0339446 -0.00607769
v 0.00961641 0.032121 -0.0100381
v 0.00988561 0.0330202 -0.00607769
v 0.0132804 0.0307874 -0.0100381
v 0.0136522 0.0316493 -0.00607769
v 0.0167648 0.0290375 -0.0100381
v 0.0172341 0.0298504 -0.00607769
v 0.0200225 0.0268949 -0.0100381
v 0.020583 0.0276478 -0.00607769
v -0.00553904 0.00587104 -0.0340566
v -0.0082148 0.00870718 -0.0328892
v -0.00482 0.00647438 -0.0340566
v -0.00714841 0.00960198 -0.0328892
v -0.00403578 0.00699017 -0.0340566
v -0.00598535 0.0103669 -0.0328892
v -0.00319698 0.00741143 -0.0340566
v -0.00474135 0.0109917 -0.0328892
v -0.00231495 0.00773247 -0.0340566
v -0.00343324 0.0114678 -0.0328892
v -0.00140161 0.00794893 -0.0340566
v -0.00207869 0.0117888 -0.0328892
v -0.000469319 0.0080579 -0.0340566
v -0.000696035 0.0119505 -0.0328892
v 0.000469319 0.0080579 -0.0340566
v 0.000696035 0.0119505 -0.0328892
v 0.00140161 0.00794893 -0.0340566
v 0.00207869 0.0117888 -0.0328892
v 0.00231495 0.00773247 -0.0340566
v 0.00343324 0.0114678 -0.0328892
v 0.00319698 0.00741143 -0.0340566
v 0.00474135 0.0109917 -0.0328892
v 0.00403578 0.00699017 -0.0340566
v 0.00598535 0.0103669 -0.0328892
v 0.00482 0.00647438 -0.0340566
v 0.00714841 0.00960198 -0.0328892
v -0.019502 0.0163641 0.0240185
v -0.0174704 0.0185175 0.0240185
v -0.0192658 0.0204205 0.0209006
v -0.0132804 0.0307874 0.0100381
v -0.0160688 0.0278319 0.0138628
v -0.012729 0.0295092 0.0138628
v -0.0151554 0.02625 0.0175
v -0.00988561 0.0330202 0.00607769
v -0.00961641 0.032121 0.0100381
v -0.00598535 0.0339446 0.00607769
v 0.00148026 0.025415 0.0240185
v 0.00442075 0.0250713 0.0240185
v 0.00487505 0.0276478 0.0209006
v 0.0080518 0.0268949 0.0209006
v 0.00869326 0.0290375 0.0175
v 0.0120055 0.0278319 0.0175
v 0.012729 0.0295092 0.0138628
v 0.0160688 0.0278319 0.0138628
v 0.0167648 0.0290375 0.0100381
v 0.0200225 0.0268949 0.0100381
v 0.020583 0.0276478 0.00607769
v 0.00730146 0.0243886 0.0240185
v 0.0111197 0.0257783 0.0209006
v 0.0151554 0.02625 0.0175
v 0.0191912 0.0257783 0.0138628
v 0.0100834 0.023376 0.0240185
v 0.0140372 0.0243131 0.0209006
v 0.0181004 0.0243131 0.0175
v 0.012729 0.0220473 0.0240185
v 0.0167648 0.0225191 0.0209006
v 0.0152025 0.0204205 0.0240185
v 0.0215062 0.0180458 0.0209006
v 0.0192658 0.0204205 0.0209006
v 0.0174704 0.0185175 0.0240185
v 0.0264042 0.0221558 0.00607769
v 0.0236536 0.0250713 0.00607769
v 0.0230094 0.0243886 0.0100381
v 0.0256852 0.0215524 0.0100381
v 0.0239778 0.025415 -0.00203507
v 0.0264042 0.0221558 -0.00607769
v 0.0236536 0.0250713 -0.00607769
v 0.0256852 0.0215524 -0.0100381
v 0.0230094 0.0243886 -0.0100381
v 0.0246188 0.0206576 -0.0138628
v 0.0220541 0.023376 -0.0138628
v 0.0212699 0.0139894 0.0240185
v 0.0234557 0.0154271 0.0209006
v 0.019502 0.0163641 0.0240185
v 0.0287978 0.0189406 0.00607769
v 0.0280136 0.0184248 0.0100381
v 0.0291926 0.0192003 -0.00203507
v 0.0287978 0.0189406 -0.00607769
v 0.0267662 0.0224595 -0.00203507
v 0.0280136 0.0184248 -0.0100381
v 0.0268505 0.0176599 -0.0138628
v 0.0287192 0.0144233 -0.0138628
v 0.0227502 -0.0114256 0.0240185
v 0.0212699 -0.0139894 0.0240185
v 0.0234557 -0.0154271 0.0209006
v 0.0215062 -0.0180458 0.0209006
v 0.0232195 -0.0194835 0.0175
v 0.0208006 -0.0220473 0.0175
v 0.0220541 -0.023376 0.0138628
v 0.0191912 -0.0257783 0.0138628
v 0.0200225 -0.0268949 0.0100381
v 0.0167648 -0.0290375 0.0100381
v 0.0172341 -0.0298504 0.00607769
v 0.0136522 -0.0316493 0.00607769
v 0.0138393 -0.0320832 0.00203507
v 0.0100211 -0.0334729 0.00203507
v 0.0100211 -0.0334729 -0.00203507
v 0.0060674 -0.03441 -0.00203507
v 0.0267662 -0.0224595 0.00203507
v 0.0287978 -0.0189406 0.00607769
v 0.0264042 -0.0221558 0.00607769
v 0.0280136 -0.0184248 0.0100381
v 0.0267662 -0.0224595 -0.00203507
v 0.0291926 -0.0192003 -0.00203507
v 0.0291926 -0.0192003 0.00203507
v 0.0256852 -0.0215524 -0.0100381
v 0.0280136 -0.0184248 -0.0100381
v 0.0287978 -0.0189406 -0.00607769
v 0.00618317 -0.0051883 -0.0340566
v 0.00674369 -0.00443539 -0.0340566
v 0.0100014 -0.00657801 -0.0328892
v 0.00917009 -0.00769462 -0.0328892
v 0.0212699 -0.0139894 0.0240185
v 0.019502 -0.0163641 0.0240185
v 0.0215062 -0.0180458 0.0209006
v 0.0192658 -0.0204205 0.0209006
v 0.0208006 -0.0220473 0.0175
v 0.0181004 -0.0243131 0.0175
v 0.0191912 -0.0257783 0.0138628
v 0.0160688 -0.0278319 0.0138628
v 0.0167648 -0.0290375 0.0100381
v 0.0132804 -0.0307874 0.0100381
v 0.0136522 -0.0316493 0.00607769
v 0.00988561 -0.0330202 0.00607769
v 0.0100211 -0.0334729 0.00203507
v 0.0060674 -0.03441 0.00203507
v 0.0060674 -0.03441 -0.00203507
v 0.00203163 -0.0348817 -0.00203507
v 0.0239778 -0.025415 -0.00203507
v 0.0267662 -0.0224595 0.00203507
v 0.0239778 -0.025415 0.00203507
v 0.0264042 -0.0221558 0.00607769
v 0.00553904 -0.00587104 -0.0340566
v 0.0082148 -0.00870718 -0.0328892
v 0.0174704 -0.0185175 0.0240185
v 0.0167648 -0.0225191 0.0209006
v 0.0151554 -0.02625 0.0175
v 0.0208652 -0.0280268 -0.00203507
v 0.0160688 -0.0278319 -0.0138628
v 0.0191912 -0.0257783 -0.0138628
v 0.0200225 -0.0268949 -0.0100381
v 0.0230094 -0.0243886 -0.0100381
v 0.0167648 -0.0290375 -0.0100381
v 0.00482 -0.00647438 -0.0340566
v 0.00714841 -0.00960198 -0.0328892
v 0.00403578 -0.00699017 -0.0340566
v 0.00598535 -0.0103669 -0.0328892
v 0.00319698 -0.00741143 -0.0340566
v 0.00474135 -0.0109917 -0.0328892
v 0.00231495 -0.00773247 -0.0340566
v 0.00343324 -0.0114678 -0.0328892
v 0.00140161 -0.00794893 -0.0340566
v 0.00207869 -0.0117888 -0.0328892
v 0.000469319 -0.0080579 -0.0340566
v 0.000696035 -0.0119505 -0.0328892
v -0.000469319 -0.0080579 -0.0340566
v -0.000696035 -0.0119505 -0.0328892
v -0.00140161 -0.00794893 -0.0340566
v 0.019502 -0.0163641 0.0240185
v 0.0192658 -0.0204205 0.0209006
v 0.0132804 -0.0307874 0.0100381
v 0.0160688 -0.0278319 0.0138628
v 0.012729 -0.0295092 0.0138628
v 0.012729 -0.0295092 -0.0138628
v 0.0132804 -0.0307874 -0.0100381
v 0.00988561 -0.0330202 0.00607769
v 0.00961641 -0.032121 0.0100381
v 0.00921716 -0.0307874 -0.0138628
v 0.00961641 -0.032121 -0.0100381
v 0.0060674 -0.03441 0.00203507
v 0.00598535 -0.0339446 0.00607769
v 0.00558063 -0.0316493 -0.0138628
v 0.00582236 -0.0330202 -0.0100381
v 0.00203163 -0.0348817 -0.00203507
v 0.00203163 -0.0348817 0.00203507
v 0.00186863 -0.0320832 -0.0138628
v 0.00194957 -0.0334729 -0.0100381
v -0.00203163 -0.0348817 -0.00203507
v -0.00186863 -0.0320832 -0.0138628
v -0.00194957 -0.0334729 -0.0100381
v -0.00148026 -0.025415 0.0240185
v -0.00442075 -0.0250713 0.0240185
v -0.00487505 -0.0276478 0.0209006
v -0.0080518 -0.0268949 0.0209006
v -0.00869326 -0.0290375 0.0175
v -0.0120055 -0.0278319 0.0175
v -0.012729 -0.0295092 0.0138628
v -0.0160688 -0.0278319 0.0138628
v -0.0167648 -0.0290375 0.0100381
v -0.0200225 -0.0268949 0.0100381
v -0.00558063 -0.0316493 -0.0138628
v -0.00582236 -0.0330202 -0.0100381
v -0.00921716 -0.0307874 -0.0138628
v -0.00961641 -0.032121 -0.0100381
v -0.012729 -0.0295092 -0.0138628
v -0.0132804 -0.0307874 -0.0100381
v -0.0160688 -0.0278319 -0.0138628
v -0.0167648 -0.0290375 -0.0100381
v -0.0191912 -0.0257783 -0.0138628
v -0.0200225 -0.0268949 -0.0100381
v -0.0220541 -0.023376 -0.0138628
v -0.0230094 -0.0243886 -0.0100381
v -0.0246188 -0.0206576 -0.0138628
v -0.0256852 -0.0215524 -0.0100381
v -0.0268505 -0.0176599 -0.0138628
v -0.0280136 -0.0184248 -0.0100381
v -0.00730146 -0.0243886 0.0240185
v -0.0111197 -0.0257783 0.0209006
v -0.0151554 -0.02625 0.0175
v -0.0191912 -0.0257783 0.0138628
v -0.0230094 -0.0243886 0.0100381
v -0.0100834 -0.023376 0.0240185
v -0.0140372 -0.0243131 0.0209006
v -0.0181004 -0.0243131 0.0175
v -0.0220541 -0.023376 0.0138628
v -0.0256852 -0.0215524 0.0100381
v -0.012729 -0.0220473 0.0240185
v -0.0167648 -0.0225191 0.0209006
v -0.0208006 -0.0220473 0.0175
v -0.0246188 -0.0206576 0.0138628
v -0.0280136 -0.0184248 0.0100381
v -0.0152025 -0.0204205 0.0240185
v -0.0192658 -0.0204205 0.0209006
v -0.0232195 -0.0194835 0.0175
v -0.0268505 -0.0176599 0.0138628
v -0.0299632 -0.0150481 0.0100381
vn 0 0.996195 0.0871557
vn 0 0.996195 -0.0871557
vn -4.27548e-17 0.965926 -0.258819
vn 2.57114e-17 0.906308 -0.422618
vn 1.16066e-16 0.819152 -0.573576
vn -1.33495e-16 0.707107 -0.707107
vn 1.00505e-16 0.573576 -0.819152
vn 9.97329e-17 0.422618 -0.906308
vn 1.39164e-16 0.258819 -0.965926
vn 1.57221e-16 0.0871557 -0.996195
vn 1.7424e-17 -0.0871557 -0.996195
vn 6.10783e-18 -0.258819 -0.965926
vn -5.98398e-17 -0.422618 -0.906308
vn -1.16066e-16 -0.573576 -0.819152
vn -6.67476e-17 -0.707107 -0.707107
vn 2.31812e-17 -0.819152 -0.573576
vn 9.1316e-17 -0.906308 -0.422618
vn 5.45319e-17 -0.965926 -0.258819
vn 1.23406e-17 -0.996195 -0.0871557
vn 1.7424e-17 -0.996195 0.0871557
vn 0 -0.965926 0.258819
vn -1.59573e-16 -0.906308 0.422618
vn -1.12176e-16 -0.819152 0.573576
vn 0 -0.707107 0.707107
vn 0 -0.573576 0.819152
vn 0 -0.422618 0.906308
vn -1.02517e-16 -0.258819 0.965926
vn 0 -0.0871557 0.996195
vn 0 0.0871557 0.996195
vn 0 0.258819 0.965926
vn -2.25987e-17 0.422618 0.906308
vn 0 0.573576 0.819152
vn 0 0.707107 0.707107
vn 0 0.819152 0.573576
vn 3.41283e-17 0.906308 0.422618
vn 8.55096e-17 0.965926 0.258819
vn 1.71618e-16 0.996195 -0.0871557
vn 0 0.996195 0.0871557
vn 0 -0.819152 0.573576
vn 0 -0.906308 0.422618
vn 0 -0.965926 0.258819
vn -2.87948e-17 -0.996195 0.0871557
vn -0 -0.996195 -0.0871557
vn -1.27387e-16 -0.965926 -0.258819
vn 1.33861e-16 -0.906308 -0.422618
vn 6.58137e-17 -0.819152 -0.573576
vn 0 -0.707107 -0.707107
vn 7.73241e-17 -0.573576 -0.819152
vn 5.76484e-18 -0.422618 -0.906308
vn 4.14392e-17 -0.258819 -0.965926
vn 1.69561e-16 -0.0871557 -0.996195
vn 1.7424e-17 0.0871557 -0.996195
vn 5.49704e-17 0.258819 -0.965926
vn 1.22332e-16 0.422618 -0.906308
vn 3.89028e-18 0.573576 -0.819152
vn -6.67476e-17 0.707107 -0.707107
vn 1.77829e-16 0.819152 -0.573576
vn -2.83635e-17 0.906308 -0.422618
vn -6.76246e-17 0.965926 -0.258819
vn -1 0 0
vn 1 0 0
vn 0.997669 -0.0682424 -4.52545e-17
vn 0.997669 0.0682424 0
vn 0.979084 0.203456 -1.03785e-17
vn 0.942261 0.33488 -4.55535e-17
vn 0.887885 0.460065 4.38625e-18
vn 0.81697 0.57668 -6.5373e-17
vn 0.730836 0.682553 -9.94153e-17
vn 0.631088 0.775711 1.9673e-17
vn 0.519584 0.854419 0
vn 0.398401 0.917211 0
vn 0.269797 0.962917 0
vn 0.136167 0.990686 -2.7784e-17
vn 0 1 0
vn -0.136167 0.990686 0
vn -0.269797 0.962917 5.50505e-17
vn -0.398401 0.917211 0
vn -0.519584 0.854419 0
vn -0.631088 0.775711 0
vn -0.730836 0.682553 0
vn -0.81697 0.57668 0
vn -0.887885 0.460065 5.38099e-17
vn -0.942261 0.33488 1.1969e-16
vn -0.979084 0.203456 0
vn -0.997669 0.0682424 0
vn -0.997669 -0.0682424 -0
vn -0.979084 -0.203456 1.3838e-16
vn -0.942261 -0.33488 -1.65244e-16
vn -0.887885 -0.460065 4.00637e-17
vn -0.81697 -0.57668 6.5363e-18
vn -0.730836 -0.682553 -6.56789e-18
vn -0.631088 -0.775711 9.83652e-17
vn -0.519584 -0.854419 -1.06018e-16
vn -0.398401 -0.917211 -5.05672e-18
vn -0.269797 -0.962917 9.42849e-17
vn -0.136167 -0.990686 -3.70454e-17
vn 0 -1 0
vn 0.136167 -0.990686 3.473e-17
vn 0.269797 -0.962917 -7.59347e-17
vn 0.398401 -0.917211 -4.34764e-17
vn 0.519584 -0.854419 -5.10406e-17
vn 0.631088 -0.775711 -1.68116e-16
vn 0.730836 -0.682553 2.62716e-17
vn 0.81697 -0.57668 -4.57591e-17
vn 0.887885 -0.460065 -6.25824e-17
vn 0.942261 -0.33488 7.41366e-17
vn 0.979084 -0.203456 2.24855e-16
vn 0 0 1
vn 0.933464 -0.357306 0.0312603
vn 0.897885 -0.43929 0.0287566
vn 0.863189 -0.504881 0
vn 0.866025 -0.5 0
vn 0.860189 -0.49663 -0.115899
vn 0.796718 -0.593134 -0.115899
vn 0.780572 -0.581114 -0.230246
vn 0.707831 -0.667804 -0.230246
vn 0.683643 -0.644984 -0.341509
vn 0.604142 -0.719989 -0.341509
vn 0.574612 -0.684795 -0.448193
vn 0.491226 -0.746873 -0.448193
vn 0.459343 -0.698396 -0.54886
vn 0.375158 -0.747001 -0.54886
vn 0.34404 -0.685041 -0.642149
vn 0.262186 -0.72035 -0.642149
vn 0.234919 -0.645434 -0.726793
vn 0.1584 -0.668342 -0.726793
vn 0.137864 -0.581695 -0.801638
vn 0.0694014 -0.593767 -0.801638
vn 0.0581202 -0.49725 -0.865658
vn -0 -0.500635 -0.865658
vn -0 -0.396645 -0.917972
vn -0.0460477 -0.393964 -0.917972
vn -0.0333476 -0.285307 -0.957856
vn -0.0662442 -0.279506 -0.957856
vn -0.0401118 -0.169245 -0.984757
vn -0.0594888 -0.163444 -0.984757
vn -0.0199203 -0.0547305 -0.998302
vn 0.886479 -0.447001 0.119774
vn 0.880905 -0.458836 0.11608
vn 0.89587 -0.438305 0.0728376
vn 0.88908 -0.436846 0.136756
vn 0.901362 -0.392492 0.183022
vn 0.877432 -0.420592 0.230686
vn 0.88794 -0.375365 0.265825
vn 0.865681 -0.365955 0.341576
vn 0.880706 -0.327703 0.342005
vn 0.88594 -0.266025 0.379923
vn 0.872546 -0.400182 0.28021
vn 0.917739 -0.280851 0.280851
vn 0.884926 -0.26481 0.383121
vn 0.906112 -0.178784 0.383403
vn 0.875263 -0.180664 0.448637
vn 0.873385 -0.154047 0.462026
vn 0.823217 -0.145198 0.548845
vn 0.823212 -0.145177 0.548859
vn 0.754939 -0.133137 0.642138
vn 0.754934 -0.133118 0.642149
vn 0.728797 -0.128509 0.672562
vn 0.697711 -0.0477248 0.714788
vn 0.720227 -0.0419485 0.692469
vn 0.720227 0.0419485 0.692469
vn 0.765283 0.0445727 0.642149
vn 0.8345 0.0486041 0.54886
vn 0.880022 0.0512554 0.472159
vn 0.884219 0.120887 0.451158
vn 0.884219 -0.120887 0.451158
vn 0.880022 -0.0512554 0.472159
vn 0.8345 -0.0486041 0.54886
vn 0.884756 -0.0406193 0.46428
vn 0.884756 0.0406193 0.46428
vn 0.906112 0.178784 0.383403
vn 0.875263 0.180664 0.448637
vn 0.873385 0.154047 0.462026
vn 0.823217 0.145198 0.548845
vn 0.823212 0.145177 0.548859
vn 0.754939 0.133137 0.642138
vn 0.754934 0.133118 0.642149
vn 0.728797 0.128509 0.672562
vn 0.697711 0.0477248 0.714788
vn 0.883932 0.268213 0.383047
vn 0.885981 0.265125 0.380455
vn 0.856404 0.256275 0.448214
vn 0.85638 0.256304 0.448242
vn 0.800807 0.239672 0.548877
vn 0.800783 0.239699 0.548899
vn 0.734376 0.219821 0.642161
vn 0.734353 0.219846 0.642179
vn 0.71942 0.215375 0.66034
vn 0.639461 0.227264 0.734466
vn 0.692335 0.298636 0.656878
vn 0.603384 0.312648 0.733607
vn 0.648638 0.374491 0.66259
vn 0.562051 0.396739 0.725739
vn 0.590436 0.439563 0.676882
vn 0.514609 0.480611 0.710064
vn 0.520556 0.491119 0.698444
vn 0.46717 0.556751 0.686863
vn 0.492748 0.587234 0.642149
vn 0.537316 0.640348 0.54886
vn 0.574612 0.684795 0.448193
vn 0.604142 0.719989 0.341509
vn 0.625517 0.745463 0.230246
vn 0.638456 0.760882 0.115899
vn 0.642788 0.766044 0
vn 0.638456 0.760882 -0.115899
vn 0.625517 0.745463 -0.230246
vn 0.604142 0.719989 -0.341509
vn 0.574612 0.684795 -0.448193
vn 0.537316 0.640348 -0.54886
vn 0.492748 0.587234 -0.642149
vn 0.441503 0.526162 -0.726793
vn 0.384264 0.457948 -0.801638
vn 0.321802 0.383509 -0.865658
vn 0.254959 0.303848 -0.917972
vn 0.18464 0.220046 -0.957856
vn 0.111802 0.133241 -0.984757
vn 0.0374379 0.0446168 -0.998302
vn 0.880706 0.327703 0.342005
vn 0.917739 0.280851 0.280851
vn 0.872546 0.400182 0.28021
vn 0.894861 0.404527 0.188634
vn 0.876527 0.422527 0.230587
vn 0.884412 0.381225 0.269227
vn 0.863127 0.37205 0.341454
vn 0.886479 0.447001 0.119774
vn 0.880905 0.458836 0.11608
vn 0.860189 0.49663 0.115899
vn 0.796718 0.593134 0.115899
vn 0.722472 0.681617 0.115899
vn 0.906587 0.420413 0.0367814
vn 0.863189 0.504881 0
vn 0.866025 0.5 0
vn 0.802123 0.597159 0
vn 0.727374 0.686242 0
vn 0.906587 0.420413 -0.0367814
vn 0.877946 0.462446 -0.123912
vn 0.885869 0.449175 -0.116092
vn 0.894861 0.404527 -0.188634
vn 0.876527 0.422527 -0.230587
vn 0.884412 0.381221 -0.26923
vn 0.863118 0.372042 -0.341485
vn 0.880703 0.327707 -0.342009
vn 0.886003 0.265095 -0.380424
vn 0.883941 0.268204 -0.383035
vn 0.906108 0.178787 -0.383411
vn 0.872502 0.400247 -0.280256
vn 0.917758 0.280821 -0.280821
vn 0.884219 0.120887 -0.451158
vn 0.87338 0.154063 -0.462031
vn 0.87526 0.180666 -0.448643
vn 0.856418 0.256243 -0.448204
vn 0.880022 0.0512554 -0.472159
vn 0.884756 0.0406193 -0.46428
vn 0.884756 -0.0406193 -0.46428
vn 0.880022 -0.0512554 -0.472159
vn 0.884219 -0.120887 -0.451158
vn 0.87338 -0.154063 -0.462031
vn 0.87526 -0.180666 -0.448643
vn 0.856418 -0.256243 -0.448204
vn 0.884941 -0.264777 -0.38311
vn 0.885961 -0.266001 -0.379889
vn 0.906108 -0.178787 -0.383411
vn 0.880703 -0.327707 -0.342009
vn 0.917758 -0.280821 -0.280821
vn 0.872502 -0.400247 -0.280256
vn 0.894861 -0.404527 -0.188634
vn 0.876527 -0.422527 -0.230587
vn 0.884412 -0.381221 -0.26923
vn 0.863118 -0.372042 -0.341485
vn 0.886479 -0.447001 -0.119774
vn 0.880905 -0.458836 -0.11608
vn 0.860189 -0.49663 -0.115899
vn 0.906587 -0.420413 -0.0367814
vn -0.906587 -0.420413 -0.0367814
vn -0.863189 -0.504881 0
vn -0.906587 -0.420413 0.0367814
vn -0.880905 -0.458836 0.11608
vn -0.886479 -0.447001 0.119774
vn -0.894861 -0.404527 0.188634
vn -0.876527 -0.422527 0.230587
vn -0.884412 -0.381225 0.269227
vn -0.863127 -0.37205 0.341454
vn -0.880706 -0.327703 0.342005
vn -0.885981 -0.265125 0.380455
vn -0.883932 -0.268213 0.383047
vn -0.906112 -0.178784 0.383403
vn -0.875263 -0.180664 0.448637
vn -0.873385 -0.154047 0.462026
vn -0.823217 -0.145198 0.548845
vn -0.823212 -0.145177 0.548859
vn -0.754939 -0.133137 0.642138
vn -0.754934 -0.133118 0.642149
vn -0.728797 -0.128509 0.672562
vn -0.697711 -0.0477248 0.714788
vn -0.877946 -0.462446 -0.123912
vn -0.885869 -0.449175 -0.116092
vn -0.860189 -0.49663 -0.115899
vn -0.796718 -0.593134 -0.115899
vn -0.722472 -0.681617 -0.115899
vn -0.638456 -0.760882 -0.115899
vn -0.545806 -0.829857 -0.115899
vn -0.445775 -0.88761 -0.115899
vn -0.339715 -0.93336 -0.115899
vn -0.229062 -0.966488 -0.115899
vn -0.115311 -0.986545 -0.115899
vn 2.47404e-17 -0.993261 -0.115899
vn 0.115311 -0.986545 -0.115899
vn 0.229062 -0.966488 -0.115899
vn 0.339715 -0.93336 -0.115899
vn 0.445775 -0.88761 -0.115899
vn 0.545806 -0.829857 -0.115899
vn 0.638456 -0.760882 -0.115899
vn 0.722472 -0.681617 -0.115899
vn 0.796718 -0.593134 -0.115899
vn -0.894861 -0.404527 -0.188634
vn -0.876527 -0.422527 -0.230587
vn -0.842757 -0.486566 -0.230246
vn -0.780572 -0.581114 -0.230246
vn -0.707831 -0.667804 -0.230246
vn -0.625517 -0.745463 -0.230246
vn -0.534745 -0.81304 -0.230246
vn -0.436741 -0.869623 -0.230246
vn -0.332831 -0.914445 -0.230246
vn -0.22442 -0.946901 -0.230246
vn -0.112974 -0.966552 -0.230246
vn 0 -0.973132 -0.230246
vn 0.112974 -0.966552 -0.230246
vn 0.22442 -0.946901 -0.230246
vn 0.332831 -0.914445 -0.230246
vn 0.436741 -0.869623 -0.230246
vn 0.534745 -0.81304 -0.230246
vn 0.625517 -0.745463 -0.230246
vn 0.707831 -0.667804 -0.230246
vn -0.884412 -0.381221 -0.26923
vn -0.872502 -0.400247 -0.280256
vn -0.917758 -0.280821 -0.280821
vn -0.883941 -0.268204 -0.383035
vn -0.886003 -0.265095 -0.380424
vn -0.880703 -0.327707 -0.342009
vn -0.863118 -0.372042 -0.341485
vn -0.906108 -0.178787 -0.383411
vn -0.87526 -0.180666 -0.448643
vn -0.856418 -0.256243 -0.448204
vn -0.856409 -0.256255 -0.448216
vn -0.820922 -0.353878 -0.448171
vn -0.820906 -0.353894 -0.448188
vn -0.774172 -0.446969 -0.448193
vn -0.717048 -0.533822 -0.448193
vn -0.650226 -0.613457 -0.448193
vn -0.574612 -0.684795 -0.448193
vn -0.491226 -0.746873 -0.448193
vn -0.401198 -0.798851 -0.448193
vn -0.305744 -0.840026 -0.448193
vn -0.206156 -0.869841 -0.448193
vn -0.10378 -0.887893 -0.448193
vn 0 -0.893937 -0.448193
vn 0.10378 -0.887893 -0.448193
vn 0.206156 -0.869841 -0.448193
vn 0.305744 -0.840026 -0.448193
vn 0.401198 -0.798851 -0.448193
vn 0.491226 -0.746873 -0.448193
vn -0.87338 -0.154063 -0.462031
vn -0.884219 -0.120887 -0.451158
vn -0.880022 -0.0512554 -0.472159
vn -0.884756 -0.0406193 -0.46428
vn -0.884756 0.0406193 -0.46428
vn -0.880022 0.0512554 -0.472159
vn -0.884219 0.120887 -0.451158
vn -0.87338 0.154063 -0.462031
vn -0.87526 0.180666 -0.448643
vn -0.856418 0.256243 -0.448204
vn -0.884941 0.264777 -0.38311
vn -0.885961 0.266001 -0.379889
vn -0.906108 0.178787 -0.383411
vn -0.880703 0.327707 -0.342009
vn -0.917758 0.280821 -0.280821
vn -0.872502 0.400247 -0.280256
vn -0.894861 0.404527 -0.188634
vn -0.876527 0.422527 -0.230587
vn -0.884412 0.381221 -0.26923
vn -0.863118 0.372042 -0.341485
vn -0.886479 0.447001 -0.119774
vn -0.880905 0.458836 -0.11608
vn -0.860189 0.49663 -0.115899
vn -0.796718 0.593134 -0.115899
vn -0.722472 0.681617 -0.115899
vn -0.638456 0.760882 -0.115899
vn -0.545806 0.829857 -0.115899
vn -0.445775 0.88761 -0.115899
vn -0.339715 0.93336 -0.115899
vn -0.229062 0.966488 -0.115899
vn -0.115311 0.986545 -0.115899
vn 0 0.993261 -0.115899
vn 0.115311 0.986545 -0.115899
vn 0.229062 0.966488 -0.115899
vn 0.339715 0.93336 -0.115899
vn 0.445775 0.88761 -0.115899
vn 0.545806 0.829857 -0.115899
vn -0.906587 0.420413 -0.0367814
vn -0.863189 0.504881 0
vn -0.866025 0.5 0
vn -0.802123 0.597159 0
vn -0.727374 0.686242 0
vn -0.642788 0.766044 0
vn -0.549509 0.835488 0
vn -0.448799 0.893633 0
vn -0.34202 0.939693 0
vn -0.230616 0.973045 0
vn -0.116093 0.993238 0
vn 0 1 0
vn 0.116093 0.993238 0
vn 0.230616 0.973045 0
vn 0.34202 0.939693 0
vn 0.448799 0.893633 0
vn 0.549509 0.835488 0
vn -0.897885 0.43929 0.0287566
vn -0.933464 0.357306 0.0312603
vn -0.89587 0.438305 0.0728376
vn -0.880905 0.458836 0.11608
vn -0.860189 0.49663 0.115899
vn -0.796718 0.593134 0.115899
vn -0.722472 0.681617 0.115899
vn -0.638456 0.760882 0.115899
vn -0.545806 0.829857 0.115899
vn -0.445775 0.88761 0.115899
vn -0.339715 0.93336 0.115899
vn -0.229062 0.966488 0.115899
vn -0.115311 0.986545 0.115899
vn -2.47404e-17 0.993261 0.115899
vn 0.115311 0.986545 0.115899
vn 0.229062 0.966488 0.115899
vn 0.339715 0.93336 0.115899
vn 0.445775 0.88761 0.115899
vn 0.545806 0.829857 0.115899
vn -0.886479 0.447001 0.119774
vn -0.88908 0.436846 0.136756
vn -0.873361 0.429122 0.230422
vn -0.877432 0.420592 0.230686
vn -0.88794 0.375365 0.265825
vn -0.872546 0.400182 0.28021
vn -0.917739 0.280851 0.280851
vn -0.901362 0.392492 0.183022
vn -0.880706 0.327703 0.342005
vn -0.88594 0.266025 0.379923
vn -0.884926 0.26481 0.383121
vn -0.906112 0.178784 0.383403
vn -0.875263 0.180664 0.448637
vn -0.873385 0.154047 0.462026
vn -0.823217 0.145198 0.548845
vn -0.823212 0.145177 0.548859
vn -0.754939 0.133137 0.642138
vn -0.754934 0.133118 0.642149
vn -0.728797 0.128509 0.672562
vn -0.697711 0.0477248 0.714788
vn -0.720227 0.0419485 0.692469
vn -0.720227 -0.0419485 0.692469
vn -0.765283 -0.0445727 0.642149
vn -0.8345 -0.0486041 0.54886
vn -0.880022 -0.0512554 0.472159
vn -0.884219 -0.120887 0.451158
vn -0.884219 0.120887 0.451158
vn -0.880022 0.0512554 0.472159
vn -0.8345 0.0486041 0.54886
vn -0.884756 0.0406193 0.46428
vn -0.884756 -0.0406193 0.46428
vn -0.917739 -0.280851 0.280851
vn -0.872546 -0.400182 0.28021
vn -0.670832 0.1394 0.72839
vn -0.71942 0.215375 0.66034
vn -0.734353 0.219846 0.642179
vn -0.704491 0.302188 0.642164
vn -0.767618 0.329266 0.54986
vn -0.748004 0.372247 0.549474
vn -0.80004 0.398142 0.448797
vn -0.774172 0.446969 0.448193
vn -0.813959 0.469939 0.341509
vn -0.753898 0.561257 0.341509
vn -0.780572 0.581114 0.230246
vn -0.707831 0.667804 0.230246
vn -0.639461 0.227264 0.734466
vn -0.692112 0.298315 0.657259
vn -0.703376 0.303169 0.642924
vn -0.685239 0.342457 0.642783
vn -0.747354 0.3735 0.549508
vn -0.723923 0.417957 0.54886
vn -0.717048 0.533822 0.448193
vn -0.683643 0.644984 0.341509
vn -0.625517 0.745463 0.230246
vn -0.618887 0.310604 0.721459
vn -0.603384 0.312648 0.733607
vn -0.648638 0.374491 0.66259
vn -0.562051 0.396739 0.725739
vn -0.590436 0.439563 0.676882
vn -0.514609 0.480611 0.710064
vn -0.520556 0.491119 0.698444
vn -0.46717 0.556751 0.686863
vn -0.492748 0.587234 0.642149
vn -0.421243 0.640468 0.642149
vn -0.459343 0.698396 0.54886
vn -0.375158 0.747001 0.54886
vn -0.401198 0.798851 0.448193
vn -0.305744 0.840026 0.448193
vn -0.321457 0.883197 0.341509
vn -0.216751 0.914544 0.341509
vn -0.22442 0.946901 0.230246
vn -0.112974 0.966552 0.230246
vn -0.43864 0.539161 0.718957
vn -0.408564 0.621191 0.668728
vn -0.34404 0.685041 0.642149
vn -0.2859 0.785503 0.54886
vn -0.206156 0.869841 0.448193
vn -0.109113 0.933523 0.341509
vn 0 0.973132 0.230246
vn -0.354785 0.583419 0.730581
vn -0.337713 0.672443 0.658613
vn -0.262186 0.72035 0.642149
vn -0.192775 0.813382 0.54886
vn -0.10378 0.887893 0.448193
vn 0 0.939878 0.341509
vn 0.112974 0.966552 0.230246
vn -0.27019 0.622039 0.734891
vn -0.257707 0.708044 0.657466
vn -0.176786 0.745917 0.642149
vn -0.0970438 0.830262 0.54886
vn 0 0.893937 0.448193
vn 0.109113 0.933523 0.341509
vn 0.22442 0.946901 0.230246
vn -0.183722 0.655713 0.732316
vn -0.172152 0.726368 0.665397
vn -0.0889945 0.761397 0.642149
vn 0 0.835915 0.54886
vn 0.10378 0.887893 0.448193
vn 0.216751 0.914544 0.341509
vn 0.332831 0.914445 0.230246
vn -0.0941275 0.684828 0.7226
vn -0.0849419 0.726724 0.681657
vn 0 0.76658 0.642149
vn 0.0970438 0.830262 0.54886
vn 0.206156 0.869841 0.448193
vn 0.321457 0.883197 0.341509
vn 0.436741 0.869623 0.230246
vn 0 0.70945 0.704755
vn 0.0889945 0.761397 0.642149
vn 0.192775 0.813382 0.54886
vn 0.305744 0.840026 0.448193
vn 0.421817 0.839906 0.341509
vn 0.534745 0.81304 0.230246
vn 0.0849419 0.726724 0.681657
vn 0.0941275 0.684828 0.7226
vn 0.172152 0.726368 0.665397
vn 0.183722 0.655713 0.732316
vn 0.257707 0.708044 0.657466
vn 0.27019 0.622039 0.734891
vn 0.337713 0.672443 0.658613
vn 0.354785 0.583419 0.730581
vn 0.408564 0.621191 0.668728
vn 0.43864 0.539161 0.718957
vn 0.670832 0.1394 0.72839
vn 0.670832 -0.1394 0.72839
vn 0.71942 -0.215375 0.66034
vn 0.734353 -0.219846 0.642179
vn 0.704491 -0.302188 0.642164
vn 0.767618 -0.329266 0.54986
vn 0.748004 -0.372247 0.549474
vn 0.80004 -0.398142 0.448797
vn 0.774172 -0.446969 0.448193
vn 0.813959 -0.469939 0.341509
vn 0.753898 -0.561257 0.341509
vn 0.780572 -0.581114 0.230246
vn 0.707831 -0.667804 0.230246
vn 0.722472 -0.681617 0.115899
vn 0.638456 -0.760882 0.115899
vn 0.642788 -0.766044 0
vn 0.549509 -0.835488 0
vn 0.639461 -0.227264 0.734466
vn 0.692112 -0.298315 0.657259
vn 0.703376 -0.303169 0.642924
vn 0.685239 -0.342457 0.642783
vn 0.747354 -0.3735 0.549508
vn 0.723923 -0.417957 0.54886
vn 0.717048 -0.533822 0.448193
vn 0.683643 -0.644984 0.341509
vn 0.625517 -0.745463 0.230246
vn 0.545806 -0.829857 0.115899
vn 0.448799 -0.893633 0
vn 0.618887 -0.310604 0.721459
vn 0.603384 -0.312648 0.733607
vn 0.648638 -0.374491 0.66259
vn 0.562051 -0.396739 0.725739
vn 0.590436 -0.439563 0.676882
vn 0.514609 -0.480611 0.710064
vn 0.520556 -0.491119 0.698444
vn 0.46717 -0.556751 0.686863
vn 0.492748 -0.587234 0.642149
vn 0.421243 -0.640468 0.642149
vn 0.459343 -0.698396 0.54886
vn 0.375158 -0.747001 0.54886
vn 0.401198 -0.798851 0.448193
vn 0.305744 -0.840026 0.448193
vn 0.321457 -0.883197 0.341509
vn 0.216751 -0.914544 0.341509
vn 0.22442 -0.946901 0.230246
vn 0.112974 -0.966552 0.230246
vn 0.115311 -0.986545 0.115899
vn 2.47404e-17 -0.993261 0.115899
vn 0 -1 0
vn -0.116093 -0.993238 0
vn 0.43864 -0.539161 0.718957
vn 0.408564 -0.621191 0.668728
vn 0.34404 -0.685041 0.642149
vn 0.2859 -0.785503 0.54886
vn 0.206156 -0.869841 0.448193
vn 0.109113 -0.933523 0.341509
vn 0 -0.973132 0.230246
vn -0.115311 -0.986545 0.115899
vn -0.230616 -0.973045 0
vn 0.354785 -0.583419 0.730581
vn 0.337713 -0.672443 0.658613
vn 0.262186 -0.72035 0.642149
vn 0.192775 -0.813382 0.54886
vn 0.10378 -0.887893 0.448193
vn 0 -0.939878 0.341509
vn -0.112974 -0.966552 0.230246
vn -0.229062 -0.966488 0.115899
vn -0.34202 -0.939693 0
vn 0.27019 -0.622039 0.734891
vn 0.257707 -0.708044 0.657466
vn 0.176786 -0.745917 0.642149
vn 0.0970438 -0.830262 0.54886
vn 0 -0.893937 0.448193
vn -0.109113 -0.933523 0.341509
vn -0.22442 -0.946901 0.230246
vn -0.339715 -0.93336 0.115899
vn -0.448799 -0.893633 0
vn 0.183722 -0.655713 0.732316
vn 0.172152 -0.726368 0.665397
vn 0.0889945 -0.761397 0.642149
vn 0 -0.835915 0.54886
vn -0.10378 -0.887893 0.448193
vn -0.216751 -0.914544 0.341509
vn -0.332831 -0.914445 0.230246
vn -0.445775 -0.88761 0.115899
vn -0.549509 -0.835488 0
vn 0.0941275 -0.684828 0.7226
vn 0.0849419 -0.726724 0.681657
vn 0 -0.76658 0.642149
vn -0.0970438 -0.830262 0.54886
vn -0.206156 -0.869841 0.448193
vn -0.321457 -0.883197 0.341509
vn -0.436741 -0.869623 0.230246
vn -0.545806 -0.829857 0.115899
vn -0.642788 -0.766044 0
vn 0 -0.70945 0.704755
vn -0.0889945 -0.761397 0.642149
vn -0.192775 -0.813382 0.54886
vn -0.305744 -0.840026 0.448193
vn -0.421817 -0.839906 0.341509
vn -0.534745 -0.81304 0.230246
vn -0.638456 -0.760882 0.115899
vn -0.727374 -0.686242 0
vn -0.0849419 -0.726724 0.681657
vn -0.0941275 -0.684828 0.7226
vn -0.172152 -0.726368 0.665397
vn -0.183722 -0.655713 0.732316
vn -0.257707 -0.708044 0.657466
vn -0.27019 -0.622039 0.734891
vn -0.337713 -0.672443 0.658613
vn -0.354785 -0.583419 0.730581
vn -0.408564 -0.621191 0.668728
vn -0.43864 -0.539161 0.718957
vn -0.46717 -0.556751 0.686863
vn -0.520556 -0.491119 0.698444
vn -0.55759 -0.526059 0.642149
vn -0.614892 -0.45777 0.642149
vn -0.670506 -0.499174 0.54886
vn -0.723923 -0.417957 0.54886
vn -0.774172 -0.446969 0.448193
vn -0.820877 -0.35396 0.44819
vn -0.820919 -0.353918 0.448145
vn -0.85638 -0.256304 0.448242
vn -0.856404 -0.256275 0.448214
vn -0.514609 -0.480611 0.710064
vn -0.590436 -0.439563 0.676882
vn -0.663878 -0.38329 0.642149
vn -0.767575 -0.331034 0.548858
vn -0.767618 -0.330995 0.548821
vn -0.800783 -0.239699 0.548899
vn -0.800807 -0.239672 0.548877
vn -0.562051 -0.396739 0.725739
vn -0.648638 -0.374491 0.66259
vn -0.703889 -0.30362 0.642149
vn -0.70393 -0.303585 0.64212
vn -0.734353 -0.219846 0.642179
vn -0.734376 -0.219821 0.642161
vn -0.603384 -0.312648 0.733607
vn -0.692335 -0.298636 0.656878
vn -0.639461 -0.227264 0.734466
vn -0.71942 -0.215375 0.66034
vn -0.670832 -0.1394 0.72839
vn -0.0581445 -0.00338653 -0.998302
vn -0.0534803 -0.0230676 -0.998302
vn -0.0504399 -0.0291215 -0.998302
vn -0.0467181 -0.0347803 -0.998302
vn -0.0423644 -0.0399688 -0.998302
vn -0.0374379 -0.0446168 -0.998302
vn -0.0320051 -0.0486613 -0.998302
vn -0.0261394 -0.0520479 -0.998302
vn -0.0134318 -0.0566731 -0.998302
vn -0.0067616 -0.0578492 -0.998302
vn 0 -0.058243 -0.998302
vn 0.0067616 -0.0578492 -0.998302
vn 0.0134318 -0.0566731 -0.998302
vn 0.0199203 -0.0547305 -0.998302
vn 0.0261394 -0.0520479 -0.998302
vn 0.0374379 -0.0446168 -0.998302
vn 0.0423644 -0.0399688 -0.998302
vn 0.0467181 -0.0347803 -0.998302
vn 0.0504399 -0.0291215 -0.998302
vn 0.0573581 -0.0101142 -0.998302
vn 0.0581445 -0.00338653 -0.998302
vn 0.0581445 0.00338653 -0.998302
vn 0.0534803 0.0230676 -0.998302
vn 0.0504399 0.0291215 -0.998302
vn 0.0467181 0.0347803 -0.998302
vn 0.0423644 0.0399688 -0.998302
vn 0.0320051 0.0486613 -0.998302
vn 0.0199203 0.0547305 -0.998302
vn 0.0134318 0.0566731 -0.998302
vn 0.0067616 0.0578492 -0.998302
vn 0 0.058243 -0.998302
vn -0.0067616 0.0578492 -0.998302
vn -0.0134318 0.0566731 -0.998302
vn -0.0199203 0.0547305 -0.998302
vn -0.0261394 0.0520479 -0.998302
vn -0.0320051 0.0486613 -0.998302
vn -0.0374379 0.0446168 -0.998302
vn -0.0423644 0.0399688 -0.998302
vn -0.0467181 0.0347803 -0.998302
vn -0.0504399 0.0291215 -0.998302
vn -0.0573581 0.0101142 -0.998302
vn -0.0581445 0.00338653 -0.998302
vn -0.173639 0.0101133 -0.984757
vn -0.171291 0.0302046 -0.984757
vn -0.166627 0.0498791 -0.984758
vn -0.275181 0.0823741 -0.957857
vn -0.263767 0.113756 -0.957855
vn -0.364219 0.157078 -0.917971
vn -0.343505 0.198323 -0.917972
vn -0.318159 0.23686 -0.917972
vn -0.288509 0.272195 -0.917972
vn -0.254959 0.303848 -0.917972
vn -0.21796 0.331392 -0.917972
vn -0.178014 0.354455 -0.917972
vn -0.135661 0.372725 -0.917972
vn -0.0914727 0.385954 -0.917972
vn -0.0460477 0.393964 -0.917972
vn 0 0.396645 -0.917972
vn 0.0460477 0.393964 -0.917972
vn 0.0914727 0.385954 -0.917972
vn 0.135661 0.372725 -0.917972
vn 0.178014 0.354455 -0.917972
vn 0.21796 0.331392 -0.917972
vn -0.286763 0.0167021 -0.957856
vn -0.282885 0.0498847 -0.957856
vn -0.275184 0.08237 -0.957856
vn -0.379982 0.113739 -0.917974
vn -0.364226 0.15707 -0.91797
vn -0.459712 0.198248 -0.865657
vn -0.433563 0.250318 -0.865658
vn -0.401571 0.298959 -0.865658
vn -0.364149 0.343557 -0.865658
vn -0.321802 0.383509 -0.865658
vn -0.275103 0.418275 -0.865658
vn -0.224685 0.447384 -0.865658
vn -0.171227 0.470443 -0.865658
vn -0.115454 0.48714 -0.865658
vn -0.0581202 0.49725 -0.865658
vn 0 0.500635 -0.865658
vn 0.0581202 0.49725 -0.865658
vn 0.115454 0.48714 -0.865658
vn 0.171227 0.470443 -0.865658
vn 0.224685 0.447384 -0.865658
vn 0.275103 0.418275 -0.865658
vn -0.173639 -0.0101133 -0.984757
vn -0.171291 -0.0302046 -0.984757
vn -0.0573581 -0.0101142 -0.998302
vn -0.0557964 -0.0167034 -0.998302
vn -0.395974 0.0230629 -0.917972
vn -0.390618 0.0688859 -0.917972
vn -0.379986 0.113733 -0.917973
vn -0.479604 0.14355 -0.865663
vn -0.459722 0.198239 -0.865654
vn -0.548949 0.236715 -0.801636
vn -0.517718 0.298905 -0.801638
vn -0.479517 0.356987 -0.801638
vn -0.434831 0.410242 -0.801638
vn -0.384264 0.457948 -0.801638
vn -0.328501 0.499462 -0.801638
vn -0.268296 0.534222 -0.801638
vn -0.204463 0.561757 -0.801638
vn -0.137864 0.581695 -0.801638
vn -0.0694014 0.593767 -0.801638
vn 0 0.597809 -0.801638
vn 0.0694014 0.593767 -0.801638
vn 0.137864 0.581695 -0.801638
vn 0.204463 0.561757 -0.801638
vn 0.268296 0.534222 -0.801638
vn 0.328501 0.499462 -0.801638
vn -0.286763 -0.0167021 -0.957856
vn -0.282885 -0.0498847 -0.957856
vn -0.171291 -0.0302059 -0.984757
vn -0.166627 -0.0498791 -0.984758
vn -0.159713 -0.0688843 -0.984757
vn -0.150631 -0.0869668 -0.984757
vn -0.139516 -0.103866 -0.984757
vn -0.126515 -0.11936 -0.984757
vn -0.111802 -0.133241 -0.984757
vn -0.0955781 -0.145319 -0.984757
vn -0.0780612 -0.155433 -0.984757
vn -0.0594888 -0.163444 -0.984757
vn -0.499788 0.0291093 -0.865658
vn -0.493027 0.0869497 -0.865658
vn -0.47961 0.143543 -0.865661
vn -0.572698 0.171404 -0.801647
vn -0.548961 0.236705 -0.801631
vn -0.630724 0.27196 -0.72679
vn -0.594835 0.343428 -0.726793
vn -0.550943 0.410162 -0.726793
vn -0.499601 0.471349 -0.726793
vn -0.441503 0.526162 -0.726793
vn -0.377434 0.57386 -0.726793
vn -0.308261 0.613797 -0.726793
vn -0.234919 0.645434 -0.726793
vn -0.1584 0.668342 -0.726793
vn -0.0797391 0.682212 -0.726793
vn 0 0.686856 -0.726793
vn 0.0797391 0.682212 -0.726793
vn 0.1584 0.668342 -0.726793
vn 0.234919 0.645434 -0.726793
vn 0.308261 0.613797 -0.726793
vn 0.377434 0.57386 -0.726793
vn -0.395974 -0.0230629 -0.917972
vn -0.390618 -0.0688859 -0.917972
vn -0.282885 -0.049887 -0.957856
vn -0.275184 -0.08237 -0.957856
vn -0.263767 -0.113756 -0.957855
vn -0.248765 -0.143625 -0.957856
vn -0.230409 -0.171533 -0.957856
vn -0.208937 -0.197122 -0.957856
vn -0.18464 -0.220046 -0.957856
vn -0.157846 -0.239993 -0.957856
vn -0.128917 -0.256695 -0.957856
vn -0.098245 -0.269926 -0.957856
vn -0.0662442 -0.279506 -0.957856
vn -0.596798 0.0347595 -0.801638
vn -0.588724 0.103831 -0.801638
vn -0.572706 0.171396 -0.801643
vn -0.658008 0.196925 -0.726805
vn -0.630738 0.271948 -0.726783
vn -0.70394 0.30351 -0.642145
vn -0.663878 0.38329 -0.642149
vn -0.614892 0.45777 -0.642149
vn -0.55759 0.526059 -0.642149
vn -0.492748 0.587234 -0.642149
vn -0.421243 0.640468 -0.642149
vn -0.34404 0.685041 -0.642149
vn -0.262186 0.72035 -0.642149
vn -0.176786 0.745917 -0.642149
vn -0.0889945 0.761397 -0.642149
vn 0 0.76658 -0.642149
vn 0.0889945 0.761397 -0.642149
vn 0.176786 0.745917 -0.642149
vn 0.262186 0.72035 -0.642149
vn 0.34404 0.685041 -0.642149
vn 0.421243 0.640468 -0.642149
vn -0.499788 -0.0291093 -0.865658
vn -0.493027 -0.0869497 -0.865658
vn -0.390619 -0.0688891 -0.917971
vn -0.379986 -0.113733 -0.917973
vn -0.364226 -0.15707 -0.91797
vn -0.364219 -0.157078 -0.917971
vn -0.343505 -0.198323 -0.917972
vn -0.318159 -0.23686 -0.917972
vn -0.288509 -0.272195 -0.917972
vn -0.254959 -0.303848 -0.917972
vn -0.21796 -0.331392 -0.917972
vn -0.178014 -0.354455 -0.917972
vn -0.135661 -0.372725 -0.917972
vn -0.0914727 -0.385954 -0.917972
vn -0.0460477 -0.393964 -0.917972
vn -0.685694 0.0399371 -0.726793
vn -0.676417 0.119303 -0.726792
vn -0.658017 0.196915 -0.7268
vn -0.734388 0.21977 -0.642165
vn -0.703956 0.303496 -0.642134
vn -0.767616 0.330943 -0.548855
vn -0.723923 0.417957 -0.54886
vn -0.670506 0.499174 -0.54886
vn -0.608022 0.573639 -0.54886
vn -0.537316 0.640348 -0.54886
vn -0.459343 0.698396 -0.54886
vn -0.375158 0.747001 -0.54886
vn -0.2859 0.785503 -0.54886
vn -0.192775 0.813382 -0.54886
vn -0.0970438 0.830262 -0.54886
vn 0 0.835915 -0.54886
vn 0.0970438 0.830262 -0.54886
vn 0.192775 0.813382 -0.54886
vn 0.2859 0.785503 -0.54886
vn 0.375158 0.747001 -0.54886
vn 0.459343 0.698396 -0.54886
vn -0.596798 -0.0347595 -0.801638
vn -0.588724 -0.103831 -0.801638
vn -0.493028 -0.0869538 -0.865657
vn -0.47961 -0.143543 -0.865661
vn -0.459722 -0.198239 -0.865654
vn -0.459712 -0.198248 -0.865657
vn -0.433563 -0.250318 -0.865658
vn -0.401571 -0.298959 -0.865658
vn -0.364149 -0.343557 -0.865658
vn -0.321802 -0.383509 -0.865658
vn -0.275103 -0.418275 -0.865658
vn -0.224685 -0.447384 -0.865658
vn -0.171227 -0.470443 -0.865658
vn -0.115454 -0.48714 -0.865658
vn -0.0581202 -0.49725 -0.865658
vn 0 -0.500635 -0.865658
vn -0.765283 0.0445727 -0.642149
vn -0.754928 0.133156 -0.642148
vn -0.734397 0.21976 -0.642158
vn -0.800816 0.239635 -0.54888
vn -0.767633 0.330928 -0.548841
vn -0.820906 0.353894 -0.448188
vn -0.774172 0.446969 -0.448193
vn -0.717048 0.533822 -0.448193
vn -0.650226 0.613457 -0.448193
vn -0.574612 0.684795 -0.448193
vn -0.491226 0.746873 -0.448193
vn -0.401198 0.798851 -0.448193
vn -0.305744 0.840026 -0.448193
vn -0.206156 0.869841 -0.448193
vn -0.10378 0.887893 -0.448193
vn 0 0.893937 -0.448193
vn 0.10378 0.887893 -0.448193
vn 0.206156 0.869841 -0.448193
vn 0.305744 0.840026 -0.448193
vn 0.401198 0.798851 -0.448193
vn 0.491226 0.746873 -0.448193
vn -0.685694 -0.0399371 -0.726793
vn -0.676417 -0.119303 -0.726792
vn -0.588725 -0.103836 -0.801636
vn -0.572706 -0.171396 -0.801643
vn -0.572698 -0.171404 -0.801647
vn -0.548961 -0.236705 -0.801631
vn -0.548949 -0.236715 -0.801636
vn -0.517718 -0.298905 -0.801638
vn -0.479517 -0.356987 -0.801638
vn -0.434831 -0.410242 -0.801638
vn -0.384264 -0.457948 -0.801638
vn -0.328501 -0.499462 -0.801638
vn -0.268296 -0.534222 -0.801638
vn -0.204463 -0.561757 -0.801638
vn -0.137864 -0.581695 -0.801638
vn -0.0694014 -0.593767 -0.801638
vn 0 -0.597809 -0.801638
vn 0.0694014 -0.593767 -0.801638
vn -0.8345 0.0486041 -0.54886
vn -0.823207 0.145206 -0.548858
vn -0.800826 0.239624 -0.54887
vn -0.856409 0.256255 -0.448216
vn -0.820922 0.353878 -0.448171
vn -0.863102 0.37206 -0.341505
vn -0.813959 0.469939 -0.341509
vn -0.753898 0.561257 -0.341509
vn -0.683643 0.644984 -0.341509
vn -0.604142 0.719989 -0.341509
vn -0.516472 0.785257 -0.341509
vn -0.421817 0.839906 -0.341509
vn -0.321457 0.883197 -0.341509
vn -0.216751 0.914544 -0.341509
vn -0.109113 0.933523 -0.341509
vn 0 0.939878 -0.341509
vn 0.109113 0.933523 -0.341509
vn 0.216751 0.914544 -0.341509
vn 0.321457 0.883197 -0.341509
vn 0.421817 0.839906 -0.341509
vn 0.516472 0.785257 -0.341509
vn -0.765283 -0.0445727 -0.642149
vn -0.754928 -0.133156 -0.642148
vn -0.676418 -0.119308 -0.72679
vn -0.658017 -0.196915 -0.7268
vn -0.658008 -0.196925 -0.726805
vn -0.630738 -0.271948 -0.726783
vn -0.630724 -0.27196 -0.72679
vn -0.594835 -0.343428 -0.726793
vn -0.550943 -0.410162 -0.726793
vn -0.499601 -0.471349 -0.726793
vn -0.441503 -0.526162 -0.726793
vn -0.377434 -0.57386 -0.726793
vn -0.308261 -0.613797 -0.726793
vn -0.234919 -0.645434 -0.726793
vn -0.1584 -0.668342 -0.726793
vn -0.0797391 -0.682212 -0.726793
vn 0 -0.686856 -0.726793
vn 0.0797391 -0.682212 -0.726793
vn 0.1584 -0.668342 -0.726793
vn -0.8345 -0.0486041 -0.54886
vn -0.823207 -0.145206 -0.548858
vn -0.75493 -0.133162 -0.642144
vn -0.734397 -0.21976 -0.642158
vn -0.734388 -0.21977 -0.642165
vn -0.703956 -0.303496 -0.642134
vn -0.70394 -0.30351 -0.642145
vn -0.663878 -0.38329 -0.642149
vn -0.614892 -0.45777 -0.642149
vn -0.55759 -0.526059 -0.642149
vn -0.492748 -0.587234 -0.642149
vn -0.421243 -0.640468 -0.642149
vn -0.34404 -0.685041 -0.642149
vn -0.262186 -0.72035 -0.642149
vn -0.176786 -0.745917 -0.642149
vn -0.0889945 -0.761397 -0.642149
vn 0 -0.76658 -0.642149
vn 0.0889945 -0.761397 -0.642149
vn 0.176786 -0.745917 -0.642149
vn 0.262186 -0.72035 -0.642149
vn -0.8345 0.0486041 0.54886
vn -0.765283 0.0445727 0.642149
vn 0.0320051 -0.0486613 -0.998302
vn 0.0534803 -0.0230676 -0.998302
vn 0.15971 -0.0688878 -0.984757
vn 0.150631 -0.0869668 -0.984757
vn 0.139516 -0.103866 -0.984757
vn 0.126515 -0.11936 -0.984757
vn 0.111802 -0.133241 -0.984757
vn 0.0955781 -0.145319 -0.984757
vn 0.0780612 -0.155433 -0.984757
vn 0.0594888 -0.163444 -0.984757
vn 0.0401118 -0.169245 -0.984757
vn 0.0201925 -0.172757 -0.984757
vn -0 -0.173934 -0.984757
vn -0.0201925 -0.172757 -0.984757
vn -0.0401118 -0.169245 -0.984757
vn 0.0557964 -0.0167034 -0.998302
vn 0.0573581 0.0101142 -0.998302
vn 0.171291 0.0302046 -0.984757
vn 0.173639 0.0101133 -0.984757
vn 0.173639 -0.0101133 -0.984757
vn 0.171291 -0.0302046 -0.984757
vn 0.166627 -0.0498791 -0.984758
vn 0.275181 -0.0823741 -0.957857
vn 0.263767 -0.113756 -0.957855
vn 0.364219 -0.157078 -0.917971
vn 0.343505 -0.198323 -0.917972
vn 0.318159 -0.23686 -0.917972
vn 0.288509 -0.272195 -0.917972
vn 0.254959 -0.303848 -0.917972
vn 0.21796 -0.331392 -0.917972
vn 0.178014 -0.354455 -0.917972
vn 0.135661 -0.372725 -0.917972
vn 0.0914727 -0.385954 -0.917972
vn 0.0460477 -0.393964 -0.917972
vn -0 -0.396645 -0.917972
vn 0.0557964 0.0167034 -0.998302
vn 0.0261394 0.0520479 -0.998302
vn -0.0534803 0.0230676 -0.998302
vn -0.15971 0.0688878 -0.984757
vn -0.150631 0.0869668 -0.984757
vn -0.139516 0.103866 -0.984757
vn -0.126515 0.11936 -0.984757
vn -0.111802 0.133241 -0.984757
vn -0.0955781 0.145319 -0.984757
vn -0.0780612 0.155433 -0.984757
vn -0.0594888 0.163444 -0.984757
vn -0.0401118 0.169245 -0.984757
vn -0.0201925 0.172757 -0.984757
vn 0 0.173934 -0.984757
vn 0.0201925 0.172757 -0.984757
vn 0.0401118 0.169245 -0.984757
vn 0.0594888 0.163444 -0.984757
vn 0.0780612 0.155433 -0.984757
vn 0.0955781 0.145319 -0.984757
vn -0.0557964 0.0167034 -0.998302
vn 0.821609 -0.350722 0.449392
vn 0.822747 -0.349505 0.448256
vn 0.85638 -0.256304 0.448242
vn 0.856404 -0.256275 0.448214
vn 0.864609 -0.367288 0.342856
vn 0.842728 -0.41584 0.341887
vn 0.872595 -0.430577 0.23061
vn 0.842757 -0.486566 0.230246
vn 0.860189 -0.49663 0.115899
vn 0.796718 -0.593134 0.115899
vn 0.802123 -0.597159 0
vn 0.727374 -0.686242 0
vn 0.841982 -0.417242 0.342016
vn 0.800746 -0.396807 0.448721
vn 0.873361 -0.429122 0.230422
vn 0.768773 -0.328168 0.548903
vn 0.800783 -0.239699 0.548899
vn 0.734376 -0.219821 0.642161
vn 0.800807 -0.239672 0.548877
vn 0.765283 -0.0445727 0.642149
vn 0.8345 -0.0486041 0.54886
vn 0.820919 0.353918 0.448145
vn 0.863086 0.372097 0.341506
vn 0.813959 0.469939 0.341509
vn 0.753898 0.561257 0.341509
vn 0.683643 0.644984 0.341509
vn 0.767618 0.330995 0.548821
vn 0.820877 0.35396 0.44819
vn 0.774172 0.446969 0.448193
vn 0.717048 0.533822 0.448193
vn 0.650226 0.613457 0.448193
vn 0.70393 0.303585 0.64212
vn 0.767575 0.331034 0.548858
vn 0.723923 0.417957 0.54886
vn 0.670506 0.499174 0.54886
vn 0.608022 0.573639 0.54886
vn 0.15971 0.0688878 -0.984757
vn 0.166626 0.0498816 -0.984758
vn 0.171291 0.0302059 -0.984757
vn 0.282885 0.0498847 -0.957856
vn 0.286763 0.0167021 -0.957856
vn 0.286763 -0.0167021 -0.957856
vn 0.282885 -0.0498847 -0.957856
vn 0.275184 -0.08237 -0.957856
vn 0.379982 -0.113739 -0.917974
vn 0.364226 -0.15707 -0.91797
vn 0.459712 -0.198248 -0.865657
vn 0.433563 -0.250318 -0.865658
vn 0.401571 -0.298959 -0.865658
vn 0.364149 -0.343557 -0.865658
vn 0.321802 -0.383509 -0.865658
vn 0.275103 -0.418275 -0.865658
vn 0.224685 -0.447384 -0.865658
vn 0.171227 -0.470443 -0.865658
vn 0.115454 -0.48714 -0.865658
vn 0.0581202 -0.49725 -0.865658
vn 0.263763 0.113761 -0.957856
vn 0.275181 0.0823741 -0.957857
vn 0.282885 0.049887 -0.957856
vn 0.390618 0.0688859 -0.917972
vn 0.395974 0.0230629 -0.917972
vn 0.395974 -0.0230629 -0.917972
vn 0.390618 -0.0688859 -0.917972
vn 0.379986 -0.113733 -0.917973
vn 0.479604 -0.14355 -0.865663
vn 0.459722 -0.198239 -0.865654
vn 0.548949 -0.236715 -0.801636
vn 0.517718 -0.298905 -0.801638
vn 0.479517 -0.356987 -0.801638
vn 0.434831 -0.410242 -0.801638
vn 0.384264 -0.457948 -0.801638
vn 0.328501 -0.499462 -0.801638
vn 0.268296 -0.534222 -0.801638
vn 0.204463 -0.561757 -0.801638
vn 0.137864 -0.581695 -0.801638
vn 0.150631 0.0869668 -0.984757
vn 0.139516 0.103866 -0.984757
vn 0.126515 0.11936 -0.984757
vn 0.364219 0.157078 -0.917971
vn 0.364226 0.15707 -0.91797
vn 0.379982 0.113739 -0.917974
vn 0.390619 0.0688891 -0.917971
vn 0.493027 0.0869497 -0.865658
vn 0.499788 0.0291093 -0.865658
vn 0.499788 -0.0291093 -0.865658
vn 0.493027 -0.0869497 -0.865658
vn 0.47961 -0.143543 -0.865661
vn 0.572698 -0.171404 -0.801647
vn 0.548961 -0.236705 -0.801631
vn 0.630724 -0.27196 -0.72679
vn 0.594835 -0.343428 -0.726793
vn 0.550943 -0.410162 -0.726793
vn 0.499601 -0.471349 -0.726793
vn 0.441503 -0.526162 -0.726793
vn 0.377434 -0.57386 -0.726793
vn 0.308261 -0.613797 -0.726793
vn 0.234919 -0.645434 -0.726793
vn 0.248765 0.143625 -0.957856
vn 0.230409 0.171533 -0.957856
vn 0.208937 0.197122 -0.957856
vn 0.459712 0.198248 -0.865657
vn 0.459722 0.198239 -0.865654
vn 0.479604 0.14355 -0.865663
vn 0.493028 0.0869538 -0.865657
vn 0.588724 0.103831 -0.801638
vn 0.596798 0.0347595 -0.801638
vn 0.596798 -0.0347595 -0.801638
vn 0.588724 -0.103831 -0.801638
vn 0.572706 -0.171396 -0.801643
vn 0.658008 -0.196925 -0.726805
vn 0.630738 -0.271948 -0.726783
vn 0.70394 -0.30351 -0.642145
vn 0.663878 -0.38329 -0.642149
vn 0.614892 -0.45777 -0.642149
vn 0.55759 -0.526059 -0.642149
vn 0.492748 -0.587234 -0.642149
vn 0.421243 -0.640468 -0.642149
vn 0.34404 -0.685041 -0.642149
vn 0.343505 0.198323 -0.917972
vn 0.318159 0.23686 -0.917972
vn 0.288509 0.272195 -0.917972
vn 0.548949 0.236715 -0.801636
vn 0.548961 0.236705 -0.801631
vn 0.572698 0.171404 -0.801647
vn 0.572706 0.171396 -0.801643
vn 0.588725 0.103836 -0.801636
vn 0.676417 0.119303 -0.726792
vn 0.685694 0.0399371 -0.726793
vn 0.685694 -0.0399371 -0.726793
vn 0.676417 -0.119303 -0.726792
vn 0.658017 -0.196915 -0.7268
vn 0.734388 -0.21977 -0.642165
vn 0.703956 -0.303496 -0.642134
vn 0.767616 -0.330943 -0.548855
vn 0.723923 -0.417957 -0.54886
vn 0.670506 -0.499174 -0.54886
vn 0.608022 -0.573639 -0.54886
vn 0.537316 -0.640348 -0.54886
vn 0.459343 -0.698396 -0.54886
vn 0.433563 0.250318 -0.865658
vn 0.401571 0.298959 -0.865658
vn 0.364149 0.343557 -0.865658
vn 0.630724 0.27196 -0.72679
vn 0.630738 0.271948 -0.726783
vn 0.658008 0.196925 -0.726805
vn 0.658017 0.196915 -0.7268
vn 0.676418 0.119308 -0.72679
vn 0.754928 0.133156 -0.642148
vn 0.765283 0.0445727 -0.642149
vn 0.765283 -0.0445727 -0.642149
vn 0.754928 -0.133156 -0.642148
vn 0.734397 -0.21976 -0.642158
vn 0.800816 -0.239635 -0.54888
vn 0.767633 -0.330928 -0.548841
vn 0.820906 -0.353894 -0.448188
vn 0.774172 -0.446969 -0.448193
vn 0.717048 -0.533822 -0.448193
vn 0.650226 -0.613457 -0.448193
vn 0.574612 -0.684795 -0.448193
vn 0.517718 0.298905 -0.801638
vn 0.479517 0.356987 -0.801638
vn 0.434831 0.410242 -0.801638
vn 0.70394 0.30351 -0.642145
vn 0.703956 0.303496 -0.642134
vn 0.734388 0.21977 -0.642165
vn 0.734397 0.21976 -0.642158
vn 0.75493 0.133162 -0.642144
vn 0.823207 0.145206 -0.548858
vn 0.8345 0.0486041 -0.54886
vn 0.8345 -0.0486041 -0.54886
vn 0.823207 -0.145206 -0.548858
vn 0.800826 -0.239624 -0.54887
vn 0.856409 -0.256255 -0.448216
vn 0.820922 -0.353878 -0.448171
vn 0.863102 -0.37206 -0.341505
vn 0.813959 -0.469939 -0.341509
vn 0.753898 -0.561257 -0.341509
vn 0.683643 -0.644984 -0.341509
vn 0.594835 0.343428 -0.726793
vn 0.550943 0.410162 -0.726793
vn 0.499601 0.471349 -0.726793
vn 0.767616 0.330943 -0.548855
vn 0.767633 0.330928 -0.548841
vn 0.800816 0.239635 -0.54888
vn 0.800826 0.239624 -0.54887
vn 0.823209 0.145213 -0.548854
vn 0.663878 0.38329 -0.642149
vn 0.614892 0.45777 -0.642149
vn 0.55759 0.526059 -0.642149
vn 0.820906 0.353894 -0.448188
vn 0.820922 0.353878 -0.448171
vn 0.856409 0.256255 -0.448216
vn 0.723923 0.417957 -0.54886
vn 0.670506 0.499174 -0.54886
vn 0.608022 0.573639 -0.54886
vn 0.863102 0.37206 -0.341505
vn 0.813959 0.469939 -0.341509
vn 0.842757 0.486566 -0.230246
vn 0.780572 0.581114 -0.230246
vn 0.796718 0.593134 -0.115899
vn 0.722472 0.681617 -0.115899
vn 0.774172 0.446969 -0.448193
vn 0.717048 0.533822 -0.448193
vn 0.650226 0.613457 -0.448193
vn 0.860189 0.49663 -0.115899
vn 0.842757 0.486566 0.230246
vn 0.663878 0.38329 0.642149
vn 0.703889 0.30362 0.642149
vn 0.166626 -0.0498816 -0.984758
vn 0.159713 -0.0688843 -0.984757
vn 0.263763 -0.113761 -0.957856
vn 0.684657 -0.343612 0.642788
vn 0.663878 -0.38329 0.642149
vn 0.723923 -0.417957 0.54886
vn 0.670506 -0.499174 0.54886
vn 0.717048 -0.533822 0.448193
vn 0.650226 -0.613457 0.448193
vn 0.683643 -0.644984 0.341509
vn 0.604142 -0.719989 0.341509
vn 0.625517 -0.745463 0.230246
vn 0.534745 -0.81304 0.230246
vn 0.545806 -0.829857 0.115899
vn 0.445775 -0.88761 0.115899
vn 0.448799 -0.893633 0
vn 0.34202 -0.939693 0
vn 0.842757 -0.486566 0.230246
vn 0.813959 -0.469939 0.341509
vn 0.866025 -0.5 0
vn 0.860189 -0.49663 0.115899
vn 0.842757 -0.486566 -0.230246
vn 0.248765 -0.143625 -0.957856
vn -0.767616 -0.330943 -0.548855
vn -0.767633 -0.330928 -0.548841
vn -0.800816 -0.239635 -0.54888
vn -0.800826 -0.239624 -0.54887
vn -0.823209 -0.145213 -0.548854
vn -0.723923 -0.417957 -0.54886
vn -0.670506 -0.499174 -0.54886
vn -0.608022 -0.573639 -0.54886
vn -0.537316 -0.640348 -0.54886
vn -0.459343 -0.698396 -0.54886
vn -0.375158 -0.747001 -0.54886
vn -0.2859 -0.785503 -0.54886
vn -0.192775 -0.813382 -0.54886
vn -0.0970438 -0.830262 -0.54886
vn 0 -0.835915 -0.54886
vn 0.0970438 -0.830262 -0.54886
vn 0.192775 -0.813382 -0.54886
vn 0.2859 -0.785503 -0.54886
vn 0.375158 -0.747001 -0.54886
vn -0.813959 -0.469939 -0.341509
vn -0.863102 -0.37206 -0.341505
vn -0.866025 -0.5 -0
vn -0.802123 -0.597159 -0
vn -0.727374 -0.686242 -0
vn -0.860189 -0.49663 0.115899
vn -0.796718 -0.593134 0.115899
vn -0.722472 -0.681617 0.115899
vn -0.638456 -0.760882 0.115899
vn -0.863086 -0.372097 0.341506
vn -0.813959 -0.469939 0.341509
vn -0.774172 -0.446969 0.448193
vn -0.717048 -0.533822 0.448193
vn -0.670506 -0.499174 0.54886
vn -0.608022 -0.573639 0.54886
vn -0.55759 -0.526059 0.642149
vn -0.492748 -0.587234 0.642149
vn -0.842757 -0.486566 0.230246
vn -0.780572 -0.581114 0.230246
vn -0.707831 -0.667804 0.230246
vn -0.625517 -0.745463 0.230246
vn -0.534745 -0.81304 0.230246
vn -0.166626 0.0498816 -0.984758
vn -0.159713 0.0688843 -0.984757
vn -0.263763 0.113761 -0.957856
vn -0.684657 0.343612 0.642788
vn -0.663878 0.38329 0.642149
vn -0.723923 0.417957 0.54886
vn -0.670506 0.499174 0.54886
vn -0.717048 0.533822 0.448193
vn -0.650226 0.613457 0.448193
vn -0.683643 0.644984 0.341509
vn -0.604142 0.719989 0.341509
vn -0.625517 0.745463 0.230246
vn -0.534745 0.81304 0.230246
vn -0.841982 0.417242 0.342016
vn -0.842728 0.41584 0.341887
vn -0.864609 0.367288 0.342856
vn -0.865681 0.365955 0.341576
vn -0.842757 0.486566 0.230246
vn -0.872595 0.430577 0.23061
vn -0.813959 0.469939 0.341509
vn -0.842757 0.486566 -0.230246
vn -0.248765 0.143625 -0.957856
vn -0.800746 0.396807 0.448721
vn -0.821609 0.350722 0.449392
vn -0.768773 0.328168 0.548903
vn -0.800783 0.239699 0.548899
vn -0.734376 0.219821 0.642161
vn -0.822747 0.349505 0.448256
vn -0.856404 0.256275 0.448214
vn -0.85638 0.256304 0.448242
vn -0.800807 0.239672 0.548877
vn -0.663878 0.38329 0.642149
vn -0.614892 0.45777 0.642149
vn -0.670506 0.499174 0.54886
vn -0.608022 0.573639 0.54886
vn -0.650226 0.613457 0.448193
vn -0.574612 0.684795 0.448193
vn -0.604142 0.719989 0.341509
vn -0.516472 0.785257 0.341509
vn -0.534745 0.81304 0.230246
vn -0.436741 0.869623 0.230246
vn -0.780572 0.581114 0.230246
vn -0.780572 0.581114 -0.230246
vn -0.230409 0.171533 -0.957856
vn -0.55759 0.526059 0.642149
vn -0.537316 0.640348 0.54886
vn -0.491226 0.746873 0.448193
vn -0.421817 0.839906 0.341509
vn -0.332831 0.914445 0.230246
vn -0.707831 0.667804 -0.230246
vn -0.208937 0.197122 -0.957856
vn -0.492748 0.587234 0.642149
vn -0.459343 0.698396 0.54886
vn -0.625517 0.745463 -0.230246
vn -0.534745 0.81304 -0.230246
vn -0.436741 0.869623 -0.230246
vn -0.332831 0.914445 -0.230246
vn -0.22442 0.946901 -0.230246
vn -0.112974 0.966552 -0.230246
vn 0 0.973132 -0.230246
vn 0.112974 0.966552 -0.230246
vn 0.22442 0.946901 -0.230246
vn 0.332831 0.914445 -0.230246
vn 0.436741 0.869623 -0.230246
vn 0.534745 0.81304 -0.230246
vn -0.18464 0.220046 -0.957856
vn -0.157846 0.239993 -0.957856
vn -0.128917 0.256695 -0.957856
vn -0.098245 0.269926 -0.957856
vn -0.0662442 0.279506 -0.957856
vn -0.0333476 0.285307 -0.957856
vn 0 0.287249 -0.957856
vn 0.0333476 0.285307 -0.957856
vn 0.0662442 0.279506 -0.957856
vn 0.098245 0.269926 -0.957856
vn 0.128917 0.256695 -0.957856
vn 0.157846 0.239993 -0.957856
vn -0.55759 0.526059 0.642149
vn -0.421817 0.839906 0.341509
vn -0.401198 0.798851 0.448193
vn -0.332831 0.914445 0.230246
vn -0.321457 0.883197 0.341509
vn -0.22442 0.946901 0.230246
vn 0.0889945 0.761397 0.642149
vn 0.176786 0.745917 0.642149
vn 0.192775 0.813382 0.54886
vn 0.2859 0.785503 0.54886
vn 0.305744 0.840026 0.448193
vn 0.401198 0.798851 0.448193
vn 0.421817 0.839906 0.341509
vn 0.516472 0.785257 0.341509
vn 0.534745 0.81304 0.230246
vn 0.262186 0.72035 0.642149
vn 0.375158 0.747001 0.54886
vn 0.491226 0.746873 0.448193
vn 0.34404 0.685041 0.642149
vn 0.459343 0.698396 0.54886
vn 0.421243 0.640468 0.642149
vn 0.55759 0.526059 0.642149
vn 0.707831 0.667804 0.230246
vn 0.722472 0.681617 -0.115899
vn 0.707831 0.667804 -0.230246
vn 0.683643 0.644984 -0.341509
vn 0.614892 0.45777 0.642149
vn 0.780572 0.581114 0.230246
vn 0.796718 0.593134 -0.115899
vn 0.780572 0.581114 -0.230246
vn 0.753898 0.561257 -0.341509
vn 0.813959 0.469939 -0.341509
vn 0.663878 -0.38329 0.642149
vn 0.614892 -0.45777 0.642149
vn 0.670506 -0.499174 0.54886
vn 0.608022 -0.573639 0.54886
vn 0.650226 -0.613457 0.448193
vn 0.574612 -0.684795 0.448193
vn 0.604142 -0.719989 0.341509
vn 0.516472 -0.785257 0.341509
vn 0.534745 -0.81304 0.230246
vn 0.436741 -0.869623 0.230246
vn 0.445775 -0.88761 0.115899
vn 0.339715 -0.93336 0.115899
vn 0.34202 -0.939693 0
vn 0.230616 -0.973045 0
vn 0.796718 -0.593134 0.115899
vn 0.780572 -0.581114 0.230246
vn 0.802123 -0.597159 0
vn 0.780572 -0.581114 -0.230246
vn 0.230409 -0.171533 -0.957856
vn 0.614892 -0.45777 0.642149
vn 0.55759 -0.526059 0.642149
vn 0.608022 -0.573639 0.54886
vn 0.537316 -0.640348 0.54886
vn 0.574612 -0.684795 0.448193
vn 0.491226 -0.746873 0.448193
vn 0.516472 -0.785257 0.341509
vn 0.421817 -0.839906 0.341509
vn 0.436741 -0.869623 0.230246
vn 0.332831 -0.914445 0.230246
vn 0.339715 -0.93336 0.115899
vn 0.229062 -0.966488 0.115899
vn 0.230616 -0.973045 0
vn 0.116093 -0.993238 0
vn 0.727374 -0.686242 0
vn 0.722472 -0.681617 0.115899
vn 0.208937 -0.197122 -0.957856
vn 0.492748 -0.587234 0.642149
vn 0.459343 -0.698396 0.54886
vn 0.642788 -0.766044 0
vn 0.516472 -0.785257 -0.341509
vn 0.604142 -0.719989 -0.341509
vn 0.18464 -0.220046 -0.957856
vn 0.157846 -0.239993 -0.957856
vn 0.128917 -0.256695 -0.957856
vn 0.098245 -0.269926 -0.957856
vn 0.0662442 -0.279506 -0.957856
vn 0.0333476 -0.285307 -0.957856
vn -0 -0.287249 -0.957856
vn -0.0333476 -0.285307 -0.957856
vn 0.55759 -0.526059 0.642149
vn 0.421817 -0.839906 0.341509
vn 0.401198 -0.798851 0.448193
vn 0.421817 -0.839906 -0.341509
vn 0.332831 -0.914445 0.230246
vn 0.321457 -0.883197 0.341509
vn 0.321457 -0.883197 -0.341509
vn 0.229062 -0.966488 0.115899
vn 0.22442 -0.946901 0.230246
vn 0.216751 -0.914544 -0.341509
vn 0.116093 -0.993238 0
vn 0.115311 -0.986545 0.115899
vn 0.109113 -0.933523 -0.341509
vn 0 -1 0
vn 0 -0.939878 -0.341509
vn -0.0889945 -0.761397 0.642149
vn -0.176786 -0.745917 0.642149
vn -0.192775 -0.813382 0.54886
vn -0.2859 -0.785503 0.54886
vn -0.305744 -0.840026 0.448193
vn -0.401198 -0.798851 0.448193
vn -0.421817 -0.839906 0.341509
vn -0.516472 -0.785257 0.341509
vn -0.109113 -0.933523 -0.341509
vn -0.216751 -0.914544 -0.341509
vn -0.321457 -0.883197 -0.341509
vn -0.421817 -0.839906 -0.341509
vn -0.516472 -0.785257 -0.341509
vn -0.604142 -0.719989 -0.341509
vn -0.683643 -0.644984 -0.341509
vn -0.753898 -0.561257 -0.341509
vn -0.262186 -0.72035 0.642149
vn -0.375158 -0.747001 0.54886
vn -0.491226 -0.746873 0.448193
vn -0.604142 -0.719989 0.341509
vn -0.34404 -0.685041 0.642149
vn -0.459343 -0.698396 0.54886
vn -0.574612 -0.684795 0.448193
vn -0.683643 -0.644984 0.341509
vn -0.421243 -0.640468 0.642149
vn -0.537316 -0.640348 0.54886
vn -0.650226 -0.613457 0.448193
vn -0.753898 -0.561257 0.341509
vn -0.492748 -0.587234 0.642149
vn -0.608022 -0.573639 0.54886
vn -0.717048 -0.533822 0.448193
vn -0.813959 -0.469939 0.341509
f 1//1 2//1 3//1
f 3//1 2//1 4//1
f 3//2 4//2 5//2
f 5//2 4//2 6//2
f 5//3 6//3 7//3
f 7//3 6//3 8//3
f 7//4 8//4 9//4
f 9//4 8//4 10//4
f 9//5 10//5 11//5
f 11//5 10//5 12//5
f 11//6 12//6 13//6
f 13//6 12//6 14//6
f 13//7 14//7 15//7
f 15//7 14//7 16//7
f 15//8 16//8 17//8
f 17//8 16//8 18//8
f 17//9 18//9 19//9
f 19//9 18//9 20//9
f 19//10 20//10 21//10
f 21//10 20//10 22//10
f 21//11 22//11 23//11
f 23//11 22//11 24//11
f 23//12 24//12 25//12
f 25//12 24//12 26//12
f 25//13 26//13 27//13
f 27//13 26//13 28//13
f 27//14 28//14 29//14
f 29//14 28//14 30//14
f 29//15 30//15 31//15
f 31//15 30//15 32//15
f 31//16 32//16 33//16
f 33//16 32//16 34//16
f 33//17 34//17 35//17
f 35//17 34//17 36//17
f 35//18 36//18 37//18
f 37//18 36//18 38//18
f 37//19 38//19 39//19
f 39//19 38//19 40//19
f 39//20 40//20 41//20
f 41//20 40//20 42//20
f 41//21 42//21 43//21
f 43//21 42//21 44//21
f 43//22 44//22 45//22
f 45//22 44//22 46//22
f 45//23 46//23 47//23
f 47//23 46//23 48//23
f 47//24 48//24 49//24
f 49//24 48//24 50//24
f 49//25 50//25 51//25
f 51//25 50//25 52//25
f 51//26 52//26 53//26
f 53//26 52//26 54//26
f 53//27 54//27 55//27
f 55//27 54//27 56//27
f 55//28 56//28 57//28
f 57//28 56//28 58//28
f 57//29 58//29 59//29
f 59//29 58//29 60//29
f 59//30 60//30 61//30
f 61//30 60//30 62//30
f 61//31 62//31 63//31
f 63//31 62//31 64//31
f 63//32 64//32 65//32
f 65//32 64//32 66//32
f 65//33 66//33 67//33
f 67//33 66//33 68//33
f 67//34 68//34 69//34
f 69//34 68//34 70//34
f 69//35 70//35 71//35
f 71//35 70//35 72//35
f 71//36 72//36 73//36
f 73//36 72//36 74//36
f 75//37 76//37 77//37
f 77//37 76//37 78//37
f 77//38 78//38 79//38
f 79//38 78//38 80//38
f 79//36 80//36 81//36
f 81//36 80//36 82//36
f 81//35 82//35 83//35
f 83//35 82//35 84//35
f 83//34 84//34 85//34
f 85//34 84//34 86//34
f 85//33 86//33 87//33
f 87//33 86//33 88//33
f 87//32 88//32 89//32
f 89//32 88//32 90//32
f 89//31 90//31 91//31
f 91//31 90//31 92//31
f 91//30 92//30 93//30
f 93//30 92//30 94//30
f 93//29 94//29 95//29
f 95//29 94//29 96//29
f 95//28 96//28 97//28
f 97//28 96//28 98//28
f 97//27 98//27 99//27
f 99//27 98//27 100//27
f 99//26 100//26 101//26
f 101//26 100//26 102//26
f 101//25 102//25 103//25
f 103//25 102//25 104//25
f 103//24 104//24 105//24
f 105//24 104//24 106//24
f 105//39 106//39 107//39
f 107//39 106//39 108//39
f 107//40 108//40 109//40
f 109//40 108//40 110//40
f 109//41 110//41 111//41
f 111//41 110//41 112//41
f 111//42 112//42 113//42
f 113//42 112//42 114//42
f 113//43 114//43 115//43
f 115//43 114//43 116//43
f 115//44 116//44 117//44
f 117//44 116//44 118//44
f 117//45 118//45 119//45
f 119//45 118//45 120//45
f 119//46 120//46 121//46
f 121//46 120//46 122//46
f 121//47 122//47 123//47
f 123//47 122//47 124//47
f 123//48 124//48 125//48
f 125//48 124//48 126//48
f 125//49 126//49 127//49
f 127//49 126//49 128//49
f 127//50 128//50 129//50
f 129//50 128//50 130//50
f 129//51 130//51 131//51
f 131//51 130//51 132//51
f 131//52 132//52 133//52
f 133//52 132//52 134//52
f 133//53 134//53 135//53
f 135//53 134//53 136//53
f 135//54 136//54 137//54
f 137//54 136//54 138//54
f 137//55 138//55 139//55
f 139//55 138//55 140//55
f 139//56 140//56 141//56
f 141//56 140//56 142//56
f 141//57 142//57 143//57
f 143//57 142//57 144//57
f 143//58 144//58 145//58
f 145//58 144//58 146//58
f 145//59 146//59 147//59
f 147//59 146//59 148//59
f 149//60 150//60 151//60
f 151//60 150//60 152//60
f 152//60 150//60 153//60
f 152//60 153//60 154//60
f 154//60 153//60 155//60
f 154//60 155//60 156//60
f 156//60 155//60 157//60
f 156//60 157//60 158//60
f 158//60 157//60 159//60
f 158//60 159//60 160//60
f 160//60 159//60 161//60
f 160//60 161//60 162//60
f 162//60 161//60 163//60
f 162//60 163//60 164//60
f 164//60 163//60 165//60
f 164//60 165//60 166//60
f 166//60 165//60 167//60
f 166//60 167//60 168//60
f 168//60 167//60 169//60
f 168//60 169//60 170//60
f 170//60 169//60 171//60
f 170//60 171//60 172//60
f 172//60 171//60 173//60
f 172//60 173//60 174//60
f 174//60 173//60 175//60
f 174//60 175//60 176//60
f 176//60 175//60 177//60
f 176//60 177//60 178//60
f 178//60 177//60 179//60
f 178//60 179//60 180//60
f 180//60 179//60 181//60
f 180//60 181//60 182//60
f 182//60 181//60 183//60
f 182//60 183//60 184//60
f 185//61 186//61 187//61
f 187//61 186//61 188//61
f 188//61 186//61 189//61
f 188//61 189//61 190//61
f 190//61 189//61 191//61
f 190//61 191//61 192//61
f 192//61 191//61 193//61
f 192//61 193//61 194//61
f 194//61 193//61 195//61
f 194//61 195//61 196//61
f 196//61 195//61 197//61
f 196//61 197//61 198//61
f 198//61 197//61 199//61
f 198//61 199//61 200//61
f 200//61 199//61 201//61
f 200//61 201//61 202//61
f 202//61 201//61 203//61
f 202//61 203//61 204//61
f 204//61 203//61 205//61
f 204//61 205//61 206//61
f 206//61 205//61 207//61
f 206//61 207//61 208//61
f 208//61 207//61 209//61
f 208//61 209//61 210//61
f 210//61 209//61 211//61
f 210//61 211//61 212//61
f 212//61 211//61 213//61
f 212//61 213//61 214//61
f 214//61 213//61 215//61
f 214//61 215//61 216//61
f 216//61 215//61 217//61
f 216//61 217//61 218//61
f 218//61 217//61 219//61
f 218//61 219//61 220//61
f 221//62 222//62 223//62
f 223//62 222//62 224//62
f 223//63 224//63 225//63
f 225//63 224//63 226//63
f 225//64 226//64 227//64
f 227//64 226//64 228//64
f 227//65 228//65 229//65
f 229//65 228//65 230//65
f 229//66 230//66 231//66
f 231//66 230//66 232//66
f 231//67 232//67 233//67
f 233//67 232//67 234//67
f 233//68 234//68 235//68
f 235//68 234//68 236//68
f 235//69 236//69 237//69
f 237//69 236//69 238//69
f 237//70 238//70 239//70
f 239//70 238//70 240//70
f 239//71 240//71 241//71
f 241//71 240//71 242//71
f 241//72 242//72 243//72
f 243//72 242//72 244//72
f 243//73 244//73 245//73
f 245//73 244//73 246//73
f 245//74 246//74 247//74
f 247//74 246//74 248//74
f 247//75 248//75 249//75
f 249//75 248//75 250//75
f 249//76 250//76 251//76
f 251//76 250//76 252//76
f 251//77 252//77 253//77
f 253//77 252//77 254//77
f 253//78 254//78 255//78
f 255//78 254//78 256//78
f 255//79 256//79 257//79
f 257//79 256//79 258//79
f 257//80 258//80 259//80
f 259//80 258//80 260//80
f 259//81 260//81 261//81
f 261//81 260//81 262//81
f 261//82 262//82 263//82
f 263//82 262//82 264//82
f 263//83 264//83 265//83
f 265//83 264//83 266//83
f 265//84 266//84 267//84
f 267//84 266//84 268//84
f 267//85 268//85 269//85
f 269//85 268//85 270//85
f 269//86 270//86 271//86
f 271//86 270//86 272//86
f 271//87 272//87 273//87
f 273//87 272//87 274//87
f 273//88 274//88 275//88
f 275//88 274//88 276//88
f 275//89 276//89 277//89
f 277//89 276//89 278//89
f 277//90 278//90 279//90
f 279//90 278//90 280//90
f 279//91 280//91 281//91
f 281//91 280//91 282//91
f 281//92 282//92 283//92
f 283//92 282//92 284//92
f 283//93 284//93 285//93
f 285//93 284//93 286//93
f 285//94 286//94 287//94
f 287//94 286//94 288//94
f 287//95 288//95 289//95
f 289//95 288//95 290//95
f 289//96 290//96 291//96
f 291//96 290//96 292//96
f 291//97 292//97 293//97
f 293//97 292//97 294//97
f 293//98 294//98 295//98
f 295//98 294//98 296//98
f 295//99 296//99 297//99
f 297//99 296//99 298//99
f 297//100 298//100 299//100
f 299//100 298//100 300//100
f 299//101 300//101 301//101
f 301//101 300//101 302//101
f 301//102 302//102 303//102
f 303//102 302//102 304//102
f 303//103 304//103 305//103
f 305//103 304//103 306//103
f 305//104 306//104 307//104
f 307//104 306//104 308//104
f 307//105 308//105 309//105
f 309//105 308//105 310//105
f 309//106 310//106 311//106
f 311//106 310//106 312//106
f 311//107 312//107 313//107
f 313//107 312//107 314//107
f 315//108 316//108 317//108
f 317//108 316//108 318//108
f 317//108 318//108 313//108
f 313//108 318//108 319//108
f 313//108 319//108 311//108
f 311//108 319//108 320//108
f 311//108 320//108 309//108
f 309//108 320//108 321//108
f 309//108 321//108 307//108
f 307//108 321//108 322//108
f 307//108 322//108 305//108
f 305//108 322//108 323//108
f 305//108 323//108 303//108
f 303//108 323//108 324//108
f 303//108 324//108 301//108
f 301//108 324//108 325//108
f 301//108 325//108 299//108
f 299//108 325//108 326//108
f 327//108 326//108 328//108
f 328//108 326//108 329//108
f 328//108 329//108 330//108
f 330//108 329//108 331//108
f 330//108 331//108 332//108
f 332//108 331//108 333//108
f 316//108 315//108 334//108
f 334//108 315//108 335//108
f 334//108 335//108 336//108
f 336//108 335//108 337//108
f 336//108 337//108 338//108
f 338//108 337//108 339//108
f 338//108 339//108 340//108
f 340//108 339//108 341//108
f 340//108 341//108 342//108
f 342//108 341//108 343//108
f 342//108 343//108 344//108
f 344//108 343//108 345//108
f 344//108 345//108 346//108
f 346//108 345//108 347//108
f 346//108 347//108 348//108
f 348//108 347//108 349//108
f 348//108 349//108 350//108
f 350//108 349//108 351//108
f 350//108 351//108 352//108
f 352//108 351//108 353//108
f 354//109 355//109 356//109
f 356//110 355//110 357//110
f 356//111 357//111 358//111
f 358//112 357//112 359//112
f 358//113 359//113 360//113
f 360//114 359//114 361//114
f 360//115 361//115 362//115
f 362//116 361//116 363//116
f 362//117 363//117 364//117
f 364//118 363//118 365//118
f 364//119 365//119 366//119
f 366//120 365//120 367//120
f 366//121 367//121 368//121
f 368//122 367//122 369//122
f 368//123 369//123 370//123
f 370//124 369//124 371//124
f 370//125 371//125 372//125
f 372//126 371//126 373//126
f 372//127 373//127 374//127
f 374//128 373//128 375//128
f 374//129 375//129 376//129
f 376//130 375//130 377//130
f 376//131 377//131 378//131
f 378//132 377//132 379//132
f 378//133 379//133 380//133
f 380//134 379//134 381//134
f 380//135 381//135 382//135
f 382//136 381//136 383//136
f 382//137 383//137 384//137
f 385//138 386//138 387//138
f 387//139 386//139 388//139
f 387//140 388//140 389//140
f 386//141 385//141 390//141
f 390//142 385//142 391//142
f 390//143 391//143 392//143
f 392//144 391//144 393//144
f 392//145 393//145 394//145
f 394//146 393//146 395//146
f 394//147 395//147 396//147
f 391//148 397//148 393//148
f 393//149 397//149 395//149
f 394//150 396//150 398//150
f 398//151 396//151 399//151
f 398//152 399//152 400//152
f 400//153 399//153 401//153
f 400//154 401//154 402//154
f 402//155 401//155 403//155
f 402//156 403//156 404//156
f 404//157 403//157 405//157
f 404//158 405//158 406//158
f 406//159 405//159 407//159
f 407//160 405//160 408//160
f 407//161 408//161 409//161
f 409//162 408//162 410//162
f 409//162 410//162 411//162
f 411//163 410//163 412//163
f 411//163 412//163 413//163
f 413//164 412//164 414//164
f 413//165 414//165 415//165
f 399//166 416//166 401//166
f 401//167 416//167 412//167
f 401//168 412//168 410//168
f 416//169 417//169 412//169
f 412//170 417//170 414//170
f 418//171 419//171 415//171
f 415//172 419//172 420//172
f 415//173 420//173 413//173
f 413//174 420//174 421//174
f 413//175 421//175 411//175
f 411//176 421//176 422//176
f 411//177 422//177 409//177
f 409//178 422//178 423//178
f 409//179 423//179 407//179
f 418//180 424//180 419//180
f 419//181 424//181 425//181
f 419//182 425//182 420//182
f 420//183 425//183 426//183
f 420//184 426//184 421//184
f 421//185 426//185 427//185
f 421//186 427//186 422//186
f 422//187 427//187 428//187
f 422//188 428//188 429//188
f 429//189 428//189 430//189
f 430//190 428//190 431//190
f 430//191 431//191 432//191
f 432//192 431//192 433//192
f 432//193 433//193 434//193
f 434//194 433//194 435//194
f 434//195 435//195 436//195
f 436//196 435//196 437//196
f 436//197 437//197 438//197
f 438//198 437//198 439//198
f 438//198 439//198 440//198
f 440//199 439//199 441//199
f 440//199 441//199 442//199
f 442//200 441//200 443//200
f 442//200 443//200 444//200
f 444//201 443//201 445//201
f 444//201 445//201 446//201
f 446//202 445//202 447//202
f 446//202 447//202 448//202
f 448//203 447//203 449//203
f 448//203 449//203 450//203
f 450//204 449//204 451//204
f 450//204 451//204 452//204
f 452//205 451//205 453//205
f 452//205 453//205 454//205
f 454//206 453//206 455//206
f 454//206 455//206 456//206
f 456//207 455//207 457//207
f 456//207 457//207 458//207
f 458//208 457//208 459//208
f 458//208 459//208 460//208
f 460//209 459//209 461//209
f 460//209 461//209 462//209
f 462//210 461//210 463//210
f 462//210 463//210 464//210
f 464//211 463//211 465//211
f 464//211 465//211 466//211
f 466//212 465//212 467//212
f 466//212 467//212 468//212
f 468//213 467//213 469//213
f 468//213 469//213 470//213
f 470//214 469//214 471//214
f 470//214 471//214 472//214
f 472//215 471//215 473//215
f 472//215 473//215 474//215
f 474//216 473//216 475//216
f 474//216 475//216 476//216
f 476//217 475//217 477//217
f 478//218 479//218 480//218
f 480//219 479//219 481//219
f 480//220 481//220 482//220
f 483//221 484//221 482//221
f 482//222 484//222 485//222
f 482//223 485//223 480//223
f 480//224 485//224 478//224
f 483//225 486//225 484//225
f 484//226 486//226 487//226
f 484//227 487//227 488//227
f 488//227 487//227 489//227
f 488//228 489//228 490//228
f 490//228 489//228 491//228
f 490//229 491//229 492//229
f 492//229 491//229 493//229
f 486//230 494//230 487//230
f 487//231 494//231 495//231
f 487//232 495//232 489//232
f 489//232 495//232 496//232
f 489//233 496//233 491//233
f 491//233 496//233 497//233
f 491//234 497//234 493//234
f 493//234 497//234 498//234
f 494//235 499//235 495//235
f 495//236 499//236 500//236
f 495//237 500//237 501//237
f 501//238 500//238 502//238
f 501//239 502//239 503//239
f 503//240 502//240 504//240
f 503//241 504//241 505//241
f 505//242 504//242 506//242
f 505//243 506//243 507//243
f 507//244 506//244 508//244
f 507//245 508//245 509//245
f 502//246 510//246 504//246
f 504//247 510//247 506//247
f 511//248 512//248 509//248
f 509//249 512//249 513//249
f 509//250 513//250 507//250
f 507//251 513//251 505//251
f 512//252 511//252 514//252
f 514//253 511//253 515//253
f 514//254 515//254 516//254
f 514//255 516//255 517//255
f 517//256 516//256 518//256
f 517//257 518//257 519//257
f 519//258 518//258 520//258
f 519//259 520//259 521//259
f 521//260 520//260 522//260
f 521//261 522//261 523//261
f 518//262 522//262 520//262
f 521//263 523//263 524//263
f 524//264 523//264 525//264
f 524//265 525//265 526//265
f 527//266 528//266 526//266
f 526//267 528//267 529//267
f 526//268 529//268 524//268
f 524//269 529//269 521//269
f 527//270 530//270 528//270
f 528//271 530//271 531//271
f 528//272 531//272 532//272
f 530//273 533//273 531//273
f 534//274 535//274 536//274
f 536//275 535//275 537//275
f 536//276 537//276 538//276
f 538//277 537//277 539//277
f 538//278 539//278 540//278
f 540//279 539//279 541//279
f 541//280 539//280 542//280
f 541//281 542//281 543//281
f 543//282 542//282 544//282
f 543//283 544//283 545//283
f 545//284 544//284 546//284
f 545//285 546//285 547//285
f 547//286 546//286 548//286
f 548//287 546//287 549//287
f 548//288 549//288 550//288
f 550//289 549//289 551//289
f 550//290 551//290 552//290
f 552//291 551//291 553//291
f 552//292 553//292 554//292
f 554//293 553//293 555//293
f 554//294 555//294 556//294
f 534//295 557//295 535//295
f 535//296 557//296 558//296
f 535//297 558//297 559//297
f 559//297 558//297 560//297
f 559//298 560//298 561//298
f 561//298 560//298 562//298
f 561//299 562//299 563//299
f 563//299 562//299 564//299
f 563//300 564//300 565//300
f 565//300 564//300 566//300
f 565//301 566//301 567//301
f 567//301 566//301 568//301
f 567//302 568//302 569//302
f 569//302 568//302 570//302
f 569//303 570//303 571//303
f 571//303 570//303 572//303
f 571//304 572//304 573//304
f 573//304 572//304 574//304
f 573//305 574//305 575//305
f 575//305 574//305 576//305
f 575//306 576//306 577//306
f 577//306 576//306 578//306
f 577//307 578//307 579//307
f 579//307 578//307 580//307
f 579//308 580//308 581//308
f 581//308 580//308 582//308
f 581//309 582//309 583//309
f 583//309 582//309 584//309
f 583//310 584//310 585//310
f 585//310 584//310 586//310
f 585//311 586//311 587//311
f 587//311 586//311 588//311
f 587//312 588//312 589//312
f 589//312 588//312 590//312
f 589//313 590//313 591//313
f 591//313 590//313 592//313
f 591//314 592//314 593//314
f 594//315 595//315 596//315
f 596//316 595//316 597//316
f 596//317 597//317 598//317
f 598//317 597//317 599//317
f 598//318 599//318 600//318
f 600//318 599//318 601//318
f 600//319 601//319 602//319
f 602//319 601//319 603//319
f 602//320 603//320 604//320
f 604//320 603//320 605//320
f 604//321 605//321 606//321
f 606//321 605//321 607//321
f 606//322 607//322 608//322
f 608//322 607//322 609//322
f 608//323 609//323 610//323
f 610//323 609//323 611//323
f 610//324 611//324 612//324
f 612//324 611//324 613//324
f 612//325 613//325 614//325
f 614//325 613//325 615//325
f 614//326 615//326 616//326
f 616//326 615//326 617//326
f 616//327 617//327 618//327
f 618//327 617//327 619//327
f 618//328 619//328 620//328
f 620//328 619//328 621//328
f 620//329 621//329 622//329
f 622//329 621//329 623//329
f 622//330 623//330 624//330
f 624//330 623//330 625//330
f 624//331 625//331 626//331
f 626//331 625//331 627//331
f 626//332 627//332 628//332
f 628//332 627//332 629//332
f 628//333 629//333 630//333
f 631//334 632//334 633//334
f 633//335 632//335 634//335
f 633//336 634//336 635//336
f 636//337 637//337 635//337
f 635//338 637//338 638//338
f 635//339 638//339 633//339
f 633//340 638//340 631//340
f 636//341 639//341 637//341
f 637//342 639//342 640//342
f 637//343 640//343 638//343
f 638//344 640//344 641//344
f 638//345 641//345 642//345
f 642//346 641//346 643//346
f 642//347 643//347 644//347
f 644//347 643//347 645//347
f 644//348 645//348 646//348
f 646//348 645//348 647//348
f 646//349 647//349 648//349
f 648//349 647//349 649//349
f 648//350 649//350 650//350
f 650//350 649//350 651//350
f 650//351 651//351 652//351
f 652//351 651//351 653//351
f 652//352 653//352 654//352
f 654//352 653//352 655//352
f 654//353 655//353 656//353
f 656//353 655//353 657//353
f 656//354 657//354 658//354
f 658//354 657//354 659//354
f 658//355 659//355 660//355
f 660//355 659//355 661//355
f 660//356 661//356 662//356
f 662//356 661//356 663//356
f 662//357 663//357 664//357
f 664//357 663//357 665//357
f 664//358 665//358 666//358
f 666//358 665//358 667//358
f 666//359 667//359 668//359
f 668//359 667//359 669//359
f 668//360 669//360 670//360
f 670//360 669//360 671//360
f 670//361 671//361 672//361
f 673//362 674//362 675//362
f 675//363 674//363 676//363
f 675//364 676//364 677//364
f 677//365 676//365 678//365
f 677//366 678//366 679//366
f 677//367 679//367 680//367
f 680//368 679//368 681//368
f 680//369 681//369 682//369
f 682//370 681//370 683//370
f 682//371 683//371 684//371
f 684//372 683//372 685//372
f 684//373 685//373 686//373
f 681//374 685//374 683//374
f 684//375 686//375 687//375
f 687//376 686//376 688//376
f 687//377 688//377 689//377
f 690//378 691//378 689//378
f 689//379 691//379 692//379
f 689//380 692//380 687//380
f 687//381 692//381 684//381
f 690//382 693//382 691//382
f 691//383 693//383 694//383
f 691//384 694//384 695//384
f 695//384 694//384 696//384
f 695//385 696//385 697//385
f 697//385 696//385 698//385
f 697//386 698//386 699//386
f 699//386 698//386 700//386
f 699//387 700//387 701//387
f 701//387 700//387 702//387
f 701//388 702//388 703//388
f 703//388 702//388 704//388
f 703//389 704//389 705//389
f 705//389 704//389 706//389
f 705//390 706//390 707//390
f 707//390 706//390 708//390
f 707//391 708//391 709//391
f 709//391 708//391 710//391
f 709//392 710//392 711//392
f 711//392 710//392 712//392
f 711//393 712//393 713//393
f 713//393 712//393 714//393
f 713//394 714//394 715//394
f 715//394 714//394 716//394
f 715//395 716//395 717//395
f 717//395 716//395 718//395
f 717//396 718//396 719//396
f 719//396 718//396 720//396
f 719//397 720//397 721//397
f 721//397 720//397 722//397
f 721//398 722//398 723//398
f 723//398 722//398 724//398
f 725//399 726//399 727//399
f 727//400 726//400 728//400
f 727//401 728//401 729//401
f 729//401 728//401 730//401
f 729//402 730//402 731//402
f 731//402 730//402 732//402
f 731//403 732//403 733//403
f 733//403 732//403 734//403
f 733//404 734//404 735//404
f 735//404 734//404 736//404
f 735//405 736//405 737//405
f 737//405 736//405 738//405
f 737//406 738//406 739//406
f 739//406 738//406 740//406
f 739//407 740//407 741//407
f 741//407 740//407 742//407
f 741//408 742//408 743//408
f 743//408 742//408 744//408
f 743//409 744//409 745//409
f 745//409 744//409 746//409
f 745//410 746//410 747//410
f 747//410 746//410 748//410
f 747//411 748//411 749//411
f 749//411 748//411 750//411
f 749//412 750//412 751//412
f 751//412 750//412 752//412
f 751//413 752//413 753//413
f 753//413 752//413 754//413
f 753//414 754//414 755//414
f 755//414 754//414 756//414
f 755//415 756//415 757//415
f 757//415 756//415 758//415
f 759//416 760//416 761//416
f 761//417 760//417 762//417
f 761//418 762//418 759//418
f 759//419 762//419 763//419
f 759//420 763//420 764//420
f 764//420 763//420 765//420
f 764//421 765//421 766//421
f 766//421 765//421 767//421
f 766//422 767//422 768//422
f 768//422 767//422 769//422
f 768//423 769//423 770//423
f 770//423 769//423 771//423
f 770//424 771//424 772//424
f 772//424 771//424 773//424
f 772//425 773//425 774//425
f 774//425 773//425 775//425
f 774//426 775//426 776//426
f 776//426 775//426 777//426
f 776//427 777//427 778//427
f 778//427 777//427 779//427
f 778//428 779//428 780//428
f 780//428 779//428 781//428
f 780//429 781//429 782//429
f 782//429 781//429 783//429
f 782//430 783//430 784//430
f 784//430 783//430 785//430
f 784//431 785//431 786//431
f 786//431 785//431 787//431
f 786//432 787//432 788//432
f 788//432 787//432 789//432
f 788//433 789//433 790//433
f 790//433 789//433 791//433
f 790//434 791//434 792//434
f 792//434 791//434 793//434
f 794//435 795//435 796//435
f 796//436 795//436 797//436
f 796//437 797//437 798//437
f 798//438 797//438 799//438
f 798//439 799//439 800//439
f 800//440 799//440 801//440
f 800//441 801//441 802//441
f 795//442 799//442 797//442
f 800//443 802//443 803//443
f 803//444 802//444 804//444
f 803//445 804//445 805//445
f 805//446 804//446 806//446
f 805//447 806//447 807//447
f 807//448 806//448 808//448
f 807//449 808//449 809//449
f 809//450 808//450 810//450
f 809//451 810//451 811//451
f 811//452 810//452 812//452
f 811//453 812//453 813//453
f 813//454 812//454 814//454
f 814//455 812//455 815//455
f 814//456 815//456 816//456
f 816//457 815//457 817//457
f 816//457 817//457 818//457
f 818//458 817//458 819//458
f 818//458 819//458 820//458
f 820//459 819//459 821//459
f 820//460 821//460 822//460
f 806//461 823//461 808//461
f 808//462 823//462 819//462
f 808//463 819//463 817//463
f 823//464 824//464 819//464
f 819//465 824//465 821//465
f 825//466 826//466 827//466
f 827//467 826//467 828//467
f 813//468 829//468 811//468
f 811//469 829//469 830//469
f 811//470 830//470 831//470
f 831//471 830//471 832//471
f 831//472 832//472 833//472
f 833//473 832//473 834//473
f 833//474 834//474 835//474
f 835//475 834//475 836//475
f 835//476 836//476 837//476
f 837//477 836//477 838//477
f 837//478 838//478 839//478
f 839//479 838//479 840//479
f 829//480 841//480 830//480
f 830//481 841//481 842//481
f 830//482 842//482 832//482
f 832//483 842//483 843//483
f 832//484 843//484 834//484
f 834//485 843//485 844//485
f 834//475 844//475 836//475
f 836//486 844//486 845//486
f 836//477 845//477 838//477
f 838//487 845//487 846//487
f 838//479 846//479 840//479
f 840//488 846//488 847//488
f 842//489 841//489 848//489
f 848//490 841//490 849//490
f 848//491 849//491 850//491
f 850//492 849//492 851//492
f 850//493 851//493 852//493
f 852//494 851//494 853//494
f 852//495 853//495 854//495
f 854//496 853//496 855//496
f 854//497 855//497 856//497
f 856//498 855//498 857//498
f 856//499 857//499 858//499
f 858//500 857//500 859//500
f 858//501 859//501 860//501
f 860//502 859//502 861//502
f 860//503 861//503 862//503
f 862//504 861//504 863//504
f 862//505 863//505 864//505
f 864//506 863//506 865//506
f 853//507 866//507 855//507
f 855//508 866//508 867//508
f 855//498 867//498 857//498
f 857//509 867//509 868//509
f 857//500 868//500 859//500
f 859//510 868//510 869//510
f 859//502 869//502 861//502
f 861//511 869//511 870//511
f 861//504 870//504 863//504
f 863//512 870//512 871//512
f 863//506 871//506 865//506
f 865//513 871//513 872//513
f 866//514 873//514 867//514
f 867//515 873//515 874//515
f 867//509 874//509 868//509
f 868//516 874//516 875//516
f 868//510 875//510 869//510
f 869//517 875//517 876//517
f 869//511 876//511 870//511
f 870//518 876//518 877//518
f 870//512 877//512 871//512
f 871//519 877//519 878//519
f 871//513 878//513 872//513
f 872//520 878//520 879//520
f 873//521 880//521 874//521
f 874//522 880//522 881//522
f 874//516 881//516 875//516
f 875//523 881//523 882//523
f 875//517 882//517 876//517
f 876//524 882//524 883//524
f 876//518 883//518 877//518
f 877//525 883//525 884//525
f 877//519 884//519 878//519
f 878//526 884//526 885//526
f 878//520 885//520 879//520
f 879//527 885//527 886//527
f 880//528 887//528 881//528
f 881//529 887//529 888//529
f 881//523 888//523 882//523
f 882//530 888//530 889//530
f 882//524 889//524 883//524
f 883//531 889//531 890//531
f 883//525 890//525 884//525
f 884//532 890//532 891//532
f 884//526 891//526 885//526
f 885//533 891//533 892//533
f 885//527 892//527 886//527
f 886//534 892//534 893//534
f 887//535 894//535 888//535
f 888//536 894//536 895//536
f 888//530 895//530 889//530
f 889//537 895//537 896//537
f 889//531 896//531 890//531
f 890//538 896//538 897//538
f 890//532 897//532 891//532
f 891//539 897//539 898//539
f 891//533 898//533 892//533
f 892//540 898//540 899//540
f 892//534 899//534 893//534
f 893//541 899//541 900//541
f 894//542 901//542 895//542
f 895//542 901//542 902//542
f 895//537 902//537 896//537
f 896//543 902//543 903//543
f 896//538 903//538 897//538
f 897//544 903//544 904//544
f 897//539 904//539 898//539
f 898//545 904//545 905//545
f 898//540 905//540 899//540
f 899//546 905//546 906//546
f 899//541 906//541 900//541
f 900//547 906//547 907//547
f 902//548 901//548 908//548
f 908//549 901//549 909//549
f 908//550 909//550 910//550
f 910//551 909//551 911//551
f 910//552 911//552 912//552
f 912//553 911//553 913//553
f 912//554 913//554 914//554
f 914//555 913//555 915//555
f 914//556 915//556 916//556
f 916//557 915//557 917//557
f 918//558 919//558 920//558
f 921//559 922//559 923//559
f 923//560 922//560 924//560
f 923//561 924//561 925//561
f 925//562 924//562 926//562
f 925//563 926//563 927//563
f 927//564 926//564 928//564
f 927//565 928//565 929//565
f 929//566 928//566 930//566
f 929//567 930//567 931//567
f 931//568 930//568 932//568
f 931//569 932//569 933//569
f 933//570 932//570 934//570
f 933//571 934//571 935//571
f 935//572 934//572 936//572
f 935//573 936//573 937//573
f 937//574 936//574 938//574
f 922//575 939//575 924//575
f 924//576 939//576 940//576
f 924//577 940//577 926//577
f 926//578 940//578 941//578
f 926//579 941//579 928//579
f 928//580 941//580 942//580
f 928//566 942//566 930//566
f 930//581 942//581 943//581
f 930//568 943//568 932//568
f 932//582 943//582 944//582
f 932//570 944//570 934//570
f 934//583 944//583 945//583
f 934//572 945//572 936//572
f 936//584 945//584 946//584
f 936//574 946//574 938//574
f 938//585 946//585 947//585
f 940//586 939//586 948//586
f 948//587 939//587 949//587
f 948//588 949//588 950//588
f 950//589 949//589 951//589
f 950//590 951//590 952//590
f 952//591 951//591 953//591
f 952//592 953//592 954//592
f 954//593 953//593 955//593
f 954//594 955//594 956//594
f 956//595 955//595 957//595
f 956//596 957//596 958//596
f 958//597 957//597 959//597
f 958//598 959//598 960//598
f 960//599 959//599 961//599
f 960//600 961//600 962//600
f 962//601 961//601 963//601
f 962//602 963//602 964//602
f 964//603 963//603 965//603
f 964//604 965//604 966//604
f 966//605 965//605 967//605
f 966//606 967//606 968//606
f 968//607 967//607 969//607
f 953//608 970//608 955//608
f 955//609 970//609 971//609
f 955//595 971//595 957//595
f 957//610 971//610 972//610
f 957//597 972//597 959//597
f 959//611 972//611 973//611
f 959//599 973//599 961//599
f 961//612 973//612 974//612
f 961//601 974//601 963//601
f 963//613 974//613 975//613
f 963//603 975//603 965//603
f 965//614 975//614 976//614
f 965//605 976//605 967//605
f 967//615 976//615 977//615
f 967//607 977//607 969//607
f 969//616 977//616 978//616
f 970//617 979//617 971//617
f 971//618 979//618 980//618
f 971//610 980//610 972//610
f 972//619 980//619 981//619
f 972//611 981//611 973//611
f 973//620 981//620 982//620
f 973//612 982//612 974//612
f 974//621 982//621 983//621
f 974//613 983//613 975//613
f 975//622 983//622 984//622
f 975//614 984//614 976//614
f 976//623 984//623 985//623
f 976//615 985//615 977//615
f 977//624 985//624 986//624
f 977//616 986//616 978//616
f 978//625 986//625 987//625
f 979//626 988//626 980//626
f 980//627 988//627 989//627
f 980//619 989//619 981//619
f 981//628 989//628 990//628
f 981//620 990//620 982//620
f 982//629 990//629 991//629
f 982//621 991//621 983//621
f 983//630 991//630 992//630
f 983//622 992//622 984//622
f 984//631 992//631 993//631
f 984//623 993//623 985//623
f 985//632 993//632 994//632
f 985//624 994//624 986//624
f 986//633 994//633 995//633
f 986//625 995//625 987//625
f 987//634 995//634 996//634
f 988//635 997//635 989//635
f 989//636 997//636 998//636
f 989//628 998//628 990//628
f 990//637 998//637 999//637
f 990//629 999//629 991//629
f 991//638 999//638 1000//638
f 991//630 1000//630 992//630
f 992//639 1000//639 1001//639
f 992//631 1001//631 993//631
f 993//640 1001//640 1002//640
f 993//632 1002//632 994//632
f 994//641 1002//641 1003//641
f 994//633 1003//633 995//633
f 995//642 1003//642 1004//642
f 995//634 1004//634 996//634
f 996//643 1004//643 1005//643
f 997//644 1006//644 998//644
f 998//645 1006//645 1007//645
f 998//637 1007//637 999//637
f 999//646 1007//646 1008//646
f 999//638 1008//638 1000//638
f 1000//647 1008//647 1009//647
f 1000//639 1009//639 1001//639
f 1001//648 1009//648 1010//648
f 1001//640 1010//640 1002//640
f 1002//649 1010//649 1011//649
f 1002//641 1011//641 1003//641
f 1003//650 1011//650 1012//650
f 1003//642 1012//642 1004//642
f 1004//651 1012//651 1013//651
f 1004//643 1013//643 1005//643
f 1005//652 1013//652 1014//652
f 1006//653 1015//653 1007//653
f 1007//653 1015//653 1016//653
f 1007//646 1016//646 1008//646
f 1008//654 1016//654 1017//654
f 1008//647 1017//647 1009//647
f 1009//655 1017//655 1018//655
f 1009//648 1018//648 1010//648
f 1010//656 1018//656 1019//656
f 1010//649 1019//649 1011//649
f 1011//657 1019//657 1020//657
f 1011//650 1020//650 1012//650
f 1012//658 1020//658 1021//658
f 1012//651 1021//651 1013//651
f 1013//659 1021//659 1022//659
f 1013//652 1022//652 1014//652
f 1014//660 1022//660 1023//660
f 1016//661 1015//661 1024//661
f 1024//662 1015//662 1025//662
f 1024//663 1025//663 1026//663
f 1026//664 1025//664 1027//664
f 1026//665 1027//665 1028//665
f 1028//666 1027//666 1029//666
f 1028//667 1029//667 1030//667
f 1030//668 1029//668 1031//668
f 1030//669 1031//669 1032//669
f 1032//670 1031//670 1033//670
f 1032//671 1033//671 1034//671
f 1034//672 1033//672 1035//672
f 1034//673 1035//673 1036//673
f 1036//674 1035//674 1037//674
f 1036//675 1037//675 1038//675
f 1038//676 1037//676 1039//676
f 1038//677 1039//677 1040//677
f 1040//678 1039//678 1041//678
f 1040//679 1041//679 1042//679
f 1042//680 1041//680 1043//680
f 1042//681 1043//681 1044//681
f 1033//682 1045//682 1035//682
f 1035//683 1045//683 1046//683
f 1035//674 1046//674 1037//674
f 1037//684 1046//684 1047//684
f 1037//676 1047//676 1039//676
f 1039//685 1047//685 1048//685
f 1039//686 1048//686 1041//686
f 1041//687 1048//687 1049//687
f 1041//688 1049//688 1043//688
f 1045//689 1050//689 1046//689
f 1046//690 1050//690 1051//690
f 1046//684 1051//684 1047//684
f 1047//691 1051//691 1052//691
f 1047//692 1052//692 1048//692
f 1048//693 1052//693 1053//693
f 1048//694 1053//694 1049//694
f 1050//695 1054//695 1051//695
f 1051//696 1054//696 1052//696
f 1054//697 1055//697 1052//697
f 1052//698 1055//698 1053//698
f 1055//699 1056//699 1053//699
f 1057//700 1058//700 1059//700
f 1060//701 1058//701 1061//701
f 1061//702 1058//702 1062//702
f 1062//703 1058//703 1063//703
f 1063//704 1058//704 1064//704
f 1064//705 1058//705 1065//705
f 1065//706 1058//706 1066//706
f 1066//707 1058//707 1067//707
f 1068//708 1058//708 1069//708
f 1069//709 1058//709 1070//709
f 1070//710 1058//710 1071//710
f 1071//711 1058//711 1072//711
f 1072//712 1058//712 1073//712
f 1073//713 1058//713 1074//713
f 1074//714 1058//714 1075//714
f 1076//715 1058//715 1077//715
f 1077//716 1058//716 1078//716
f 1078//717 1058//717 1079//717
f 1079//718 1058//718 1080//718
f 1081//719 1058//719 1082//719
f 1082//720 1058//720 1083//720
f 1083//721 1058//721 1084//721
f 1085//722 1086//722 1087//722
f 1087//723 1086//723 1088//723
f 1088//724 1086//724 1089//724
f 1089//725 1086//725 1090//725
f 1091//726 1086//726 1092//726
f 1093//727 1086//727 1094//727
f 1094//728 1086//728 1095//728
f 1095//729 1086//729 1096//729
f 1096//730 1086//730 1097//730
f 1097//731 1086//731 1098//731
f 1098//732 1086//732 1099//732
f 1099//733 1086//733 1100//733
f 1100//734 1086//734 1101//734
f 1101//735 1086//735 1102//735
f 1102//736 1086//736 1103//736
f 1103//737 1086//737 1104//737
f 1104//738 1086//738 1105//738
f 1105//739 1086//739 1106//739
f 1107//740 1086//740 1108//740
f 1108//741 1086//741 1109//741
f 1109//742 1110//742 1108//742
f 1108//742 1110//742 1111//742
f 1108//743 1111//743 1107//743
f 1107//743 1111//743 1112//743
f 1107//744 1112//744 1113//744
f 1113//745 1112//745 1114//745
f 1113//746 1114//746 1115//746
f 1115//747 1114//747 1116//747
f 1115//748 1116//748 1117//748
f 1117//748 1116//748 1118//748
f 1117//749 1118//749 1119//749
f 1119//749 1118//749 1120//749
f 1119//750 1120//750 1121//750
f 1121//750 1120//750 1122//750
f 1121//751 1122//751 1123//751
f 1123//751 1122//751 1124//751
f 1123//752 1124//752 1125//752
f 1125//752 1124//752 1126//752
f 1125//753 1126//753 1127//753
f 1127//753 1126//753 1128//753
f 1127//754 1128//754 1129//754
f 1129//754 1128//754 1130//754
f 1129//755 1130//755 1131//755
f 1131//755 1130//755 1132//755
f 1131//756 1132//756 1133//756
f 1133//756 1132//756 1134//756
f 1133//757 1134//757 1135//757
f 1135//757 1134//757 1136//757
f 1135//758 1136//758 1137//758
f 1137//758 1136//758 1138//758
f 1137//759 1138//759 1139//759
f 1139//759 1138//759 1140//759
f 1139//760 1140//760 1141//760
f 1141//760 1140//760 1142//760
f 1141//761 1142//761 1143//761
f 1143//761 1142//761 1144//761
f 1143//762 1144//762 1145//762
f 1145//762 1144//762 1146//762
f 1147//763 1148//763 1149//763
f 1149//763 1148//763 1150//763
f 1149//764 1150//764 1151//764
f 1151//764 1150//764 1152//764
f 1151//765 1152//765 1153//765
f 1153//766 1152//766 1154//766
f 1153//767 1154//767 1155//767
f 1155//768 1154//768 1156//768
f 1155//769 1156//769 1157//769
f 1157//769 1156//769 1158//769
f 1157//770 1158//770 1159//770
f 1159//770 1158//770 1160//770
f 1159//771 1160//771 1161//771
f 1161//771 1160//771 1162//771
f 1161//772 1162//772 1163//772
f 1163//772 1162//772 1164//772
f 1163//773 1164//773 1165//773
f 1165//773 1164//773 1166//773
f 1165//774 1166//774 1167//774
f 1167//774 1166//774 1168//774
f 1167//775 1168//775 1169//775
f 1169//775 1168//775 1170//775
f 1169//776 1170//776 1171//776
f 1171//776 1170//776 1172//776
f 1171//777 1172//777 1173//777
f 1173//777 1172//777 1174//777
f 1173//778 1174//778 1175//778
f 1175//778 1174//778 1176//778
f 1175//779 1176//779 1177//779
f 1177//779 1176//779 1178//779
f 1177//780 1178//780 1179//780
f 1179//780 1178//780 1180//780
f 1179//781 1180//781 1181//781
f 1181//781 1180//781 1182//781
f 1181//782 1182//782 1183//782
f 1183//782 1182//782 1184//782
f 1183//783 1184//783 1185//783
f 1185//783 1184//783 1186//783
f 1187//784 1188//784 1189//784
f 1189//784 1188//784 1190//784
f 1189//785 1190//785 1191//785
f 1191//786 1190//786 1192//786
f 1191//787 1192//787 1193//787
f 1194//788 1195//788 1196//788
f 1196//788 1195//788 1197//788
f 1196//789 1197//789 1198//789
f 1198//789 1197//789 1199//789
f 1198//790 1199//790 1200//790
f 1200//791 1199//791 1201//791
f 1200//792 1201//792 1202//792
f 1202//793 1201//793 1203//793
f 1202//794 1203//794 1204//794
f 1204//794 1203//794 1205//794
f 1204//795 1205//795 1206//795
f 1206//795 1205//795 1207//795
f 1206//796 1207//796 1208//796
f 1208//796 1207//796 1209//796
f 1208//797 1209//797 1210//797
f 1210//797 1209//797 1211//797
f 1210//798 1211//798 1212//798
f 1212//798 1211//798 1213//798
f 1212//799 1213//799 1214//799
f 1214//799 1213//799 1215//799
f 1214//800 1215//800 1216//800
f 1216//800 1215//800 1217//800
f 1216//801 1217//801 1218//801
f 1218//801 1217//801 1219//801
f 1218//802 1219//802 1220//802
f 1220//802 1219//802 1221//802
f 1220//803 1221//803 1222//803
f 1222//803 1221//803 1223//803
f 1222//804 1223//804 1224//804
f 1224//804 1223//804 1225//804
f 1224//805 1225//805 1226//805
f 1226//805 1225//805 1227//805
f 1226//806 1227//806 1228//806
f 1228//806 1227//806 1229//806
f 1228//807 1229//807 1230//807
f 1230//807 1229//807 1231//807
f 1230//808 1231//808 1232//808
f 1232//808 1231//808 1233//808
f 1234//809 1235//809 1236//809
f 1236//809 1235//809 1237//809
f 1236//810 1237//810 1238//810
f 1238//811 1237//811 1239//811
f 1238//812 1239//812 1240//812
f 1240//812 1239//812 1241//812
f 1240//813 1241//813 1242//813
f 1242//813 1241//813 1243//813
f 1242//814 1243//814 1244//814
f 1244//814 1243//814 1245//814
f 1244//815 1245//815 1246//815
f 1246//815 1245//815 1247//815
f 1246//816 1247//816 1248//816
f 1248//816 1247//816 1249//816
f 1248//817 1249//817 1250//817
f 1250//817 1249//817 1251//817
f 1250//818 1251//818 1252//818
f 1252//818 1251//818 1253//818
f 1252//819 1253//819 1254//819
f 1254//819 1253//819 1255//819
f 1254//820 1255//820 1256//820
f 1257//821 1258//821 1259//821
f 1259//821 1258//821 1260//821
f 1259//822 1260//822 1261//822
f 1261//822 1260//822 1262//822
f 1261//823 1262//823 1263//823
f 1263//824 1262//824 1264//824
f 1263//825 1264//825 1265//825
f 1265//826 1264//826 1266//826
f 1265//827 1266//827 1267//827
f 1267//827 1266//827 1268//827
f 1267//828 1268//828 1269//828
f 1269//828 1268//828 1270//828
f 1269//829 1270//829 1271//829
f 1271//829 1270//829 1272//829
f 1271//830 1272//830 1273//830
f 1273//830 1272//830 1274//830
f 1273//831 1274//831 1275//831
f 1275//831 1274//831 1276//831
f 1275//832 1276//832 1277//832
f 1277//832 1276//832 1278//832
f 1277//833 1278//833 1279//833
f 1279//833 1278//833 1280//833
f 1279//834 1280//834 1281//834
f 1281//834 1280//834 1282//834
f 1281//835 1282//835 1283//835
f 1283//835 1282//835 1284//835
f 1283//836 1284//836 1285//836
f 1285//836 1284//836 1286//836
f 1285//837 1286//837 1287//837
f 1287//837 1286//837 1288//837
f 1287//838 1288//838 1289//838
f 1289//838 1288//838 1290//838
f 1289//839 1290//839 1291//839
f 1291//839 1290//839 1292//839
f 1291//840 1292//840 1293//840
f 1293//840 1292//840 1294//840
f 1293//841 1294//841 1295//841
f 1295//841 1294//841 1296//841
f 1297//842 1298//842 1299//842
f 1299//842 1298//842 1300//842
f 1299//843 1300//843 1301//843
f 1301//844 1300//844 1302//844
f 1301//845 1302//845 1303//845
f 1303//845 1302//845 1304//845
f 1303//846 1304//846 1305//846
f 1305//846 1304//846 1306//846
f 1305//847 1306//847 1307//847
f 1307//847 1306//847 1308//847
f 1307//848 1308//848 1309//848
f 1309//848 1308//848 1310//848
f 1309//849 1310//849 1311//849
f 1311//849 1310//849 1312//849
f 1311//850 1312//850 1313//850
f 1313//850 1312//850 1314//850
f 1313//851 1314//851 1315//851
f 1315//851 1314//851 1316//851
f 1315//852 1316//852 1317//852
f 1317//852 1316//852 1318//852
f 1317//853 1318//853 1319//853
f 1319//853 1318//853 1320//853
f 1319//854 1320//854 1321//854
f 1322//855 1323//855 1324//855
f 1324//855 1323//855 1325//855
f 1324//856 1325//856 1326//856
f 1326//856 1325//856 1327//856
f 1326//857 1327//857 1328//857
f 1328//858 1327//858 1329//858
f 1328//859 1329//859 1330//859
f 1330//860 1329//860 1331//860
f 1330//861 1331//861 1332//861
f 1332//861 1331//861 1333//861
f 1332//862 1333//862 1334//862
f 1334//862 1333//862 1335//862
f 1334//863 1335//863 1336//863
f 1336//863 1335//863 1337//863
f 1336//864 1337//864 1338//864
f 1338//864 1337//864 1339//864
f 1338//865 1339//865 1340//865
f 1340//865 1339//865 1341//865
f 1340//866 1341//866 1342//866
f 1342//866 1341//866 1343//866
f 1342//867 1343//867 1344//867
f 1344//867 1343//867 1345//867
f 1344//868 1345//868 1346//868
f 1346//868 1345//868 1347//868
f 1346//869 1347//869 1348//869
f 1348//869 1347//869 1349//869
f 1348//870 1349//870 1350//870
f 1350//870 1349//870 1351//870
f 1350//871 1351//871 1352//871
f 1352//871 1351//871 1353//871
f 1352//872 1353//872 1354//872
f 1354//872 1353//872 1355//872
f 1354//873 1355//873 1356//873
f 1356//873 1355//873 1357//873
f 1356//874 1357//874 1358//874
f 1358//874 1357//874 1359//874
f 1358//875 1359//875 1360//875
f 1360//875 1359//875 1361//875
f 1362//876 1363//876 1364//876
f 1364//876 1363//876 1365//876
f 1364//877 1365//877 1366//877
f 1366//878 1365//878 1367//878
f 1366//879 1367//879 1368//879
f 1368//879 1367//879 1369//879
f 1368//880 1369//880 1370//880
f 1370//881 1369//881 1371//881
f 1370//882 1371//882 1372//882
f 1372//882 1371//882 1373//882
f 1372//883 1373//883 1374//883
f 1374//883 1373//883 1375//883
f 1374//884 1375//884 1376//884
f 1376//884 1375//884 1377//884
f 1376//885 1377//885 1378//885
f 1378//885 1377//885 1379//885
f 1378//886 1379//886 1380//886
f 1380//886 1379//886 1381//886
f 1380//887 1381//887 1382//887
f 1382//887 1381//887 1383//887
f 1382//888 1383//888 1384//888
f 1384//888 1383//888 1385//888
f 1384//889 1385//889 1386//889
f 1386//889 1385//889 1387//889
f 1386//890 1387//890 1388//890
f 1389//891 1390//891 1391//891
f 1391//891 1390//891 1392//891
f 1391//892 1392//892 1393//892
f 1393//892 1392//892 1394//892
f 1393//893 1394//893 1395//893
f 1395//894 1394//894 1396//894
f 1395//895 1396//895 1397//895
f 1397//896 1396//896 1398//896
f 1397//897 1398//897 1399//897
f 1399//897 1398//897 1400//897
f 1399//898 1400//898 1401//898
f 1401//898 1400//898 1402//898
f 1401//899 1402//899 1403//899
f 1403//899 1402//899 1404//899
f 1403//900 1404//900 1405//900
f 1405//900 1404//900 1406//900
f 1405//901 1406//901 1407//901
f 1407//901 1406//901 1408//901
f 1407//902 1408//902 1409//902
f 1409//902 1408//902 1410//902
f 1409//903 1410//903 1411//903
f 1411//903 1410//903 1412//903
f 1411//904 1412//904 1413//904
f 1413//904 1412//904 1414//904
f 1413//905 1414//905 1415//905
f 1415//905 1414//905 1416//905
f 1415//906 1416//906 1417//906
f 1417//906 1416//906 1418//906
f 1417//907 1418//907 1419//907
f 1419//907 1418//907 1420//907
f 1419//908 1420//908 1421//908
f 1421//908 1420//908 1422//908
f 1421//909 1422//909 1423//909
f 1423//909 1422//909 1424//909
f 1423//910 1424//910 1425//910
f 1425//910 1424//910 1426//910
f 1425//911 1426//911 1427//911
f 1427//911 1426//911 1428//911
f 1429//912 1430//912 1431//912
f 1431//912 1430//912 1432//912
f 1431//913 1432//913 1433//913
f 1433//914 1432//914 1434//914
f 1433//915 1434//915 1435//915
f 1435//915 1434//915 1436//915
f 1435//916 1436//916 1437//916
f 1437//917 1436//917 1438//917
f 1437//918 1438//918 1439//918
f 1439//918 1438//918 1440//918
f 1439//919 1440//919 1441//919
f 1441//919 1440//919 1442//919
f 1441//920 1442//920 1443//920
f 1443//920 1442//920 1444//920
f 1443//921 1444//921 1445//921
f 1445//921 1444//921 1446//921
f 1445//922 1446//922 1447//922
f 1447//922 1446//922 1448//922
f 1447//923 1448//923 1449//923
f 1449//923 1448//923 1450//923
f 1449//924 1450//924 1451//924
f 1451//924 1450//924 1452//924
f 1451//925 1452//925 1453//925
f 1453//925 1452//925 1454//925
f 1453//926 1454//926 1455//926
f 1455//926 1454//926 1456//926
f 1455//927 1456//927 1457//927
f 1458//928 1459//928 1460//928
f 1460//928 1459//928 1461//928
f 1460//929 1461//929 1462//929
f 1462//929 1461//929 1463//929
f 1462//930 1463//930 1464//930
f 1464//931 1463//931 1465//931
f 1464//932 1465//932 1466//932
f 1466//933 1465//933 1467//933
f 1466//934 1467//934 1468//934
f 1468//934 1467//934 1469//934
f 1468//935 1469//935 1470//935
f 1470//935 1469//935 1471//935
f 1470//936 1471//936 1472//936
f 1472//936 1471//936 1473//936
f 1472//937 1473//937 1474//937
f 1474//937 1473//937 1475//937
f 1474//938 1475//938 1476//938
f 1476//938 1475//938 1477//938
f 1476//939 1477//939 1478//939
f 1478//939 1477//939 1479//939
f 1478//940 1479//940 1480//940
f 1480//940 1479//940 1481//940
f 1480//941 1481//941 1482//941
f 1482//941 1481//941 1483//941
f 1482//942 1483//942 1484//942
f 1484//942 1483//942 1485//942
f 1484//943 1485//943 1486//943
f 1486//943 1485//943 1487//943
f 1486//944 1487//944 1488//944
f 1488//944 1487//944 1489//944
f 1488//945 1489//945 1490//945
f 1490//945 1489//945 1491//945
f 1490//946 1491//946 1492//946
f 1492//946 1491//946 1493//946
f 1492//947 1493//947 1494//947
f 1494//947 1493//947 1495//947
f 1494//948 1495//948 1496//948
f 1496//948 1495//948 1497//948
f 1498//949 1499//949 1500//949
f 1500//949 1499//949 1501//949
f 1500//950 1501//950 1502//950
f 1502//951 1501//951 1503//951
f 1502//952 1503//952 1504//952
f 1504//953 1503//953 1505//953
f 1504//954 1505//954 1506//954
f 1506//955 1505//955 1507//955
f 1506//956 1507//956 1508//956
f 1508//956 1507//956 1509//956
f 1508//957 1509//957 1510//957
f 1510//957 1509//957 1511//957
f 1510//958 1511//958 1512//958
f 1512//958 1511//958 1513//958
f 1512//959 1513//959 1514//959
f 1514//959 1513//959 1515//959
f 1514//960 1515//960 1516//960
f 1516//960 1515//960 1517//960
f 1516//961 1517//961 1518//961
f 1518//961 1517//961 1519//961
f 1518//962 1519//962 1520//962
f 1520//962 1519//962 1521//962
f 1520//963 1521//963 1522//963
f 1522//963 1521//963 1523//963
f 1522//964 1523//964 1524//964
f 1524//964 1523//964 1525//964
f 1524//965 1525//965 1526//965
f 1526//965 1525//965 1527//965
f 1526//966 1527//966 1528//966
f 1529//967 1530//967 1531//967
f 1531//967 1530//967 1532//967
f 1531//968 1532//968 1533//968
f 1533//968 1532//968 1534//968
f 1533//969 1534//969 1535//969
f 1535//970 1534//970 1536//970
f 1535//971 1536//971 1537//971
f 1537//972 1536//972 1538//972
f 1537//973 1538//973 1539//973
f 1539//973 1538//973 1540//973
f 1539//974 1540//974 1541//974
f 1541//974 1540//974 1542//974
f 1541//975 1542//975 1543//975
f 1543//975 1542//975 1544//975
f 1543//976 1544//976 1545//976
f 1545//976 1544//976 1546//976
f 1545//977 1546//977 1547//977
f 1547//977 1546//977 1548//977
f 1547//978 1548//978 1549//978
f 1549//978 1548//978 1550//978
f 1549//979 1550//979 1551//979
f 1551//979 1550//979 1552//979
f 1551//980 1552//980 1553//980
f 1553//980 1552//980 1554//980
f 1553//981 1554//981 1555//981
f 1555//981 1554//981 1556//981
f 1555//982 1556//982 1557//982
f 1557//982 1556//982 1558//982
f 1557//983 1558//983 1559//983
f 1559//983 1558//983 1560//983
f 1559//984 1560//984 1561//984
f 1561//984 1560//984 1562//984
f 1561//985 1562//985 1563//985
f 1563//985 1562//985 1564//985
f 1563//986 1564//986 1565//986
f 1565//986 1564//986 1566//986
f 1565//987 1566//987 1567//987
f 1567//987 1566//987 1568//987
f 1569//988 1570//988 1571//988
f 1571//988 1570//988 1572//988
f 1571//989 1572//989 1573//989
f 1573//990 1572//990 1574//990
f 1573//991 1574//991 1575//991
f 1575//992 1574//992 1576//992
f 1575//993 1576//993 1577//993
f 1577//994 1576//994 1578//994
f 1577//995 1578//995 1579//995
f 1579//995 1578//995 1580//995
f 1579//996 1580//996 1581//996
f 1581//996 1580//996 1582//996
f 1581//997 1582//997 1583//997
f 1583//997 1582//997 1584//997
f 1583//998 1584//998 1585//998
f 1585//998 1584//998 1586//998
f 1585//999 1586//999 1587//999
f 1587//999 1586//999 1588//999
f 1587//1000 1588//1000 1589//1000
f 1589//1000 1588//1000 1590//1000
f 1589//1001 1590//1001 1591//1001
f 1591//1001 1590//1001 1592//1001
f 1591//1002 1592//1002 1593//1002
f 1593//1002 1592//1002 1594//1002
f 1593//1003 1594//1003 1595//1003
f 1595//1003 1594//1003 1596//1003
f 1595//1004 1596//1004 1597//1004
f 1597//1004 1596//1004 1598//1004
f 1597//1005 1598//1005 1599//1005
f 1599//1005 1598//1005 1600//1005
f 1599//1006 1600//1006 1601//1006
f 1602//1007 1603//1007 1604//1007
f 1604//1007 1603//1007 1605//1007
f 1604//1008 1605//1008 1606//1008
f 1606//1009 1605//1009 1607//1009
f 1606//1010 1607//1010 1608//1010
f 1608//1011 1607//1011 1609//1011
f 1608//1012 1609//1012 1610//1012
f 1610//1013 1609//1013 1611//1013
f 1610//1014 1611//1014 1612//1014
f 1612//1014 1611//1014 1613//1014
f 1612//1015 1613//1015 1614//1015
f 1614//1015 1613//1015 1615//1015
f 1614//1016 1615//1016 1616//1016
f 1616//1016 1615//1016 1617//1016
f 1616//1017 1617//1017 1618//1017
f 1618//1017 1617//1017 1619//1017
f 1618//1018 1619//1018 1620//1018
f 1620//1018 1619//1018 1621//1018
f 1620//1019 1621//1019 1622//1019
f 1622//1019 1621//1019 1623//1019
f 1622//1020 1623//1020 1624//1020
f 1624//1020 1623//1020 1625//1020
f 1624//1021 1625//1021 1626//1021
f 1626//1021 1625//1021 1627//1021
f 1626//1022 1627//1022 1628//1022
f 1628//1022 1627//1022 1629//1022
f 1628//1023 1629//1023 1630//1023
f 1630//1023 1629//1023 1631//1023
f 1630//1024 1631//1024 1632//1024
f 1632//1024 1631//1024 1633//1024
f 1632//1025 1633//1025 1634//1025
f 1634//1025 1633//1025 1635//1025
f 1634//1026 1635//1026 1636//1026
f 1637//1027 1638//1027 1639//1027
f 1640//1028 1637//1028 1641//1028
f 1641//1028 1637//1028 1639//1028
f 1642//1029 1643//1029 1644//1029
f 1643//1030 1645//1030 1646//1030
f 1646//1031 1645//1031 1647//1031
f 1646//1032 1647//1032 1648//1032
f 1648//1032 1647//1032 1649//1032
f 1648//1033 1649//1033 1650//1033
f 1650//1033 1649//1033 1651//1033
f 1650//1034 1651//1034 1652//1034
f 1652//1034 1651//1034 1653//1034
f 1652//1035 1653//1035 1644//1035
f 1644//1035 1653//1035 1654//1035
f 1644//1036 1654//1036 1642//1036
f 1642//1036 1654//1036 1655//1036
f 1642//1037 1655//1037 1656//1037
f 1656//1037 1655//1037 1657//1037
f 1656//1038 1657//1038 1658//1038
f 1658//1038 1657//1038 1659//1038
f 1658//1039 1659//1039 1660//1039
f 1660//1039 1659//1039 1661//1039
f 1660//1040 1661//1040 1662//1040
f 1662//1040 1661//1040 1663//1040
f 1662//1041 1663//1041 1664//1041
f 1664//1041 1663//1041 1665//1041
f 1664//1042 1665//1042 1666//1042
f 1666//1042 1665//1042 1667//1042
f 1666//1043 1667//1043 1668//1043
f 1645//1044 1643//1044 1669//1044
f 1643//1045 1670//1045 1671//1045
f 1671//1046 1670//1046 1672//1046
f 1671//1047 1672//1047 1673//1047
f 1673//1047 1672//1047 1674//1047
f 1673//1048 1674//1048 1675//1048
f 1675//1048 1674//1048 1676//1048
f 1675//1049 1676//1049 1669//1049
f 1669//1049 1676//1049 1677//1049
f 1669//1050 1677//1050 1678//1050
f 1678//1051 1677//1051 1679//1051
f 1678//1052 1679//1052 1680//1052
f 1680//1053 1679//1053 1681//1053
f 1680//1054 1681//1054 1682//1054
f 1682//1054 1681//1054 1683//1054
f 1682//1055 1683//1055 1684//1055
f 1684//1055 1683//1055 1685//1055
f 1684//1056 1685//1056 1686//1056
f 1686//1056 1685//1056 1687//1056
f 1686//1057 1687//1057 1688//1057
f 1688//1057 1687//1057 1689//1057
f 1688//1058 1689//1058 1690//1058
f 1690//1058 1689//1058 1691//1058
f 1690//1059 1691//1059 1692//1059
f 1692//1059 1691//1059 1693//1059
f 1692//1060 1693//1060 1694//1060
f 1694//1060 1693//1060 1695//1060
f 1694//1061 1695//1061 1696//1061
f 1696//1061 1695//1061 1697//1061
f 1696//1062 1697//1062 1698//1062
f 1698//1062 1697//1062 1699//1062
f 1698//1063 1699//1063 1700//1063
f 1701//1064 1702//1064 1703//1064
f 1704//1065 1702//1065 1705//1065
f 1702//1066 1706//1066 1707//1066
f 1707//1067 1706//1067 1708//1067
f 1707//1068 1708//1068 1709//1068
f 1709//1068 1708//1068 1710//1068
f 1709//1069 1710//1069 1711//1069
f 1711//1069 1710//1069 1712//1069
f 1711//1070 1712//1070 1713//1070
f 1713//1070 1712//1070 1714//1070
f 1713//1071 1714//1071 1715//1071
f 1715//1071 1714//1071 1716//1071
f 1715//1072 1716//1072 1717//1072
f 1717//1072 1716//1072 1718//1072
f 1717//1073 1718//1073 1719//1073
f 1719//1073 1718//1073 1720//1073
f 1719//1074 1720//1074 1721//1074
f 1721//1074 1720//1074 1722//1074
f 1721//1075 1722//1075 1723//1075
f 1723//1075 1722//1075 1724//1075
f 1723//1076 1724//1076 1725//1076
f 1725//1076 1724//1076 1726//1076
f 1725//1077 1726//1077 1727//1077
f 1727//1077 1726//1077 1728//1077
f 1727//1078 1728//1078 1729//1078
f 1729//1078 1728//1078 1730//1078
f 1729//1079 1730//1079 1731//1079
f 1731//1079 1730//1079 1732//1079
f 1731//1080 1732//1080 1733//1080
f 1733//1080 1732//1080 1734//1080
f 1733//1081 1734//1081 1735//1081
f 1735//1081 1734//1081 1736//1081
f 1735//1082 1736//1082 1737//1082
f 1737//1082 1736//1082 1738//1082
f 1739//1083 1740//1083 1741//1083
f 1742//1084 1743//1084 1744//1084
f 1744//1085 1743//1085 1745//1085
f 1744//1086 1745//1086 1746//1086
f 1746//1087 1745//1087 1747//1087
f 1745//1088 1743//1088 1748//1088
f 1748//1089 1743//1089 1749//1089
f 1748//1090 1749//1090 1750//1090
f 1750//1091 1749//1091 1751//1091
f 1750//1092 1751//1092 1752//1092
f 1752//1093 1751//1093 1753//1093
f 1752//1094 1753//1094 1754//1094
f 1754//1095 1753//1095 1755//1095
f 1749//1096 1743//1096 1756//1096
f 1756//1097 1743//1097 1742//1097
f 1750//1098 1757//1098 1748//1098
f 1742//1099 1744//1099 1758//1099
f 1758//1100 1744//1100 1759//1100
f 1758//1101 1759//1101 1760//1101
f 1759//1102 1744//1102 1746//1102
f 1761//1103 1762//1103 1763//1103
f 1761//1103 1763//1103 1764//1103
f 1764//1104 1763//1104 1765//1104
f 1766//1105 1767//1105 1768//1105
f 1768//1106 1767//1106 1769//1106
f 1768//1107 1769//1107 1770//1107
f 1770//1107 1769//1107 1771//1107
f 1770//1108 1771//1108 1772//1108
f 1772//1108 1771//1108 1773//1108
f 1772//1109 1773//1109 1774//1109
f 1774//1109 1773//1109 1775//1109
f 1776//1110 1766//1110 1777//1110
f 1777//1111 1766//1111 1768//1111
f 1777//1112 1768//1112 1778//1112
f 1778//1112 1768//1112 1770//1112
f 1778//1113 1770//1113 1779//1113
f 1779//1113 1770//1113 1772//1113
f 1779//1114 1772//1114 1780//1114
f 1780//1114 1772//1114 1774//1114
f 1781//1115 1776//1115 1782//1115
f 1782//1116 1776//1116 1777//1116
f 1782//1117 1777//1117 1783//1117
f 1783//1117 1777//1117 1778//1117
f 1783//1118 1778//1118 1784//1118
f 1784//1118 1778//1118 1779//1118
f 1784//1119 1779//1119 1785//1119
f 1785//1119 1779//1119 1780//1119
f 1786//1120 1787//1120 1788//1120
f 1788//1120 1787//1120 1789//1120
f 1788//1121 1789//1121 1790//1121
f 1790//1121 1789//1121 1791//1121
f 1790//1122 1791//1122 1792//1122
f 1792//1123 1791//1123 1793//1123
f 1792//1124 1793//1124 1794//1124
f 1794//1124 1793//1124 1795//1124
f 1794//1125 1795//1125 1796//1125
f 1796//1125 1795//1125 1797//1125
f 1796//1126 1797//1126 1798//1126
f 1798//1126 1797//1126 1799//1126
f 1798//1127 1799//1127 1800//1127
f 1800//1128 1799//1128 1801//1128
f 1800//1129 1801//1129 1802//1129
f 1802//1130 1801//1130 1803//1130
f 1802//1131 1803//1131 1804//1131
f 1804//1131 1803//1131 1805//1131
f 1804//1132 1805//1132 1806//1132
f 1806//1132 1805//1132 1807//1132
f 1806//1133 1807//1133 1808//1133
f 1808//1133 1807//1133 1809//1133
f 1808//1134 1809//1134 1810//1134
f 1810//1134 1809//1134 1811//1134
f 1810//1135 1811//1135 1812//1135
f 1812//1135 1811//1135 1813//1135
f 1812//1136 1813//1136 1814//1136
f 1814//1136 1813//1136 1815//1136
f 1814//1137 1815//1137 1816//1137
f 1816//1137 1815//1137 1817//1137
f 1816//1138 1817//1138 1818//1138
f 1818//1138 1817//1138 1819//1138
f 1818//1139 1819//1139 1820//1139
f 1821//1140 1822//1140 1823//1140
f 1823//1140 1822//1140 1824//1140
f 1823//1141 1824//1141 1825//1141
f 1825//1141 1824//1141 1826//1141
f 1825//1142 1826//1142 1827//1142
f 1827//1143 1826//1143 1828//1143
f 1827//1144 1828//1144 1829//1144
f 1829//1144 1828//1144 1830//1144
f 1829//1145 1830//1145 1831//1145
f 1831//1145 1830//1145 1832//1145
f 1831//1146 1832//1146 1833//1146
f 1833//1146 1832//1146 1834//1146
f 1833//1147 1834//1147 1835//1147
f 1835//1148 1834//1148 1836//1148
f 1835//1149 1836//1149 1837//1149
f 1837//1150 1836//1150 1838//1150
f 1837//1151 1838//1151 1839//1151
f 1839//1151 1838//1151 1840//1151
f 1839//1152 1840//1152 1841//1152
f 1841//1152 1840//1152 1842//1152
f 1841//1153 1842//1153 1843//1153
f 1843//1153 1842//1153 1844//1153
f 1843//1154 1844//1154 1845//1154
f 1845//1154 1844//1154 1846//1154
f 1845//1155 1846//1155 1847//1155
f 1847//1155 1846//1155 1848//1155
f 1847//1156 1848//1156 1849//1156
f 1849//1156 1848//1156 1850//1156
f 1849//1157 1850//1157 1851//1157
f 1851//1157 1850//1157 1852//1157
f 1851//1158 1852//1158 1853//1158
f 1854//1159 1855//1159 1856//1159
f 1856//1159 1855//1159 1857//1159
f 1856//1160 1857//1160 1858//1160
f 1858//1160 1857//1160 1859//1160
f 1858//1161 1859//1161 1860//1161
f 1860//1161 1859//1161 1861//1161
f 1862//1162 1863//1162 1864//1162
f 1864//1163 1863//1163 1865//1163
f 1864//1164 1865//1164 1866//1164
f 1866//1164 1865//1164 1867//1164
f 1866//1165 1867//1165 1868//1165
f 1868//1166 1867//1166 1869//1166
f 1868//1167 1869//1167 1870//1167
f 1870//1167 1869//1167 1871//1167
f 1870//1168 1871//1168 1872//1168
f 1872//1168 1871//1168 1873//1168
f 1872//1169 1873//1169 1874//1169
f 1874//1169 1873//1169 1875//1169
f 1874//1170 1875//1170 1876//1170
f 1876//1171 1875//1171 1877//1171
f 1876//1172 1877//1172 1878//1172
f 1878//1173 1877//1173 1879//1173
f 1878//1174 1879//1174 1880//1174
f 1880//1174 1879//1174 1881//1174
f 1880//1175 1881//1175 1882//1175
f 1882//1175 1881//1175 1883//1175
f 1882//1176 1883//1176 1884//1176
f 1884//1176 1883//1176 1885//1176
f 1884//1177 1885//1177 1886//1177
f 1886//1177 1885//1177 1887//1177
f 1886//1178 1887//1178 1888//1178
f 1888//1178 1887//1178 1889//1178
f 1888//1179 1889//1179 1890//1179
f 1890//1179 1889//1179 1891//1179
f 1890//1180 1891//1180 1892//1180
f 1893//1181 1894//1181 1895//1181
f 1895//1181 1894//1181 1896//1181
f 1895//1182 1896//1182 1897//1182
f 1897//1182 1896//1182 1898//1182
f 1897//1183 1898//1183 1899//1183
f 1899//1183 1898//1183 1900//1183
f 1901//1184 1902//1184 1903//1184
f 1903//1185 1902//1185 1904//1185
f 1903//1186 1904//1186 1905//1186
f 1905//1186 1904//1186 1906//1186
f 1905//1187 1906//1187 1907//1187
f 1907//1188 1906//1188 1908//1188
f 1907//1189 1908//1189 1909//1189
f 1909//1189 1908//1189 1910//1189
f 1909//1190 1910//1190 1911//1190
f 1911//1190 1910//1190 1912//1190
f 1911//1191 1912//1191 1913//1191
f 1913//1191 1912//1191 1914//1191
f 1913//1192 1914//1192 1915//1192
f 1915//1193 1914//1193 1916//1193
f 1915//1194 1916//1194 1917//1194
f 1917//1195 1916//1195 1918//1195
f 1917//1196 1918//1196 1919//1196
f 1919//1196 1918//1196 1920//1196
f 1919//1197 1920//1197 1921//1197
f 1921//1197 1920//1197 1922//1197
f 1921//1198 1922//1198 1923//1198
f 1923//1198 1922//1198 1924//1198
f 1923//1199 1924//1199 1925//1199
f 1925//1199 1924//1199 1926//1199
f 1925//1200 1926//1200 1927//1200
f 1927//1200 1926//1200 1928//1200
f 1927//1201 1928//1201 1929//1201
f 1930//1202 1931//1202 1932//1202
f 1932//1202 1931//1202 1933//1202
f 1932//1203 1933//1203 1934//1203
f 1934//1203 1933//1203 1935//1203
f 1934//1204 1935//1204 1936//1204
f 1936//1204 1935//1204 1937//1204
f 1938//1205 1939//1205 1940//1205
f 1940//1206 1939//1206 1941//1206
f 1940//1207 1941//1207 1942//1207
f 1942//1208 1941//1208 1943//1208
f 1942//1209 1943//1209 1944//1209
f 1944//1210 1943//1210 1945//1210
f 1944//1211 1945//1211 1946//1211
f 1946//1211 1945//1211 1947//1211
f 1946//1212 1947//1212 1948//1212
f 1948//1212 1947//1212 1949//1212
f 1948//1213 1949//1213 1950//1213
f 1950//1213 1949//1213 1951//1213
f 1950//1214 1951//1214 1952//1214
f 1952//1215 1951//1215 1953//1215
f 1952//1216 1953//1216 1954//1216
f 1954//1217 1953//1217 1955//1217
f 1954//1218 1955//1218 1956//1218
f 1956//1218 1955//1218 1957//1218
f 1956//1219 1957//1219 1958//1219
f 1958//1219 1957//1219 1959//1219
f 1958//1220 1959//1220 1960//1220
f 1960//1220 1959//1220 1961//1220
f 1960//1221 1961//1221 1962//1221
f 1962//1221 1961//1221 1963//1221
f 1962//1222 1963//1222 1964//1222
f 1938//1223 1965//1223 1966//1223
f 1966//1223 1965//1223 1967//1223
f 1966//1224 1967//1224 1968//1224
f 1968//1224 1967//1224 1969//1224
f 1968//1225 1969//1225 1970//1225
f 1970//1225 1969//1225 1971//1225
f 1972//1226 1973//1226 1974//1226
f 1974//1227 1973//1227 1975//1227
f 1974//1228 1975//1228 1976//1228
f 1976//1229 1975//1229 1977//1229
f 1976//1230 1977//1230 1978//1230
f 1978//1231 1977//1231 1979//1231
f 1978//1232 1979//1232 1980//1232
f 1980//1232 1979//1232 1981//1232
f 1980//1233 1981//1233 1982//1233
f 1982//1233 1981//1233 1983//1233
f 1982//1234 1983//1234 1984//1234
f 1984//1234 1983//1234 1985//1234
f 1984//1235 1985//1235 1986//1235
f 1986//1236 1985//1236 1987//1236
f 1986//1237 1987//1237 1988//1237
f 1988//1238 1987//1238 1989//1238
f 1988//1239 1989//1239 1990//1239
f 1990//1239 1989//1239 1991//1239
f 1990//1240 1991//1240 1992//1240
f 1992//1240 1991//1240 1993//1240
f 1992//1241 1993//1241 1994//1241
f 1994//1241 1993//1241 1995//1241
f 1994//1242 1995//1242 1996//1242
f 1972//1243 1997//1243 1998//1243
f 1998//1243 1997//1243 1999//1243
f 1998//1244 1999//1244 2000//1244
f 2000//1244 1999//1244 2001//1244
f 2000//1245 2001//1245 2002//1245
f 2002//1245 2001//1245 2003//1245
f 2004//1246 2005//1246 2006//1246
f 2006//1247 2005//1247 2007//1247
f 2006//1248 2007//1248 2008//1248
f 2008//1249 2007//1249 2009//1249
f 2008//1250 2009//1250 2010//1250
f 2010//1251 2009//1251 2011//1251
f 2010//1252 2011//1252 2012//1252
f 2012//1252 2011//1252 2013//1252
f 2012//1253 2013//1253 2014//1253
f 2014//1253 2013//1253 2015//1253
f 2014//1254 2015//1254 2016//1254
f 2016//1254 2015//1254 2017//1254
f 2016//1255 2017//1255 2018//1255
f 2018//1256 2017//1256 2019//1256
f 2018//1257 2019//1257 2020//1257
f 2020//1258 2019//1258 2021//1258
f 2020//1259 2021//1259 2022//1259
f 2022//1259 2021//1259 2023//1259
f 2022//1260 2023//1260 2024//1260
f 2024//1260 2023//1260 2025//1260
f 2024//1261 2025//1261 2026//1261
f 2004//1262 2027//1262 2028//1262
f 2028//1262 2027//1262 2029//1262
f 2028//1263 2029//1263 2030//1263
f 2030//1263 2029//1263 2031//1263
f 2030//1264 2031//1264 2032//1264
f 2032//1264 2031//1264 2033//1264
f 2034//1265 2035//1265 2036//1265
f 2036//1266 2035//1266 2037//1266
f 2036//1267 2037//1267 2038//1267
f 2038//1268 2037//1268 2039//1268
f 2038//1269 2039//1269 2040//1269
f 2034//1270 2041//1270 2042//1270
f 2042//1270 2041//1270 2028//1270
f 2042//1271 2028//1271 2043//1271
f 2043//1271 2028//1271 2030//1271
f 2043//1272 2030//1272 2044//1272
f 2044//1272 2030//1272 2032//1272
f 2035//1273 2045//1273 2037//1273
f 2037//1274 2045//1274 2046//1274
f 2037//1275 2046//1275 2039//1275
f 2035//1276 2034//1276 2047//1276
f 2047//1276 2034//1276 2042//1276
f 2047//1277 2042//1277 2048//1277
f 2048//1277 2042//1277 2043//1277
f 2048//1278 2043//1278 2049//1278
f 2049//1278 2043//1278 2044//1278
f 2046//1279 2045//1279 2050//1279
f 2050//1280 2045//1280 2051//1280
f 2050//1281 2051//1281 2052//1281
f 2052//1282 2051//1282 2053//1282
f 2052//1283 2053//1283 2054//1283
f 2054//1284 2053//1284 2055//1284
f 2045//1285 2035//1285 2056//1285
f 2056//1285 2035//1285 2047//1285
f 2056//1286 2047//1286 2057//1286
f 2057//1286 2047//1286 2048//1286
f 2057//1287 2048//1287 2058//1287
f 2058//1287 2048//1287 2049//1287
f 2059//1288 2060//1288 2061//1288
f 2059//1288 2061//1288 2052//1288
f 2052//1281 2061//1281 2050//1281
f 2062//1289 2063//1289 2064//1289
f 2062//1289 2064//1289 2065//1289
f 2066//1290 2067//1290 2068//1290
f 2068//1291 2067//1291 2069//1291
f 2066//1290 2068//1290 2070//1290
f 2071//1292 2072//1292 2073//1292
f 2074//1293 2071//1293 2073//1293
f 2074//1294 2073//1294 2075//1294
f 2076//1295 2077//1295 2078//1295
f 2078//1296 2077//1296 2079//1296
f 2078//1297 2079//1297 2080//1297
f 2080//1298 2079//1298 2081//1298
f 2080//1299 2081//1299 2082//1299
f 2082//1300 2081//1300 2083//1300
f 2082//1301 2083//1301 2084//1301
f 2084//1302 2083//1302 2085//1302
f 2084//1303 2085//1303 2086//1303
f 2086//1304 2085//1304 2087//1304
f 2086//1305 2087//1305 2088//1305
f 2088//1306 2087//1306 2089//1306
f 2088//1307 2089//1307 2090//1307
f 2090//1308 2089//1308 2091//1308
f 2092//1309 2093//1309 2094//1309
f 2094//1310 2093//1310 2095//1310
f 2096//1311 2097//1311 2098//1311
f 2098//1312 2097//1312 2099//1312
f 2100//1313 2101//1313 2102//1313
f 2100//1313 2102//1313 2103//1313
f 2104//1314 2105//1314 2106//1314
f 2104//1314 2106//1314 2107//1314
f 2108//1315 2109//1315 2110//1315
f 2110//1316 2109//1316 2111//1316
f 2110//1317 2111//1317 2112//1317
f 2112//1318 2111//1318 2113//1318
f 2112//1319 2113//1319 2114//1319
f 2109//1320 2108//1320 2115//1320
f 2115//1320 2108//1320 2116//1320
f 2115//1321 2116//1321 2117//1321
f 2117//1321 2116//1321 2118//1321
f 2117//1322 2118//1322 2119//1322
f 2119//1322 2118//1322 2120//1322
f 2119//1323 2120//1323 2121//1323
f 2121//1323 2120//1323 2122//1323
f 2121//1324 2122//1324 2123//1324
f 2123//1324 2122//1324 2124//1324
f 2123//1325 2124//1325 2125//1325
f 2125//1325 2124//1325 2126//1325
f 2125//1326 2126//1326 2127//1326
f 2127//1326 2126//1326 2128//1326
f 2127//1327 2128//1327 2129//1327
f 2129//1327 2128//1327 2130//1327
f 2129//1328 2130//1328 2131//1328
f 2131//1328 2130//1328 2132//1328
f 2131//1329 2132//1329 2133//1329
f 2133//1329 2132//1329 2134//1329
f 2133//1330 2134//1330 2135//1330
f 2135//1330 2134//1330 2136//1330
f 2135//1331 2136//1331 2137//1331
f 2137//1331 2136//1331 2138//1331
f 2137//1332 2138//1332 2139//1332
f 2139//1332 2138//1332 2140//1332
f 2139//1333 2140//1333 2141//1333
f 2142//1334 2143//1334 2144//1334
f 2144//1335 2143//1335 2145//1335
f 2142//1334 2144//1334 2146//1334
f 2147//1336 2148//1336 2149//1336
f 2149//1336 2148//1336 2150//1336
f 2149//1337 2150//1337 2151//1337
f 2151//1337 2150//1337 2152//1337
f 2151//1338 2152//1338 2153//1338
f 2154//1339 2147//1339 2155//1339
f 2155//1339 2147//1339 2149//1339
f 2155//1340 2149//1340 2156//1340
f 2156//1340 2149//1340 2151//1340
f 2156//1341 2151//1341 2157//1341
f 2157//1341 2151//1341 2153//1341
f 2157//1342 2153//1342 2158//1342
f 2159//1343 2160//1343 2161//1343
f 2161//1344 2160//1344 2162//1344
f 2161//1345 2162//1345 2163//1345
f 2163//1346 2162//1346 2164//1346
f 2163//1347 2164//1347 2165//1347
f 2165//1348 2164//1348 2166//1348
f 2165//1349 2166//1349 2167//1349
f 2167//1350 2166//1350 2168//1350
f 2160//1351 2154//1351 2169//1351
f 2169//1351 2154//1351 2155//1351
f 2169//1352 2155//1352 2170//1352
f 2170//1352 2155//1352 2156//1352
f 2170//1353 2156//1353 2171//1353
f 2171//1353 2156//1353 2157//1353
f 2171//1354 2157//1354 2172//1354
f 2172//1354 2157//1354 2158//1354
f 2172//1355 2158//1355 2173//1355
f 2174//1356 2175//1356 2176//1356
f 2177//1357 2174//1357 2176//1357
f 2177//1358 2176//1358 2178//1358
f 2179//1359 2180//1359 2181//1359
f 2181//1360 2180//1360 2182//1360
f 2181//1361 2182//1361 2183//1361
f 2183//1362 2182//1362 2184//1362
f 2183//1363 2184//1363 2185//1363
f 2185//1364 2184//1364 2186//1364
f 2185//1365 2186//1365 2187//1365
f 2187//1366 2186//1366 2188//1366
f 2187//1367 2188//1367 2189//1367
f 2189//1368 2188//1368 2190//1368
f 2191//1369 2192//1369 2193//1369
f 2193//1370 2192//1370 2194//1370
f 2193//1371 2194//1371 2195//1371
f 2195//1372 2194//1372 2196//1372
f 2197//1373 2198//1373 2192//1373
f 2192//1374 2198//1374 2194//1374
f 2197//1373 2192//1373 2199//1373
f 2199//1375 2192//1375 2191//1375
f 2200//1376 2201//1376 2202//1376
f 2200//1376 2202//1376 2203//1376
f 2204//1377 2205//1377 2206//1377
f 2204//1377 2206//1377 2207//1377
f 2191//1378 2193//1378 2208//1378
f 2208//1379 2193//1379 2209//1379
f 2208//1380 2209//1380 2210//1380
f 2210//1381 2209//1381 2211//1381
f 2210//1382 2211//1382 2212//1382
f 2209//1383 2193//1383 2195//1383
f 2213//1384 2214//1384 2195//1384
f 2195//1385 2214//1385 2209//1385
f 2214//1386 2211//1386 2209//1386
f 2215//1387 2216//1387 2217//1387
f 2217//1388 2216//1388 2218//1388
f 2217//1389 2218//1389 2219//1389
f 2219//1390 2218//1390 2220//1390
f 2219//1391 2220//1391 2221//1391
f 2221//1392 2220//1392 2222//1392
f 2221//1393 2222//1393 2223//1393
f 2223//1394 2222//1394 2224//1394
f 2223//1395 2224//1395 2225//1395
f 2225//1396 2224//1396 2226//1396
f 2227//1397 2228//1397 2229//1397
f 2230//1398 2231//1398 2232//1398
f 2230//1398 2232//1398 2233//1398
f 2234//1399 2235//1399 2236//1399
f 2234//1399 2236//1399 2237//1399
f 2216//1388 2238//1388 2218//1388
f 2218//1400 2238//1400 2239//1400
f 2218//1390 2239//1390 2220//1390
f 2220//1401 2239//1401 2240//1401
f 2220//1392 2240//1392 2222//1392
f 2222//1402 2240//1402 2241//1402
f 2222//1394 2241//1394 2224//1394
f 2224//1403 2241//1403 2242//1403
f 2224//1396 2242//1396 2226//1396
f 2226//1404 2242//1404 2243//1404
f 2244//1405 2230//1405 2233//1405
f 2244//1405 2233//1405 2245//1405
f 2246//1406 2234//1406 2237//1406
f 2246//1406 2237//1406 2247//1406
f 2248//1407 2249//1407 2239//1407
f 2239//1401 2249//1401 2240//1401
f 2241//1402 2240//1402 2250//1402
f 2250//1408 2240//1408 2249//1408
f 2244//1409 2245//1409 2251//1409
f 2251//1409 2245//1409 2252//1409
f 2251//1410 2252//1410 2253//1410
f 2253//1410 2252//1410 2254//1410
f 2253//1411 2254//1411 2255//1411
f 2255//1411 2254//1411 2256//1411
f 2255//1412 2256//1412 2257//1412
f 2257//1412 2256//1412 2258//1412
f 2257//1413 2258//1413 2259//1413
f 2259//1413 2258//1413 2260//1413
f 2259//1414 2260//1414 2261//1414
f 2261//1414 2260//1414 2262//1414
f 2261//1415 2262//1415 2263//1415
f 2263//1415 2262//1415 2264//1415
f 2263//1416 2264//1416 2265//1416
f 2265//1416 2264//1416 2266//1416
f 2265//1417 2266//1417 2267//1417
f 2267//1417 2266//1417 2268//1417
f 2267//1418 2268//1418 2269//1418
f 2269//1418 2268//1418 2270//1418
f 2269//1419 2270//1419 2271//1419
f 2271//1419 2270//1419 2272//1419
f 2271//1420 2272//1420 2273//1420
f 2273//1420 2272//1420 2274//1420
f 2275//1421 2276//1421 2277//1421
f 2277//1421 2276//1421 2278//1421
f 2277//1422 2278//1422 2279//1422
f 2279//1422 2278//1422 2280//1422
f 2279//1423 2280//1423 2281//1423
f 2281//1423 2280//1423 2282//1423
f 2281//1424 2282//1424 2283//1424
f 2283//1424 2282//1424 2284//1424
f 2283//1425 2284//1425 2285//1425
f 2285//1425 2284//1425 2286//1425
f 2285//1426 2286//1426 2287//1426
f 2287//1426 2286//1426 2288//1426
f 2287//1427 2288//1427 2289//1427
f 2289//1427 2288//1427 2290//1427
f 2289//1428 2290//1428 2291//1428
f 2291//1428 2290//1428 2292//1428
f 2291//1429 2292//1429 2293//1429
f 2293//1429 2292//1429 2294//1429
f 2293//1430 2294//1430 2295//1430
f 2295//1430 2294//1430 2296//1430
f 2295//1431 2296//1431 2297//1431
f 2297//1431 2296//1431 2298//1431
f 2297//1432 2298//1432 2299//1432
f 2299//1432 2298//1432 2300//1432
f 2301//1433 2302//1433 2303//1433
f 2304//1434 2305//1434 2306//1434
f 2306//1435 2305//1435 2307//1435
f 2308//1436 2304//1436 2309//1436
f 2309//1437 2304//1437 2306//1437
f 2310//1438 2308//1438 2309//1438
f 2311//1439 2312//1439 2313//1439
f 2313//1440 2312//1440 2314//1440
f 2313//1441 2314//1441 2315//1441
f 2315//1442 2314//1442 2316//1442
f 2315//1443 2316//1443 2317//1443
f 2317//1444 2316//1444 2318//1444
f 2317//1445 2318//1445 2319//1445
f 2319//1446 2318//1446 2320//1446
f 2319//1447 2320//1447 2321//1447
f 2312//1440 2322//1440 2314//1440
f 2314//1448 2322//1448 2323//1448
f 2314//1442 2323//1442 2316//1442
f 2316//1449 2323//1449 2324//1449
f 2316//1444 2324//1444 2318//1444
f 2318//1450 2324//1450 2325//1450
f 2318//1446 2325//1446 2320//1446
f 2322//1448 2326//1448 2323//1448
f 2323//1451 2326//1451 2327//1451
f 2323//1449 2327//1449 2324//1449
f 2324//1452 2327//1452 2328//1452
f 2324//1450 2328//1450 2325//1450
f 2326//1451 2329//1451 2327//1451
f 2327//1453 2329//1453 2330//1453
f 2327//1452 2330//1452 2328//1452
f 2331//1453 2330//1453 2329//1453
f 2332//1454 2333//1454 2334//1454
f 2335//1455 2336//1455 2337//1455
f 2335//1455 2337//1455 2338//1455
f 2339//1456 2340//1456 2341//1456
f 2341//1457 2340//1457 2342//1457
f 2341//1457 2342//1457 2343//1457
f 2343//1458 2342//1458 2344//1458
f 2343//1458 2344//1458 2345//1458
f 2346//1459 2347//1459 2348//1459
f 2348//1459 2347//1459 2332//1459
f 2348//1454 2332//1454 2334//1454
f 2335//1460 2338//1460 2349//1460
f 2349//1460 2338//1460 2350//1460
f 2351//1461 2352//1461 2353//1461
f 2342//1462 2340//1462 2354//1462
f 2344//1463 2342//1463 2355//1463
f 2355//1463 2342//1463 2354//1463
f 2355//1464 2354//1464 2356//1464
f 2357//1465 2358//1465 2359//1465
f 2359//1466 2358//1466 2360//1466
f 2359//1467 2360//1467 2361//1467
f 2361//1468 2360//1468 2362//1468
f 2361//1469 2362//1469 2363//1469
f 2363//1470 2362//1470 2364//1470
f 2363//1471 2364//1471 2365//1471
f 2365//1472 2364//1472 2366//1472
f 2365//1473 2366//1473 2367//1473
f 2367//1474 2366//1474 2368//1474
f 2367//1475 2368//1475 2369//1475
f 2369//1476 2368//1476 2370//1476
f 2369//1477 2370//1477 2371//1477
f 2371//1478 2370//1478 2372//1478
f 2373//1479 2374//1479 2375//1479
f 2375//1480 2374//1480 2376//1480
f 2377//1481 2378//1481 2379//1481
f 2380//1482 2381//1482 2382//1482
f 2383//1483 2384//1483 2385//1483
f 2383//1483 2385//1483 2386//1483
f 2387//1484 2388//1484 2389//1484
f 2389//1485 2388//1485 2390//1485
f 2389//1486 2390//1486 2391//1486
f 2391//1487 2390//1487 2392//1487
f 2391//1488 2392//1488 2393//1488
f 2393//1489 2392//1489 2394//1489
f 2393//1490 2394//1490 2395//1490
f 2395//1491 2394//1491 2396//1491
f 2395//1492 2396//1492 2397//1492
f 2397//1493 2396//1493 2398//1493
f 2397//1494 2398//1494 2399//1494
f 2399//1495 2398//1495 2400//1495
f 2399//1496 2400//1496 2401//1496
f 2401//1497 2400//1497 2402//1497
f 2403//1498 2404//1498 2405//1498
f 2405//1499 2404//1499 2406//1499
f 2407//1500 2383//1500 2386//1500
f 2407//1500 2386//1500 2408//1500
f 2409//1501 2410//1501 2390//1501
f 2390//1487 2410//1487 2392//1487
f 2394//1489 2392//1489 2411//1489
f 2411//1502 2392//1502 2410//1502
f 2403//1503 2405//1503 2412//1503
f 2413//1504 2414//1504 2415//1504
f 2415//1505 2414//1505 2416//1505
f 2413//1504 2415//1504 2417//1504
f 2407//1506 2408//1506 2418//1506
f 2418//1506 2408//1506 2419//1506
f 2418//1507 2419//1507 2420//1507
f 2420//1507 2419//1507 2421//1507
f 2420//1508 2421//1508 2422//1508
f 2422//1508 2421//1508 2423//1508
f 2422//1509 2423//1509 2424//1509
f 2424//1509 2423//1509 2425//1509
f 2424//1510 2425//1510 2426//1510
f 2426//1510 2425//1510 2427//1510
f 2426//1511 2427//1511 2428//1511
f 2428//1511 2427//1511 2429//1511
f 2428//1512 2429//1512 2430//1512
f 2430//1512 2429//1512 2431//1512
f 2430//1513 2431//1513 2432//1513
f 2433//1514 2409//1514 2434//1514
f 2435//1515 2436//1515 2437//1515
f 2437//1516 2436//1516 2411//1516
f 2438//1517 2413//1517 2417//1517
f 2438//1517 2417//1517 2439//1517
f 2440//1518 2435//1518 2441//1518
f 2441//1519 2435//1519 2437//1519
f 2442//1520 2438//1520 2439//1520
f 2442//1520 2439//1520 2443//1520
f 2444//1521 2440//1521 2445//1521
f 2445//1522 2440//1522 2441//1522
f 2446//1523 2442//1523 2443//1523
f 2446//1523 2443//1523 2447//1523
f 2448//1524 2444//1524 2449//1524
f 2449//1525 2444//1525 2445//1525
f 2450//1526 2446//1526 2447//1526
f 2450//1526 2447//1526 2451//1526
f 2452//1527 2448//1527 2449//1527
f 2453//1528 2450//1528 2451//1528
f 2453//1528 2451//1528 2454//1528
f 2455//1529 2456//1529 2457//1529
f 2457//1530 2456//1530 2458//1530
f 2457//1531 2458//1531 2459//1531
f 2459//1532 2458//1532 2460//1532
f 2459//1533 2460//1533 2461//1533
f 2461//1534 2460//1534 2462//1534
f 2461//1535 2462//1535 2463//1535
f 2463//1536 2462//1536 2464//1536
f 2453//1537 2454//1537 2465//1537
f 2465//1537 2454//1537 2466//1537
f 2465//1538 2466//1538 2467//1538
f 2467//1538 2466//1538 2468//1538
f 2467//1539 2468//1539 2469//1539
f 2469//1539 2468//1539 2470//1539
f 2469//1540 2470//1540 2471//1540
f 2471//1540 2470//1540 2472//1540
f 2471//1541 2472//1541 2473//1541
f 2473//1541 2472//1541 2474//1541
f 2473//1542 2474//1542 2475//1542
f 2475//1542 2474//1542 2476//1542
f 2475//1543 2476//1543 2477//1543
f 2477//1543 2476//1543 2478//1543
f 2477//1544 2478//1544 2479//1544
f 2479//1544 2478//1544 2480//1544
f 2456//1530 2481//1530 2458//1530
f 2458//1545 2481//1545 2482//1545
f 2458//1532 2482//1532 2460//1532
f 2460//1546 2482//1546 2483//1546
f 2460//1534 2483//1534 2462//1534
f 2462//1547 2483//1547 2484//1547
f 2462//1536 2484//1536 2464//1536
f 2464//1548 2484//1548 2485//1548
f 2481//1545 2486//1545 2482//1545
f 2482//1549 2486//1549 2487//1549
f 2482//1546 2487//1546 2483//1546
f 2483//1550 2487//1550 2488//1550
f 2483//1547 2488//1547 2484//1547
f 2484//1551 2488//1551 2489//1551
f 2484//1548 2489//1548 2485//1548
f 2485//1552 2489//1552 2490//1552
f 2486//1549 2491//1549 2487//1549
f 2487//1553 2491//1553 2492//1553
f 2487//1550 2492//1550 2488//1550
f 2488//1554 2492//1554 2493//1554
f 2488//1551 2493//1551 2489//1551
f 2489//1555 2493//1555 2494//1555
f 2489//1552 2494//1552 2490//1552
f 2490//1556 2494//1556 2495//1556
f 2491//1553 2496//1553 2492//1553
f 2492//1557 2496//1557 2497//1557
f 2492//1554 2497//1554 2493//1554
f 2493//1558 2497//1558 2498//1558
f 2493//1555 2498//1555 2494//1555
f 2494//1559 2498//1559 2499//1559
f 2494//1556 2499//1556 2495//1556
f 2495//1560 2499//1560 2500//1560
